"station","valid","tmpf","relh","solar","precip","speed","drct","et","soil04t","soil12t","soil24t","soil50t","soil12vwc","soil24vwc","soil50vwc"
"BOOI4","2018-05-21 00:00",56.39,99.1,0,0.010000001,7.0955734,79.27,7.8740157480315e-05,"63.175999999999917",61.7179999999999,58.406,52.088,36.9,20.7,27.4
"BOOI4","2018-05-21 01:00",56.156,99.8,0,0.020000001,6.898723,85,3.93700787401575e-05,"62.689999999999962",61.646,58.3699999999999,52.106,36.9,20.7,27.4
"BOOI4","2018-05-21 02:00",55.9039999999999,100,0,0.010000001,6.956883,72.11,0,"62.239999999999952",61.556,58.3519999999999,52.124,36.9,20.7,27.4
"BOOI4","2018-05-21 03:00",55.9759999999999,100,0,0.010000001,7.836001,76.06,0,"61.843999999999909",61.4659999999999,58.3339999999999,52.1419999999999,36.9,20.7,27.4
"BOOI4","2018-05-21 04:00",56.4259999999999,100,0,0,8.028378,85.6,0,"61.483999999999916",61.3579999999999,58.316,52.1779999999999,36.8,20.6,27.4
"BOOI4","2018-05-21 05:00",56.606,100,0,0,6.033027,71.22,0,"61.21399999999997",61.2499999999999,58.28,52.196,36.8,20.6,27.4
"BOOI4","2018-05-21 06:00",56.696,100,291.8182,0,5.7914376,77.9,0,"60.979999999999983",61.1599999999999,58.2619999999999,52.214,36.8,20.6,27.4
"BOOI4","2018-05-21 07:00",56.93,100,51016.365,0,6.46923,76.59,0.000236220472440945,"60.799999999999933",61.0519999999999,58.2439999999999,52.2319999999999,36.8,20.6,27.4
"BOOI4","2018-05-21 08:00",57.2359999999999,100,135472.73,0,6.039738,79.96,0.000826771653543307,"60.709999999999923",60.9439999999999,58.2079999999999,52.2499999999999,36.8,20.6,27.4
"BOOI4","2018-05-21 09:00",57.848,98.7,312745.48,0,5.440238,107.3,0.00196850393700787,"60.763999999999967",60.8359999999999,58.19,52.2679999999999,36.8,20.5,27.4
"BOOI4","2018-05-21 10:00",58.0279999999999,97.7,388545.44,0,2.9303913,109.2,0.00271653543307087,"60.997999999999962",60.7279999999999,58.1539999999999,52.2859999999999,36.8,20.5,27.4
"BOOI4","2018-05-21 11:00",59.18,96.4,601727.3,0,0.4518619,86.9,0.00440944881889764,"61.37599999999992",60.638,58.1359999999999,52.3039999999999,36.8,20.5,27.4
"BOOI4","2018-05-21 12:00",60.0439999999999,95,721000,0,0.8120092,62.48,0.00535433070866142,"62.095999999999982",60.548,58.1179999999999,52.322,36.7,20.5,27.4
"BOOI4","2018-05-21 13:00",61.5199999999999,94,809727.3,0,0.65542346,210.2,0.00614173228346457,"62.959999999999923",60.4759999999999,58.082,52.3399999999999,36.7,20.5,27.4
"BOOI4","2018-05-21 14:00",63.3919999999999,89.2,1091545.4,0,3.3397515,273.4,0.0078740157480315,"63.697999999999958",60.44,58.046,52.3579999999999,36.7,20.5,27.4
"BOOI4","2018-05-21 15:00",64.9939999999999,89.8,1122454.6,0,3.543313,285.2,0.00858267716535433,"64.885999999999896",60.422,58.0099999999999,52.3579999999999,36.7,20.5,27.4
"BOOI4","2018-05-21 16:00",65.1199999999999,88.6,778818.2,0,4.3419003,271.7,0.00645669291338583,"65.749999999999929",60.4039999999999,57.9919999999999,52.3939999999999,36.7,20.4,27.4
"BOOI4","2018-05-21 17:00",67.3519999999999,83.9,906545.5,0,3.834115,293.8,0.00728346456692913,"66.217999999999918",60.44,57.956,52.3939999999999,36.7,20.5,27.4
"BOOI4","2018-05-21 18:00",69.2599999999999,77.86,1377454.6,0,2.4897144,1.462,0.0101574803149606,"67.027999999999892",60.4939999999999,57.9199999999999,52.4119999999999,36.7,20.5,27.4
"BOOI4","2018-05-21 19:00",69.44,79.65,1052818.2,0,1.7694196,35.42,0.00728346456692913,"68.071999999999974",60.566,57.8839999999999,52.43,36.8,20.5,27.4
"BOOI4","2018-05-21 20:00",67.73,83.5,262936.4,0,2.1519363,34.85,0.00220472440944882,"68.449999999999932",60.656,57.8659999999999,52.448,36.8,20.5,27.4
"BOOI4","2018-05-21 21:00",65.1019999999999,88.3,37304.546,0,0.7516118,15.78,-0.000551181102362205,"67.891999999999925",60.746,57.848,52.448,36.8,20.5,27.4
"BOOI4","2018-05-21 22:00",63.0859999999999,92.1,0,0,1.3734812,23.59,-0.000984251968503937,"66.901999999999916",60.8539999999999,57.8119999999999,52.4659999999999,36.8,20.5,27.4
"BOOI4","2018-05-21 23:00",59.8279999999999,97.6,0,0,3.2435632,68.39,-0.000669291338582677,"65.929999999999978",60.9439999999999,57.7939999999999,52.4839999999999,36.8,20.4,27.4
"BOOI4","2018-05-22 00:00",60.872,98.7,0,0,2.3197067,101.6,-0.00094488188976378,"64.957999999999942",61.0339999999999,57.7759999999999,52.5019999999999,36.8,20.4,27.4
"BOOI4","2018-05-22 01:00",59.756,99.8,0,0,0.6934514,104.5,-0.00133858267716536,"64.147999999999954",61.0699999999999,57.7579999999999,52.5199999999999,36.8,20.4,27.4
"BOOI4","2018-05-22 02:00",59.3599999999999,100,0,0,0.7135839,135.5,-0.00133858267716536,"63.445999999999977",61.0699999999999,57.7579999999999,52.5199999999999,36.8,20.4,27.4
"BOOI4","2018-05-22 03:00",59.1259999999999,100,0,0,1.8767927,148.7,-0.00106299212598425,"62.779999999999973",61.0699999999999,57.7579999999999,52.538,36.8,20.4,27.4
"BOOI4","2018-05-22 04:00",57.398,100,0,0,0.008947761,131.8,-0.0015748031496063,"62.149999999999928",61.0339999999999,57.74,52.556,36.7,20.4,27.4
"BOOI4","2018-05-22 05:00",56.6599999999999,100,0,0,0.20132461,209.5,-0.00149606299212598,"61.519999999999897",60.9619999999999,57.74,52.556,36.8,20.4,27.4
"BOOI4","2018-05-22 06:00",58.946,100,10482.728,0.010000001,2.3152328,205.6,-0.00094488188976378,"61.159999999999911",60.89,57.74,52.5739999999999,36.8,20.3,27.4
"BOOI4","2018-05-22 07:00",59.0359999999999,100,263309.1,0,0.3511996,240.2,-0.000196850393700787,"M",60.7999999999999,57.74,52.5919999999999,36.8,20.3,27.4
"BOOI4","2018-05-22 08:00",61.0339999999999,100,460363.65,0,0.35343653,58.25,0.00244094488188976,"M",60.7099999999999,57.74,52.5919999999999,36.7,20.3,27.4
"BOOI4","2018-05-22 09:00",64.9579999999999,91,1406545.4,0,3.1831656,62.42,0.00818897637795276,"M",60.6199999999999,57.74,52.6099999999999,36.7,20.3,27.4
"BOOI4","2018-05-22 10:00",68.5039999999999,82.3,1853454.6,0,3.76477,71.09,0.0130314960629921,"M",60.548,57.722,52.6099999999999,36.7,20.3,27.4
"BOOI4","2018-05-22 11:00",70.5919999999999,77.68,1849909,0,3.3643577,134.5,0.0143700787401575,"M",60.4759999999999,57.722,52.6279999999999,36.7,20.3,27.4
"BOOI4","2018-05-22 12:00",71.114,80,1578545.4,0,6.3864636,160.2,0.0131889763779528,"M",60.44,57.722,52.6279999999999,36.7,20.3,27.4
"BOOI4","2018-05-22 13:00",72.806,76.09,1862545.5,0,6.484889,157.9,0.0153937007874016,"M",60.4759999999999,57.7039999999999,52.646,36.7,20.2,27.4
"BOOI4","2018-05-22 14:00",76.388,66.57,2932727.3,0,5.8943367,180.3,0.0244094488188976,"M",60.548,57.7039999999999,52.646,36.7,20.2,27.4
"BOOI4","2018-05-22 15:00",76.946,63.16,2981545.4,0,5.2411504,157.8,0.0255511811023622,"M",60.656,57.6859999999999,52.664,36.7,20.2,27.4
"BOOI4","2018-05-22 16:00",78.9439999999999,62.96,2471454.6,0,5.8272285,183.8,0.0229527559055118,"M",60.8359999999999,57.6679999999999,52.664,36.8,20.2,27.4
"BOOI4","2018-05-22 17:00",78.782,65.31,2087636.2,0,7.686126,165.5,0.0207086614173228,"146.38999999999999",61.0339999999999,57.6679999999999,52.682,36.8,20.2,27.4
"BOOI4","2018-05-22 18:00",78.6199999999999,64.89,1183272.7,0,7.8494225,157.1,0.0141732283464567,"161.90599999999989",61.3039999999999,57.6499999999999,52.682,36.8,20.2,27.4
"BOOI4","2018-05-22 19:00",76.6759999999999,66.27,761454.5,0,7.2611074,143.2,0.0107874015748031,"182.83999999999989",61.6279999999999,57.6499999999999,52.6999999999999,36.8,20.2,27.4
"BOOI4","2018-05-22 20:00",75.6859999999999,63.09,219709.09,0,7.1045218,153.4,0.00700787401574803,"183.9199999999999",61.9339999999999,57.6499999999999,52.6999999999999,36.9,20.2,27.4
"BOOI4","2018-05-22 21:00",74.2999999999999,70.8,15844.545,0,4.927979,148.7,0.00429133858267717,"120.74",62.24,57.6499999999999,52.7179999999999,36.9,20.2,27.4
"BOOI4","2018-05-22 22:00",73.238,71.37,0,0,5.2075963,133.9,0.00145669291338583,"103.9999999999999",62.4919999999999,57.6679999999999,52.7179999999999,36.9,20.2,27.4
"BOOI4","2018-05-22 23:00",70.88,79.81,0,0,4.6483617,140.4,0.000984251968503937,"83.605999999999966",62.7259999999999,57.6859999999999,52.7179999999999,36.9,20.2,27.4
"BOOI4","2018-05-23 00:00",70.538,80.8,0,0,4.775867,138.5,0.000748031496062992,"79.285999999999902",62.906,57.7039999999999,52.7359999999999,37,20.2,27.4
"BOOI4","2018-05-23 01:00",69.0079999999999,84,0,0,5.7332773,135,0.000748031496062992,"76.71199999999989",63.0319999999999,57.74,52.7359999999999,37,20.2,27.4
"BOOI4","2018-05-23 02:00",68.2339999999999,85.9,0,0,6.6168685,136.1,0.000669291338582677,"75.469999999999899",63.122,57.7939999999999,52.7539999999999,37,20.2,27.4
"BOOI4","2018-05-23 03:00",67.388,88,0,0,4.6684937,72.01,0.000196850393700787,"74.137999999999977",63.1759999999999,57.83,52.7539999999999,37,20.2,27.4
"BOOI4","2018-05-23 04:00",67.7119999999999,85.9,0,0,7.900872,83.2,0.000708661417322835,"73.201999999999913",63.1939999999999,57.8659999999999,52.772,37,20.2,27.4
"BOOI4","2018-05-23 05:00",66.848,88.4,0,0,7.4825644,113.8,0.00062992125984252,"72.031999999999954",63.2119999999999,57.9199999999999,52.772,37,20.1,27.4
"BOOI4","2018-05-23 06:00",64.7239999999999,92.4,3442.7273,0,8.137988,133.6,0.00031496062992126,"71.077999999999903",63.1939999999999,57.956,52.79,37,20.1,27.4
"BOOI4","2018-05-23 07:00",64.7779999999999,92.7,54600,0,5.1270666,110.5,0.00106299212598425,"70.105999999999966",63.1579999999999,58.0099999999999,52.79,37,20.1,27.4
"BOOI4","2018-05-23 08:00",67.046,87.4,484800,0,6.840563,82.4,0.00350393700787402,"69.781999999999954",63.122,58.046,52.8079999999999,37,20.1,27.4
"BOOI4","2018-05-23 09:00",68.522,85.9,1025727.3,0,7.3729544,92,0.00775590551181103,"69.67399999999995",63.0679999999999,58.0999999999999,52.8079999999999,36.9,20.1,27.4
"BOOI4","2018-05-23 10:00",71.0779999999999,80.5,1087818.1,0,9.131188,68.26,0.00948818897637795,"70.08799999999998",63.014,58.1359999999999,52.8079999999999,36.9,20.1,27.4
"BOOI4","2018-05-23 11:00",74.3359999999999,77.35,2457909.2,0,11.408394,86.6,0.0192913385826772,"71.257999999999939",62.9599999999999,58.172,52.8259999999999,36.9,20.1,27.4
"BOOI4","2018-05-23 12:00",78.44,69.09,2980636.5,0,10.421904,108.2,0.0248425196850394,"73.399999999999935",62.9419999999999,58.2079999999999,52.8259999999999,36.9,20.1,27.4
"BOOI4","2018-05-23 13:00",81.7699999999999,63.05,3175909.2,0,10.609806,142.3,0.0289370078740157,"74.46199999999989",62.9419999999999,58.2439999999999,52.8439999999999,36.9,20.1,27.4
"BOOI4","2018-05-23 14:00",84.0199999999999,61.05,3081454.6,0,11.231675,164,0.0309842519685039,"76.981999999999957",62.996,58.2619999999999,52.8619999999999,36.9,20.1,27.4
"BOOI4","2018-05-23 15:00",85.0999999999999,55.54,3144182,0,11.788673,152.7,0.0332677165354331,"79.177999999999898",63.122,58.298,52.8619999999999,37,20.1,27.4
"BOOI4","2018-05-23 16:00",86.3599999999999,44.85,2525454.3,0,12.063818,166,0.0311023622047244,"80.977999999999895",63.3019999999999,58.316,52.88,37,20.1,27.4
"BOOI4","2018-05-23 17:00",85.8019999999999,53.74,2047545.4,0,11.582875,160.7,0.0273228346456693,"81.949999999999932",63.5539999999999,58.3519999999999,52.88,37,20.1,27.4
"BOOI4","2018-05-23 18:00",85.3699999999999,52.29,1401272.7,0,11.20707,153.1,0.0224015748031496,"82.219999999999899",63.8239999999999,58.3699999999999,52.898,37,20.1,27.4
"BOOI4","2018-05-23 19:00",84.5599999999999,53.6,972454.5,0,10.462169,147.3,0.0180708661417323,"82.057999999999936",64.148,58.406,52.898,37.1,20.1,27.4
"BOOI4","2018-05-23 20:00",82.9759999999999,55.93,454800,0,11.450895,141.8,0.0141732283464567,"81.355999999999966",64.4539999999999,58.4239999999999,52.9159999999999,37.1,20.1,27.4
"BOOI4","2018-05-23 21:00",79.538,62.6,39946.365,0,10.531514,149.9,0.00960629921259843,"79.897999999999954",64.7419999999999,58.4779999999999,52.9339999999999,37.1,20.1,27.4
"BOOI4","2018-05-23 22:00",75.7039999999999,70.27,0,0,5.310496,142.3,0.00177165354330709,"78.421999999999969",64.9939999999999,58.514,52.9339999999999,37.2,20.1,27.4
"BOOI4","2018-05-23 23:00",74.246,73.19,0,0,5.480503,133.6,0.00133858267716536,"77.089999999999961",65.2099999999999,58.5499999999999,52.9519999999999,37.2,20.1,27.4
"BOOI4","2018-05-24 00:00",73.148,73.36,0,0,6.9233294,145.5,0.00149606299212598,"75.901999999999916",65.39,58.6039999999999,52.9519999999999,37.2,20.1,27.4
"BOOI4","2018-05-24 01:00",71.9779999999999,77.6,0,0,7.487038,155.5,0.00137795275590551,"74.839999999999961",65.5159999999999,58.6579999999999,52.9699999999999,37.2,20.1,27.4
"BOOI4","2018-05-24 02:00",70.6279999999999,79.71,0,0,5.7914376,145.4,0.000826771653543307,"73.867999999999924",65.588,58.7119999999999,52.988,37.2,20.1,27.4
"BOOI4","2018-05-24 03:00",69.53,84.6,0,0,4.9704804,157.4,0.000433070866141732,"73.003999999999891",65.6419999999999,58.7839999999999,52.988,37.2,20.1,27.4
"BOOI4","2018-05-24 04:00",68.4319999999999,86.8,0,0,3.8810909,142.5,0,"72.229999999999976",65.6419999999999,58.856,53.006,37.2,20.1,27.4
"BOOI4","2018-05-24 05:00",67.7119999999999,89.7,0,0,4.5320406,137.1,0,"71.527999999999892",65.624,58.9099999999999,53.0239999999999,37.2,20.1,27.4
"BOOI4","2018-05-24 06:00",66.6859999999999,92.2,8821.819,0,4.350848,137.6,-0.00015748031496063,"70.843999999999909",65.606,58.9819999999999,53.0239999999999,37.2,20.1,27.4
"BOOI4","2018-05-24 07:00",68.5039999999999,88.5,259754.55,0,5.6885386,131.9,0.000984251968503937,"70.285999999999902",65.5339999999999,59.0539999999999,53.0419999999999,37.1,20.1,27.4
"BOOI4","2018-05-24 08:00",72.0499999999999,82.5,772909.1,0,8.363919,152.2,0.00582677165354331,"70.123999999999953",65.48,59.1079999999999,53.0599999999999,37.1,20.1,27.4
"BOOI4","2018-05-24 09:00",76.388,73.23,1460727.2,0,9.804508,172.2,0.0129527559055118,"70.591999999999928",65.4079999999999,59.1619999999999,53.0779999999999,37.2,20.1,27.4
"BOOI4","2018-05-24 10:00",80.0239999999999,61.66,2114181.6,0,10.86258,189.4,0.0209448818897638,"71.833999999999932",65.3179999999999,59.2339999999999,53.096,37.2,20.1,27.4
"BOOI4","2018-05-24 11:00",82.2739999999999,56.26,2701545.4,0,12.057106,198.4,0.0280708661417323,"73.597999999999956",65.246,59.2699999999999,53.096,37.1,20.1,27.5
"BOOI4","2018-05-24 12:00",85.388,50.35,3107272.7,0,14.428263,190.1,0.0355118110236221,"75.865999999999943",65.2099999999999,59.3239999999999,53.114,37.1,20.1,27.5
"BOOI4","2018-05-24 13:00",85.9099999999999,46.3,3231818,0,14.649719,178.4,0.038503937007874,"78.025999999999925",65.2279999999999,59.3779999999999,53.1319999999999,37.1,20.1,27.5
"BOOI4","2018-05-24 14:00",87.782,45.09,3232272.7,0,15.430411,178.7,0.0411811023622047,"80.167999999999921",65.282,59.414,53.1319999999999,37.2,20.1,27.5
"BOOI4","2018-05-24 15:00",87.98,43.76,3200000,0,16.437035,174,0.0422047244094488,"81.895999999999987",65.4079999999999,59.4499999999999,53.1499999999999,37.1,20.1,27.5
"BOOI4","2018-05-24 16:00",88.9339999999999,37.97,2782454.6,0,15.859905,183.4,0.0403149606299213,"83.353999999999886",65.588,59.4859999999999,53.1679999999999,37.2,20.1,27.5
"BOOI4","2018-05-24 17:00",88.556,43.76,1988545.5,0,16.193209,187.3,0.0353149606299213,"84.145999999999987",65.822,59.522,53.1859999999999,37.2,20.1,27.5
"BOOI4","2018-05-24 18:00",88.322,43.08,1760818.1,0,17.501818,185.3,0.0336614173228346,"84.451999999999913",66.0919999999999,59.5579999999999,53.2039999999999,37.2,20.1,27.5
"BOOI4","2018-05-24 19:00",86.4679999999999,48.84,968000,0,17.91789,183.3,0.0272047244094488,"84.145999999999987",66.3619999999999,59.5939999999999,53.222,37.2,20.1,27.5
"BOOI4","2018-05-24 20:00",82.9579999999999,56.8,336390.9,0,14.376814,177.1,0.0168897637795276,"83.047999999999959",66.6319999999999,59.63,53.24,37.3,20.1,27.5
"BOOI4","2018-05-24 21:00",79.898,62.76,31550.909,0,10.005833,173.9,0.00921259842519685,"81.697999999999965",66.8839999999999,59.6659999999999,53.2579999999999,37.3,20.1,27.4
"BOOI4","2018-05-24 22:00",77.8999999999999,65.06,0,0,10.061756,179.5,0.00330708661417323,"80.32999999999997",67.1179999999999,59.7199999999999,53.2759999999999,37.3,20.1,27.4
"BOOI4","2018-05-24 23:00",75.1099999999999,71.31,0,0,6.5743666,193.1,0.00200787401574803,"78.979999999999976",67.298,59.7739999999999,53.2939999999999,37.3,20.1,27.4
"BOOI4","2018-05-25 00:00",73.5619999999999,76.72,0,0,3.7714808,186.5,0.000708661417322835,"77.809999999999917",67.4239999999999,59.8279999999999,53.3119999999999,37.4,20.1,27.4
"BOOI4","2018-05-25 01:00",73.2919999999999,78.17,0,0,5.375367,186.1,0.00094488188976378,"76.855999999999966",67.532,59.8999999999999,53.33,37.4,20.1,27.4
"BOOI4","2018-05-25 02:00",71.5099999999999,82.7,0,0,6.3708053,195.6,0.000866141732283465,"75.973999999999947",67.5859999999999,59.972,53.348,37.4,20.1,27.4
"BOOI4","2018-05-25 03:00",70.2499999999999,86.5,0,0,4.731128,190.5,0.000275590551181102,"75.145999999999987",67.6039999999999,60.0259999999999,53.3659999999999,37.4,20.1,27.4
"BOOI4","2018-05-25 04:00",69.3679999999999,87.5,0,0,5.9949994,187.1,0.000275590551181102,"74.407999999999944",67.6039999999999,60.098,53.3839999999999,37.4,20.1,27.4
"BOOI4","2018-05-25 05:00",68.738,86.3,0,0,6.466994,213.2,0.000354330708661417,"73.669999999999888",67.5679999999999,60.1699999999999,53.4019999999999,37.3,20.1,27.4
"BOOI4","2018-05-25 06:00",66.1099999999999,91.8,5820,0,4.209921,198.3,-3.93700787401575e-05,"72.949999999999932",67.514,60.2419999999999,53.4199999999999,37.3,20.1,27.4
"BOOI4","2018-05-25 07:00",69.3679999999999,84.7,320763.64,0,4.737839,192.1,0.00141732283464567,"72.33799999999998",67.4599999999999,60.296,53.4199999999999,37.3,20.1,27.4
"BOOI4","2018-05-25 08:00",70.988,81.6,469454.53,0,7.4221673,190.1,0.00496062992125984,"72.067999999999913",67.3699999999999,60.3679999999999,53.456,37.3,20.1,27.4
"BOOI4","2018-05-25 09:00",73.7599999999999,76.59,1167727.3,0,9.954383,192.9,0.0106299212598425,"72.175999999999917",67.28,60.422,53.4739999999999,37.3,20.1,27.4
"BOOI4","2018-05-25 10:00",76.406,74.57,1759272.7,0,11.383788,213.8,0.016259842519685,"72.895999999999987",67.19,60.4759999999999,53.4919999999999,37.3,20.1,27.4
"BOOI4","2018-05-25 11:00",80.0239999999999,66.36,2590090.8,0,10.370454,214.9,0.0235826771653543,"74.335999999999899",67.0999999999999,60.53,53.5099999999999,37.3,20.1,27.4
"BOOI4","2018-05-25 12:00",82.364,60.88,3031818.4,0,10.07294,207.6,0.0289763779527559,"76.351999999999904",67.0279999999999,60.5839999999999,53.5279999999999,37.3,20.1,27.4
"BOOI4","2018-05-25 13:00",85.7119999999999,55.75,3441818.4,0,9.504758,210.1,0.0342125984251968,"78.907999999999944",67.0099999999999,60.638,53.564,37.3,20.1,27.4
"BOOI4","2018-05-25 14:00",85.856,54.38,3300000,0,9.954383,192.5,0.0340157480314961,"81.373999999999953",67.046,60.656,53.564,37.3,20.1,27.4
"BOOI4","2018-05-25 15:00",87.9619999999999,51.3,2591272.7,0,9.258695,212.5,0.0301574803149606,"83.46199999999989",67.1179999999999,60.6919999999999,53.582,37.3,20,27.3
"BOOI4","2018-05-25 16:00",90.212,45.41,2894182,0,9.52489,210.5,0.0338188976377953,"85.081999999999951",67.28,60.7279999999999,53.5999999999999,37.3,20,27.4
"BOOI4","2018-05-25 17:00",90.374,44.14,2125454.6,0,10.719416,205.6,0.0303149606299213,"86.341999999999928",67.496,60.764,53.6359999999999,37.3,20,27.4
"BOOI4","2018-05-25 18:00",90.914,44.72,1399363.6,0,10.399534,214,0.0251968503937008,"86.827999999999903",67.748,60.7819999999999,53.6539999999999,37.4,20,27.4
"BOOI4","2018-05-25 19:00",79.556,65.27,639636.35,0,8.269967,81.7,0.0119291338582677,"85.495999999999981",68.0359999999999,60.8179999999999,53.672,37.4,20,27.4
"BOOI4","2018-05-25 20:00",76.064,76.87,251654.54,0.030000001,10.245185,125.9,0.00724409448818898,"84.127999999999901",68.3239999999999,60.872,53.69,37.4,20,27.4
"BOOI4","2018-05-25 21:00",76.64,75.16,66296.364,0.010000001,6.9479356,144.5,0.0031496062992126,"82.489999999999952",68.5939999999999,60.9079999999999,53.7259999999999,37.4,20,27.4
"BOOI4","2018-05-25 22:00",75.8659999999999,76.31,5.4545454,0.05,6.196324,124.6,0.00133858267716536,"80.779999999999973",68.8279999999999,60.9439999999999,53.7439999999999,37.5,20,27.4
"BOOI4","2018-05-25 23:00",75.4519999999999,82.6,0,0,8.325891,151,0.00177165354330709,"79.357999999999933",68.99,60.998,53.7619999999999,37.4,20,27.4
"BOOI4","2018-05-26 00:00",71.564,91,0,0,4.223343,122.3,0.000433070866141732,"77.95399999999988",69.098,61.0519999999999,53.798,37.4,20,27.4
"BOOI4","2018-05-26 01:00",71.0419999999999,91.5,0,0,1.9707441,15.62,-0.000118110236220472,"76.783999999999921",69.1519999999999,61.124,53.816,37.4,20,27.4
"BOOI4","2018-05-26 02:00",69.206,94.4,0,0,0.51002234,59.66,-0.000511811023622047,"75.70399999999988",69.1519999999999,61.1779999999999,53.8339999999999,37.4,20,27.4
"BOOI4","2018-05-26 03:00",68.0179999999999,95.3,0,0,3.68424,83.2,-0.000196850393700787,"74.677999999999898",69.1339999999999,61.2499999999999,53.8519999999999,37.4,20,27.4
"BOOI4","2018-05-26 04:00",67.964,95.9,0,0,5.3552346,120,-3.93700787401575e-05,"73.741999999999933",69.08,61.322,53.888,37.4,20,27.4
"BOOI4","2018-05-26 05:00",67.172,97.7,0,0,5.1539097,152.6,-7.8740157480315e-05,"72.931999999999945",68.99,61.3759999999999,53.906,37.4,20,27.4
"BOOI4","2018-05-26 06:00",66.0739999999999,98.7,11580,0,3.5746303,159.5,-0.000236220472440945,"72.175999999999917",68.8819999999999,61.448,53.9239999999999,37.4,20,27.4
"BOOI4","2018-05-26 07:00",68.0539999999999,96.5,316736.4,0,0.8634589,161.6,0.000511811023622047,"71.545999999999978",68.756,61.5019999999999,53.9599999999999,37.4,20,27.5
"BOOI4","2018-05-26 08:00",73.0759999999999,86.4,868363.65,0,5.413395,198.1,0.00547244094488189,"71.32999999999997",68.63,61.556,53.9599999999999,37.3,20,27.5
"BOOI4","2018-05-26 09:00",78.1699999999999,71.15,1511181.8,0,4.39335,196.5,0.0120866141732284,"71.869999999999891",68.4859999999999,61.6099999999999,53.996,37.3,20,27.5
"BOOI4","2018-05-26 10:00",84.272,58.01,2143272.7,0,1.2996621,244.4,0.0178740157480315,"73.471999999999966",68.3419999999999,61.664,54.0319999999999,37.4,20,27.5
"BOOI4","2018-05-26 11:00",88.2859999999999,48.28,2673363.8,0,2.5277421,296,0.0245275590551181,"75.811999999999884",68.2159999999999,61.6999999999999,54.0319999999999,37.3,20,27.5
"BOOI4","2018-05-26 12:00",90.9499999999999,40.04,3084545.4,0,3.1675072,288.5,0.0303149606299213,"78.871999999999971",68.1259999999999,61.7359999999999,54.0679999999999,37.3,20,27.5
"BOOI4","2018-05-26 13:00",93.2179999999999,32.34,3245454.6,0,3.456072,308.5,0.0331102362204724,"82.003999999999891",68.09,61.772,54.0859999999999,37.3,20,27.5
"BOOI4","2018-05-26 14:00",95.414,27.16,2691000,0,6.8853016,296.1,0.0347244094488189,"84.595999999999989",68.1439999999999,61.8079999999999,54.1039999999999,37.3,20,27.5
"BOOI4","2018-05-26 15:00",96.1519999999999,25.7,2757727.3,0,3.836352,231.2,0.0309448818897638,"86.629999999999981",68.2519999999999,61.8259999999999,54.14,37.4,20,27.5
"BOOI4","2018-05-26 16:00",97.322,22.91,2971545.4,0,4.8273163,310.3,0.0343700787401575,"88.609999999999914",68.4319999999999,61.8439999999999,54.1579999999999,37.3,20,27.5
"BOOI4","2018-05-26 17:00",97.448,19.9,2471272.7,0,5.616956,302.9,0.0318110236220472,"90.265999999999948",68.6659999999999,61.8619999999999,54.1759999999999,37.4,20,27.5
"BOOI4","2018-05-26 18:00",97.6279999999999,20.79,1780545.4,0,4.945874,276.9,0.0247637795275591,"91.129999999999981",68.9359999999999,61.898,54.2119999999999,37.4,20,27.5
"BOOI4","2018-05-26 19:00",94.19,33.19,1003818.2,0,5.0062714,61.9,0.0175590551181102,"90.733999999999924",69.2599999999999,61.9159999999999,54.23,37.4,20,27.5
"BOOI4","2018-05-26 20:00",91.0399999999999,41.77,504636.35,0,5.2389135,103.8,0.0114173228346457,"89.869999999999891",69.5839999999999,61.9519999999999,54.2659999999999,37.5,20,27.5
"BOOI4","2018-05-26 21:00",86.306,47.68,71695.46,0,2.1340408,104.2,0.00161417322834646,"87.907999999999944",69.89,61.988,54.2839999999999,37.5,20,27.5
"BOOI4","2018-05-26 22:00",83.9659999999999,41.11,25.454545,0,0.9551734,46.91,-0.00031496062992126,"85.819999999999894",70.1599999999999,62.0239999999999,54.3199999999999,37.5,20,27.5
"BOOI4","2018-05-26 23:00",82.9939999999999,42.96,0,0,0.1342164,51.01,-0.00181102362204724,"84.019999999999897",70.4119999999999,62.0779999999999,54.338,37.6,20,27.5
"BOOI4","2018-05-27 00:00",78.0259999999999,53.96,0,0,0.7135839,59.52,-0.00078740157480315,"82.309999999999917",70.5739999999999,62.114,54.356,37.6,20,27.5
"BOOI4","2018-05-27 01:00",76.064,66.38,0,0,1.2772927,63.22,-0.000196850393700787,"80.815999999999946",70.6819999999999,62.1679999999999,54.3919999999999,37.6,20,27.5
"BOOI4","2018-05-27 02:00",70.8619999999999,78.39,0,0,1.3734812,119.4,-0.000393700787401575,"79.447999999999965",70.7359999999999,62.2579999999999,54.4099999999999,37.6,20,27.5
"BOOI4","2018-05-27 03:00",69.4759999999999,76.68,0,0,2.872231,216.6,7.8740157480315e-05,"78.223999999999947",70.7539999999999,62.3119999999999,54.4279999999999,37.6,20,27.5
"BOOI4","2018-05-27 04:00",70.9699999999999,73.21,0,0,4.319531,238.4,0.00078740157480315,"77.179999999999978",70.7179999999999,62.3839999999999,54.464,37.6,20,27.5
"BOOI4","2018-05-27 05:00",68.5579999999999,79.4,0,0,4.368744,209.4,0.000826771653543307,"76.189999999999955",70.646,62.456,54.4819999999999,37.6,20,27.5
"BOOI4","2018-05-27 06:00",69.4759999999999,78.88,11924.546,0,4.5633574,230.2,0.00062992125984252,"75.325999999999922",70.538,62.5279999999999,54.5179999999999,37.5,20,27.5
"BOOI4","2018-05-27 07:00",73.0759999999999,71.89,306409.1,0,3.2100089,252.7,0.00188976377952756,"74.623999999999953",70.43,62.582,54.5359999999999,37.5,20,27.5
"BOOI4","2018-05-27 08:00",81.7519999999999,59.07,883090.94,0,1.1251808,203.2,0.00622047244094488,"74.443999999999903",70.3039999999999,62.6539999999999,54.572,37.5,20,27.5
"BOOI4","2018-05-27 09:00",88.2859999999999,48.01,1549181.9,0,2.7760427,302.1,0.0146062992125984,"75.235999999999905",70.1419999999999,62.7079999999999,54.5899999999999,37.5,20,27.5
"BOOI4","2018-05-27 10:00",92.624,39.15,2109090.8,0,0.9909644,55.75,0.0187795275590551,"77.215999999999937",70.0159999999999,62.7619999999999,54.6079999999999,37.5,19.9,27.5
"BOOI4","2018-05-27 11:00",96.062,27.2,2493454.3,0,1.8812666,302.9,0.024488188976378,"79.969999999999899",69.89,62.816,54.6439999999999,37.4,19.9,27.5
"BOOI4","2018-05-27 12:00",95.7199999999999,33.41,2580454.6,0,4.3441377,237.3,0.03,"82.543999999999912",69.7999999999999,62.8519999999999,54.6619999999999,37.4,19.9,27.5
"BOOI4","2018-05-27 13:00",97.2859999999999,26.18,2913182,0,5.0733795,205.9,0.0345275590551181,"85.027999999999892",69.782,62.888,54.698,37.4,19.9,27.5
"BOOI4","2018-05-27 14:00",97.5919999999999,29.05,2903454.6,0,4.66402,209.5,0.0340944881889764,"87.295999999999978",69.8359999999999,62.9239999999999,54.7159999999999,37.4,19.9,27.5
"BOOI4","2018-05-27 15:00",99.464,29.99,2874454.6,0,3.9258296,248,0.0327952755905512,"89.599999999999937",69.98,62.9599999999999,54.7339999999999,37.5,19.9,27.5
"BOOI4","2018-05-27 16:00",98.69,28.6,2249182,0,4.4895387,245.6,0.0286614173228346,"91.273999999999944",70.1599999999999,62.996,54.7699999999999,37.5,19.9,27.5
"BOOI4","2018-05-27 17:00",96.2419999999999,32.7,1250454.5,0,6.466994,103.5,0.0232283464566929,"91.687999999999874",70.4119999999999,63.014,54.788,37.5,19.9,27.5
"BOOI4","2018-05-27 18:00",96.872,32.25,1269363.6,0,8.952233,117.8,0.0266141732283465,"91.471999999999966",70.6999999999999,63.0499999999999,54.8239999999999,37.6,19.9,27.5
"BOOI4","2018-05-27 19:00",93.812,36.57,388681.82,0,6.153822,141.8,0.0152362204724409,"90.517999999999915",71.006,63.0679999999999,54.8419999999999,37.6,19.9,27.5
"BOOI4","2018-05-27 20:00",90.2839999999999,43,115563.64,0,2.7380145,168,0.00622047244094488,"88.987999999999985",71.3119999999999,63.1039999999999,54.8779999999999,37.6,19.9,27.5
"BOOI4","2018-05-27 21:00",84.2179999999999,52.62,24089.09,0,5.0800905,254.2,0.00748031496062992,"87.223999999999947",71.582,63.14,54.896,37.6,19.9,27.5
"BOOI4","2018-05-27 22:00",85.6579999999999,51.21,0,0,4.4179564,145.5,0.00377952755905512,"85.801999999999907",71.798,63.1939999999999,54.932,37.6,19.9,27.5
"BOOI4","2018-05-27 23:00",82.8499999999999,56.56,0,0,0.84780025,172.9,0.000905511811023622,"84.379999999999981",71.9779999999999,63.248,54.9499999999999,37.6,19.9,27.5
"BOOI4","2018-05-28 00:00",81.338,61.72,0,0,2.4852402,143,0.00208661417322835,"83.191999999999936",72.1039999999999,63.3019999999999,54.9859999999999,37.7,19.9,27.5
"BOOI4","2018-05-28 01:00",78.44,68.26,0,0,2.5187945,159,0.00173228346456693,"82.057999999999936",72.1759999999999,63.374,55.0039999999999,37.7,19.9,27.5
"BOOI4","2018-05-28 02:00",75.3619999999999,74.77,0,0,2.7313037,188,0.00137795275590551,"80.995999999999981",72.2119999999999,63.4279999999999,55.04,37.7,19.9,27.5
"BOOI4","2018-05-28 03:00",74.84,79.13,0,0,3.281591,192.7,0.00125984251968504,"80.077999999999903",72.2119999999999,63.4999999999999,55.0579999999999,37.6,19.9,27.5
"BOOI4","2018-05-28 04:00",75.596,76.98,0,0,4.362033,230.7,0.00145669291338583,"79.267999999999915",72.1759999999999,63.572,55.0939999999999,37.6,19.9,27.5
"BOOI4","2018-05-28 05:00",74.6419999999999,73.93,0,0,5.7690682,250.9,0.00165354330708661,"78.4939999999999",72.122,63.6439999999999,55.1119999999999,37.6,19.9,27.5
"BOOI4","2018-05-28 06:00",72.9319999999999,76.88,6232.7275,0,4.878766,260.6,0.0015748031496063,"77.719999999999899",72.032,63.698,55.13,37.6,19.9,27.5
"BOOI4","2018-05-28 07:00",73.6699999999999,76.35,172036.36,0,4.136102,249.6,0.00200787401574803,"77.035999999999902",71.9599999999999,63.7699999999999,55.1659999999999,37.6,19.9,27.6
"BOOI4","2018-05-28 08:00",81.7159999999999,57.78,786454.5,0,4.3441377,252.9,0.00803149606299213,"76.765999999999948",71.8519999999999,63.8239999999999,55.1839999999999,37.6,19.9,27.6
"BOOI4","2018-05-28 09:00",84.4339999999999,55.67,1300363.6,0,7.0463614,285.9,0.0163385826771654,"77.12599999999992",71.7259999999999,63.896,55.2199999999999,37.6,19.9,27.6
"BOOI4","2018-05-28 10:00",89.996,41.48,2071000,0,4.6796784,342.1,0.0222834645669291,"78.385999999999896",71.5999999999999,63.932,55.238,37.6,19.9,27.6
"BOOI4","2018-05-28 11:00",92.822,36.46,2612182,0,5.0689063,25.19,0.029251968503937,"80.545999999999978",71.4919999999999,63.9859999999999,55.2739999999999,37.5,19.9,27.6
"BOOI4","2018-05-28 12:00",94.3519999999999,36.79,3037273,0,8.639062,78.47,0.0378740157480315,"83.065999999999946",71.4199999999999,64.022,55.2919999999999,37.5,19.9,27.6
"BOOI4","2018-05-28 13:00",95.5939999999999,35.61,3116363.5,0,6.581077,110.6,0.0370866141732284,"85.693999999999903",71.3839999999999,64.0759999999999,55.3279999999999,37.5,19.9,27.6
"BOOI4","2018-05-28 14:00",95.2699999999999,36.44,2465727.3,0,5.932365,137.4,0.031496062992126,"88.033999999999921",71.4199999999999,64.1119999999999,55.346,37.5,19.8,27.6
"BOOI4","2018-05-28 15:00",93.4339999999999,37.86,957727.23,0,5.9144692,145.9,0.0193307086614173,"88.91599999999994",71.5279999999999,64.148,55.3819999999999,37.5,19.8,27.6
"BOOI4","2018-05-28 16:00",83.606,44.67,532090.9,0,14.26273,115.4,0.0249212598425197,"87.745999999999981",71.7079999999999,64.1659999999999,55.4179999999999,37.6,19.8,27.6
"BOOI4","2018-05-28 17:00",85.172,53.7,1059091,0,10.377165,104,0.0195275590551181,"86.593999999999909",71.906,64.2019999999999,55.4359999999999,37.6,19.8,27.6
"BOOI4","2018-05-28 18:00",88.2679999999999,34.34,925454.6,0,12.958594,151.1,0.0239763779527559,"86.143999999999906",72.0859999999999,64.238,55.472,37.6,19.8,27.6
"BOOI4","2018-05-28 19:00",81.914,62.04,382454.56,0,6.2746167,106.7,0.0123622047244095,"85.315999999999946",72.2659999999999,64.256,55.49,37.6,19.8,27.6
"BOOI4","2018-05-28 20:00",82.0039999999999,56.54,178163.67,0,2.5814288,82.8,0.00417322834645669,"84.41599999999994",72.4279999999999,64.2919999999999,55.5259999999999,37.6,19.8,27.6
"BOOI4","2018-05-28 21:00",79.8079999999999,59.61,33242.73,0,2.6418262,182.5,0.0028740157480315,"83.425999999999917",72.5359999999999,64.3279999999999,55.5439999999999,37.6,19.8,27.6
"BOOI4","2018-05-28 22:00",78.3679999999999,63.68,0,0,0.33106712,135.7,0.000196850393700787,"82.291999999999931",72.6079999999999,64.364,55.58,37.6,19.8,27.6
"BOOI4","2018-05-28 23:00",74.732,77.48,0,0,4.2367644,78.85,0.00153543307086614,"81.157999999999944",72.6619999999999,64.4179999999999,55.598,37.6,19.8,27.6
"BOOI4","2018-05-29 00:00",73.9759999999999,76.98,0,0,4.652835,84.4,0.00133858267716536,"80.131999999999948",72.6619999999999,64.472,55.6339999999999,37.6,19.8,27.6
"BOOI4","2018-05-29 01:00",72.338,83.7,0,0,1.1878152,193.8,0.000433070866141732,"79.141999999999925",72.6619999999999,64.5079999999999,55.6699999999999,37.6,19.8,27.6
"BOOI4","2018-05-29 02:00",72.1039999999999,83.9,0,0,0.9797797,18.49,0.000275590551181102,"78.223999999999947",72.6079999999999,64.5619999999999,55.706,37.6,19.8,27.6
"BOOI4","2018-05-29 03:00",67.874,90.3,0,0,1.5054606,53.23,0.000275590551181102,"77.323999999999941",72.5359999999999,64.6159999999999,55.7239999999999,37.6,19.8,27.6
"BOOI4","2018-05-29 04:00",67.4239999999999,89.1,0,0,3.724505,67.25,0.000393700787401575,"76.495999999999981",72.446,64.6519999999999,55.7599999999999,37.5,19.8,27.6
"BOOI4","2018-05-29 05:00",68.972,87.2,0,0,2.3219438,67.42,0.000393700787401575,"75.739999999999952",72.338,64.706,55.7779999999999,37.5,19.8,27.6
"BOOI4","2018-05-29 06:00",68.1439999999999,86.3,11396.364,0,3.3822532,77.09,0.000590551181102362,"75.00199999999991",72.2119999999999,64.7419999999999,55.796,37.6,19.8,27.6
"BOOI4","2018-05-29 07:00",72.1039999999999,81.5,283827.27,0,3.348699,98.8,0.00137795275590551,"74.46199999999989",72.0679999999999,64.796,55.832,37.5,19.7,27.6
"BOOI4","2018-05-29 08:00",77.0179999999999,73.95,829818.2,0,4.281503,131,0.00677165354330709,"74.29999999999994",71.9239999999999,64.814,55.8679999999999,37.5,19.7,27.6
"BOOI4","2018-05-29 09:00",82.9039999999999,64.68,1460727.2,0,5.2993107,155.8,0.0138188976377953,"74.911999999999892",71.7619999999999,64.8499999999999,55.8859999999999,37.5,19.7,27.6
"BOOI4","2018-05-29 10:00",86.3419999999999,51.25,2087818.4,0,6.628053,199.5,0.0222834645669291,"76.369999999999891",71.6179999999999,64.8859999999999,55.922,37.5,19.7,27.6
"BOOI4","2018-05-29 11:00",87.8179999999999,55.04,2590454.6,0,6.6616073,195,0.0273622047244095,"78.385999999999896",71.4739999999999,64.9039999999999,55.9579999999999,37.4,19.7,27.6
"BOOI4","2018-05-29 12:00",89.222,46.69,3015182,0,7.90982,146.4,0.0326771653543307,"80.797999999999959",71.3839999999999,64.922,55.9759999999999,37.4,19.7,27.6
"BOOI4","2018-05-29 13:00",90.5359999999999,41.19,3051090.8,0,9.831351,147,0.0375984251968504,"83.371999999999971",71.348,64.94,56.0119999999999,37.4,19.7,27.6
"BOOI4","2018-05-29 14:00",92.372,37.97,2968636.2,0,11.806569,141.7,0.0404724409448819,"85.42399999999995",71.3659999999999,64.94,56.03,37.4,19.7,27.6
"BOOI4","2018-05-29 15:00",91.3999999999999,40.29,2337000,0,13.271765,153.9,0.0374409448818898,"86.935999999999908",71.456,64.9579999999999,56.066,37.4,19.7,27.6
"BOOI4","2018-05-29 16:00",92.48,38.36,2403909.2,0,13.692309,153.4,0.0383070866141732,"87.817999999999913",71.6179999999999,64.9579999999999,56.0839999999999,37.4,19.7,27.6
"BOOI4","2018-05-29 17:00",82.6339999999999,53.08,632363.65,0,16.472826,91.5,0.0216929133858268,"87.475999999999928",71.798,64.9759999999999,56.1199999999999,37.4,19.7,27.6
"BOOI4","2018-05-29 18:00",87.1339999999999,48.97,705636.35,0,9.638974,87.3,0.0166929133858268,"86.467999999999918",72.014,64.9759999999999,56.138,37.5,19.7,27.6
"BOOI4","2018-05-29 19:00",71.9779999999999,85,186353.64,0,13.83771,142.9,0.0137007874015748,"85.2439999999999",72.23,64.9939999999999,56.1739999999999,37.5,19.7,27.6
"BOOI4","2018-05-29 20:00",68.5399999999999,90.3,4111.818,0.25,18.477125,291,0.00311023622047244,"83.659999999999911",72.4099999999999,64.9939999999999,56.1919999999999,37.5,19.7,27.6
"BOOI4","2018-05-29 21:00",67.856,87.8,373.63636,0.120000005,15.191059,277.3,0.00263779527559055,"80.941999999999936",72.5539999999999,65.0119999999999,56.2279999999999,37.5,19.7,27.6
"BOOI4","2018-05-29 22:00",67.64,91.2,0,0,4.4604583,237.3,0.000748031496062992,"78.745999999999981",72.6619999999999,65.048,56.264,37.5,19.7,27.6
"BOOI4","2018-05-29 23:00",67.0279999999999,95.1,0,0,4.198736,59.92,0.000433070866141732,"77.25199999999991",72.68,65.0659999999999,56.2819999999999,37.5,19.7,27.6
"BOOI4","2018-05-30 00:00",66.9019999999999,93.5,0,0,8.276678,81.1,0.000393700787401575,"76.099999999999937",72.6259999999999,65.1019999999999,56.3179999999999,37.5,19.7,27.6
"BOOI4","2018-05-30 01:00",66.056,96,0,0,6.7667437,73.64,0.000393700787401575,"75.00199999999991",72.5359999999999,65.138,56.3359999999999,37.5,19.7,27.6
"BOOI4","2018-05-30 02:00",65.4619999999999,96,0,0,1.9506116,50.9,0.00015748031496063,"73.957999999999942",72.3919999999999,65.1739999999999,56.372,37.5,19.7,27.6
"BOOI4","2018-05-30 03:00",65.282,96.6,0,0,1.7045484,127.2,0.00015748031496063,"73.021999999999977",72.23,65.2099999999999,56.39,37.5,19.7,27.6
"BOOI4","2018-05-30 04:00",65.372,97.1,0,0,4.5186186,230.7,0.000196850393700787,"72.229999999999976",72.0499999999999,65.246,56.4259999999999,37.5,19.7,27.6
"BOOI4","2018-05-30 05:00",64.814,99.4,0,0,4.071231,252.8,7.8740157480315e-05,"71.581999999999951",71.8699999999999,65.282,56.4439999999999,37.4,19.7,27.6
"BOOI4","2018-05-30 06:00",63.896,100,9044.545,0,2.5299792,61.93,7.8740157480315e-05,"71.023999999999944",71.672,65.2999999999999,56.48,37.4,19.7,27.7
"BOOI4","2018-05-30 07:00",65.84,98.3,295027.28,0,4.4582214,70.6,0.000236220472440945,"70.465999999999937",71.438,65.3179999999999,56.498,37.4,19.7,27.7
"BOOI4","2018-05-30 08:00",69.3859999999999,87.5,897636.35,0,5.9502606,85.6,0.00519685039370079,"70.465999999999937",71.24,65.3359999999999,56.5159999999999,37.4,19.7,27.7
"BOOI4","2018-05-30 09:00",71.7259999999999,85.8,1080363.6,0,6.1493483,140.6,0.00807086614173229,"71.113999999999962",71.006,65.3539999999999,56.5519999999999,37.3,19.7,27.7
"BOOI4","2018-05-30 10:00",73.148,87,1835909,0,8.860519,183,0.0137007874015748,"72.229999999999976",70.8079999999999,65.372,56.5699999999999,37.4,19.7,27.7
"BOOI4","2018-05-30 11:00",74.4079999999999,81.4,2279363.8,0,9.419754,203,0.017244094488189,"73.597999999999956",70.6099999999999,65.3539999999999,56.588,37.3,19.7,27.7
"BOOI4","2018-05-30 12:00",76.064,75.35,2836000,0,9.806745,215.4,0.0225590551181102,"75.127999999999901",70.4659999999999,65.3539999999999,56.624,37.3,19.7,27.7
"BOOI4","2018-05-30 13:00",77.4499999999999,68.78,2732182,0.010000001,10.459931,226.3,0.0241338582677165,"76.693999999999903",70.3759999999999,65.3539999999999,56.6599999999999,37.3,19.6,27.7
"BOOI4","2018-05-30 14:00",78.44,65.71,3161909.2,0,12.8668785,246.4,0.0282283464566929,"77.611999999999895",70.322,65.3359999999999,56.6779999999999,37.3,19.6,27.7
"BOOI4","2018-05-30 15:00",79.9699999999999,63.63,2820818,0,13.4551935,250.5,0.0281496062992126,"78.655999999999963",70.322,65.3179999999999,56.714,37.3,19.6,27.7
"BOOI4","2018-05-30 16:00",80.8519999999999,58.32,2451727.3,0,13.265054,244.3,0.0268110236220473,"79.807999999999936",70.3579999999999,65.2999999999999,56.7319999999999,37.3,19.6,27.7
"BOOI4","2018-05-30 17:00",81.4999999999999,56.47,2022181.9,0,12.891485,241.6,0.0248818897637795,"80.887999999999977",70.43,65.282,56.7679999999999,37.3,19.6,27.7
"BOOI4","2018-05-30 18:00",80.9239999999999,59.87,1424090.8,0,14.627351,246.3,0.0222834645669291,"81.355999999999966",70.5199999999999,65.264,56.7859999999999,37.3,19.6,27.7
"BOOI4","2018-05-30 19:00",81.4099999999999,55.86,1003727.3,0,12.571603,250.2,0.0179133858267717,"81.247999999999962",70.6099999999999,65.246,56.8039999999999,37.4,19.6,27.7
"BOOI4","2018-05-30 20:00",78.3679999999999,64.35,293536.35,0,7.605596,251.6,0.00901574803149606,"80.563999999999965",70.6819999999999,65.2279999999999,56.8399999999999,37.4,19.6,27.7
"BOOI4","2018-05-30 21:00",76.2259999999999,67.08,56813.64,0,3.098162,228.1,0.00204724409448819,"79.249999999999929",70.7539999999999,65.2099999999999,56.8579999999999,37.4,19.6,27.7
"BOOI4","2018-05-30 22:00",74.93,76.25,50.90909,0,1.1811043,206.4,-0.000551181102362205,"77.935999999999908",70.772,65.2099999999999,56.8759999999999,37.3,19.6,27.7
"BOOI4","2018-05-30 23:00",72.7339999999999,76.98,0,0,2.2593093,202.6,-7.8740157480315e-05,"76.765999999999948",70.7899999999999,65.2099999999999,56.9119999999999,37.3,19.7,27.7
"BOOI4","2018-05-31 00:00",70.196,86.1,0,0,5.001798,239.7,0.000511811023622047,"75.613999999999962",70.772,65.1919999999999,56.93,37.4,19.7,27.7
"BOOI4","2018-05-31 01:00",68.738,90.5,0,0,5.026404,252.9,0,"74.515999999999948",70.7179999999999,65.1919999999999,56.948,37.4,19.7,27.7
"BOOI4","2018-05-31 02:00",68.5039999999999,91.2,0,0,5.379841,244,0.00015748031496063,"73.651999999999916",70.646,65.1919999999999,56.9659999999999,37.3,19.7,27.8
"BOOI4","2018-05-31 03:00",66.596,90.5,0,0,4.3799286,252.8,-0.00031496062992126,"72.841999999999928",70.556,65.1919999999999,57.0019999999999,37.3,19.7,27.7
"BOOI4","2018-05-31 04:00",65.4619999999999,94.4,0,0,3.836352,253.2,-0.000393700787401575,"72.031999999999954",70.43,65.1919999999999,57.0199999999999,37.3,19.7,27.8
"BOOI4","2018-05-31 05:00",65.1019999999999,93.6,0,0,3.1809287,254.9,-0.00047244094488189,"71.257999999999939",70.3039999999999,65.2099999999999,57.038,37.3,19.7,27.8
"BOOI4","2018-05-31 06:00",65.1919999999999,92.5,19488.182,0,1.755998,256.6,-0.00062992125984252,"70.555999999999969",70.1599999999999,65.2099999999999,57.0739999999999,37.2,19.6,27.8
"BOOI4","2018-05-31 07:00",67.9279999999999,90.5,352409.1,0,3.241326,241.4,0.00125984251968504,"69.997999999999962",69.998,65.1919999999999,57.0919999999999,37.3,19.6,27.8
"BOOI4","2018-05-31 08:00",69.4939999999999,84.9,633818.2,0,6.643712,258.8,0.00476377952755906,"69.907999999999944",69.8539999999999,65.1919999999999,57.1099999999999,37.2,19.6,27.8
"BOOI4","2018-05-31 09:00",73.5619999999999,74.63,1211000,0,5.4961615,275.6,0.00980314960629921,"70.393999999999906",69.6919999999999,65.1919999999999,57.1279999999999,37.2,19.6,27.8
"BOOI4","2018-05-31 10:00",77.306,68.79,2118363.5,0,4.939163,268.2,0.017755905511811,"71.851999999999904",69.53,65.1739999999999,57.146,37.2,19.6,27.8
"BOOI4","2018-05-31 11:00",81.122,61.66,2697545.4,0,5.3418126,276,0.0238976377952756,"74.479999999999976",69.3859999999999,65.156,57.182,37.2,19.6,27.8
"BOOI4","2018-05-31 12:00",84.398,50.6,3101818,0,7.361769,260.2,0.0305511811023622,"77.719999999999899",69.2779999999999,65.138,57.1999999999999,37.2,19.6,27.8
"BOOI4","2018-05-31 13:00",86.396,47.91,3238182,0,8.932101,282.7,0.0343700787401575,"80.92399999999995",69.2239999999999,65.138,57.2179999999999,37.2,19.6,27.8
"BOOI4","2018-05-31 14:00",87.782,42.35,3225363.5,0,9.54726,275.6,0.0363779527559055,"83.839999999999961",69.2419999999999,65.1019999999999,57.2359999999999,37.2,19.6,27.8
"BOOI4","2018-05-31 15:00",88.988,35.45,3084818.4,0,8.710645,285.4,0.0361811023622047,"86.107999999999933",69.3499999999999,65.0839999999999,57.2539999999999,37.2,19.5,27.8
"BOOI4","2018-05-31 16:00",91.148,31.82,2602091,0,10.404008,286.4,0.0367322834645669,"87.96199999999989",69.5119999999999,65.048,57.272,37.2,19.5,27.8
"BOOI4","2018-05-31 17:00",91.7239999999999,31.26,2427909.2,0,9.395147,288.8,0.0345669291338583,"89.185999999999908",69.746,65.03,57.29,37.2,19.5,27.8
"BOOI4","2018-05-31 18:00",91.598,29.23,1825000,0,10.820079,288,0.0323622047244094,"89.779999999999973",70.0159999999999,65.0119999999999,57.3079999999999,37.2,19.5,27.8
"BOOI4","2018-05-31 19:00",90.1579999999999,32.39,1022999.94,0,8.923154,298.9,0.0230708661417323,"89.401999999999916",70.322,64.9939999999999,57.3259999999999,37.2,19.5,27.8
"BOOI4","2018-05-31 20:00",87.7099999999999,40.91,516636.35,0,5.5699806,298.5,0.0118110236220472,"88.195999999999984",70.6279999999999,64.9759999999999,57.3439999999999,37.3,19.5,27.8
"BOOI4","2018-05-31 21:00",79.772,55.77,71363.64,0,2.2525985,269.8,0.00204724409448819,"86.035999999999902",70.898,64.9759999999999,57.3619999999999,37.3,19.5,27.8
"BOOI4","2018-05-31 22:00",78.6919999999999,57.35,46.363637,0,2.903548,283.7,0.00137795275590551,"84.073999999999941",71.1499999999999,64.9759999999999,57.38,37.3,19.5,27.7
"BOOI4","2018-05-31 23:00",79.5919999999999,51.63,0,0,3.1496115,291.6,0.00153543307086614,"82.273999999999944",71.348,64.9939999999999,57.398,37.4,19.5,27.7
"BOOI4","2018-06-01 00:00",75.3439999999999,62.11,0,0,2.422606,301.9,0.000826771653543307,"80.653999999999883",71.4919999999999,64.9939999999999,57.4159999999999,37.4,19.5,27.8
"BOOI4","2018-06-01 01:00",73.7419999999999,66.1,0,0,3.2435632,308.5,0.000826771653543307,"79.267999999999915",71.5999999999999,65.03,57.4339999999999,37.4,19.5,27.8
"BOOI4","2018-06-01 02:00",72.1939999999999,71.74,0,0,3.7110837,343.9,0.000826771653543307,"78.043999999999912",71.6179999999999,65.048,57.4519999999999,37.4,19.5,27.8
"BOOI4","2018-06-01 03:00",71.0599999999999,75.9,0,0,4.0510983,343,0.00078740157480315,"76.96399999999997",71.6179999999999,65.0839999999999,57.4699999999999,37.4,19.5,27.8
"BOOI4","2018-06-01 04:00",71.006,75.47,0,0,4.350848,0.612,0.000669291338582677,"76.027999999999892",71.564,65.1199999999999,57.488,37.4,19.5,27.8
"BOOI4","2018-06-01 05:00",70.214,78.88,0,0,3.7222683,7.651,0.000393700787401575,"75.145999999999987",71.4919999999999,65.156,57.488,37.4,19.5,27.8
"BOOI4","2018-06-01 06:00",69.296,81.5,19959.091,0,3.2211938,7.636,0.000196850393700787,"74.353999999999886",71.3839999999999,65.1919999999999,57.506,37.3,19.5,27.8
"BOOI4","2018-06-01 07:00",71.582,77.05,340772.7,0,3.8766172,13.32,0.00236220472440945,"73.687999999999974",71.2759999999999,65.2279999999999,57.5239999999999,37.3,19.5,27.8
"BOOI4","2018-06-01 08:00",76.046,72.98,9e+05,0,3.3263297,43.77,0.00712598425196851,"73.417999999999921",71.1499999999999,65.264,57.5419999999999,37.3,19.5,27.8
"BOOI4","2018-06-01 09:00",81.3199999999999,61.93,1551000,0,3.4180443,72.9,0.013503937007874,"74.047999999999959",71.006,65.282,57.5599999999999,37.3,19.5,27.8
"BOOI4","2018-06-01 10:00",84.5599999999999,53.75,2166363.5,0,3.0019734,79.4,0.0196456692913386,"75.82999999999997",70.8619999999999,65.3179999999999,57.5779999999999,37.3,19.5,27.8
"BOOI4","2018-06-01 11:00",87.3859999999999,48.42,2633727.3,0,2.1116714,134.7,0.0238976377952756,"78.583999999999932",70.7539999999999,65.3359999999999,57.596,37.2,19.5,27.8
"BOOI4","2018-06-01 12:00",88.646,41.75,3110909.2,0,2.903548,89.7,0.0296850393700787,"81.661999999999892",70.664,65.3539999999999,57.596,37.2,19.4,27.8
"BOOI4","2018-06-01 13:00",89.3659999999999,39.21,3335454.6,0,4.3844023,58.82,0.0338188976377953,"84.865999999999943",70.664,65.3539999999999,57.614,37.2,19.4,27.8
"BOOI4","2018-06-01 14:00",92.3359999999999,32.74,3419091,0,2.686565,161.6,0.0331889763779528,"88.033999999999921",70.7359999999999,65.372,57.6319999999999,37.2,19.4,27.8
"BOOI4","2018-06-01 15:00",91.2199999999999,33.79,2669091,0,3.511996,71.14,0.0285826771653543,"90.301999999999907",70.898,65.39,57.6499999999999,37.2,19.4,27.8
"BOOI4","2018-06-01 16:00",90.9859999999999,36.87,2345000,0,4.1338654,128,0.0267716535433071,"91.777999999999892",71.1319999999999,65.39,57.6679999999999,37.3,19.4,27.8
"BOOI4","2018-06-01 17:00",92.4439999999999,33.96,2144090.8,0,4.514145,109.6,0.0255905511811024,"92.551999999999907",71.438,65.39,57.6859999999999,37.3,19.4,27.8
"BOOI4","2018-06-01 18:00",93.146,31.73,1631000,0,5.7422247,143.2,0.0230708661417323,"92.87599999999992",71.798,65.39,57.7039999999999,37.3,19.4,27.8
"BOOI4","2018-06-01 19:00",91.49,34.86,998181.76,0,8.108908,174.3,0.0215354330708661,"92.335999999999899",72.1579999999999,65.4079999999999,57.722,37.3,19.4,27.8
"BOOI4","2018-06-01 20:00",87.1699999999999,38.1,370818.2,0,6.263432,170.7,0.012992125984252,"90.62599999999992",72.4999999999999,65.4259999999999,57.722,37.4,19.4,27.8
"BOOI4","2018-06-01 21:00",83.4439999999999,42.49,74853.64,0,4.6013856,155.3,0.00610236220472441,"88.357999999999933",72.8419999999999,65.4619999999999,57.74,37.4,19.4,27.8
"BOOI4","2018-06-01 22:00",81.374,48.2,25.454545,0,5.1986485,142.2,0.00377952755905512,"86.287999999999982",73.13,65.48,57.7579999999999,37.5,19.4,27.8
"BOOI4","2018-06-01 23:00",78.764,54.54,0,0,6.254484,111.2,0.0034251968503937,"84.469999999999899",73.364,65.5159999999999,57.7759999999999,37.5,19.4,27.8
"BOOI4","2018-06-02 00:00",76.874,63.28,0,0,6.8293777,109.9,0.00303149606299213,"82.885999999999896",73.5259999999999,65.5699999999999,57.7939999999999,37.5,19.4,27.8
"BOOI4","2018-06-02 01:00",77.306,67.33,0,0,8.719592,116.9,0.00295275590551181,"81.62599999999992",73.6339999999999,65.624,57.8119999999999,37.5,19.4,27.8
"BOOI4","2018-06-02 02:00",75.7759999999999,75.19,0,0,11.746172,111.7,0.00267716535433071,"80.563999999999965",73.6699999999999,65.6779999999999,57.8119999999999,37.5,19.4,27.8
"BOOI4","2018-06-02 03:00",75.2359999999999,78.25,0,0,11.195885,125.7,0.00192913385826772,"79.699999999999932",73.6699999999999,65.7499999999999,57.83,37.5,19.4,27.8
"BOOI4","2018-06-02 04:00",74.5159999999999,78.63,0,0,6.722005,116.5,0.00118110236220473,"78.979999999999976",73.6339999999999,65.822,57.848,37.5,19.4,27.8
"BOOI4","2018-06-02 05:00",66.8659999999999,90.3,0,0.020000001,10.533751,299.7,0.00125984251968504,"78.277999999999892",73.5619999999999,65.8759999999999,57.8659999999999,37.5,19.4,27.9
"BOOI4","2018-06-02 06:00",63.8239999999999,95.7,0,0.23,9.131188,311.1,3.93700787401575e-05,"77.359999999999914",73.49,65.948,57.8839999999999,37.5,19.4,27.8
"BOOI4","2018-06-02 07:00",62.564,99,5164.5455,0.42007875,7.4825644,10.96,0.000393700787401575,"75.487999999999985",73.3999999999999,66.0199999999999,57.9019999999999,37.6,19.6,27.9
"BOOI4","2018-06-02 08:00",62.996,98.8,79108.18,0.05,22.41414,94.4,0.000590551181102362,"73.813999999999965",73.3099999999999,66.164,57.938,37.9,20.1,27.9
"BOOI4","2018-06-02 09:00",68.0539999999999,88.1,736909.1,0,15.551208,106.6,0.00618110236220473,"72.895999999999987",73.148,66.2899999999999,57.9739999999999,38,20.1,27.8
"BOOI4","2018-06-02 10:00",70.2859999999999,88.5,1506818.1,0,10.748496,222.4,0.0111023622047244,"72.913999999999973",72.9499999999999,66.3439999999999,57.9919999999999,37.9,20.1,27.9
"BOOI4","2018-06-02 11:00",72.3199999999999,81.2,2393454.6,0,16.374401,275.7,0.0173228346456693,"74.047999999999959",72.7159999999999,66.38,58.0099999999999,37.9,20.2,27.9
"BOOI4","2018-06-02 12:00",72.6079999999999,78.51,2289090.8,0,14.877888,285.2,0.0177952755905512,"75.397999999999954",72.5179999999999,66.398,58.0279999999999,37.9,20.2,27.9
"BOOI4","2018-06-02 13:00",74.732,69.24,2906545.4,0,13.157681,274.1,0.0239763779527559,"76.945999999999984",72.3019999999999,66.4339999999999,58.046,37.9,20.2,27.9
"BOOI4","2018-06-02 14:00",76.2619999999999,65.34,2252363.8,0,12.678976,290,0.0219291338582677,"78.277999999999892",72.1579999999999,66.4519999999999,58.064,37.8,20.2,27.9
"BOOI4","2018-06-02 15:00",76.3519999999999,68.3,1518181.8,0,13.320977,295.6,0.0181102362204724,"78.79999999999994",72.0499999999999,66.4699999999999,58.082,37.8,20.2,27.9
"BOOI4","2018-06-02 16:00",75.1819999999999,66.66,2014818.1,0,18.23106,296.1,0.0227165354330709,"78.745999999999981",71.9779999999999,66.488,58.0999999999999,37.8,20.2,27.9
"BOOI4","2018-06-02 17:00",73.9939999999999,60.7,2234545.4,0,19.01399,299.3,0.0246456692913386,"78.781999999999954",71.9419999999999,66.488,58.1179999999999,37.8,20.2,27.9
"BOOI4","2018-06-02 18:00",73.5259999999999,55.99,1428454.6,0,16.179787,302.2,0.0191732283464567,"78.529999999999973",71.9239999999999,66.488,58.1359999999999,37.8,20.1,27.9
"BOOI4","2018-06-02 19:00",73.5079999999999,56.3,865272.77,0,14.21128,300.3,0.0160236220472441,"77.755999999999958",71.888,66.488,58.1539999999999,37.7,20.1,27.9
"BOOI4","2018-06-02 20:00",72.1759999999999,57.09,539454.5,0,13.005569,303.1,0.012992125984252,"76.315999999999946",71.8519999999999,66.488,58.172,37.7,20.1,27.9
"BOOI4","2018-06-02 21:00",69.098,61.91,92257.28,0,9.251985,295.6,0.00641732283464567,"74.605999999999966",71.798,66.4699999999999,58.2079999999999,37.7,20.1,27.9
"BOOI4","2018-06-02 22:00",62.7619999999999,83.8,174.54545,0,5.693012,275.3,0.00133858267716536,"73.021999999999977",71.7079999999999,66.4699999999999,58.2259999999999,37.7,20.1,27.9
"BOOI4","2018-06-02 23:00",60.764,88.8,0,0,4.1853147,259.3,0.000118110236220472,"71.671999999999969",71.5999999999999,66.4699999999999,58.2439999999999,37.7,20,27.9
"BOOI4","2018-06-03 00:00",59.4499999999999,91.6,0,0,4.7982364,259.7,3.93700787401575e-05,"70.50199999999991",71.438,66.4699999999999,58.2619999999999,37.6,20,27.9
"BOOI4","2018-06-03 01:00",61.5019999999999,81.3,0,0,6.68174,265.5,0.00031496062992126,"69.457999999999942",71.2579999999999,66.4519999999999,58.28,37.6,20,27.9
"BOOI4","2018-06-03 02:00",60.872,82.5,0,0,8.267731,274.1,0.000866141732283465,"68.503999999999891",71.0779999999999,66.4519999999999,58.298,37.6,20,27.9
"BOOI4","2018-06-03 03:00",60.0259999999999,84.2,0,0,7.9277153,282.3,0.000708661417322835,"67.639999999999958",70.8439999999999,66.4519999999999,58.316,37.5,20,27.9
"BOOI4","2018-06-03 04:00",58.2439999999999,86.2,0,0,6.672792,279.8,0.000433070866141732,"66.847999999999956",70.6099999999999,66.4339999999999,58.3339999999999,37.5,20,27.9
"BOOI4","2018-06-03 05:00",56.066,90.7,0,0,7.1805773,257.2,0.000196850393700787,"66.037999999999982",70.3579999999999,66.4159999999999,58.3699999999999,37.5,20,27.9
"BOOI4","2018-06-03 06:00",56.2279999999999,86.1,18155.457,0,8.554058,261.8,0.00031496062992126,"65.227999999999895",70.106,66.398,58.3699999999999,37.4,20,27.9
"BOOI4","2018-06-03 07:00",60.5119999999999,74.09,315518.2,0,9.806745,267.3,0.00381889763779528,"64.57999999999997",69.8359999999999,66.38,58.406,37.4,20,27.9
"BOOI4","2018-06-03 08:00",65.2279999999999,63.81,860545.5,0,12.450808,275.1,0.00956692913385827,"64.291999999999931",69.548,66.3439999999999,58.4239999999999,37.3,20,28
"BOOI4","2018-06-03 09:00",67.1539999999999,57.56,1480545.5,0,15.864379,294,0.0162992125984252,"64.813999999999965",69.2779999999999,66.3079999999999,58.4419999999999,37.3,19.9,28
"BOOI4","2018-06-03 10:00",68.9359999999999,54.43,2106545.4,0,18.052105,294.1,0.0225590551181102,"66.181999999999945",69.0079999999999,66.272,58.4599999999999,37.3,19.9,28
"BOOI4","2018-06-03 11:00",70.1419999999999,46.96,2657545.4,0,21.049604,291.7,0.0292125984251969,"67.83799999999998",68.738,66.2179999999999,58.4779999999999,37.2,19.9,28
"BOOI4","2018-06-03 12:00",71.672,42.93,3068182,0,20.758802,293.5,0.032755905511811,"69.421999999999969",68.522,66.1819999999999,58.496,37.2,19.9,28
"BOOI4","2018-06-03 13:00",73.7239999999999,41.34,3319090.8,0,19.304792,299.3,0.0365354330708662,"71.149999999999935",68.3419999999999,66.1279999999999,58.514,37.2,19.9,28
"BOOI4","2018-06-03 14:00",75.938,35.1,3359090.8,0,18.745558,302.4,0.0389763779527559,"73.381999999999948",68.18,66.0739999999999,58.5319999999999,37.1,19.8,28
"BOOI4","2018-06-03 15:00",77.1079999999999,28.75,3217272.7,0,17.510767,303.6,0.0396850393700787,"75.847999999999956",68.1079999999999,66.0199999999999,58.5499999999999,37.1,19.8,28
"BOOI4","2018-06-03 16:00",78.2599999999999,30.98,2875090.8,0,15.996358,304.4,0.0378346456692913,"78.07999999999997",68.072,65.948,58.5679999999999,37.1,19.8,28
"BOOI4","2018-06-03 17:00",78.5119999999999,29.2,2395727.3,0,15.401333,306,0.0351968503937008,"79.609999999999914",68.1259999999999,65.8939999999999,58.5859999999999,37.1,19.8,28
"BOOI4","2018-06-03 18:00",78.8539999999999,27.55,1812545.4,0,12.359094,317.5,0.029251968503937,"80.293999999999912",68.2159999999999,65.822,58.6039999999999,37.1,19.8,28
"BOOI4","2018-06-03 19:00",77.972,29.79,1060000,0,9.853722,332.5,0.0216535433070866,"79.91599999999994",68.3419999999999,65.7679999999999,58.622,37.1,19.8,28
"BOOI4","2018-06-03 20:00",75.6859999999999,30.95,585363.65,0,7.3774285,332.6,0.0137007874015748,"78.313999999999965",68.5039999999999,65.714,58.64,37.2,19.8,28
"BOOI4","2018-06-03 21:00",69.2779999999999,44.15,116750.91,0,4.923505,340.5,0.00531496062992126,"76.261999999999887",68.6839999999999,65.6419999999999,58.64,37.1,19.8,28
"BOOI4","2018-06-03 22:00",64.472,52.81,291.8182,0,1.93719,316.9,0.000511811023622047,"74.317999999999913",68.8099999999999,65.588,58.6759999999999,37.2,19.8,28
"BOOI4","2018-06-03 23:00",64.9579999999999,48.11,0,0,2.279442,341.9,0.000669291338582677,"72.607999999999933",68.9179999999999,65.5519999999999,58.6759999999999,37.2,19.8,28
"BOOI4","2018-06-04 00:00",62.2759999999999,52.05,0,0,2.4293168,336.1,0.000669291338582677,"71.059999999999917",68.972,65.5159999999999,58.6939999999999,37.2,19.8,28
"BOOI4","2018-06-04 01:00",60.6199999999999,57.99,0,0,2.467345,300.6,0.000511811023622047,"69.709999999999908",68.972,65.48,58.7119999999999,37.2,19.7,28
"BOOI4","2018-06-04 02:00",61.9339999999999,56.07,0,0,2.5277421,299.8,0.00062992125984252,"68.539999999999949",68.9359999999999,65.4619999999999,58.73,37.1,19.7,28
"BOOI4","2018-06-04 03:00",56.948,70.87,0,0,1.9998244,277.8,0,"67.459999999999908",68.864,65.4259999999999,58.73,37.1,19.7,28
"BOOI4","2018-06-04 04:00",58.2439999999999,65,0,0,1.530067,277.7,-0.000354330708661417,"66.433999999999926",68.7199999999999,65.4259999999999,58.748,37.1,19.7,28
"BOOI4","2018-06-04 05:00",53.348,78.95,0,0,3.1406639,261.8,3.93700787401575e-05,"65.515999999999948",68.5759999999999,65.4079999999999,58.748,37.1,19.7,28
"BOOI4","2018-06-04 06:00",54.374,73.85,21133.638,0,2.9728932,250.7,0,"64.651999999999916",68.414,65.372,58.7659999999999,37.1,19.7,28
"BOOI4","2018-06-04 07:00",58.9279999999999,69.63,312636.38,0,5.3373384,233.5,0.00251968503937008,"63.913999999999973",68.2159999999999,65.3539999999999,58.7839999999999,37,19.7,28
"BOOI4","2018-06-04 08:00",64.832,59.02,858545.5,0,6.308171,225.9,0.0075984251968504,"63.589999999999947",68.0179999999999,65.3359999999999,58.7839999999999,37,19.6,28
"BOOI4","2018-06-04 09:00",70.0699999999999,48.13,1480727.2,0,8.006008,219.5,0.015,"64.219999999999899",67.8019999999999,65.3179999999999,58.8019999999999,37,19.6,28
"BOOI4","2018-06-04 10:00",73.0579999999999,46.41,2027636.5,0,9.258695,217.3,0.0215354330708661,"66.091999999999928",67.5859999999999,65.2999999999999,58.8019999999999,36.9,19.6,28
"BOOI4","2018-06-04 11:00",76.5859999999999,36.04,2622000,0,10.242949,221.8,0.0286220472440945,"68.755999999999958",67.388,65.264,58.8199999999999,37,19.6,28
"BOOI4","2018-06-04 12:00",78.7999999999999,31.3,2997454.6,0,10.178078,217.5,0.0336220472440945,"71.797999999999959",67.2439999999999,65.2279999999999,58.8199999999999,36.9,19.6,28
"BOOI4","2018-06-04 13:00",80.2579999999999,31.95,3299091,0,11.714855,206.2,0.0385433070866142,"74.929999999999978",67.172,65.1919999999999,58.838,36.9,19.6,28
"BOOI4","2018-06-04 14:00",81.59,30.92,3282727.3,0,12.989911,212,0.0404330708661417,"77.701999999999913",67.172,65.138,58.838,36.9,19.6,28
"BOOI4","2018-06-04 15:00",82.3819999999999,32.61,3047182,0,14.162066,214,0.0407874015748032,"79.807999999999936",67.2619999999999,65.1019999999999,58.838,36.9,19.6,28
"BOOI4","2018-06-04 16:00",82.9939999999999,33.7,2852000,0,14.983024,227.7,0.0394488188976378,"81.319999999999894",67.4419999999999,65.048,58.856,36.9,19.6,28
"BOOI4","2018-06-04 17:00",82.832,35.66,2370636.5,0,14.117328,226,0.0351181102362205,"82.273999999999944",67.6759999999999,65.0119999999999,58.856,36.9,19.6,28
"BOOI4","2018-06-04 18:00",81.6259999999999,37.94,1768363.6,0,14.110618,228.7,0.0302362204724409,"82.597999999999956",67.982,64.9759999999999,58.874,36.9,19.6,28
"BOOI4","2018-06-04 19:00",79.988,39.49,1024818.2,0,13.28966,225.1,0.0233070866141732,"81.895999999999987",68.288,64.94,58.874,37,19.6,28
"BOOI4","2018-06-04 20:00",77.396,41.63,557090.94,0,11.379313,227.3,0.0169685039370079,"80.275999999999925",68.5939999999999,64.9039999999999,58.874,37,19.5,28
"BOOI4","2018-06-04 21:00",72.806,49.9,103267.27,0,9.4823885,229.1,0.00976377952755906,"78.457999999999942",68.864,64.8859999999999,58.874,37.1,19.5,28
"BOOI4","2018-06-04 22:00",70.3039999999999,59.8,281.81818,0,9.712793,228.2,0.00346456692913386,"76.783999999999921",69.1339999999999,64.8499999999999,58.8919999999999,37.1,19.5,28
"BOOI4","2018-06-04 23:00",68.1619999999999,64.85,0,0,9.923065,229.9,0.00263779527559055,"75.307999999999936",69.332,64.8499999999999,58.8919999999999,37.1,19.5,28
"BOOI4","2018-06-05 00:00",65.9659999999999,69.85,0,0,8.003772,230.7,0.0018503937007874,"73.9939999999999",69.4579999999999,64.8499999999999,58.9099999999999,37.1,19.5,28
"BOOI4","2018-06-05 01:00",63.788,75.33,0,0,7.2633443,223.6,0.00122047244094488,"72.805999999999969",69.548,64.8679999999999,58.9099999999999,37.1,19.5,28
"BOOI4","2018-06-05 02:00",62.222,77.32,0,0,5.979341,225.1,0.00078740157480315,"71.7439999999999",69.5659999999999,64.8679999999999,58.9099999999999,37.1,19.5,28
"BOOI4","2018-06-05 03:00",61.3759999999999,78.04,0,0,4.818369,223.8,0.000511811023622047,"70.753999999999891",69.5659999999999,64.8859999999999,58.9099999999999,37.1,19.5,27.9
"BOOI4","2018-06-05 04:00",61.0339999999999,79.96,0,0,5.111408,225.3,0.000511811023622047,"69.853999999999886",69.5119999999999,64.9039999999999,58.9279999999999,37.1,19.5,27.9
"BOOI4","2018-06-05 05:00",61.664,80.3,0,0,6.044212,229.9,0.000590551181102362,"69.07999999999997",69.422,64.94,58.9279999999999,37.1,19.5,27.9
"BOOI4","2018-06-05 06:00",62.0599999999999,80.6,16158.184,0,7.7375755,232.4,0.00078740157480315,"68.413999999999973",69.314,64.9579999999999,58.9279999999999,37.1,19.5,27.9
"BOOI4","2018-06-05 07:00",64.7239999999999,77.05,300672.73,0,7.6346765,238,0.00295275590551181,"67.891999999999925",69.188,64.9759999999999,58.9279999999999,37.1,19.5,28
"BOOI4","2018-06-05 08:00",69.314,69.65,838090.9,0,10.656782,245,0.00866141732283465,"67.675999999999917",69.0439999999999,64.9939999999999,58.9279999999999,37,19.5,28
"BOOI4","2018-06-05 09:00",73.7419999999999,62.48,1433000,0,12.927276,250.2,0.0156692913385827,"68.143999999999906",68.8819999999999,65.0119999999999,58.946,37,19.5,28
"BOOI4","2018-06-05 10:00",78.296,55.47,2024545.4,0,15.090397,247.6,0.023503937007874,"69.727999999999895",68.738,65.0119999999999,58.946,37,19.4,28
"BOOI4","2018-06-05 11:00",81.1759999999999,53.03,2554000,0,14.56248,245.3,0.0294488188976378,"72.103999999999886",68.5939999999999,65.03,58.946,37,19.4,27.9
"BOOI4","2018-06-05 12:00",84.038,49.63,2962272.7,0,11.7103815,241.8,0.0325196850393701,"74.947999999999965",68.5039999999999,65.03,58.946,36.9,19.4,27.9
"BOOI4","2018-06-05 13:00",86.0359999999999,46.39,3197272.7,0,9.448834,236.3,0.0348818897637795,"78.025999999999925",68.4679999999999,65.03,58.964,36.9,19.4,27.9
"BOOI4","2018-06-05 14:00",87.8359999999999,43.13,3262727.3,0,8.388525,232.7,0.0362204724409449,"80.959999999999908",68.5039999999999,65.03,58.964,36.9,19.4,27.9
"BOOI4","2018-06-05 15:00",88.538,41.4,3048181.6,0,8.5965605,237,0.0357874015748032,"83.533999999999921",68.6119999999999,65.03,58.964,36.9,19.4,27.9
"BOOI4","2018-06-05 16:00",89.438,37.17,2790272.7,0,8.102197,224.9,0.0335826771653543,"85.405999999999963",68.7919999999999,65.0119999999999,58.964,36.9,19.4,27.9
"BOOI4","2018-06-05 17:00",89.8159999999999,35.61,2317000,0,6.641475,226.5,0.028503937007874,"86.647999999999954",69.0619999999999,64.9939999999999,58.964,36.9,19.4,27.9
"BOOI4","2018-06-05 18:00",89.4919999999999,39.14,1726363.6,0,7.070967,217.6,0.0241338582677165,"86.989999999999952",69.3859999999999,64.9939999999999,58.9819999999999,37,19.3,27.9
"BOOI4","2018-06-05 19:00",88.4119999999999,40.62,1006909.1,0,7.8561335,204.6,0.0190944881889764,"85.96399999999997",69.746,64.9939999999999,58.9819999999999,37,19.3,27.9
"BOOI4","2018-06-05 20:00",85.4419999999999,48.17,506818.2,0,6.460283,211.7,0.0120472440944882,"84.271999999999977",70.106,64.9939999999999,58.9819999999999,37,19.3,27.9
"BOOI4","2018-06-05 21:00",79.3939999999999,61.42,96171.82,0,3.9370143,204.3,0.00362204724409449,"82.45399999999988",70.4659999999999,64.9939999999999,58.9819999999999,37.1,19.3,27.9
"BOOI4","2018-06-05 22:00",75.5239999999999,66.32,286.36363,0,4.0242553,195.4,0.00149606299212598,"80.815999999999946",70.7899999999999,65.0119999999999,58.9999999999999,37.1,19.3,27.9
"BOOI4","2018-06-05 23:00",75.1279999999999,65.94,0,0,5.326154,202.1,0.00173228346456693,"79.357999999999933",71.0599999999999,65.03,58.9999999999999,37.2,19.3,27.9
"BOOI4","2018-06-06 00:00",73.6699999999999,69.07,0,0,5.581165,212.9,0.00165354330708661,"78.097999999999956",71.2759999999999,65.048,58.9999999999999,37.1,19.3,27.9
"BOOI4","2018-06-06 01:00",72.6619999999999,71.57,0,0,5.7981486,214,0.00153543307086614,"76.981999999999957",71.4199999999999,65.1019999999999,58.9999999999999,37.2,19.3,28
"BOOI4","2018-06-06 02:00",71.33,71.49,0,0,5.556559,216.9,0.0012992125984252,"75.991999999999933",71.5099999999999,65.138,59.0179999999999,37.2,19.3,28
"BOOI4","2018-06-06 03:00",71.0419999999999,72.67,0,0,5.739988,220.8,0.00137795275590551,"75.127999999999901",71.546,65.1919999999999,59.0179999999999,37.2,19.3,28
"BOOI4","2018-06-06 04:00",70.898,72.84,0,0,5.6124825,229,0.00122047244094488,"74.335999999999899",71.546,65.246,59.0179999999999,37.2,19.3,28
"BOOI4","2018-06-06 05:00",67.28,82.6,0,0,4.095837,217.4,0.00047244094488189,"73.615999999999943",71.5099999999999,65.2999999999999,59.0359999999999,37.2,19.3,28
"BOOI4","2018-06-06 06:00",67.4779999999999,80.4,8012.728,0,4.019781,223.4,0.000354330708661417,"72.967999999999918",71.438,65.3539999999999,59.0359999999999,37.1,19.3,28
"BOOI4","2018-06-06 07:00",68.396,81.8,166999.98,0,1.8119214,220,0.00078740157480315,"72.373999999999953",71.3659999999999,65.4079999999999,59.0359999999999,37.1,19.3,28
"BOOI4","2018-06-06 08:00",69.296,82.5,249954.54,0,3.5835779,126.5,0.00326771653543307,"72.085999999999899",71.2579999999999,65.4619999999999,59.0359999999999,37.2,19.3,28
"BOOI4","2018-06-06 09:00",67.5859999999999,87.9,76845.46,0,4.3374267,38.23,0.00208661417322835,"71.941999999999936",71.1679999999999,65.5159999999999,59.0539999999999,37.2,19.3,28
"BOOI4","2018-06-06 10:00",72.0499999999999,76.91,775163.64,0,11.616429,149.4,0.00818897637795276,"71.761999999999887",71.0419999999999,65.5519999999999,59.0539999999999,37.1,19.3,28
"BOOI4","2018-06-06 11:00",77.7199999999999,70.16,1832818.2,0,9.368305,167.5,0.0177165354330709,"72.517999999999915",70.9339999999999,65.588,59.0539999999999,37.1,19.3,28
"BOOI4","2018-06-06 12:00",77.4499999999999,72.37,935545.4,0,8.12904,122.3,0.0116535433070866,"73.831999999999951",70.8079999999999,65.6419999999999,59.072,37,19.3,28
"BOOI4","2018-06-06 13:00",84.9019999999999,65.76,2196727.3,0,13.233737,201.4,0.0246062992125984,"74.839999999999961",70.7179999999999,65.6599999999999,59.072,37.1,19.3,28
"BOOI4","2018-06-06 14:00",87.89,62.95,2850000,0,10.278739,209.9,0.0296456692913386,"76.999999999999929",70.664,65.696,59.0899999999999,37,19.3,28
"BOOI4","2018-06-06 15:00",89.2939999999999,61.59,2670818,0,10.851396,215.2,0.0305511811023622,"79.591999999999928",70.646,65.714,59.0899999999999,37,19.3,28
"BOOI4","2018-06-06 16:00",88.6819999999999,59.46,1314272.7,0,10.938636,233,0.0216141732283465,"81.481999999999957",70.6819999999999,65.732,59.0899999999999,37,19.3,28
"BOOI4","2018-06-06 17:00",82.814,83,342245.45,0.11,10.898372,231.9,0.0133858267716536,"81.409999999999911",70.772,65.732,59.1079999999999,37,19.2,27.9
"BOOI4","2018-06-06 18:00",67.2079999999999,98.8,6382.727,0.7299213,16.611517,69.51,0.00480314960629921,"79.753999999999891",70.9519999999999,65.7499999999999,59.1079999999999,37.1,19.3,28
"BOOI4","2018-06-06 19:00",67.982,90.9,3893.6365,0.05,8.661431,177.6,0.00295275590551181,"76.693999999999903",71.2039999999999,65.822,59.1259999999999,37.7,20.9,28.1
"BOOI4","2018-06-06 20:00",67.5859999999999,85.7,2956.3637,0,9.677003,179.2,0.00177165354330709,"74.929999999999978",71.3839999999999,65.9119999999999,59.1619999999999,37.7,20.7,28.1
"BOOI4","2018-06-06 21:00",66.6499999999999,94.5,876.36364,0,9.037237,155.8,0.00169291338582677,"73.651999999999916",71.456,65.93,59.18,37.7,20.7,28.1
"BOOI4","2018-06-06 22:00",68.2159999999999,83.3,0,0,14.141934,207.2,0.000984251968503937,"72.643999999999906",71.456,65.9659999999999,59.198,37.7,20.6,28.1
"BOOI4","2018-06-06 23:00",67.7659999999999,87.6,0,0,11.415105,207.1,0.00114173228346457,"71.779999999999973",71.3839999999999,65.9839999999999,59.2159999999999,37.7,20.6,28.1
"BOOI4","2018-06-07 00:00",68.09,81.8,0,0,9.569629,219.3,0.00122047244094488,"71.023999999999944",71.2939999999999,66.0019999999999,59.2159999999999,37.7,20.6,28.1
"BOOI4","2018-06-07 01:00",66.0739999999999,91.1,0,0,6.699635,234,0.000866141732283465,"70.321999999999974",71.1679999999999,66.0199999999999,59.2339999999999,37.6,20.6,28.1
"BOOI4","2018-06-07 02:00",65.1919999999999,92.5,0,0,1.8074476,0.443,0.000275590551181102,"69.727999999999895",71.0239999999999,66.056,59.2519999999999,37.7,20.6,28.1
"BOOI4","2018-06-07 03:00",64.9039999999999,94.3,0,0,2.4807663,1.086,0.000275590551181102,"69.223999999999947",70.8619999999999,66.0919999999999,59.2699999999999,37.6,20.6,28.1
"BOOI4","2018-06-07 04:00",64.256,96.1,0,0,3.731216,15.6,0.000275590551181102,"68.773999999999944",70.6819999999999,66.1099999999999,59.288,37.6,20.5,28.1
"BOOI4","2018-06-07 05:00",63.374,98.6,0,0,4.207684,61.78,0.000118110236220472,"68.341999999999928",70.5019999999999,66.1279999999999,59.288,37.6,20.5,28.1
"BOOI4","2018-06-07 06:00",63.5539999999999,98.4,6088.1815,0,3.0892143,146.1,0.000118110236220472,"67.909999999999911",70.3039999999999,66.146,59.306,37.6,20.5,28.1
"BOOI4","2018-06-07 07:00",64.148,98.4,151090.9,0,0.15211193,204.6,0.00015748031496063,"67.54999999999994",70.124,66.146,59.3239999999999,37.5,20.5,28.1
"BOOI4","2018-06-07 08:00",66.5599999999999,92.2,403545.47,0,2.7648578,207.6,0.00259842519685039,"67.477999999999895",69.9439999999999,66.146,59.3419999999999,37.5,20.4,28.1
"BOOI4","2018-06-07 09:00",69.0619999999999,87.3,695545.4,0,3.3017232,167.1,0.00535433070866142,"67.83799999999998",69.764,66.164,59.3419999999999,37.5,20.4,28.1
"BOOI4","2018-06-07 10:00",71.348,82.2,1496909,0,5.9368386,219.7,0.0114173228346457,"68.701999999999913",69.5839999999999,66.146,59.3779999999999,37.4,20.4,28.1
"BOOI4","2018-06-07 11:00",74.138,75.43,2024909,0,5.1986485,204.4,0.0162204724409449,"70.321999999999974",69.4039999999999,66.1279999999999,59.3779999999999,37.4,20.4,28.1
"BOOI4","2018-06-07 12:00",76.2619999999999,76.14,2412090.8,0,5.057721,211.6,0.0199212598425197,"72.319999999999894",69.296,66.1279999999999,59.396,37.4,20.3,28.1
"BOOI4","2018-06-07 13:00",79.6099999999999,70.07,2676363.5,0,3.733453,221.7,0.0227165354330709,"74.551999999999907",69.206,66.1099999999999,59.396,37.4,20.3,28.1
"BOOI4","2018-06-07 14:00",81.5359999999999,65.49,2969000,0,4.2032104,191.5,0.0259842519685039,"77.12599999999992",69.188,66.0739999999999,59.414,37.4,20.3,28.1
"BOOI4","2018-06-07 15:00",82.7239999999999,65.62,2500636.5,0,3.767007,139.4,0.0230708661417323,"79.105999999999966",69.2239999999999,66.056,59.432,37.4,20.3,28.1
"BOOI4","2018-06-07 16:00",82.5259999999999,63.34,1642272.7,0,4.03544,170.5,0.0166929133858268,"80.293999999999912",69.3499999999999,66.0199999999999,59.4499999999999,37.3,20.3,28.1
"BOOI4","2018-06-07 17:00",82.2919999999999,65.29,1209181.8,0,3.2994866,265.2,0.012755905511811,"80.50999999999992",69.53,66.0019999999999,59.4679999999999,37.3,20.3,28.1
"BOOI4","2018-06-07 18:00",81.23,71.52,442154.54,0,2.2033858,239.9,0.00582677165354331,"80.257999999999939",69.764,65.9659999999999,59.4679999999999,37.4,20.3,28.1
"BOOI4","2018-06-07 19:00",78.1699999999999,83,140300,0,2.467345,249.8,0.00279527559055118,"79.321999999999974",69.998,65.948,59.4859999999999,37.4,20.3,28.1
"BOOI4","2018-06-07 20:00",76.8919999999999,89.1,57699.997,0,1.5233561,350.1,0.00122047244094488,"78.25999999999992",70.2499999999999,65.93,59.5039999999999,37.4,20.3,28.1
"BOOI4","2018-06-07 21:00",75.3439999999999,91.6,20856.363,0,2.9460502,50.75,0.00106299212598425,"77.25199999999991",70.448,65.9119999999999,59.5039999999999,37.5,20.3,28.1
"BOOI4","2018-06-07 22:00",74.8759999999999,89.9,20.909091,0,0.3131716,86.2,7.8740157480315e-05,"76.351999999999904",70.6279999999999,65.9119999999999,59.522,37.5,20.2,28.1
"BOOI4","2018-06-07 23:00",74.39,91.8,0,0,1.0849159,92.5,0.000275590551181102,"75.559999999999917",70.7539999999999,65.9119999999999,59.54,37.5,20.2,28.1
"BOOI4","2018-06-08 00:00",73.2919999999999,94.4,0,0,1.154261,71.41,0.00015748031496063,"74.803999999999888",70.8439999999999,65.93,59.5579999999999,37.5,20.2,28.1
"BOOI4","2018-06-08 01:00",73.6699999999999,94,0,0,0.2125093,44.02,3.93700787401575e-05,"74.155999999999963",70.898,65.93,59.5579999999999,37.5,20.2,28.1
"BOOI4","2018-06-08 02:00",73.5619999999999,87.6,0,0,3.6685815,90.4,0.000354330708661417,"73.615999999999943",70.9159999999999,65.948,59.5759999999999,37.5,20.2,28.1
"BOOI4","2018-06-08 03:00",72.14,94.3,0,0,2.011009,60.01,0.000354330708661417,"73.093999999999909",70.898,65.9659999999999,59.5759999999999,37.5,20.2,28.1
"BOOI4","2018-06-08 04:00",70.5199999999999,96.3,0,0,0.3422518,66.03,3.93700787401575e-05,"72.62599999999992",70.88,65.9839999999999,59.5759999999999,37.5,20.2,28.1
"BOOI4","2018-06-08 05:00",69.656,96.7,0,0,3.207772,40.88,0.000196850393700787,"72.175999999999917",70.8259999999999,66.0199999999999,59.6119999999999,37.5,20.2,28.1
"BOOI4","2018-06-08 06:00",68.63,96.5,5778.182,0,4.6483617,50.82,0.000236220472440945,"71.653999999999883",70.772,66.038,59.6119999999999,37.5,20.2,28.1
"BOOI4","2018-06-08 07:00",70.2499999999999,89.2,248290.9,0,5.3127327,80.5,0.00062992125984252,"71.113999999999962",70.7179999999999,66.056,59.6119999999999,37.5,20.2,28.2
"BOOI4","2018-06-08 08:00",71.798,84.3,829727.3,0,9.6143675,93.3,0.00669291338582677,"70.861999999999895",70.6279999999999,66.0739999999999,59.63,37.4,20.1,28.2
"BOOI4","2018-06-08 09:00",71.798,77.33,1478909,0,12.177901,90.8,0.0123622047244095,"71.095999999999989",70.538,66.0919999999999,59.63,37.4,20.1,28.2
"BOOI4","2018-06-08 10:00",73.688,75.54,2103818.4,0,11.200358,100.7,0.017244094488189,"71.869999999999891",70.43,66.1099999999999,59.648,37.4,20.1,28.2
"BOOI4","2018-06-08 11:00",76.0279999999999,74.49,2628454.6,0,8.122329,107.1,0.0214566929133858,"73.381999999999948",70.34,66.1279999999999,59.6659999999999,37.3,20.1,28.2
"BOOI4","2018-06-08 12:00",77.846,75.67,2958636.5,0,9.081976,110.1,0.0245669291338583,"75.397999999999954",70.2679999999999,66.1279999999999,59.6659999999999,37.3,20.1,28.2
"BOOI4","2018-06-08 13:00",79.34,74.27,3250000,0,10.296636,114.8,0.0276377952755906,"77.323999999999941",70.214,66.1279999999999,59.6839999999999,37.3,20.1,28.2
"BOOI4","2018-06-08 14:00",80.1499999999999,70.17,3266363.8,0,11.656694,117.1,0.028740157480315,"78.907999999999944",70.214,66.146,59.6839999999999,37.3,20.1,28.2
"BOOI4","2018-06-08 15:00",82.8859999999999,67.55,3115454.6,0,10.151234,125.7,0.0286614173228346,"80.383999999999929",70.2679999999999,66.146,59.7019999999999,37.2,20,28.1
"BOOI4","2018-06-08 16:00",84.5239999999999,67.85,2675909.2,0,9.146848,136.4,0.026259842519685,"82.147999999999954",70.3759999999999,66.146,59.7019999999999,37.3,20,28.1
"BOOI4","2018-06-08 17:00",83.6599999999999,68.22,1320454.6,0,7.775604,142,0.0160629921259842,"83.443999999999903",70.5199999999999,66.146,59.7019999999999,37.3,20,28.1
"BOOI4","2018-06-08 18:00",83.696,69.81,839636.35,0,6.8137193,160.9,0.0117716535433071,"83.119999999999891",70.6999999999999,66.146,59.7199999999999,37.3,20,28.1
"BOOI4","2018-06-08 19:00",83.7499999999999,71.06,520636.35,0,3.2122457,173.4,0.00661417322834646,"82.363999999999962",70.898,66.146,59.7199999999999,37.3,20,28.1
"BOOI4","2018-06-08 20:00",82.4539999999999,77.11,251572.75,0,1.5703319,115.3,0.00295275590551181,"81.46399999999997",71.096,66.146,59.738,37.3,20,28.1
"BOOI4","2018-06-08 21:00",79.1779999999999,85.8,58730.003,0,1.1005745,160.3,0.00047244094488189,"80.419999999999888",71.2759999999999,66.146,59.756,37.4,20,28.1
"BOOI4","2018-06-08 22:00",78.1519999999999,80.6,132.72727,0,0.5368656,127.4,-7.8740157480315e-05,"79.177999999999898",71.438,66.164,59.756,37.4,20,28.1
"BOOI4","2018-06-08 23:00",74.3179999999999,90.6,0,0,3.9079342,164.5,0.000708661417322835,"77.863999999999962",71.582,66.1819999999999,59.7739999999999,37.4,19.9,28.1
"BOOI4","2018-06-09 00:00",72.1759999999999,96.1,0,0,2.7805164,68.09,0.00015748031496063,"76.675999999999917",71.672,66.1999999999999,59.7739999999999,37.4,19.9,28.1
"BOOI4","2018-06-09 01:00",73.7419999999999,95.1,0,0,2.4069474,85.8,0,"75.685999999999908",71.7259999999999,66.2179999999999,59.7919999999999,37.4,19.9,28.1
"BOOI4","2018-06-09 02:00",72.8599999999999,98.3,0,0,4.0041227,118.2,0,"74.911999999999892",71.7439999999999,66.2539999999999,59.7919999999999,37.4,19.9,28.1
"BOOI4","2018-06-09 03:00",71.564,99.6,0,0,3.7468743,112.6,-0.000118110236220472,"74.227999999999895",71.7259999999999,66.2899999999999,59.8099999999999,37.4,19.9,28.1
"BOOI4","2018-06-09 04:00",70.8619999999999,100,0,0,3.234615,91.7,-0.000196850393700787,"73.597999999999956",71.69,66.3259999999999,59.8099999999999,37.4,19.9,28.1
"BOOI4","2018-06-09 05:00",69.764,100,0,0,1.7470502,98.3,-0.000236220472440945,"72.985999999999905",71.6359999999999,66.3439999999999,59.8279999999999,37.4,19.9,28.1
"BOOI4","2018-06-09 06:00",70.2679999999999,100,5521.818,0,2.1027236,82.4,-0.000196850393700787,"72.445999999999984",71.564,66.38,59.8279999999999,37.4,19.9,28.1
"BOOI4","2018-06-09 07:00",72.3019999999999,94.4,111827.27,0,3.867669,186.6,0.000511811023622047,"72.175999999999917",71.4739999999999,66.4159999999999,59.846,37.4,19.9,28.1
"BOOI4","2018-06-09 08:00",72.9319999999999,91,259218.2,0,3.9660947,239.5,0.00267716535433071,"72.067999999999913",71.3659999999999,66.4339999999999,59.846,37.4,19.9,28.1
"BOOI4","2018-06-09 09:00",72.6439999999999,91.4,417454.56,0,10.153471,106.3,0.00425196850393701,"72.067999999999913",71.2579999999999,66.4699999999999,59.864,37.3,19.9,28.1
"BOOI4","2018-06-09 10:00",76.9099999999999,74.3,909818.2,0,8.057458,273.9,0.00956692913385827,"72.265999999999948",71.1679999999999,66.488,59.864,37.3,19.9,28.1
"BOOI4","2018-06-09 11:00",79.6999999999999,73.35,2655182,0,3.509759,171.2,0.0226377952755905,"73.669999999999888",71.0599999999999,66.506,59.8819999999999,37.3,19.8,28.1
"BOOI4","2018-06-09 12:00",80.2939999999999,75.34,2593818,0,9.399622,129.9,0.0227952755905512,"76.54999999999994",70.9699999999999,66.5239999999999,59.8819999999999,37.3,19.8,28.1
"BOOI4","2018-06-09 13:00",83.0659999999999,66.09,3230000,0,9.017105,141.3,0.0289763779527559,"79.447999999999965",70.9159999999999,66.5419999999999,59.8999999999999,37.2,19.8,28.1
"BOOI4","2018-06-09 14:00",85.1179999999999,53.8,3122727.3,0,10.415193,164.6,0.0314566929133858,"82.489999999999952",70.898,66.5419999999999,59.8999999999999,37.2,19.8,28.1
"BOOI4","2018-06-09 15:00",87.422,55.22,3078818,0,10.632175,185.1,0.033503937007874,"84.883999999999929",70.9519999999999,66.5419999999999,59.9179999999999,37.1,19.8,28.1
"BOOI4","2018-06-09 16:00",88.2859999999999,51.28,2775363.5,0,12.162242,206.7,0.0343307086614173,"86.629999999999981",71.0779999999999,66.5419999999999,59.9359999999999,37.1,19.8,28.1
"BOOI4","2018-06-09 17:00",86.414,54.3,1496000,0,11.972103,194.5,0.0243307086614173,"87.295999999999978",71.24,66.5419999999999,59.9359999999999,37.2,19.8,28.1
"BOOI4","2018-06-09 18:00",85.1359999999999,61.29,1380363.5,0,12.204744,199.6,0.022007874015748,"87.187999999999974",71.4739999999999,66.5599999999999,59.9539999999999,37.2,19.8,28.1
"BOOI4","2018-06-09 19:00",85.622,64.14,769454.5,0,9.712793,197,0.0144488188976378,"86.467999999999918",71.7259999999999,66.5599999999999,59.9539999999999,37.2,19.8,28.1
"BOOI4","2018-06-09 20:00",83.048,70.4,240727.26,0,9.397386,200.7,0.00921259842519685,"85.279999999999973",71.996,66.5599999999999,59.972,37.2,19.8,28.1
"BOOI4","2018-06-09 21:00",81.698,69.49,47473.633,0,7.308083,222.3,0.00511811023622047,"83.821999999999974",72.248,66.5779999999999,59.99,37.3,19.8,28.1
"BOOI4","2018-06-09 22:00",81.1939999999999,65.02,132.72727,0,8.466818,280.4,0.00330708661417323,"82.507999999999939",72.464,66.596,59.99,37.3,19.8,28.1
"BOOI4","2018-06-09 23:00",76.4239999999999,77.38,0,0,6.458046,4.814,0.00200787401574803,"81.175999999999917",72.6439999999999,66.614,59.99,37.3,19.8,28.1
"BOOI4","2018-06-10 00:00",71.5999999999999,92.4,0,0,6.722005,16.21,0.000748031496062992,"79.933999999999926",72.7519999999999,66.6319999999999,60.0079999999999,37.4,19.8,28.1
"BOOI4","2018-06-10 01:00",69.548,94.6,0,0,3.6372645,10.82,-0.000118110236220472,"78.763999999999967",72.8419999999999,66.6679999999999,60.0259999999999,37.4,19.8,28.1
"BOOI4","2018-06-10 02:00",68.5039999999999,96.5,0,0,1.6978375,291.4,-0.00047244094488189,"77.611999999999895",72.8779999999999,66.7039999999999,60.0259999999999,37.4,19.8,28.1
"BOOI4","2018-06-10 03:00",68.8999999999999,96,0,0,2.9415762,311.9,-0.00031496062992126,"76.621999999999971",72.8779999999999,66.7579999999999,60.0439999999999,37.4,19.8,28.1
"BOOI4","2018-06-10 04:00",66.956,98.3,0,0,5.100223,12.71,-0.000236220472440945,"75.811999999999884",72.8419999999999,66.7939999999999,60.0619999999999,37.4,19.8,28.1
"BOOI4","2018-06-10 05:00",66.38,99.2,0,0,1.8342907,0.583,-0.000551181102362205,"74.983999999999924",72.7699999999999,66.83,60.0619999999999,37.4,19.7,28.1
"BOOI4","2018-06-10 06:00",66.8119999999999,99.6,9080.91,0,3.948199,15.55,-0.000354330708661417,"74.191999999999936",72.68,66.8839999999999,60.08,37.3,19.7,28.1
"BOOI4","2018-06-10 07:00",67.9279999999999,96.9,300154.54,0,7.4020343,38.05,0.000511811023622047,"73.615999999999943",72.572,66.9199999999999,60.08,37.3,19.7,28.1
"BOOI4","2018-06-10 08:00",68.4859999999999,95.7,282545.47,0.020000001,7.9210043,40.05,0.00248031496062992,"73.543999999999912",72.446,66.956,60.098,37.3,19.7,28.1
"BOOI4","2018-06-10 09:00",68.072,97.5,39334.54,0,5.1360145,337.1,0.00062992125984252,"73.327999999999903",72.3199999999999,66.9919999999999,60.098,37.3,19.7,28.1
"BOOI4","2018-06-10 10:00",67.856,98.4,114881.81,0.11,9.368305,248.4,0.000984251968503937,"72.823999999999941",72.1759999999999,67.0279999999999,60.1159999999999,37.3,19.7,28.1
"BOOI4","2018-06-10 11:00",68.99,98,255790.91,0.030000001,2.4293168,106.2,0.00208661417322835,"72.481999999999957",72.0499999999999,67.046,60.1339999999999,37.3,19.7,28.1
"BOOI4","2018-06-10 12:00",71.78,91.8,973636.4,0.010000001,8.91868,98.3,0.00704724409448819,"72.499999999999929",71.9239999999999,67.082,60.1339999999999,37.2,19.7,28.1
"BOOI4","2018-06-10 13:00",73.49,89,1157000,0,7.7733665,95.7,0.00956692913385827,"73.201999999999913",71.78,67.0999999999999,60.1519999999999,37.2,19.7,28.1
"BOOI4","2018-06-10 14:00",71.8159999999999,89.5,461636.38,0,7.9925866,118.6,0.00523622047244095,"73.70599999999996",71.6539999999999,67.0999999999999,60.1699999999999,37.2,19.7,28.1
"BOOI4","2018-06-10 15:00",70.3039999999999,92.3,485727.26,0,8.097723,114.8,0.00476377952755906,"73.45399999999988",71.546,67.1179999999999,60.1699999999999,37.2,19.7,28.1
"BOOI4","2018-06-10 16:00",71.78,91.9,1008636.35,0,8.500372,109.4,0.00791338582677165,"73.255999999999958",71.456,67.1179999999999,60.188,37.2,19.6,28.2
"BOOI4","2018-06-10 17:00",73.364,84.5,1069818.2,0,9.694899,99.4,0.00921259842519685,"73.651999999999916",71.3839999999999,67.1179999999999,60.206,37.2,19.6,28.2
"BOOI4","2018-06-10 18:00",74.03,85.7,789363.65,0,8.661431,98.9,0.00775590551181103,"73.885999999999896",71.3119999999999,67.1179999999999,60.206,37.1,19.6,28.2
"BOOI4","2018-06-10 19:00",73.796,85.8,521636.4,0,8.871704,101.3,0.00614173228346457,"73.903999999999883",71.24,67.1179999999999,60.2239999999999,37.1,19.6,28.2
"BOOI4","2018-06-10 20:00",73.7599999999999,84.4,284836.36,0,10.184788,94.5,0.00468503937007874,"73.633999999999929",71.1859999999999,67.0999999999999,60.2419999999999,37.1,19.6,28.2
"BOOI4","2018-06-10 21:00",72.4099999999999,88.1,93036.37,0,6.918855,98.1,0.0015748031496063,"73.129999999999981",71.1679999999999,67.0999999999999,60.2599999999999,37.1,19.6,28.2
"BOOI4","2018-06-10 22:00",69.4579999999999,92.2,527.27276,0,14.119565,91.9,0.00078740157480315,"72.535999999999902",71.1319999999999,67.0999999999999,60.2599999999999,37.1,19.6,28.2
"BOOI4","2018-06-10 23:00",67.1539999999999,96,0,0.080000006,12.354619,94.6,0.00047244094488189,"71.905999999999963",71.0779999999999,67.082,60.2779999999999,37.1,19.6,28.2
"BOOI4","2018-06-11 00:00",65.7859999999999,96.6,5.4545454,0.010000001,10.837974,100,0.000196850393700787,"71.239999999999952",71.0239999999999,67.082,60.296,37.1,19.6,28.2
"BOOI4","2018-06-11 01:00",64.9939999999999,98.7,0,0,10.64336,109.2,7.8740157480315e-05,"70.591999999999928",70.9519999999999,67.064,60.296,37.1,19.6,28.2
"BOOI4","2018-06-11 02:00",64.4179999999999,99.8,0,0,11.600771,108.6,-7.8740157480315e-05,"70.051999999999907",70.8619999999999,67.046,60.314,37.1,19.6,28.2
"BOOI4","2018-06-11 03:00",64.5619999999999,99.7,0,0.030000001,7.574279,119.6,-0.000118110236220472,"69.583999999999932",70.772,67.0279999999999,60.332,37.1,19.5,28.2
"BOOI4","2018-06-11 04:00",64.3819999999999,100,0,0.05,7.3662434,112.9,-0.000118110236220472,"69.20599999999996",70.646,67.0279999999999,60.332,37.1,19.5,28.2
"BOOI4","2018-06-11 05:00",64.1659999999999,100,0,0.060000002,10.037149,103,-0.000118110236220472,"68.845999999999989",70.5199999999999,67.0099999999999,60.3499999999999,37.1,19.5,28.2
"BOOI4","2018-06-11 06:00",64.0939999999999,100,553.6364,0.010000001,6.2231674,112.4,-0.00015748031496063,"68.521999999999977",70.3759999999999,66.9919999999999,60.3679999999999,37.1,19.5,28.2
"BOOI4","2018-06-11 07:00",63.8779999999999,100,15546.362,0.010000001,6.3193555,98.8,0.000118110236220472,"68.305999999999969",70.232,66.9919999999999,60.3679999999999,37.1,19.5,28.2
"BOOI4","2018-06-11 08:00",63.464,100,118490.9,0,15.320802,125.3,0.00062992125984252,"68.089999999999961",70.088,66.9739999999999,60.3859999999999,37.1,19.5,28.2
"BOOI4","2018-06-11 09:00",64.2199999999999,100,258290.9,0,17.045483,121.7,0.0012992125984252,"67.909999999999911",69.9439999999999,66.956,60.4039999999999,37.1,19.5,28.2
"BOOI4","2018-06-11 10:00",65.588,98.8,500272.77,0,11.428527,118,0.00291338582677165,"67.909999999999911",69.8179999999999,66.9199999999999,60.4039999999999,37.1,19.5,28.1
"BOOI4","2018-06-11 11:00",67.2619999999999,95.4,911818.2,0,11.2876,130.2,0.00578740157480315,"68.359999999999914",69.656,66.9019999999999,60.422,37.1,19.5,28.2
"BOOI4","2018-06-11 12:00",68.3419999999999,94.2,933181.8,0,10.381639,138.4,0.0065748031496063,"69.061999999999884",69.53,66.8839999999999,60.422,37.1,19.5,28.2
"BOOI4","2018-06-11 13:00",69.44,94,720000,0,10.777576,125.6,0.00586614173228346,"69.709999999999908",69.4039999999999,66.848,60.44,37,19.5,28.2
"BOOI4","2018-06-11 14:00",71.456,91,1247454.6,0,14.60498,113.7,0.00913385826771654,"70.08799999999998",69.296,66.8119999999999,60.4579999999999,37,19.5,28.2
"BOOI4","2018-06-11 15:00",73.832,86.2,1545090.8,0,15.593709,101.1,0.0120472440944882,"70.771999999999977",69.206,66.7939999999999,60.4579999999999,37,19.5,28.1
"BOOI4","2018-06-11 16:00",76.28,81.5,1623818.1,0,10.585199,115,0.0138976377952756,"71.635999999999896",69.1699999999999,66.7579999999999,60.4759999999999,37,19.5,28.2
"BOOI4","2018-06-11 17:00",76.946,82.3,1687454.6,0,11.175752,119,0.0148818897637795,"72.769999999999897",69.1159999999999,66.7039999999999,60.4939999999999,37,19.5,28.2
"BOOI4","2018-06-11 18:00",76.6579999999999,82.7,1465091,0,11.084038,111.5,0.0132283464566929,"73.70599999999996",69.1159999999999,66.6679999999999,60.4939999999999,37,19.5,28.2
"BOOI4","2018-06-11 19:00",75.614,85.6,610227.3,0,10.60757,104.5,0.00767716535433071,"74.047999999999959",69.1519999999999,66.6319999999999,60.5119999999999,37,19.5,28.2
"BOOI4","2018-06-11 20:00",73.598,89.6,89199.09,0,8.178252,101.8,0.00307086614173228,"73.615999999999943",69.206,66.614,60.5119999999999,37,19.5,28.2
"BOOI4","2018-06-11 21:00",72.4279999999999,88.4,4353.6363,0,11.784201,90.8,0.00267716535433071,"72.823999999999941",69.2779999999999,66.5779999999999,60.53,37,19.4,28.2
"BOOI4","2018-06-11 22:00",70.988,92.3,0,0,12.209219,94.8,0.00078740157480315,"72.031999999999954",69.3499999999999,66.5419999999999,60.53,37,19.4,28.2
"BOOI4","2018-06-11 23:00",67.9279999999999,90.7,0,0.67007875,13.580463,109.1,0.000748031496062992,"71.113999999999962",69.4039999999999,66.506,60.548,37.3,20.1,28.4
"BOOI4","2018-06-12 00:00",70.232,81.8,0,0.030000001,17.110355,130.9,0.000708661417322835,"70.231999999999957",69.44,66.506,60.566,37.4,20.4,28.4
"BOOI4","2018-06-12 01:00",71.4019999999999,80.7,0,0,9.263168,190.1,0.00141732283464567,"69.727999999999895",69.422,66.488,60.5839999999999,37.4,20.5,28.4
"BOOI4","2018-06-12 02:00",67.6579999999999,95.3,0,0,7.99035,301.5,0.00062992125984252,"69.223999999999947",69.3859999999999,66.4699999999999,60.6019999999999,37.4,20.6,28.4
"BOOI4","2018-06-12 03:00",67.964,96.5,0,0,6.7399,8.68,0.000118110236220472,"68.863999999999962",69.332,66.4519999999999,60.6199999999999,37.4,20.6,28.4
"BOOI4","2018-06-12 04:00",66.6499999999999,98.7,0,0,1.8700819,12.72,-0.000275590551181102,"68.557999999999936",69.2599999999999,66.4339999999999,60.6199999999999,37.4,20.6,28.4
"BOOI4","2018-06-12 05:00",65.7679999999999,99.7,0,0,3.2256675,254.4,-0.000275590551181102,"68.233999999999924",69.1699999999999,66.4339999999999,60.6199999999999,37.4,20.6,28.4
"BOOI4","2018-06-12 06:00",65.822,99.9,8637.273,0,5.5543222,314.4,-0.000196850393700787,"67.873999999999953",69.08,66.4159999999999,60.638,37.4,20.6,28.4
"BOOI4","2018-06-12 07:00",66.038,100,173381.82,0,3.726742,11.54,0.00015748031496063,"67.585999999999899",68.99,66.398,60.638,37.4,20.6,28.4
"BOOI4","2018-06-12 08:00",66.4519999999999,100,410909.12,0,3.952673,12.84,0.00232283464566929,"67.567999999999913",68.8819999999999,66.398,60.656,37.4,20.5,28.4
"BOOI4","2018-06-12 09:00",67.7119999999999,100,702545.5,0,2.4561603,56.92,0.0047244094488189,"68.12599999999992",68.7739999999999,66.3619999999999,60.6739999999999,37.3,20.5,28.4
"BOOI4","2018-06-12 10:00",73.364,87.4,2027363.6,0,1.7023113,149.2,0.0145669291338583,"69.421999999999969",68.6839999999999,66.3619999999999,60.6739999999999,37.3,20.5,28.4
"BOOI4","2018-06-12 11:00",77.3599999999999,81.5,2659182,0,3.348699,170.4,0.0207086614173228,"71.995999999999981",68.5939999999999,66.3259999999999,60.6739999999999,37.3,20.5,28.4
"BOOI4","2018-06-12 12:00",79.8439999999999,76.44,3064545.4,0,5.5789285,224.9,0.0253937007874016,"74.785999999999902",68.5399999999999,66.3079999999999,60.6919999999999,37.3,20.5,28.4
"BOOI4","2018-06-12 13:00",80.69,71.88,3174545.4,0,6.8875384,254.3,0.0274015748031496,"77.323999999999941",68.522,66.2899999999999,60.6919999999999,37.2,20.5,28.4
"BOOI4","2018-06-12 14:00",81.446,75.32,2653636.5,0,8.612219,262.2,0.0242125984251969,"79.069999999999894",68.6119999999999,66.2539999999999,60.6919999999999,37.2,20.5,28.4
"BOOI4","2018-06-12 15:00",81.2839999999999,76.53,2332454.6,0,8.549584,279.4,0.0222047244094488,"79.91599999999994",68.738,66.2359999999999,60.7099999999999,37.3,20.4,28.4
"BOOI4","2018-06-12 16:00",82.7599999999999,70.5,2562272.7,0,5.898811,324.5,0.0231102362204724,"80.20399999999988",68.9359999999999,66.1999999999999,60.7099999999999,37.3,20.4,28.4
"BOOI4","2018-06-12 17:00",84.038,64.75,1922454.6,0,3.8251674,334,0.017992125984252,"80.959999999999908",69.188,66.1819999999999,60.7279999999999,37.3,20.4,28.4
"BOOI4","2018-06-12 18:00",83.714,67.22,1553454.6,0,2.7805164,311.9,0.0144881889763779,"81.46399999999997",69.44,66.164,60.7279999999999,37.3,20.4,28.4
"BOOI4","2018-06-12 19:00",85.19,64.66,1071000,0,2.4852402,311.6,0.0101181102362205,"81.499999999999929",69.7099999999999,66.146,60.7279999999999,37.3,20.4,28.4
"BOOI4","2018-06-12 20:00",81.4099999999999,71.62,540636.35,0,3.1473744,238.2,0.00562992125984252,"81.067999999999913",69.98,66.1279999999999,60.7279999999999,37.3,20.4,28.4
"BOOI4","2018-06-12 21:00",77.63,82.4,100348.18,0,3.2681692,275.7,0.00122047244094488,"79.807999999999936",70.2499999999999,66.1279999999999,60.7279999999999,37.4,20.4,28.4
"BOOI4","2018-06-12 22:00",73.9039999999999,91.9,680.9091,0,2.1541731,249.4,-0.000393700787401575,"78.403999999999883",70.5019999999999,66.1279999999999,60.7279999999999,37.4,20.4,28.4
"BOOI4","2018-06-12 23:00",73.2919999999999,88.2,0,0,3.7177942,261.9,-0.00031496062992126,"77.107999999999933",70.6999999999999,66.146,60.746,37.4,20.4,28.4
"BOOI4","2018-06-13 00:00",71.5099999999999,87.2,0,0,9.276589,341.8,0.000511811023622047,"76.027999999999892",70.88,66.164,60.746,37.5,20.4,28.4
"BOOI4","2018-06-13 01:00",70.6099999999999,85.7,0,0,5.8853893,352.1,0.00031496062992126,"74.929999999999978",70.988,66.1819999999999,60.764,37.5,20.4,28.4
"BOOI4","2018-06-13 02:00",68.864,78.79,0,0,8.453397,3.367,0.000748031496062992,"73.975999999999928",71.0419999999999,66.2179999999999,60.764,37.5,20.4,28.4
"BOOI4","2018-06-13 03:00",65.5159999999999,79.3,0,0,6.9479356,7.651,0.000905511811023622,"72.841999999999928",71.0599999999999,66.2539999999999,60.764,37.5,20.4,28.4
"BOOI4","2018-06-13 04:00",62.2759999999999,88.5,0,0,5.0621953,5.469,0.000196850393700787,"71.545999999999978",71.0419999999999,66.2899999999999,60.764,37.5,20.3,28.4
"BOOI4","2018-06-13 05:00",60.6919999999999,90.7,0,0,2.8923633,346.9,-0.000433070866141732,"70.357999999999933",70.988,66.3079999999999,60.764,37.4,20.3,28.4
"BOOI4","2018-06-13 06:00",59.4859999999999,92.9,37389.09,0,1.7806042,327.6,-0.00062992125984252,"69.20599999999996",70.88,66.3619999999999,60.7819999999999,37.4,20.3,28.4
"BOOI4","2018-06-13 07:00",62.0239999999999,89.9,372245.45,0,2.7738056,300.2,0.00102362204724409,"68.25199999999991",70.7539999999999,66.398,60.7819999999999,37.4,20.3,28.4
"BOOI4","2018-06-13 08:00",67.0279999999999,77.02,991818.2,0,2.8946004,312.7,0.00614173228346457,"67.927999999999898",70.5739999999999,66.4159999999999,60.7819999999999,37.4,20.3,28.4
"BOOI4","2018-06-13 09:00",70.772,60.66,1649454.5,0,2.304048,339.7,0.0120472440944882,"68.66599999999994",70.3939999999999,66.4519999999999,60.7819999999999,37.3,20.3,28.4
"BOOI4","2018-06-13 10:00",71.6179999999999,59.94,1935727.3,0,3.0377645,2.234,0.015748031496063,"70.21399999999997",70.196,66.4699999999999,60.7819999999999,37.3,20.3,28.4
"BOOI4","2018-06-13 11:00",73.49,54.26,2761182,0,2.905785,13.83,0.0223228346456693,"72.085999999999899",70.0339999999999,66.506,60.7819999999999,37.2,20.3,28.4
"BOOI4","2018-06-13 12:00",74.588,43.82,3104545.4,0,4.93469,21.26,0.0273228346456693,"74.281999999999954",69.89,66.506,60.7999999999999,37.2,20.2,28.4
"BOOI4","2018-06-13 13:00",76.2079999999999,36.19,3399090.8,0,4.50296,359,0.0303937007874016,"76.135999999999896",69.8179999999999,66.5239999999999,60.7999999999999,37.2,20.2,28.4
"BOOI4","2018-06-13 14:00",78.89,32.73,3443636.2,0,2.494188,346.8,0.0296062992125984,"78.115999999999943",69.782,66.5239999999999,60.7999999999999,37.2,20.2,28.4
"BOOI4","2018-06-13 15:00",78.764,32.45,3317272.7,0,2.8028858,7.618,0.0292913385826772,"80.437999999999974",69.8179999999999,66.5239999999999,60.7999999999999,37.2,20.2,28.4
"BOOI4","2018-06-13 16:00",79.8079999999999,30.13,3144727.3,0,2.8095968,322.9,0.0280314960629921,"82.669999999999888",69.89,66.506,60.7999999999999,37.1,20.2,28.4
"BOOI4","2018-06-13 17:00",80.1319999999999,31.97,2452181.6,0,2.3174698,1.152,0.0219685039370079,"84.325999999999922",70.0339999999999,66.506,60.7999999999999,37.2,20.1,28.4
"BOOI4","2018-06-13 18:00",79.43,33.88,1926636.4,0,3.4896262,104.2,0.0188976377952756,"85.207999999999942",70.196,66.488,60.8179999999999,37.1,20.1,28.4
"BOOI4","2018-06-13 19:00",77.8099999999999,46.62,1141000,0,4.100311,169.4,0.0133464566929134,"85.153999999999883",70.4119999999999,66.488,60.8179999999999,37.1,20.1,28.4
"BOOI4","2018-06-13 20:00",74.0119999999999,61.19,437163.64,0,3.4225183,229,0.00625984251968504,"84.00199999999991",70.646,66.488,60.8359999999999,37.2,20.1,28.4
"BOOI4","2018-06-13 21:00",71.5279999999999,66.79,34610,0,4.2457123,326.9,0.00421259842519685,"82.111999999999895",70.8619999999999,66.488,60.8359999999999,37.2,20.1,28.4
"BOOI4","2018-06-13 22:00",71.114,67.85,66.36363,0,7.178341,121.3,0.00192913385826772,"80.221999999999966",71.0599999999999,66.488,60.8359999999999,37.3,20.1,28.3
"BOOI4","2018-06-13 23:00",69.6019999999999,68.05,0,0,7.612307,180.1,0.0021259842519685,"78.475999999999928",71.222,66.488,60.8539999999999,37.3,20.1,28.3
"BOOI4","2018-06-14 00:00",67.3339999999999,75.83,0,0,2.460634,195.6,3.93700787401575e-05,"76.999999999999929",71.3119999999999,66.506,60.8539999999999,37.3,20.1,28.4
"BOOI4","2018-06-14 01:00",66.056,76.52,0,0,2.1564102,102.6,-0.00031496062992126,"75.775999999999925",71.33,66.5419999999999,60.8539999999999,37.3,20.1,28.4
"BOOI4","2018-06-14 02:00",66.5599999999999,71.35,0,0,4.657309,119,0.00078740157480315,"74.71399999999997",71.3119999999999,66.5599999999999,60.8539999999999,37.3,20.1,28.4
"BOOI4","2018-06-14 03:00",65.1199999999999,80.5,0,0,4.9615326,96.7,0.000708661417322835,"73.669999999999888",71.2759999999999,66.5779999999999,60.8539999999999,37.3,20.1,28.4
"BOOI4","2018-06-14 04:00",59.99,89.4,0,0.82992125,9.464493,105,0.000118110236220472,"71.275999999999925",71.1859999999999,66.614,60.872,37.5,20.5,28.4
"BOOI4","2018-06-14 05:00",59.99,93.9,0,0.25,12.063818,108.4,0.000118110236220472,"68.791999999999931",71.0419999999999,66.596,60.872,37.7,22.6,28.5
"BOOI4","2018-06-14 06:00",59.7739999999999,97.1,2368.1817,0.42007875,12.421728,137.9,0.000236220472440945,"67.765999999999948",70.8439999999999,66.614,60.9079999999999,37.8,23.7,28.6
"BOOI4","2018-06-14 07:00",60.6199999999999,99.6,0,0.62992126,13.394796,121.5,0.000354330708661417,"M",70.5919999999999,66.5779999999999,60.9079999999999,38.1,33.9,28.9
"BOOI4","2018-06-14 08:00",61.4659999999999,92.4,4222.7273,0.5,17.175226,137.7,0.000511811023622047,"M",70.3039999999999,66.6499999999999,60.9259999999999,38.9,34,28.9
"BOOI4","2018-06-14 09:00",64.8859999999999,91.9,3633.6365,0.020000001,12.372516,89.5,0.00188976377952756,"71.20399999999988",70.0159999999999,66.6859999999999,60.9439999999999,38.8,34,28.9
"BOOI4","2018-06-14 10:00",62.1859999999999,99.9,3540.9093,1.15,3.3688316,15.88,0.00015748031496063,"71.149999999999935",69.7279999999999,66.7039999999999,60.9439999999999,41.1,34.1,29.1
"BOOI4","2018-06-14 11:00",61.988,100,13227.274,0.080000006,7.8829765,156.2,0.000118110236220472,"70.267999999999915",69.4579999999999,66.722,60.9619999999999,44.1,34.1,29.1
"BOOI4","2018-06-14 12:00",63.8239999999999,97.8,126118.18,0,12.406069,143.5,0.000748031496062992,"69.529999999999973",69.188,66.722,60.98,44.1,34.1,29.1
"BOOI4","2018-06-14 13:00",67.082,90.7,887545.5,0,12.240536,167.2,0.00586614173228346,"69.07999999999997",68.9539999999999,66.7039999999999,60.9619999999999,44,34.1,29
"BOOI4","2018-06-14 14:00",70.646,84.2,1859181.9,0,13.649809,157.1,0.0137007874015748,"69.745999999999981",68.738,66.7039999999999,60.98,44,34,28.9
"BOOI4","2018-06-14 15:00",73.598,76.27,2645909.2,0,15.150794,144.6,0.0197637795275591,"71.347999999999956",68.5399999999999,66.6679999999999,60.998,44,34,28.9
"BOOI4","2018-06-14 16:00",75.5599999999999,72.87,2325000,0,13.674414,149.3,0.0196062992125984,"72.931999999999945",68.3779999999999,66.6499999999999,60.998,43.9,33.9,28.9
"BOOI4","2018-06-14 17:00",77.306,75.02,2461818,0,12.506732,148,0.0216929133858268,"74.425999999999917",68.2519999999999,66.614,61.0159999999999,43.9,33.9,28.9
"BOOI4","2018-06-14 18:00",78.0619999999999,76.8,1814363.6,0,10.963243,141,0.017244094488189,"75.019999999999897",68.198,66.5779999999999,61.0159999999999,43.9,33.9,28.9
"BOOI4","2018-06-14 19:00",76.748,80.1,1070000,0,11.180226,131.4,0.0115748031496063,"74.209999999999908",68.2159999999999,66.5419999999999,61.0339999999999,43.9,33.9,28.9
"BOOI4","2018-06-14 20:00",74.624,84.7,515909.06,0,10.840212,128.1,0.00645669291338583,"74.047999999999959",68.2699999999999,66.506,61.0519999999999,43.7,33.9,28.9
"BOOI4","2018-06-14 21:00",72.014,90.3,113302.734,0,8.972366,121.6,0.0018503937007874,"73.309999999999917",68.3599999999999,66.4519999999999,61.0519999999999,43.2,33.9,28.9
"BOOI4","2018-06-14 22:00",70.106,92.7,440,0,9.920829,123.9,0.000275590551181102,"72.391999999999925",68.4679999999999,66.4159999999999,61.0699999999999,42.1,33.8,28.9
"BOOI4","2018-06-14 23:00",69.2419999999999,93.5,0,0,10.041623,128.7,0.00015748031496063,"71.50999999999992",68.5759999999999,66.38,61.088,40.7,33.8,28.8
"BOOI4","2018-06-15 00:00",68.5939999999999,94.7,0,0,9.967804,130.6,7.8740157480315e-05,"70.753999999999891",68.6659999999999,66.3439999999999,61.088,40.5,33.8,28.8
"BOOI4","2018-06-15 01:00",68.0359999999999,96.2,0,0,9.023816,140.6,-0.000118110236220472,"70.123999999999953",68.7019999999999,66.3079999999999,61.106,40.5,33.8,28.8
"BOOI4","2018-06-15 02:00",67.5679999999999,97.5,0,0,9.690424,149.5,-0.00015748031496063,"69.583999999999932",68.7199999999999,66.2899999999999,61.106,40.5,33.8,28.8
"BOOI4","2018-06-15 03:00",67.1539999999999,98.7,0,0,6.795824,147.5,-0.000393700787401575,"69.133999999999929",68.7199999999999,66.2539999999999,61.124,40.5,33.8,28.8
"BOOI4","2018-06-15 04:00",67.4779999999999,98.7,0,0,6.489363,148.1,-0.00047244094488189,"68.755999999999958",68.6839999999999,66.2539999999999,61.1419999999999,40.4,33.8,28.8
"BOOI4","2018-06-15 05:00",67.8919999999999,98.5,0,0,6.4401503,139.2,-0.000433070866141732,"68.467999999999918",68.648,66.2359999999999,61.1419999999999,40.4,33.8,28.8
"BOOI4","2018-06-15 06:00",67.514,98.8,17297.274,0,5.610245,142.4,-0.00047244094488189,"68.215999999999937",68.5759999999999,66.2179999999999,61.1419999999999,40.3,33.8,28.8
"BOOI4","2018-06-15 07:00",69.98,96.7,350390.9,0,6.529628,160.7,0.000984251968503937,"68.071999999999974",68.5039999999999,66.2179999999999,61.1419999999999,40.3,33.8,28.8
"BOOI4","2018-06-15 08:00",75.0199999999999,87.7,780272.77,0,8.556295,184.6,0.0052755905511811,"68.521999999999977",68.4319999999999,66.1999999999999,61.1599999999999,40.3,33.8,28.8
"BOOI4","2018-06-15 09:00",79.3939999999999,78.91,1422727.3,0,10.571778,201.4,0.0123228346456693,"69.601999999999904",68.3599999999999,66.1819999999999,61.1599999999999,40.2,33.8,28.8
"BOOI4","2018-06-15 10:00",82.7779999999999,70.23,2064727.3,0,11.124303,203.3,0.0197637795275591,"71.221999999999966",68.288,66.164,61.1599999999999,40.2,33.8,28.8
"BOOI4","2018-06-15 11:00",84.9739999999999,70.39,2588818,0,11.242861,200.5,0.0253149606299213,"73.147999999999954",68.2339999999999,66.164,61.1779999999999,40.1,33.8,28.8
"BOOI4","2018-06-15 12:00",86.5939999999999,71.15,2956182,0,11.824465,197.6,0.029488188976378,"75.181999999999945",68.2159999999999,66.1279999999999,61.1779999999999,40.1,33.8,28.8
"BOOI4","2018-06-15 13:00",88.2679999999999,65.13,3191818.4,0,11.14891,202,0.0321653543307087,"77.053999999999888",68.2519999999999,66.1279999999999,61.1779999999999,40,33.8,28.8
"BOOI4","2018-06-15 14:00",89.006,66.16,3270909.2,0,10.929689,182.1,0.0332677165354331,"78.835999999999899",68.3599999999999,66.1099999999999,61.1779999999999,40,33.8,28.9
"BOOI4","2018-06-15 15:00",89.582,63.25,3116363.5,0,12.177901,174.3,0.0331496062992126,"80.347999999999956",68.522,66.0919999999999,61.1779999999999,40,33.8,28.9
"BOOI4","2018-06-15 16:00",90.122,60.07,2759636.5,0,13.484274,179,0.0321259842519685,"81.33799999999998",68.7199999999999,66.056,61.1779999999999,40,33.8,28.9
"BOOI4","2018-06-15 17:00",89.2939999999999,63.57,2167182,0,13.097283,177.4,0.0275196850393701,"82.219999999999899",68.972,66.056,61.196,39.9,33.8,28.9
"BOOI4","2018-06-15 18:00",88.088,63.59,1414091,0,11.444185,173.8,0.0203149606299213,"82.633999999999929",69.2779999999999,66.038,61.196,39.9,33.8,28.9
"BOOI4","2018-06-15 19:00",87.2239999999999,67.57,967727.23,0,10.137813,173,0.0153149606299213,"82.45399999999988",69.6019999999999,66.0199999999999,61.196,39.9,33.8,28.8
"BOOI4","2018-06-15 20:00",83.93,73.69,497854.52,0,8.167068,169.8,0.00921259842519685,"81.823999999999941",69.89,66.0199999999999,61.196,40,33.8,28.8
"BOOI4","2018-06-15 21:00",80.7259999999999,77.23,91481.82,0,6.16277,162.9,0.00358267716535433,"80.545999999999978",70.196,66.0199999999999,61.196,40,33.8,28.8
"BOOI4","2018-06-15 22:00",78.314,83,455.45456,0,5.7243295,171,0.00118110236220473,"79.08799999999998",70.448,66.038,61.196,39.9,33.8,28.8
"BOOI4","2018-06-15 23:00",77.5939999999999,84.1,0,0,4.2032104,184.3,0.00047244094488189,"77.755999999999958",70.664,66.056,61.196,39.9,33.8,28.8
"BOOI4","2018-06-16 00:00",77.756,80.7,0,0,7.3975606,188.3,0.00118110236220473,"76.675999999999917",70.8259999999999,66.0739999999999,61.196,39.9,33.8,28.8
"BOOI4","2018-06-16 01:00",76.8019999999999,82.3,0,0,7.33269,183.3,0.00106299212598425,"75.757999999999939",70.9339999999999,66.1099999999999,61.214,39.9,33.8,28.8
"BOOI4","2018-06-16 02:00",73.922,89.7,0,0,5.7847266,189.6,0.000511811023622047,"74.929999999999978",71.006,66.146,61.214,39.9,33.8,28.8
"BOOI4","2018-06-16 03:00",73.238,89.8,0,0,5.330628,189,0.000118110236220472,"74.191999999999936",71.0419999999999,66.1819999999999,61.196,39.9,33.8,28.8
"BOOI4","2018-06-16 04:00",72.7699999999999,91.5,0,0,5.898811,191.8,0.000196850393700787,"73.543999999999912",71.0419999999999,66.2359999999999,61.196,39.8,33.8,28.8
"BOOI4","2018-06-16 05:00",72.338,91.7,0,0,5.7355137,191.8,7.8740157480315e-05,"72.967999999999918",71.006,66.272,61.214,39.8,33.8,28.8
"BOOI4","2018-06-16 06:00",71.9419999999999,92,8091.818,0,4.916794,180.2,-3.93700787401575e-05,"72.445999999999984",70.9699999999999,66.3079999999999,61.214,39.8,33.7,28.8
"BOOI4","2018-06-16 07:00",73.9039999999999,88.6,221918.2,0,5.905522,162.5,0.00122047244094488,"72.04999999999994",70.88,66.3619999999999,61.214,39.7,33.7,28.8
"BOOI4","2018-06-16 08:00",77.3599999999999,82.4,830636.35,0,7.3147936,173.7,0.00673228346456693,"72.175999999999917",70.8079999999999,66.398,61.196,39.7,33.7,28.8
"BOOI4","2018-06-16 09:00",80.348,77.66,1455454.5,0,10.381639,190.5,0.0135433070866142,"73.057999999999936",70.7179999999999,66.4339999999999,61.214,39.7,33.7,28.8
"BOOI4","2018-06-16 10:00",82.7599999999999,75.42,2042727.4,0,11.005745,194.1,0.019251968503937,"74.58799999999998",70.646,66.4699999999999,61.196,39.6,33.7,28.8
"BOOI4","2018-06-16 11:00",84.6859999999999,72.32,2098454.6,0,10.918504,199.3,0.0209842519685039,"76.495999999999981",70.5739999999999,66.488,61.214,39.5,33.7,28.8
"BOOI4","2018-06-16 12:00",86.0359999999999,67.66,2621636.5,0,12.461993,193.9,0.0269291338582677,"78.655999999999963",70.538,66.5239999999999,61.214,39.5,33.7,28.8
"BOOI4","2018-06-16 13:00",87.782,68.5,2625909,0,10.999034,191.7,0.0272834645669291,"80.725999999999928",70.538,66.5419999999999,61.214,39.5,33.7,28.8
"BOOI4","2018-06-16 14:00",87.6199999999999,69.01,2919818,0,12.119741,178.1,0.0306299212598425,"83.209999999999908",70.5919999999999,66.5599999999999,61.214,39.4,33.7,28.8
"BOOI4","2018-06-16 15:00",89.4739999999999,63.71,3153636.5,0,13.730338,174.7,0.0331889763779528,"85.369999999999891",70.6819999999999,66.5779999999999,61.214,39.4,33.6,28.8
"BOOI4","2018-06-16 16:00",90.0679999999999,63.27,2754454.6,0,14.434974,174.1,0.0317322834645669,"87.223999999999947",70.8079999999999,66.596,61.214,39.4,33.6,28.8
"BOOI4","2018-06-16 17:00",90.1579999999999,61.8,2266909,0,14.106144,174.5,0.0285826771653543,"88.37599999999992",70.988,66.614,61.214,39.3,33.6,28.8
"BOOI4","2018-06-16 18:00",89.546,64.66,1746181.9,0,12.482125,173.6,0.023740157480315,"88.897999999999954",71.2039999999999,66.6319999999999,61.2319999999999,39.4,33.6,28.8
"BOOI4","2018-06-16 19:00",88.448,63.19,1064727.3,0,10.981138,170.3,0.0171653543307087,"88.771999999999977",71.438,66.6499999999999,61.2319999999999,39.4,33.6,28.8
"BOOI4","2018-06-16 20:00",85.046,71.69,505463.62,0,7.717443,170.8,0.00952755905511811,"87.871999999999971",71.69,66.6499999999999,61.2319999999999,39.4,33.6,28.8
"BOOI4","2018-06-16 21:00",81.0499999999999,78.94,59124.546,0,5.3082585,161.6,0.00362204724409449,"86.233999999999924",71.9419999999999,66.6859999999999,61.2319999999999,39.4,33.5,28.8
"BOOI4","2018-06-16 22:00",78.9079999999999,85.9,225.45454,0,5.216544,155.3,0.000748031496062992,"84.451999999999913",72.1939999999999,66.7039999999999,61.2319999999999,39.5,33.5,28.8
"BOOI4","2018-06-16 23:00",77.972,88.6,0,0,5.4648447,153.7,0.000354330708661417,"82.867999999999924",72.3919999999999,66.74,61.2499999999999,39.5,33.5,28.8
"BOOI4","2018-06-17 00:00",76.3159999999999,90.2,0,0,4.549936,164.8,0,"81.481999999999957",72.5359999999999,66.7759999999999,61.2499999999999,39.5,33.5,28.8
"BOOI4","2018-06-17 01:00",76.6759999999999,83.6,0,0,5.822755,189.3,0.000393700787401575,"80.32999999999997",72.6439999999999,66.8119999999999,61.2499999999999,39.5,33.5,28.8
"BOOI4","2018-06-17 02:00",77.396,81.9,0,0,8.815781,196.4,0.00133858267716536,"79.357999999999933",72.698,66.8659999999999,61.2499999999999,39.4,33.5,28.9
"BOOI4","2018-06-17 03:00",74.6779999999999,88.3,0,0,5.200886,192.1,0.000511811023622047,"78.457999999999942",72.7339999999999,66.9199999999999,61.2679999999999,39.4,33.5,28.8
"BOOI4","2018-06-17 04:00",74.3539999999999,88.6,0,0,4.885477,182.8,7.8740157480315e-05,"77.629999999999981",72.7159999999999,67.0099999999999,61.2679999999999,39.4,33.5,28.9
"BOOI4","2018-06-17 05:00",74.5699999999999,87.5,0,0,5.9502606,167.6,0.00031496062992126,"76.873999999999953",72.68,67.0279999999999,61.2679999999999,39.4,33.5,28.9
"BOOI4","2018-06-17 06:00",73.8859999999999,89.6,8020,0,6.1650066,181.5,0.00031496062992126,"76.189999999999955",72.6259999999999,67.082,61.2679999999999,39.3,33.5,28.8
"BOOI4","2018-06-17 07:00",75.5239999999999,85.3,183372.74,0,7.12018,193.7,0.00220472440944882,"75.649999999999935",72.5539999999999,67.1359999999999,61.2859999999999,39.3,33.5,28.9
"BOOI4","2018-06-17 08:00",79.1779999999999,78.91,803545.5,0,8.896311,198.9,0.00783464566929134,"75.541999999999931",72.464,67.172,61.2859999999999,39.3,33.5,28.8
"BOOI4","2018-06-17 09:00",82.472,72.87,1497363.5,0,11.341287,209.7,0.0154330708661417,"76.297999999999959",72.356,67.2079999999999,61.2859999999999,39.2,33.5,28.8
"BOOI4","2018-06-17 10:00",84.74,69.26,2118636.5,0,12.857931,212.6,0.0226771653543307,"77.917999999999921",72.2659999999999,67.2619999999999,61.2859999999999,39.2,33.5,28.8
"BOOI4","2018-06-17 11:00",86.1439999999999,65.49,2514909,0,14.099433,212.4,0.0275590551181102,"80.113999999999962",72.1759999999999,67.298,61.3039999999999,39.1,33.5,28.8
"BOOI4","2018-06-17 12:00",88.556,63.76,3051818,0,14.519978,213.8,0.0333070866141732,"82.489999999999952",72.122,67.3339999999999,61.3039999999999,39.1,33.5,28.8
"BOOI4","2018-06-17 13:00",88.9339999999999,61.17,2948000,0,13.26058,209.2,0.0332677165354331,"84.973999999999947",72.122,67.3519999999999,61.322,39.1,33.5,28.8
"BOOI4","2018-06-17 14:00",89.69,62.2,2919545.4,0,13.640861,208.8,0.0331496062992126,"86.863999999999962",72.1579999999999,67.3699999999999,61.322,39,33.4,28.8
"BOOI4","2018-06-17 15:00",90.8419999999999,61.69,3028454.6,0,13.629675,207.9,0.034488188976378,"88.627999999999901",72.2659999999999,67.406,61.3399999999999,39,33.4,28.8
"BOOI4","2018-06-17 16:00",90.68,63.62,2164818.4,0,12.654369,201.7,0.0281102362204724,"89.959999999999908",72.4279999999999,67.406,61.3399999999999,39,33.4,28.8
"BOOI4","2018-06-17 17:00",88.9159999999999,66.29,1356454.6,0,11.126539,195.7,0.0198818897637795,"90.301999999999907",72.6259999999999,67.4419999999999,61.3579999999999,39,33.4,28.8
"BOOI4","2018-06-17 18:00",89.0779999999999,61.81,1092272.7,0,10.714943,192.4,0.0173622047244095,"89.887999999999877",72.8779999999999,67.4599999999999,61.3579999999999,39,33.4,28.7
"BOOI4","2018-06-17 19:00",85.838,71.72,401090.9,0,7.907583,198.6,0.0097244094488189,"89.041999999999931",73.148,67.4779999999999,61.3759999999999,39.1,33.4,28.7
"BOOI4","2018-06-17 20:00",83.138,78.43,204190.92,0,4.9078465,181.3,0.00492125984251969,"87.79999999999994",73.4359999999999,67.496,61.3759999999999,39.1,33.4,28.7
"BOOI4","2018-06-17 21:00",81.356,81.4,116181.82,0,4.5230927,173.9,0.0021259842519685,"86.485999999999905",73.706,67.532,61.3939999999999,39.1,33.4,28.7
"BOOI4","2018-06-17 22:00",79.9159999999999,82.1,255.45457,0,4.6729674,186.5,0.00133858267716536,"85.135999999999896",73.94,67.5679999999999,61.3939999999999,39.1,28.9,28.7
"BOOI4","2018-06-17 23:00",79.772,80.8,0,0,5.6460366,198,0.0015748031496063,"83.87599999999992",74.1199999999999,67.6039999999999,61.4119999999999,39.1,28.2,28.7
"BOOI4","2018-06-18 00:00",80.5999999999999,77.97,0,0,7.399798,197,0.00200787401574803,"82.813999999999965",74.264,67.6579999999999,61.4119999999999,39.1,28.1,28.7
"BOOI4","2018-06-18 01:00",81.032,75.42,0,0,8.7620945,199.4,0.00248031496062992,"81.967999999999918",74.3539999999999,67.7119999999999,61.43,39.1,28,28.7
"BOOI4","2018-06-18 02:00",80.564,76.44,0,0,10.316768,206.6,0.00283464566929134,"81.301999999999907",74.4079999999999,67.7659999999999,61.43,39.1,27.8,28.7
"BOOI4","2018-06-18 03:00",79.34,76.93,0,0,10.0841255,214.7,0.00259842519685039,"80.671999999999969",74.4079999999999,67.8199999999999,61.448,39.1,27.7,28.7
"BOOI4","2018-06-18 04:00",77.2159999999999,83.1,0,0,8.862756,229,0.0021259842519685,"79.987999999999985",74.4079999999999,67.874,61.4659999999999,39.1,27.4,28.7
"BOOI4","2018-06-18 05:00",73.8679999999999,92.2,0,0,4.4761167,260.9,0.000826771653543307,"79.21399999999997",74.39,67.9279999999999,61.4659999999999,39.1,27.2,28.7
"BOOI4","2018-06-18 06:00",74.7859999999999,87.9,13332.7265,0,5.279178,238.9,0.000748031496062992,"78.547999999999959",74.3359999999999,67.982,61.4839999999999,39,27.1,28.7
"BOOI4","2018-06-18 07:00",75.6679999999999,87.1,155954.54,0,5.433527,222.1,0.00196850393700787,"78.025999999999925",74.264,68.0539999999999,61.4839999999999,39,26.9,28.7
"BOOI4","2018-06-18 08:00",78.4759999999999,83.1,749545.5,0,5.6840644,221.7,0.0062992125984252,"77.899999999999935",74.1919999999999,68.09,61.5019999999999,39,26.8,28.7
"BOOI4","2018-06-18 09:00",79.664,80.2,935545.4,0,6.643712,218.8,0.00925196850393701,"78.403999999999883",74.1019999999999,68.1439999999999,61.5199999999999,39,26.6,28.7
"BOOI4","2018-06-18 10:00",82.49,74.37,1811363.6,0,9.350409,230.4,0.0175196850393701,"79.483999999999924",74.0119999999999,68.198,61.5199999999999,38.9,26.4,28.7
"BOOI4","2018-06-18 11:00",85.046,69.84,2674909.2,0,10.401772,230.9,0.0254724409448819,"81.481999999999957",73.94,68.2339999999999,61.538,38.9,26.2,28.7
"BOOI4","2018-06-18 12:00",86.7199999999999,67.66,2757545.4,0,8.943286,225.2,0.0269291338582677,"84.091999999999928",73.8679999999999,68.2699999999999,61.556,38.8,26,28.7
"BOOI4","2018-06-18 13:00",89.1319999999999,67.47,3277272.7,0,7.972454,216.8,0.0319291338582677,"86.719999999999899",73.8499999999999,68.306,61.556,38.8,25.8,28.7
"BOOI4","2018-06-18 14:00",90.59,62.72,3365454.6,0,8.524979,202.6,0.0338582677165354,"89.581999999999951",73.8859999999999,68.3419999999999,61.5739999999999,38.7,25.7,28.7
"BOOI4","2018-06-18 15:00",91.2739999999999,60.73,2768636.2,0,8.556295,220.8,0.0301968503937008,"91.723999999999947",73.9939999999999,68.3599999999999,61.5919999999999,38.8,25.6,28.7
"BOOI4","2018-06-18 16:00",91.1659999999999,60.88,2518454.6,0,9.605421,203,0.0288188976377953,"93.019999999999897",74.156,68.396,61.6099999999999,38.7,25.5,28.7
"BOOI4","2018-06-18 17:00",91.2739999999999,62.86,2156818.4,0,8.316943,199.3,0.0248031496062992,"93.82999999999997",74.372,68.414,61.6099999999999,38.8,25.3,28.7
"BOOI4","2018-06-18 18:00",75.1099999999999,90.9,483390.9,0,8.97684,49.19,0.00956692913385827,"93.307999999999936",74.624,68.4499999999999,61.6279999999999,38.8,25.2,28.7
"BOOI4","2018-06-18 19:00",73.832,96.6,119772.73,0.010000001,6.010658,47.77,0.00169291338582677,"91.219999999999899",74.9119999999999,68.4679999999999,61.646,38.8,25.1,28.7
"BOOI4","2018-06-18 20:00",69.638,97.2,28268.185,0.39015746,11.866966,280.3,0.000984251968503937,"88.699999999999932",75.2179999999999,68.5039999999999,61.664,38.9,25.7,28.7
"BOOI4","2018-06-18 21:00",72.4999999999999,96,589.09094,0.7299213,14.0435095,264.2,0.000984251968503937,"84.325999999999922",75.5599999999999,68.5039999999999,61.682,39.5,32.4,29.1
"BOOI4","2018-06-18 22:00",71.7439999999999,98.9,0,0.16000001,4.2367644,282.5,0.00015748031496063,"M",75.83,68.648,61.7179999999999,42.9,32.8,29.2
"BOOI4","2018-06-18 23:00",71.78,98.8,0,0.060000002,2.1720688,326.1,3.93700787401575e-05,"M",75.9739999999999,68.7199999999999,61.7539999999999,42.9,32.8,29.2
"BOOI4","2018-06-19 00:00",71.438,99.4,0,0,1.5882274,183.8,3.93700787401575e-05,"M",75.9919999999999,68.7919999999999,61.772,43,32.8,29.2
"BOOI4","2018-06-19 01:00",70.0519999999999,95.6,0,0.07,11.7103815,265.9,0.000590551181102362,"M",75.938,68.864,61.79,42.9,32.9,29.2
"BOOI4","2018-06-19 02:00",69.53,96.6,0,0,2.7066975,205.6,0.00015748031496063,"M",75.83,68.9359999999999,61.8079999999999,43,32.8,29.2
"BOOI4","2018-06-19 03:00",70.3939999999999,97.8,0,0,2.4293168,183.4,0.000118110236220472,"M",75.7039999999999,68.99,61.8439999999999,43,32.8,29.2
"BOOI4","2018-06-19 04:00",70.0699999999999,97.5,0,0.05,10.535988,237.2,0.000393700787401575,"M",75.5599999999999,69.0619999999999,61.8439999999999,43,32.9,29.2
"BOOI4","2018-06-19 05:00",69.5119999999999,98,0,0.080000006,7.607833,187.7,0.000196850393700787,"M",75.398,69.1159999999999,61.88,43,33,29.2
"BOOI4","2018-06-19 06:00",69.188,98.9,6644.545,0.010000001,1.4383525,274.8,7.8740157480315e-05,"181.04",75.1999999999999,69.188,61.898,43,33,29.2
"BOOI4","2018-06-19 07:00",69.5659999999999,99.3,90090.91,0,1.3488748,31.37,0.00047244094488189,"88.951999999999913",75.0199999999999,69.2419999999999,61.9159999999999,43,33,29.2
"BOOI4","2018-06-19 08:00",70.196,99.6,143463.64,0.05,1.93719,81.6,0.00118110236220473,"87.385999999999896",74.84,69.2779999999999,61.9519999999999,43,33,29.2
"BOOI4","2018-06-19 09:00",70.1419999999999,99.9,129918.2,0.09,1.3645334,57.8,0.00106299212598425,"85.369999999999891",74.6599999999999,69.314,61.9519999999999,43.1,33.2,29.3
"BOOI4","2018-06-19 10:00",69.8539999999999,99.7,106663.635,0.080000006,3.950436,261.2,0.000866141732283465,"82.903999999999883",74.48,69.3679999999999,61.988,43.1,33.2,29.3
"BOOI4","2018-06-19 11:00",70.5019999999999,99.8,198654.56,0.080000006,10.837974,206.4,0.00133858267716536,"80.977999999999895",74.2999999999999,69.4039999999999,62.006,43.2,33.2,29.3
"BOOI4","2018-06-19 12:00",71.348,98.1,477090.9,0.010000001,9.587524,138,0.00338582677165354,"80.32999999999997",74.1199999999999,69.422,62.006,43.1,33.2,29.3
"BOOI4","2018-06-19 13:00",74.4619999999999,90.4,1285454.5,0,6.1582956,314.6,0.0100393700787402,"81.04999999999994",73.9579999999999,69.44,62.0239999999999,43.1,33.2,29.3
"BOOI4","2018-06-19 14:00",76.6039999999999,84,1867272.7,0,3.1809287,357,0.0153937007874016,"82.201999999999913",73.814,69.4579999999999,62.0419999999999,43.1,33.2,29.3
"BOOI4","2018-06-19 15:00",78.0259999999999,78.23,1571909.2,0,1.230317,23.8,0.0134645669291339,"83.497999999999962",73.6699999999999,69.4759999999999,62.0599999999999,43,33.1,29.3
"BOOI4","2018-06-19 16:00",78.0259999999999,81.1,1807181.9,0,2.4002366,130.7,0.0155118110236221,"84.109999999999914",73.5619999999999,69.4579999999999,62.096,43,33.1,29.3
"BOOI4","2018-06-19 17:00",79.106,76.95,1760818.1,0,3.7155573,196.6,0.0153543307086614,"84.559999999999917",73.472,69.4579999999999,62.096,43,33,29.3
"BOOI4","2018-06-19 18:00",78.9619999999999,81.6,1606272.7,0,3.6372645,175.5,0.0138976377952756,"85.225999999999928",73.4359999999999,69.4579999999999,62.1319999999999,43,33,29.3
"BOOI4","2018-06-19 19:00",77.4319999999999,84.7,681909.1,0,5.6997232,158.6,0.00712598425196851,"83.87599999999992",73.4539999999999,69.44,62.1499999999999,43,32.9,29.3
"BOOI4","2018-06-19 20:00",76.082,88.1,365200,0,4.836264,149.3,0.00385826771653543,"82.291999999999931",73.5079999999999,69.422,62.1679999999999,43,32.9,29.2
"BOOI4","2018-06-19 21:00",74.2999999999999,93.3,53603.634,0,4.2300534,135.4,0.00110236220472441,"79.843999999999909",73.58,69.4039999999999,62.1859999999999,43,32.9,29.2
"BOOI4","2018-06-19 22:00",73.7239999999999,94.3,138.1818,0,4.9100833,153.5,0.000118110236220472,"78.691999999999936",73.6699999999999,69.4039999999999,62.2039999999999,43,32.9,29.2
"BOOI4","2018-06-19 23:00",73.3819999999999,95.6,0,0,5.1248293,169.1,7.8740157480315e-05,"77.773999999999944",73.7419999999999,69.3859999999999,62.222,43,32.9,29.2
"BOOI4","2018-06-20 00:00",72.788,97.6,0,0,4.2255797,169.7,-7.8740157480315e-05,"77.017999999999915",73.7779999999999,69.3679999999999,62.24,43,32.9,29.2
"BOOI4","2018-06-20 01:00",72.1579999999999,98.7,0,0,3.424755,189.3,-0.000236220472440945,"76.387999999999977",73.796,69.3679999999999,62.2579999999999,43,32.9,29.2
"BOOI4","2018-06-20 02:00",71.7259999999999,99.3,0,0,2.872231,168.7,-0.00031496062992126,"75.82999999999997",73.7779999999999,69.3679999999999,62.2759999999999,43,32.9,29.2
"BOOI4","2018-06-20 03:00",72.1039999999999,99.4,0,0,3.5679193,188.6,-0.00031496062992126,"75.41599999999994",73.7419999999999,69.3679999999999,62.2939999999999,42.9,32.9,29.2
"BOOI4","2018-06-20 04:00",70.196,96.3,0,0,2.9907887,262.3,-0.000275590551181102,"75.073999999999941",73.688,69.3679999999999,62.3119999999999,42.9,32.9,29.2
"BOOI4","2018-06-20 05:00",69.4039999999999,92.3,0,0,2.8744678,67.9,-0.00015748031496063,"74.695999999999984",73.6159999999999,69.3679999999999,62.33,42.9,32.9,29.2
"BOOI4","2018-06-20 06:00",67.748,96.1,4088.182,0,1.6150707,73.36,-0.000236220472440945,"74.191999999999936",73.5259999999999,69.3499999999999,62.348,42.9,32.9,29.2
"BOOI4","2018-06-20 07:00",69.98,92.9,235472.72,0,1.5770427,89.8,0.00015748031496063,"73.687999999999974",73.4539999999999,69.3679999999999,62.3659999999999,42.9,32.9,29.2
"BOOI4","2018-06-20 08:00",72.014,90.6,902454.5,0,3.1205313,70.51,0.00559055118110236,"73.633999999999929",73.346,69.3679999999999,62.3839999999999,42.9,32.8,29.2
"BOOI4","2018-06-20 09:00",73.022,93,1335272.7,0,4.8273163,50.67,0.00925196850393701,"74.533999999999921",73.238,69.3499999999999,62.4019999999999,42.9,32.8,29.2
"BOOI4","2018-06-20 10:00",75.1099999999999,87.9,1598636.4,0,4.516382,93.6,0.012244094488189,"75.82999999999997",73.13,69.3499999999999,62.4199999999999,42.8,32.8,29.2
"BOOI4","2018-06-20 11:00",75.938,85.2,1185636.4,0,4.8206058,112.9,0.0101968503937008,"77.053999999999888",73.0399999999999,69.3499999999999,62.438,42.8,32.8,29.2
"BOOI4","2018-06-20 12:00",76.1539999999999,87.6,979636.35,0,5.668406,100.5,0.00921259842519685,"77.827999999999903",72.9679999999999,69.332,62.456,42.8,32.8,29.2
"BOOI4","2018-06-20 13:00",77.5759999999999,87,1127727.3,0,7.012807,110.9,0.0104724409448819,"78.133999999999929",72.9319999999999,69.332,62.4739999999999,42.8,32.8,29.2
"BOOI4","2018-06-20 14:00",79.3939999999999,81,1618091,0,7.983639,123.8,0.014251968503937,"78.529999999999973",72.914,69.314,62.4919999999999,42.8,32.7,29.2
"BOOI4","2018-06-20 15:00",69.6199999999999,98.4,719090.9,0.2,11.305494,119.2,0.00783464566929134,"78.745999999999981",72.9319999999999,69.296,62.5099999999999,42.9,32.9,29.2
"BOOI4","2018-06-20 16:00",70.6279999999999,96.8,194881.8,0.07,6.200798,171.2,0.00165354330708661,"77.791999999999931",72.9679999999999,69.296,62.5279999999999,42.9,33,29.2
"BOOI4","2018-06-20 17:00",76.2079999999999,88.6,1919363.6,0,6.634764,141.3,0.0140944881889764,"77.773999999999944",73.022,69.314,62.546,42.9,33,29.2
"BOOI4","2018-06-20 18:00",74.93,92.7,931363.65,0.030000001,6.138163,149.3,0.00767716535433071,"78.871999999999971",73.0579999999999,69.314,62.564,42.9,33.1,29.2
"BOOI4","2018-06-20 19:00",73.346,92.3,640000,0.010000001,7.5877004,226.1,0.00531496062992126,"78.817999999999913",73.0939999999999,69.296,62.564,42.9,33.1,29.2
"BOOI4","2018-06-20 20:00",72.122,89.7,400636.35,0,10.222816,246.9,0.00358267716535433,"78.115999999999943",73.13,69.296,62.582,42.9,33.1,29.2
"BOOI4","2018-06-20 21:00",69.6199999999999,95,171689.09,0,8.131277,233.6,0.000511811023622047,"77.053999999999888",73.1839999999999,69.2779999999999,62.5999999999999,42.9,33,29.2
"BOOI4","2018-06-20 22:00",68.8279999999999,94.5,143.63636,0,6.6079206,237.5,0.000118110236220472,"76.00999999999992",73.2199999999999,69.2779999999999,62.6179999999999,42.9,33,29.2
"BOOI4","2018-06-20 23:00",67.856,94.1,0,0,6.256721,237,0.00015748031496063,"75.055999999999969",73.238,69.2599999999999,62.6359999999999,42.9,32.9,29.2
"BOOI4","2018-06-21 00:00",66.848,94.7,0,0,6.3439617,239.7,0.00015748031496063,"74.245999999999981",73.2199999999999,69.2779999999999,62.6359999999999,42.9,32.9,29.2
"BOOI4","2018-06-21 01:00",66.4699999999999,95.3,0,0,4.4895387,224.1,0,"73.489999999999952",73.1839999999999,69.2599999999999,62.6539999999999,42.8,32.9,29.2
"BOOI4","2018-06-21 02:00",65.93,96.3,0,0,3.1429007,193.5,-0.00015748031496063,"72.859999999999914",73.1119999999999,69.2599999999999,62.672,42.8,32.9,29.2
"BOOI4","2018-06-21 03:00",64.7599999999999,97.8,0,0,6.1761913,187.6,-7.8740157480315e-05,"72.229999999999976",73.022,69.2599999999999,62.672,42.8,32.8,29.2
"BOOI4","2018-06-21 04:00",64.3099999999999,97.5,0,0,4.0063596,201,-0.00015748031496063,"71.635999999999896",72.914,69.2419999999999,62.69,42.8,32.8,29.2
"BOOI4","2018-06-21 05:00",64.0399999999999,97.8,0,0,4.0130706,181.4,-0.00015748031496063,"71.113999999999962",72.806,69.2599999999999,62.7079999999999,42.7,32.8,29.2
"BOOI4","2018-06-21 06:00",63.23,99.3,3074.5456,0,4.14505,171.2,-0.000196850393700787,"70.645999999999987",72.6619999999999,69.2599999999999,62.7079999999999,42.7,32.8,29.2
"BOOI4","2018-06-21 07:00",63.3199999999999,99.3,68824.55,0,3.7625332,156,0.00047244094488189,"70.195999999999984",72.5179999999999,69.2419999999999,62.7259999999999,42.7,32.8,29.2
"BOOI4","2018-06-21 08:00",64.0759999999999,99,312054.53,0,6.026316,142.9,0.00181102362204724,"69.835999999999899",72.356,69.2239999999999,62.7439999999999,42.7,32.8,29.2
"BOOI4","2018-06-21 09:00",63.356,98.9,391000,0.010000001,5.259046,153.8,0.00267716535433071,"69.889999999999958",72.1939999999999,69.2419999999999,62.7619999999999,42.6,32.8,29.2
"BOOI4","2018-06-21 10:00",64.1119999999999,98.1,649818.2,0.010000001,3.8229303,149.9,0.0044488188976378,"70.069999999999894",72.032,69.206,62.7619999999999,42.7,32.8,29.2
"BOOI4","2018-06-21 11:00",65.4079999999999,95.3,689000,0,3.728979,97.5,0.0052755905511811,"70.663999999999973",71.8699999999999,69.206,62.78,42.6,32.8,29.2
"BOOI4","2018-06-21 12:00",67.64,89,1295000,0,5.4670815,95.9,0.00948818897637795,"71.257999999999939",71.7259999999999,69.1699999999999,62.78,42.6,32.8,29.2
"BOOI4","2018-06-21 13:00",71.33,78.04,2450090.8,0,3.017632,97.1,0.018503937007874,"72.697999999999965",71.582,69.1519999999999,62.798,42.6,32.8,29.2
"BOOI4","2018-06-21 14:00",74.3359999999999,71.14,2922363.8,0,3.579104,58.15,0.0230708661417323,"75.127999999999901",71.4739999999999,69.1339999999999,62.816,42.6,32.8,29.2
"BOOI4","2018-06-21 15:00",68.3779999999999,97.7,1697990.8,0.080000006,7.6234913,41.98,0.015,"77.395999999999987",71.3839999999999,69.098,62.8339999999999,42.6,32.8,29.2
"BOOI4","2018-06-21 16:00",67.5859999999999,97.4,236618.18,0.120000005,9.439886,50.84,0.00181102362204724,"76.819999999999894",71.348,69.0619999999999,62.8339999999999,42.7,33,29.3
"BOOI4","2018-06-21 17:00",68.2699999999999,94.6,674509.1,0.010000001,8.885125,30.85,0.00503937007874016,"75.577999999999903",71.3839999999999,69.0619999999999,62.8519999999999,42.7,33,29.3
"BOOI4","2018-06-21 18:00",66.7579999999999,94.6,430363.62,0,9.350409,32.42,0.00389763779527559,"74.911999999999892",71.438,69.0439999999999,62.8699999999999,42.7,33.1,29.3
"BOOI4","2018-06-21 19:00",65.48,94.9,202454.56,0,9.383964,35.98,0.00224409448818898,"74.155999999999963",71.5099999999999,69.0079999999999,62.8699999999999,42.7,33,29.3
"BOOI4","2018-06-21 20:00",64.13,95.9,51645.454,0,9.102108,36.96,0.00122047244094488,"73.183999999999926",71.546,68.972,62.888,42.7,33,29.3
"BOOI4","2018-06-21 21:00",62.0599999999999,89.1,7500,0,11.433001,44.2,0.00125984251968504,"72.139999999999958",71.546,68.9359999999999,62.888,42.7,33,29.3
"BOOI4","2018-06-21 22:00",61.43,86.7,66.36363,0,7.33269,33.08,0.000748031496062992,"71.059999999999917",71.5279999999999,68.9179999999999,62.906,42.7,33,29.3
"BOOI4","2018-06-21 23:00",61.682,86.6,0,0,6.7331896,22.47,0.000826771653543307,"70.08799999999998",71.4919999999999,68.8999999999999,62.9239999999999,42.6,33,29.2
"BOOI4","2018-06-22 00:00",60.8539999999999,86.6,0,0,8.500372,27.71,0.000866141732283465,"69.25999999999992",71.4019999999999,68.864,62.9239999999999,42.6,32.9,29.2
"BOOI4","2018-06-22 01:00",59.2699999999999,92.6,0,0,8.097723,28.29,0.000669291338582677,"68.485999999999905",71.2939999999999,68.846,62.9239999999999,42.6,32.9,29.2
"BOOI4","2018-06-22 02:00",58.874,93.9,0,0,8.891836,40.67,0.000354330708661417,"67.801999999999907",71.1679999999999,68.8279999999999,62.9419999999999,42.5,32.9,29.2
"BOOI4","2018-06-22 03:00",59.7019999999999,93.8,0,0,7.970217,39.09,0.000393700787401575,"67.2439999999999",70.988,68.8099999999999,62.9419999999999,42.5,32.9,29.2
"BOOI4","2018-06-22 04:00",60.764,92.3,0,0,6.4871264,29.66,0.000393700787401575,"66.811999999999884",70.8079999999999,68.7739999999999,62.9599999999999,42.5,32.8,29.2
"BOOI4","2018-06-22 05:00",61.3579999999999,92.8,0,0,7.755471,41.05,0.000511811023622047,"66.523999999999944",70.6279999999999,68.756,62.9599999999999,42.4,32.8,29.2
"BOOI4","2018-06-22 06:00",61.196,95.7,2736.3636,0,6.715294,46.47,0.00031496062992126,"66.271999999999977",70.43,68.7199999999999,62.9779999999999,42.4,32.8,29.2
"BOOI4","2018-06-22 07:00",61.988,94.6,110958.176,0,5.9815774,39.13,0.000748031496062992,"66.109999999999914",70.214,68.6839999999999,62.9779999999999,42.4,32.8,29.2
"BOOI4","2018-06-22 08:00",62.0239999999999,92.9,259890.9,0,7.28124,23.55,0.00232283464566929,"66.181999999999945",70.0339999999999,68.6659999999999,62.996,42.4,32.8,29.2
"BOOI4","2018-06-22 09:00",63.4279999999999,89.3,463163.64,0,6.6481853,16.58,0.00385826771653543,"66.289999999999949",69.8359999999999,68.63,62.996,42.3,32.8,29.2
"BOOI4","2018-06-22 10:00",65.1739999999999,86.4,873636.35,0,7.6369133,17.04,0.00700787401574803,"66.757999999999939",69.656,68.5939999999999,62.996,42.3,32.8,29.2
"BOOI4","2018-06-22 11:00",70.4659999999999,73.65,2026272.6,0,8.831439,26.3,0.015,"67.693999999999903",69.4759999999999,68.5399999999999,62.996,42.3,32.8,29.2
"BOOI4","2018-06-22 12:00",71.348,72.08,2697545.4,0,9.871616,43.28,0.0215354330708661,"69.781999999999954",69.332,68.5039999999999,63.014,42.3,32.8,29.2
"BOOI4","2018-06-22 13:00",71.0419999999999,67.34,1725454.5,0,8.860519,43.9,0.0167322834645669,"71.419999999999888",69.188,68.4499999999999,63.014,42.3,32.8,29.2
"BOOI4","2018-06-22 14:00",72.6079999999999,66.08,1710636.4,0,7.742049,41.56,0.0166141732283465,"72.193999999999903",69.1159999999999,68.414,63.014,42.3,32.8,29.2
"BOOI4","2018-06-22 15:00",70.898,72.64,810818.2,0,6.2052712,34.4,0.00980314960629921,"72.733999999999924",69.0619999999999,68.3419999999999,63.014,42.3,32.8,29.2
"BOOI4","2018-06-22 16:00",71.456,71.51,1336363.6,0,7.4400625,44.78,0.0135433070866142,"72.679999999999978",69.0439999999999,68.288,63.0319999999999,42.3,32.7,29.2
"BOOI4","2018-06-22 17:00",70.7359999999999,71.63,698363.65,0,4.0667567,24.68,0.00771653543307087,"72.787999999999982",69.08,68.2339999999999,63.0319999999999,42.3,32.7,29.2
"BOOI4","2018-06-22 18:00",69.9079999999999,76.65,397027.28,0,2.0333784,35.31,0.00452755905511811,"72.733999999999924",69.1159999999999,68.18,63.0319999999999,42.3,32.7,29.2
"BOOI4","2018-06-22 19:00",70.0699999999999,77.53,244809.1,0,2.1385145,52.45,0.00307086614173228,"72.319999999999894",69.1699999999999,68.1259999999999,63.0319999999999,42.2,32.7,29.2
"BOOI4","2018-06-22 20:00",69.7099999999999,79.93,181554.55,0,2.0803542,16.92,0.00248031496062992,"71.92399999999995",69.206,68.072,63.0499999999999,42.2,32.7,29.2
"BOOI4","2018-06-22 21:00",67.4599999999999,87,98639.084,0,1.5859904,328,0.000275590551181102,"71.401999999999916",69.2599999999999,68.0359999999999,63.0319999999999,42.2,32.7,29.2
"BOOI4","2018-06-22 22:00",66.9919999999999,83.1,783.6364,0,1.7381024,303.6,0.000433070866141732,"70.609999999999914",69.296,67.982,63.0499999999999,42.1,32.7,29.2
"BOOI4","2018-06-22 23:00",64.6339999999999,88.4,0,0,2.498662,305.5,0.000511811023622047,"69.745999999999981",69.314,67.946,63.0499999999999,42.1,32.7,29.2
"BOOI4","2018-06-23 00:00",64.364,93.8,0,0,2.6440632,293.7,0.000393700787401575,"68.95399999999988",69.314,67.9099999999999,63.0499999999999,42.1,32.6,29.2
"BOOI4","2018-06-23 01:00",64.1659999999999,95.5,0,0,1.5076976,105.7,0.00015748031496063,"68.467999999999918",69.296,67.874,63.0499999999999,42.1,32.6,29.2
"BOOI4","2018-06-23 02:00",64.598,93,0,0,0.297513,246.4,3.93700787401575e-05,"68.12599999999992",69.2599999999999,67.838,63.0499999999999,42.1,32.7,29.2
"BOOI4","2018-06-23 03:00",61.88,98.2,0,0,0.7046361,290.9,7.8740157480315e-05,"67.657999999999944",69.206,67.8199999999999,63.0499999999999,42.1,32.6,29.2
"BOOI4","2018-06-23 04:00",62.5099999999999,95.8,0,0,1.1274178,325.6,7.8740157480315e-05,"67.045999999999978",69.1339999999999,67.7839999999999,63.0499999999999,42.1,32.6,29.2
"BOOI4","2018-06-23 05:00",61.088,97.9,0,0,0.595026,283.8,3.93700787401575e-05,"66.41599999999994",69.0439999999999,67.748,63.0499999999999,42.1,32.6,29.2
"BOOI4","2018-06-23 06:00",59.864,98.5,12743.636,0,0.22816788,269.9,0.000118110236220472,"65.803999999999888",68.9539999999999,67.7119999999999,63.0499999999999,42,32.6,29.2
"BOOI4","2018-06-23 07:00",64.832,90.4,348800,0,0.70687306,327.5,0.000551181102362205,"65.335999999999899",68.846,67.6939999999999,63.0499999999999,42,32.6,29.2
"BOOI4","2018-06-23 08:00",69.422,84.7,1023454.47,0,1.270582,63.53,0.00625984251968504,"65.58799999999998",68.7199999999999,67.6579999999999,63.0499999999999,42,32.6,29.2
"BOOI4","2018-06-23 09:00",69.7279999999999,84.8,1230000,0,3.7804286,84.4,0.00862204724409449,"66.937999999999974",68.6119999999999,67.64,63.0499999999999,41.2,32.5,29.2
"BOOI4","2018-06-23 10:00",70.6279999999999,83.8,1374363.6,0,2.5187945,189.8,0.0105511811023622,"68.66599999999994",68.4679999999999,67.6039999999999,63.0319999999999,41.2,32.5,29.2
"BOOI4","2018-06-23 11:00",71.2579999999999,84,1317909.2,0,3.733453,228.3,0.0110629921259842,"70.141999999999925",68.3779999999999,67.5679999999999,63.0499999999999,41.1,32.5,29.2
"BOOI4","2018-06-23 12:00",72.914,74.64,1681181.8,0,4.9123206,268.3,0.0141338582677165,"71.383999999999929",68.306,67.532,63.0499999999999,41,32.5,29.2
"BOOI4","2018-06-23 13:00",75.848,63.17,2558454.6,0,1.8477124,15.76,0.0210236220472441,"73.147999999999954",68.288,67.496,63.0319999999999,40.8,32.5,29.2
"BOOI4","2018-06-23 14:00",76.388,60.61,2898818.4,0,2.1183822,134.8,0.0240551181102362,"75.559999999999917",68.288,67.4599999999999,63.0319999999999,40.8,32.5,29.2
"BOOI4","2018-06-23 15:00",77.198,60.28,3320000,0,4.2725554,161.7,0.0278346456692913,"77.863999999999962",68.3599999999999,67.4239999999999,63.0319999999999,40.7,32.5,29.2
"BOOI4","2018-06-23 16:00",77.1259999999999,64.71,1995363.6,0,4.3016357,160.8,0.0183070866141732,"79.159999999999911",68.4499999999999,67.3699999999999,63.0319999999999,40.5,32.5,29.2
"BOOI4","2018-06-23 17:00",78.2779999999999,55.93,1983272.7,0,4.999561,187.3,0.018740157480315,"79.357999999999933",68.6119999999999,67.3519999999999,63.0319999999999,40.5,32.5,29.2
"BOOI4","2018-06-23 18:00",75.938,68.15,1586727.3,0,6.529628,172.6,0.0162204724409449,"79.447999999999965",68.8099999999999,67.298,63.0319999999999,40.5,32.5,29.2
"BOOI4","2018-06-23 19:00",74.8939999999999,72.82,559181.76,0,6.4379134,149,0.00818897637795276,"78.421999999999969",69.0619999999999,67.28,63.0319999999999,40.4,32.5,29.2
"BOOI4","2018-06-23 20:00",73.2739999999999,79.1,456890.93,0,5.634852,159.9,0.00562992125984252,"77.107999999999933",69.314,67.2439999999999,63.014,40.4,32.5,29.2
"BOOI4","2018-06-23 21:00",69.6739999999999,90.3,88878.18,0,3.4046226,166.8,0.00114173228346457,"75.793999999999912",69.5659999999999,67.2259999999999,63.014,40.4,32.5,29.2
"BOOI4","2018-06-23 22:00",68.09,94.3,517.2727,0,2.1653578,162.5,7.8740157480315e-05,"74.46199999999989",69.782,67.2079999999999,63.014,40.4,32.5,29.2
"BOOI4","2018-06-23 23:00",66.956,96.3,0,0,1.5949383,173.3,-0.000118110236220472,"73.327999999999903",69.9439999999999,67.19,63.014,40.3,32.5,29.2
"BOOI4","2018-06-24 00:00",65.714,96.8,0,0,1.977455,173,-0.00015748031496063,"72.319999999999894",70.0699999999999,67.19,62.996,40.3,32.5,29.2
"BOOI4","2018-06-24 01:00",65.606,95.5,0,0,2.2906268,159.2,-0.000118110236220472,"71.383999999999929",70.1419999999999,67.19,62.996,40.3,32.5,29.2
"BOOI4","2018-06-24 02:00",65.2099999999999,97.1,0,0,2.353261,147.5,-0.000118110236220472,"70.519999999999897",70.1779999999999,67.2079999999999,62.996,40.3,32.5,29.2
"BOOI4","2018-06-24 03:00",63.932,98.4,0,0,2.655248,151.4,-0.000118110236220472,"69.763999999999967",70.1779999999999,67.2259999999999,62.996,40.2,32.5,29.1
"BOOI4","2018-06-24 04:00",64.49,97.8,0,0,3.0735555,157.3,-0.00015748031496063,"69.133999999999929",70.1419999999999,67.2259999999999,62.9779999999999,40.2,32.5,29.1
"BOOI4","2018-06-24 05:00",63.4099999999999,98.9,0,0,3.867669,100.8,-0.000118110236220472,"68.647999999999954",70.088,67.2439999999999,62.9779999999999,40.2,32.5,29.1
"BOOI4","2018-06-24 06:00",64.1659999999999,98.1,18823.637,0,5.200886,122.4,-3.93700787401575e-05,"68.179999999999978",70.0159999999999,67.2619999999999,62.9779999999999,40.1,32.5,29.1
"BOOI4","2018-06-24 07:00",65.2999999999999,96.9,135136.35,0,5.6191936,152.1,0.000393700787401575,"67.819999999999894",69.9079999999999,67.28,62.9779999999999,40.1,32.5,29.1
"BOOI4","2018-06-24 08:00",68.3599999999999,90.7,492136.35,0,5.8317027,140.4,0.0031496062992126,"67.855999999999966",69.8179999999999,67.298,62.9599999999999,40.1,32.5,29.2
"BOOI4","2018-06-24 09:00",70.664,90.4,879863.65,0,6.187376,119.1,0.00669291338582677,"68.413999999999973",69.6919999999999,67.298,62.9599999999999,40,32.5,29.2
"BOOI4","2018-06-24 10:00",72.4279999999999,84.7,2138273,0,10.468879,101.1,0.0150393700787402,"69.67399999999995",69.5659999999999,67.3159999999999,62.9599999999999,39.9,32.4,29.2
"BOOI4","2018-06-24 11:00",72.9499999999999,88.2,1326181.8,0,8.632351,114.3,0.0114173228346457,"71.419999999999888",69.4579999999999,67.3159999999999,62.9599999999999,39.9,32.4,29.2
"BOOI4","2018-06-24 12:00",77.2519999999999,78.52,2976090.8,0,9.806745,114.2,0.0227952755905512,"72.733999999999924",69.3859999999999,67.3159999999999,62.9419999999999,39.9,32.4,29.2
"BOOI4","2018-06-24 13:00",76.946,76.68,2993727.3,0,14.6184025,97.9,0.0240551181102362,"74.947999999999965",69.332,67.3159999999999,62.9419999999999,39.8,32.4,29.2
"BOOI4","2018-06-24 14:00",78.2599999999999,72.5,2890363.8,0,12.057106,116.3,0.0249212598425197,"76.981999999999957",69.314,67.3159999999999,62.9419999999999,39.7,32.3,29.1
"BOOI4","2018-06-24 15:00",79.5019999999999,72.35,2944000,0,12.180139,132.6,0.0261023622047244,"79.141999999999925",69.3499999999999,67.298,62.9239999999999,39.7,32.3,29.1
"BOOI4","2018-06-24 16:00",76.5859999999999,81.2,553490.9,0,10.012543,131.3,0.00913385826771654,"80.239999999999952",69.422,67.298,62.9239999999999,39.7,32.3,29.1
"BOOI4","2018-06-24 17:00",73.1659999999999,83.5,224281.81,0,7.7286277,177.9,0.00480314960629921,"79.105999999999966",69.548,67.28,62.9239999999999,39.7,32.3,29.1
"BOOI4","2018-06-24 18:00",68.9179999999999,96.1,80272.73,0.040000003,4.8206058,185.3,0.00161417322834646,"77.66599999999994",69.6919999999999,67.2619999999999,62.9239999999999,39.7,32.3,29.1
"BOOI4","2018-06-24 19:00",67.1539999999999,95.1,170245.45,0.030000001,5.1337776,153.4,0.00169291338582677,"76.117999999999924",69.8359999999999,67.2619999999999,62.9239999999999,39.7,32.3,29.1
"BOOI4","2018-06-24 20:00",67.856,93.9,192972.73,0,4.095837,146.8,0.00188976377952756,"74.911999999999892",69.9619999999999,67.2439999999999,62.9239999999999,39.7,32.2,29.1
"BOOI4","2018-06-24 21:00",66.8659999999999,97.4,35210,0,2.872231,165.7,0.000590551181102362,"73.921999999999969",70.0699999999999,67.2439999999999,62.906,39.7,32.2,29.1
"BOOI4","2018-06-24 22:00",66.6859999999999,94.4,50.90909,0,3.395675,121.8,0.00015748031496063,"72.985999999999905",70.1419999999999,67.2439999999999,62.906,39.7,32.2,29.1
"BOOI4","2018-06-24 23:00",66.6859999999999,95.8,0,0,5.634852,17.53,0.00031496062992126,"72.175999999999917",70.1599999999999,67.2439999999999,62.906,39.6,32.2,29.1
"BOOI4","2018-06-25 00:00",65.9839999999999,97.7,0,0,4.724417,32.39,0.000236220472440945,"71.45599999999996",70.1779999999999,67.2439999999999,62.906,39.6,32.2,29.1
"BOOI4","2018-06-25 01:00",65.1919999999999,98.1,0,0,3.201061,49.02,7.8740157480315e-05,"70.789999999999949",70.1599999999999,67.2619999999999,62.888,39.6,32.2,29.1
"BOOI4","2018-06-25 02:00",65.138,97.7,0,0,2.7514362,31.04,0.000118110236220472,"70.195999999999984",70.124,67.2619999999999,62.888,39.7,32.2,29.1
"BOOI4","2018-06-25 03:00",64.7599999999999,98.6,0,0,4.558884,41.92,0.000118110236220472,"69.67399999999995",70.0699999999999,67.28,62.888,39.6,32.2,29.1
"BOOI4","2018-06-25 04:00",64.364,99,0,0,1.8879774,52.78,3.93700787401575e-05,"69.187999999999974",69.998,67.298,62.888,39.6,32.2,29.1
"BOOI4","2018-06-25 05:00",67.0279999999999,97.9,0,0,4.8519225,90.9,0.000118110236220472,"68.845999999999989",69.9079999999999,67.298,62.888,39.6,32.2,29.1
"BOOI4","2018-06-25 06:00",67.388,97,8109.091,0,6.9300404,105.2,0.000196850393700787,"68.66599999999994",69.7999999999999,67.3159999999999,62.888,39.5,32.2,29.1
"BOOI4","2018-06-25 07:00",67.622,93.9,166918.18,0,8.502609,104.7,0.00078740157480315,"68.503999999999891",69.7099999999999,67.3159999999999,62.888,39.6,32.2,29.1
"BOOI4","2018-06-25 08:00",68.5399999999999,89,648090.9,0,10.795473,109.2,0.00448818897637795,"68.539999999999949",69.6019999999999,67.3159999999999,62.888,39.5,32.2,29.1
"BOOI4","2018-06-25 09:00",69.6199999999999,85.8,1302818.2,0,11.054957,112,0.00952755905511811,"69.043999999999912",69.4939999999999,67.3339999999999,62.8699999999999,39.4,32.2,29.1
"BOOI4","2018-06-25 10:00",70.196,84.6,1373454.6,0,10.936399,115.1,0.0108661417322835,"69.871999999999971",69.3859999999999,67.3159999999999,62.888,39.4,32.2,29.1
"BOOI4","2018-06-25 11:00",72.896,79.65,2051545.4,0,11.271941,110.2,0.015748031496063,"70.753999999999891",69.296,67.3159999999999,62.888,39.4,32.1,29.1
"BOOI4","2018-06-25 12:00",73.706,80.7,1743818.2,0,11.665643,104.2,0.0152755905511811,"71.995999999999981",69.2239999999999,67.298,62.8699999999999,39.4,32.1,29.1
"BOOI4","2018-06-25 13:00",73.6339999999999,81.6,1212727.3,0,12.036974,104.8,0.0123228346456693,"72.661999999999892",69.1699999999999,67.298,62.8699999999999,39.3,32.1,29
"BOOI4","2018-06-25 14:00",73.688,82,995545.5,0,12.195797,110.4,0.0112204724409449,"73.057999999999936",69.1339999999999,67.28,62.8699999999999,39.3,32.1,29
"BOOI4","2018-06-25 15:00",72.338,85.4,794909.1,0,12.638711,110.1,0.00968503937007874,"73.147999999999954",69.1519999999999,67.2619999999999,62.8699999999999,39.3,32.1,29
"BOOI4","2018-06-25 16:00",72.7159999999999,87.6,1367909,0,13.130837,103.3,0.0116141732283465,"73.111999999999895",69.1519999999999,67.2439999999999,62.8699999999999,39.3,32.1,29
"BOOI4","2018-06-25 17:00",73.8679999999999,83.9,1121090.8,0,14.6519575,107.6,0.0104724409448819,"73.471999999999966",69.188,67.2259999999999,62.8699999999999,39.3,32,29
"BOOI4","2018-06-25 18:00",69.764,96.4,310300,0.05,15.200007,106.8,0.00480314960629921,"73.57999999999997",69.2239999999999,67.2079999999999,62.8699999999999,39.3,32,29
"BOOI4","2018-06-25 19:00",70.232,95.3,303990.9,0,13.222552,92.7,0.00295275590551181,"72.985999999999905",69.2599999999999,67.19,62.8699999999999,39.3,32,29
"BOOI4","2018-06-25 20:00",71.4199999999999,92.5,73770.905,0,11.31668,95.4,0.00188976377952756,"72.409999999999911",69.296,67.172,62.8699999999999,39.3,32,29
"BOOI4","2018-06-25 21:00",71.7259999999999,92.8,28610.91,0.010000001,10.538224,104.7,0.0018503937007874,"71.887999999999977",69.314,67.1539999999999,62.8699999999999,39.3,32,29
"BOOI4","2018-06-25 22:00",67.748,95.4,0,0.24000001,8.001534,129.7,0.000354330708661417,"71.365999999999943",69.3499999999999,67.1359999999999,62.8699999999999,39.5,32.3,29.1
"BOOI4","2018-06-25 23:00",67.874,97.3,0,0,6.153822,102.4,0.000236220472440945,"70.771999999999977",69.3499999999999,67.1359999999999,62.8699999999999,39.6,32.2,29.1
"BOOI4","2018-06-26 00:00",67.964,96.9,0,0,9.976752,134.6,0.000236220472440945,"70.21399999999997",69.3499999999999,67.1359999999999,62.8699999999999,39.6,32.2,29.1
"BOOI4","2018-06-26 01:00",62.906,99.2,0,0.26,6.238826,249.2,0.000196850393700787,"69.565999999999946",69.3499999999999,67.1179999999999,62.888,40.1,32.5,29.2
"BOOI4","2018-06-26 02:00",63.4819999999999,100,0,0,4.8138947,79.81,3.93700787401575e-05,"68.863999999999962",69.314,67.1179999999999,62.888,40.3,32.5,29.2
"BOOI4","2018-06-26 03:00",63.122,100,0,0.32007873,7.1872883,151.5,0,"68.25199999999991",69.2779999999999,67.1179999999999,62.906,42.7,34.9,29.2
"BOOI4","2018-06-26 04:00",62.996,100,0,0.07,6.1314526,150,0,"67.621999999999971",69.188,67.1179999999999,62.906,42.9,35.1,29.3
"BOOI4","2018-06-26 05:00",61.7179999999999,100,0,0,5.9882884,159.2,0,"67.153999999999883",69.098,67.1179999999999,62.9239999999999,42.9,35.1,29.3
"BOOI4","2018-06-26 06:00",61.1419999999999,100,5740.0002,0.010000001,4.435852,167.7,3.93700787401575e-05,"66.577999999999903",68.99,67.0999999999999,62.906,42.9,35.1,29.2
"BOOI4","2018-06-26 07:00",62.6179999999999,100,212327.29,0,2.9952626,155.3,-0.000196850393700787,"66.073999999999941",68.8819999999999,67.0999999999999,62.9239999999999,42.8,35.1,29.2
"BOOI4","2018-06-26 08:00",65.732,96.5,911454.5,0,6.080003,198,0.00452755905511811,"66.253999999999891",68.756,67.082,62.9239999999999,42.8,35.1,29.2
"BOOI4","2018-06-26 09:00",65.696,97.8,614545.5,0.010000001,5.762357,211.9,0.00401574803149606,"67.045999999999978",68.648,67.064,62.9239999999999,42.8,35.1,29.2
"BOOI4","2018-06-26 10:00",67.172,96,1085090.8,0.020000001,5.547611,186.1,0.00708661417322835,"67.819999999999894",68.5039999999999,67.064,62.9239999999999,42.9,35.1,29.3
"BOOI4","2018-06-26 11:00",68.5039999999999,93.1,1714818.2,0,6.735426,205,0.0116141732283465,"69.223999999999947",68.414,67.046,62.9239999999999,42.9,35.1,29.3
"BOOI4","2018-06-26 12:00",69.0619999999999,91.5,994272.77,0,5.8674936,219.4,0.00783464566929134,"70.411999999999892",68.306,67.0279999999999,62.9239999999999,42.8,35,29.3
"BOOI4","2018-06-26 13:00",70.4839999999999,91.4,1026454.6,0,4.885477,220.9,0.00838582677165354,"70.933999999999926",68.2519999999999,67.0099999999999,62.9239999999999,42.8,35,29.2
"BOOI4","2018-06-26 14:00",72.4099999999999,87.2,1741909.2,0.030000001,3.5679193,225.1,0.0131102362204724,"71.581999999999951",68.2339999999999,66.9739999999999,62.9419999999999,42.8,35,29.3
"BOOI4","2018-06-26 15:00",74.246,83,2135272.7,0,6.3887005,231.2,0.017244094488189,"73.363999999999962",68.2339999999999,66.956,62.9239999999999,42.8,35,29.3
"BOOI4","2018-06-26 16:00",75.0019999999999,82.5,2161909.2,0,9.947672,261.5,0.0162992125984252,"74.353999999999886",68.2699999999999,66.938,62.9419999999999,42.8,35,29.2
"BOOI4","2018-06-26 17:00",75.8839999999999,81,1671000,0,9.515944,264.1,0.0144488188976378,"75.289999999999949",68.3239999999999,66.9019999999999,62.9419999999999,42.8,35,29.2
"BOOI4","2018-06-26 18:00",76.982,77.5,1621454.5,0,6.865169,284.8,0.0140157480314961,"75.883999999999929",68.4319999999999,66.8839999999999,62.9419999999999,42.8,35,29.2
"BOOI4","2018-06-26 19:00",77.288,76.39,924272.7,0,4.690863,329.7,0.0087007874015748,"76.261999999999887",68.5399999999999,66.8659999999999,62.9419999999999,42.8,35,29.2
"BOOI4","2018-06-26 20:00",76.1359999999999,80.4,545363.65,0,3.8162196,340.7,0.00484251968503937,"75.937999999999974",68.6839999999999,66.83,62.9419999999999,42.8,35,29.2
"BOOI4","2018-06-26 21:00",71.8339999999999,91,161743.64,0,1.1207069,355.6,-0.000275590551181102,"75.127999999999901",68.846,66.83,62.9419999999999,42.8,35,29.2
"BOOI4","2018-06-26 22:00",69.548,94.5,1079.9999,0,0.04026492,273.7,-0.00102362204724409,"73.9939999999999",68.99,66.8119999999999,62.9419999999999,42.8,35,29.2
"BOOI4","2018-06-26 23:00",67.4239999999999,96,0,0,1.6128337,278.3,-0.00062992125984252,"72.877999999999901",69.1339999999999,66.7939999999999,62.9419999999999,42.8,34.9,29.2
"BOOI4","2018-06-27 00:00",66.0199999999999,98.3,0,0,2.715645,255.2,-0.000551181102362205,"71.851999999999904",69.2419999999999,66.7939999999999,62.9419999999999,42.8,34.8,29.2
"BOOI4","2018-06-27 01:00",65.3539999999999,99.1,0,0,3.2279043,259.6,-0.000551181102362205,"70.933999999999926",69.332,66.7939999999999,62.9419999999999,42.8,34.8,29.2
"BOOI4","2018-06-27 02:00",64.6519999999999,99.7,0,0,2.8140705,261.9,-0.00062992125984252,"70.123999999999953",69.3679999999999,66.7939999999999,62.9419999999999,42.8,34.8,29.1
"BOOI4","2018-06-27 03:00",63.914,100,0,0,2.2235184,255.1,-0.000669291338582677,"69.421999999999969",69.3859999999999,66.7939999999999,62.9419999999999,42.8,34.8,29.1
"BOOI4","2018-06-27 04:00",63.3019999999999,100,0,0,1.0625465,260.8,-0.000826771653543307,"68.773999999999944",69.3679999999999,66.8119999999999,62.9239999999999,42.8,34.8,29.1
"BOOI4","2018-06-27 05:00",64.0759999999999,100,0,0,4.2457123,297.6,-0.000511811023622047,"68.179999999999978",69.332,66.8119999999999,62.9239999999999,42.8,34.8,29.2
"BOOI4","2018-06-27 06:00",64.5259999999999,100,17075.453,0,3.16527,299,-0.000551181102362205,"67.693999999999903",69.2419999999999,66.83,62.9239999999999,42.8,34.8,29.2
"BOOI4","2018-06-27 07:00",67.4239999999999,96.9,346100,0,1.3220316,337,0.000708661417322835,"67.369999999999891",69.1699999999999,66.848,62.9239999999999,42.8,34.8,29.2
"BOOI4","2018-06-27 08:00",70.0519999999999,93.8,937181.8,0,3.733453,9.77,0.00547244094488189,"67.585999999999899",69.0619999999999,66.848,62.9239999999999,42.8,34.8,29.2
"BOOI4","2018-06-27 09:00",71.4919999999999,91,1361272.7,0,4.0779414,6.6,0.00921259842519685,"68.701999999999913",68.9539999999999,66.848,62.906,42.7,34.8,29.2
"BOOI4","2018-06-27 10:00",73.8679999999999,84,1767545.4,0,5.097986,340.9,0.0129527559055118,"70.267999999999915",68.846,66.8659999999999,62.906,42.7,34.8,29.2
"BOOI4","2018-06-27 11:00",76.748,78.98,2591545.7,0,4.71547,343,0.0205511811023622,"72.283999999999921",68.7739999999999,66.8659999999999,62.906,42.7,34.8,29.2
"BOOI4","2018-06-27 12:00",75.488,83.2,1014000.06,0,3.2748802,47.69,0.0097244094488189,"74.245999999999981",68.7019999999999,66.8659999999999,62.906,42.7,34.7,29.2
"BOOI4","2018-06-27 13:00",77.396,79.74,2264272.7,0,3.838589,90.7,0.0190551181102362,"74.983999999999924",68.6839999999999,66.848,62.906,42.7,34.7,29.2
"BOOI4","2018-06-27 14:00",79.8259999999999,72.86,3033272.7,0,3.2614584,143.8,0.0253937007874016,"76.891999999999925",68.7199999999999,66.848,62.906,42.7,34.7,29.2
"BOOI4","2018-06-27 15:00",80.9779999999999,74.02,3156545.4,0,4.6886263,141.8,0.0268503937007874,"79.105999999999966",68.7919999999999,66.848,62.906,42.7,34.7,29.2
"BOOI4","2018-06-27 16:00",81.9319999999999,71.4,1938545.4,0,2.8118336,155.5,0.0175196850393701,"80.635999999999896",68.8999999999999,66.83,62.906,42.7,34.7,29.2
"BOOI4","2018-06-27 17:00",83.2099999999999,66.38,2029454.6,0,2.7805164,226.2,0.0180708661417323,"81.247999999999962",69.0619999999999,66.8119999999999,62.888,42.7,34.7,29.2
"BOOI4","2018-06-27 18:00",82.022,68.53,1422363.6,0,3.6573968,256.9,0.0136220472440945,"81.661999999999892",69.2599999999999,66.8119999999999,62.888,42.6,34.7,29.2
"BOOI4","2018-06-27 19:00",81.7699999999999,71.61,993363.6,0,2.5076098,247.3,0.00925196850393701,"81.589999999999961",69.5119999999999,66.7939999999999,62.888,41.7,34.7,29.2
"BOOI4","2018-06-27 20:00",82.58,71.09,632909.06,0,0.20132461,185.3,0.00389763779527559,"81.553999999999888",69.782,66.7939999999999,62.888,41.7,34.6,29.2
"BOOI4","2018-06-27 21:00",77.7199999999999,84.6,155540.02,0,0.09842536,87.4,-0.000708661417322835,"80.095999999999989",70.0519999999999,66.7939999999999,62.888,41.7,34.6,29.2
"BOOI4","2018-06-27 22:00",75.4339999999999,84.9,1345.4546,0,0.16329663,76.58,-0.00106299212598425,"78.655999999999963",70.3039999999999,66.7939999999999,62.888,41.6,34.6,29.2
"BOOI4","2018-06-27 23:00",73.3819999999999,92.1,0,0,0.8433264,78.32,-0.000748031496062992,"77.287999999999982",70.556,66.8119999999999,62.888,41.6,34.7,29.2
"BOOI4","2018-06-28 00:00",72.9859999999999,91.1,0,0,2.5545855,96.7,-0.000393700787401575,"76.027999999999892",70.7359999999999,66.83,62.888,41.6,34.7,29.2
"BOOI4","2018-06-28 01:00",69.6199999999999,98.2,0,0,0.68002975,101.9,-0.000905511811023622,"74.911999999999892",70.898,66.848,62.8699999999999,41.6,34.7,29.2
"BOOI4","2018-06-28 02:00",69.098,98.5,0,0,0.02013246,89.3,-0.00114173228346457,"73.939999999999955",70.988,66.8839999999999,62.888,41.5,34.7,29.2
"BOOI4","2018-06-28 03:00",68.522,99.1,0,0,0,0,-0.00114173228346457,"73.075999999999922",71.0599999999999,66.9199999999999,62.888,41.5,34.7,29.2
"BOOI4","2018-06-28 04:00",67.9279999999999,99.1,0,0,0.7023992,93.3,-0.000984251968503937,"72.301999999999907",71.0779999999999,66.956,62.8699999999999,41.1,34.7,29.2
"BOOI4","2018-06-28 05:00",67.73,98.9,0,0,0.22816788,131,-0.00110236220472441,"71.599999999999937",71.0419999999999,66.9919999999999,62.8699999999999,41,34.7,29.2
"BOOI4","2018-06-28 06:00",66.8119999999999,99.5,17899.09,0,0,0,-0.00102362204724409,"70.951999999999913",71.0239999999999,67.046,62.8699999999999,41,34.6,29.2
"BOOI4","2018-06-28 07:00",69.4579999999999,97.2,323472.72,0,0.8835913,105.2,0.000590551181102362,"70.447999999999965",70.9519999999999,67.082,62.8699999999999,40.7,34.6,29.2
"BOOI4","2018-06-28 08:00",73.148,91.8,858272.7,0,6.3350143,129.7,0.00511811023622047,"70.555999999999969",70.8619999999999,67.1179999999999,62.8519999999999,40.6,34.6,29.2
"BOOI4","2018-06-28 09:00",76.946,86.3,1487363.6,0,7.7219167,141,0.0111811023622047,"71.635999999999896",70.7539999999999,67.1539999999999,62.8699999999999,40.5,34.6,29.2
"BOOI4","2018-06-28 10:00",79.214,81.7,1747000,0,9.146848,136.3,0.0149212598425197,"73.255999999999958",70.664,67.19,62.8519999999999,40.4,34.6,29.2
"BOOI4","2018-06-28 11:00",80.0419999999999,81.7,1345636.4,0,8.773278,123.7,0.0130708661417323,"74.551999999999907",70.5739999999999,67.2259999999999,62.8699999999999,40.4,34.6,29.2
"BOOI4","2018-06-28 12:00",78.782,86.5,485136.38,0,3.7804286,94.5,0.00566929133858268,"75.271999999999977",70.5199999999999,67.2439999999999,62.8699999999999,40.3,34.5,29.2
"BOOI4","2018-06-28 13:00",76.532,93.7,50554.546,0,2.5344532,153.7,0.00106299212598425,"75.145999999999987",70.5019999999999,67.2619999999999,62.8519999999999,40.3,34.5,29.2
"BOOI4","2018-06-28 14:00",76.2079999999999,93,56845.46,0,8.818017,132.3,0.00169291338582677,"74.695999999999984",70.5019999999999,67.28,62.8699999999999,40.3,34.5,29.2
"BOOI4","2018-06-28 15:00",76.4239999999999,94.3,179445.43,0,10.844686,130.5,0.00295275590551181,"74.29999999999994",70.5199999999999,67.298,62.8519999999999,40.4,34.5,29.2
"BOOI4","2018-06-28 16:00",81.356,72.98,1013154.6,0,9.788849,205.8,0.012992125984252,"74.281999999999954",70.556,67.3159999999999,62.8519999999999,40.3,34.5,29.2
"BOOI4","2018-06-28 17:00",83.0119999999999,66.65,1679636.4,0,5.1628575,237.1,0.0162992125984252,"75.235999999999905",70.5919999999999,67.3159999999999,62.8519999999999,40.3,34.5,29.2
"BOOI4","2018-06-28 18:00",80.3659999999999,83.2,895818.2,0,4.9816656,101.4,0.00984251968503937,"76.261999999999887",70.6099999999999,67.3339999999999,62.8519999999999,40.2,34.5,29.1
"BOOI4","2018-06-28 19:00",79.7179999999999,87.8,696000,0,6.7577953,109.3,0.00728346456692913,"76.567999999999913",70.646,67.3339999999999,62.8519999999999,40.2,34.4,29.1
"BOOI4","2018-06-28 20:00",78.7099999999999,87.8,423754.55,0,5.9815774,113.9,0.00429133858267717,"76.459999999999908",70.6819999999999,67.3519999999999,62.8699999999999,40.2,34.4,29.1
"BOOI4","2018-06-28 21:00",75.2359999999999,93.7,114897.27,0,4.9324527,126.2,0.000866141732283465,"75.919999999999888",70.7359999999999,67.3519999999999,62.8519999999999,40.2,34.4,29.1
"BOOI4","2018-06-28 22:00",74.138,91.4,1330.909,0,7.7219167,125.6,0.00047244094488189,"75.109999999999914",70.8259999999999,67.3699999999999,62.8699999999999,40.1,34.4,29.1
"BOOI4","2018-06-28 23:00",73.346,93.7,0,0,7.2476854,123.2,0.00031496062992126,"74.29999999999994",70.88,67.3699999999999,62.8699999999999,40.1,34.4,29.1
"BOOI4","2018-06-29 00:00",72.4099999999999,93.4,0,0,7.122417,105.7,0.00031496062992126,"73.70599999999996",70.9519999999999,67.388,62.8699999999999,40.1,34.4,29.1
"BOOI4","2018-06-29 01:00",71.114,95.9,0,0,5.0286407,130.5,3.93700787401575e-05,"73.057999999999936",70.988,67.406,62.8699999999999,40.1,34.4,29.1
"BOOI4","2018-06-29 02:00",71.096,97.7,0,0,5.818281,133.6,-7.8740157480315e-05,"72.517999999999915",70.988,67.406,62.8699999999999,40.1,34.4,29.1
"BOOI4","2018-06-29 03:00",70.0519999999999,99.3,0,0,5.370893,122,-0.000196850393700787,"72.04999999999994",70.988,67.4239999999999,62.8699999999999,40.1,34.3,29.1
"BOOI4","2018-06-29 04:00",70.0699999999999,100,0,0,5.3843145,124.5,-0.000275590551181102,"71.599999999999937",70.9699999999999,67.4419999999999,62.8699999999999,40.1,34.3,29.1
"BOOI4","2018-06-29 05:00",69.782,100,0,0,5.0912757,139.7,-0.00031496062992126,"71.20399999999988",70.9159999999999,67.4599999999999,62.8699999999999,40,34.3,29.1
"BOOI4","2018-06-29 06:00",70.3759999999999,100,10817.273,0,5.8943367,158.9,-0.000236220472440945,"70.861999999999895",70.8619999999999,67.4779999999999,62.888,40,34.3,29.1
"BOOI4","2018-06-29 07:00",72.032,100,171236.39,0,5.574455,169,7.8740157480315e-05,"70.627999999999901",70.7899999999999,67.496,62.888,40,34.3,29.1
"BOOI4","2018-06-29 08:00",77.63,94.7,876181.8,0,6.5721297,190.8,0.00515748031496063,"70.987999999999985",70.7179999999999,67.514,62.888,39.9,34.3,29.1
"BOOI4","2018-06-29 09:00",81.9859999999999,82.7,1470272.7,0,8.788937,198,0.0119291338582677,"72.33799999999998",70.646,67.514,62.888,39.9,34.2,29.1
"BOOI4","2018-06-29 10:00",84.7579999999999,75.71,2046636.4,0,9.793323,201.6,0.0190551181102362,"74.083999999999932",70.556,67.532,62.888,39.9,34.2,29.1
"BOOI4","2018-06-29 11:00",86.5939999999999,74.26,2630545.4,0,11.195885,197,0.0252755905511811,"75.937999999999974",70.5019999999999,67.532,62.906,39.8,34.2,29.1
"BOOI4","2018-06-29 12:00",88.124,67.88,3039090.8,0,12.403832,196.9,0.0304724409448819,"77.917999999999921",70.4839999999999,67.5499999999999,62.906,39.8,34.2,29.1
"BOOI4","2018-06-29 13:00",89.5279999999999,65.93,3276363.8,0,12.2808,192.6,0.0331102362204724,"80.419999999999888",70.5199999999999,67.5499999999999,62.906,39.7,34.2,29.1
"BOOI4","2018-06-29 14:00",90.464,64.96,3291818,0,14.141934,186.5,0.035,"83.065999999999946",70.5739999999999,67.5499999999999,62.906,39.7,34.1,29.1
"BOOI4","2018-06-29 15:00",90.896,65.6,2730454.6,0,13.770603,184.7,0.0310629921259843,"85.081999999999951",70.7179999999999,67.5499999999999,62.906,39.7,34.1,29.1
"BOOI4","2018-06-29 16:00",91.2739999999999,66.99,2931090.8,0,15.718977,179.2,0.0336614173228346,"86.629999999999981",70.8619999999999,67.5499999999999,62.906,39.6,34.1,29.1
"BOOI4","2018-06-29 17:00",90.8239999999999,67.35,1999545.5,0,14.264966,178.6,0.0260629921259843,"87.709999999999908",71.0599999999999,67.5499999999999,62.9239999999999,39.6,34,29.1
"BOOI4","2018-06-29 18:00",89.8339999999999,68.66,1594000,0,12.014605,172,0.0208661417322835,"87.817999999999913",71.2939999999999,67.5499999999999,62.9239999999999,39.6,34,29
"BOOI4","2018-06-29 19:00",87.998,71.3,878909.06,0,9.788849,171,0.0136614173228346,"87.367999999999924",71.546,67.5499999999999,62.9239999999999,39.6,34,29
"BOOI4","2018-06-29 20:00",86.5399999999999,77.69,652272.7,0,8.694986,168.7,0.00992125984251969,"86.503999999999891",71.8339999999999,67.5679999999999,62.9239999999999,39.7,34,29
"BOOI4","2018-06-29 21:00",83.7499999999999,82.2,134042.72,0,9.585287,160.9,0.00460629921259843,"84.991999999999933",72.1039999999999,67.5859999999999,62.9419999999999,39.7,34,29
"BOOI4","2018-06-29 22:00",82.1659999999999,84.1,741.8182,0,9.511469,168,0.00149606299212598,"83.443999999999903",72.338,67.6039999999999,62.9419999999999,39.7,34,29
"BOOI4","2018-06-29 23:00",81.59,82.7,0,0,10.844686,177.5,0.00181102362204724,"82.075999999999922",72.59,67.6579999999999,62.9419999999999,39.7,34,29
"BOOI4","2018-06-30 00:00",80.096,86.1,0,0,8.822492,188.6,0.0012992125984252,"80.869999999999891",72.7699999999999,67.6759999999999,62.9419999999999,39.7,34,29
"BOOI4","2018-06-30 01:00",78.4759999999999,89,0,0,7.2230797,192.2,0.00078740157480315,"79.825999999999922",72.914,67.7119999999999,62.9599999999999,39.7,34,29
"BOOI4","2018-06-30 02:00",77.1619999999999,91.8,0,0,6.8427997,190.6,0.00047244094488189,"78.889999999999958",73.0039999999999,67.748,62.9599999999999,39.7,34,29
"BOOI4","2018-06-30 03:00",76.496,93,0,0,6.296986,187.1,0.000236220472440945,"78.061999999999884",73.0759999999999,67.8019999999999,62.9599999999999,39.7,34,29
"BOOI4","2018-06-30 04:00",74.822,95.4,0,0,4.921268,191.7,-7.8740157480315e-05,"77.287999999999982",73.0939999999999,67.856,62.9599999999999,39.6,34,29
"BOOI4","2018-06-30 05:00",74.93,94.4,0,0,5.40221,216,-7.8740157480315e-05,"76.603999999999886",73.0939999999999,67.9099999999999,62.9779999999999,39.6,34,29
"BOOI4","2018-06-30 06:00",75.722,90.3,22760,0,7.3662434,223.6,0.000511811023622047,"76.045999999999978",73.0759999999999,67.964,62.9779999999999,39.7,34,29
"BOOI4","2018-06-30 07:00",76.0279999999999,89.7,286518.2,0,3.8766172,218.2,0.00145669291338583,"75.595999999999989",73.0399999999999,67.9999999999999,62.9779999999999,39.6,34,29
"BOOI4","2018-06-30 08:00",78.1699999999999,85.9,749363.65,0,5.1897006,207.3,0.00590551181102362,"75.667999999999921",72.9859999999999,68.0539999999999,62.9779999999999,39.6,34,29
"BOOI4","2018-06-30 09:00",80.114,81.5,960818.2,0,6.795824,193,0.00889763779527559,"76.225999999999928",72.9319999999999,68.1079999999999,62.996,39.5,34,29
"BOOI4","2018-06-30 10:00",82.922,76.42,2000999.9,0,9.460019,192.6,0.0181889763779528,"77.485999999999905",72.8419999999999,68.1439999999999,62.996,39.5,34,28.9
"BOOI4","2018-06-30 11:00",84.6319999999999,76.63,2554000,0,9.562919,199.6,0.0233070866141732,"79.735999999999905",72.788,68.18,62.996,39.4,34,28.8
"BOOI4","2018-06-30 12:00",86.756,73.16,2733727.3,0,9.102108,202.2,0.0255905511811024,"82.309999999999917",72.7339999999999,68.2159999999999,62.996,39.4,34,28.8
"BOOI4","2018-06-30 13:00",87.44,70.54,2956091,0,8.498136,212.7,0.027992125984252,"84.901999999999916",72.7339999999999,68.2519999999999,63.014,39.4,34,28.8
"BOOI4","2018-06-30 14:00",87.6199999999999,72.98,2725909.2,0,7.073204,200.6,0.0261811023622047,"87.403999999999883",72.7699999999999,68.288,63.014,39.4,34,28.8
"BOOI4","2018-06-30 15:00",88.2679999999999,75.25,2021091,0,6.0665812,224,0.0206692913385827,"88.807999999999936",72.8779999999999,68.306,63.0319999999999,39.4,34,28.8
"BOOI4","2018-06-30 16:00",89.438,71.14,2899818,0,7.2566333,234.3,0.027992125984252,"90.391999999999925",73.022,68.3239999999999,63.0319999999999,39.3,32.6,28.8
"BOOI4","2018-06-30 17:00",87.4039999999999,77.35,1656272.8,0.010000001,5.7355137,210.7,0.0167322834645669,"91.381999999999948",73.2019999999999,68.3599999999999,63.0499999999999,39.3,31.1,28.8
"BOOI4","2018-06-30 18:00",76.2619999999999,91.4,411127.23,0.14999999,6.668318,147.9,0.00661417322834646,"89.815999999999946",73.4359999999999,68.3599999999999,63.0319999999999,39.4,29.3,28.8
"BOOI4","2018-06-30 19:00",70.8259999999999,95.5,159272.72,0.5,8.2901,303,0.00259842519685039,"86.323999999999941",73.7419999999999,68.396,63.0679999999999,39.9,32.3,29.1
"BOOI4","2018-06-30 20:00",70.9339999999999,97.6,26050.909,0.34015748,9.8000345,110.6,0.000984251968503937,"83.497999999999962",74.048,68.4499999999999,63.0679999999999,40,32.4,29.2
"BOOI4","2018-06-30 21:00",70.4119999999999,97.6,32575.455,0.010000001,9.605421,77.83,0.000511811023622047,"81.139999999999958",74.282,68.5039999999999,63.0859999999999,41.3,32.5,29.1
"BOOI4","2018-06-30 22:00",69.98,99.6,0,0.24000001,12.028026,184.7,0.00015748031496063,"79.465999999999937",74.4259999999999,68.5579999999999,63.0859999999999,42.8,32.7,29.2
"BOOI4","2018-06-30 23:00",70.8259999999999,98.7,0,0.28,7.878503,130.9,7.8740157480315e-05,"77.845999999999989",74.498,68.6119999999999,63.122,43.2,33.1,29.4
"BOOI4","2018-07-01 00:00",69.1519999999999,99.5,0,0.030000001,6.147111,122.4,3.93700787401575e-05,"76.909999999999911",74.5159999999999,68.6659999999999,63.122,43.2,33.2,29.4
"BOOI4","2018-07-01 01:00",69.314,100,0,0.040000003,6.5094957,125.1,3.93700787401575e-05,"76.279999999999973",74.498,68.738,63.14,43.2,33.2,29.5
"BOOI4","2018-07-01 02:00",69.3679999999999,100,0,0.07,2.679854,83.2,0,"75.631999999999948",74.4259999999999,68.7919999999999,63.1579999999999,43.2,33.3,29.5
"BOOI4","2018-07-01 03:00",69.206,100,0,0.19000001,6.4737043,123.8,0,"75.109999999999914",74.3179999999999,68.864,63.1759999999999,43.2,33.3,29.5
"BOOI4","2018-07-01 04:00",69.296,100,0,0.020000001,3.4583092,175,0,"74.623999999999953",74.1919999999999,68.9179999999999,63.1759999999999,43.2,33.2,29.5
"BOOI4","2018-07-01 05:00",69.332,100,0,0,4.816132,138.3,0,"74.29999999999994",74.03,68.9539999999999,63.1939999999999,43.2,33.2,29.5
"BOOI4","2018-07-01 06:00",69.2239999999999,100,4876.3633,0,8.059694,127.3,3.93700787401575e-05,"73.9939999999999",73.8679999999999,69.0079999999999,63.2119999999999,43.2,33.2,29.5
"BOOI4","2018-07-01 07:00",69.548,100,125490.91,0,7.657046,151.3,0.000118110236220472,"73.633999999999929",73.706,69.0439999999999,63.23,43.1,33.1,29.5
"BOOI4","2018-07-01 08:00",71.4199999999999,96.2,573636.35,0,8.23865,182.2,0.00330708661417323,"73.597999999999956",73.5619999999999,69.08,63.248,43.2,33.1,29.5
"BOOI4","2018-07-01 09:00",71.24,93.1,261781.8,0,12.676739,214.9,0.0028740157480315,"73.723999999999947",73.3999999999999,69.098,63.2659999999999,43.2,33.1,29.5
"BOOI4","2018-07-01 10:00",72.0499999999999,90.2,1462545.4,0,15.739109,244.2,0.00905511811023622,"73.741999999999933",73.2739999999999,69.1339999999999,63.2839999999999,43.1,33.1,29.5
"BOOI4","2018-07-01 11:00",73.796,84.5,2186727.3,0,18.052105,256.2,0.0156299212598425,"74.677999999999898",73.13,69.1519999999999,63.3019999999999,43.1,33.1,29.5
"BOOI4","2018-07-01 12:00",73.9579999999999,80.4,2421636.5,0,18.141582,274.2,0.0181496062992126,"75.595999999999989",73.0039999999999,69.188,63.338,43.1,33.2,29.5
"BOOI4","2018-07-01 13:00",75.4699999999999,78.17,2928636.2,0,14.884599,283.2,0.022755905511811,"76.693999999999903",72.896,69.206,63.356,43.1,33.2,29.4
"BOOI4","2018-07-01 14:00",77.072,75.97,3153363.5,0,13.350058,272.9,0.0254724409448819,"78.151999999999916",72.806,69.2239999999999,63.374,43,33.1,29.4
"BOOI4","2018-07-01 15:00",78.188,73.4,3180000,0,13.983111,276.6,0.0271259842519685,"79.555999999999969",72.7339999999999,69.2239999999999,63.4099999999999,43,33.1,29.4
"BOOI4","2018-07-01 16:00",78.8359999999999,68.69,2470727,0,11.19141,294.2,0.0229527559055118,"80.365999999999943",72.698,69.2419999999999,63.446,43,33.1,29.4
"BOOI4","2018-07-01 17:00",77.522,72.48,1906000,0,10.113206,300.5,0.0194094488188976,"80.869999999999891",72.698,69.2419999999999,63.464,43,33.1,29.4
"BOOI4","2018-07-01 18:00",78.1519999999999,65.07,1813545.4,0,9.113294,309.7,0.0179527559055118,"80.833999999999932",72.7159999999999,69.2599999999999,63.4819999999999,43,33,29.4
"BOOI4","2018-07-01 19:00",77.5579999999999,63.81,1151363.6,0,7.3975606,316,0.012992125984252,"80.563999999999965",72.788,69.2599999999999,63.5179999999999,43,33,29.4
"BOOI4","2018-07-01 20:00",76.28,67.68,670363.65,0,4.485065,329.4,0.00712598425196851,"79.933999999999926",72.8599999999999,69.2599999999999,63.5359999999999,42.9,33,29.4
"BOOI4","2018-07-01 21:00",72.4279999999999,79.45,171245.45,0,0.46528354,342.2,-0.000590551181102362,"78.727999999999895",72.9499999999999,69.2779999999999,63.572,42.9,32.9,29.3
"BOOI4","2018-07-01 22:00",71.3659999999999,76.7,1315.4545,0,0.58160436,310.3,-0.00114173228346457,"77.269999999999897",73.0039999999999,69.2599999999999,63.572,42.9,32.9,29.3
"BOOI4","2018-07-01 23:00",66.6859999999999,94.1,0,0,0.25948504,315.3,-0.00137795275590551,"75.901999999999916",73.0579999999999,69.296,63.5899999999999,42.9,32.9,29.3
"BOOI4","2018-07-02 00:00",67.0099999999999,89.3,0,0,0.3086977,227.1,-0.00133858267716536,"74.71399999999997",73.0939999999999,69.296,63.6079999999999,42.9,32.8,29.3
"BOOI4","2018-07-02 01:00",65.246,93.1,0,0,1.6150707,213.5,-0.000866141732283465,"73.597999999999956",73.0759999999999,69.314,63.6259999999999,42.9,32.8,29.3
"BOOI4","2018-07-02 02:00",64.0039999999999,95.8,0,0,1.4674327,216.9,-0.00094488188976378,"72.62599999999992",73.0399999999999,69.314,63.6439999999999,42.9,32.8,29.3
"BOOI4","2018-07-02 03:00",63.6439999999999,96.2,0,0,1.9327163,215.3,-0.000905511811023622,"71.7439999999999",72.9679999999999,69.332,63.6439999999999,42.9,32.8,29.3
"BOOI4","2018-07-02 04:00",63.7339999999999,97.4,0,0,2.433791,220.5,-0.000826771653543307,"70.951999999999913",72.8779999999999,69.3499999999999,63.6619999999999,42.9,32.8,29.3
"BOOI4","2018-07-02 05:00",62.798,97,0,0,1.7448131,224.1,-0.00094488188976378,"70.231999999999957",72.7519999999999,69.3499999999999,63.68,42.9,32.8,29.3
"BOOI4","2018-07-02 06:00",61.538,98.9,19824.545,0,2.3689196,228.5,-0.00078740157480315,"69.529999999999973",72.6079999999999,69.3679999999999,63.68,42.9,32.8,29.3
"BOOI4","2018-07-02 07:00",65.0119999999999,94.1,349472.75,0,3.76477,250.7,0.000708661417322835,"68.935999999999908",72.446,69.3859999999999,63.698,42.9,32.8,29.3
"BOOI4","2018-07-02 08:00",68.648,86.8,886727.23,0,5.4648447,246.9,0.00543307086614173,"68.971999999999966",72.2839999999999,69.3859999999999,63.698,42.9,32.7,29.3
"BOOI4","2018-07-02 09:00",72.9319999999999,80.8,1521272.7,0,4.811658,218.4,0.0111417322834646,"69.979999999999976",72.1039999999999,69.3859999999999,63.7159999999999,42.9,32.7,29.3
"BOOI4","2018-07-02 10:00",75.6499999999999,73.52,2144636.5,0,6.5452867,192.5,0.017244094488189,"71.779999999999973",71.9419999999999,69.3679999999999,63.7339999999999,42.8,32.7,29.3
"BOOI4","2018-07-02 11:00",77.6839999999999,65.13,2685000,0,8.055222,189.1,0.0230314960629921,"73.777999999999892",71.78,69.3679999999999,63.7339999999999,42.8,32.7,29.3
"BOOI4","2018-07-02 12:00",79.43,63.54,3090909.2,0,7.1045218,182.9,0.0271259842519685,"75.757999999999939",71.6539999999999,69.3679999999999,63.7339999999999,42.8,32.7,29.3
"BOOI4","2018-07-02 13:00",80.3839999999999,59.96,3344545.7,0,8.287863,165.7,0.0306299212598425,"77.737999999999985",71.582,69.332,63.7519999999999,42.7,32.6,29.3
"BOOI4","2018-07-02 14:00",81.0859999999999,63.92,3385454.6,0,9.312382,161.2,0.0316929133858268,"79.429999999999978",71.564,69.314,63.7519999999999,42.7,32.6,29.3
"BOOI4","2018-07-02 15:00",81.7159999999999,62.23,3220909.2,0,10.558356,154.1,0.0309448818897638,"80.545999999999978",71.5999999999999,69.296,63.7699999999999,42.7,32.6,29.3
"BOOI4","2018-07-02 16:00",82.3819999999999,64.2,2883181.6,0,9.849247,162.7,0.028503937007874,"81.247999999999962",71.672,69.2599999999999,63.7699999999999,42.7,32.6,29.3
"BOOI4","2018-07-02 17:00",82.3999999999999,65.03,2404090.8,0,9.909644,165.4,0.0250393700787402,"81.715999999999937",71.798,69.2419999999999,63.788,42.6,32.6,29.3
"BOOI4","2018-07-02 18:00",82.0579999999999,63.83,1828091,0,9.831351,143.9,0.0206692913385827,"81.661999999999892",71.9419999999999,69.2239999999999,63.788,41.8,32.6,29.3
"BOOI4","2018-07-02 19:00",81.0499999999999,65.76,1079363.6,0,9.173691,150.5,0.0145669291338583,"81.157999999999944",72.122,69.188,63.788,41.8,32.5,29.3
"BOOI4","2018-07-02 20:00",79.106,74.79,620363.65,0,5.581165,153.1,0.00744094488188976,"80.365999999999943",72.338,69.1699999999999,63.806,41.7,32.5,29.3
"BOOI4","2018-07-02 21:00",74.264,81.5,146957.26,0,5.326154,126.2,0.0021259842519685,"78.997999999999962",72.5359999999999,69.1519999999999,63.806,41.6,32.5,29.2
"BOOI4","2018-07-02 22:00",71.33,86.6,680.9091,0,5.630378,124.9,0.000551181102362205,"77.467999999999918",72.7339999999999,69.1519999999999,63.8239999999999,41.6,32.5,29.2
"BOOI4","2018-07-02 23:00",70.7359999999999,86,0,0,5.556559,133.3,0.000354330708661417,"76.045999999999978",72.896,69.1339999999999,63.8239999999999,41.6,32.5,29.2
"BOOI4","2018-07-03 00:00",70.6099999999999,83.2,0,0,6.7331896,147.6,0.000669291338582677,"74.857999999999933",72.9859999999999,69.1339999999999,63.8239999999999,41.1,32.5,29.2
"BOOI4","2018-07-03 01:00",68.756,87.5,0,0,6.1068463,145.5,0.000393700787401575,"73.75999999999992",73.0579999999999,69.1519999999999,63.8419999999999,41,32.5,29.2
"BOOI4","2018-07-03 02:00",67.7119999999999,90.7,0,0,6.3506727,151,0.00015748031496063,"72.841999999999928",73.0759999999999,69.1519999999999,63.8419999999999,40.9,32.5,29.2
"BOOI4","2018-07-03 03:00",66.8659999999999,93.5,0,0,6.3461986,151.1,-3.93700787401575e-05,"72.04999999999994",73.0579999999999,69.1699999999999,63.8419999999999,41,32.5,29.2
"BOOI4","2018-07-03 04:00",65.9659999999999,95.9,0,0,5.3507605,154.4,-0.000275590551181102,"71.347999999999956",73.0039999999999,69.188,63.8599999999999,40.9,32.5,29.2
"BOOI4","2018-07-03 05:00",65.5519999999999,97,0,0,3.7960873,156.9,-0.000551181102362205,"70.735999999999905",72.914,69.206,63.8599999999999,40.8,32.5,29.2
"BOOI4","2018-07-03 06:00",65.03,98,8700,0,3.0377645,99.1,-0.00062992125984252,"70.195999999999984",72.788,69.2239999999999,63.8599999999999,40.8,32.5,29.3
"BOOI4","2018-07-03 07:00",66.488,96.5,273518.2,0,5.865257,121.6,0.000354330708661417,"69.763999999999967",72.68,69.2419999999999,63.8779999999999,40.7,32.5,29.2
"BOOI4","2018-07-03 08:00",71.0419999999999,92.5,754090.94,0,8.095486,133.2,0.00433070866141732,"69.889999999999958",72.5359999999999,69.2599999999999,63.8779999999999,40.6,32.5,29.2
"BOOI4","2018-07-03 09:00",73.7599999999999,90.5,1389363.6,0,8.802359,151,0.00956692913385827,"70.789999999999949",72.3919999999999,69.2599999999999,63.8779999999999,40.6,32.4,29.2
"BOOI4","2018-07-03 10:00",78.0079999999999,87.1,1891454.5,0,9.375015,147.4,0.0142125984251968,"72.301999999999907",72.248,69.2779999999999,63.8779999999999,40.5,32.4,29.2
"BOOI4","2018-07-03 11:00",81.2839999999999,80.1,2593181.6,0,8.903021,137.1,0.0211417322834646,"74.281999999999954",72.1039999999999,69.2599999999999,63.8779999999999,40.4,32.4,29.2
"BOOI4","2018-07-03 12:00",83.4079999999999,77.34,2975636.2,0,8.623404,143.8,0.0256299212598425,"76.819999999999894",72.014,69.2779999999999,63.896,40.3,32.4,29.2
"BOOI4","2018-07-03 13:00",85.0099999999999,74,2876091,0,8.721828,134.2,0.0260629921259843,"79.609999999999914",71.9419999999999,69.2779999999999,63.896,40.2,32.4,29.2
"BOOI4","2018-07-03 14:00",86.414,71.51,2986363.8,0,9.29896,141.4,0.0278740157480315,"82.093999999999909",71.9599999999999,69.2599999999999,63.896,40.2,32.3,29.2
"BOOI4","2018-07-03 15:00",86.5939999999999,73.37,2894454.6,0,10.598621,141.3,0.0281102362204724,"84.469999999999899",72.014,69.2419999999999,63.914,40.2,32.3,29.2
"BOOI4","2018-07-03 16:00",88.2859999999999,68.43,2751272.7,0,9.339225,149.5,0.0275590551181102,"86.377999999999901",72.122,69.2419999999999,63.914,40.1,32.2,29.2
"BOOI4","2018-07-03 17:00",87.872,72.94,2115909,0,9.117768,144.6,0.0227165354330709,"87.781999999999954",72.2839999999999,69.2239999999999,63.914,40.1,32.2,29.2
"BOOI4","2018-07-03 18:00",88.1419999999999,70.97,1594000,0,9.961094,130.9,0.0187007874015748,"88.267999999999915",72.4999999999999,69.206,63.914,40.1,32.2,29.2
"BOOI4","2018-07-03 19:00",86.6119999999999,79.65,1006363.6,0,9.064081,122,0.0126771653543307,"88.08799999999998",72.7519999999999,69.206,63.932,40.1,32.2,29.2
"BOOI4","2018-07-03 20:00",84.398,82.9,504272.74,0,8.882889,123.3,0.00732283464566929,"87.25999999999992",73.0399999999999,69.188,63.932,40.1,32.2,29.2
"BOOI4","2018-07-03 21:00",81.9859999999999,82.9,92063.64,0,8.927628,125.5,0.0037007874015748,"85.83799999999998",73.3279999999999,69.188,63.932,40.1,32.1,29.2
"BOOI4","2018-07-03 22:00",80.3659999999999,85,700.9091,0,9.169217,131.5,0.0012992125984252,"84.217999999999918",73.6159999999999,69.188,63.9499999999999,40.1,32.1,29.2
"BOOI4","2018-07-03 23:00",79.196,87.1,0,0,7.9590325,135,0.000905511811023622,"82.75999999999992",73.8679999999999,69.188,63.9499999999999,40.1,32.1,29.2
"BOOI4","2018-07-04 00:00",78.1699999999999,89.5,0,0,6.4960737,141.9,0.000551181102362205,"81.517999999999915",74.0839999999999,69.206,63.9499999999999,40.1,32.1,29.2
"BOOI4","2018-07-04 01:00",76.8919999999999,92.3,0,0,6.292512,130.3,0.000275590551181102,"80.45599999999996",74.2279999999999,69.2419999999999,63.9499999999999,40.1,32.1,29.2
"BOOI4","2018-07-04 02:00",75.6319999999999,94.9,0,0,4.5700684,136.3,-0.00015748031496063,"79.50199999999991",74.3359999999999,69.2779999999999,63.9679999999999,40.1,32.1,29.2
"BOOI4","2018-07-04 03:00",74.8039999999999,96.5,0,0,4.259134,143.8,-0.00031496062992126,"78.709999999999908",74.4259999999999,69.296,63.9679999999999,40.1,32.1,29.2
"BOOI4","2018-07-04 04:00",74.1739999999999,96.8,0,0,3.5276544,139.6,-0.00047244094488189,"77.95399999999988",74.4439999999999,69.3499999999999,63.9859999999999,40,32,29.2
"BOOI4","2018-07-04 05:00",73.8499999999999,96.8,0,0,4.6729674,143.3,-0.000354330708661417,"77.287999999999982",74.4619999999999,69.3859999999999,63.9679999999999,40,32,29.2
"BOOI4","2018-07-04 06:00",73.2919999999999,98,8686.364,0,4.2345276,142.9,-0.000433070866141732,"76.657999999999944",74.4439999999999,69.422,63.9859999999999,40.1,32,29.2
"BOOI4","2018-07-04 07:00",74.6779999999999,95.8,245109.1,0,3.357647,162.2,0.000433070866141732,"76.225999999999928",74.4079999999999,69.4759999999999,63.9859999999999,40,32,29.2
"BOOI4","2018-07-04 08:00",78.53,89.4,760909.1,0,4.572305,168.9,0.00515748031496063,"76.297999999999959",74.3359999999999,69.5119999999999,63.9859999999999,39.9,32,29.2
"BOOI4","2018-07-04 09:00",81.6439999999999,84.7,1365727.3,0,6.1560593,167.4,0.0111023622047244,"77.179999999999978",74.264,69.548,64.0039999999999,39.9,32,29.2
"BOOI4","2018-07-04 10:00",83.93,79.03,1865818.1,0,6.402122,181.5,0.016496062992126,"78.907999999999944",74.1919999999999,69.5839999999999,64.0039999999999,39.8,32,29.1
"BOOI4","2018-07-04 11:00",85.496,75.79,2459000,0,7.2141314,170.3,0.0221259842519685,"81.229999999999976",74.138,69.6199999999999,64.0039999999999,39.8,31.9,29.1
"BOOI4","2018-07-04 12:00",87.2599999999999,75.19,2908272.7,0,8.663669,175.3,0.0269291338582677,"83.965999999999937",74.1019999999999,69.6739999999999,64.0039999999999,39.8,31.9,29.1
"BOOI4","2018-07-04 13:00",88.8439999999999,70.95,3157272.7,0,8.507083,178.9,0.0298818897637795,"86.791999999999931",74.0839999999999,69.6919999999999,64.022,39.7,31.9,29.1
"BOOI4","2018-07-04 14:00",90.572,68.88,3196363.8,0,7.791262,183.4,0.031259842519685,"89.563999999999965",74.138,69.7279999999999,64.022,39.7,31.9,29.1
"BOOI4","2018-07-04 15:00",91.2919999999999,65.39,3120000,0,7.2879505,204.5,0.031496062992126,"91.921999999999969",74.2279999999999,69.7279999999999,64.0399999999999,39.7,31.8,29.1
"BOOI4","2018-07-04 16:00",90.1039999999999,68.05,2661545.4,0,8.135751,203.8,0.0277165354330709,"93.631999999999948",74.372,69.764,64.0399999999999,39.6,31.8,29.1
"BOOI4","2018-07-04 17:00",74.156,98.5,174009.1,0.37992126,12.014605,2.069,0.00437007874015748,"92.659999999999911",74.5699999999999,69.782,64.0399999999999,39.6,31.8,29.1
"BOOI4","2018-07-04 18:00",73.472,99,281972.75,0.24000001,6.7309527,72.78,0.00220472440944882,"88.879999999999981",74.84,69.782,64.0579999999999,40.5,32.3,29.2
"BOOI4","2018-07-04 19:00",77.1079999999999,87.6,1058181.8,0,4.5700684,112,0.00771653543307087,"86.773999999999944",75.146,69.8539999999999,64.0759999999999,40.6,32.3,29.2
"BOOI4","2018-07-04 20:00",78.638,86.7,507545.47,0,2.9460502,134.7,0.00417322834645669,"85.855999999999966",75.4159999999999,69.89,64.0939999999999,40.5,32.3,29.2
"BOOI4","2018-07-04 21:00",76.9099999999999,93.7,40420.002,0,1.9081098,179,0.00078740157480315,"84.559999999999917",75.596,69.9079999999999,64.0939999999999,40.5,32.3,29.2
"BOOI4","2018-07-04 22:00",77.1079999999999,94.8,76.36364,0,0.3511996,156.3,-0.00102362204724409,"83.353999999999886",75.74,69.9439999999999,64.1119999999999,40.5,32.3,29.2
"BOOI4","2018-07-04 23:00",72.1039999999999,92.9,0,0.060000002,8.920917,344.4,0.00062992125984252,"82.201999999999913",75.83,69.98,64.1119999999999,40.5,32.4,29.2
"BOOI4","2018-07-05 00:00",69.4039999999999,97.8,0,0.70984256,7.4221673,7.515,-7.8740157480315e-05,"80.635999999999896",75.8839999999999,70.0339999999999,64.13,41.2,32.5,29.4
"BOOI4","2018-07-05 01:00",69.746,99.2,0,0.14,7.4311147,317.7,-0.000354330708661417,"78.727999999999895",75.9019999999999,70.088,64.148,43.5,32.9,29.5
"BOOI4","2018-07-05 02:00",69.7279999999999,99,0,0.05,5.3440495,329.1,-0.000551181102362205,"77.737999999999985",75.9019999999999,70.1779999999999,64.1839999999999,43.5,33,29.5
"BOOI4","2018-07-05 03:00",69.6919999999999,99.4,0,0.010000001,5.4357643,64.42,-0.000511811023622047,"77.089999999999961",75.848,70.232,64.2019999999999,43.5,33,29.5
"BOOI4","2018-07-05 04:00",69.9619999999999,99,0,0,8.439975,112.1,-0.000354330708661417,"76.531999999999954",75.7579999999999,70.2859999999999,64.2199999999999,43.5,33,29.5
"BOOI4","2018-07-05 05:00",69.98,99.8,0,0,5.406684,306.7,-0.000551181102362205,"75.991999999999933",75.614,70.322,64.238,43.5,33.1,29.5
"BOOI4","2018-07-05 06:00",69.548,99.5,4010.909,0,7.227553,285.5,-0.00047244094488189,"75.523999999999944",75.488,70.3579999999999,64.256,43.5,33.1,29.5
"BOOI4","2018-07-05 07:00",70.3039999999999,98,192381.8,0,3.6081843,293.5,-0.000196850393700787,"75.091999999999928",75.3259999999999,70.4119999999999,64.2739999999999,43.5,33.1,29.5
"BOOI4","2018-07-05 08:00",75.614,84,710272.7,0,0.05368656,283,0.00421259842519685,"75.145999999999987",75.164,70.448,64.2919999999999,43.5,33.1,29.5
"BOOI4","2018-07-05 09:00",77.99,85.2,1491545.5,0,1.8365277,203.9,0.0113385826771653,"76.045999999999978",75.0019999999999,70.4839999999999,64.3099999999999,43.5,33.1,29.5
"BOOI4","2018-07-05 10:00",79.1779999999999,79.06,2127818.4,0,6.0128946,306,0.0173622047244095,"77.647999999999954",74.822,70.5199999999999,64.346,43.4,33.1,29.5
"BOOI4","2018-07-05 11:00",78.764,83.7,1656091,0,4.6975737,317.6,0.0144094488188976,"79.321999999999974",74.6779999999999,70.556,64.364,43.4,33.1,29.5
"BOOI4","2018-07-05 12:00",77.8999999999999,87.6,1488545.5,0,5.2456245,329.1,0.0130314960629921,"80.347999999999956",74.5699999999999,70.5739999999999,64.3819999999999,43.4,33.1,29.5
"BOOI4","2018-07-05 13:00",78.998,87.9,1366909.2,0,7.1872883,350.4,0.012007874015748,"80.707999999999942",74.48,70.5919999999999,64.3999999999999,43.4,33.1,29.5
"BOOI4","2018-07-05 14:00",80.69,82.7,2038908.9,0,5.693012,346.9,0.0173228346456693,"81.157999999999944",74.4259999999999,70.6099999999999,64.4179999999999,43.4,33,29.5
"BOOI4","2018-07-05 15:00",82.1659999999999,80.6,2362000,0,7.5474358,341.8,0.0205118110236221,"82.255999999999958",74.4079999999999,70.6279999999999,64.4539999999999,43.4,33,29.5
"BOOI4","2018-07-05 16:00",83.4439999999999,76.31,2382545.4,0,8.2901,3.39,0.0218503937007874,"83.335999999999899",74.4079999999999,70.6279999999999,64.472,43.3,33,29.5
"BOOI4","2018-07-05 17:00",82.598,78.38,1261909.2,0,6.795824,18.13,0.0134251968503937,"83.731999999999957",74.4259999999999,70.646,64.49,43.3,32.9,29.4
"BOOI4","2018-07-05 18:00",82.8859999999999,71.45,1715272.7,0,7.5384874,5.684,0.0171653543307087,"83.641999999999925",74.4619999999999,70.646,64.5079999999999,43.3,32.9,29.4
"BOOI4","2018-07-05 19:00",80.798,70.48,921272.77,0,5.5699806,354.5,0.0104330708661417,"83.317999999999913",74.5159999999999,70.646,64.5259999999999,43.3,32.9,29.4
"BOOI4","2018-07-05 20:00",77.7919999999999,71.92,536545.4,0,5.487214,7.258,0.00712598425196851,"82.399999999999935",74.606,70.664,64.5439999999999,43.3,32.8,29.4
"BOOI4","2018-07-05 21:00",72.896,84.9,144563.63,0,3.7066095,3.574,0.00114173228346457,"80.833999999999932",74.696,70.664,64.5619999999999,43.3,32.8,29.4
"BOOI4","2018-07-05 22:00",70.7539999999999,85.6,1392.7274,0,4.1182065,4.186,0.000196850393700787,"79.177999999999898",74.7679999999999,70.664,64.58,43.3,32.8,29.5
"BOOI4","2018-07-05 23:00",68.414,88.1,0,0,3.5902886,357.5,3.93700787401575e-05,"77.611999999999895",74.8039999999999,70.664,64.598,43.3,32.8,29.5
"BOOI4","2018-07-06 00:00",66.9199999999999,91.2,0,0,2.7290668,352.6,-0.000196850393700787,"76.225999999999928",74.822,70.6819999999999,64.6159999999999,43.3,32.8,29.5
"BOOI4","2018-07-06 01:00",66.6679999999999,91.5,0,0,2.9907887,6.547,-0.000275590551181102,"75.019999999999897",74.7859999999999,70.6999999999999,64.6159999999999,43.3,32.8,29.5
"BOOI4","2018-07-06 02:00",65.624,92.6,0,0,3.16527,11.13,-0.00031496062992126,"73.939999999999955",74.732,70.7179999999999,64.6339999999999,43.2,32.8,29.5
"BOOI4","2018-07-06 03:00",64.9579999999999,92.7,0,0,3.543313,8.91,-0.000236220472440945,"72.985999999999905",74.6419999999999,70.7179999999999,64.6339999999999,43.2,32.7,29.5
"BOOI4","2018-07-06 04:00",63.932,93.8,0,0,3.9839902,13.53,-0.000236220472440945,"72.121999999999971",74.498,70.7359999999999,64.6519999999999,43.2,32.7,29.5
"BOOI4","2018-07-06 05:00",62.33,95.9,0,0,2.7357776,19.19,-0.00047244094488189,"71.311999999999884",74.3539999999999,70.7359999999999,64.6519999999999,43.2,32.7,29.4
"BOOI4","2018-07-06 06:00",61.8439999999999,94.9,14745.455,0,3.4404137,18.91,-0.000354330708661417,"70.519999999999897",74.1919999999999,70.7359999999999,64.6699999999999,43.2,32.7,29.4
"BOOI4","2018-07-06 07:00",63.7699999999999,90.1,286900,0,4.0578094,11.43,0.000708661417322835,"69.853999999999886",74.0119999999999,70.7539999999999,64.688,43.2,32.7,29.4
"BOOI4","2018-07-06 08:00",67.046,86.1,835727.3,0,4.1964993,33.87,0.005,"69.691999999999936",73.832,70.7539999999999,64.688,43.2,32.7,29.4
"BOOI4","2018-07-06 09:00",70.556,74.27,1459818.1,0,7.2857137,73.07,0.0109842519685039,"70.50199999999991",73.6159999999999,70.7539999999999,64.706,43.1,32.7,29.5
"BOOI4","2018-07-06 10:00",72.8779999999999,71.29,2069545.4,0,8.936575,91.3,0.0174803149606299,"71.851999999999904",73.4179999999999,70.7359999999999,64.706,43.1,32.7,29.5
"BOOI4","2018-07-06 11:00",74.822,66.71,2613909.2,0,9.3436985,105.9,0.0225196850393701,"73.507999999999939",73.2199999999999,70.7359999999999,64.7239999999999,43.1,32.6,29.5
"BOOI4","2018-07-06 12:00",76.388,64.14,3024090.8,0,8.269967,107,0.0263385826771654,"75.343999999999909",73.0399999999999,70.7179999999999,64.7239999999999,42.1,32.6,29.5
"BOOI4","2018-07-06 13:00",77.7739999999999,63.2,3271818,0,6.853984,114,0.0285826771653543,"77.377999999999901",72.914,70.6819999999999,64.7239999999999,42,32.6,29.4
"BOOI4","2018-07-06 14:00",78.89,64.07,3309090.8,0,5.6438,114.3,0.0290157480314961,"79.447999999999965",72.8239999999999,70.664,64.7419999999999,42,32.6,29.4
"BOOI4","2018-07-06 15:00",79.8259999999999,60.85,3135454.6,0,4.5365148,131,0.0277952755905512,"81.373999999999953",72.7699999999999,70.6279999999999,64.7599999999999,41.4,32.6,29.4
"BOOI4","2018-07-06 16:00",80.222,59.38,2827545.4,0,5.5520854,114,0.0260629921259843,"82.669999999999888",72.788,70.5919999999999,64.7599999999999,41.4,32.5,29.4
"BOOI4","2018-07-06 17:00",80.4739999999999,55.21,2345727,0,5.5341897,109.2,0.0225590551181102,"83.389999999999958",72.8419999999999,70.556,64.7779999999999,41.3,32.5,29.4
"BOOI4","2018-07-06 18:00",80.2039999999999,59.25,1774090.8,0,6.0665812,107.1,0.0183070866141732,"83.407999999999944",72.9499999999999,70.538,64.7779999999999,41.3,32.5,29.4
"BOOI4","2018-07-06 19:00",78.6019999999999,63.96,1021545.4,0,6.7376633,69.97,0.0123228346456693,"82.867999999999924",73.0939999999999,70.5019999999999,64.796,41.3,32.5,29.4
"BOOI4","2018-07-06 20:00",75.6319999999999,74.11,594636.35,0,6.08224,66.4,0.00724409448818898,"81.805999999999969",73.2919999999999,70.448,64.796,41.2,32.5,29.4
"BOOI4","2018-07-06 21:00",71.1319999999999,85.4,147200.01,0,3.724505,69.29,0.00078740157480315,"80.257999999999939",73.472,70.43,64.796,41.2,32.5,29.4
"BOOI4","2018-07-06 22:00",70.3579999999999,83.4,834.54543,0,3.3263297,90.4,7.8740157480315e-05,"78.619999999999891",73.6519999999999,70.4119999999999,64.814,41.2,32.5,29.4
"BOOI4","2018-07-06 23:00",68.8819999999999,89.1,0,0,4.494013,115.7,0.000236220472440945,"77.071999999999974",73.796,70.3939999999999,64.814,41.1,32.4,29.4
"BOOI4","2018-07-07 00:00",66.488,94,0,0,3.8229303,100.2,-0.000236220472440945,"75.685999999999908",73.8859999999999,70.3759999999999,64.814,41.1,32.4,29.4
"BOOI4","2018-07-07 01:00",65.732,92.9,0,0,3.5746303,93.4,-0.000393700787401575,"74.497999999999962",73.94,70.3759999999999,64.832,40.8,32.4,29.4
"BOOI4","2018-07-07 02:00",65.6779999999999,90.1,0,0,5.2031226,123.9,-0.000118110236220472,"73.45399999999988",73.9579999999999,70.3579999999999,64.832,40.7,32.4,29.4
"BOOI4","2018-07-07 03:00",64.022,92.8,0,0,4.775867,141.2,-0.000118110236220472,"72.481999999999957",73.9039999999999,70.3759999999999,64.832,40.7,32.4,29.4
"BOOI4","2018-07-07 04:00",63.122,93,0,0,4.0332026,138.5,-0.000275590551181102,"71.581999999999951",73.8499999999999,70.3759999999999,64.8499999999999,40.6,32.4,29.4
"BOOI4","2018-07-07 05:00",62.222,92.5,0,0,3.4806786,128,-0.000393700787401575,"70.789999999999949",73.7419999999999,70.3759999999999,64.8499999999999,40.6,32.4,29.4
"BOOI4","2018-07-07 06:00",60.6919999999999,96,8466.363,0,3.2189567,114.6,-0.00047244094488189,"69.997999999999962",73.6159999999999,70.3939999999999,64.8499999999999,40.5,32.4,29.4
"BOOI4","2018-07-07 07:00",62.4919999999999,91.4,249527.27,0,3.5500238,122.2,0.00015748031496063,"69.367999999999924",73.472,70.3939999999999,64.8499999999999,40.5,32.3,29.4
"BOOI4","2018-07-07 08:00",65.5339999999999,83,775090.9,0,5.093512,135.7,0.00456692913385827,"69.241999999999933",73.3099999999999,70.3939999999999,64.8679999999999,40.4,32.3,29.4
"BOOI4","2018-07-07 09:00",68.7199999999999,75.95,1391090.8,0,7.7733665,155.2,0.0104724409448819,"69.871999999999971",73.13,70.3939999999999,64.8679999999999,40.4,32.3,29.4
"BOOI4","2018-07-07 10:00",71.4739999999999,73.66,1978091,0,7.4020343,160.2,0.0158661417322835,"71.149999999999935",72.9679999999999,70.3939999999999,64.8679999999999,40.3,32.2,29.4
"BOOI4","2018-07-07 11:00",73.7779999999999,70.42,2500090.8,0,7.460195,164.1,0.0205118110236221,"73.093999999999909",72.788,70.3759999999999,64.8679999999999,40.2,32.3,29.4
"BOOI4","2018-07-07 12:00",75.5599999999999,66.76,2892545.4,0,7.6167808,159,0.0242913385826772,"75.595999999999989",72.6439999999999,70.3759999999999,64.8859999999999,40.2,32.2,29.4
"BOOI4","2018-07-07 13:00",76.9099999999999,69.41,3110000,0,7.265581,164.1,0.0265748031496063,"78.529999999999973",72.5179999999999,70.3579999999999,64.8679999999999,40.1,32.2,29.4
"BOOI4","2018-07-07 14:00",77.99,66.21,3134545.4,0,8.146935,144.2,0.0278346456692913,"81.427999999999898",72.464,70.34,64.8859999999999,40.1,32.1,29.4
"BOOI4","2018-07-07 15:00",79.0699999999999,55.22,2953091,0,8.350497,143.9,0.0279527559055118,"83.893999999999906",72.446,70.322,64.8859999999999,40,32.1,29.4
"BOOI4","2018-07-07 16:00",79.8439999999999,55.78,2586182,0,7.491512,141.5,0.025748031496063,"85.801999999999907",72.4999999999999,70.2859999999999,64.9039999999999,40,32,29.4
"BOOI4","2018-07-07 17:00",80.2039999999999,53.39,2117272.7,0,7.527303,139.6,0.0225984251968504,"87.115999999999943",72.59,70.2679999999999,64.9039999999999,40,32,29.4
"BOOI4","2018-07-07 18:00",80.0239999999999,53.98,1596091,0,7.567568,141.6,0.0187007874015748,"87.67399999999995",72.7159999999999,70.232,64.8859999999999,40,32,29.4
"BOOI4","2018-07-07 19:00",78.9079999999999,61.34,940636.35,0,7.5429616,132.1,0.0137007874015748,"87.367999999999924",72.914,70.196,64.9039999999999,39.9,31.7,29.4
"BOOI4","2018-07-07 20:00",76.046,69.4,526272.77,0,5.9480233,125.2,0.00767716535433071,"86.287999999999982",73.13,70.1779999999999,64.922,40,31.7,29.4
"BOOI4","2018-07-07 21:00",71.888,76.99,118128.18,0,5.3843145,127.7,0.00275590551181102,"84.487999999999985",73.3819999999999,70.1599999999999,64.922,40,31.7,29.4
"BOOI4","2018-07-07 22:00",69.5839999999999,84.3,870.9091,0,3.646212,139.2,0.000393700787401575,"82.417999999999921",73.6159999999999,70.1419999999999,64.922,40,31.7,29.3
"BOOI4","2018-07-07 23:00",68.288,87.2,0,0,4.2211056,130.9,0.000275590551181102,"80.545999999999978",73.814,70.124,64.922,40,31.7,29.3
"BOOI4","2018-07-08 00:00",66.6679999999999,88.3,0,0,3.9347773,147,3.93700787401575e-05,"78.907999999999944",73.9579999999999,70.124,64.922,40,31.7,29.3
"BOOI4","2018-07-08 01:00",65.732,90.8,0,0,5.918943,149.9,0.000196850393700787,"77.449999999999932",74.0659999999999,70.124,64.94,40,31.6,29.3
"BOOI4","2018-07-08 02:00",64.1119999999999,92.7,0,0,5.3015475,156.3,0,"76.135999999999896",74.1199999999999,70.1419999999999,64.922,39.9,31.6,29.3
"BOOI4","2018-07-08 03:00",63.3199999999999,93.8,0,0,3.76477,161.6,-0.000275590551181102,"74.983999999999924",74.1199999999999,70.1419999999999,64.94,40,31.6,29.2
"BOOI4","2018-07-08 04:00",62.1859999999999,95.2,0,0,3.8564844,159.7,-0.000275590551181102,"73.939999999999955",74.0839999999999,70.1779999999999,64.94,40,31.6,29.2
"BOOI4","2018-07-08 05:00",60.98,96.5,0,0,2.758147,178.6,-0.00047244094488189,"72.949999999999932",73.9939999999999,70.196,64.94,39.9,31.6,29.2
"BOOI4","2018-07-08 06:00",60.53,96.6,9519.9995,0,1.8029736,201.7,-0.00062992125984252,"72.04999999999994",73.9039999999999,70.214,64.94,39.9,31.6,29.2
"BOOI4","2018-07-08 07:00",63.7339999999999,91.1,264518.2,0,1.9058728,174.3,7.8740157480315e-05,"71.311999999999884",73.7779999999999,70.2499999999999,64.94,39.9,31.5,29.2
"BOOI4","2018-07-08 08:00",67.0279999999999,85.1,796636.35,0,4.5298038,181.7,0.00460629921259843,"71.113999999999962",73.6339999999999,70.2679999999999,64.94,39.8,31.5,29.2
"BOOI4","2018-07-08 09:00",71.24,76.37,1418545.4,0,5.4648447,203.4,0.0103543307086614,"71.833999999999932",73.49,70.2679999999999,64.94,39.8,31.5,29.2
"BOOI4","2018-07-08 10:00",74.138,71.5,2042818.2,0,6.522917,197.9,0.0167322834645669,"73.525999999999925",73.3279999999999,70.2859999999999,64.9579999999999,39.7,31.5,29.2
"BOOI4","2018-07-08 11:00",76.6039999999999,65.21,2572182,0,6.722005,196,0.022007874015748,"75.95599999999996",73.1659999999999,70.2859999999999,64.9579999999999,39.7,31.3,29.2
"BOOI4","2018-07-08 12:00",78.2419999999999,65.11,2979182,0,6.7197676,176.9,0.0259448818897638,"78.96199999999989",73.0399999999999,70.2859999999999,64.9579999999999,39.6,31.3,29.2
"BOOI4","2018-07-08 13:00",79.43,62.83,3208182,0,8.502609,164.4,0.0288188976377953,"82.003999999999891",72.9499999999999,70.2859999999999,64.9579999999999,39.5,31.3,29.1
"BOOI4","2018-07-08 14:00",81.4099999999999,56.61,3232727.3,0,7.759945,170.2,0.0301968503937008,"84.847999999999956",72.914,70.2679999999999,64.9579999999999,39.6,31.3,29.1
"BOOI4","2018-07-08 15:00",82.49,57.87,3070000,0,8.220755,173.1,0.0302362204724409,"87.25999999999992",72.9319999999999,70.2679999999999,64.9579999999999,39.5,31.2,29.1
"BOOI4","2018-07-08 16:00",83.2099999999999,56.69,2729182,0,8.357208,172.2,0.0281496062992126,"89.041999999999931",73.0039999999999,70.2499999999999,64.9579999999999,39.5,31.2,29.1
"BOOI4","2018-07-08 17:00",83.39,50.3,2283363.5,0,8.979077,178.5,0.0258267716535433,"90.175999999999917",73.13,70.232,64.9759999999999,39.4,31.1,29.1
"BOOI4","2018-07-08 18:00",83.0119999999999,54.05,1747272.7,0,8.272204,172.6,0.0213385826771654,"90.535999999999902",73.3099999999999,70.214,64.9759999999999,39.4,31.1,29
"BOOI4","2018-07-08 19:00",81.914,56.61,1041636.4,0,6.5385756,168.7,0.014251968503937,"90.211999999999989",73.5439999999999,70.196,64.9759999999999,39.5,29.9,29
"BOOI4","2018-07-08 20:00",78.9259999999999,65.34,591909.1,0,5.046537,167.2,0.00811023622047244,"89.149999999999935",73.814,70.196,64.9759999999999,39.4,29.4,29
"BOOI4","2018-07-08 21:00",72.8599999999999,78.58,134171.81,0,3.6976619,160.9,0.00169291338582677,"87.151999999999916",74.0839999999999,70.1779999999999,64.9939999999999,39.5,29.3,29
"BOOI4","2018-07-08 22:00",69.6919999999999,83.7,778.1818,0,2.1877272,167.8,-0.000275590551181102,"84.973999999999947",74.3539999999999,70.1779999999999,64.9939999999999,39.5,29.1,29
"BOOI4","2018-07-08 23:00",69.9259999999999,83.9,0,0,1.1005745,155.9,-0.000748031496062992,"83.047999999999959",74.588,70.1779999999999,64.9939999999999,39.5,28.9,29
"BOOI4","2018-07-09 00:00",66.5239999999999,92,0,0,2.3622086,152,-0.00031496062992126,"81.391999999999925",74.7499999999999,70.196,64.9939999999999,39.5,28.8,29
"BOOI4","2018-07-09 01:00",65.7679999999999,91.9,0,0,1.2482126,163.9,-0.000826771653543307,"79.861999999999895",74.8759999999999,70.214,64.9939999999999,39.5,28.7,29.1
"BOOI4","2018-07-09 02:00",64.0579999999999,91.7,0,0,3.125005,181.5,-0.000393700787401575,"78.529999999999973",74.93,70.2499999999999,64.9939999999999,39.5,28.7,29.1
"BOOI4","2018-07-09 03:00",63.698,88.7,0,0,3.3733056,209.1,-0.000236220472440945,"77.287999999999982",74.948,70.2679999999999,64.9939999999999,39.5,28.5,29.1
"BOOI4","2018-07-09 04:00",64.1119999999999,84.9,0,0,3.5298913,213.2,-0.000118110236220472,"76.171999999999969",74.9119999999999,70.3039999999999,65.0119999999999,39.5,28.4,29.1
"BOOI4","2018-07-09 05:00",64.0579999999999,84.6,0,0,3.8587215,215.6,3.93700787401575e-05,"75.181999999999945",74.84,70.322,65.0119999999999,39.5,28.3,29.1
"BOOI4","2018-07-09 06:00",65.282,80.2,2551.8181,0,3.6954248,222.6,7.8740157480315e-05,"74.29999999999994",74.7499999999999,70.3579999999999,65.0119999999999,39.5,28.1,29.1
"BOOI4","2018-07-09 07:00",65.732,82.4,126218.16,0,3.9772794,223.4,0.00125984251968504,"73.57999999999997",74.6419999999999,70.3939999999999,65.0119999999999,39.4,28,29.1
"BOOI4","2018-07-09 08:00",70.214,75.02,576000,0,4.3419003,221.5,0.00468503937007874,"73.291999999999931",74.498,70.43,65.0119999999999,39.4,27.8,29.1
"BOOI4","2018-07-09 09:00",73.94,71.09,947363.65,0,6.5587077,222.4,0.00937007874015748,"73.723999999999947",74.3359999999999,70.4659999999999,65.0119999999999,39.3,27.7,29.1
"BOOI4","2018-07-09 10:00",77.7019999999999,66.77,1859545.5,0,8.665906,230.2,0.0178346456692913,"75.055999999999969",74.1739999999999,70.4839999999999,65.03,39.3,27.5,29
"BOOI4","2018-07-09 11:00",80.222,67.46,2512818,0,10.547173,233.8,0.0237795275590551,"77.305999999999969",74.03,70.4839999999999,65.03,39.2,27.2,29
"BOOI4","2018-07-09 12:00",84.0739999999999,64.3,2934636.5,0,10.582963,240.5,0.0283464566929134,"80.185999999999908",73.9039999999999,70.5019999999999,65.03,39.2,26.9,29
"BOOI4","2018-07-09 13:00",85.6579999999999,63.03,3148182,0,9.386201,245.6,0.0309842519685039,"83.317999999999913",73.796,70.5199999999999,65.03,39.1,26.7,29
"BOOI4","2018-07-09 14:00",87.296,63.31,3200909,0,8.397472,237.6,0.0316535433070866,"86.413999999999973",73.7599999999999,70.5199999999999,65.03,39.1,26.5,29
"BOOI4","2018-07-09 15:00",88.6279999999999,60.63,3015272.7,0,8.216281,233.1,0.0308661417322835,"89.131999999999948",73.7599999999999,70.5199999999999,65.048,39.1,26.2,29
"BOOI4","2018-07-09 16:00",89.438,60.44,2685818.4,0,8.321417,234.1,0.0289370078740157,"91.291999999999931",73.832,70.5199999999999,65.048,39,26,29
"BOOI4","2018-07-09 17:00",89.69,59.57,2201091,0,8.424316,233.9,0.0255905511811024,"92.749999999999929",73.9579999999999,70.5199999999999,65.048,39,25.7,29
"BOOI4","2018-07-09 18:00",89.7259999999999,63.43,1637363.6,0,7.903109,254.7,0.0206692913385827,"93.361999999999995",74.138,70.5019999999999,65.048,39,25.6,29
"BOOI4","2018-07-09 19:00",88.3939999999999,63.61,918090.94,0,6.2276406,248.5,0.0133070866141732,"93.271999999999977",74.3539999999999,70.5019999999999,65.0659999999999,39,25.4,29
"BOOI4","2018-07-09 20:00",86.5579999999999,73.36,540909.1,0,4.766919,245.6,0.00755905511811024,"92.371999999999971",74.624,70.4839999999999,65.0659999999999,39.1,25.4,29.1
"BOOI4","2018-07-09 21:00",80.582,88.6,98737.274,0,2.9192066,254.2,0.00133858267716536,"90.661999999999992",74.9119999999999,70.4839999999999,65.0659999999999,39.1,25.2,29.1
"BOOI4","2018-07-09 22:00",78.8179999999999,89.8,542.7273,0,2.5120838,264.4,-0.000118110236220472,"88.897999999999954",75.1819999999999,70.5019999999999,65.0839999999999,39.1,25.2,29.1
"BOOI4","2018-07-09 23:00",78.7999999999999,91.8,0,0,2.5769548,259.9,-0.00015748031496063,"87.367999999999924",75.4339999999999,70.5019999999999,65.0839999999999,39.1,25.1,29.1
"BOOI4","2018-07-10 00:00",77.5579999999999,93.7,0,0,1.0401771,267.8,-0.000590551181102362,"86.053999999999888",75.6319999999999,70.538,65.0839999999999,39.1,25.1,29.1
"BOOI4","2018-07-10 01:00",77.306,90.2,0,0,1.5323039,305.2,-0.000393700787401575,"84.865999999999943",75.7939999999999,70.556,65.0839999999999,39.1,25.1,29.1
"BOOI4","2018-07-10 02:00",75.8659999999999,92.4,0,0,2.6664326,338.8,-0.000236220472440945,"83.749999999999929",75.9019999999999,70.5739999999999,65.1019999999999,39.2,25,29.1
"BOOI4","2018-07-10 03:00",75.398,92.2,0,0,3.6775296,6.781,-7.8740157480315e-05,"82.723999999999947",75.9739999999999,70.6099999999999,65.1019999999999,39.2,25,29.1
"BOOI4","2018-07-10 04:00",73.9759999999999,94.3,0,0,3.3464622,4.457,-0.000236220472440945,"81.769999999999897",76.0279999999999,70.664,65.1019999999999,39.1,24.9,29.1
"BOOI4","2018-07-10 05:00",73.13,95.2,0,0,2.3241808,359.8,-0.00047244094488189,"80.941999999999936",76.0279999999999,70.6999999999999,65.1199999999999,39.1,24.9,29.1
"BOOI4","2018-07-10 06:00",72.7339999999999,95.4,5285.4543,0,2.4807663,13.42,-0.000433070866141732,"80.20399999999988",76.0099999999999,70.7539999999999,65.1199999999999,39.1,24.9,29.1
"BOOI4","2018-07-10 07:00",72.7159999999999,94.9,125227.28,0,1.8410016,29.18,7.8740157480315e-05,"79.627999999999901",75.9739999999999,70.7899999999999,65.1199999999999,39.1,24.8,29.1
"BOOI4","2018-07-10 08:00",76.2259999999999,89.4,725636.35,0,3.397912,52.22,0.00468503937007874,"79.37599999999992",75.9199999999999,70.8259999999999,65.138,39.1,24.8,29
"BOOI4","2018-07-10 09:00",79.9519999999999,81.3,1364909,0,4.552173,63.22,0.0105905511811024,"79.987999999999985",75.848,70.88,65.138,39,24.7,29
"BOOI4","2018-07-10 10:00",81.8599999999999,72,1626000,0,5.4178686,95.6,0.0150393700787402,"81.427999999999898",75.7579999999999,70.9159999999999,65.138,39,24.7,29
"BOOI4","2018-07-10 11:00",83.8939999999999,64.62,2450182,0,5.536426,105.8,0.0226771653543307,"83.389999999999958",75.6859999999999,70.9519999999999,65.138,38.9,24.7,29
"BOOI4","2018-07-10 12:00",85.874,67.66,2868909.2,0,3.9392514,125.1,0.0262204724409449,"86.197999999999965",75.614,70.9699999999999,65.156,38.9,24.5,29
"BOOI4","2018-07-10 13:00",87.2599999999999,65.88,2737363.5,0,3.4135704,39.74,0.0256692913385827,"89.131999999999948",75.5779999999999,71.006,65.156,38.9,24.5,29
"BOOI4","2018-07-10 14:00",85.514,73.91,2137272.7,0,4.661783,26.76,0.0214566929133858,"91.471999999999966",75.5779999999999,71.0239999999999,65.156,38.8,24.4,29.1
"BOOI4","2018-07-10 15:00",85.3159999999999,74.41,1114545.4,0,4.4671693,65.56,0.0124015748031496,"91.867999999999924",75.6319999999999,71.0599999999999,65.1739999999999,38.8,24.3,29
"BOOI4","2018-07-10 16:00",86.396,66.28,2325636.5,0,6.417781,82.4,0.022992125984252,"92.083999999999932",75.722,71.0779999999999,65.1739999999999,38.8,24.3,29
"BOOI4","2018-07-10 17:00",85.6579999999999,66.94,1591454.6,0,6.1582956,112.7,0.0174803149606299,"92.857999999999933",75.83,71.0779999999999,65.1919999999999,38.8,24.2,29
"BOOI4","2018-07-10 18:00",85.1359999999999,68.34,1617363.6,0,6.4401503,128.3,0.0174409448818898,"93.163999999999973",75.956,71.096,65.1919999999999,38.7,24.1,29
"BOOI4","2018-07-10 19:00",84.3079999999999,71.09,669090.9,0,5.905522,100.2,0.00929133858267717,"92.803999999999888",76.1179999999999,71.114,65.1919999999999,38.8,24,29
"BOOI4","2018-07-10 20:00",82.58,76.02,516545.4,0,4.726654,102.7,0.00653543307086614,"91.813999999999965",76.28,71.1319999999999,65.2099999999999,38.8,24,29
"BOOI4","2018-07-10 21:00",78.9259999999999,80.7,98731.82,0,4.319531,104.5,0.0021259842519685,"90.265999999999948",76.4599999999999,71.1499999999999,65.2279999999999,38.8,24,29
"BOOI4","2018-07-10 22:00",76.4419999999999,85.2,655.4546,0,4.0399137,101.2,0.000826771653543307,"88.555999999999969",76.622,71.1679999999999,65.2279999999999,38.8,24,29
"BOOI4","2018-07-10 23:00",75.3619999999999,84.5,0,0,4.171893,104.4,0.000669291338582677,"86.935999999999908",76.7659999999999,71.2039999999999,65.246,38.9,23.9,29
"BOOI4","2018-07-11 00:00",73.688,90.2,0,0,3.4784415,110,0.000393700787401575,"85.495999999999981",76.856,71.24,65.246,38.8,23.9,29
"BOOI4","2018-07-11 01:00",72.914,89.2,0,0,3.7781916,124.6,0.000196850393700787,"84.217999999999918",76.9279999999999,71.2759999999999,65.246,38.8,23.9,29
"BOOI4","2018-07-11 02:00",72.1039999999999,91.5,0,0,3.8587215,116.9,0.000196850393700787,"83.047999999999959",76.964,71.3119999999999,65.264,38.8,23.8,29
"BOOI4","2018-07-11 03:00",71.24,92.7,0,0,3.0578969,120.4,3.93700787401575e-05,"81.985999999999905",76.964,71.348,65.264,38.9,23.8,29
"BOOI4","2018-07-11 04:00",70.322,94.7,0,0,3.0355275,130.9,-3.93700787401575e-05,"81.04999999999994",76.9279999999999,71.3839999999999,65.282,38.9,23.8,29
"BOOI4","2018-07-11 05:00",69.764,96,0,0,2.579192,139,-0.000196850393700787,"80.167999999999921",76.874,71.4199999999999,65.2999999999999,38.8,23.7,29
"BOOI4","2018-07-11 06:00",69.7279999999999,96.2,5214.5452,0,3.1786919,129.1,-0.00015748031496063,"79.37599999999992",76.8199999999999,71.4739999999999,65.2999999999999,38.8,23.7,29
"BOOI4","2018-07-11 07:00",70.88,94.7,210090.91,0,3.5947626,136.3,7.8740157480315e-05,"78.745999999999981",76.7119999999999,71.4919999999999,65.2999999999999,38.8,23.7,29
"BOOI4","2018-07-11 08:00",74.3539999999999,89.7,728090.94,0,6.0553966,154,0.00468503937007874,"78.565999999999946",76.6039999999999,71.5279999999999,65.2999999999999,38.8,23.7,29
"BOOI4","2018-07-11 09:00",78.998,79.73,1345454.6,0,7.8829765,165.6,0.0110629921259842,"79.195999999999984",76.4779999999999,71.582,65.3179999999999,38.7,23.7,29
"BOOI4","2018-07-11 10:00",81.572,75.48,1945091.1,0,8.94776,169.1,0.0176377952755906,"80.617999999999924",76.3519999999999,71.5999999999999,65.3359999999999,38.7,23.7,29
"BOOI4","2018-07-11 11:00",83.624,71.45,2466545.7,0,9.750822,162.4,0.0229527559055118,"82.597999999999956",76.2439999999999,71.6179999999999,65.3359999999999,38.5,23.6,29
"BOOI4","2018-07-11 12:00",85.7659999999999,70.93,2855545.4,0,9.598709,160,0.0269291338582677,"85.081999999999951",76.1359999999999,71.6359999999999,65.3539999999999,38.5,23.6,29
"BOOI4","2018-07-11 13:00",87.4039999999999,70.92,3044545.4,0,8.681564,167,0.0290551181102362,"87.817999999999913",76.064,71.672,65.3539999999999,38.4,23.5,29
"BOOI4","2018-07-11 14:00",88.538,69.35,3135454.6,0,8.536163,167.8,0.0303543307086614,"90.535999999999902",76.0279999999999,71.672,65.372,38.4,23.5,29
"BOOI4","2018-07-11 15:00",89.672,69.23,2824000,0,8.15812,168.9,0.0285433070866142,"92.947999999999965",76.046,71.672,65.39,38.3,23.4,29
"BOOI4","2018-07-11 16:00",89.996,69.42,2660636.5,0,8.469055,163.4,0.0277165354330709,"94.675999999999917",76.0999999999999,71.672,65.39,38.2,23.4,29
"BOOI4","2018-07-11 17:00",90.662,66.09,2319090.8,0,7.8919244,168.1,0.0250393700787402,"95.935999999999908",76.2079999999999,71.69,65.4079999999999,38.2,23.3,29
"BOOI4","2018-07-11 18:00",90.212,65.4,1656545.4,0,7.276766,165.4,0.0192913385826772,"96.4939999999999",76.3519999999999,71.69,65.4079999999999,38.2,23.2,28.9
"BOOI4","2018-07-11 19:00",89.0779999999999,72.18,983181.8,0,7.265581,160.2,0.0132677165354331,"96.169999999999888",76.5499999999999,71.69,65.4259999999999,38.2,23.2,28.9
"BOOI4","2018-07-11 20:00",86.198,75.9,507454.56,0,8.216281,134.2,0.00850393700787402,"94.927999999999898",76.7839999999999,71.69,65.4439999999999,38.3,23.1,28.9
"BOOI4","2018-07-11 21:00",82.2919999999999,82.3,100371.82,0,7.838238,126.5,0.00377952755905512,"93.127999999999901",77.0359999999999,71.7079999999999,65.4619999999999,38.3,23.1,28.9
"BOOI4","2018-07-11 22:00",79.7179999999999,80.9,614.54546,0,7.4758534,130.3,0.00141732283464567,"91.201999999999913",77.288,71.7079999999999,65.4619999999999,38.3,23.1,28.9
"BOOI4","2018-07-11 23:00",77.846,81.6,0,0,6.6660814,134.1,0.00110236220472441,"89.437999999999974",77.5039999999999,71.7439999999999,65.48,38.4,23,28.9
"BOOI4","2018-07-12 00:00",76.6579999999999,82.4,0,0,7.8695545,148.5,0.0012992125984252,"87.853999999999886",77.6839999999999,71.7619999999999,65.48,38.4,23,28.9
"BOOI4","2018-07-12 01:00",74.696,86.3,0,0,6.634764,149.2,0.000748031496062992,"86.413999999999973",77.8099999999999,71.798,65.498,38.4,23,28.9
"BOOI4","2018-07-12 02:00",72.9859999999999,88.3,0,0,5.7690682,153.8,0.000354330708661417,"85.153999999999883",77.8999999999999,71.8339999999999,65.5159999999999,38.4,22.9,28.9
"BOOI4","2018-07-12 03:00",73.49,81.9,0,0,5.556559,163.6,0.000551181102362205,"84.055999999999969",77.9359999999999,71.8699999999999,65.5159999999999,38.4,22.9,28.9
"BOOI4","2018-07-12 04:00",72.2119999999999,83.8,0,0,5.089039,172,0.000511811023622047,"83.011999999999887",77.9359999999999,71.9239999999999,65.5339999999999,38.4,22.9,28.9
"BOOI4","2018-07-12 05:00",72.446,79.6,0,0,5.368656,182.3,0.000669291338582677,"82.093999999999909",77.8999999999999,71.9599999999999,65.5339999999999,38.4,22.9,28.9
"BOOI4","2018-07-12 06:00",71.7259999999999,78.52,1700,0,4.8273163,187,0.000708661417322835,"81.247999999999962",77.846,72.014,65.5519999999999,38.4,22.9,28.9
"BOOI4","2018-07-12 07:00",71.798,79.04,81259.09,0,4.2032104,187.6,0.00208661417322835,"80.491999999999933",77.7739999999999,72.0679999999999,65.5699999999999,38.4,22.8,28.9
"BOOI4","2018-07-12 08:00",74.7859999999999,74.22,497145.45,0,4.277029,187.2,0.00492125984251969,"80.041999999999931",77.6659999999999,72.1039999999999,65.588,38.4,22.8,29
"BOOI4","2018-07-12 09:00",78.0259999999999,70.09,1160363.6,0,5.5118203,195,0.0110629921259842,"80.347999999999956",77.5579999999999,72.14,65.588,38.3,22.8,29
"BOOI4","2018-07-12 10:00",81.0679999999999,73.1,1862272.8,0,6.784639,198.8,0.0174015748031496,"81.481999999999957",77.4319999999999,72.1759999999999,65.606,38.2,22.7,29
"BOOI4","2018-07-12 11:00",84.0019999999999,71.87,2395727.3,0,6.039738,195.4,0.0218897637795276,"83.317999999999913",77.3239999999999,72.2119999999999,65.624,38.1,22.7,29
"BOOI4","2018-07-12 12:00",86.63,70.2,2755909.2,0,6.254484,196.4,0.0257874015748032,"85.927999999999898",77.198,72.23,65.624,38.1,22.7,29
"BOOI4","2018-07-12 13:00",88.6999999999999,67.74,3043454.6,0,6.8181934,200.4,0.0292913385826772,"88.771999999999977",77.1079999999999,72.2659999999999,65.6419999999999,38,22.6,28.9
"BOOI4","2018-07-12 14:00",90.0499999999999,67.63,3029090.8,0,7.2879505,206.5,0.0302362204724409,"91.543999999999912",77.0539999999999,72.2839999999999,65.6599999999999,37.9,22.6,28.9
"BOOI4","2018-07-12 15:00",91.706,65.07,2957545.4,0,6.8360887,200.7,0.0300787401574803,"93.95599999999996",77.0539999999999,72.3019999999999,65.6599999999999,37.8,22.5,28.9
"BOOI4","2018-07-12 16:00",92.372,64.44,2597818,0,6.927803,198.2,0.0276771653543307,"95.845999999999989",77.09,72.3019999999999,65.6779999999999,37.8,22.5,28.9
"BOOI4","2018-07-12 17:00",92.8039999999999,63.95,2203727.3,0,6.2858014,203.4,0.0244094488188976,"97.123999999999938",77.18,72.3019999999999,65.6779999999999,37.7,22.4,28.9
"BOOI4","2018-07-12 18:00",92.3539999999999,65.37,1638454.6,0,5.7489357,198,0.0190551181102362,"97.699999999999932",77.3239999999999,72.3199999999999,65.696,37.7,22.4,28.9
"BOOI4","2018-07-12 19:00",91.3999999999999,68.4,950454.5,0,4.4559846,193.7,0.0118503937007874,"97.591999999999928",77.5039999999999,72.3199999999999,65.714,37.7,22.4,28.9
"BOOI4","2018-07-12 20:00",88.34,76.43,524818.2,0,3.8184566,175.3,0.00669291338582677,"96.637999999999877",77.7199999999999,72.3199999999999,65.732,37.8,22.3,28.9
"BOOI4","2018-07-12 21:00",84.1999999999999,82.1,102781.81,0,4.1159697,166.4,0.00220472440944882,"94.531999999999954",77.9539999999999,72.338,65.732,37.8,22.3,28.9
"BOOI4","2018-07-12 22:00",82.5079999999999,85.1,117.27273,0,2.9594715,156.7,0.000275590551181102,"92.659999999999911",78.188,72.356,65.7499999999999,37.9,22.2,28.9
"BOOI4","2018-07-12 23:00",81.68,86.9,0,0,3.6641078,135.5,0.000354330708661417,"91.021999999999977",78.4039999999999,72.374,65.7499999999999,38,22.2,28.9
"BOOI4","2018-07-13 00:00",79.448,93.1,0,0,3.395675,131,3.93700787401575e-05,"89.563999999999965",78.5659999999999,72.4099999999999,65.7679999999999,38,22.2,28.9
"BOOI4","2018-07-13 01:00",78.44,93.7,0,0,2.6753802,150.2,-0.00031496062992126,"88.321999999999974",78.6739999999999,72.446,65.7859999999999,38,22.1,28.9
"BOOI4","2018-07-13 02:00",78.998,87.2,0,0,5.0868015,164.2,0.00015748031496063,"87.223999999999947",78.764,72.482,65.8039999999999,38,22.1,28.9
"BOOI4","2018-07-13 03:00",78.4579999999999,83,0,0,6.4312024,176.1,0.00078740157480315,"86.233999999999924",78.7999999999999,72.5179999999999,65.8039999999999,38,22.1,28.9
"BOOI4","2018-07-13 04:00",76.5499999999999,86.2,0,0,3.9325407,192.7,0.000354330708661417,"85.261999999999887",78.8179999999999,72.572,65.822,38,22.1,28.9
"BOOI4","2018-07-13 05:00",76.496,82.3,0,0,4.0466247,213.5,0.000275590551181102,"84.41599999999994",78.7999999999999,72.6079999999999,65.822,38,22,28.9
"BOOI4","2018-07-13 06:00",74.8759999999999,89.4,1679.0911,0,2.0087721,284.8,-0.000236220472440945,"83.641999999999925",78.764,72.6619999999999,65.84,38,22,28.9
"BOOI4","2018-07-13 07:00",74.732,92.3,125954.544,0,1.1632087,213.7,-3.93700787401575e-05,"82.921999999999969",78.7099999999999,72.698,65.8579999999999,38.1,22,28.9
"BOOI4","2018-07-13 08:00",76.5679999999999,90.3,400509.1,0,1.4338784,13.42,0.00291338582677165,"82.57999999999997",78.6199999999999,72.7519999999999,65.8759999999999,38.1,22,28.9
"BOOI4","2018-07-13 09:00",79.988,82.4,1044909,0,3.9325407,140.9,0.00893700787401575,"82.867999999999924",78.548,72.788,65.8759999999999,38,22,28.9
"BOOI4","2018-07-13 10:00",83.5339999999999,74.02,2024818.2,0,5.824992,155.6,0.0178346456692913,"84.019999999999897",78.44,72.8239999999999,65.8939999999999,37.9,22,28.9
"BOOI4","2018-07-13 11:00",84.848,74.66,2531454.6,0,5.8003855,166.9,0.022992125984252,"86.161999999999892",78.332,72.8419999999999,65.9119999999999,37.8,21.9,28.9
"BOOI4","2018-07-13 12:00",86.5939999999999,68.99,2751091,0,5.7936745,168.1,0.025748031496063,"88.483999999999924",78.2419999999999,72.896,65.93,37.7,21.9,28.9
"BOOI4","2018-07-13 13:00",86.1439999999999,70.02,2144636.5,0,5.7310405,192,0.0210629921259843,"90.499999999999929",78.1699999999999,72.914,65.93,37.7,21.8,28.9
"BOOI4","2018-07-13 14:00",87.764,72.78,2615272.7,0,3.8475368,196.3,0.0248031496062992,"92.389999999999958",78.1339999999999,72.9319999999999,65.948,37.6,21.8,28.9
"BOOI4","2018-07-13 15:00",75.74,92.6,957490.9,0.020000001,12.236061,279.6,0.0124803149606299,"92.893999999999906",78.1519999999999,72.9499999999999,65.9659999999999,37.6,21.7,28.9
"BOOI4","2018-07-13 16:00",74.39,91.1,365109.1,0.060000002,4.6416507,7.973,0.00350393700787402,"91.327999999999903",78.188,72.9679999999999,65.9659999999999,37.7,21.7,28.9
"BOOI4","2018-07-13 17:00",75.4159999999999,88.6,963000,0,6.180665,354.5,0.00858267716535433,"89.365999999999943",78.2779999999999,72.9679999999999,65.9839999999999,37.7,21.7,28.9
"BOOI4","2018-07-13 18:00",75.5239999999999,89.3,708636.35,0,5.319443,20.8,0.0068503937007874,"87.96199999999989",78.332,72.9859999999999,66.0019999999999,37.7,21.7,28.9
"BOOI4","2018-07-13 19:00",74.3179999999999,94.3,187881.8,0.020000001,3.8699062,69,0.00232283464566929,"86.593999999999909",78.3859999999999,73.0039999999999,66.0199999999999,37.8,21.7,28.9
"BOOI4","2018-07-13 20:00",74.4619999999999,94.4,119663.635,0,0.70687306,18.46,0.00114173228346457,"85.369999999999891",78.4039999999999,73.022,66.0199999999999,37.8,21.7,28.9
"BOOI4","2018-07-13 21:00",74.2999999999999,95.5,137600,0.010000001,0.51225924,309.8,-0.000669291338582677,"84.433999999999926",78.3859999999999,73.0399999999999,66.038,37.8,21.7,28.9
"BOOI4","2018-07-13 22:00",73.832,96.9,1766.3636,0,0.6062107,356.9,7.8740157480315e-05,"83.569999999999894",78.3499999999999,73.0399999999999,66.056,37.8,21.6,28.9
"BOOI4","2018-07-13 23:00",73.346,98.5,0,0,2.013246,103.5,7.8740157480315e-05,"82.741999999999933",78.296,73.0579999999999,66.0739999999999,37.8,21.6,28.9
"BOOI4","2018-07-14 00:00",73.2739999999999,98.4,0,0,3.2860649,161.8,0.000118110236220472,"81.931999999999945",78.2239999999999,73.0759999999999,66.0919999999999,37.8,21.6,28.9
"BOOI4","2018-07-14 01:00",72.6619999999999,99.3,0,0,0.27738056,328.7,3.93700787401575e-05,"81.229999999999976",78.1519999999999,73.0939999999999,66.1099999999999,37.8,21.6,28.9
"BOOI4","2018-07-14 02:00",71.1499999999999,100,0,0,1.7112591,33.72,3.93700787401575e-05,"80.545999999999978",78.0619999999999,73.1119999999999,66.1099999999999,37.8,21.5,28.9
"BOOI4","2018-07-14 03:00",71.0419999999999,100,0,0,3.0288167,40.97,0,"79.861999999999895",77.9539999999999,73.1119999999999,66.1279999999999,37.9,21.5,28.9
"BOOI4","2018-07-14 04:00",71.24,100,0,0,2.279442,50.28,0,"79.339999999999961",77.846,73.13,66.1279999999999,37.9,21.5,28.9
"BOOI4","2018-07-14 05:00",71.24,100,0,0,1.5703319,86.1,0,"78.925999999999917",77.7199999999999,73.148,66.146,37.8,21.5,28.9
"BOOI4","2018-07-14 06:00",71.2039999999999,100,924,0,2.4158952,92.5,0,"78.565999999999946",77.5939999999999,73.148,66.164,37.8,21.4,28.9
"BOOI4","2018-07-14 07:00",71.348,100,24055,0,1.6598095,78.92,0.000196850393700787,"78.223999999999947",77.4679999999999,73.148,66.1819999999999,37.8,21.4,28.9
"BOOI4","2018-07-14 08:00",71.9239999999999,99.8,180709.99,0,0.8880652,110.2,0.00137795275590551,"77.989999999999952",77.3419999999999,73.148,66.1999999999999,37.8,21.4,28.9
"BOOI4","2018-07-14 09:00",73.148,98.1,368100,0,0.5189701,123.2,0.00283464566929134,"78.097999999999956",77.198,73.148,66.2179999999999,37.8,21.4,28.9
"BOOI4","2018-07-14 10:00",73.3999999999999,97.5,647900,0.010000001,3.125005,40.11,0.00480314960629921,"78.511999999999887",77.072,73.148,66.2179999999999,37.8,21.3,28.9
"BOOI4","2018-07-14 11:00",76.2439999999999,91.1,1794800,0,4.4917755,7.598,0.0121259842519685,"78.889999999999958",76.964,73.13,66.2359999999999,37.8,21.3,28.9
"BOOI4","2018-07-14 12:00",77.288,89.1,2351300,0,6.5094957,4.928,0.016496062992126,"80.401999999999916",76.838,73.13,66.2539999999999,37.7,21.3,28.9
"BOOI4","2018-07-14 13:00",77.1079999999999,87,1859700,0,5.6840644,22.51,0.0143700787401575,"81.895999999999987",76.73,73.1119999999999,66.272,37.6,21.3,28.9
"BOOI4","2018-07-14 14:00",80.9779999999999,79.21,2421000,0,4.778104,48.77,0.0188976377952756,"83.065999999999946",76.64,73.0939999999999,66.272,37.6,21.3,28.9
"BOOI4","2018-07-14 15:00",81.6439999999999,78.59,1726400,0,4.6013856,25.77,0.0188976377952756,"85.2439999999999",76.5679999999999,73.0759999999999,66.2899999999999,37.6,21.3,28.9
"BOOI4","2018-07-14 16:00",82.922,68.22,2758800,0,4.3821654,13.36,0.0219685039370079,"87.241999999999933",76.532,73.0579999999999,66.3079999999999,37.5,21.2,28.9
"BOOI4","2018-07-14 17:00",81.9859999999999,76.92,2089100,0,4.572305,13.58,0.0175590551181102,"89.131999999999948",76.496,73.0399999999999,66.3259999999999,37.4,21.2,28.9
"BOOI4","2018-07-14 18:00",81.4999999999999,75.73,1475799.9,0,4.1584716,18.68,0.0128740157480315,"89.941999999999936",76.496,73.0039999999999,66.3259999999999,37.4,21.1,28.9
"BOOI4","2018-07-14 19:00",82.7419999999999,76.21,1183800,0,4.299399,17.76,0.0104724409448819,"89.995999999999981",76.532,72.9859999999999,66.3439999999999,37.4,21.1,28.9
"BOOI4","2018-07-14 20:00",81.7339999999999,78.44,657200,0,4.0332026,15.86,0.00586614173228346,"89.365999999999943",76.5859999999999,72.9499999999999,66.3619999999999,37.5,21.1,28.9
"BOOI4","2018-07-14 21:00",77.738,88.4,148522,0,1.7470502,13.4,7.8740157480315e-05,"87.853999999999886",76.6579999999999,72.9319999999999,66.3619999999999,37.6,21,28.9
"BOOI4","2018-07-14 22:00",76.2259999999999,90.8,248,0,0.54133946,345.5,-0.00102362204724409,"86.269999999999897",76.748,72.9319999999999,66.38,37.6,21.1,28.9
"BOOI4","2018-07-14 23:00",75.5599999999999,94.4,0,0,0,0,-0.00125984251968504,"84.811999999999884",76.8019999999999,72.896,66.398,37.6,21.1,28.9
"BOOI4","2018-07-15 00:00",73.3099999999999,98.1,0,0,0.0782929,326.6,-0.00122047244094488,"83.623999999999953",76.838,72.896,66.398,37.7,21.1,28.9
"BOOI4","2018-07-15 01:00",72.6439999999999,98.9,0,0,1.8342907,336.9,-0.000866141732283465,"82.543999999999912",76.856,72.8779999999999,66.4159999999999,37.7,21,28.9
"BOOI4","2018-07-15 02:00",72.338,99.7,0,0,0.24158953,351.9,-0.00118110236220473,"81.535999999999902",76.856,72.8779999999999,66.4339999999999,37.7,21,28.9
"BOOI4","2018-07-15 03:00",71.3119999999999,100,0,0,1.5815166,335,-0.00094488188976378,"80.653999999999883",76.8199999999999,72.8779999999999,66.4339999999999,37.7,21,29
"BOOI4","2018-07-15 04:00",70.088,100,0,0,0.7270055,316.5,-0.00110236220472441,"79.843999999999909",76.7659999999999,72.8599999999999,66.4519999999999,37.7,21,29
"BOOI4","2018-07-15 05:00",69.6199999999999,100,0,0,1.8186322,4.141,-0.00094488188976378,"79.069999999999894",76.6939999999999,72.8599999999999,66.4519999999999,37.7,21,29
"BOOI4","2018-07-15 06:00",69.4039999999999,100,3610.909,0,1.1229439,344.3,-0.00106299212598425,"78.367999999999924",76.6039999999999,72.8599999999999,66.4699999999999,37.7,20.9,29
"BOOI4","2018-07-15 07:00",71.5999999999999,98.8,222518.19,0,0.15882275,320.2,-0.000118110236220472,"77.755999999999958",76.514,72.8599999999999,66.4699999999999,37.7,20.9,29
"BOOI4","2018-07-15 08:00",73.5619999999999,98.1,565000,0,0.07605597,192.5,0.00334645669291339,"77.575999999999922",76.406,72.8599999999999,66.488,37.6,20.9,29
"BOOI4","2018-07-15 09:00",76.2259999999999,95,957545.5,0,1.1363655,244.3,0.00700787401574803,"78.133999999999929",76.28,72.8419999999999,66.488,37.6,20.9,29
"BOOI4","2018-07-15 10:00",79.3579999999999,85,1638727.3,0,3.6104212,317.5,0.0129527559055118,"79.429999999999978",76.172,72.8419999999999,66.506,37.6,20.9,29
"BOOI4","2018-07-15 11:00",80.1319999999999,79.1,1717181.8,0,5.1225924,327,0.0147244094488189,"81.21199999999989",76.046,72.8239999999999,66.506,37.5,20.8,29
"BOOI4","2018-07-15 12:00",82.49,74.85,3107818,0,4.9660068,341.3,0.0266929133858268,"83.353999999999886",75.956,72.8239999999999,66.5239999999999,37.4,20.8,29
"BOOI4","2018-07-15 13:00",83.1919999999999,72.16,2885363.8,0,4.652835,342.3,0.0259055118110236,"86.503999999999891",75.8659999999999,72.806,66.5419999999999,37.3,20.8,29
"BOOI4","2018-07-15 14:00",85.046,70.95,2886272.7,0,4.176367,345.5,0.0263779527559055,"89.275999999999925",75.83,72.788,66.5419999999999,37.2,20.8,29
"BOOI4","2018-07-15 15:00",85.3159999999999,69.69,2101545.4,0,4.7467866,7.896,0.0204330708661417,"90.913999999999973",75.83,72.7519999999999,66.5419999999999,37.2,20.7,29
"BOOI4","2018-07-15 16:00",86.756,64.31,2937454.3,0,4.1853147,346.6,0.0272834645669291,"92.569999999999894",75.848,72.7339999999999,66.5599999999999,37.1,20.7,29
"BOOI4","2018-07-15 17:00",86.63,65.74,1846909.2,0,4.0510983,359.6,0.0186614173228347,"94.207999999999942",75.9019999999999,72.7159999999999,66.5599999999999,37,20.6,29
"BOOI4","2018-07-15 18:00",86.3779999999999,66.16,1469363.6,0,5.2411504,310.7,0.0159448818897638,"94.297999999999959",75.9919999999999,72.698,66.5779999999999,37,20.6,29
"BOOI4","2018-07-15 19:00",85.298,70.62,830636.35,0,4.5007234,313.1,0.0101181102362205,"94.063999999999965",76.1359999999999,72.68,66.5779999999999,37,20.5,29
"BOOI4","2018-07-15 20:00",84.3439999999999,73.23,646272.7,0,3.1719809,314.7,0.00637795275590551,"93.00199999999991",76.28,72.6439999999999,66.596,37.1,20.5,29
"BOOI4","2018-07-15 21:00",78.9439999999999,86.6,104523.64,0,1.4249308,301.6,0.000196850393700787,"91.237999999999872",76.4419999999999,72.6259999999999,66.596,37.1,20.5,29
"BOOI4","2018-07-15 22:00",76.6039999999999,90.4,240.9091,0,1.3824289,300.1,-0.00031496062992126,"89.45599999999996",76.622,72.6259999999999,66.596,37.2,20.5,29
"BOOI4","2018-07-15 23:00",75.398,89.9,0,0,1.2638711,300.7,-0.000393700787401575,"87.835999999999899",76.7659999999999,72.6259999999999,66.614,37.2,20.5,29
"BOOI4","2018-07-16 00:00",74.2099999999999,89.8,0,0,1.7738934,314.7,-0.00031496062992126,"86.413999999999973",76.874,72.6079999999999,66.614,37.3,20.5,29
"BOOI4","2018-07-16 01:00",73.5439999999999,94.8,0,0,4.3463745,352.2,0,"85.153999999999883",76.946,72.6079999999999,66.6319999999999,37.3,20.5,29
"BOOI4","2018-07-16 02:00",72.1939999999999,97.3,0,0,2.7805164,2.232,-0.000354330708661417,"84.019999999999897",76.982,72.6259999999999,66.6319999999999,37.4,20.5,29
"BOOI4","2018-07-16 03:00",71.9779999999999,97.1,0,0,4.5991488,351.1,-0.000275590551181102,"83.047999999999959",76.982,72.6259999999999,66.6319999999999,37.4,20.5,29
"BOOI4","2018-07-16 04:00",70.988,97.7,0,0,4.4895387,352.9,-0.00031496062992126,"82.219999999999899",76.964,72.6619999999999,66.6499999999999,37.4,20.5,29
"BOOI4","2018-07-16 05:00",69.4039999999999,97.3,0,0,5.5655065,355.3,-0.000236220472440945,"81.46399999999997",76.9279999999999,72.6619999999999,66.6499999999999,37.4,20.5,29
"BOOI4","2018-07-16 06:00",67.622,97.7,2366.3638,0,4.959296,350.5,-0.00031496062992126,"80.635999999999896",76.856,72.68,66.6499999999999,37.4,20.4,29
"BOOI4","2018-07-16 07:00",67.964,91.3,205332.73,0,5.039826,1.882,0.00015748031496063,"79.861999999999895",76.7839999999999,72.698,66.6679999999999,37.4,20.4,29
"BOOI4","2018-07-16 08:00",69.53,86.2,654727.3,0,5.9569716,10.98,0.00425196850393701,"79.321999999999974",76.6939999999999,72.7159999999999,66.6679999999999,37.3,20.4,29
"BOOI4","2018-07-16 09:00",71.7079999999999,81.3,1340818.2,0,7.4825644,17.97,0.01,"79.429999999999978",76.5859999999999,72.7339999999999,66.6859999999999,37.3,20.4,29
"BOOI4","2018-07-16 10:00",74.156,73.25,1967454.6,0,6.9524097,16.7,0.0155905511811024,"80.527999999999892",76.4779999999999,72.7339999999999,66.6859999999999,37.1,20.3,29
"BOOI4","2018-07-16 11:00",76.2079999999999,62.6,2537909.2,0,6.9546466,23.39,0.0213779527559055,"82.399999999999935",76.3519999999999,72.7339999999999,66.6859999999999,37,20.3,29
"BOOI4","2018-07-16 12:00",78.548,59.72,2984363.8,0,6.63029,26.18,0.0265748031496063,"84.451999999999913",76.2259999999999,72.7519999999999,66.6859999999999,37,20.2,29
"BOOI4","2018-07-16 13:00",79.5739999999999,52.21,3251818,0,5.6214304,19.59,0.0293700787401575,"86.683999999999926",76.1359999999999,72.7339999999999,66.6859999999999,36.8,20.2,29
"BOOI4","2018-07-16 14:00",81.032,52.08,3308181.6,0,4.5745425,17.43,0.0301968503937008,"89.419999999999888",76.064,72.7519999999999,66.7039999999999,36.7,20.2,29
"BOOI4","2018-07-16 15:00",81.698,53.38,3147272.7,0,5.6840644,10.76,0.03,"91.831999999999951",76.0099999999999,72.7339999999999,66.7039999999999,36.6,20.2,29
"BOOI4","2018-07-16 16:00",82.2739999999999,56.66,2813272.7,0,5.265757,16.18,0.0271653543307087,"93.613999999999962",75.9919999999999,72.7339999999999,66.7039999999999,36.5,20.1,29
"BOOI4","2018-07-16 17:00",82.9579999999999,50.1,2339545.4,0,5.567744,25.27,0.0236614173228346,"94.819999999999894",76.0279999999999,72.7159999999999,66.722,36.4,20.1,29
"BOOI4","2018-07-16 18:00",83.6599999999999,48.06,1796363.6,0,4.509671,19,0.0187795275590551,"95.323999999999941",76.082,72.698,66.722,36.3,20,29
"BOOI4","2018-07-16 19:00",82.2739999999999,50.15,1060636.4,0,4.165182,18.84,0.0125590551181102,"94.873999999999953",76.19,72.68,66.74,36.3,20,29
"BOOI4","2018-07-16 20:00",78.9619999999999,68.29,580727.23,0,2.9661825,52.07,0.00582677165354331,"93.41599999999994",76.3339999999999,72.68,66.74,36.4,19.9,29
"BOOI4","2018-07-16 21:00",74.3179999999999,71.66,103791.82,0,1.3980875,50.76,7.8740157480315e-05,"91.291999999999931",76.514,72.6619999999999,66.74,36.5,19.9,29
"BOOI4","2018-07-16 22:00",73.346,68.53,373.63636,0,0.82766783,27.84,-0.00078740157480315,"89.20399999999988",76.6939999999999,72.6619999999999,66.7579999999999,36.6,19.9,29
"BOOI4","2018-07-16 23:00",69.9079999999999,79.45,0,0,0.42725554,6.707,-0.00114173228346457,"87.295999999999978",76.8199999999999,72.6439999999999,66.74,36.6,19.9,29
"BOOI4","2018-07-17 00:00",70.43,78.49,0,0,0,0,-0.00149606299212598,"85.675999999999917",76.9279999999999,72.6439999999999,66.7579999999999,36.6,19.9,29
"BOOI4","2018-07-17 01:00",68.396,82.7,0,0,0,0,-0.00149606299212598,"84.217999999999918",76.982,72.6619999999999,66.7579999999999,36.7,19.9,29
"BOOI4","2018-07-17 02:00",68.1619999999999,81.8,0,0,0,0,-0.00149606299212598,"82.921999999999969",76.982,72.6619999999999,66.7579999999999,36.7,19.9,29
"BOOI4","2018-07-17 03:00",69.1339999999999,79.18,0,0,0.3959384,351.5,-0.00118110236220473,"81.823999999999941",76.964,72.68,66.7759999999999,36.7,19.9,29
"BOOI4","2018-07-17 04:00",66.4339999999999,86,0,0,1.7067852,13.29,-0.000551181102362205,"80.905999999999963",76.9099999999999,72.698,66.7759999999999,36.8,19.9,29
"BOOI4","2018-07-17 05:00",65.7499999999999,89.6,0,0,1.8835036,18.09,-0.00062992125984252,"79.951999999999913",76.8199999999999,72.7159999999999,66.7939999999999,36.8,19.9,29
"BOOI4","2018-07-17 06:00",65.4619999999999,88.4,12616.364,0,1.5144083,24.37,-0.000708661417322835,"79.159999999999911",76.7119999999999,72.7339999999999,66.7939999999999,36.8,19.9,29
"BOOI4","2018-07-17 07:00",66.5419999999999,83.3,138790.91,0,1.4719065,24.16,-0.000511811023622047,"78.4939999999999",76.5859999999999,72.7519999999999,66.7939999999999,36.7,19.9,29
"BOOI4","2018-07-17 08:00",68.648,83.2,449636.38,0,0,0,0.00240157480314961,"78.133999999999929",76.4599999999999,72.7519999999999,66.7939999999999,36.7,19.9,29
"BOOI4","2018-07-17 09:00",73.2919999999999,73.26,905181.8,0,0,0,0.00622047244094488,"78.313999999999965",76.3159999999999,72.7699999999999,66.7939999999999,36.7,19.9,29
"BOOI4","2018-07-17 10:00",75.7759999999999,61.88,1218636.4,0,1.0782051,87.6,0.00984251968503937,"79.105999999999966",76.172,72.7699999999999,66.8119999999999,36.6,19.9,29
"BOOI4","2018-07-17 11:00",79.5739999999999,55.87,2442818,0,4.357559,120.3,0.0221653543307087,"80.635999999999896",76.0279999999999,72.7699999999999,66.8119999999999,36.4,19.8,29
"BOOI4","2018-07-17 12:00",80.1499999999999,53.66,2412090.8,0,4.6103334,135.9,0.0231102362204724,"82.957999999999942",75.9019999999999,72.7699999999999,66.8119999999999,36.3,19.8,29
"BOOI4","2018-07-17 13:00",81.788,47.85,3419091,0,5.2500978,143.7,0.0318897637795276,"85.261999999999887",75.7939999999999,72.7699999999999,66.83,36.2,19.7,29
"BOOI4","2018-07-17 14:00",83.6779999999999,45.33,3367272.7,0,4.0130706,155.1,0.0313385826771654,"88.123999999999953",75.722,72.7519999999999,66.83,36.1,19.7,29
"BOOI4","2018-07-17 15:00",84.056,45.88,3224545.7,0,3.76477,183.9,0.0302362204724409,"90.679999999999978",75.6859999999999,72.7519999999999,66.83,35.9,19.6,29
"BOOI4","2018-07-17 16:00",84.146,42.41,2870182,0,3.1831656,167.4,0.0270472440944882,"92.767999999999915",75.7039999999999,72.7159999999999,66.848,35.8,19.6,29
"BOOI4","2018-07-17 17:00",84.9919999999999,47.72,2407636.5,0,3.125005,191,0.0231496062992126,"94.279999999999973",75.74,72.698,66.848,35.7,19.6,29
"BOOI4","2018-07-17 18:00",86.5579999999999,42.53,1773909.2,0,1.4204569,158.6,0.015748031496063,"94.927999999999898",75.848,72.68,66.848,35.6,19.5,29
"BOOI4","2018-07-17 19:00",84.506,46.71,1073363.6,0,1.9998244,131.4,0.0104724409448819,"94.459999999999908",75.9919999999999,72.6619999999999,66.848,35.6,19.5,29
"BOOI4","2018-07-17 20:00",82.3999999999999,49.19,583181.8,0,0.92609316,170.8,0.00417322834645669,"93.127999999999901",76.19,72.6439999999999,66.848,35.7,19.4,29
"BOOI4","2018-07-17 21:00",78.2419999999999,57.48,89396.36,0,0.4585727,104.4,-0.000511811023622047,"90.679999999999978",76.406,72.6259999999999,66.8659999999999,35.8,19.4,29
"BOOI4","2018-07-17 22:00",74.48,67.25,122.727275,0,0,0,-0.00169291338582677,"88.645999999999987",76.622,72.6259999999999,66.8659999999999,35.8,19.4,29
"BOOI4","2018-07-17 23:00",71.4739999999999,74.88,0,0,0,0,-0.0015748031496063,"86.845999999999989",76.8019999999999,72.6259999999999,66.8659999999999,35.9,19.4,29
"BOOI4","2018-07-18 00:00",69.0079999999999,83.1,0,0,1.9192945,250.5,-0.000354330708661417,"85.261999999999887",76.9279999999999,72.6259999999999,66.8659999999999,36,19.4,29
"BOOI4","2018-07-18 01:00",67.4599999999999,85.9,0,0,2.205623,261.5,-0.000393700787401575,"83.87599999999992",76.9999999999999,72.6259999999999,66.8839999999999,36,19.4,29
"BOOI4","2018-07-18 02:00",68.6119999999999,83.6,0,0,1.2415017,262.6,-0.000748031496062992,"82.615999999999943",77.0359999999999,72.6439999999999,66.8839999999999,36.1,19.4,29
"BOOI4","2018-07-18 03:00",63.464,94.9,0,0,1.8544233,53.12,-0.00062992125984252,"81.445999999999984",77.0179999999999,72.6619999999999,66.8839999999999,36.1,19.4,29
"BOOI4","2018-07-18 04:00",64.4539999999999,94.6,0,0,2.7380145,42.49,-0.000669291338582677,"80.383999999999929",76.982,72.68,66.8839999999999,36.1,19.4,29
"BOOI4","2018-07-18 05:00",64.8499999999999,91.5,0,0,1.7917889,37.64,-0.00078740157480315,"79.429999999999978",76.9099999999999,72.7159999999999,66.9019999999999,36.1,19.4,29
"BOOI4","2018-07-18 06:00",62.7439999999999,94.9,6631.818,0,2.6686692,34.42,-0.000551181102362205,"78.529999999999973",76.8019999999999,72.7339999999999,66.9019999999999,36.1,19.4,29
"BOOI4","2018-07-18 07:00",64.58,92.2,231181.82,0,3.0713186,46.84,3.93700787401575e-05,"77.773999999999944",76.6939999999999,72.7519999999999,66.9019999999999,36.1,19.4,29
"BOOI4","2018-07-18 08:00",68.2699999999999,90.9,665363.65,0,2.8655202,44.95,0.00354330708661417,"77.341999999999928",76.5499999999999,72.7699999999999,66.9019999999999,36.1,19.4,28.9
"BOOI4","2018-07-18 09:00",73.4539999999999,77.49,1274545.5,0,3.65516,95.5,0.0091732283464567,"77.719999999999899",76.406,72.788,66.9199999999999,36,19.3,28.9
"BOOI4","2018-07-18 10:00",76.9279999999999,75.12,1983000.1,0,3.6283166,106.8,0.0160236220472441,"79.339999999999961",76.2619999999999,72.788,66.9199999999999,35.9,19.3,28.9
"BOOI4","2018-07-18 11:00",80.2039999999999,64.16,2549636.5,0,5.408921,129.4,0.0222047244094488,"81.589999999999961",76.1179999999999,72.788,66.9199999999999,35.7,19.3,28.9
"BOOI4","2018-07-18 12:00",81.1759999999999,57.46,2595272.7,0,7.343874,137.8,0.0251968503937008,"83.767999999999915",75.9739999999999,72.788,66.938,35.6,19.3,28.9
"BOOI4","2018-07-18 13:00",82.7599999999999,56.43,2937818,0,7.122417,140.1,0.0285433070866142,"85.585999999999899",75.8659999999999,72.788,66.938,35.4,19.2,28.9
"BOOI4","2018-07-18 14:00",83.372,49.27,2762727.3,0,7.1358385,129.3,0.0278740157480315,"87.439999999999955",75.8119999999999,72.788,66.938,35.3,19.2,29
"BOOI4","2018-07-18 15:00",82.7239999999999,54.94,2601000,0,8.303521,132.3,0.027755905511811,"89.059999999999917",75.7939999999999,72.7699999999999,66.938,35.1,19.1,28.9
"BOOI4","2018-07-18 16:00",83.714,54.67,2243909.2,0,7.301372,131.5,0.0245275590551181,"90.139999999999958",75.8119999999999,72.7699999999999,66.938,35,19,29
"BOOI4","2018-07-18 17:00",83.8759999999999,52.51,2362182,0,8.140224,125,0.0261417322834646,"91.021999999999977",75.8659999999999,72.7519999999999,66.956,34.9,19,29
"BOOI4","2018-07-18 18:00",82.148,59.26,1421454.6,0,7.4266405,123.1,0.0181889763779528,"91.561999999999998",75.938,72.7339999999999,66.956,34.7,19,29
"BOOI4","2018-07-18 19:00",81.788,59.22,774272.77,0,6.0621076,123.9,0.011496062992126,"90.805999999999969",76.064,72.7159999999999,66.956,34.8,19,29
"BOOI4","2018-07-18 20:00",79.0699999999999,68.39,430472.72,0,5.0666695,116.5,0.00708661417322835,"89.635999999999896",76.2079999999999,72.698,66.956,34.8,18.9,29
"BOOI4","2018-07-18 21:00",76.7839999999999,72.22,58885.456,0,5.2433877,124.5,0.00358267716535433,"88.285999999999902",76.3699999999999,72.68,66.9739999999999,34.9,18.9,29
"BOOI4","2018-07-18 22:00",75.2899999999999,73.32,56.363635,0,5.7556467,127.5,0.00169291338582677,"86.845999999999989",76.514,72.68,66.9739999999999,35,18.9,29
"BOOI4","2018-07-18 23:00",72.914,80.7,0,0,6.3708053,123.1,0.00145669291338583,"85.42399999999995",76.622,72.6619999999999,66.9739999999999,35,18.9,29
"BOOI4","2018-07-19 00:00",72.8419999999999,82.1,0,0,4.780341,137.8,0.000826771653543307,"84.199999999999932",76.7119999999999,72.6619999999999,66.9739999999999,35.1,18.9,29
"BOOI4","2018-07-19 01:00",72.6259999999999,83.7,0,0,6.5587077,138.6,0.00094488188976378,"83.227999999999895",76.7659999999999,72.68,66.9919999999999,35.1,18.9,29
"BOOI4","2018-07-19 02:00",73.796,80.6,0,0,7.1872883,153.3,0.00106299212598425,"82.417999999999921",76.8019999999999,72.68,66.9919999999999,35.2,18.9,29
"BOOI4","2018-07-19 03:00",72.698,85.8,0,0,9.11553,146.7,0.00118110236220473,"81.75199999999991",76.7839999999999,72.698,67.0099999999999,35.2,18.9,29
"BOOI4","2018-07-19 04:00",71.564,88.8,0,0,8.498136,138.9,0.00078740157480315,"81.139999999999958",76.7659999999999,72.7159999999999,67.0099999999999,35.2,18.9,29
"BOOI4","2018-07-19 05:00",69.53,92.5,0,0,11.381551,132.4,0.000551181102362205,"80.545999999999978",76.73,72.7159999999999,67.0099999999999,35.2,18.9,29
"BOOI4","2018-07-19 06:00",68.1259999999999,95.2,266.36365,0.020000001,10.761918,134.3,0.00031496062992126,"79.933999999999926",76.6579999999999,72.7339999999999,67.0099999999999,35.2,18.9,29
"BOOI4","2018-07-19 07:00",67.1179999999999,96.5,14856.364,0,11.558269,135.2,0.00118110236220473,"79.231999999999957",76.5859999999999,72.7519999999999,67.0279999999999,35.2,18.9,29
"BOOI4","2018-07-19 08:00",66.8119999999999,96.3,142560,0,10.629938,134.9,0.00153543307086614,"78.4939999999999",76.514,72.7519999999999,67.0099999999999,35.2,18.9,29
"BOOI4","2018-07-19 09:00",67.5499999999999,93.7,501818.18,0,12.128689,133.1,0.00377952755905512,"77.989999999999952",76.4239999999999,72.7699999999999,67.0279999999999,35.2,18.9,29
"BOOI4","2018-07-19 10:00",67.0999999999999,92.7,457181.82,0,12.649897,129,0.00421259842519685,"77.683999999999926",76.3159999999999,72.7699999999999,67.0279999999999,35.3,18.9,29
"BOOI4","2018-07-19 11:00",67.0279999999999,92.1,533545.5,0,13.242685,134,0.00503937007874016,"77.413999999999973",76.2259999999999,72.788,67.046,35.2,18.9,29
"BOOI4","2018-07-19 12:00",70.6819999999999,88.5,1162181.9,0,10.341374,143.1,0.00901574803149606,"77.413999999999973",76.0999999999999,72.788,67.0279999999999,35.1,18.8,29
"BOOI4","2018-07-19 13:00",76.0999999999999,84.6,2649272.7,0,11.940785,153.3,0.0194094488188976,"78.331999999999951",75.9739999999999,72.788,67.0279999999999,35,18.8,28.9
"BOOI4","2018-07-19 14:00",79.448,81.1,3190909.2,0,12.401596,159.6,0.0248031496062992,"80.671999999999969",75.848,72.788,67.046,34.8,18.7,28.9
"BOOI4","2018-07-19 15:00",81.6439999999999,71.57,2263454.6,0,10.287687,201.4,0.020236220472441,"82.669999999999888",75.74,72.7699999999999,67.046,34.7,18.7,28.9
"BOOI4","2018-07-19 16:00",81.464,68.91,2751909.2,0,15.949383,273,0.0275590551181102,"84.631999999999948",75.6499999999999,72.7519999999999,67.064,34.5,18.7,28.9
"BOOI4","2018-07-19 17:00",81.8599999999999,62.99,2272454.3,0,15.003156,271.1,0.0248425196850394,"86.485999999999905",75.596,72.7519999999999,67.064,34.4,18.7,28.9
"BOOI4","2018-07-19 18:00",81.4099999999999,62.35,1548272.7,0,12.376989,269.7,0.0191338582677165,"87.4939999999999",75.596,72.7339999999999,67.064,34.3,18.6,28.9
"BOOI4","2018-07-19 19:00",81.3019999999999,66,1070454.6,0,11.180226,272,0.0156692913385827,"87.313999999999965",75.614,72.7159999999999,67.064,34.2,18.6,28.9
"BOOI4","2018-07-19 20:00",78.98,70.74,527863.65,0,8.880651,247.6,0.00940944881889764,"86.449999999999932",75.6679999999999,72.698,67.064,34.2,18.5,28.9
"BOOI4","2018-07-19 21:00",77.3419999999999,73.34,42776.363,0,8.800122,234.8,0.00547244094488189,"85.153999999999883",75.7579999999999,72.68,67.082,34.2,18.5,28.9
"BOOI4","2018-07-19 22:00",75.9199999999999,69.08,210.00001,0,15.296195,274.7,0.00346456692913386,"83.857999999999933",75.848,72.6619999999999,67.064,34.3,18.5,28.9
"BOOI4","2018-07-19 23:00",73.5439999999999,73.92,0,0,13.909293,277.6,0.00259842519685039,"82.615999999999943",75.9199999999999,72.6439999999999,67.082,34.4,18.4,28.9
"BOOI4","2018-07-20 00:00",72.1039999999999,77.73,0,0,14.627351,281.7,0.00200787401574803,"81.517999999999915",75.9739999999999,72.6439999999999,67.0999999999999,34.4,18.4,28.9
"BOOI4","2018-07-20 01:00",70.6279999999999,82.4,0,0,12.824376,281.4,0.00145669291338583,"80.527999999999892",75.9919999999999,72.6259999999999,67.0999999999999,34.4,18.4,28.9
"BOOI4","2018-07-20 02:00",68.8279999999999,84.1,0,0,13.638623,275.4,0.0012992125984252,"79.717999999999918",75.9919999999999,72.6259999999999,67.0999999999999,34.5,18.4,28.9
"BOOI4","2018-07-20 03:00",68.6839999999999,81.9,0,0,15.586998,274.1,0.0012992125984252,"78.96199999999989",75.956,72.6259999999999,67.0999999999999,34.5,18.4,28.9
"BOOI4","2018-07-20 04:00",68.2519999999999,85.5,0,0,16.832973,280.4,0.00125984251968504,"78.349999999999937",75.9199999999999,72.6259999999999,67.0999999999999,34.5,18.4,28.9
"BOOI4","2018-07-20 05:00",67.7839999999999,87.7,0,0,16.71218,286,0.00094488188976378,"77.809999999999917",75.848,72.6079999999999,67.1179999999999,34.5,18.4,28.9
"BOOI4","2018-07-20 06:00",68.4679999999999,86,636.99996,0,12.316591,293.5,0.000669291338582677,"77.323999999999941",75.7759999999999,72.6259999999999,67.1179999999999,34.5,18.4,28.9
"BOOI4","2018-07-20 07:00",68.63,84.4,98996,0,11.743935,306.1,0.0028740157480315,"76.945999999999984",75.6679999999999,72.6079999999999,67.1179999999999,34.5,18.4,28.9
"BOOI4","2018-07-20 08:00",67.9099999999999,86.8,99750,0,10.569541,308.5,0.00362204724409449,"76.675999999999917",75.5599999999999,72.6079999999999,67.1179999999999,34.5,18.5,28.9
"BOOI4","2018-07-20 09:00",67.964,86.2,352700,0,10.377165,311.7,0.00480314960629921,"76.459999999999908",75.4519999999999,72.6079999999999,67.1179999999999,34.4,18.5,28.9
"BOOI4","2018-07-20 10:00",70.5199999999999,80.3,1129300,0,10.820079,307.4,0.00933070866141732,"76.495999999999981",75.3439999999999,72.6079999999999,67.1179999999999,34.4,18.5,28.9
"BOOI4","2018-07-20 11:00",72.248,76.84,1869800,0,9.89846,317.9,0.0142913385826772,"77.233999999999924",75.2359999999999,72.6079999999999,67.1359999999999,34.3,18.4,28.9
"BOOI4","2018-07-20 12:00",73.0039999999999,76.3,2344599.9,0,10.334662,318.3,0.0177165354330709,"78.565999999999946",75.1099999999999,72.572,67.1359999999999,34.1,18.4,28.9
"BOOI4","2018-07-20 13:00",71.8519999999999,80.2,1259400,0,9.746347,332.9,0.0155118110236221,"80.149999999999935",75.0199999999999,72.572,67.1359999999999,34,18.4,29
"BOOI4","2018-07-20 14:00",73.0039999999999,80.2,1464300,0,8.478003,331.7,0.0124015748031496,"80.833999999999932",74.9119999999999,72.5539999999999,67.1359999999999,34,18.3,29
"BOOI4","2018-07-20 15:00",74.948,75.13,2367600,0,8.529452,334.8,0.0184251968503937,"81.445999999999984",74.8579999999999,72.5359999999999,67.1359999999999,33.9,18.3,29
"BOOI4","2018-07-20 16:00",77.7919999999999,69.11,2910000,0,8.634588,323.3,0.022992125984252,"82.921999999999969",74.8039999999999,72.4999999999999,67.1539999999999,33.8,18.2,28.9
"BOOI4","2018-07-20 17:00",78.4039999999999,67.21,2132400,0,8.283389,331.4,0.0189763779527559,"84.631999999999948",74.7859999999999,72.482,67.1539999999999,33.6,18.2,29
"BOOI4","2018-07-20 18:00",78.8359999999999,63.7,1598700,0,7.941137,324.2,0.0161023622047244,"85.297999999999959",74.7679999999999,72.464,67.1359999999999,33.5,18.2,29
"BOOI4","2018-07-20 19:00",79.3579999999999,61.66,1207400,0,6.7801647,324.9,0.0128740157480315,"85.297999999999959",74.7859999999999,72.446,67.1539999999999,33.5,18.1,29
"BOOI4","2018-07-20 20:00",77.2699999999999,68.04,627100,0,5.0868015,313,0.00692913385826772,"84.721999999999966",74.822,72.4099999999999,67.1539999999999,33.5,18.1,29
"BOOI4","2018-07-20 21:00",71.798,82.2,117691,0,4.6282287,300.2,0.00153543307086614,"83.389999999999958",74.8939999999999,72.374,67.1539999999999,33.5,18.1,28.9
"BOOI4","2018-07-20 22:00",69.782,84.4,282,0,3.9280667,300.1,0.000118110236220472,"82.039999999999949",74.948,72.356,67.1539999999999,33.5,18.1,29
"BOOI4","2018-07-20 23:00",69.998,82.6,0,0,4.3844023,298.8,0.000118110236220472,"80.815999999999946",75.0199999999999,72.338,67.1539999999999,33.6,18,29
"BOOI4","2018-07-21 00:00",67.4419999999999,90.5,0,0,4.0846524,301.9,-0.00015748031496063,"79.717999999999918",75.038,72.3199999999999,67.1539999999999,33.6,18,29
"BOOI4","2018-07-21 01:00",67.4599999999999,91,0,0,3.2569845,307,-0.000433070866141732,"78.781999999999954",75.056,72.3019999999999,67.1539999999999,33.6,18,28.9
"BOOI4","2018-07-21 02:00",67.1179999999999,93.2,0,0,5.0353518,324.4,-0.000118110236220472,"77.935999999999908",75.038,72.2839999999999,67.1539999999999,33.7,18,28.9
"BOOI4","2018-07-21 03:00",66.0739999999999,95,0,0,6.075529,302,-0.000236220472440945,"77.161999999999892",75.0019999999999,72.2659999999999,67.172,33.7,18,29
"BOOI4","2018-07-21 04:00",65.948,94.7,0,0,6.077766,331.4,-0.000275590551181102,"76.477999999999895",74.948,72.2659999999999,67.172,33.7,18,29
"BOOI4","2018-07-21 05:00",64.8499999999999,95.3,0,0,4.9816656,336.6,-0.000393700787401575,"75.811999999999884",74.8579999999999,72.248,67.172,33.8,18,28.9
"BOOI4","2018-07-21 06:00",63.8599999999999,96.7,2152.727,0,3.9012232,326.1,-0.000551181102362205,"75.181999999999945",74.7859999999999,72.248,67.172,33.8,18,28.9
"BOOI4","2018-07-21 07:00",65.3359999999999,94.7,201009.08,0,4.876529,330.5,-7.8740157480315e-05,"74.58799999999998",74.6779999999999,72.248,67.172,33.9,18,28.9
"BOOI4","2018-07-21 08:00",67.9999999999999,90.2,711727.23,0,5.9144692,328.8,0.00389763779527559,"74.245999999999981",74.5699999999999,72.23,67.172,33.8,18,28.9
"BOOI4","2018-07-21 09:00",70.6279999999999,82.1,1358000,0,8.066405,339.1,0.00964566929133858,"74.479999999999976",74.4439999999999,72.2119999999999,67.172,33.7,18,28.9
"BOOI4","2018-07-21 10:00",72.4999999999999,77.02,1970272.6,0,9.267643,351.7,0.0155118110236221,"75.451999999999913",74.3359999999999,72.1939999999999,67.172,33.6,18,28.9
"BOOI4","2018-07-21 11:00",74.5339999999999,72.07,2556181.6,0,9.909644,352.1,0.0207874015748032,"76.909999999999911",74.2099999999999,72.1759999999999,67.172,33.3,18,28.9
"BOOI4","2018-07-21 12:00",75.8839999999999,71.68,2931727.3,0,10.135575,354.3,0.0244488188976378,"78.889999999999958",74.1199999999999,72.1579999999999,67.172,33.2,17.9,28.9
"BOOI4","2018-07-21 13:00",77.8099999999999,63.78,3161818,0,9.231851,352.2,0.027244094488189,"81.283999999999921",74.0119999999999,72.14,67.172,33,17.9,28.9
"BOOI4","2018-07-21 14:00",78.656,64.69,3245454.6,0,9.106583,345.7,0.0289763779527559,"83.695999999999984",73.94,72.122,67.172,32.8,17.8,28.9
"BOOI4","2018-07-21 15:00",79.6819999999999,64.07,3077000,0,8.972366,344.5,0.0284645669291339,"85.83799999999998",73.922,72.0859999999999,67.172,32.6,17.7,28.9
"BOOI4","2018-07-21 16:00",80.5999999999999,62.38,2670818,0,8.048511,353,0.0257086614173228,"87.457999999999942",73.9039999999999,72.0499999999999,67.172,32.3,17.7,28.9
"BOOI4","2018-07-21 17:00",80.2039999999999,61.8,1980545.5,0,8.0418,0.775,0.0208267716535433,"88.50199999999991",73.94,72.032,67.172,32.1,17.7,28.9
"BOOI4","2018-07-21 18:00",79.6099999999999,61.75,1405727.3,0,7.4355884,344.9,0.0158661417322835,"88.609999999999914",73.9939999999999,71.996,67.172,31.9,17.6,28.9
"BOOI4","2018-07-21 19:00",79.5919999999999,64.12,1220181.8,0,7.791262,0.299,0.0140157480314961,"88.08799999999998",74.0839999999999,71.9779999999999,67.172,31.8,17.6,28.9
"BOOI4","2018-07-21 20:00",77.63,69.48,563909.06,0,6.3461986,12.3,0.00779527559055118,"87.187999999999974",74.2099999999999,71.9419999999999,67.172,31.7,17.5,28.9
"BOOI4","2018-07-21 21:00",72.356,83,83007.27,0,4.603623,2.525,0.0018503937007874,"85.639999999999958",74.3539999999999,71.9239999999999,67.172,31.8,17.5,28.9
"BOOI4","2018-07-21 22:00",69.9259999999999,85.4,40.909093,0,2.910259,354.4,-0.000393700787401575,"84.055999999999969",74.48,71.888,67.172,31.9,17.5,28.9
"BOOI4","2018-07-21 23:00",68.6659999999999,89.4,0,0,3.576867,347,-0.00031496062992126,"82.615999999999943",74.606,71.8699999999999,67.172,31.9,17.5,28.9
"BOOI4","2018-07-22 00:00",67.964,90.5,0,0,4.766919,342.5,-0.000236220472440945,"81.355999999999966",74.696,71.8699999999999,67.172,32,17.5,28.9
"BOOI4","2018-07-22 01:00",67.28,91.3,0,0,4.4828277,343.8,-0.000393700787401575,"80.239999999999952",74.7499999999999,71.8519999999999,67.172,31.9,17.5,28.9
"BOOI4","2018-07-22 02:00",66.398,92.5,0,0,4.5924377,346.9,-0.000393700787401575,"79.249999999999929",74.7679999999999,71.8519999999999,67.172,32,17.5,28.9
"BOOI4","2018-07-22 03:00",64.688,95.5,0,0,4.1428127,1.748,-0.000590551181102362,"78.331999999999951",74.7499999999999,71.8519999999999,67.172,32.1,17.5,28.9
"BOOI4","2018-07-22 04:00",63.8779999999999,95.8,0,0,4.82508,354.3,-0.000590551181102362,"77.467999999999918",74.732,71.8519999999999,67.1539999999999,32.1,17.5,28.9
"BOOI4","2018-07-22 05:00",62.8519999999999,96.3,0,0,4.4403257,3.925,-0.00062992125984252,"76.657999999999944",74.6779999999999,71.8519999999999,67.172,32.1,17.5,28.9
"BOOI4","2018-07-22 06:00",62.0779999999999,97.7,5283.6366,0,3.3800163,359.9,-0.00078740157480315,"75.883999999999929",74.606,71.8519999999999,67.1539999999999,32.2,17.6,28.9
"BOOI4","2018-07-22 07:00",63.572,95.3,184890.91,0,3.8475368,6.923,-0.000354330708661417,"75.217999999999918",74.5159999999999,71.8519999999999,67.172,32.2,17.6,28.9
"BOOI4","2018-07-22 08:00",65.4439999999999,91.7,642363.65,0,4.7356024,359.7,0.0031496062992126,"74.821999999999974",74.4079999999999,71.8699999999999,67.1539999999999,32.2,17.6,28.9
"BOOI4","2018-07-22 09:00",69.188,84.6,1297727.3,0,5.974867,20.91,0.00866141732283465,"75.055999999999969",74.2999999999999,71.8699999999999,67.1539999999999,32.1,17.5,28.9
"BOOI4","2018-07-22 10:00",72.2119999999999,76.9,1926363.6,0,6.8427997,35.8,0.0144488188976378,"75.919999999999888",74.1919999999999,71.8519999999999,67.1539999999999,32,17.5,28.9
"BOOI4","2018-07-22 11:00",74.7499999999999,70.46,2417090.8,0,7.3147936,31.23,0.0196850393700787,"77.431999999999945",74.0659999999999,71.8519999999999,67.1539999999999,31.8,17.5,28.9
"BOOI4","2018-07-22 12:00",76.874,65.54,3045454.6,0,6.9479356,33.84,0.0255905511811024,"79.339999999999961",73.9579999999999,71.8519999999999,67.1539999999999,31.5,17.5,28.9
"BOOI4","2018-07-22 13:00",78.296,62.13,2870182,0,6.3506727,40.35,0.0256692913385827,"81.949999999999932",73.8679999999999,71.8339999999999,67.1539999999999,31.3,17.4,28.9
"BOOI4","2018-07-22 14:00",79.8259999999999,57.68,3185454.6,0,6.22093,21.81,0.0289370078740157,"84.289999999999949",73.796,71.8159999999999,67.1539999999999,31.1,17.3,28.9
"BOOI4","2018-07-22 15:00",80.6179999999999,56.18,3053636.2,0,7.4937487,13.72,0.0295669291338583,"86.593999999999909",73.7599999999999,71.798,67.1359999999999,30.9,17.3,28.9
"BOOI4","2018-07-22 16:00",81.1039999999999,56.39,2713636.5,0,7.8136315,14.2,0.0275984251968504,"88.303999999999888",73.7779999999999,71.78,67.1359999999999,30.6,17.2,28.9
"BOOI4","2018-07-22 17:00",81.032,55.77,2223272.7,0,7.9858756,19.58,0.023740157480315,"89.401999999999916",73.814,71.7619999999999,67.1359999999999,30.4,17.2,28.9
"BOOI4","2018-07-22 18:00",80.4199999999999,59.49,1748181.8,0,7.793499,24.12,0.019488188976378,"89.851999999999904",73.8859999999999,71.7439999999999,67.1359999999999,30.2,17.1,28.9
"BOOI4","2018-07-22 19:00",79.646,62.28,1001636.4,0,6.8853016,22.12,0.0129133858267717,"89.563999999999965",73.9939999999999,71.7259999999999,67.1359999999999,30,17.1,28.9
"BOOI4","2018-07-22 20:00",76.514,75.14,513272.7,0,5.057721,33.74,0.00649606299212599,"88.627999999999901",74.138,71.69,67.1359999999999,30,17,28.9
"BOOI4","2018-07-22 21:00",71.2579999999999,84.9,79415.45,0,3.0332906,50.38,0.000551181102362205,"86.935999999999908",74.3179999999999,71.69,67.1179999999999,30,17,28.9
"BOOI4","2018-07-22 22:00",70.898,86.4,0,0,0.9842536,31.51,-0.000826771653543307,"85.207999999999942",74.4619999999999,71.6539999999999,67.1179999999999,30,17,28.9
"BOOI4","2018-07-22 23:00",68.5759999999999,90.6,0,0,0.9529364,2.91,-0.000866141732283465,"83.641999999999925",74.606,71.6539999999999,67.1359999999999,30.1,17,28.9
"BOOI4","2018-07-23 00:00",68.3419999999999,91.4,0,0,2.6284044,330.7,-0.00047244094488189,"82.291999999999931",74.696,71.6539999999999,67.1359999999999,30.2,17.1,28.9
"BOOI4","2018-07-23 01:00",65.948,95.2,0,0,0.5637089,334.7,-0.00110236220472441,"81.085999999999899",74.7679999999999,71.6539999999999,67.1179999999999,30.2,17.1,28.9
"BOOI4","2018-07-23 02:00",66.056,95.6,0,0,2.4203691,335.8,-0.00062992125984252,"80.041999999999931",74.7859999999999,71.6539999999999,67.1179999999999,30.2,17.1,28.9
"BOOI4","2018-07-23 03:00",66.3079999999999,95,0,0,2.6462998,324.9,-0.00062992125984252,"79.105999999999966",74.7859999999999,71.672,67.1179999999999,30.3,17.1,28.9
"BOOI4","2018-07-23 04:00",64.8679999999999,96.6,0,0,2.6574845,305.7,-0.000669291338582677,"78.25999999999992",74.7499999999999,71.672,67.1179999999999,30.3,17.1,28.9
"BOOI4","2018-07-23 05:00",64.3999999999999,97,0,0,2.129567,312,-0.000748031496062992,"77.485999999999905",74.696,71.672,67.1179999999999,30.3,17.1,28.9
"BOOI4","2018-07-23 06:00",65.0839999999999,95.7,2060,0,2.0736434,318,-0.000748031496062992,"76.783999999999921",74.624,71.69,67.1179999999999,30.4,17.1,28.9
"BOOI4","2018-07-23 07:00",66.5239999999999,94.5,162690.93,0,4.1607084,306.4,-0.000393700787401575,"76.171999999999969",74.5339999999999,71.7079999999999,67.0999999999999,30.4,17.1,28.9
"BOOI4","2018-07-23 08:00",70.4659999999999,89.8,650727.3,0,3.536602,310,0.00354330708661417,"75.919999999999888",74.4259999999999,71.7079999999999,67.0999999999999,30.4,17.1,28.9
"BOOI4","2018-07-23 09:00",73.7599999999999,82,1236545.4,0,4.037677,314.6,0.00905511811023622,"76.459999999999908",74.3179999999999,71.7259999999999,67.0999999999999,30.3,17.1,28.8
"BOOI4","2018-07-23 10:00",76.2439999999999,76.78,1672091,0,4.5007234,310.1,0.0137795275590551,"77.647999999999954",74.1919999999999,71.7259999999999,67.0999999999999,30.2,17.1,28.8
"BOOI4","2018-07-23 11:00",78.44,71.82,2236636.2,0,5.594587,326.4,0.0193307086614173,"79.249999999999929",74.0839999999999,71.7259999999999,67.0999999999999,30,17,28.8
"BOOI4","2018-07-23 12:00",79.988,68.93,2709818.4,0,6.8696427,316.1,0.0240551181102362,"81.121999999999971",73.9939999999999,71.7079999999999,67.0999999999999,29.7,17,28.8
"BOOI4","2018-07-23 13:00",81.23,66.08,2628636.5,0,6.5408125,341.1,0.0244488188976378,"83.371999999999971",73.94,71.7079999999999,67.0999999999999,29.5,17,28.8
"BOOI4","2018-07-23 14:00",82.7419999999999,57.97,2928636.2,0,6.8808274,339.6,0.0276771653543307,"85.531999999999954",73.8859999999999,71.7079999999999,67.0999999999999,29.3,16.9,28.8
"BOOI4","2018-07-23 15:00",80.096,69.33,1673363.6,0,6.22093,354.7,0.0183070866141732,"87.457999999999942",73.8679999999999,71.69,67.0999999999999,29.1,16.8,28.8
"BOOI4","2018-07-23 16:00",82.238,64.75,1411181.9,0,5.2724676,320.4,0.0151181102362205,"87.583999999999932",73.9039999999999,71.672,67.082,29,16.7,28.8
"BOOI4","2018-07-23 17:00",83.048,64.93,1905727.3,0,6.484889,318.3,0.0195669291338583,"88.08799999999998",73.94,71.6539999999999,67.082,28.8,16.7,28.7
"BOOI4","2018-07-23 18:00",83.948,62.58,1539727.3,0,5.648274,328.1,0.016496062992126,"88.735999999999905",74.0119999999999,71.6359999999999,67.082,28.6,16.7,28.6
"BOOI4","2018-07-23 19:00",83.498,63.1,943727.23,0,3.8452997,342.9,0.0106299212598425,"88.933999999999926",74.1019999999999,71.6179999999999,67.0999999999999,28.5,16.6,28.6
"BOOI4","2018-07-23 20:00",79.232,74.23,314954.56,0,3.283828,302.1,0.00468503937007874,"88.249999999999929",74.2099999999999,71.6179999999999,67.082,28.4,16.6,28.6
"BOOI4","2018-07-23 21:00",75.164,88.1,17278.181,0.010000001,3.3509362,298.3,0.00173228346456693,"86.881999999999948",74.3539999999999,71.5999999999999,67.082,28.5,16.6,28.6
"BOOI4","2018-07-23 22:00",74.5159999999999,91.7,0,0,2.0624588,318.3,-0.000433070866141732,"85.441999999999936",74.48,71.582,67.064,28.5,16.6,28.6
"BOOI4","2018-07-23 23:00",72.68,86.1,0,0,6.120268,342.6,0.000354330708661417,"84.073999999999941",74.606,71.582,67.064,28.5,16.6,28.6
"BOOI4","2018-07-24 00:00",70.556,86.7,0,0,5.5587955,341.8,0.000275590551181102,"82.687999999999974",74.6779999999999,71.582,67.082,28.5,16.7,28.6
"BOOI4","2018-07-24 01:00",68.5579999999999,86.6,0,0,6.2142196,343.5,0.00047244094488189,"81.427999999999898",74.7499999999999,71.582,67.064,28.6,16.7,28.6
"BOOI4","2018-07-24 02:00",66.9019999999999,86.5,0,0,5.1964116,340.5,0.000236220472440945,"80.239999999999952",74.7679999999999,71.582,67.082,28.6,16.7,28.6
"BOOI4","2018-07-24 03:00",65.9659999999999,86.7,0,0,5.807096,341.5,0.000275590551181102,"79.195999999999984",74.7859999999999,71.5999999999999,67.064,28.7,16.7,28.6
"BOOI4","2018-07-24 04:00",65.0839999999999,86.3,0,0,6.0553966,342.5,0.000275590551181102,"78.223999999999947",74.7499999999999,71.6179999999999,67.064,28.7,16.7,28.6
"BOOI4","2018-07-24 05:00",64.0939999999999,89,0,0,6.1493483,342.6,0.000275590551181102,"77.341999999999928",74.696,71.6179999999999,67.064,28.7,16.7,28.5
"BOOI4","2018-07-24 06:00",62.5279999999999,91,2136.3637,0,4.6349397,338.2,-3.93700787401575e-05,"76.495999999999981",74.624,71.6359999999999,67.082,28.7,16.7,28.5
"BOOI4","2018-07-24 07:00",63.698,87.4,210818.18,0,5.185227,340.7,0.000590551181102362,"75.739999999999952",74.5339999999999,71.6359999999999,67.064,28.7,16.7,28.5
"BOOI4","2018-07-24 08:00",66.9019999999999,81.3,758272.77,0,6.4446244,342.8,0.00511811023622047,"75.235999999999905",74.4259999999999,71.6539999999999,67.064,28.7,16.7,28.5
"BOOI4","2018-07-24 09:00",69.8179999999999,76.86,1386272.8,0,6.8875384,344.3,0.0104724409448819,"75.397999999999954",74.2999999999999,71.6539999999999,67.064,28.6,16.7,28.5
"BOOI4","2018-07-24 10:00",73.832,65.84,2014363.6,0,6.4356766,353.8,0.0163385826771654,"76.315999999999946",74.1739999999999,71.672,67.064,28.4,16.6,28.5
"BOOI4","2018-07-24 11:00",76.1539999999999,57.1,2565818,0,7.2499223,356.2,0.0225590551181102,"77.881999999999948",74.03,71.6539999999999,67.064,28.2,16.6,28.5
"BOOI4","2018-07-24 12:00",77.738,54.57,2991454.6,0,7.8158684,4.718,0.0275590551181102,"79.843999999999909",73.9039999999999,71.6539999999999,67.064,27.9,16.5,28.5
"BOOI4","2018-07-24 13:00",79.4659999999999,51.36,3251818,0,6.9591203,343.7,0.0301181102362205,"82.273999999999944",73.796,71.6539999999999,67.046,27.7,16.5,28.5
"BOOI4","2018-07-24 14:00",81.014,46.4,3309090.8,0,7.0351763,340.4,0.0318110236220472,"84.937999999999974",73.706,71.6539999999999,67.064,27.4,16.4,28.5
"BOOI4","2018-07-24 15:00",81.5359999999999,45.78,3157272.7,0,6.551997,341.7,0.0310236220472441,"87.25999999999992",73.6519999999999,71.6179999999999,67.046,27.2,16.3,28.5
"BOOI4","2018-07-24 16:00",82.922,44.89,2831091,0,6.147111,347.9,0.0287795275590551,"89.113999999999962",73.6339999999999,71.5999999999999,67.046,26.9,16.2,28.5
"BOOI4","2018-07-24 17:00",83.156,45.38,2333272.7,0,6.375279,345,0.0253543307086614,"90.355999999999966",73.6519999999999,71.582,67.046,26.7,16.2,28.4
"BOOI4","2018-07-24 18:00",83.1739999999999,47.19,1768363.6,0,6.518443,338.8,0.0208661417322835,"90.805999999999969",73.706,71.564,67.046,26.4,16.1,28.4
"BOOI4","2018-07-24 19:00",82.3999999999999,49.6,1041727.3,0,5.0443,341.7,0.0134645669291339,"90.499999999999929",73.796,71.546,67.046,26.2,16,28.4
"BOOI4","2018-07-24 20:00",80.3659999999999,60.61,544909.1,0,1.715733,338,0.00456692913385827,"89.527999999999892",73.922,71.5279999999999,67.046,26.3,16,28.4
"BOOI4","2018-07-24 21:00",72.7339999999999,78.18,90920.91,0,1.8365277,298.4,-0.000118110236220472,"87.67399999999995",74.0839999999999,71.5099999999999,67.046,26.3,16,28.4
"BOOI4","2018-07-24 22:00",72.2839999999999,71.28,46.363637,0,1.006623,298.2,-0.000708661417322835,"85.819999999999894",74.246,71.4919999999999,67.046,26.3,16,28.3
"BOOI4","2018-07-24 23:00",68.1079999999999,82,0,0,2.8364398,285.1,0.000196850393700787,"84.109999999999914",74.372,71.4739999999999,67.046,26.2,16,28.3
"BOOI4","2018-07-25 00:00",64.1659999999999,90.6,0,0,2.5635333,258.1,-0.000511811023622047,"82.57999999999997",74.4619999999999,71.4739999999999,67.046,26.3,16,28.3
"BOOI4","2018-07-25 01:00",65.7679999999999,85.9,0,0,4.1875515,273.3,-7.8740157480315e-05,"81.283999999999921",74.5159999999999,71.4739999999999,67.046,26.3,16.1,28.3
"BOOI4","2018-07-25 02:00",68.1079999999999,82.4,0,0,5.2389135,285.8,0.000354330708661417,"80.185999999999908",74.5159999999999,71.4739999999999,67.046,26.3,16.1,28.2
"BOOI4","2018-07-25 03:00",66.8119999999999,83,0,0,5.097986,291,0.000354330708661417,"79.231999999999957",74.498,71.4919999999999,67.046,26.3,16.1,28.2
"BOOI4","2018-07-25 04:00",65.6779999999999,85.6,0,0,4.030966,296.1,3.93700787401575e-05,"78.367999999999924",74.4619999999999,71.4919999999999,67.046,26.3,16.1,28.2
"BOOI4","2018-07-25 05:00",63.932,85.8,0,0,1.9192945,282.1,-0.000590551181102362,"77.593999999999909",74.39,71.4919999999999,67.046,26.3,16.1,28.3
"BOOI4","2018-07-25 06:00",66.3079999999999,83.7,5154.5453,0,1.5703319,342.4,-0.000551181102362205,"76.873999999999953",74.2999999999999,71.5099999999999,67.0279999999999,26.3,16.1,28.2
"BOOI4","2018-07-25 07:00",64.346,88.4,95000.01,0,0.80753535,29.84,-0.00102362204724409,"76.279999999999973",74.2099999999999,71.5279999999999,67.046,26.3,16.2,28.1
"BOOI4","2018-07-25 08:00",67.7839999999999,87.3,668536.4,0,3.543313,137.4,0.0037007874015748,"75.919999999999888",74.0839999999999,71.5279999999999,67.0279999999999,26.3,16.2,28.1
"BOOI4","2018-07-25 09:00",73.0039999999999,78.67,1358363.6,0,3.4851525,184.5,0.0097244094488189,"76.333999999999932",73.9759999999999,71.5279999999999,67.0279999999999,26.3,16.1,28.1
"BOOI4","2018-07-25 10:00",76.6039999999999,71.49,2009181.9,0,6.102372,181.5,0.0165354330708661,"77.593999999999909",73.8499999999999,71.5279999999999,67.0279999999999,26.1,16.1,28.1
"BOOI4","2018-07-25 11:00",78.7279999999999,69.23,2041272.7,0,6.317118,212.9,0.0183858267716536,"79.249999999999929",73.7419999999999,71.5279999999999,67.0279999999999,25.9,16,28.1
"BOOI4","2018-07-25 12:00",77.864,68.12,1643454.6,0,7.5004597,225.7,0.0168110236220472,"80.671999999999969",73.6339999999999,71.5279999999999,67.0279999999999,25.7,16,28
"BOOI4","2018-07-25 13:00",76.5499999999999,73.39,1597818.2,0,7.3595324,212.1,0.0162992125984252,"81.787999999999982",73.5619999999999,71.5099999999999,67.0279999999999,25.6,15.9,28.1
"BOOI4","2018-07-25 14:00",78.422,71.16,2163000,0,7.8695545,201.4,0.0201574803149606,"82.561999999999884",73.5079999999999,71.5099999999999,67.0279999999999,25.5,15.9,28.1
"BOOI4","2018-07-25 15:00",80.546,62.47,2912181.6,0,9.272117,210.9,0.0269291338582677,"83.983999999999924",73.472,71.4919999999999,67.0279999999999,25.3,15.8,28.1
"BOOI4","2018-07-25 16:00",81.464,58.85,2762182,0,11.6902485,239.3,0.0283464566929134,"85.927999999999898",73.472,71.4739999999999,67.0279999999999,25.1,15.7,28
"BOOI4","2018-07-25 17:00",82.7239999999999,58.38,2285545.4,0,11.515766,241.5,0.0255118110236221,"87.565999999999946",73.49,71.456,67.0279999999999,24.9,15.7,28
"BOOI4","2018-07-25 18:00",83.264,55.22,1708636.4,0,10.254133,240,0.0215748031496063,"88.21399999999997",73.5259999999999,71.438,67.0279999999999,24.7,15.6,28
"BOOI4","2018-07-25 19:00",81.9499999999999,59.19,989090.9,0,12.155532,253.1,0.0179527559055118,"88.159999999999911",73.58,71.4199999999999,67.0279999999999,24.6,15.5,28
"BOOI4","2018-07-25 20:00",79.088,69.41,460818.18,0,8.958945,268.2,0.0097244094488189,"87.385999999999896",73.688,71.4019999999999,67.0279999999999,24.6,15.4,28
"BOOI4","2018-07-25 21:00",75.488,78.64,64398.18,0,5.335102,258.3,0.00255905511811024,"86.071999999999974",73.814,71.3839999999999,67.0279999999999,24.6,15.4,28
"BOOI4","2018-07-25 22:00",66.1819999999999,97.7,0,0.34015748,8.779989,315.6,0.000708661417322835,"84.631999999999948",73.922,71.3659999999999,67.0279999999999,24.7,15.5,28
"BOOI4","2018-07-25 23:00",67.6939999999999,93.6,0,0,4.17413,316.5,-0.000433070866141732,"82.399999999999935",74.03,71.3659999999999,67.0099999999999,24.8,15.5,27.9
"BOOI4","2018-07-26 00:00",68.4319999999999,91.4,0,0,4.5767794,335.4,-0.000275590551181102,"80.527999999999892",74.1019999999999,71.348,67.0279999999999,24.8,15.5,27.9
"BOOI4","2018-07-26 01:00",67.3159999999999,94.2,0,0,4.811658,341.3,-0.000196850393700787,"79.051999999999907",74.138,71.348,67.0279999999999,24.8,15.6,27.9
"BOOI4","2018-07-26 02:00",64.8679999999999,91.9,0,0,6.0621076,342.6,-0.000118110236220472,"77.683999999999926",74.1199999999999,71.348,67.0279999999999,24.8,15.6,27.9
"BOOI4","2018-07-26 03:00",62.69,94.8,0,0,2.8431509,317.6,-0.000551181102362205,"76.2439999999999",74.0839999999999,71.348,67.0279999999999,24.8,15.6,27.9
"BOOI4","2018-07-26 04:00",62.0599999999999,93.5,0,0,4.6349397,306.6,-0.00031496062992126,"75.00199999999991",74.0119999999999,71.348,67.0279999999999,24.8,15.6,27.9
"BOOI4","2018-07-26 05:00",61.106,94.7,0,0,4.5812535,293.9,-0.00031496062992126,"73.849999999999937",73.9039999999999,71.3659999999999,67.0099999999999,24.9,15.7,27.8
"BOOI4","2018-07-26 06:00",61.196,91,1296.3638,0,4.8474493,293.7,-0.000275590551181102,"72.859999999999914",73.7779999999999,71.3659999999999,67.0099999999999,24.9,15.7,27.8
"BOOI4","2018-07-26 07:00",61.8079999999999,90.7,166845.46,0,5.484977,301,0.000118110236220472,"71.941999999999936",73.6339999999999,71.3839999999999,67.0279999999999,24.8,15.7,27.8
"BOOI4","2018-07-26 08:00",65.498,85.6,640636.4,0,5.3082585,293.2,0.00362204724409449,"71.45599999999996",73.49,71.3839999999999,67.0099999999999,24.8,15.7,27.7
"BOOI4","2018-07-26 09:00",67.622,79.63,1271181.9,0,6.5363383,301.8,0.00897637795275591,"71.869999999999891",73.3099999999999,71.3659999999999,67.0099999999999,24.8,15.7,27.7
"BOOI4","2018-07-26 10:00",70.7539999999999,71.97,1962272.7,0,6.6168685,312,0.0150787401574803,"72.967999999999918",73.1119999999999,71.3659999999999,67.0099999999999,24.7,15.7,27.6
"BOOI4","2018-07-26 11:00",72.6619999999999,65.85,2544727.3,0,8.554058,314.4,0.0212204724409449,"74.497999999999962",72.9319999999999,71.3659999999999,67.0099999999999,24.6,15.6,27.1
"BOOI4","2018-07-26 12:00",74.048,61.88,2829636.2,0,9.574103,320.1,0.0248031496062992,"75.883999999999929",72.7699999999999,71.33,67.0099999999999,24.4,15.6,27
"BOOI4","2018-07-26 13:00",75.6859999999999,57.19,2962182,0,10.759682,310.7,0.0273622047244095,"77.449999999999932",72.6259999999999,71.3119999999999,67.0099999999999,24.3,15.5,27
"BOOI4","2018-07-26 14:00",75.056,60.96,2298909,0,8.9074955,324.8,0.0231496062992126,"78.907999999999944",72.4999999999999,71.2939999999999,67.0099999999999,24.2,15.4,27
"BOOI4","2018-07-26 15:00",75.848,55.13,2676454.6,0,9.30567,327.4,0.0259055118110236,"80.023999999999944",72.4099999999999,71.2759999999999,67.0099999999999,24.1,15.4,27
"BOOI4","2018-07-26 16:00",76.0999999999999,54.26,2271818,0,8.860519,319.3,0.0232677165354331,"81.445999999999984",72.356,71.24,67.0099999999999,24,15.3,26.9
"BOOI4","2018-07-26 17:00",76.6579999999999,51.82,2097454.6,0,8.697223,323.8,0.0223228346456693,"82.489999999999952",72.3019999999999,71.2039999999999,67.0099999999999,23.9,15.2,26.9
"BOOI4","2018-07-26 18:00",75.83,56.35,1849636.4,0,8.495898,333.2,0.0197244094488189,"83.317999999999913",72.2839999999999,71.1679999999999,67.0099999999999,23.8,15.2,26.9
"BOOI4","2018-07-26 19:00",73.9939999999999,62.1,1079091,0,7.9165306,343.3,0.0131889763779528,"83.29999999999994",72.2839999999999,71.1319999999999,67.0099999999999,23.7,15.2,26.9
"BOOI4","2018-07-26 20:00",71.2039999999999,68.35,524636.35,0,6.2522473,3.476,0.00692913385826772,"82.273999999999944",72.2839999999999,71.096,66.9919999999999,23.7,15.1,26.9
"BOOI4","2018-07-26 21:00",65.4079999999999,79.2,91110.91,0,3.3397515,350.3,0.000433070866141732,"80.473999999999947",72.3019999999999,71.0599999999999,66.9919999999999,23.7,15.1,26.8
"BOOI4","2018-07-26 22:00",62.33,87.8,20.909091,0,2.4718187,351.6,-0.000433070866141732,"78.619999999999891",72.3019999999999,71.0239999999999,66.9919999999999,23.7,15.2,26.8
"BOOI4","2018-07-26 23:00",60.746,90.7,0,0,2.5859027,339.5,-0.000551181102362205,"76.96399999999997",72.2839999999999,70.988,66.9919999999999,23.8,15.2,26.7
"BOOI4","2018-07-27 00:00",60.53,88.4,0,0,3.4538355,340.8,-0.000354330708661417,"75.487999999999985",72.248,70.9699999999999,66.9919999999999,23.7,15.2,26.7
"BOOI4","2018-07-27 01:00",58.4419999999999,92.8,0,0,1.8320539,301.1,-0.000826771653543307,"74.17399999999995",72.1939999999999,70.9339999999999,66.9919999999999,23.7,15.3,26.7
"BOOI4","2018-07-27 02:00",57.5419999999999,94.2,0,0,2.0579848,296.2,-0.00078740157480315,"73.021999999999977",72.0859999999999,70.9159999999999,66.9919999999999,23.7,15.3,26.6
"BOOI4","2018-07-27 03:00",57.5779999999999,94.2,0,0,3.4963372,295.6,-0.000551181102362205,"71.995999999999981",71.9779999999999,70.88,66.9919999999999,23.7,15.3,26.6
"BOOI4","2018-07-27 04:00",56.2819999999999,96.3,0,0,2.8632832,301.8,-0.000669291338582677,"71.023999999999944",71.8339999999999,70.8619999999999,66.9919999999999,23.6,15.3,26.6
"BOOI4","2018-07-27 05:00",55.598,97,0,0,3.4090967,290.9,-0.00062992125984252,"70.159999999999911",71.7079999999999,70.8439999999999,66.9919999999999,23.6,15.3,26.5
"BOOI4","2018-07-27 06:00",54.7699999999999,97.7,790,0,3.5231807,291.2,-0.00062992125984252,"69.349999999999937",71.5279999999999,70.8079999999999,66.9919999999999,23.6,15.3,26.5
"BOOI4","2018-07-27 07:00",57.4699999999999,94,181440.9,0,3.4985743,298,-0.000551181102362205,"68.629999999999981",71.3659999999999,70.772,66.9739999999999,23.6,15.4,26.5
"BOOI4","2018-07-27 08:00",60.566,90.2,681272.77,0,3.6954248,308.6,0.00311023622047244,"68.341999999999928",71.1859999999999,70.7539999999999,66.9739999999999,23.6,15.4,26.5
"BOOI4","2018-07-27 09:00",63.68,84.6,1288818.1,0,5.880915,309.2,0.00783464566929134,"68.881999999999948",71.006,70.7179999999999,66.9739999999999,23.5,15.4,26.5
"BOOI4","2018-07-27 10:00",66.1819999999999,79,1937454.6,0,5.109171,319,0.0132283464566929,"70.267999999999915",70.8259999999999,70.6819999999999,66.9739999999999,23.5,15.4,26.5
"BOOI4","2018-07-27 11:00",68.6659999999999,73.11,2261090.8,0,4.82508,316.9,0.0168503937007874,"72.445999999999984",70.646,70.646,66.9739999999999,23.4,15.3,26.5
"BOOI4","2018-07-27 12:00",69.7099999999999,64.54,2226818,0,5.377604,305.9,0.0180314960629921,"74.659999999999911",70.4839999999999,70.5919999999999,66.956,23.3,15.3,26.4
"BOOI4","2018-07-27 13:00",72.572,59.18,3473636.2,0,5.7243295,319.6,0.027992125984252,"77.449999999999932",70.3579999999999,70.538,66.956,23.2,15.2,26.4
"BOOI4","2018-07-27 14:00",73.3999999999999,57.95,2595818.4,0,6.0688186,314.5,0.0229133858267717,"80.617999999999924",70.2679999999999,70.5019999999999,66.956,23.1,15.1,26.4
"BOOI4","2018-07-27 15:00",74.498,50.4,2766909,0,5.339576,327.4,0.0244094488188976,"82.687999999999974",70.196,70.448,66.938,23,15.1,26.3
"BOOI4","2018-07-27 16:00",75.2179999999999,51.48,2216363.5,0,5.476029,327.9,0.0210629921259843,"84.397999999999954",70.1599999999999,70.3759999999999,66.956,23,15,26.3
"BOOI4","2018-07-27 17:00",75.6679999999999,51.04,2255454.6,0,5.106934,313.3,0.0210629921259843,"85.495999999999981",70.1599999999999,70.322,66.938,22.9,14.9,26.3
"BOOI4","2018-07-27 18:00",73.1659999999999,60.19,678181.76,0,3.6775296,306.9,0.00897637795275591,"85.441999999999936",70.196,70.2859999999999,66.938,22.8,14.9,26.3
"BOOI4","2018-07-27 19:00",74.7499999999999,56,974272.77,0,3.2279043,312,0.0097244094488189,"84.523999999999944",70.2499999999999,70.232,66.9199999999999,22.8,14.9,26.2
"BOOI4","2018-07-27 20:00",72.23,65.75,473381.84,0,3.1675072,295.5,0.00503937007874016,"83.533999999999921",70.34,70.1779999999999,66.9199999999999,22.8,14.9,26.2
"BOOI4","2018-07-27 21:00",65.372,82.9,34107.273,0,1.0222815,267.9,0.000275590551181102,"81.823999999999941",70.4119999999999,70.124,66.9199999999999,22.8,14.9,26.2
"BOOI4","2018-07-27 22:00",62.9419999999999,88.3,0,0,1.93719,254.8,-0.00047244094488189,"80.005999999999958",70.5019999999999,70.088,66.9199999999999,22.9,14.9,26.2
"BOOI4","2018-07-27 23:00",61.2679999999999,89.7,0,0,2.1698318,258.9,-0.000511811023622047,"78.367999999999924",70.556,70.0339999999999,66.9199999999999,22.9,14.9,26.2
"BOOI4","2018-07-28 00:00",60.7819999999999,87.3,0,0,2.5053728,267,-0.000511811023622047,"76.891999999999925",70.5919999999999,70.0159999999999,66.9019999999999,22.9,14.9,26.2
"BOOI4","2018-07-28 01:00",62.222,86.5,0,0,3.503048,282.8,-7.8740157480315e-05,"75.613999999999962",70.5919999999999,69.98,66.9019999999999,22.9,14.9,26.2
"BOOI4","2018-07-28 02:00",59.8819999999999,90.7,0,0,1.6374401,264.6,-0.000708661417322835,"74.533999999999921",70.556,69.9619999999999,66.8839999999999,22.8,15,26.1
"BOOI4","2018-07-28 03:00",62.8519999999999,86.3,0,0,3.4873896,294.7,-0.000196850393700787,"73.669999999999888",70.5019999999999,69.9259999999999,66.8839999999999,22.8,15,26.1
"BOOI4","2018-07-28 04:00",61.9159999999999,89.1,0,0,3.0646079,304.8,-0.000275590551181102,"73.003999999999891",70.43,69.9079999999999,66.8839999999999,22.8,15,26.1
"BOOI4","2018-07-28 05:00",60.422,93.1,0,0,0.07605597,257.2,-0.0012992125984252,"72.301999999999907",70.34,69.89,66.8659999999999,22.8,15,26.1
"BOOI4","2018-07-28 06:00",61.2499999999999,89.8,487.2727,0,0.28409138,349.8,-0.00118110236220473,"71.761999999999887",70.2499999999999,69.8539999999999,66.8659999999999,22.8,15.1,26
"BOOI4","2018-07-28 07:00",61.5019999999999,94.3,133372.74,0,0.7493749,216,-0.00106299212598425,"71.347999999999956",70.1419999999999,69.8359999999999,66.848,22.8,15.1,26
"BOOI4","2018-07-28 08:00",65.0119999999999,88.5,800090.9,0,3.0265799,241,0.00413385826771654,"71.275999999999925",70.0339999999999,69.8179999999999,66.848,22.8,15.1,26
"BOOI4","2018-07-28 09:00",69.7279999999999,79.44,1322454.5,0,1.8186322,253.8,0.00881889763779528,"72.085999999999899",69.9259999999999,69.782,66.83,22.8,15.1,26
"BOOI4","2018-07-28 10:00",70.6279999999999,73.3,1380272.7,0,2.5635333,213.3,0.0105511811023622,"73.399999999999935",69.8179999999999,69.764,66.83,22.7,15,25.9
"BOOI4","2018-07-28 11:00",71.3659999999999,72.61,1370272.8,0,1.6128337,244.5,0.0111811023622047,"74.893999999999906",69.7279999999999,69.7279999999999,66.8119999999999,22.7,15,25.9
"BOOI4","2018-07-28 12:00",70.9519999999999,74.15,1072181.8,0,3.0825033,256.7,0.0100787401574803,"76.153999999999883",69.638,69.6919999999999,66.8119999999999,22.6,14.9,25.9
"BOOI4","2018-07-28 13:00",71.3659999999999,74.36,1361363.6,0,5.294837,234.1,0.0123622047244095,"76.71199999999989",69.5839999999999,69.6739999999999,66.8119999999999,22.6,15,25.9
"BOOI4","2018-07-28 14:00",72.9499999999999,66.69,1983727.2,0,5.0689063,239.9,0.0171653543307087,"77.863999999999962",69.5659999999999,69.6199999999999,66.7939999999999,22.6,14.9,25.9
"BOOI4","2018-07-28 15:00",73.5259999999999,64.14,1736091,0,3.3061974,239.3,0.0151968503937008,"79.285999999999902",69.548,69.6019999999999,66.7759999999999,22.6,14.8,25.9
"BOOI4","2018-07-28 16:00",74.5339999999999,60.1,2246182,0,3.3822532,229.2,0.0191338582677165,"81.04999999999994",69.548,69.5659999999999,66.7759999999999,22.5,14.7,25.9
"BOOI4","2018-07-28 17:00",74.156,65.7,1296272.7,0,2.357735,201.5,0.0118503937007874,"82.327999999999903",69.5659999999999,69.53,66.7579999999999,22.5,14.7,25.9
"BOOI4","2018-07-28 18:00",74.7679999999999,64.54,1215272.7,0,2.3264174,180.1,0.0106299212598425,"82.633999999999929",69.6019999999999,69.4939999999999,66.7579999999999,22.5,14.7,25.8
"BOOI4","2018-07-28 19:00",73.2919999999999,70.63,920363.65,0,2.688802,187.3,0.00818897637795276,"82.813999999999965",69.6739999999999,69.4579999999999,66.74,22.4,14.6,25.8
"BOOI4","2018-07-28 20:00",71.5279999999999,71.89,198736.36,0,0.95964724,195.7,0.00200787401574803,"82.093999999999909",69.746,69.422,66.74,22.4,14.6,25.8
"BOOI4","2018-07-28 21:00",68.63,82.5,29017.273,0,0.04026492,62.73,-0.00015748031496063,"80.851999999999904",69.8179999999999,69.3859999999999,66.74,22.5,14.6,25.8
"BOOI4","2018-07-28 22:00",67.6759999999999,84.8,0,0,0.48541597,319,-0.000984251968503937,"79.447999999999965",69.9079999999999,69.3499999999999,66.722,22.5,14.7,25.8
"BOOI4","2018-07-28 23:00",66.8119999999999,89.3,0,0,0.80977225,357.8,-0.000826771653543307,"78.331999999999951",69.98,69.332,66.722,22.5,14.7,25.7
"BOOI4","2018-07-29 00:00",66.0019999999999,87.5,0,0,0.01565858,332.6,-0.00125984251968504,"77.341999999999928",70.0339999999999,69.314,66.7039999999999,22.5,14.7,25.7
"BOOI4","2018-07-29 01:00",65.498,88.6,0,0,1.3130838,350,-0.000669291338582677,"76.369999999999891",70.0699999999999,69.296,66.7039999999999,22.5,14.7,25.7
"BOOI4","2018-07-29 02:00",63.3199999999999,94.7,0,0,1.1833413,32.23,-0.000826771653543307,"75.433999999999926",70.088,69.2779999999999,66.6859999999999,22.5,14.7,25.7
"BOOI4","2018-07-29 03:00",63.2119999999999,94.1,0,0,1.0647835,17.09,-0.000866141732283465,"74.551999999999907",70.088,69.2779999999999,66.6679999999999,22.5,14.8,25.6
"BOOI4","2018-07-29 04:00",60.656,97.3,0,0,1.3936137,15.61,-0.00078740157480315,"73.723999999999947",70.0519999999999,69.2599999999999,66.6679999999999,22.5,14.8,25.6
"BOOI4","2018-07-29 05:00",60.998,95.4,0,0,3.2860649,14.2,-0.000511811023622047,"73.021999999999977",70.0159999999999,69.2419999999999,66.6499999999999,22.5,14.8,25.6
"BOOI4","2018-07-29 06:00",59.864,95.8,620,0,2.277205,39.86,-0.000669291338582677,"72.427999999999898",69.9619999999999,69.2419999999999,66.6499999999999,22.5,14.8,25.6
"BOOI4","2018-07-29 07:00",61.4119999999999,91.4,121848.175,0,1.2124214,16.05,-0.00110236220472441,"71.779999999999973",69.89,69.2239999999999,66.6319999999999,22.4,14.8,25.6
"BOOI4","2018-07-29 08:00",64.9759999999999,86.6,588818.2,0,2.6306415,51.35,0.00279527559055118,"71.383999999999929",69.8179999999999,69.2239999999999,66.614,22.4,14.8,25.6
"BOOI4","2018-07-29 09:00",68.8999999999999,79.14,1226272.7,0,3.8184566,85.3,0.00830708661417323,"71.761999999999887",69.746,69.206,66.614,22.4,14.8,25.6
"BOOI4","2018-07-29 10:00",72.0499999999999,71.92,1872909,0,3.4762049,63.16,0.0140944881889764,"73.075999999999922",69.656,69.188,66.596,22.4,14.7,25.6
"BOOI4","2018-07-29 11:00",74.3539999999999,66.47,2473181.6,0,4.180841,80.4,0.0196850393700787,"75.127999999999901",69.5659999999999,69.1699999999999,66.596,22.3,14.7,25.6
"BOOI4","2018-07-29 12:00",74.7679999999999,66.53,2926636.5,0,4.5991488,72.9,0.0241338582677165,"77.521999999999977",69.4939999999999,69.1519999999999,66.5779999999999,22.2,14.5,25.6
"BOOI4","2018-07-29 13:00",76.406,56.94,2920273,0,4.793762,65.76,0.0250393700787402,"80.131999999999948",69.4579999999999,69.1519999999999,66.5779999999999,22.2,14.5,25.5
"BOOI4","2018-07-29 14:00",77.5759999999999,54.1,3156182,0,4.4425626,90.9,0.0274409448818898,"82.9939999999999",69.422,69.1159999999999,66.5599999999999,22.1,14.4,25.5
"BOOI4","2018-07-29 15:00",78.8539999999999,54.44,2545363.8,0,3.9034603,75.23,0.0232283464566929,"85.531999999999954",69.44,69.098,66.5419999999999,22,14.3,25.5
"BOOI4","2018-07-29 16:00",77.3419999999999,56.07,2163182,0,6.5900254,45.8,0.0214173228346457,"86.845999999999989",69.4759999999999,69.08,66.5419999999999,22,14.2,25.5
"BOOI4","2018-07-29 17:00",77.738,62.77,2237636.5,0,6.9971485,45.99,0.0221259842519685,"87.655999999999963",69.5659999999999,69.0439999999999,66.5239999999999,22,14.1,25.4
"BOOI4","2018-07-29 18:00",77.3779999999999,59.41,1618363.5,0,6.317118,40.85,0.0168110236220472,"88.08799999999998",69.6739999999999,69.0259999999999,66.5239999999999,22,14,25.4
"BOOI4","2018-07-29 19:00",75.8119999999999,64.19,981636.4,0,6.044212,57.29,0.0115748031496063,"87.763999999999967",69.7999999999999,69.0079999999999,66.5239999999999,22,14,25.4
"BOOI4","2018-07-29 20:00",73.3279999999999,72.84,453327.27,0,3.7916133,64.69,0.00503937007874016,"86.539999999999949",69.9439999999999,68.99,66.506,22,14,25.4
"BOOI4","2018-07-29 21:00",69.4939999999999,81.3,58778.183,0,1.5009867,107.1,-0.000433070866141732,"84.649999999999935",70.124,68.9539999999999,66.488,21.9,14,25.3
"BOOI4","2018-07-29 22:00",67.3159999999999,85.5,0,0,0.447388,182.3,-0.00114173228346457,"82.75999999999992",70.2859999999999,68.9539999999999,66.488,22,14,25.3
"BOOI4","2018-07-29 23:00",65.624,89,0,0,0.22816788,315.4,-0.0012992125984252,"81.04999999999994",70.3939999999999,68.9359999999999,66.4699999999999,22,14,25.3
"BOOI4","2018-07-30 00:00",64.9579999999999,89.4,0,0,0,0,-0.00141732283464567,"79.537999999999982",70.5019999999999,68.9359999999999,66.4519999999999,22,14,25.3
"BOOI4","2018-07-30 01:00",64.5439999999999,89.1,0,0,1.1341287,354.3,-0.000905511811023622,"78.241999999999933",70.556,68.9359999999999,66.4519999999999,22,14.1,25.3
"BOOI4","2018-07-30 02:00",63.23,90.7,0,0,2.7894642,340.6,-0.00047244094488189,"77.107999999999933",70.5739999999999,68.9539999999999,66.4339999999999,22,14.1,25.3
"BOOI4","2018-07-30 03:00",61.682,92.5,0,0,2.5523486,355.8,-0.000511811023622047,"76.099999999999937",70.556,68.9539999999999,66.4339999999999,22,14.1,25.3
"BOOI4","2018-07-30 04:00",61.5019999999999,91.4,0,0,1.194526,354.4,-0.000905511811023622,"75.163999999999973",70.5199999999999,68.9539999999999,66.4159999999999,22,14,25.3
"BOOI4","2018-07-30 05:00",60.8179999999999,92.4,0,0,1.2236061,344.2,-0.000905511811023622,"74.317999999999913",70.4659999999999,68.972,66.4159999999999,22,14.1,25.3
"BOOI4","2018-07-30 06:00",59.3239999999999,94.3,579.0909,0,1.3690072,334.7,-0.000905511811023622,"73.525999999999925",70.3939999999999,68.972,66.398,21.9,14.1,25.2
"BOOI4","2018-07-30 07:00",61.2679999999999,88.7,168737.27,0,2.3465502,352.9,-0.000511811023622047,"72.805999999999969",70.3039999999999,68.99,66.38,21.9,14.1,25.2
"BOOI4","2018-07-30 08:00",63.6439999999999,88.5,505636.38,0,2.6149828,0.861,0.00251968503937008,"72.445999999999984",70.196,68.99,66.38,22,14.1,25.2
"BOOI4","2018-07-30 09:00",68.0539999999999,83.6,1144272.8,0,4.247949,13.82,0.00763779527559055,"72.715999999999937",70.106,69.0079999999999,66.3619999999999,21.9,14.1,25.2
"BOOI4","2018-07-30 10:00",72.698,72.76,1951727.2,0,4.274792,32.46,0.0148031496062992,"73.849999999999937",69.998,69.0079999999999,66.3619999999999,21.9,14.1,25.1
"BOOI4","2018-07-30 11:00",74.6779999999999,63.18,2254000,0,4.8138947,41.92,0.0189370078740158,"75.865999999999943",69.89,68.99,66.3439999999999,21.8,14.1,25.1
"BOOI4","2018-07-30 12:00",75.7579999999999,62.42,2537181.6,0,5.585639,36.53,0.0220472440944882,"77.971999999999966",69.782,69.0079999999999,66.3439999999999,21.8,13.9,25.1
"BOOI4","2018-07-30 13:00",76.9999999999999,55.97,3116363.5,0,5.880915,17.79,0.0270866141732284,"80.45599999999996",69.7099999999999,68.99,66.3439999999999,21.7,13.8,25.1
"BOOI4","2018-07-30 14:00",77.8279999999999,54.58,3044454.6,0,6.254484,33.45,0.027755905511811,"83.317999999999913",69.6739999999999,68.972,66.3259999999999,21.6,13.7,25.1
"BOOI4","2018-07-30 15:00",78.2779999999999,56.53,2217272.7,0,6.0688186,26.51,0.022244094488189,"85.099999999999937",69.656,68.9539999999999,66.3259999999999,21.6,13.6,25.1
"BOOI4","2018-07-30 16:00",76.8019999999999,66.36,2557636.5,0,6.7309527,28.01,0.0248031496062992,"86.323999999999941",69.6739999999999,68.9359999999999,66.3079999999999,21.5,13.5,25.1
"BOOI4","2018-07-30 17:00",77.4679999999999,61.37,1567909.2,0,5.0286407,9.15,0.0157086614173228,"86.971999999999966",69.7279999999999,68.9179999999999,66.3079999999999,21.5,13.5,25.1
"BOOI4","2018-07-30 18:00",78.53,58.25,1630909,0,6.466994,32.17,0.0173228346456693,"86.701999999999913",69.8179999999999,68.8999999999999,66.2899999999999,21.5,13.3,25.1
"BOOI4","2018-07-30 19:00",77.1439999999999,62.04,1051363.6,0,6.755559,42.74,0.0128346456692913,"86.521999999999977",69.9079999999999,68.8819999999999,66.2899999999999,21.5,13.3,25
"BOOI4","2018-07-30 20:00",74.1739999999999,67.94,491700.04,0,4.7915254,30.01,0.00590551181102362,"85.603999999999886",70.0339999999999,68.864,66.272,21.5,13.3,25
"BOOI4","2018-07-30 21:00",69.9619999999999,73.97,51040,0,2.5993242,6.37,0.000669291338582677,"83.893999999999906",70.1599999999999,68.846,66.272,21.5,13.3,25
"BOOI4","2018-07-30 22:00",66.4159999999999,83.7,0,0,2.4539232,346.9,-0.000275590551181102,"82.147999999999954",70.2859999999999,68.846,66.2539999999999,21.5,13.3,25
"BOOI4","2018-07-30 23:00",65.606,85.5,0,0,2.8946004,339.5,-0.00031496062992126,"80.599999999999937",70.3939999999999,68.846,66.2539999999999,21.6,13.3,24.9
"BOOI4","2018-07-31 00:00",64.2739999999999,87.9,0,0,3.2950127,346.6,-0.000275590551181102,"79.231999999999957",70.4659999999999,68.8279999999999,66.2359999999999,21.6,13.3,24.9
"BOOI4","2018-07-31 01:00",62.9599999999999,91.2,0,0,2.8274922,346.5,-0.000511811023622047,"78.043999999999912",70.5199999999999,68.846,66.2359999999999,21.6,13.3,24.9
"BOOI4","2018-07-31 02:00",62.8519999999999,89,0,0,2.715645,343.4,-0.000590551181102362,"76.981999999999957",70.538,68.846,66.2359999999999,21.6,13.3,24.9
"BOOI4","2018-07-31 03:00",61.88,88,0,0,2.7469623,341.3,-0.000511811023622047,"76.00999999999992",70.5199999999999,68.846,66.2179999999999,21.6,13.3,24.9
"BOOI4","2018-07-31 04:00",61.1779999999999,89.7,0,0,2.8364398,333.2,-0.000511811023622047,"75.145999999999987",70.5019999999999,68.846,66.2179999999999,21.5,13.4,24.9
"BOOI4","2018-07-31 05:00",60.8179999999999,89.4,0,0,3.1518486,327.4,-0.000511811023622047,"74.335999999999899",70.448,68.864,66.1999999999999,21.5,13.4,24.8
"BOOI4","2018-07-31 06:00",60.53,89.9,528.1818,0,2.1027236,330.2,-0.000748031496062992,"73.561999999999884",70.3939999999999,68.8819999999999,66.1999999999999,21.5,13.4,24.8
"BOOI4","2018-07-31 07:00",61.9339999999999,86.8,129146.36,0,2.7424884,345,-0.00062992125984252,"72.895999999999987",70.3039999999999,68.8819999999999,66.1999999999999,21.5,13.5,24.8
"BOOI4","2018-07-31 08:00",66.8839999999999,80.4,630272.7,0,2.8946004,346.5,0.00350393700787402,"72.553999999999888",70.214,68.8819999999999,66.1819999999999,21.5,13.6,24.8
"BOOI4","2018-07-31 09:00",70.898,79.2,1266545.5,0,4.247949,343.1,0.0091732283464567,"73.003999999999891",70.106,68.8819999999999,66.1819999999999,21.5,13.4,24.8
"BOOI4","2018-07-31 10:00",75.0019999999999,69.28,1902000,0,4.5365148,351.9,0.0151574803149606,"74.335999999999899",70.0159999999999,68.8819999999999,66.164,21.5,13.4,24.8
"BOOI4","2018-07-31 11:00",77.63,61.97,2468181.6,0,3.9124079,8.37,0.0207874015748032,"76.405999999999963",69.9079999999999,68.8999999999999,66.164,21.4,13.3,24.8
"BOOI4","2018-07-31 12:00",78.872,56.64,2835727.3,0,4.5946746,31.29,0.0249606299212599,"78.67399999999995",69.8179999999999,68.8819999999999,66.164,21.3,13.2,24.8
"BOOI4","2018-07-31 13:00",80.7439999999999,53.93,3004091,0,3.6887143,26.16,0.0266929133858268,"81.283999999999921",69.746,68.864,66.146,21.3,13.1,24.8
"BOOI4","2018-07-31 14:00",80.9419999999999,57.11,2683909.2,0,3.8766172,6.974,0.0250393700787402,"84.217999999999918",69.7099999999999,68.864,66.146,21.2,13,24.8
"BOOI4","2018-07-31 15:00",81.7519999999999,52.16,3159090.8,0,5.1829896,345.9,0.0296850393700787,"86.323999999999941",69.7099999999999,68.846,66.146,21.2,12.9,24.7
"BOOI4","2018-07-31 16:00",82.796,50.28,2809636.5,0,4.5208554,348.1,0.0268503937007874,"88.357999999999933",69.746,68.8279999999999,66.1279999999999,21.1,12.8,24.7
"BOOI4","2018-07-31 17:00",83.138,46.43,2212182,0,4.2032104,346.3,0.0219685039370079,"89.779999999999973",69.8179999999999,68.8099999999999,66.1279999999999,21.1,12.6,24.7
"BOOI4","2018-07-31 18:00",82.7599999999999,47.86,1629181.9,0,4.9190307,339.4,0.017992125984252,"89.92399999999995",69.9259999999999,68.7919999999999,66.1279999999999,21,12.6,24.7
"BOOI4","2018-07-31 19:00",81.896,48.99,1000090.9,0,4.608096,340.2,0.0124803149606299,"89.545999999999978",70.0699999999999,68.7739999999999,66.1099999999999,21.1,12.5,24.6
"BOOI4","2018-07-31 20:00",79.8619999999999,57.3,469236.4,0,2.0400894,345.4,0.0044488188976378,"88.285999999999902",70.2499999999999,68.7739999999999,66.1099999999999,21.1,12.4,24.6
"BOOI4","2018-07-31 21:00",74.138,68.22,53769.09,0,0.22593094,310.1,-0.00141732283464567,"86.323999999999941",70.43,68.756,66.1099999999999,21.1,12.4,24.6
"BOOI4","2018-07-31 22:00",69.8539999999999,82.5,0,0,0.26395893,281.5,-0.00137795275590551,"84.451999999999913",70.6099999999999,68.756,66.0919999999999,21.2,12.5,24.6
"BOOI4","2018-07-31 23:00",67.73,82.9,0,0,1.6575725,259.5,-0.00062992125984252,"82.75999999999992",70.772,68.756,66.0919999999999,21.2,12.5,24.6
"BOOI4","2018-08-01 00:00",64.256,90.1,0,0,2.5545855,255.3,-0.00047244094488189,"81.283999999999921",70.88,68.738,66.0919999999999,21.2,12.5,24.6
"BOOI4","2018-08-01 01:00",63.5359999999999,90.1,0,0,3.2502737,263.1,-0.000354330708661417,"80.005999999999958",70.9519999999999,68.756,66.0739999999999,21.2,12.6,24.5
"BOOI4","2018-08-01 02:00",64.7779999999999,88.7,0,0,4.4224305,272.7,-0.000118110236220472,"78.907999999999944",70.9699999999999,68.7739999999999,66.0739999999999,21.2,12.6,24.5
"BOOI4","2018-08-01 03:00",61.79,94.6,0,0,3.5902886,257.7,-0.000433070866141732,"77.899999999999935",70.988,68.7919999999999,66.056,21.2,12.6,24.6
"BOOI4","2018-08-01 04:00",60.9619999999999,97,0,0,3.9437253,254.5,-0.000551181102362205,"76.981999999999957",70.9699999999999,68.8099999999999,66.056,21.2,12.6,24.6
"BOOI4","2018-08-01 05:00",60.89,95.9,0,0,3.6573968,260.2,-0.000590551181102362,"76.117999999999924",70.9159999999999,68.8279999999999,66.056,21.2,12.7,24.6
"BOOI4","2018-08-01 06:00",59.8999999999999,95.9,374.54545,0,3.8967495,260.9,-0.000590551181102362,"75.307999999999936",70.8619999999999,68.846,66.056,21.2,12.7,24.6
"BOOI4","2018-08-01 07:00",60.6019999999999,95.9,136579.1,0,3.7938502,258.7,-0.000748031496062992,"74.533999999999921",70.7899999999999,68.864,66.038,21.2,12.7,24.6
"BOOI4","2018-08-01 08:00",65.3359999999999,91.7,596090.9,0,4.4649324,256.5,0.00271653543307087,"74.101999999999904",70.6999999999999,68.8819999999999,66.038,21.1,12.7,24.6
"BOOI4","2018-08-01 09:00",70.5019999999999,77.37,1176818.1,0,6.9166183,259.6,0.0084251968503937,"74.46199999999989",70.6099999999999,68.8819999999999,66.0199999999999,21.1,12.7,24.5
"BOOI4","2018-08-01 10:00",74.6419999999999,68.12,1721727.3,0,7.9389,244.9,0.0149606299212598,"75.595999999999989",70.5199999999999,68.8999999999999,66.0199999999999,21.1,12.7,24.5
"BOOI4","2018-08-01 11:00",77.4679999999999,63.29,2432909.2,0,9.388437,247.9,0.0219685039370079,"77.341999999999928",70.4119999999999,68.8999999999999,66.0199999999999,21,12.6,24.5
"BOOI4","2018-08-01 12:00",79.3759999999999,66.5,2510545.4,0,9.562919,245,0.0242125984251969,"79.303999999999888",70.34,68.8999999999999,66.0199999999999,21,12.5,24.5
"BOOI4","2018-08-01 13:00",80.5279999999999,58.19,2884454.3,0,8.7419615,238.7,0.0281889763779528,"81.823999999999941",70.2679999999999,68.9179999999999,66.0199999999999,20.9,12.4,24.4
"BOOI4","2018-08-01 14:00",78.5659999999999,67.16,1256545.4,0,6.6526594,221.7,0.0159448818897638,"83.551999999999907",70.232,68.8999999999999,66.0019999999999,20.9,12.3,24.4
"BOOI4","2018-08-01 15:00",82.2199999999999,53.45,2577181.6,0,7.7644186,220.4,0.0262992125984252,"84.127999999999901",70.232,68.8999999999999,66.0019999999999,20.8,12.2,24.4
"BOOI4","2018-08-01 16:00",83.4079999999999,54.49,2706818,0,10.25637,228.2,0.0300393700787402,"85.621999999999971",70.2499999999999,68.8819999999999,66.0019999999999,20.8,12,24.4
"BOOI4","2018-08-01 17:00",83.5699999999999,54.71,2246636.5,0,10.20492,226.7,0.0265748031496063,"87.169999999999888",70.3039999999999,68.8819999999999,65.9839999999999,20.8,12,24.3
"BOOI4","2018-08-01 18:00",84.0199999999999,53.59,1658363.6,0,9.739637,233.6,0.0216535433070866,"87.619999999999891",70.3759999999999,68.864,65.9839999999999,20.8,11.8,24.3
"BOOI4","2018-08-01 19:00",82.5439999999999,59.88,971454.5,0,10.180314,242.2,0.0162204724409449,"87.475999999999928",70.4839999999999,68.864,65.9839999999999,20.8,11.7,24.3
"BOOI4","2018-08-01 20:00",75.5419999999999,82.9,195353.64,0.13,7.140312,233.1,0.00716535433070866,"86.539999999999949",70.6099999999999,68.846,65.9839999999999,20.8,11.8,24.3
"BOOI4","2018-08-01 21:00",69.638,86.7,56437.27,1.05,10.325715,199.3,0.000708661417322835,"83.227999999999895",70.9339999999999,68.846,65.9839999999999,31.3,12.5,24.7
"BOOI4","2018-08-01 22:00",70.5199999999999,92.9,0,0,5.6214304,305.1,-3.93700787401575e-05,"80.45599999999996",70.9699999999999,68.846,65.9659999999999,31.5,13.8,25.2
"BOOI4","2018-08-01 23:00",69.872,91.8,0,0,5.9569716,343.7,0,"78.96199999999989",70.988,68.864,65.9659999999999,31.5,14.4,25.4
"BOOI4","2018-08-02 00:00",68.2159999999999,92.3,0,0,4.6886263,349.6,-0.000236220472440945,"77.791999999999931",70.988,68.8819999999999,65.9659999999999,31.5,14.8,25.3
"BOOI4","2018-08-02 01:00",64.7419999999999,93.6,0,0,4.9749546,346.7,-0.000275590551181102,"76.675999999999917",70.9519999999999,68.8819999999999,65.9659999999999,31.6,15,25.3
"BOOI4","2018-08-02 02:00",62.456,96,0,0,4.7288914,343.2,-0.000393700787401575,"75.379999999999981",70.88,68.8999999999999,65.9659999999999,31.6,15.2,25.3
"BOOI4","2018-08-02 03:00",60.5119999999999,97.6,0,0,3.2211938,345.7,-0.000669291338582677,"74.137999999999977",70.8259999999999,68.8999999999999,65.9659999999999,31.7,15.3,25.2
"BOOI4","2018-08-02 04:00",59.0179999999999,98.7,0,0,2.2145705,342.1,-0.000826771653543307,"72.967999999999918",70.7359999999999,68.9179999999999,65.9659999999999,31.7,15.4,25.2
"BOOI4","2018-08-02 05:00",58.298,99.1,0,0,3.125005,339.7,-0.000748031496062992,"71.905999999999963",70.646,68.9359999999999,65.9659999999999,31.7,15.5,25.2
"BOOI4","2018-08-02 06:00",57.3619999999999,99.7,548.18183,0,3.1138203,336.8,-0.000748031496062992,"70.933999999999926",70.538,68.9359999999999,65.9659999999999,31.7,15.5,25.1
"BOOI4","2018-08-02 07:00",57.9199999999999,98.7,172170.91,0,3.570156,341.6,-0.000748031496062992,"70.033999999999921",70.4119999999999,68.9539999999999,65.9659999999999,31.7,15.6,25.1
"BOOI4","2018-08-02 08:00",61.322,93,712727.3,0,3.7625332,351.4,0.00303149606299213,"69.439999999999955",70.2859999999999,68.9539999999999,65.9659999999999,31.7,15.6,25.1
"BOOI4","2018-08-02 09:00",64.3279999999999,86.9,1314545.5,0,4.9816656,8.24,0.0078740157480315,"69.709999999999908",70.1419999999999,68.9539999999999,65.9659999999999,31.7,15.7,25.1
"BOOI4","2018-08-02 10:00",66.5599999999999,79.59,1925636.4,0,5.426817,5.016,0.0129527559055118,"70.807999999999936",69.998,68.9359999999999,65.9659999999999,31.6,15.7,25.1
"BOOI4","2018-08-02 11:00",69.1339999999999,69.74,2152818,0,3.4359398,357.4,0.015748031496063,"72.427999999999898",69.8539999999999,68.9359999999999,65.948,31.6,15.7,25.1
"BOOI4","2018-08-02 12:00",70.3039999999999,68.74,2737818,0,2.4718187,356.7,0.0207086614173228,"74.317999999999913",69.7099999999999,68.9179999999999,65.9659999999999,31.5,15.6,25
"BOOI4","2018-08-02 13:00",72.4279999999999,62.02,3049636.5,0,2.196675,350.2,0.0237007874015748,"76.747999999999962",69.5839999999999,68.8999999999999,65.948,31.5,15.6,25
"BOOI4","2018-08-02 14:00",74.03,64.19,2957909.2,0,2.2033858,72.72,0.023503937007874,"78.745999999999981",69.4579999999999,68.8819999999999,65.9659999999999,31.4,15.6,25
"BOOI4","2018-08-02 15:00",75.6859999999999,60.58,2990272.7,0,1.7090222,199.6,0.0240157480314961,"81.04999999999994",69.3859999999999,68.864,65.948,31.3,15.5,25
"BOOI4","2018-08-02 16:00",75.8839999999999,61.44,2713000,0,2.3756304,103.6,0.0223622047244094,"82.777999999999892",69.3499999999999,68.846,65.948,31.2,15.4,24.9
"BOOI4","2018-08-02 17:00",77.072,63,1890818.1,0,1.9461378,113.1,0.0159448818897638,"83.695999999999984",69.332,68.8099999999999,65.948,31.1,15.4,24.9
"BOOI4","2018-08-02 18:00",76.8019999999999,66.12,1485727.3,0,3.1876395,133.2,0.0133070866141732,"83.335999999999899",69.3679999999999,68.7919999999999,65.948,31.1,15.4,24.9
"BOOI4","2018-08-02 19:00",74.624,70.58,764727.3,0,4.019781,120.6,0.00826771653543307,"82.489999999999952",69.44,68.756,65.948,31.1,15.4,24.9
"BOOI4","2018-08-02 20:00",73.5619999999999,77.6,458372.7,0,3.3598838,85.8,0.00413385826771654,"81.031999999999954",69.548,68.7199999999999,65.948,31.1,15.4,24.8
"BOOI4","2018-08-02 21:00",68.63,87.2,55416.363,0,2.500899,87.2,-0.000590551181102362,"79.393999999999906",69.638,68.7019999999999,65.948,31.1,15.4,24.8
"BOOI4","2018-08-02 22:00",67.2619999999999,86.3,0,0,1.0737312,80.7,-0.000551181102362205,"77.809999999999917",69.746,68.6839999999999,65.948,31.2,15.4,24.8
"BOOI4","2018-08-02 23:00",67.1539999999999,82.4,0,0,3.462783,102.6,0.000236220472440945,"76.42399999999995",69.8179999999999,68.648,65.948,31.2,15.4,24.8
"BOOI4","2018-08-03 00:00",65.282,88.6,0,0,3.952673,114.4,0.000196850393700787,"75.145999999999987",69.89,68.648,65.93,31.2,15.4,24.8
"BOOI4","2018-08-03 01:00",63.7159999999999,91.5,0,0,3.6350274,105.3,-0.000118110236220472,"74.011999999999887",69.9259999999999,68.63,65.93,31.2,15.4,24.8
"BOOI4","2018-08-03 02:00",63.0679999999999,91.8,0,0,4.290451,124.2,-0.000118110236220472,"73.057999999999936",69.9439999999999,68.63,65.93,31.2,15.4,24.8
"BOOI4","2018-08-03 03:00",62.546,93.8,0,0,4.212158,112.7,-0.00015748031496063,"72.193999999999903",69.9439999999999,68.6119999999999,65.93,31.2,15.4,24.8
"BOOI4","2018-08-03 04:00",62.006,95,0,0,4.2546597,132.3,-0.00015748031496063,"71.419999999999888",69.9079999999999,68.6119999999999,65.93,31.2,15.4,24.8
"BOOI4","2018-08-03 05:00",61.5019999999999,95.6,0,0,3.1921134,145.3,-0.000354330708661417,"70.699999999999932",69.8539999999999,68.6119999999999,65.93,31.2,15.4,24.8
"BOOI4","2018-08-03 06:00",60.9259999999999,97,210.00001,0,2.753673,140.7,-0.000433070866141732,"70.069999999999894",69.7999999999999,68.6119999999999,65.9119999999999,31.2,15.5,24.8
"BOOI4","2018-08-03 07:00",61.556,96.1,98435.455,0,4.1584716,156.2,-0.000984251968503937,"69.4939999999999",69.7279999999999,68.6119999999999,65.9119999999999,31.2,15.5,24.8
"BOOI4","2018-08-03 08:00",65.6779999999999,91.7,541363.65,0,3.6372645,143,0.00228346456692913,"69.241999999999933",69.638,68.6119999999999,65.9119999999999,31.3,15.5,24.7
"BOOI4","2018-08-03 09:00",70.5739999999999,85.4,1165091,0,4.3061094,166,0.0075984251968504,"69.835999999999899",69.548,68.6119999999999,65.9119999999999,31.2,15.5,24.7
"BOOI4","2018-08-03 10:00",77.306,72.89,1813000,0,3.7849026,202.5,0.0143307086614173,"71.437999999999974",69.4579999999999,68.5939999999999,65.9119999999999,31.2,15.4,24.7
"BOOI4","2018-08-03 11:00",80.2759999999999,66.89,2389000,0,6.453572,229.7,0.021259842519685,"73.669999999999888",69.3679999999999,68.5939999999999,65.8939999999999,31.1,15.4,24.7
"BOOI4","2018-08-03 12:00",83.6419999999999,66.38,2822454.6,0,6.715294,235.2,0.0258267716535433,"75.901999999999916",69.2779999999999,68.5759999999999,65.8939999999999,31,15.4,24.7
"BOOI4","2018-08-03 13:00",85.532,59,3035727.3,0,6.518443,224.2,0.0287795275590551,"78.475999999999928",69.2239999999999,68.5579999999999,65.8939999999999,30.9,15.3,24.6
"BOOI4","2018-08-03 14:00",86.63,61.36,2875818,0,6.229878,209.4,0.0281496062992126,"80.977999999999895",69.206,68.5399999999999,65.8939999999999,30.8,15.2,24.6
"BOOI4","2018-08-03 15:00",87.7999999999999,60.91,3053363.8,0,7.2074203,195,0.0303937007874016,"83.623999999999953",69.2419999999999,68.522,65.8939999999999,30.7,15.1,24.6
"BOOI4","2018-08-03 16:00",88.5019999999999,61.81,2764636.5,0,7.569805,196.1,0.0289370078740157,"86.161999999999892",69.296,68.5039999999999,65.8939999999999,30.7,15.1,24.6
"BOOI4","2018-08-03 17:00",88.7539999999999,56.1,2162090.8,0,6.390938,198.3,0.0235826771653543,"87.853999999999886",69.3859999999999,68.4859999999999,65.8759999999999,30.5,15,24.5
"BOOI4","2018-08-03 18:00",88.3039999999999,60.46,1678454.6,0,5.6706433,195.9,0.0188976377952756,"88.051999999999907",69.53,68.4679999999999,65.8759999999999,30.4,14.9,24.5
"BOOI4","2018-08-03 19:00",85.4779999999999,71.11,850454.6,0,2.937102,195,0.00913385826771654,"87.601999999999904",69.6919999999999,68.4499999999999,65.8579999999999,30.4,14.8,24.5
"BOOI4","2018-08-03 20:00",83.2279999999999,72.22,418699.98,0,1.641914,166.8,0.00346456692913386,"86.431999999999945",69.89,68.4499999999999,65.8759999999999,30.4,14.8,24.5
"BOOI4","2018-08-03 21:00",78.6019999999999,80.7,40021.816,0,1.601649,154.4,0,"84.577999999999903",70.0699999999999,68.4319999999999,65.8579999999999,30.5,14.8,24.5
"BOOI4","2018-08-03 22:00",73.9939999999999,80.5,0,0,2.8655202,156.3,0.000236220472440945,"82.777999999999892",70.2499999999999,68.414,65.8579999999999,30.5,14.8,24.5
"BOOI4","2018-08-03 23:00",71.7619999999999,79.7,0,0,3.431466,172.1,0.00031496062992126,"81.121999999999971",70.4119999999999,68.414,65.8579999999999,30.5,14.8,24.5
"BOOI4","2018-08-04 00:00",69.1519999999999,85.9,0,0,3.357647,183.1,3.93700787401575e-05,"79.591999999999928",70.556,68.4319999999999,65.84,30.6,14.9,24.5
"BOOI4","2018-08-04 01:00",69.4579999999999,80.9,0,0,4.5991488,194.7,0.000433070866141732,"78.25999999999992",70.646,68.4319999999999,65.84,30.6,14.9,24.5
"BOOI4","2018-08-04 02:00",69.746,78.02,0,0,4.8228426,200.6,0.000590551181102362,"77.053999999999888",70.7179999999999,68.4499999999999,65.84,30.6,14.9,24.5
"BOOI4","2018-08-04 03:00",67.73,84.8,0,0,4.212158,199.6,0.00047244094488189,"76.00999999999992",70.7539999999999,68.4679999999999,65.84,30.6,14.9,24.5
"BOOI4","2018-08-04 04:00",69.1699999999999,78.39,0,0,4.14505,202.5,0.000275590551181102,"75.127999999999901",70.7539999999999,68.4859999999999,65.84,30.6,14.9,24.5
"BOOI4","2018-08-04 05:00",69.188,78.45,0,0,5.0912757,216.5,0.000826771653543307,"74.407999999999944",70.7539999999999,68.522,65.822,30.6,14.9,24.5
"BOOI4","2018-08-04 06:00",66.3619999999999,88.4,30.90909,0,3.9056973,198.7,0.000118110236220472,"73.777999999999892",70.6999999999999,68.5399999999999,65.822,30.6,14.9,24.4
"BOOI4","2018-08-04 07:00",67.5499999999999,84.8,85252.72,0,3.7871394,202.3,-0.000354330708661417,"73.183999999999926",70.664,68.5579999999999,65.822,30.6,15,24.4
"BOOI4","2018-08-04 08:00",70.196,81.5,273099.98,0,4.299399,217.2,0.00307086614173228,"72.877999999999901",70.6099999999999,68.5759999999999,65.8039999999999,30.6,15,24.4
"BOOI4","2018-08-04 09:00",69.08,86.8,268327.27,0,3.4493616,199,0.00330708661417323,"72.895999999999987",70.5199999999999,68.5939999999999,65.8039999999999,30.6,15,24.4
"BOOI4","2018-08-04 10:00",71.5279999999999,80.9,582363.65,0,6.1605325,174.2,0.00610236220472441,"73.039999999999949",70.448,68.6119999999999,65.8039999999999,30.6,15,24.4
"BOOI4","2018-08-04 11:00",74.048,80.5,1088818.1,0,7.793499,178.9,0.0109842519685039,"73.831999999999951",70.3579999999999,68.6119999999999,65.8039999999999,30.5,14.9,24.4
"BOOI4","2018-08-04 12:00",74.624,81.1,908818.2,0,6.3215923,193.9,0.00929133858267717,"74.677999999999898",70.2859999999999,68.63,65.7859999999999,30.5,14.9,24.4
"BOOI4","2018-08-04 13:00",73.9939999999999,80.1,417181.82,0.010000001,5.7668314,208.4,0.00559055118110236,"75.109999999999914",70.214,68.63,65.7859999999999,30.5,14.9,24.3
"BOOI4","2018-08-04 14:00",75.038,85.3,560363.65,0.010000001,3.5522609,201.1,0.00566929133858268,"75.091999999999928",70.1599999999999,68.648,65.7859999999999,30.5,14.9,24.3
"BOOI4","2018-08-04 15:00",80.4739999999999,73.33,1186090.8,0,5.3172064,185.2,0.0117322834645669,"75.505999999999958",70.124,68.63,65.7859999999999,30.5,14.9,24.3
"BOOI4","2018-08-04 16:00",80.78,72.7,1038363.6,0,5.3843145,215,0.0118110236220472,"76.405999999999963",70.088,68.648,65.7859999999999,30.5,14.9,24.3
"BOOI4","2018-08-04 17:00",82.7599999999999,69.61,1561818.2,0,4.959296,214.7,0.0154724409448819,"77.503999999999891",70.0699999999999,68.648,65.7679999999999,30.4,14.8,24.3
"BOOI4","2018-08-04 18:00",84.6859999999999,67.86,1359090.8,0,4.5700684,221,0.0139370078740157,"78.727999999999895",70.0699999999999,68.63,65.7679999999999,30.3,14.8,24.3
"BOOI4","2018-08-04 19:00",83.6419999999999,72.33,917272.77,0,3.2435632,200.3,0.00909448818897638,"79.591999999999928",70.0699999999999,68.63,65.7679999999999,30.3,14.8,24.3
"BOOI4","2018-08-04 20:00",80.8699999999999,62.59,281209.08,0,6.267906,208.2,0.00732283464566929,"79.465999999999937",70.106,68.6119999999999,65.7679999999999,30.4,14.7,24.2
"BOOI4","2018-08-04 21:00",73.8859999999999,81.4,62167.274,0,3.0623708,203.2,0.00062992125984252,"78.4939999999999",70.1599999999999,68.6119999999999,65.7679999999999,30.3,14.7,24.2
"BOOI4","2018-08-04 22:00",71.1859999999999,86.1,0,0,2.2078598,196.8,-0.00031496062992126,"77.395999999999987",70.214,68.6119999999999,65.7679999999999,30.3,14.7,24.2
"BOOI4","2018-08-04 23:00",70.0699999999999,85.7,0,0,2.2973373,184.6,-0.000393700787401575,"76.387999999999977",70.2859999999999,68.5939999999999,65.7499999999999,30.3,14.8,24.2
"BOOI4","2018-08-05 00:00",69.872,85,0,0,3.0847402,180.2,-0.000118110236220472,"75.487999999999985",70.322,68.5939999999999,65.7499999999999,30.3,14.8,24.2
"BOOI4","2018-08-05 01:00",69.332,86.6,0,0,3.1205313,183.8,-0.00015748031496063,"74.677999999999898",70.3579999999999,68.5939999999999,65.7499999999999,30.3,14.8,24.2
"BOOI4","2018-08-05 02:00",69.8539999999999,84.2,0,0,3.802798,197,3.93700787401575e-05,"73.9939999999999",70.3759999999999,68.5939999999999,65.7499999999999,30.4,14.8,24.2
"BOOI4","2018-08-05 03:00",69.206,86,0,0,3.6216059,200.7,-7.8740157480315e-05,"73.399999999999935",70.3579999999999,68.5939999999999,65.7499999999999,30.4,14.8,24.2
"BOOI4","2018-08-05 04:00",68.3779999999999,89,0,0,2.8230183,202.4,-0.000354330708661417,"72.877999999999901",70.34,68.6119999999999,65.7499999999999,30.4,14.8,24.2
"BOOI4","2018-08-05 05:00",69.1159999999999,86,0,0,1.9416639,207.4,-0.000551181102362205,"72.409999999999911",70.3039999999999,68.5939999999999,65.7499999999999,30.4,14.8,24.2
"BOOI4","2018-08-05 06:00",66.038,92.6,0,0.1,8.388525,284,0.000748031496062992,"72.139999999999958",70.2679999999999,68.5939999999999,65.7499999999999,30.3,14.8,24.2
"BOOI4","2018-08-05 07:00",66.2359999999999,91.2,14948.181,0.05,8.196148,79.81,0.00125984251968504,"71.689999999999955",70.232,68.6119999999999,65.7499999999999,30.3,14.8,24.3
"BOOI4","2018-08-05 08:00",67.0279999999999,89.1,276945.47,0,9.804508,186.3,0.00251968503937008,"71.185999999999908",70.1599999999999,68.5939999999999,65.732,30.3,14.8,24.2
"BOOI4","2018-08-05 09:00",70.7179999999999,86.1,705272.7,0,9.645685,177.4,0.00614173228346457,"71.149999999999935",70.106,68.5939999999999,65.732,30.3,14.8,24.2
"BOOI4","2018-08-05 10:00",73.832,82.3,1063363.6,0,9.301196,185.8,0.00948818897637795,"71.797999999999959",70.0339999999999,68.5939999999999,65.732,30.3,14.8,24.2
"BOOI4","2018-08-05 11:00",73.472,83.6,554554.57,0,6.422255,66.98,0.00618110236220473,"72.355999999999966",69.9619999999999,68.5939999999999,65.714,30.4,14.8,24.2
"BOOI4","2018-08-05 12:00",74.0839999999999,82.4,527000,0,6.8293777,135.2,0.00661417322834646,"72.787999999999982",69.89,68.5939999999999,65.732,30.3,14.8,24.2
"BOOI4","2018-08-05 13:00",78.3499999999999,77.19,1400545.4,0,7.6905994,156.2,0.0130314960629921,"73.237999999999985",69.8179999999999,68.5939999999999,65.714,30.3,14.7,24.2
"BOOI4","2018-08-05 14:00",82.1119999999999,73.9,1775181.9,0,7.198473,174.1,0.017244094488189,"74.983999999999924",69.764,68.5759999999999,65.732,30.2,14.7,24.2
"BOOI4","2018-08-05 15:00",84.506,71.03,1582818.2,0,5.1360145,204.4,0.0161811023622047,"76.459999999999908",69.7279999999999,68.5579999999999,65.714,30.2,14.7,24.1
"BOOI4","2018-08-05 16:00",80.1859999999999,79.1,1174636.4,0,6.690687,299.5,0.0130314960629921,"77.611999999999895",69.7099999999999,68.5579999999999,65.714,30.2,14.7,24.1
"BOOI4","2018-08-05 17:00",78.2599999999999,76.87,2007727.2,0,8.679327,351.8,0.0179133858267717,"78.043999999999912",69.7099999999999,68.5399999999999,65.714,30.1,14.6,24.1
"BOOI4","2018-08-05 18:00",76.3519999999999,83,678090.94,0,6.853984,14.55,0.00811023622047244,"78.115999999999943",69.764,68.522,65.714,30,14.5,24.1
"BOOI4","2018-08-05 19:00",75.6499999999999,88.9,526545.4,0,4.565594,46.7,0.00519685039370079,"77.521999999999977",69.8179999999999,68.522,65.696,30,14.5,24.1
"BOOI4","2018-08-05 20:00",74.39,89.4,114845.46,0,6.095661,60.72,0.00248031496062992,"76.981999999999957",69.89,68.5039999999999,65.714,30,14.5,24
"BOOI4","2018-08-05 21:00",73.3279999999999,91.6,9904.545,0,5.48274,53.28,0.00141732283464567,"76.225999999999928",69.9619999999999,68.4859999999999,65.696,30,14.5,24
"BOOI4","2018-08-05 22:00",72.248,90.9,0,0,6.5497603,57.82,0.000393700787401575,"75.505999999999958",70.0339999999999,68.4679999999999,65.696,30.1,14.5,24
"BOOI4","2018-08-05 23:00",71.9779999999999,85.2,0,0,7.2678185,54.85,0.00078740157480315,"74.821999999999974",70.088,68.4679999999999,65.696,30.1,14.5,24
"BOOI4","2018-08-06 00:00",71.1679999999999,85.9,0,0,7.563094,46.21,0.00094488188976378,"74.155999999999963",70.1419999999999,68.4679999999999,65.696,30.1,14.5,24
"BOOI4","2018-08-06 01:00",67.5859999999999,90.6,0,0,11.139961,39.43,0.000905511811023622,"73.507999999999939",70.1599999999999,68.4679999999999,65.696,30.1,14.5,24
"BOOI4","2018-08-06 02:00",67.946,91.2,0,0.060000002,9.643448,93.5,0.000669291338582677,"72.823999999999941",70.1779999999999,68.4499999999999,65.696,30.1,14.6,24
"BOOI4","2018-08-06 03:00",67.964,93.6,0,0.010000001,9.021579,123.4,0.00047244094488189,"72.229999999999976",70.196,68.4499999999999,65.696,30.1,14.6,24
"BOOI4","2018-08-06 04:00",66.146,99.3,0,0.31,8.460107,30.5,0,"71.689999999999955",70.1779999999999,68.4679999999999,65.696,30.8,14.6,24
"BOOI4","2018-08-06 05:00",66.5599999999999,100,0,0.67992127,7.677178,43.29,-0.000196850393700787,"70.933999999999926",70.1599999999999,68.4679999999999,65.7859999999999,37.7,16.6,28.2
"BOOI4","2018-08-06 06:00",67.1539999999999,100,0,0.14999999,7.3170304,87.3,-0.000196850393700787,"70.465999999999937",70.0339999999999,68.4859999999999,65.822,37.8,17.7,28.1
"BOOI4","2018-08-06 07:00",67.406,100,12491.818,0.020000001,4.1562347,81.5,0.000118110236220472,"70.267999999999915",69.9439999999999,68.4859999999999,65.84,36.9,18.1,28
"BOOI4","2018-08-06 08:00",67.8919999999999,100,128072.72,0,0.00671082,86.9,0.00106299212598425,"70.231999999999957",69.8539999999999,68.4859999999999,65.84,36.2,18.3,27.8
"BOOI4","2018-08-06 09:00",67.9999999999999,99.6,249481.81,0,0.3959384,125,0.00204724409448819,"70.465999999999937",69.764,68.4859999999999,65.822,35.9,18.4,27.6
"BOOI4","2018-08-06 10:00",69.422,97.4,570000,0,0,0,0.00452755905511811,"70.825999999999922",69.6739999999999,68.4859999999999,65.822,35.7,18.5,27.5
"BOOI4","2018-08-06 11:00",72.0679999999999,90.8,1050909,0,0.8455633,33.37,0.00822834645669291,"71.689999999999955",69.6199999999999,68.4859999999999,65.822,35.5,18.6,27.4
"BOOI4","2018-08-06 12:00",74.4259999999999,86.8,1535091,0,1.8320539,29.54,0.0122834645669291,"73.147999999999954",69.548,68.4859999999999,65.8039999999999,35.4,18.6,27.3
"BOOI4","2018-08-06 13:00",76.406,82.1,2627909.2,0,3.3889642,7.206,0.0207874015748032,"75.145999999999987",69.4939999999999,68.4859999999999,65.8039999999999,35.3,18.6,27.3
"BOOI4","2018-08-06 14:00",78.9079999999999,74.75,2389454.3,0,2.908022,17.29,0.02,"77.197999999999965",69.4759999999999,68.4679999999999,65.8039999999999,35.2,18.6,27.3
"BOOI4","2018-08-06 15:00",80.3119999999999,73.41,2330636.5,0,3.1093466,4.16,0.0201181102362205,"79.231999999999957",69.4579999999999,68.4679999999999,65.8039999999999,35.1,18.6,27.2
"BOOI4","2018-08-06 16:00",80.0419999999999,72.03,2257363.5,0,3.843063,50.36,0.0198031496062992,"80.905999999999963",69.4579999999999,68.4499999999999,65.8039999999999,35,18.6,27.1
"BOOI4","2018-08-06 17:00",82.4179999999999,66.28,2068545.4,0,3.2211938,45.56,0.0183070866141732,"82.021999999999977",69.4939999999999,68.4319999999999,65.7859999999999,34.9,18.6,27.1
"BOOI4","2018-08-06 18:00",81.464,66.24,1496545.5,0,3.3867273,34.74,0.0138188976377953,"82.219999999999899",69.548,68.4319999999999,65.7859999999999,34.9,18.6,27
"BOOI4","2018-08-06 19:00",79.6999999999999,75.08,470727.3,0,0.98649055,36.21,0.00437007874015748,"81.643999999999906",69.638,68.414,65.7859999999999,34.9,18.6,26.2
"BOOI4","2018-08-06 20:00",78.0079999999999,82.2,152954.54,0,0.07381902,345.9,0.00118110236220473,"80.599999999999937",69.746,68.396,65.7859999999999,34.9,18.6,26.2
"BOOI4","2018-08-06 21:00",74.2279999999999,89.5,25278.181,0,1.7000744,26.19,-3.93700787401575e-05,"79.411999999999892",69.872,68.396,65.7679999999999,34.9,18.6,26.1
"BOOI4","2018-08-06 22:00",73.2919999999999,89.5,0,0,1.0558357,353.1,-7.8740157480315e-05,"78.187999999999974",69.98,68.396,65.7679999999999,35,18.6,26
"BOOI4","2018-08-06 23:00",72.1039999999999,92.9,0,0,1.5546733,21.54,-3.93700787401575e-05,"77.089999999999961",70.088,68.3779999999999,65.7679999999999,35,18.6,26
"BOOI4","2018-08-07 00:00",70.5919999999999,96,0,0,1.9148207,84.4,-7.8740157480315e-05,"76.153999999999883",70.1779999999999,68.396,65.7679999999999,35,18.6,25.9
"BOOI4","2018-08-07 01:00",70.0699999999999,96.3,0,0,2.2235184,118,-7.8740157480315e-05,"75.361999999999895",70.232,68.3779999999999,65.7679999999999,34.9,18.6,25.9
"BOOI4","2018-08-07 02:00",69.5659999999999,96.7,0,0,0.6173954,83.8,-0.00031496062992126,"74.551999999999907",70.2859999999999,68.396,65.7499999999999,34.9,18.6,25.9
"BOOI4","2018-08-07 03:00",68.5939999999999,97.8,0,0,0.5055484,21.37,-0.00031496062992126,"73.903999999999883",70.322,68.396,65.7499999999999,34.9,18.6,25.9
"BOOI4","2018-08-07 04:00",67.0099999999999,99.2,0,0,1.5971751,45.72,-0.000236220472440945,"73.309999999999917",70.34,68.414,65.7499999999999,34.9,18.6,25.8
"BOOI4","2018-08-07 05:00",67.64,99.9,0,0,0.6308171,280.9,-0.000354330708661417,"72.787999999999982",70.34,68.414,65.7499999999999,34.9,18.6,25.8
"BOOI4","2018-08-07 06:00",66.3619999999999,99.5,0,0.5401575,4.9033723,200,-0.000196850393700787,"72.46399999999997",70.34,68.4319999999999,65.7859999999999,37.5,19.2,28.1
"BOOI4","2018-08-07 07:00",64.7599999999999,100,17964.546,0.07,5.6259046,14.18,-7.8740157480315e-05,"71.833999999999932",70.34,68.4859999999999,65.8759999999999,38.9,20.6,28.1
"BOOI4","2018-08-07 08:00",66.398,100,253781.81,0,3.68424,87.6,0.00118110236220473,"71.293999999999912",70.2859999999999,68.522,65.8939999999999,37.6,20.7,28.1
"BOOI4","2018-08-07 09:00",68.198,94,514272.77,0,3.9929378,126.6,0.0034251968503937,"71.32999999999997",70.232,68.5399999999999,65.8939999999999,37,20.7,28.1
"BOOI4","2018-08-07 10:00",69.53,88.9,695000,0,5.0845647,148.9,0.00578740157480315,"71.905999999999963",70.1779999999999,68.5579999999999,65.8939999999999,36.7,20.6,28.1
"BOOI4","2018-08-07 11:00",72.698,87.7,1281545.4,0,5.0062714,165.4,0.0100787401574803,"72.607999999999933",70.106,68.5759999999999,65.8759999999999,36.5,20.6,28.1
"BOOI4","2018-08-07 12:00",74.5339999999999,88.5,1911818.2,0,4.3374267,222.4,0.0149212598425197,"74.065999999999946",70.0699999999999,68.5939999999999,65.8759999999999,36.3,20.5,28
"BOOI4","2018-08-07 13:00",76.9999999999999,80.5,2397454.3,0,7.1447864,275.9,0.0189370078740158,"75.883999999999929",69.998,68.5939999999999,65.8759999999999,36.2,20.5,28
"BOOI4","2018-08-07 14:00",79.2859999999999,73.92,3111727,0,7.3170304,287.2,0.0255905511811024,"78.043999999999912",69.9619999999999,68.5939999999999,65.8759999999999,36,20.3,28
"BOOI4","2018-08-07 15:00",79.7359999999999,67.26,3027272.7,0,8.037325,303.4,0.0261417322834646,"80.437999999999974",69.9439999999999,68.5939999999999,65.8579999999999,35.9,20.2,28
"BOOI4","2018-08-07 16:00",80.33,67.69,2221545.4,0,8.231939,305.3,0.0213779527559055,"81.877999999999901",69.9439999999999,68.5939999999999,65.8579999999999,35.8,20.1,27.9
"BOOI4","2018-08-07 17:00",80.1859999999999,70.78,2248182,0,8.446686,319.4,0.0216141732283465,"82.219999999999899",69.98,68.5939999999999,65.8579999999999,35.7,20.1,27.9
"BOOI4","2018-08-07 18:00",79.5199999999999,67.29,1639545.4,0,8.473529,309.4,0.017244094488189,"81.75199999999991",70.0339999999999,68.5939999999999,65.8579999999999,35.7,20,27.9
"BOOI4","2018-08-07 19:00",78.782,72.67,881363.6,0,5.523005,322.3,0.00976377952755906,"80.833999999999932",70.124,68.5939999999999,65.84,35.7,19.9,27.9
"BOOI4","2018-08-07 20:00",72.23,80.3,396236.36,0,6.2410626,357.9,0.00488188976377953,"79.483999999999924",70.214,68.5759999999999,65.84,35.6,19.9,27.8
"BOOI4","2018-08-07 21:00",68.6839999999999,89.7,26727.274,0,2.3957627,9.5,-0.00015748031496063,"77.809999999999917",70.3039999999999,68.5759999999999,65.84,35.6,19.9,27.7
"BOOI4","2018-08-07 22:00",67.1539999999999,93,0,0,0.38922754,351.9,-0.00118110236220473,"76.333999999999932",70.3939999999999,68.5759999999999,65.84,35.6,19.9,27.7
"BOOI4","2018-08-07 23:00",66.038,95.2,0,0,0.26172197,307.1,-0.00122047244094488,"75.091999999999928",70.4659999999999,68.5759999999999,65.822,35.6,19.9,27.7
"BOOI4","2018-08-08 00:00",64.4359999999999,96.8,0,0,1.1072853,309.5,-0.000984251968503937,"73.9939999999999",70.5199999999999,68.5759999999999,65.822,35.6,19.9,27.7
"BOOI4","2018-08-08 01:00",63.896,97,0,0,2.8185444,337.2,-0.000669291338582677,"73.021999999999977",70.538,68.5759999999999,65.822,35.6,19.9,27.7
"BOOI4","2018-08-08 02:00",62.9419999999999,98.3,0,0,1.3980875,303.9,-0.00094488188976378,"72.121999999999971",70.538,68.5939999999999,65.822,35.6,19.9,27.7
"BOOI4","2018-08-08 03:00",61.8439999999999,99.5,0,0,1.93719,278.6,-0.000866141732283465,"71.32999999999997",70.5199999999999,68.6119999999999,65.822,35.6,19.8,27.7
"BOOI4","2018-08-08 04:00",60.0619999999999,100,0,0,0.21922012,250.7,-0.00125984251968504,"70.555999999999969",70.4659999999999,68.6119999999999,65.8039999999999,35.6,19.8,27.7
"BOOI4","2018-08-08 05:00",62.6539999999999,100,0,0,1.1095222,322.5,-0.00102362204724409,"69.871999999999971",70.4119999999999,68.63,65.7859999999999,35.6,19.8,27.7
"BOOI4","2018-08-08 06:00",62.5099999999999,100,56.363635,0,0.7605596,338.7,-0.00110236220472441,"69.295999999999978",70.34,68.63,65.8039999999999,35.5,19.8,27.7
"BOOI4","2018-08-08 07:00",63.122,100,122771.83,0,0,0,-0.00118110236220473,"68.827999999999903",70.2499999999999,68.648,65.7859999999999,35.5,19.8,27.7
"BOOI4","2018-08-08 08:00",63.7339999999999,99.4,557727.3,0,0.7695074,213.4,0.00216535433070866,"68.593999999999909",70.1419999999999,68.648,65.8039999999999,35.5,19.8,27.6
"BOOI4","2018-08-08 09:00",66.2899999999999,99.2,903909.1,0,1.9170575,209.4,0.00535433070866142,"69.07999999999997",70.0519999999999,68.648,65.7859999999999,35.4,19.8,27.6
"BOOI4","2018-08-08 10:00",71.8699999999999,90,1778454.5,0,4.0801787,189.9,0.0116929133858268,"70.573999999999941",69.9439999999999,68.6659999999999,65.7859999999999,35.4,19.8,27.6
"BOOI4","2018-08-08 11:00",75.6319999999999,81.8,2372545.4,0,4.420193,216.2,0.0181889763779528,"72.913999999999973",69.8359999999999,68.648,65.7859999999999,35.3,19.7,27.6
"BOOI4","2018-08-08 12:00",78.5119999999999,73.97,2814636.5,0,5.082328,229.3,0.022755905511811,"75.145999999999987",69.746,68.648,65.7859999999999,35.3,19.6,27.6
"BOOI4","2018-08-08 13:00",80.4199999999999,66.54,3089091,0,5.379841,236.7,0.026259842519685,"77.575999999999922",69.656,68.63,65.7859999999999,35.1,19.5,27.6
"BOOI4","2018-08-08 14:00",81.8419999999999,71.8,3150000,0,4.7490234,226.7,0.0276377952755906,"79.37599999999992",69.6199999999999,68.6119999999999,65.7859999999999,35.1,19.5,27.6
"BOOI4","2018-08-08 15:00",82.9579999999999,64.76,3025454.3,0,5.180753,243.8,0.0271259842519685,"81.913999999999973",69.6019999999999,68.6119999999999,65.7679999999999,35,19.4,27.5
"BOOI4","2018-08-08 16:00",83.6419999999999,65.05,2699272.7,0,5.802623,240.9,0.0251574803149606,"83.911999999999892",69.638,68.5939999999999,65.7679999999999,35,19.3,27.5
"BOOI4","2018-08-08 17:00",84.5779999999999,67.12,2196363.8,0,5.854072,242.3,0.021496062992126,"84.95599999999996",69.6919999999999,68.5759999999999,65.7679999999999,34.9,19.2,27.5
"BOOI4","2018-08-08 18:00",84.5599999999999,64.52,1585181.9,0,5.865257,244.2,0.0168503937007874,"84.487999999999985",69.782,68.5579999999999,65.7679999999999,34.8,19.2,27.5
"BOOI4","2018-08-08 19:00",83.822,70.1,887545.5,0,4.4448,243.1,0.00996062992125984,"83.551999999999907",69.9079999999999,68.5399999999999,65.7679999999999,34.8,19.1,27.5
"BOOI4","2018-08-08 20:00",80.9599999999999,82.8,281309.1,0,2.1027236,227.5,0.00291338582677165,"82.381999999999948",70.0519999999999,68.522,65.7499999999999,34.9,19.1,27.5
"BOOI4","2018-08-08 21:00",75.3619999999999,87.7,26861.818,0,2.1832535,211.1,-0.000354330708661417,"80.833999999999932",70.214,68.522,65.7499999999999,34.9,19.1,27.5
"BOOI4","2018-08-08 22:00",73.706,88.4,0,0,2.384578,222.2,-0.000551181102362205,"79.429999999999978",70.3579999999999,68.5039999999999,65.7499999999999,34.9,19.1,27.4
"BOOI4","2018-08-08 23:00",73.4179999999999,89.7,0,0,3.2167196,224.3,-0.00031496062992126,"78.187999999999974",70.4839999999999,68.5039999999999,65.7499999999999,34.9,19.1,27.4
"BOOI4","2018-08-09 00:00",72.7159999999999,91.5,0,0,4.2792664,229.8,-0.000236220472440945,"77.12599999999992",70.5919999999999,68.5039999999999,65.7499999999999,34.9,19.1,27.4
"BOOI4","2018-08-09 01:00",71.69,91.8,0,0,4.5365148,237.9,-0.00031496062992126,"76.207999999999942",70.6819999999999,68.5039999999999,65.7499999999999,35,19.1,27.4
"BOOI4","2018-08-09 02:00",71.0239999999999,92.7,0,0,5.0286407,240.3,-0.000275590551181102,"75.41599999999994",70.7359999999999,68.522,65.7499999999999,35,19.1,27.4
"BOOI4","2018-08-09 03:00",68.7199999999999,95.5,0,0,4.5700684,246.5,-0.000433070866141732,"74.659999999999911",70.772,68.5399999999999,65.7499999999999,35,19.1,27.4
"BOOI4","2018-08-09 04:00",68.4319999999999,96.6,0,0,5.1785164,253.5,-0.00047244094488189,"73.957999999999942",70.7899999999999,68.5399999999999,65.732,35,19.1,27.4
"BOOI4","2018-08-09 05:00",67.0999999999999,97.7,0,0,5.037589,257,-0.000590551181102362,"73.327999999999903",70.8079999999999,68.5579999999999,65.732,35,19,27.4
"BOOI4","2018-08-09 06:00",68.4679999999999,94.3,0,0,5.599061,247.2,-0.000433070866141732,"72.733999999999924",70.7899999999999,68.5759999999999,65.732,35,19,27.3
"BOOI4","2018-08-09 07:00",68.1439999999999,94.3,58289.09,0,5.677354,241.8,-0.000708661417322835,"72.193999999999903",70.772,68.6119999999999,65.732,35,19,27.3
"BOOI4","2018-08-09 08:00",70.5739999999999,90.8,478990.9,0,5.2836523,241.5,0.00236220472440945,"71.887999999999977",70.7359999999999,68.6119999999999,65.732,34.9,19,27.3
"BOOI4","2018-08-09 09:00",74.8759999999999,83.4,1158818.2,0,6.594499,247.9,0.0084251968503937,"72.283999999999921",70.6999999999999,68.63,65.732,34.9,19,27.3
"BOOI4","2018-08-09 10:00",78.6739999999999,80.6,1773363.6,0,7.006096,242.4,0.0144094488188976,"73.669999999999888",70.646,68.648,65.714,34.8,19,27.4
"BOOI4","2018-08-09 11:00",81.248,79.75,2334363.5,0,8.115619,252.9,0.0199212598425197,"75.631999999999948",70.5919999999999,68.6659999999999,65.714,34.8,18.9,27.3
"BOOI4","2018-08-09 12:00",84.2179999999999,75.44,2775363.5,0,8.612219,248.1,0.0246850393700787,"78.133999999999929",70.538,68.6659999999999,65.714,34.7,18.8,27.3
"BOOI4","2018-08-09 13:00",85.7659999999999,72.93,3039090.8,0,9.591999,251.1,0.0282283464566929,"80.437999999999974",70.4839999999999,68.6659999999999,65.714,34.6,18.8,27.3
"BOOI4","2018-08-09 14:00",87.08,70.37,3050909.2,0,9.363831,269.5,0.0293307086614173,"82.183999999999926",70.4839999999999,68.6659999999999,65.714,34.5,18.7,27.3
"BOOI4","2018-08-09 15:00",86.846,68.24,2874909.2,0,8.697223,287.6,0.0288976377952756,"84.901999999999916",70.5019999999999,68.6659999999999,65.714,34.5,18.5,27.3
"BOOI4","2018-08-09 16:00",87.1159999999999,64.68,2377182,0,5.4111576,321,0.0237795275590551,"87.223999999999947",70.556,68.6839999999999,65.696,34.5,18.5,27.3
"BOOI4","2018-08-09 17:00",86.99,66.43,2005636.2,0,5.628141,342.4,0.020748031496063,"88.303999999999888",70.6279999999999,68.6839999999999,65.714,34.3,18.4,27.3
"BOOI4","2018-08-09 18:00",86.4679999999999,65.42,1511000,0,5.6840644,344.1,0.0166141732283465,"87.925999999999917",70.7539999999999,68.6839999999999,65.696,34.2,18.3,27.3
"BOOI4","2018-08-09 19:00",84.38,68.64,853363.6,0,5.3843145,344.8,0.010511811023622,"86.935999999999908",70.88,68.6839999999999,65.696,34.2,18.2,27.3
"BOOI4","2018-08-09 20:00",80.0419999999999,76.91,319881.8,0,5.379841,11.42,0.00515748031496063,"85.42399999999995",71.0239999999999,68.6839999999999,65.696,34.3,18.2,27.2
"BOOI4","2018-08-09 21:00",76.0099999999999,84.5,16762.728,0,2.6753802,9.75,7.8740157480315e-05,"83.677999999999898",71.1679999999999,68.6839999999999,65.696,34.3,18.2,27.2
"BOOI4","2018-08-09 22:00",73.94,86.6,0,0,2.5970874,342.6,-0.00031496062992126,"82.039999999999949",71.3119999999999,68.7019999999999,65.696,34.3,18.2,27.2
"BOOI4","2018-08-09 23:00",72.3019999999999,87.7,0,0,3.4762049,344.6,-0.000196850393700787,"80.599999999999937",71.438,68.7019999999999,65.696,34.4,18.2,27.2
"BOOI4","2018-08-10 00:00",70.8439999999999,89.9,0,0,3.1182945,345.8,-0.000393700787401575,"79.321999999999974",71.5099999999999,68.7199999999999,65.696,34.4,18.2,27.2
"BOOI4","2018-08-10 01:00",69.998,90,0,0,4.6125703,340.8,-0.00015748031496063,"78.20599999999996",71.564,68.738,65.696,34.4,18.2,27.2
"BOOI4","2018-08-10 02:00",69.548,88.5,0,0,4.299399,342.4,-0.00015748031496063,"77.197999999999965",71.5999999999999,68.756,65.696,34.4,18.2,26.9
"BOOI4","2018-08-10 03:00",69.1159999999999,86.8,0,0,5.05101,340.1,7.8740157480315e-05,"76.279999999999973",71.6179999999999,68.7919999999999,65.696,34.4,18.2,26.4
"BOOI4","2018-08-10 04:00",67.6579999999999,91,0,0,5.0621953,343,0,"75.433999999999926",71.5999999999999,68.8099999999999,65.696,34.4,18.2,26.4
"BOOI4","2018-08-10 05:00",67.2619999999999,93.4,0,0,3.8788538,338.2,-0.000393700787401575,"74.659999999999911",71.564,68.846,65.696,34.4,18.2,26.4
"BOOI4","2018-08-10 06:00",66.6679999999999,94.5,25.454545,0,4.0130706,341,-0.00047244094488189,"73.957999999999942",71.5279999999999,68.864,65.696,34.4,18.2,26.3
"BOOI4","2018-08-10 07:00",66.6319999999999,93.4,82540.91,0,3.288302,336.3,-0.000984251968503937,"73.327999999999903",71.456,68.8819999999999,65.696,34.4,18.2,26.3
"BOOI4","2018-08-10 08:00",69.53,89.1,497545.47,0,5.2747045,341.8,0.00271653543307087,"72.931999999999945",71.3839999999999,68.9179999999999,65.6779999999999,34.3,18.2,26.3
"BOOI4","2018-08-10 09:00",73.0579999999999,82.2,1115727.3,0,4.8138947,344.5,0.00791338582677165,"73.129999999999981",71.3119999999999,68.9359999999999,65.6779999999999,34.3,18.2,26.3
"BOOI4","2018-08-10 10:00",77.0179999999999,74.45,1787272.7,0,4.889951,346.4,0.0144094488188976,"74.263999999999967",71.222,68.9539999999999,65.6779999999999,34.2,18.2,26.2
"BOOI4","2018-08-10 11:00",79.1779999999999,66.94,2401182,0,5.7936745,340.9,0.0207874015748032,"76.315999999999946",71.1319999999999,68.972,65.6779999999999,34.2,18.1,26.2
"BOOI4","2018-08-10 12:00",81.8599999999999,58.23,2846182,0,7.516118,358.1,0.026496062992126,"79.051999999999907",71.0419999999999,68.972,65.696,34.1,18,26.3
"BOOI4","2018-08-10 13:00",82.7419999999999,57.9,3172727.3,0,7.4937487,15.24,0.0302362204724409,"81.589999999999961",70.9699999999999,68.972,65.6779999999999,34,17.9,26.2
"BOOI4","2018-08-10 14:00",83.5159999999999,54.65,3300000,0,6.936751,16.85,0.0316141732283465,"83.479999999999976",70.9159999999999,68.972,65.696,33.8,17.8,26.2
"BOOI4","2018-08-10 15:00",83.9119999999999,57.21,2720454.6,0,5.710908,9.64,0.0265354330708662,"85.83799999999998",70.898,68.972,65.6779999999999,33.8,17.7,26.1
"BOOI4","2018-08-10 16:00",84.4519999999999,53.88,2465545.4,0,5.8764415,14.93,0.025,"87.691999999999936",70.88,68.972,65.6779999999999,33.7,17.6,26.1
"BOOI4","2018-08-10 17:00",84.4159999999999,53.9,2258181.6,0,5.174042,0.363,0.0228346456692913,"88.753999999999891",70.898,68.972,65.6779999999999,33.7,17.5,26
"BOOI4","2018-08-10 18:00",84.146,56.28,1614091,0,5.037589,13.32,0.017244094488189,"88.37599999999992",70.9339999999999,68.972,65.696,33.5,17.4,26
"BOOI4","2018-08-10 19:00",83.0119999999999,63.42,899363.65,0,4.50296,0.054,0.010748031496063,"87.331999999999951",70.988,68.9539999999999,65.696,33.5,17.3,26
"BOOI4","2018-08-10 20:00",78.5659999999999,74.39,342345.46,0,2.0602217,338.1,0.00295275590551181,"85.801999999999907",71.0779999999999,68.9539999999999,65.6779999999999,33.5,17.3,25.9
"BOOI4","2018-08-10 21:00",73.922,80.7,21598.183,0,0.4205447,304.9,-0.00122047244094488,"84.091999999999928",71.1679999999999,68.9539999999999,65.696,33.5,17.3,25.9
"BOOI4","2018-08-10 22:00",73.814,79.3,0,0,1.1453134,339.2,-0.000905511811023622,"82.489999999999952",71.222,68.9539999999999,65.6779999999999,33.5,17.3,25.9
"BOOI4","2018-08-10 23:00",73.3279999999999,79.04,0,0,1.1050483,312.6,-0.000984251968503937,"81.067999999999913",71.2759999999999,68.9539999999999,65.6779999999999,33.6,17.3,25.9
"BOOI4","2018-08-11 00:00",71.906,81.2,0,0,1.975218,332.3,-0.000511811023622047,"79.861999999999895",71.3119999999999,68.9539999999999,65.696,33.6,17.3,25.9
"BOOI4","2018-08-11 01:00",71.3119999999999,82.7,0,0,1.6195445,329.3,-0.000708661417322835,"78.781999999999954",71.348,68.972,65.696,33.6,17.3,25.9
"BOOI4","2018-08-11 02:00",70.1599999999999,84.3,0,0,2.905785,334.2,-0.000236220472440945,"77.827999999999903",71.348,68.972,65.696,33.6,17.3,25.9
"BOOI4","2018-08-11 03:00",69.1699999999999,86.4,0,0,2.4091845,329.4,-0.000551181102362205,"76.96399999999997",71.3119999999999,68.99,65.6779999999999,33.6,17.3,25.9
"BOOI4","2018-08-11 04:00",68.8999999999999,87.1,0,0,2.8252552,338.5,-0.00047244094488189,"76.153999999999883",71.2759999999999,68.99,65.696,33.6,17.3,25.9
"BOOI4","2018-08-11 05:00",68.2699999999999,85.1,0,0,3.5075219,338.6,-0.000275590551181102,"75.433999999999926",71.2039999999999,69.0079999999999,65.696,33.6,17.4,25.8
"BOOI4","2018-08-11 06:00",65.714,91.8,0,0,2.3487868,329.1,-0.00062992125984252,"74.767999999999915",71.1499999999999,69.0079999999999,65.696,33.6,17.4,25.8
"BOOI4","2018-08-11 07:00",66.6859999999999,90.3,50083.637,0,2.6261675,307.8,-0.00118110236220473,"74.119999999999891",71.0779999999999,69.0259999999999,65.696,33.5,17.4,25.8
"BOOI4","2018-08-11 08:00",69.0619999999999,88.5,382490.9,0,1.8767927,357.6,0.00181102362204724,"73.70599999999996",70.988,69.0439999999999,65.696,33.5,17.4,25.7
"BOOI4","2018-08-11 09:00",72.8239999999999,82.8,915909.1,0,2.277205,356,0.00637795275590551,"73.813999999999965",70.898,69.0259999999999,65.696,33.5,17.4,25.7
"BOOI4","2018-08-11 10:00",77.4859999999999,75.61,1548454.5,0,1.1699196,340.2,0.0119291338582677,"74.749999999999929",70.8079999999999,69.0259999999999,65.696,33.5,17.4,25.7
"BOOI4","2018-08-11 11:00",79.646,67.92,2030272.7,0,1.8029736,54.6,0.0168110236220472,"76.531999999999954",70.7179999999999,69.0439999999999,65.696,33.5,17.3,25.7
"BOOI4","2018-08-11 12:00",80.888,63.26,2320545.7,0,1.823106,104.7,0.0199606299212599,"78.763999999999967",70.6279999999999,69.0259999999999,65.714,33.4,17.3,25.6
"BOOI4","2018-08-11 13:00",81.5179999999999,60.86,2508545.4,0,2.351024,59.81,0.0223228346456693,"80.761999999999887",70.556,69.0259999999999,65.696,33.4,17.2,25.6
"BOOI4","2018-08-11 14:00",82.796,55.65,2590909.2,0,2.357735,61.64,0.0233070866141732,"82.417999999999921",70.5199999999999,69.0259999999999,65.714,33.4,17.1,25.6
"BOOI4","2018-08-11 15:00",82.814,59.07,2466000,0,2.4382646,74.68,0.0224409448818898,"84.343999999999909",70.5019999999999,69.0079999999999,65.714,33.3,17,25.6
"BOOI4","2018-08-11 16:00",84.5419999999999,54.15,2082363.8,0,1.8320539,136.3,0.0190157480314961,"85.999999999999929",70.5199999999999,68.99,65.714,33.2,17,25.6
"BOOI4","2018-08-11 17:00",82.9579999999999,63.55,1699181.9,0,1.3555857,194,0.0152362204724409,"86.737999999999985",70.556,68.99,65.714,33.2,17,25.6
"BOOI4","2018-08-11 18:00",82.8499999999999,61.65,1091909.2,0,1.1497872,190.4,0.0097244094488189,"86.467999999999918",70.6099999999999,68.972,65.714,33.1,16.9,25.5
"BOOI4","2018-08-11 19:00",80.5099999999999,66.57,565818.24,0,0.20356153,70.58,0.00437007874015748,"85.531999999999954",70.6999999999999,68.9539999999999,65.714,33.1,16.9,25.5
"BOOI4","2018-08-11 20:00",75.614,83.1,181572.72,0,1.0155708,23.99,0.00165354330708661,"84.271999999999977",70.7899999999999,68.9359999999999,65.714,33.1,16.9,25.5
"BOOI4","2018-08-11 21:00",73.3999999999999,86.3,9509.999,0,0.39370143,54.68,-0.000669291338582677,"82.831999999999951",70.88,68.9359999999999,65.714,33.1,16.9,25.5
"BOOI4","2018-08-11 22:00",71.906,87.1,0,0,0.06263432,50.29,-0.000905511811023622,"81.391999999999925",70.9699999999999,68.9359999999999,65.714,33.2,16.9,25.5
"BOOI4","2018-08-11 23:00",71.798,85.7,0,0,1.4853281,107.4,-0.000236220472440945,"80.131999999999948",71.0239999999999,68.9179999999999,65.714,33.2,16.9,25.5
"BOOI4","2018-08-12 00:00",70.8259999999999,88.9,0,0,1.7984998,112.9,-0.000236220472440945,"78.979999999999976",71.096,68.9359999999999,65.732,33.2,16.9,25.4
"BOOI4","2018-08-12 01:00",68.7199999999999,92.3,0,0,1.4853281,80.4,-0.00047244094488189,"77.95399999999988",71.114,68.9359999999999,65.732,33.3,16.9,25.4
"BOOI4","2018-08-12 02:00",67.532,95.7,0,0,1.5792795,57.72,-0.000511811023622047,"77.035999999999902",71.114,68.9359999999999,65.714,33.3,17,25.4
"BOOI4","2018-08-12 03:00",67.1179999999999,97.1,0,0,0.14316417,58.7,-0.000866141732283465,"76.225999999999928",71.096,68.9539999999999,65.714,33.3,17,25.4
"BOOI4","2018-08-12 04:00",65.7679999999999,98.3,0,0,0.7739812,60.88,-0.000748031496062992,"75.469999999999899",71.0599999999999,68.9539999999999,65.732,33.3,17,25.4
"BOOI4","2018-08-12 05:00",65.3179999999999,99.5,0,0,0.0111847,47.21,-0.000905511811023622,"74.821999999999974",71.006,68.9539999999999,65.714,33.2,17,25.4
"BOOI4","2018-08-12 06:00",66.4699999999999,98.1,0,0,0.71805775,107.3,-0.000748031496062992,"74.209999999999908",70.9519999999999,68.972,65.732,33.2,17,25.4
"BOOI4","2018-08-12 07:00",63.572,99.7,50237.274,0,2.4897144,69.76,-0.00031496062992126,"73.669999999999888",70.88,68.972,65.732,33.1,17,25.3
"BOOI4","2018-08-12 08:00",68.198,95,475290.9,0,2.4516861,84.5,0.00165354330708661,"73.273999999999944",70.7899999999999,68.972,65.732,33.1,17,25.3
"BOOI4","2018-08-12 09:00",73.598,86.3,1046181.8,0,4.2009735,144.3,0.00700787401574803,"73.561999999999884",70.6999999999999,68.99,65.732,33.1,17,25.3
"BOOI4","2018-08-12 10:00",77.7019999999999,78.56,1700636.4,0,5.6997232,155,0.0136220472440945,"74.731999999999957",70.6099999999999,68.972,65.732,33.2,17,25.3
"BOOI4","2018-08-12 11:00",80.798,73.35,2309090.8,0,5.252335,180.3,0.0198031496062992,"76.657999999999944",70.5199999999999,68.972,65.732,33.1,16.9,25.2
"BOOI4","2018-08-12 12:00",83.3539999999999,67.69,2750272.7,0,4.6013856,199.5,0.0242913385826772,"79.21399999999997",70.448,68.972,65.732,33.1,16.8,25.2
"BOOI4","2018-08-12 13:00",84.7759999999999,62.74,3033636.5,0,4.299399,194.7,0.0275590551181102,"81.481999999999957",70.3939999999999,68.972,65.732,33,16.7,25.2
"BOOI4","2018-08-12 14:00",85.3339999999999,57.26,2925090.8,0,4.420193,171.8,0.0274409448818898,"82.939999999999955",70.3579999999999,68.9539999999999,65.732,32.9,16.6,25.2
"BOOI4","2018-08-12 15:00",86.288,60.17,2954090.8,0,5.093512,169.4,0.0286220472440945,"85.369999999999891",70.3579999999999,68.9359999999999,65.732,32.8,16.5,25.2
"BOOI4","2018-08-12 16:00",87.08,54.57,2590181.6,0,5.259046,168.7,0.0261811023622047,"87.547999999999959",70.3939999999999,68.9359999999999,65.732,32.7,16.4,25.2
"BOOI4","2018-08-12 17:00",86.63,59.5,2126545.4,0,5.8384132,126.3,0.0225590551181102,"88.555999999999969",70.4659999999999,68.9179999999999,65.732,32.7,16.4,25.1
"BOOI4","2018-08-12 18:00",85.5499999999999,63.68,1488000,0,6.317118,123.6,0.0173622047244095,"88.21399999999997",70.5739999999999,68.8999999999999,65.732,32.6,16.3,25.1
"BOOI4","2018-08-12 19:00",83.3539999999999,66.9,826272.7,0,4.88324,109.3,0.00992125984251969,"87.241999999999933",70.6819999999999,68.8819999999999,65.732,32.6,16.2,25.1
"BOOI4","2018-08-12 20:00",79.3579999999999,77.79,298290.92,0,4.0063596,111,0.00393700787401575,"85.927999999999898",70.8079999999999,68.864,65.732,32.6,16.2,25
"BOOI4","2018-08-12 21:00",75.7939999999999,84.3,15511.818,0,4.0063596,107.4,0.000393700787401575,"84.469999999999899",70.9519999999999,68.864,65.732,32.6,16.2,25
"BOOI4","2018-08-12 22:00",74.2099999999999,87.1,0,0,4.03544,116.1,3.93700787401575e-05,"83.029999999999973",71.0779999999999,68.864,65.732,32.6,16.2,25
"BOOI4","2018-08-12 23:00",72.6079999999999,88.2,0,0,4.478354,130.1,0,"81.75199999999991",71.1859999999999,68.864,65.732,32.7,16.2,25
"BOOI4","2018-08-13 00:00",71.1859999999999,88.6,0,0,3.1630332,136.2,-0.000354330708661417,"80.617999999999924",71.2579999999999,68.8819999999999,65.732,32.7,16.2,25
"BOOI4","2018-08-13 01:00",67.7839999999999,95.6,0,0,2.8744678,152,-0.000551181102362205,"79.555999999999969",71.3119999999999,68.8819999999999,65.732,32.7,16.2,25
"BOOI4","2018-08-13 02:00",68.648,92.5,0,0,3.3800163,148.6,-0.000551181102362205,"78.601999999999904",71.348,68.8999999999999,65.732,32.7,16.2,25
"BOOI4","2018-08-13 03:00",68.0539999999999,94.1,0,0,3.2994866,141.3,-0.000511811023622047,"77.755999999999958",71.3659999999999,68.8999999999999,65.732,32.7,16.2,25
"BOOI4","2018-08-13 04:00",66.5419999999999,96.5,0,0,2.353261,148.5,-0.000826771653543307,"76.945999999999984",71.3659999999999,68.9179999999999,65.732,32.7,16.2,25
"BOOI4","2018-08-13 05:00",64.7419999999999,98.4,0,0,2.5635333,169,-0.000866141732283465,"76.171999999999969",71.348,68.9359999999999,65.732,32.7,16.2,25
"BOOI4","2018-08-13 06:00",63.7699999999999,99.4,0,0,1.2929513,162.9,-0.00114173228346457,"75.469999999999899",71.3119999999999,68.9359999999999,65.732,32.7,16.3,25
"BOOI4","2018-08-13 07:00",65.2279999999999,98.7,76058.18,0,0.3959384,154.3,-0.000905511811023622,"74.803999999999888",71.2579999999999,68.972,65.732,32.7,16.2,24.9
"BOOI4","2018-08-13 08:00",68.9539999999999,92.1,504090.9,0,1.8186322,109.9,0.0021259842519685,"74.407999999999944",71.2039999999999,68.99,65.732,32.7,16.3,24.9
"BOOI4","2018-08-13 09:00",73.2919999999999,86.5,1071909.2,0,4.1674194,142.1,0.00732283464566929,"74.641999999999925",71.1319999999999,68.99,65.732,32.7,16.3,24.9
"BOOI4","2018-08-13 10:00",76.7119999999999,78.96,1670818.2,0,6.225404,160.2,0.0133858267716536,"75.613999999999962",71.0599999999999,69.0079999999999,65.732,32.6,16.2,24.9
"BOOI4","2018-08-13 11:00",80.438,74.39,2292545.4,0,5.395499,152.9,0.0194488188976378,"77.323999999999941",70.9699999999999,69.0079999999999,65.732,32.6,16.2,24.9
"BOOI4","2018-08-13 12:00",82.6699999999999,68.4,2741727.3,0,5.637089,153.6,0.0241732283464567,"79.663999999999973",70.88,69.0079999999999,65.732,32.5,16.1,24.9
"BOOI4","2018-08-13 13:00",84.1819999999999,71.44,2932182,0,6.6168685,136.7,0.027007874015748,"81.769999999999897",70.8259999999999,69.0079999999999,65.732,32.4,16,24.8
"BOOI4","2018-08-13 14:00",85.9279999999999,64.55,3062727.3,0,6.956883,146.8,0.0292125984251969,"83.101999999999904",70.7899999999999,69.0079999999999,65.732,32.4,15.9,24.8
"BOOI4","2018-08-13 15:00",87.1339999999999,59.87,2965818,0,7.122417,142.5,0.0295669291338583,"85.405999999999963",70.7899999999999,69.0079999999999,65.732,32.3,15.9,24.8
"BOOI4","2018-08-13 16:00",87.998,54.77,2612636.5,0,6.3350143,147.4,0.0270866141732284,"87.565999999999946",70.8259999999999,69.0079999999999,65.732,32.2,15.7,24.7
"BOOI4","2018-08-13 17:00",88.2859999999999,54.38,2093818,0,5.26352,134,0.0225590551181102,"88.735999999999905",70.88,68.99,65.732,32.1,15.6,24.7
"BOOI4","2018-08-13 18:00",86.6839999999999,62.27,1514909,0,6.310408,105.2,0.0178740157480315,"88.285999999999902",70.9699999999999,68.99,65.732,32,15.6,24.7
"BOOI4","2018-08-13 19:00",83.6419999999999,68.07,827545.5,0,6.894249,106.2,0.0116535433070866,"87.277999999999892",71.096,68.99,65.732,32,15.5,24.6
"BOOI4","2018-08-13 20:00",79.232,77.66,230145.45,0,4.9100833,117,0.00448818897637795,"85.999999999999929",71.222,68.972,65.732,32,15.5,24.6
"BOOI4","2018-08-13 21:00",76.1359999999999,83.6,6377.2726,0,4.207684,122.6,0.000433070866141732,"84.577999999999903",71.348,68.972,65.732,32,15.4,24.6
"BOOI4","2018-08-13 22:00",74.6779999999999,83.3,0,0,4.2658443,109.5,0.000275590551181102,"83.209999999999908",71.456,68.99,65.732,32,15.4,24.6
"BOOI4","2018-08-13 23:00",73.796,81.5,0,0,4.198736,108.5,0.000196850393700787,"82.021999999999977",71.582,68.99,65.732,32,15.4,24.6
"BOOI4","2018-08-14 00:00",71.5999999999999,85.4,0,0,4.288214,107.4,0.00015748031496063,"80.977999999999895",71.6539999999999,68.99,65.732,32,15.5,24.6
"BOOI4","2018-08-14 01:00",70.3759999999999,87.7,0,0,4.1920257,123.9,-7.8740157480315e-05,"80.023999999999944",71.7079999999999,69.0079999999999,65.7499999999999,32,15.5,24.6
"BOOI4","2018-08-14 02:00",70.2859999999999,86.4,0,0,3.2167196,136.1,-0.00031496062992126,"79.21399999999997",71.7259999999999,69.0259999999999,65.7499999999999,32,15.5,24.6
"BOOI4","2018-08-14 03:00",69.656,86.9,0,0,3.2636955,132.6,-0.00031496062992126,"78.457999999999942",71.7439999999999,69.0439999999999,65.7499999999999,32,15.5,24.6
"BOOI4","2018-08-14 04:00",67.9999999999999,92,0,0,0.9775428,139.4,-0.00110236220472441,"77.809999999999917",71.7439999999999,69.0619999999999,65.732,32,15.5,24.6
"BOOI4","2018-08-14 05:00",68.18,90.2,0,0,1.0021491,152.7,-0.00114173228346457,"77.287999999999982",71.7259999999999,69.08,65.732,32,15.5,24.6
"BOOI4","2018-08-14 06:00",66.8659999999999,92.7,0,0,3.0086844,122.2,-0.000511811023622047,"76.729999999999976",71.69,69.098,65.7499999999999,32,15.5,24.6
"BOOI4","2018-08-14 07:00",67.3699999999999,91.6,54560.905,0,3.7535853,112.6,-0.000275590551181102,"76.225999999999928",71.6359999999999,69.1159999999999,65.732,32,15.6,24.6
"BOOI4","2018-08-14 08:00",68.6839999999999,89.6,270254.55,0,3.7737179,141,0.0018503937007874,"75.919999999999888",71.582,69.1339999999999,65.732,32,15.6,24.6
"BOOI4","2018-08-14 09:00",71.24,84.5,630454.5,0,4.4515104,134.2,0.00511811023622047,"75.919999999999888",71.5279999999999,69.1519999999999,65.7499999999999,32,15.6,24.6
"BOOI4","2018-08-14 10:00",73.7239999999999,83,1048727.3,0,5.2366767,156.2,0.00897637795275591,"76.441999999999936",71.456,69.1699999999999,65.7499999999999,32,15.5,24.6
"BOOI4","2018-08-14 11:00",76.28,81.7,1074091,0,3.957147,148.2,0.0097244094488189,"77.25199999999991",71.3839999999999,69.1699999999999,65.7499999999999,32,15.5,24.6
"BOOI4","2018-08-14 12:00",77.09,83.2,1013181.9,0,4.579016,138.7,0.00976377952755906,"78.025999999999925",71.3119999999999,69.188,65.7499999999999,31.9,15.5,24.6
"BOOI4","2018-08-14 13:00",77.6839999999999,83.5,1063272.7,0,4.469406,158.5,0.0101574803149606,"78.745999999999981",71.2579999999999,69.188,65.7499999999999,31.9,15.5,24.5
"BOOI4","2018-08-14 14:00",78.206,82.5,986090.94,0,4.2367644,172.3,0.00964566929133858,"79.339999999999961",71.222,69.188,65.7499999999999,31.9,15.5,24.5
"BOOI4","2018-08-14 15:00",78.5659999999999,83.7,957181.8,0,3.7424006,173.9,0.00937007874015748,"79.843999999999909",71.2039999999999,69.188,65.7499999999999,31.9,15.4,24.5
"BOOI4","2018-08-14 16:00",79.196,81.6,801727.3,0,1.0222815,147.2,0.00740157480314961,"80.239999999999952",71.1859999999999,69.206,65.7499999999999,32,15.4,24.5
"BOOI4","2018-08-14 17:00",79.0159999999999,84.6,507454.56,0,1.4741434,86.8,0.00507874015748032,"80.419999999999888",71.2039999999999,69.188,65.7499999999999,32,15.5,24.5
"BOOI4","2018-08-14 18:00",79.088,82.8,510818.2,0,3.3710685,121.5,0.00551181102362205,"80.419999999999888",71.222,69.188,65.7499999999999,32,15.5,24.5
"BOOI4","2018-08-14 19:00",78.2239999999999,87.1,238581.82,0,1.565858,94.3,0.00275590551181102,"80.293999999999912",71.24,69.188,65.7679999999999,32,15.5,24.5
"BOOI4","2018-08-14 20:00",72.9499999999999,97,95545.456,0,5.2724676,183.7,0.00149606299212598,"79.789999999999949",71.2759999999999,69.188,65.7499999999999,32,15.5,24.5
"BOOI4","2018-08-14 21:00",71.4019999999999,97.6,3026.3636,0,2.3644457,214.5,3.93700787401575e-05,"79.033999999999921",71.3119999999999,69.188,65.7679999999999,32,15.5,24.5
"BOOI4","2018-08-14 22:00",70.9339999999999,97.3,0,0,2.3331285,161.5,0,"78.313999999999965",71.348,69.188,65.7679999999999,32,15.5,24.5
"BOOI4","2018-08-14 23:00",68.9539999999999,92.5,0,0,5.6057715,133.1,0.000275590551181102,"77.683999999999926",71.3659999999999,69.188,65.7679999999999,32,15.5,24.4
"BOOI4","2018-08-15 00:00",66.038,96.1,0,0.120000005,4.3150573,212.2,0.000236220472440945,"76.945999999999984",71.4019999999999,69.188,65.7679999999999,32,15.5,24.4
"BOOI4","2018-08-15 01:00",67.3159999999999,92.4,0,0,1.9953505,321.5,0.000118110236220472,"76.189999999999955",71.4019999999999,69.188,65.7679999999999,32,15.6,24.4
"BOOI4","2018-08-15 02:00",68.2519999999999,90.3,0,0,1.9192945,346.4,0.000236220472440945,"75.577999999999903",71.4019999999999,69.188,65.7679999999999,32,15.6,24.4
"BOOI4","2018-08-15 03:00",68.5399999999999,92.1,0,0,2.015483,9.13,0.000236220472440945,"75.037999999999982",71.3839999999999,69.188,65.7679999999999,32,15.6,24.4
"BOOI4","2018-08-15 04:00",68.2519999999999,96.3,0,0,1.901399,29.21,7.8740157480315e-05,"74.605999999999966",71.348,69.188,65.7679999999999,32,15.6,24.4
"BOOI4","2018-08-15 05:00",68.1079999999999,98.3,0,0,1.304136,34.61,-3.93700787401575e-05,"74.263999999999967",71.2939999999999,69.206,65.7679999999999,32.1,15.6,24.4
"BOOI4","2018-08-15 06:00",68.4859999999999,98,0,0,0.58160436,11.29,-7.8740157480315e-05,"74.011999999999887",71.24,69.206,65.7859999999999,32.1,15.6,24.4
"BOOI4","2018-08-15 07:00",68.6839999999999,98.7,18524.546,0,2.433791,6.756,7.8740157480315e-05,"73.75999999999992",71.1859999999999,69.206,65.7859999999999,32.1,15.6,24.4
"BOOI4","2018-08-15 08:00",71.888,95.3,494727.26,0,4.462695,21.87,0.00204724409448819,"73.651999999999916",71.1319999999999,69.206,65.7859999999999,32,15.6,24.4
"BOOI4","2018-08-15 09:00",73.832,93.6,1029272.7,0,6.263432,43.42,0.00677165354330709,"74.119999999999891",71.0599999999999,69.206,65.7859999999999,32,15.6,24.4
"BOOI4","2018-08-15 10:00",70.2679999999999,95,483100,0,7.818105,46.47,0.00417322834645669,"74.731999999999957",70.988,69.206,65.7859999999999,32,15.6,24.4
"BOOI4","2018-08-15 11:00",74.9659999999999,91.6,2379909.2,0,6.9143815,72.51,0.0172047244094488,"75.595999999999989",70.9339999999999,69.188,65.7859999999999,32,15.6,24.3
"BOOI4","2018-08-15 12:00",78.6739999999999,84.1,3111090.8,0,8.354971,75.91,0.0238582677165354,"77.647999999999954",70.88,69.188,65.8039999999999,31.9,15.5,24.3
"BOOI4","2018-08-15 13:00",79.7179999999999,80.4,2451909.2,0,7.0329394,61.98,0.0205511811023622,"80.095999999999989",70.8439999999999,69.1699999999999,65.8039999999999,31.9,15.4,24.3
"BOOI4","2018-08-15 14:00",81.68,76.83,2228272.7,0,5.415632,54.34,0.0196062992125984,"81.373999999999953",70.8259999999999,69.1699999999999,65.7859999999999,31.8,15.3,24.2
"BOOI4","2018-08-15 15:00",81.1939999999999,74.01,1340636.4,0,4.026492,69.97,0.0132283464566929,"82.813999999999965",70.8439999999999,69.1519999999999,65.8039999999999,31.8,15.3,24.2
"BOOI4","2018-08-15 16:00",75.0919999999999,83.8,978545.5,0,7.301372,24.23,0.0103149606299213,"83.17399999999995",70.8619999999999,69.1519999999999,65.8039999999999,31.8,15.3,24.2
"BOOI4","2018-08-15 17:00",79.1419999999999,74.35,1822727.3,0,5.413395,12.67,0.015748031496063,"82.795999999999978",70.9339999999999,69.1339999999999,65.8039999999999,31.8,15.2,24.2
"BOOI4","2018-08-15 18:00",79.34,81.1,1057300,0,4.8631077,341.2,0.010511811023622,"82.57999999999997",71.006,69.1339999999999,65.8039999999999,31.7,15.2,24.2
"BOOI4","2018-08-15 19:00",76.2079999999999,83.7,301336.36,0,3.0109212,337.4,0.00366141732283465,"81.895999999999987",71.096,69.1159999999999,65.8039999999999,31.7,15.2,24.2
"BOOI4","2018-08-15 20:00",74.3179999999999,88,89354.55,0,1.3130838,345.1,0.00122047244094488,"80.887999999999977",71.1679999999999,69.098,65.8039999999999,31.7,15.2,24.2
"BOOI4","2018-08-15 21:00",71.9239999999999,92.8,6851.818,0,1.9260054,306.4,-0.000275590551181102,"79.825999999999922",71.2579999999999,69.098,65.8039999999999,31.8,15.2,24.2
"BOOI4","2018-08-15 22:00",72.374,89.8,0,0,1.9461378,334.1,-0.00031496062992126,"78.835999999999899",71.3119999999999,69.098,65.8039999999999,31.8,15.2,24.2
"BOOI4","2018-08-15 23:00",71.4019999999999,93,0,0,0.36909512,356.9,-0.00078740157480315,"77.971999999999966",71.3659999999999,69.098,65.8039999999999,31.8,15.2,24.2
"BOOI4","2018-08-16 00:00",71.9779999999999,93.6,0,0,1.0222815,322.3,-0.000590551181102362,"77.305999999999969",71.4019999999999,69.1159999999999,65.8039999999999,31.8,15.2,24.2
"BOOI4","2018-08-16 01:00",71.8339999999999,94,0,0,1.0625465,331.4,-0.000590551181102362,"76.747999999999962",71.4199999999999,69.1159999999999,65.8039999999999,31.8,15.2,24.2
"BOOI4","2018-08-16 02:00",69.5659999999999,97.7,0,0,0,0,-0.000905511811023622,"76.261999999999887",71.4199999999999,69.1159999999999,65.8039999999999,31.8,15.3,24.2
"BOOI4","2018-08-16 03:00",70.34,98.2,0,0,0.09842536,354.1,-0.000866141732283465,"75.757999999999939",71.4199999999999,69.1159999999999,65.8039999999999,31.8,15.3,24.2
"BOOI4","2018-08-16 04:00",68.846,99.4,0,0,1.8208692,347.4,-0.000590551181102362,"75.307999999999936",71.3839999999999,69.1339999999999,65.8039999999999,31.8,15.3,24.2
"BOOI4","2018-08-16 05:00",68.306,100,0,0,1.715733,341.2,-0.000669291338582677,"74.821999999999974",71.3659999999999,69.1519999999999,65.822,31.8,15.3,24.2
"BOOI4","2018-08-16 06:00",67.874,100,0,0,0.92609316,357.4,-0.000748031496062992,"74.389999999999958",71.33,69.1519999999999,65.8039999999999,31.8,15.3,24.2
"BOOI4","2018-08-16 07:00",67.6579999999999,100,24999.998,0,1.2415017,23,-0.000590551181102362,"74.029999999999973",71.2939999999999,69.1699999999999,65.822,31.8,15.3,24.2
"BOOI4","2018-08-16 08:00",68.846,100,162981.81,0,1.2012367,66.16,0.000905511811023622,"73.831999999999951",71.2579999999999,69.1699999999999,65.822,31.8,15.3,24.2
"BOOI4","2018-08-16 09:00",71.1319999999999,99.9,537090.94,0,1.3712442,108.6,0.00366141732283465,"73.903999999999883",71.2039999999999,69.1699999999999,65.822,31.8,15.3,24.2
"BOOI4","2018-08-16 10:00",70.9339999999999,99.4,398154.54,0,3.2748802,252.5,0.0031496062992126,"74.425999999999917",71.1499999999999,69.1699999999999,65.822,31.8,15.3,24.2
"BOOI4","2018-08-16 11:00",70.8259999999999,98.6,270327.27,0.030000001,3.4023857,304.4,0.0021259842519685,"74.71399999999997",71.096,69.188,65.822,31.8,15.3,24.2
"BOOI4","2018-08-16 12:00",67.622,100,114263.63,0.57992125,3.3934379,334,0.00094488188976378,"74.443999999999903",71.0419999999999,69.1699999999999,65.822,33.8,15.4,24.3
"BOOI4","2018-08-16 13:00",69.422,98.2,331900,0.080000006,4.6483617,7.302,0.00248031496062992,"73.399999999999935",71.006,69.188,65.84,38.6,16.1,25.3
"BOOI4","2018-08-16 14:00",75.3259999999999,87.2,2318091,0,3.6305537,316.9,0.0174803149606299,"73.795999999999978",70.9519999999999,69.188,65.8579999999999,36.7,16.3,25.4
"BOOI4","2018-08-16 15:00",75.7939999999999,84.9,2247181.6,0,3.4538355,19.55,0.0181496062992126,"76.621999999999971",70.9159999999999,69.188,65.8579999999999,36,16.5,25.3
"BOOI4","2018-08-16 16:00",77.1439999999999,81.5,1594363.6,0,3.125005,15.06,0.0133858267716536,"78.133999999999929",70.8619999999999,69.188,65.8579999999999,35.7,16.7,25.2
"BOOI4","2018-08-16 17:00",76.3339999999999,85.1,1299818.2,0,4.77363,40.52,0.0113385826771653,"78.835999999999899",70.8259999999999,69.188,65.8579999999999,35.5,16.8,25.2
"BOOI4","2018-08-16 18:00",77.5759999999999,80.7,1407636.4,0,5.106934,27.28,0.0116929133858268,"78.67399999999995",70.8079999999999,69.1699999999999,65.8579999999999,35.3,16.9,25.1
"BOOI4","2018-08-16 19:00",75.272,85.6,472000,0,4.5946746,28.87,0.00488188976377953,"78.115999999999943",70.8079999999999,69.1699999999999,65.8579999999999,35.2,17,25
"BOOI4","2018-08-16 20:00",69.1699999999999,93.9,42455.452,0,5.695249,11.42,0.00192913385826772,"77.305999999999969",70.8439999999999,69.1699999999999,65.8759999999999,35.2,17.1,25
"BOOI4","2018-08-16 21:00",67.1359999999999,97.4,1997.2726,0.030000001,4.138339,1.694,-0.000590551181102362,"76.171999999999969",70.88,69.1699999999999,65.8579999999999,35.2,17.2,25
"BOOI4","2018-08-16 22:00",66.5779999999999,98.8,0,0,0.5547611,56.37,-0.00125984251968504,"75.163999999999973",70.898,69.1519999999999,65.8579999999999,35.1,17.3,24.9
"BOOI4","2018-08-16 23:00",64.832,99.1,0,0,0.48317906,350.5,-0.0012992125984252,"74.317999999999913",70.9339999999999,69.1519999999999,65.8759999999999,35.1,17.3,24.9
"BOOI4","2018-08-17 00:00",65.6419999999999,98.4,0,0,2.0758803,340.6,-0.00094488188976378,"73.507999999999939",70.9339999999999,69.1339999999999,65.8759999999999,35.1,17.4,24.9
"BOOI4","2018-08-17 01:00",64.2199999999999,100,0,0,2.308522,278.7,-0.00094488188976378,"72.823999999999941",70.9339999999999,69.1339999999999,65.8759999999999,35,17.4,24.8
"BOOI4","2018-08-17 02:00",65.3539999999999,100,0,0,3.9347773,287.5,-0.000748031496062992,"72.283999999999921",70.898,69.1339999999999,65.8759999999999,35,17.5,24.8
"BOOI4","2018-08-17 03:00",65.6599999999999,100,0,0,3.9124079,296.5,-0.00078740157480315,"71.905999999999963",70.8619999999999,69.1339999999999,65.8759999999999,35,17.5,24.8
"BOOI4","2018-08-17 04:00",65.2999999999999,100,0,0,3.5187066,301,-0.00078740157480315,"71.491999999999933",70.8259999999999,69.1339999999999,65.8759999999999,35,17.6,24.8
"BOOI4","2018-08-17 05:00",64.58,100,0,0,2.0221937,299.4,-0.000984251968503937,"71.059999999999917",70.7539999999999,69.1159999999999,65.8759999999999,35,17.6,24.7
"BOOI4","2018-08-17 06:00",65.6599999999999,100,0,0.010000001,3.1786919,327.4,-0.000826771653543307,"70.645999999999987",70.6819999999999,69.1159999999999,65.8759999999999,35,17.6,24.7
"BOOI4","2018-08-17 07:00",65.4619999999999,100,50123.64,0,4.0063596,356.3,-0.000590551181102362,"70.267999999999915",70.6099999999999,69.1159999999999,65.8759999999999,34.9,17.6,24.7
"BOOI4","2018-08-17 08:00",67.4419999999999,98.9,405981.84,0,4.3307157,343.2,0.00110236220472441,"70.069999999999894",70.538,69.1159999999999,65.8759999999999,34.9,17.6,24.7
"BOOI4","2018-08-17 09:00",70.3939999999999,91.3,878363.65,0,4.769156,353,0.00519685039370079,"70.285999999999902",70.4659999999999,69.1159999999999,65.8939999999999,34.9,17.6,24.7
"BOOI4","2018-08-17 10:00",73.7599999999999,83.4,1668272.8,0,6.1225047,9.13,0.0120472440944882,"71.275999999999925",70.3759999999999,69.098,65.8939999999999,34.9,17.6,24.7
"BOOI4","2018-08-17 11:00",76.3519999999999,82.3,2207818,0,5.556559,6.479,0.0171259842519685,"72.931999999999945",70.2859999999999,69.08,65.8759999999999,34.8,17.6,24.7
"BOOI4","2018-08-17 12:00",78.422,78.45,2577000,0,6.404359,347.6,0.0207086614173228,"75.091999999999928",70.232,69.0619999999999,65.8759999999999,34.7,17.6,24.6
"BOOI4","2018-08-17 13:00",79.8439999999999,72.97,2341636.5,0,7.31032,9.92,0.0204724409448819,"77.017999999999915",70.1599999999999,69.0619999999999,65.8939999999999,34.7,17.6,24.6
"BOOI4","2018-08-17 14:00",81.482,69.02,2615727.3,0,7.2521596,356.9,0.023740157480315,"78.20599999999996",70.124,69.0439999999999,65.8759999999999,34.6,17.5,24.6
"BOOI4","2018-08-17 15:00",82.0579999999999,67.92,2446909.2,0,7.0016227,359.5,0.0231496062992126,"79.357999999999933",70.106,69.0079999999999,65.8939999999999,34.5,17.4,24.5
"BOOI4","2018-08-17 16:00",82.7779999999999,65.83,2562636.5,0,6.1225047,348.2,0.0239370078740157,"80.347999999999956",70.106,69.0079999999999,65.8939999999999,34.4,17.3,24.5
"BOOI4","2018-08-17 17:00",82.5439999999999,61.78,2040545.4,0,6.460283,332,0.0202755905511811,"81.067999999999913",70.1419999999999,68.99,65.8759999999999,34.4,17.3,24.5
"BOOI4","2018-08-17 18:00",82.2019999999999,60.72,1463818.1,0,5.8317027,335.1,0.0158661417322835,"81.139999999999958",70.196,68.9539999999999,65.8759999999999,34.3,17.2,24.5
"BOOI4","2018-08-17 19:00",80.006,64.15,762545.5,0,4.829553,342.1,0.00956692913385827,"80.473999999999947",70.2679999999999,68.9359999999999,65.8759999999999,34.4,17.2,24.4
"BOOI4","2018-08-17 20:00",74.9119999999999,79.9,192754.55,0,2.433791,305.1,0.00232283464566929,"79.321999999999974",70.3579999999999,68.9179999999999,65.8759999999999,34.4,17.2,24.4
"BOOI4","2018-08-17 21:00",72.68,83,6501.8187,0,2.912496,324.5,-7.8740157480315e-05,"78.07999999999997",70.43,68.9179999999999,65.8759999999999,34.3,17.2,24.4
"BOOI4","2018-08-17 22:00",71.3659999999999,88.2,0,0,4.71547,342.6,0.00015748031496063,"76.783999999999921",70.5199999999999,68.8999999999999,65.8759999999999,34.3,17.2,24.4
"BOOI4","2018-08-17 23:00",69.332,93.5,0,0,4.136102,10.44,-0.00031496062992126,"75.667999999999921",70.5739999999999,68.8999999999999,65.8759999999999,34.3,17.2,24.4
"BOOI4","2018-08-18 00:00",68.0539999999999,96,0,0,3.2100089,345.4,-0.000669291338582677,"74.71399999999997",70.6279999999999,68.8819999999999,65.8759999999999,34.3,17.2,24.4
"BOOI4","2018-08-18 01:00",67.73,96.2,0,0,2.9348655,335.9,-0.000748031496062992,"73.921999999999969",70.664,68.864,65.8759999999999,34.3,17.2,24.4
"BOOI4","2018-08-18 02:00",66.3079999999999,97.9,0,0,1.9506116,315.8,-0.000984251968503937,"73.219999999999899",70.664,68.8819999999999,65.8759999999999,34.3,17.2,24.4
"BOOI4","2018-08-18 03:00",65.948,97.2,0,0,2.1608841,334.9,-0.00094488188976378,"72.571999999999974",70.664,68.8819999999999,65.8939999999999,34.3,17.2,24.4
"BOOI4","2018-08-18 04:00",65.48,98.4,0,0,3.9258296,345.9,-0.000708661417322835,"71.959999999999908",70.6279999999999,68.8819999999999,65.8939999999999,34.3,17.2,24.4
"BOOI4","2018-08-18 05:00",64.8859999999999,99,0,0,2.9348655,353.9,-0.000866141732283465,"71.383999999999929",70.5919999999999,68.8819999999999,65.8759999999999,34.3,17.2,24.4
"BOOI4","2018-08-18 06:00",64.238,99.6,0,0,2.7134085,352.1,-0.000905511811023622,"70.861999999999895",70.556,68.8819999999999,65.8759999999999,34.3,17.3,24.4
"BOOI4","2018-08-18 07:00",63.7339999999999,99.9,39255.45,0,2.5612962,350.8,-0.00078740157480315,"70.339999999999961",70.4839999999999,68.8999999999999,65.8759999999999,34.3,17.3,24.4
"BOOI4","2018-08-18 08:00",66.4159999999999,97.4,380099.98,0,2.5545855,347.9,0.000984251968503937,"69.997999999999962",70.43,68.8819999999999,65.8759999999999,34.2,17.3,24.4
"BOOI4","2018-08-18 09:00",70.6999999999999,91.7,934727.3,0,2.7424884,13.57,0.00582677165354331,"70.285999999999902",70.3579999999999,68.8819999999999,65.8759999999999,34.2,17.3,24.4
"BOOI4","2018-08-18 10:00",73.706,86.3,1561272.7,0,2.1899643,22.31,0.0112992125984252,"71.473999999999947",70.2859999999999,68.8819999999999,65.8759999999999,34.2,17.3,24.4
"BOOI4","2018-08-18 11:00",75.83,82.9,2139636.5,0,2.2503617,59.55,0.0166141732283465,"73.471999999999966",70.196,68.8819999999999,65.8759999999999,34.2,17.2,24.3
"BOOI4","2018-08-18 12:00",78.7279999999999,76.27,2577727.3,0,2.3487868,55.38,0.0209448818897638,"75.901999999999916",70.124,68.8819999999999,65.8759999999999,34.1,17.2,24.3
"BOOI4","2018-08-18 13:00",80.7439999999999,69.09,2794909.2,0,2.753673,60.03,0.023503937007874,"78.385999999999896",70.0699999999999,68.864,65.8579999999999,34,17.1,24.3
"BOOI4","2018-08-18 14:00",82.598,65.34,2610091,0,2.570244,75.47,0.0228346456692913,"80.563999999999965",70.0339999999999,68.864,65.8759999999999,34,17,24.3
"BOOI4","2018-08-18 15:00",82.7599999999999,61.29,2254091,0,2.8990743,93.9,0.0205118110236221,"81.787999999999982",70.0339999999999,68.846,65.8759999999999,34,17,24.2
"BOOI4","2018-08-18 16:00",83.5339999999999,60.54,2332272.7,0,3.4873896,121.1,0.0216535433070866,"82.813999999999965",70.0519999999999,68.8279999999999,65.8579999999999,33.9,16.9,24.2
"BOOI4","2018-08-18 17:00",83.606,58.98,1780272.7,0,3.2502737,134.3,0.0171259842519685,"83.58799999999998",70.124,68.8099999999999,65.8579999999999,33.8,16.8,24.2
"BOOI4","2018-08-18 18:00",82.6519999999999,63.8,1183909,0,3.2189567,126.4,0.0120866141732284,"83.731999999999957",70.196,68.8099999999999,65.8579999999999,33.8,16.8,24.2
"BOOI4","2018-08-18 19:00",80.7619999999999,74.09,579727.3,0,2.8677568,137.8,0.00641732283464567,"83.119999999999891",70.2859999999999,68.7919999999999,65.8579999999999,33.8,16.7,24.2
"BOOI4","2018-08-18 20:00",78.4039999999999,76.7,162318.19,0,2.201149,119.9,0.0021259842519685,"81.967999999999918",70.4119999999999,68.7739999999999,65.8579999999999,33.8,16.7,24.2
"BOOI4","2018-08-18 21:00",75.2899999999999,89.4,3967.2725,0,2.8655202,119.2,0.00031496062992126,"80.527999999999892",70.5199999999999,68.7739999999999,65.8579999999999,33.8,16.7,24.2
"BOOI4","2018-08-18 22:00",70.9339999999999,95.4,0,0,1.339927,252.1,-0.00062992125984252,"79.159999999999911",70.6279999999999,68.7739999999999,65.8579999999999,33.8,16.7,24.2
"BOOI4","2018-08-18 23:00",71.4739999999999,93.2,0,0,0.04026492,260.4,-0.00110236220472441,"77.95399999999988",70.7179999999999,68.756,65.8579999999999,33.8,16.7,24.2
"BOOI4","2018-08-19 00:00",70.5919999999999,94.7,0,0,0.9820167,40.21,-0.00078740157480315,"76.873999999999953",70.7899999999999,68.756,65.8579999999999,33.9,16.7,24.2
"BOOI4","2018-08-19 01:00",70.088,95.2,0,0,1.4629587,83.1,-0.000708661417322835,"75.919999999999888",70.8439999999999,68.756,65.8579999999999,33.9,16.8,24.2
"BOOI4","2018-08-19 02:00",70.0519999999999,92.4,0,0,2.5926135,92.3,-0.000551181102362205,"75.091999999999928",70.88,68.7739999999999,65.8579999999999,33.9,16.8,24.2
"BOOI4","2018-08-19 03:00",68.6119999999999,95,0,0,2.1698318,134.8,-0.000590551181102362,"74.335999999999899",70.8619999999999,68.7739999999999,65.8579999999999,33.9,16.8,24.2
"BOOI4","2018-08-19 04:00",67.5859999999999,97,0,0,2.9751303,119,-0.000511811023622047,"73.633999999999929",70.88,68.7919999999999,65.8579999999999,33.9,16.8,24.2
"BOOI4","2018-08-19 05:00",66.5239999999999,98.3,0,0,3.9392514,114.6,-0.00047244094488189,"73.003999999999891",70.8439999999999,68.8099999999999,65.8579999999999,33.8,16.8,24.2
"BOOI4","2018-08-19 06:00",65.8939999999999,99.1,0,0,3.317382,122.7,-0.000590551181102362,"72.427999999999898",70.8079999999999,68.8099999999999,65.84,33.8,16.8,24.2
"BOOI4","2018-08-19 07:00",65.498,100,38506.367,0,2.274968,151.7,-0.000551181102362205,"71.869999999999891",70.772,68.8279999999999,65.84,33.8,16.8,24.2
"BOOI4","2018-08-19 08:00",67.5679999999999,99.7,324909.1,0,2.715645,148.3,0.000905511811023622,"71.527999999999892",70.7179999999999,68.8279999999999,65.84,33.8,16.8,24.2
"BOOI4","2018-08-19 09:00",70.3039999999999,97.4,783363.65,0,4.547699,153.2,0.00460629921259843,"71.779999999999973",70.646,68.846,65.84,33.8,16.8,24.2
"BOOI4","2018-08-19 10:00",72.9859999999999,92.8,1106454.6,0,4.0801787,147.3,0.00775590551181103,"72.589999999999961",70.5919999999999,68.846,65.84,33.8,16.8,24.2
"BOOI4","2018-08-19 11:00",75.9019999999999,86.9,1594818.2,0,5.0912757,149.4,0.0122834645669291,"73.921999999999969",70.5199999999999,68.846,65.84,33.8,16.8,24.1
"BOOI4","2018-08-19 12:00",78.2599999999999,81.9,2133818,0,6.5475235,147.2,0.0174803149606299,"75.739999999999952",70.4659999999999,68.846,65.84,33.7,16.8,24.1
"BOOI4","2018-08-19 13:00",79.556,75.52,2273454.6,0,7.7711296,144.2,0.0196850393700787,"77.791999999999931",70.4119999999999,68.864,65.84,33.6,16.7,24.2
"BOOI4","2018-08-19 14:00",79.7539999999999,75.21,1832000,0,8.305758,140.2,0.0174803149606299,"79.50199999999991",70.3759999999999,68.846,65.84,33.7,16.6,24.1
"BOOI4","2018-08-19 15:00",80.4019999999999,73.65,1578181.9,0,8.097723,140.2,0.0160236220472441,"80.419999999999888",70.3759999999999,68.846,65.822,33.6,16.6,24.1
"BOOI4","2018-08-19 16:00",79.1599999999999,77.56,1068181.8,0,7.446773,127.2,0.012244094488189,"80.941999999999936",70.3939999999999,68.846,65.84,33.6,16.6,24.1
"BOOI4","2018-08-19 17:00",78.5119999999999,79.56,711727.23,0,5.7914376,107.2,0.00850393700787402,"80.761999999999887",70.43,68.8279999999999,65.822,33.6,16.5,24.1
"BOOI4","2018-08-19 18:00",77.18,82,397727.26,0,5.889863,97.9,0.00582677165354331,"80.311999999999884",70.4839999999999,68.8279999999999,65.84,33.6,16.5,24.1
"BOOI4","2018-08-19 19:00",76.082,83,194481.83,0,6.5452867,95.1,0.00417322834645669,"79.573999999999941",70.538,68.8279999999999,65.822,33.5,16.4,24.1
"BOOI4","2018-08-19 20:00",74.84,85.3,50574.543,0,7.044124,96.6,0.0031496062992126,"78.727999999999895",70.5919999999999,68.8099999999999,65.822,33.5,16.4,24.1
"BOOI4","2018-08-19 21:00",73.5079999999999,91.2,717.2727,0,5.21207,68.85,0.000708661417322835,"77.827999999999903",70.664,68.8099999999999,65.822,33.5,16.4,24.1
"BOOI4","2018-08-19 22:00",73.3099999999999,91.4,0,0,8.205096,85.4,0.000866141732283465,"77.053999999999888",70.6999999999999,68.8099999999999,65.822,33.6,16.4,24.1
"BOOI4","2018-08-19 23:00",71.7619999999999,96,0,0.020000001,7.0597825,80.4,0.000511811023622047,"76.297999999999959",70.7359999999999,68.8099999999999,65.822,33.6,16.4,24.1
"BOOI4","2018-08-20 00:00",70.7359999999999,97.4,0,0.060000002,6.408833,71.58,0.000236220472440945,"75.631999999999948",70.772,68.8099999999999,65.822,33.6,16.4,24.1
"BOOI4","2018-08-20 01:00",70.0519999999999,96.7,0,0.060000002,8.936575,71.35,0.000236220472440945,"75.037999999999982",70.772,68.8279999999999,65.822,33.6,16.4,24.1
"BOOI4","2018-08-20 02:00",69.5839999999999,96.9,0,0.010000001,9.008158,64.15,0.000275590551181102,"74.407999999999944",70.772,68.8279999999999,65.822,33.6,16.4,24.1
"BOOI4","2018-08-20 03:00",68.8099999999999,97.3,0,0.040000003,12.110793,63.92,0.000236220472440945,"73.867999999999924",70.772,68.8279999999999,65.822,33.6,16.5,24.1
"BOOI4","2018-08-20 04:00",68.288,99.4,0,0.4,11.927363,79.41,0.00015748031496063,"73.075999999999922",70.772,68.846,65.822,37.9,17,24.2
"BOOI4","2018-08-20 05:00",68.18,100,0,0.3700787,10.45322,72.09,0,"72.301999999999907",70.772,68.864,65.822,39.7,18.1,25
"BOOI4","2018-08-20 06:00",68.3779999999999,99.1,0,0.05,12.893722,78.65,0,"71.815999999999946",70.7359999999999,68.8999999999999,65.84,39,20.2,26.8
"BOOI4","2018-08-20 07:00",68.4859999999999,98.6,12309.091,0,12.567129,76.55,0.00015748031496063,"71.617999999999924",70.664,68.9359999999999,65.8579999999999,37.5,20.4,26.6
"BOOI4","2018-08-20 08:00",67.6579999999999,99.7,46054.543,0.020000001,10.598621,58.88,0.000551181102362205,"71.45599999999996",70.5739999999999,68.9359999999999,65.8759999999999,36.9,20.4,26.5
"BOOI4","2018-08-20 09:00",68.972,98.6,120909.08,0.14999999,12.459756,84.6,0.000866141732283465,"71.275999999999925",70.5199999999999,68.9539999999999,65.8579999999999,37.2,20.6,26.6
"BOOI4","2018-08-20 10:00",68.5939999999999,99.4,304781.86,0.080000006,12.571603,85.1,0.00200787401574803,"71.257999999999939",70.448,68.972,65.8759999999999,37.8,20.8,26.9
"BOOI4","2018-08-20 11:00",68.9179999999999,100,354627.26,0.07,13.032413,73.72,0.0021259842519685,"71.32999999999997",70.3759999999999,68.99,65.8759999999999,38.1,20.9,26.9
"BOOI4","2018-08-20 12:00",69.5659999999999,99.7,700272.7,0,11.05272,73.03,0.00433070866141732,"71.635999999999896",70.322,68.99,65.8759999999999,37.7,21,27
"BOOI4","2018-08-20 13:00",70.7179999999999,95.5,718354.55,0,11.265229,73.21,0.00523622047244095,"72.21199999999989",70.2679999999999,69.0079999999999,65.8939999999999,37.3,21,27
"BOOI4","2018-08-20 14:00",71.438,90.5,790254.5,0.010000001,12.976489,76.82,0.00622047244094488,"72.535999999999902",70.196,68.99,65.8939999999999,36.9,20.9,27.1
"BOOI4","2018-08-20 15:00",70.8439999999999,93.3,598727.23,0,13.634149,58.16,0.00523622047244095,"72.75199999999991",70.1419999999999,69.0079999999999,65.8939999999999,36.7,20.8,27
"BOOI4","2018-08-20 16:00",71.78,90.4,537181.8,0,12.835562,50.18,0.00566929133858268,"72.805999999999969",70.124,68.99,65.8939999999999,36.5,20.8,27
"BOOI4","2018-08-20 17:00",71.456,95.1,538881.84,0,9.889512,33.73,0.00547244094488189,"72.823999999999941",70.088,68.99,65.9119999999999,36.4,20.7,27
"BOOI4","2018-08-20 18:00",68.414,99.9,206136.35,0.69015753,11.62314,15.71,0.0018503937007874,"72.679999999999978",70.0699999999999,68.972,65.948,36.9,20.9,27.9
"BOOI4","2018-08-20 19:00",67.1179999999999,99.1,225500,0.09,14.126276,19.29,0.00161417322834646,"71.707999999999942",70.0519999999999,68.99,66.0739999999999,38.4,22,28.2
"BOOI4","2018-08-20 20:00",67.1539999999999,96.6,150781.81,0.010000001,11.73275,30.48,0.00062992125984252,"71.293999999999912",70.0339999999999,69.0079999999999,66.0919999999999,38,21.7,28.2
"BOOI4","2018-08-20 21:00",66.1099999999999,97.8,9762.727,0.010000001,10.231763,14.91,0.000196850393700787,"70.951999999999913",70.0159999999999,69.0259999999999,66.1099999999999,37.6,21.6,28.2
"BOOI4","2018-08-20 22:00",65.5339999999999,96.2,0,0,10.063993,13.96,0.00031496062992126,"70.50199999999991",69.98,69.0079999999999,66.1099999999999,37.1,21.4,28.1
"BOOI4","2018-08-20 23:00",65.048,95.7,0,0,8.287863,13.32,0.000354330708661417,"70.015999999999948",69.9439999999999,69.0079999999999,66.1099999999999,36.9,21.3,28.1
"BOOI4","2018-08-21 00:00",63.806,98.4,0,0,5.880915,354.5,0.00015748031496063,"69.421999999999969",69.9079999999999,69.0079999999999,66.1279999999999,36.7,21.1,28.1
"BOOI4","2018-08-21 01:00",64.2739999999999,98.6,0,0,6.8830643,342.5,0.000118110236220472,"68.863999999999962",69.8539999999999,68.99,66.1279999999999,36.6,21,28.1
"BOOI4","2018-08-21 02:00",63.572,98.7,0,0,7.2476854,344.2,7.8740157480315e-05,"68.413999999999973",69.782,68.972,66.1279999999999,36.5,21,28.1
"BOOI4","2018-08-21 03:00",62.6359999999999,98.9,0,0,6.41107,348.8,7.8740157480315e-05,"67.981999999999957",69.7279999999999,68.972,66.1279999999999,36.4,20.9,28.2
"BOOI4","2018-08-21 04:00",62.2759999999999,98.9,0,0,6.722005,343,7.8740157480315e-05,"67.54999999999994",69.656,68.9539999999999,66.1279999999999,36.4,20.8,28.2
"BOOI4","2018-08-21 05:00",61.6099999999999,98.5,0,0,5.5587955,344.6,7.8740157480315e-05,"67.099999999999937",69.5659999999999,68.9359999999999,66.1279999999999,36.3,20.8,28.2
"BOOI4","2018-08-21 06:00",60.4039999999999,98.5,0,0,4.3888764,341.6,7.8740157480315e-05,"66.667999999999921",69.4759999999999,68.9179999999999,66.1279999999999,36.3,20.7,28.2
"BOOI4","2018-08-21 07:00",60.53,98.2,29754.545,0,5.585639,341.9,0.00015748031496063,"66.181999999999945",69.3859999999999,68.8999999999999,66.1279999999999,36.2,20.7,28.2
"BOOI4","2018-08-21 08:00",62.6539999999999,96.8,378018.2,0,5.824992,337.4,0.000866141732283465,"65.821999999999974",69.296,68.8819999999999,66.1279999999999,36.1,20.7,28.2
"BOOI4","2018-08-21 09:00",63.1759999999999,98.6,749454.5,0,6.475941,335.1,0.00409448818897638,"66.091999999999928",69.206,68.846,66.1279999999999,36.1,20.6,28.2
"BOOI4","2018-08-21 10:00",63.9859999999999,96.1,593727.3,0,8.681564,340.2,0.0037007874015748,"66.739999999999952",69.098,68.8279999999999,66.1099999999999,36,20.6,28.2
"BOOI4","2018-08-21 11:00",67.4419999999999,91,1195636.4,0,7.2074203,354.8,0.00834645669291339,"67.513999999999967",68.99,68.8099999999999,66.1099999999999,36,20.6,28.2
"BOOI4","2018-08-21 12:00",70.0339999999999,86,1227181.9,0,6.475941,343.3,0.00956692913385827,"68.593999999999909",68.8999999999999,68.7739999999999,66.1099999999999,36,20.5,28.2
"BOOI4","2018-08-21 13:00",69.638,87,939000,0,6.6034465,343.7,0.00830708661417323,"69.637999999999977",68.8099999999999,68.756,66.1099999999999,35.9,20.5,28.2
"BOOI4","2018-08-21 14:00",71.4739999999999,83.4,1649181.9,0,6.697398,325.9,0.0129133858267717,"70.37599999999992",68.738,68.7199999999999,66.1099999999999,35.9,20.4,28.2
"BOOI4","2018-08-21 15:00",70.988,83.5,1224363.6,0,6.256721,337.5,0.0105511811023622,"71.473999999999947",68.6839999999999,68.6839999999999,66.1099999999999,35.9,20.4,28.2
"BOOI4","2018-08-21 16:00",71.9419999999999,75.56,1650363.6,0,7.614544,345.1,0.0140551181102362,"72.175999999999917",68.63,68.648,66.1099999999999,35.8,20.4,28.2
"BOOI4","2018-08-21 17:00",71.672,72.54,1456272.7,0,7.5787525,341.8,0.0133858267716536,"72.769999999999897",68.63,68.6119999999999,66.1099999999999,35.7,20.3,28.2
"BOOI4","2018-08-21 18:00",71.6179999999999,71.28,1161727.3,0,7.6436243,349.1,0.011496062992126,"72.841999999999928",68.6119999999999,68.5759999999999,66.0919999999999,35.7,20.2,28.2
"BOOI4","2018-08-21 19:00",69.4939999999999,75.68,660363.65,0,6.310408,7.485,0.00712598425196851,"72.517999999999915",68.6119999999999,68.5579999999999,66.0919999999999,35.7,20.2,28.2
"BOOI4","2018-08-21 20:00",65.588,86.6,169963.64,0,3.4918633,3.834,0.00173228346456693,"71.689999999999955",68.63,68.522,66.0919999999999,35.7,20.2,28.2
"BOOI4","2018-08-21 21:00",62.6179999999999,91.9,3242.7273,0,3.0735555,348.2,-0.000236220472440945,"70.555999999999969",68.648,68.4859999999999,66.0919999999999,35.7,20.2,28.2
"BOOI4","2018-08-21 22:00",62.2579999999999,92.7,0,0,3.867669,344.3,-0.000275590551181102,"69.439999999999955",68.6659999999999,68.4499999999999,66.0919999999999,35.7,20.2,28.2
"BOOI4","2018-08-21 23:00",61.3399999999999,94.6,0,0,0.9037238,331.6,-0.000905511811023622,"68.449999999999932",68.6659999999999,68.4319999999999,66.0739999999999,35.7,20.2,28.2
"BOOI4","2018-08-22 00:00",61.088,94,0,0,5.2299657,344,-0.000196850393700787,"67.639999999999958",68.648,68.396,66.0739999999999,35.6,20.2,28.2
"BOOI4","2018-08-22 01:00",59.846,96.2,0,0,3.315145,342.4,-0.000433070866141732,"66.883999999999929",68.6119999999999,68.3779999999999,66.0739999999999,35.6,20.1,28.2
"BOOI4","2018-08-22 02:00",58.406,96.6,0,0,1.4405893,340.1,-0.00078740157480315,"66.235999999999905",68.5759999999999,68.3419999999999,66.0739999999999,35.6,20.1,28.2
"BOOI4","2018-08-22 03:00",57.596,95.9,0,0,0.894776,331.9,-0.000905511811023622,"65.605999999999966",68.5039999999999,68.3239999999999,66.056,35.6,20.1,28.2
"BOOI4","2018-08-22 04:00",56.6599999999999,96.1,0,0,0.6755558,325.4,-0.00094488188976378,"64.975999999999928",68.4499999999999,68.306,66.056,35.5,20.1,28.3
"BOOI4","2018-08-22 05:00",56.0839999999999,95.5,0,0,0.50107455,301.9,-0.00102362204724409,"64.345999999999989",68.3599999999999,68.2699999999999,66.056,35.5,20.1,28.2
"BOOI4","2018-08-22 06:00",54.932,95.6,0,0,0.3377779,306.2,-0.00106299212598425,"63.733999999999916",68.2699999999999,68.2519999999999,66.056,35.6,20.1,28.3
"BOOI4","2018-08-22 07:00",55.5619999999999,94.1,58924.545,0,3.0444753,298.5,-0.000275590551181102,"63.121999999999971",68.18,68.2339999999999,66.038,35.5,20.1,28.3
"BOOI4","2018-08-22 08:00",59.648,86.9,492436.37,0,2.1608841,301.7,0.00165354330708661,"62.707999999999942",68.072,68.2159999999999,66.038,35.5,20.1,28.3
"BOOI4","2018-08-22 09:00",63.788,77.12,1122636.4,0,3.2368522,331.7,0.00700787401574803,"63.121999999999971",67.946,68.18,66.038,35.4,20.1,28.3
"BOOI4","2018-08-22 10:00",67.6759999999999,66.19,1780272.7,0,4.400061,336.6,0.0130708661417323,"64.417999999999921",67.838,68.1619999999999,66.038,35.4,20.1,28.3
"BOOI4","2018-08-22 11:00",70.538,58.49,2374272.7,0,4.7288914,349,0.0188582677165354,"66.433999999999926",67.73,68.1259999999999,66.0199999999999,35.3,20,28.3
"BOOI4","2018-08-22 12:00",72.1939999999999,53.76,2810000,0,4.3911133,349.6,0.0230314960629921,"68.827999999999903",67.6039999999999,68.09,66.0199999999999,35.3,20,28.3
"BOOI4","2018-08-22 13:00",73.814,44.84,3061818,0,3.7692437,339,0.0256299212598425,"71.347999999999956",67.514,68.0539999999999,66.0199999999999,35.2,19.9,28.2
"BOOI4","2018-08-22 14:00",74.5699999999999,43.4,3095454.6,0,3.1607962,342.8,0.0258661417322835,"73.651999999999916",67.4599999999999,68.0179999999999,66.0019999999999,35.1,19.8,28.2
"BOOI4","2018-08-22 15:00",75.8119999999999,48.29,2879000,0,3.456072,343.5,0.0248425196850394,"75.469999999999899",67.406,67.982,66.0019999999999,35.1,19.8,28.2
"BOOI4","2018-08-22 16:00",74.3359999999999,52.95,2274727.3,0,3.3397515,325.4,0.0204724409448819,"76.71199999999989",67.388,67.946,66.0019999999999,35,19.7,28.2
"BOOI4","2018-08-22 17:00",74.624,50.12,1457909,0,1.6463878,286.6,0.012755905511811,"77.017999999999915",67.406,67.9099999999999,65.9839999999999,35,19.6,28.2
"BOOI4","2018-08-22 18:00",75.7579999999999,43.49,1482545.4,0,1.8700819,285.7,0.0123228346456693,"76.96399999999997",67.4599999999999,67.874,65.9839999999999,35,19.6,28.2
"BOOI4","2018-08-22 19:00",73.0579999999999,65.82,829636.35,0,2.6172197,251.3,0.00732283464566929,"76.693999999999903",67.514,67.838,65.9659999999999,35,19.6,28.2
"BOOI4","2018-08-22 20:00",66.5239999999999,82.9,170672.71,0,0.9193824,256.1,0.000590551181102362,"75.631999999999948",67.5859999999999,67.8019999999999,65.9659999999999,35,19.6,28.1
"BOOI4","2018-08-22 21:00",62.24,87.4,3247.2725,0,2.460634,254.5,-0.000590551181102362,"74.047999999999959",67.6579999999999,67.7659999999999,65.948,35,19.6,28.1
"BOOI4","2018-08-22 22:00",60.764,87.9,0,0,1.9819288,253.7,-0.000826771653543307,"72.409999999999911",67.73,67.73,65.948,35.1,19.6,28.1
"BOOI4","2018-08-22 23:00",59.522,86.6,0,0,1.1028115,251.5,-0.00114173228346457,"70.91599999999994",67.7839999999999,67.7119999999999,65.948,35.1,19.6,28.1
"BOOI4","2018-08-23 00:00",58.3519999999999,88.5,0,0,0,0,-0.00177165354330709,"69.619999999999891",67.8019999999999,67.6759999999999,65.93,35.1,19.6,28.1
"BOOI4","2018-08-23 01:00",59.5579999999999,84.3,0,0,0,0,-0.00181102362204724,"68.485999999999905",67.8199999999999,67.6579999999999,65.93,35.1,19.6,28.1
"BOOI4","2018-08-23 02:00",58.73,86.1,0,0,0,0,-0.00181102362204724,"67.513999999999967",67.8019999999999,67.64,65.9119999999999,35.1,19.6,28.1
"BOOI4","2018-08-23 03:00",57.3619999999999,90.8,0,0,0.10961006,209.7,-0.00169291338582677,"66.649999999999935",67.748,67.622,65.9119999999999,35.1,19.6,28.1
"BOOI4","2018-08-23 04:00",56.156,91.1,0,0,0.744901,212.2,-0.0012992125984252,"65.87599999999992",67.6939999999999,67.6039999999999,65.9119999999999,35,19.6,28.1
"BOOI4","2018-08-23 05:00",55.4179999999999,93.9,0,0,0.44067717,204.6,-0.00145669291338583,"65.191999999999936",67.6039999999999,67.5859999999999,65.8939999999999,35,19.6,28
"BOOI4","2018-08-23 06:00",54.914,94.1,0,0,0.6062107,189,-0.00137795275590551,"64.561999999999884",67.514,67.5859999999999,65.8939999999999,35,19.6,28
"BOOI4","2018-08-23 07:00",56.0119999999999,91.1,33208.183,0,1.6173075,153.8,-0.000866141732283465,"64.021999999999977",67.388,67.5679999999999,65.8759999999999,35,19.6,28
"BOOI4","2018-08-23 08:00",58.0279999999999,90.9,360981.8,0,3.2704062,163.5,0.000866141732283465,"63.62599999999992",67.28,67.5499999999999,65.8759999999999,34.9,19.5,28
"BOOI4","2018-08-23 09:00",63.3199999999999,86.4,878545.5,0,4.494013,175.5,0.00511811023622047,"63.895999999999987",67.1539999999999,67.532,65.8579999999999,35,19.5,28
"BOOI4","2018-08-23 10:00",68.1259999999999,77.61,1543000,0,6.52068,188,0.0111811023622047,"65.029999999999973",67.0279999999999,67.514,65.8579999999999,34.9,19.6,28
"BOOI4","2018-08-23 11:00",70.9339999999999,72.1,1952272.8,0,7.6346765,187.9,0.015748031496063,"66.811999999999884",66.9199999999999,67.4779999999999,65.84,34.9,19.5,28
"BOOI4","2018-08-23 12:00",73.5439999999999,69.61,2590818,0,9.565155,191.8,0.0217716535433071,"68.935999999999908",66.8119999999999,67.4599999999999,65.84,34.8,19.5,28
"BOOI4","2018-08-23 13:00",74.2999999999999,64.67,2396273,0,10.236238,194.2,0.0223622047244094,"71.275999999999925",66.74,67.4239999999999,65.822,34.8,19.4,28
"BOOI4","2018-08-23 14:00",73.0039999999999,64.83,1567636.4,0,9.92754,184.4,0.017007874015748,"72.895999999999987",66.6679999999999,67.406,65.822,34.7,19.3,28
"BOOI4","2018-08-23 15:00",75.5419999999999,57.51,2647545.7,0,12.450808,179.5,0.0254724409448819,"73.525999999999925",66.6499999999999,67.3699999999999,65.8039999999999,34.7,19.3,28
"BOOI4","2018-08-23 16:00",74.732,60.56,1717454.5,0,11.350233,177.8,0.0198425196850394,"74.46199999999989",66.6319999999999,67.3339999999999,65.8039999999999,34.6,19.2,27.9
"BOOI4","2018-08-23 17:00",72.59,71.78,676636.35,0,8.932101,175.5,0.0110236220472441,"74.677999999999898",66.6499999999999,67.298,65.7859999999999,34.6,19.2,27.9
"BOOI4","2018-08-23 18:00",70.34,74.71,318954.56,0,8.587613,181.7,0.00708661417322835,"74.245999999999981",66.6679999999999,67.2619999999999,65.7859999999999,34.6,19.2,27.9
"BOOI4","2018-08-23 19:00",69.2419999999999,80.6,251063.63,0,8.815781,164.7,0.00559055118110236,"73.57999999999997",66.7039999999999,67.2439999999999,65.7859999999999,34.6,19.1,28
"BOOI4","2018-08-23 20:00",68.1619999999999,84.4,113672.73,0,7.688363,163.3,0.00299212598425197,"72.913999999999973",66.74,67.2079999999999,65.7679999999999,34.6,19.1,28
"BOOI4","2018-08-23 21:00",67.532,88.1,3575.4547,0,7.0664935,170.2,0.000984251968503937,"72.265999999999948",66.7759999999999,67.172,65.7499999999999,34.6,19.1,28
"BOOI4","2018-08-23 22:00",67.28,88.8,0,0,8.531689,158.5,0.000905511811023622,"71.689999999999955",66.8119999999999,67.1359999999999,65.7499999999999,34.6,19.1,28
"BOOI4","2018-08-23 23:00",67.2259999999999,88.9,0,0,10.245185,155.5,0.00094488188976378,"71.185999999999908",66.83,67.0999999999999,65.732,34.6,19.1,28
"BOOI4","2018-08-24 00:00",65.948,93,0,0,9.719503,162.7,0.00078740157480315,"70.717999999999918",66.848,67.082,65.732,34.6,19.1,28
"BOOI4","2018-08-24 01:00",65.0659999999999,94.4,0,0,8.659195,156.6,0.000433070866141732,"70.267999999999915",66.8659999999999,67.064,65.714,34.6,19.1,28
"BOOI4","2018-08-24 02:00",65.282,94.7,0,0,7.8046837,156.1,0.000433070866141732,"69.889999999999958",66.8659999999999,67.046,65.714,34.6,19.1,28
"BOOI4","2018-08-24 03:00",65.3179999999999,93.2,0,0,6.5900254,150.3,0.000433070866141732,"69.565999999999946",66.8659999999999,67.0279999999999,65.696,34.6,19.1,28
"BOOI4","2018-08-24 04:00",65.2099999999999,95.6,0,0,6.932277,154.1,0.00047244094488189,"69.295999999999978",66.8659999999999,67.0099999999999,65.696,34.6,19.1,28
"BOOI4","2018-08-24 05:00",63.932,100,0,0,8.491425,155.7,0.000118110236220472,"69.025999999999925",66.848,66.9919999999999,65.6779999999999,34.6,19.1,28
"BOOI4","2018-08-24 06:00",64.2019999999999,100,0,0,7.5250664,164.5,0,"68.791999999999931",66.83,66.9739999999999,65.6779999999999,34.6,19.1,28
"BOOI4","2018-08-24 07:00",64.4179999999999,100,6348.1817,0,7.82929,163.1,3.93700787401575e-05,"68.611999999999895",66.8119999999999,66.956,65.6599999999999,34.6,19.1,28
"BOOI4","2018-08-24 08:00",64.922,100,74427.27,0,10.267555,156.5,0.00047244094488189,"68.467999999999918",66.7939999999999,66.938,65.6599999999999,34.6,19.1,28
"BOOI4","2018-08-24 09:00",65.39,100,150045.46,0,10.793235,158,0.000905511811023622,"68.395999999999987",66.7759999999999,66.9199999999999,65.6419999999999,34.6,19.1,28
"BOOI4","2018-08-24 10:00",66.488,100,325663.64,0,9.943199,175.2,0.00196850393700787,"68.449999999999932",66.7579999999999,66.9199999999999,65.624,34.6,19.1,28
"BOOI4","2018-08-24 11:00",66.7759999999999,100,319081.8,0,7.744286,207.1,0.00208661417322835,"68.611999999999895",66.74,66.9019999999999,65.624,34.6,19.1,28
"BOOI4","2018-08-24 12:00",70.124,95.1,1345909.2,0,11.795384,164.5,0.00807086614173229,"69.07999999999997",66.722,66.8839999999999,65.606,34.6,19.1,28
"BOOI4","2018-08-24 13:00",71.456,94.3,1060091,0,10.60757,181.8,0.00783464566929134,"69.997999999999962",66.7039999999999,66.8659999999999,65.606,34.6,19.1,28
"BOOI4","2018-08-24 14:00",75.8659999999999,87.7,1985091.1,0,11.486688,191.8,0.0140551181102362,"70.753999999999891",66.7039999999999,66.848,65.588,34.6,19,28
"BOOI4","2018-08-24 15:00",78.53,82.5,2295273,0,6.896486,222,0.0185826771653543,"72.46399999999997",66.7039999999999,66.848,65.588,34.5,19.1,28
"BOOI4","2018-08-24 16:00",78.2239999999999,80.5,1869272.7,0,6.8316145,224.5,0.016259842519685,"74.353999999999886",66.722,66.83,65.5699999999999,34.6,19,28
"BOOI4","2018-08-24 17:00",79.8259999999999,79.95,1647000,0,8.142462,214.5,0.0150393700787402,"75.595999999999989",66.7579999999999,66.8119999999999,65.5699999999999,34.6,19,27.9
"BOOI4","2018-08-24 18:00",80.7079999999999,82.4,1201727.3,0,7.346111,215.5,0.0113385826771653,"76.261999999999887",66.83,66.7939999999999,65.5519999999999,34.6,18.9,27.9
"BOOI4","2018-08-24 19:00",80.1679999999999,83.5,612272.7,0,4.702048,217.7,0.00586614173228346,"76.441999999999936",66.9019999999999,66.7759999999999,65.5339999999999,34.6,18.9,27.9
"BOOI4","2018-08-24 20:00",74.5339999999999,94.1,140990.89,0,3.570156,240.9,0.00137795275590551,"75.991999999999933",67.0099999999999,66.7759999999999,65.5339999999999,34.6,18.9,27.9
"BOOI4","2018-08-24 21:00",72.698,93,2110,0,2.8856525,261.8,-0.00047244094488189,"75.127999999999901",67.1359999999999,66.7579999999999,65.5159999999999,34.5,18.9,27.9
"BOOI4","2018-08-24 22:00",69.746,97.5,0,0,1.3645334,239.6,-0.000866141732283465,"74.209999999999908",67.2439999999999,66.74,65.5159999999999,34.5,18.9,28
"BOOI4","2018-08-24 23:00",70.8259999999999,96.5,0,0,2.6037982,269.7,-0.000708661417322835,"73.417999999999921",67.3519999999999,66.74,65.498,34.5,18.9,28
"BOOI4","2018-08-25 00:00",67.4779999999999,99.1,0,0,3.5567346,258,-0.00062992125984252,"72.697999999999965",67.4599999999999,66.722,65.498,34.5,18.9,28
"BOOI4","2018-08-25 01:00",67.1179999999999,100,0,0,3.283828,259.1,-0.000748031496062992,"72.031999999999954",67.5499999999999,66.74,65.48,34.6,18.9,28
"BOOI4","2018-08-25 02:00",65.03,100,0,0,2.1027236,239.1,-0.000866141732283465,"71.365999999999943",67.6039999999999,66.74,65.4619999999999,34.6,18.9,28
"BOOI4","2018-08-25 03:00",65.282,100,0,0,1.1117592,232.9,-0.00106299212598425,"70.717999999999918",67.64,66.74,65.4619999999999,34.6,18.9,28
"BOOI4","2018-08-25 04:00",63.2659999999999,100,0,0,1.192289,210.8,-0.00102362204724409,"70.123999999999953",67.6759999999999,66.74,65.4619999999999,34.6,18.9,28
"BOOI4","2018-08-25 05:00",64.6699999999999,100,0,0,2.8118336,208.7,-0.00078740157480315,"69.619999999999891",67.6939999999999,66.74,65.4439999999999,34.6,18.9,28
"BOOI4","2018-08-25 06:00",65.1019999999999,100,0,0,2.5076098,221.5,-0.000826771653543307,"69.25999999999992",67.6759999999999,66.7759999999999,65.4439999999999,34.6,18.9,28
"BOOI4","2018-08-25 07:00",65.5519999999999,100,28012.724,0,2.9236808,225.2,-0.000669291338582677,"68.95399999999988",67.6759999999999,66.7579999999999,65.4259999999999,34.6,18.9,28
"BOOI4","2018-08-25 08:00",67.856,99.9,452681.82,0,4.1584716,252.2,0.00137795275590551,"68.701999999999913",67.64,66.7759999999999,65.4259999999999,34.6,18.9,28
"BOOI4","2018-08-25 09:00",73.3279999999999,85.2,1040181.9,0,6.044212,269,0.00653543307086614,"68.935999999999908",67.622,66.7939999999999,65.4079999999999,34.6,18.9,28
"BOOI4","2018-08-25 10:00",75.2539999999999,77.34,1600909.2,0,6.8875384,282.7,0.0127952755905512,"69.817999999999913",67.5679999999999,66.7939999999999,65.4079999999999,34.6,18.9,28
"BOOI4","2018-08-25 11:00",77.9179999999999,73.3,2199454.6,0,5.476029,302.9,0.0182283464566929,"71.311999999999884",67.5499999999999,66.8119999999999,65.39,34.5,18.9,28
"BOOI4","2018-08-25 12:00",80.0599999999999,68.54,2604909,0,5.1897006,291.3,0.0222834645669291,"73.525999999999925",67.532,66.8119999999999,65.372,34.5,18.8,28
"BOOI4","2018-08-25 13:00",81.8599999999999,61.2,2879727.3,0,5.2724676,287.9,0.0257874015748032,"76.189999999999955",67.514,66.8119999999999,65.372,34.5,18.7,28
"BOOI4","2018-08-25 14:00",83.156,61.88,2780727.3,0,4.9615326,282,0.0257086614173228,"78.619999999999891",67.514,66.8119999999999,65.372,34.4,18.7,28
"BOOI4","2018-08-25 15:00",84.1819999999999,57.26,2678818,0,3.6909509,261.1,0.0248031496062992,"80.653999999999883",67.5679999999999,66.7939999999999,65.3539999999999,34.3,18.6,28
"BOOI4","2018-08-25 16:00",86.2159999999999,46.66,2314909,0,2.2100966,268.2,0.0211417322834646,"82.363999999999962",67.64,66.8119999999999,65.3359999999999,34.3,18.5,28
"BOOI4","2018-08-25 17:00",86.1439999999999,60.71,1914000,0,2.2637832,239.9,0.0177952755905512,"83.659999999999911",67.7119999999999,66.8119999999999,65.3359999999999,34.3,18.5,28
"BOOI4","2018-08-25 18:00",87.0619999999999,54.77,1281909.2,0,1.4294046,204.4,0.0114566929133858,"84.163999999999973",67.856,66.8119999999999,65.3359999999999,34.3,18.4,27.9
"BOOI4","2018-08-25 19:00",84.74,62.22,598272.7,0,0.0111847,244.6,0.00389763779527559,"83.677999999999898",67.982,66.8119999999999,65.3179999999999,34.3,18.4,27.9
"BOOI4","2018-08-25 20:00",77.99,80.8,118460.91,0,0.9529364,67.61,0.000905511811023622,"82.45399999999988",68.1439999999999,66.8119999999999,65.3179999999999,34.3,18.4,27.9
"BOOI4","2018-08-25 21:00",75.2899999999999,81.9,1110.9091,0,1.2168955,56.16,-0.000708661417322835,"80.977999999999895",68.306,66.8119999999999,65.2999999999999,34.4,18.4,27.9
"BOOI4","2018-08-25 22:00",75.038,83.6,0,0,3.6909509,100.6,0.000236220472440945,"79.591999999999928",68.4499999999999,66.8119999999999,65.2999999999999,34.4,18.4,27.9
"BOOI4","2018-08-25 23:00",71.7439999999999,89,0,0,3.7424006,117.7,-7.8740157480315e-05,"78.349999999999937",68.5759999999999,66.83,65.2999999999999,34.4,18.4,27.9
"BOOI4","2018-08-26 00:00",69.872,92.6,0,0,3.093688,103.9,-0.000393700787401575,"77.25199999999991",68.6839999999999,66.848,65.282,34.4,18.5,27.9
"BOOI4","2018-08-26 01:00",69.872,93.2,0,0,3.8206935,125,-0.000354330708661417,"76.351999999999904",68.7739999999999,66.8659999999999,65.282,34.5,18.5,27.9
"BOOI4","2018-08-26 02:00",68.396,94.8,0,0,3.1160574,163.2,-0.000590551181102362,"75.541999999999931",68.8279999999999,66.8839999999999,65.264,34.5,18.5,27.9
"BOOI4","2018-08-26 03:00",68.414,96.1,0,0,3.0735555,174.6,-0.00062992125984252,"74.857999999999933",68.8819999999999,66.9019999999999,65.264,34.5,18.5,27.9
"BOOI4","2018-08-26 04:00",69.422,97,0,0,3.9325407,181.5,-0.000590551181102362,"74.281999999999954",68.8999999999999,66.9199999999999,65.264,34.5,18.5,27.9
"BOOI4","2018-08-26 05:00",69.9439999999999,98.5,0,0,3.3621209,194.5,-0.000708661417322835,"73.831999999999951",68.8999999999999,66.956,65.246,34.4,18.5,27.9
"BOOI4","2018-08-26 06:00",69.4759999999999,99.5,0,0,2.639589,180.6,-0.000826771653543307,"73.45399999999988",68.8999999999999,66.9919999999999,65.246,34.4,18.5,27.9
"BOOI4","2018-08-26 07:00",70.9159999999999,99.9,21408.182,0,3.4426508,165,-0.000708661417322835,"73.129999999999981",68.8999999999999,67.0099999999999,65.246,34.4,18.5,27.9
"BOOI4","2018-08-26 08:00",73.9579999999999,97.7,211045.46,0,5.0085087,184.7,0.000748031496062992,"73.021999999999977",68.8819999999999,67.046,65.2279999999999,34.4,18.5,27.9
"BOOI4","2018-08-26 09:00",78.1699999999999,88,778636.35,0,6.120268,203.6,0.00555118110236221,"73.291999999999931",68.864,67.064,65.2279999999999,34.5,18.5,27.9
"BOOI4","2018-08-26 10:00",81.5539999999999,78.82,1521636.4,0,8.916443,224.8,0.0137007874015748,"74.101999999999904",68.846,67.082,65.2279999999999,34.5,18.5,27.9
"BOOI4","2018-08-26 11:00",76.838,84.8,316327.27,0,6.2701426,214.1,0.00511811023622047,"74.929999999999978",68.8279999999999,67.0999999999999,65.2099999999999,34.4,18.4,27.9
"BOOI4","2018-08-26 12:00",75.956,87.1,324063.66,0,4.1159697,199.2,0.00405511811023622,"75.00199999999991",68.8279999999999,67.1179999999999,65.2099999999999,34.4,18.4,27.9
"BOOI4","2018-08-26 13:00",78.2599999999999,87.8,916000,0,5.9502606,174.3,0.00874015748031496,"75.145999999999987",68.846,67.1359999999999,65.2099999999999,34.4,18.4,27.9
"BOOI4","2018-08-26 14:00",76.1539999999999,91.5,819727.3,0,7.7465234,182.1,0.00838582677165354,"75.613999999999962",68.864,67.1539999999999,65.1919999999999,34.4,18.4,27.9
"BOOI4","2018-08-26 15:00",76.946,88.3,611363.6,0,8.15812,172.5,0.00665354330708662,"75.757999999999939",68.8999999999999,67.172,65.1919999999999,34.4,18.4,27.9
"BOOI4","2018-08-26 16:00",79.8619999999999,84,1007909.1,0,9.01263,157.1,0.0097244094488189,"75.883999999999929",68.9359999999999,67.172,65.1919999999999,34.4,18.4,27.9
"BOOI4","2018-08-26 17:00",81.68,80.8,1446181.8,0,11.466555,164.8,0.0142125984251968,"76.54999999999994",68.972,67.19,65.1919999999999,34.3,18.3,27.9
"BOOI4","2018-08-26 18:00",81.14,81.1,488727.3,0,10.853634,168.9,0.0081496062992126,"77.197999999999965",69.0079999999999,67.2079999999999,65.1739999999999,34.3,18.4,27.9
"BOOI4","2018-08-26 19:00",79.7899999999999,83.5,181590.9,0,6.751085,203.1,0.00433070866141732,"77.161999999999892",69.0619999999999,67.2259999999999,65.1739999999999,34.3,18.4,27.9
"BOOI4","2018-08-26 20:00",75.8839999999999,91,103684.54,0.010000001,6.0307903,164,0.00188976377952756,"76.729999999999976",69.1339999999999,67.2259999999999,65.1739999999999,34.3,18.4,27.9
"BOOI4","2018-08-26 21:00",75.7039999999999,92.5,562.7273,0,7.0150437,155.3,0.000590551181102362,"76.153999999999883",69.188,67.2439999999999,65.1739999999999,34.3,18.4,27.9
"BOOI4","2018-08-26 22:00",75.614,93.8,0,0,4.3553224,144,0.000433070866141732,"75.667999999999921",69.2599999999999,67.2619999999999,65.1739999999999,34.4,18.4,27.9
"BOOI4","2018-08-26 23:00",76.298,92.7,0,0,5.247861,162.5,0.00031496062992126,"75.289999999999949",69.332,67.28,65.1739999999999,34.4,18.4,27.9
"BOOI4","2018-08-27 00:00",78.08,87.8,0,0,6.267906,189.5,0.00078740157480315,"75.055999999999969",69.3859999999999,67.298,65.156,34.4,18.4,27.9
"BOOI4","2018-08-27 01:00",78.764,84.8,0,0,7.997061,196.3,0.0012992125984252,"74.857999999999933",69.422,67.298,65.156,34.4,18.4,27.9
"BOOI4","2018-08-27 02:00",75.9739999999999,93.4,0,0.030000001,9.126715,199.8,0.00114173228346457,"74.641999999999925",69.4759999999999,67.3159999999999,65.156,34.4,18.4,27.9
"BOOI4","2018-08-27 03:00",74.0659999999999,94.3,0,0.010000001,9.55397,204.3,0.000590551181102362,"74.443999999999903",69.5119999999999,67.3339999999999,65.156,34.4,18.3,27.9
"BOOI4","2018-08-27 04:00",73.7779999999999,96.2,0,0.05,9.529365,208.9,0.000433070866141732,"74.155999999999963",69.548,67.3699999999999,65.156,34.4,18.3,27.9
"BOOI4","2018-08-27 05:00",72.0679999999999,94.8,0,0.07,11.20707,185.5,0.000354330708661417,"73.867999999999924",69.5839999999999,67.388,65.156,34.5,18.3,27.9
"BOOI4","2018-08-27 06:00",71.6539999999999,92.1,0,0,9.395147,177.5,0.000551181102362205,"73.543999999999912",69.6019999999999,67.406,65.156,34.5,18.4,27.9
"BOOI4","2018-08-27 07:00",70.8619999999999,93.8,6700.0003,0,7.5921745,158.7,0.000551181102362205,"73.093999999999909",69.6199999999999,67.4239999999999,65.156,34.5,18.4,27.9
"BOOI4","2018-08-27 08:00",72.5179999999999,94.7,214000.02,0,8.708407,156.8,0.00133858267716536,"72.679999999999978",69.638,67.4419999999999,65.156,34.5,18.4,27.9
"BOOI4","2018-08-27 09:00",76.3699999999999,88.8,927000,0,10.750734,174,0.0065748031496063,"72.769999999999897",69.656,67.4599999999999,65.156,34.4,18.4,27.9
"BOOI4","2018-08-27 10:00",79.124,84.5,1551636.4,0,12.077239,190.2,0.0126771653543307,"73.525999999999925",69.638,67.4779999999999,65.156,34.4,18.3,27.8
"BOOI4","2018-08-27 11:00",81.6439999999999,77.63,2116727.3,0,13.184525,195.5,0.018740157480315,"74.731999999999957",69.6199999999999,67.496,65.156,34.4,18.3,27.8
"BOOI4","2018-08-27 12:00",83.39,75.87,2536545.4,0,13.745996,195,0.0237007874015748,"76.135999999999896",69.6019999999999,67.514,65.138,34.4,18.3,27.8
"BOOI4","2018-08-27 13:00",84.2179999999999,73.18,2782454.6,0,14.396946,191,0.026496062992126,"77.539999999999949",69.6019999999999,67.514,65.156,34.3,18.2,27.8
"BOOI4","2018-08-27 14:00",84.7759999999999,71.71,2770000,0,15.285011,182.6,0.0274015748031496,"78.781999999999954",69.6199999999999,67.532,65.156,34.2,18.1,27.8
"BOOI4","2018-08-27 15:00",84.956,71.43,2564090.8,0,15.191059,187.3,0.0266535433070866,"79.681999999999945",69.638,67.5499999999999,65.138,34.2,18,27.8
"BOOI4","2018-08-27 16:00",84.0019999999999,81.3,1865363.6,0.010000001,12.746084,189.4,0.0214173228346457,"80.257999999999939",69.6739999999999,67.5499999999999,65.138,34.2,18,27.8
"BOOI4","2018-08-27 17:00",86.198,73.36,1225272.7,0,7.569805,214.6,0.0138582677165354,"80.32999999999997",69.764,67.5679999999999,65.138,34.2,17.9,27.8
"BOOI4","2018-08-27 18:00",84.956,76.12,401145.45,0,4.988376,210.8,0.00661417322834646,"80.311999999999884",69.8539999999999,67.5679999999999,65.138,34.2,17.9,27.8
"BOOI4","2018-08-27 19:00",84.38,77.46,373063.63,0,5.0420628,196.9,0.00582677165354331,"79.933999999999926",69.9439999999999,67.5859999999999,65.156,34.2,17.9,27.8
"BOOI4","2018-08-27 20:00",81.374,83.1,97380.005,0,4.4828277,199.9,0.00259842519685039,"79.339999999999961",70.0519999999999,67.6039999999999,65.156,34.2,17.9,27.8
"BOOI4","2018-08-27 21:00",80.0779999999999,80.9,486.36362,0,5.100223,196.5,0.0012992125984252,"78.619999999999891",70.1599999999999,67.622,65.138,34.1,17.9,27.8
"BOOI4","2018-08-27 22:00",81.356,78.21,0,0,8.068643,198.4,0.0021259842519685,"77.917999999999921",70.2499999999999,67.64,65.138,34.1,17.9,27.8
"BOOI4","2018-08-27 23:00",80.996,79.78,0,0,8.7419615,205.4,0.00228346456692913,"77.305999999999969",70.34,67.6759999999999,65.138,34.1,17.9,27.8
"BOOI4","2018-08-28 00:00",79.0339999999999,83.9,0,0,7.084389,199.2,0.00161417322834646,"76.747999999999962",70.4119999999999,67.6939999999999,65.156,34.2,17.9,27.8
"BOOI4","2018-08-28 01:00",78.8359999999999,82.6,0,0,7.196236,206.9,0.00149606299212598,"76.261999999999887",70.4839999999999,67.7119999999999,65.156,34.2,17.9,27.8
"BOOI4","2018-08-28 02:00",79.34,81.3,0,0,8.674853,216.9,0.00188976377952756,"75.847999999999956",70.538,67.73,65.156,34.2,18,27.8
"BOOI4","2018-08-28 03:00",78.08,83.2,0,0,8.437737,221.7,0.00173228346456693,"75.451999999999913",70.5919999999999,67.7659999999999,65.156,34.2,18,27.8
"BOOI4","2018-08-28 04:00",76.6039999999999,87.7,0,0,6.932277,230.1,0.00125984251968504,"75.073999999999941",70.6279999999999,67.7839999999999,65.156,34.2,18,27.8
"BOOI4","2018-08-28 05:00",74.1739999999999,93,0,0,4.030966,228.1,0.000590551181102362,"74.695999999999984",70.664,67.8199999999999,65.156,34.2,18,27.8
"BOOI4","2018-08-28 06:00",72.2659999999999,96.3,0,0,1.3667704,200,0.000118110236220472,"74.281999999999954",70.6819999999999,67.838,65.156,34.2,18,27.8
"BOOI4","2018-08-28 07:00",72.7519999999999,95.3,17508.18,0,3.315145,179.4,0.000236220472440945,"73.885999999999896",70.6999999999999,67.874,65.156,34.2,18,27.8
"BOOI4","2018-08-28 08:00",73.832,95.3,164045.46,0,3.8139827,190.4,0.00094488188976378,"73.615999999999943",70.6999999999999,67.9099999999999,65.156,34.2,18,27.9
"BOOI4","2018-08-28 09:00",79.2859999999999,83.9,834909.1,0,4.5700684,189.9,0.00625984251968504,"73.867999999999924",70.6999999999999,67.9279999999999,65.156,34.2,18,27.8
"BOOI4","2018-08-28 10:00",80.3119999999999,81.7,1199636.4,0,6.7756915,200.3,0.0108661417322835,"74.677999999999898",70.6819999999999,67.946,65.156,34.2,18,27.8
"BOOI4","2018-08-28 11:00",79.988,81.7,992727.23,0,7.513881,213.4,0.010511811023622,"75.631999999999948",70.664,67.982,65.156,34.2,17.9,27.8
"BOOI4","2018-08-28 12:00",76.622,92.7,199872.73,0.05,5.7847266,230.9,0.00362204724409449,"75.937999999999974",70.646,67.9999999999999,65.156,34.1,17.9,27.9
"BOOI4","2018-08-28 13:00",74.372,98,102863.64,0.14,4.0936003,238.4,0.00122047244094488,"75.685999999999908",70.646,68.0179999999999,65.156,34.2,17.9,27.9
"BOOI4","2018-08-28 14:00",74.048,98.6,116290.91,0.030000001,3.5925255,214,0.00106299212598425,"75.361999999999895",70.664,68.0539999999999,65.1739999999999,34.9,17.9,27.9
"BOOI4","2018-08-28 15:00",73.814,98.6,264300,0.11,6.037501,176.7,0.00220472440944882,"75.199999999999932",70.6819999999999,68.0539999999999,65.1739999999999,35.4,17.9,27.8
"BOOI4","2018-08-28 16:00",73.688,99.6,160663.64,0.09,4.4582214,230.5,0.00133858267716536,"75.091999999999928",70.7179999999999,68.09,65.1739999999999,36.6,18.1,27.9
"BOOI4","2018-08-28 17:00",70.3759999999999,99.9,239512.73,0.5098425,4.954822,333.3,0.00181102362204724,"74.605999999999966",70.772,68.1079999999999,65.1739999999999,38.8,18.7,28.1
"BOOI4","2018-08-28 18:00",64.922,98.6,219636.37,0,9.764242,347.2,0.0015748031496063,"74.371999999999971",70.8259999999999,68.198,65.2099999999999,38,19.6,28.1
"BOOI4","2018-08-28 19:00",64.3099999999999,97.8,288409.1,0,11.824465,353,0.00196850393700787,"73.795999999999978",70.8619999999999,68.2699999999999,65.246,37.3,20.1,28.1
"BOOI4","2018-08-28 20:00",62.5279999999999,98.2,35812.73,0.030000001,9.777664,358.7,0.00047244094488189,"72.967999999999918",70.8619999999999,68.306,65.264,37,20.3,28.1
"BOOI4","2018-08-28 21:00",61.088,97,497.27276,0,10.202683,348.7,0.000196850393700787,"72.067999999999913",70.8619999999999,68.3419999999999,65.282,37,20.4,28.2
"BOOI4","2018-08-28 22:00",60.6019999999999,97.6,0,0,9.126715,349.6,0.000196850393700787,"71.167999999999921",70.8259999999999,68.3779999999999,65.282,36.8,20.4,28.2
"BOOI4","2018-08-28 23:00",60.0259999999999,96.5,0,0,8.350497,350.7,0.000196850393700787,"70.37599999999992",70.772,68.414,65.2999999999999,36.7,20.4,28.2
"BOOI4","2018-08-29 00:00",59.648,95.3,0,0,7.9500847,9.48,0.000275590551181102,"69.691999999999936",70.7179999999999,68.4319999999999,65.2999999999999,36.6,20.4,28.2
"BOOI4","2018-08-29 01:00",59.072,94.5,0,0,8.102197,12.26,0.00031496062992126,"69.007999999999939",70.6099999999999,68.4499999999999,65.2999999999999,36.5,20.4,28.2
"BOOI4","2018-08-29 02:00",58.3699999999999,95.6,0,0,5.9703927,3.117,0.000275590551181102,"68.359999999999914",70.5019999999999,68.4679999999999,65.3179999999999,36.4,20.4,28.2
"BOOI4","2018-08-29 03:00",56.9839999999999,97.4,0,0,6.3148813,343.3,0.000196850393700787,"67.729999999999976",70.3759999999999,68.4679999999999,65.3179999999999,36.3,20.4,28.2
"BOOI4","2018-08-29 04:00",55.796,98.1,0,0,5.9032845,341,0.000118110236220472,"67.063999999999965",70.214,68.4859999999999,65.3179999999999,36.3,20.4,28.2
"BOOI4","2018-08-29 05:00",54.932,98,0,0,6.037501,342.3,0.000118110236220472,"66.307999999999936",70.0699999999999,68.4859999999999,65.3359999999999,36.2,20.3,28.2
"BOOI4","2018-08-29 06:00",53.888,98.3,0,0,3.919119,339.5,7.8740157480315e-05,"65.58799999999998",69.9259999999999,68.4859999999999,65.3359999999999,36.2,20.3,28.2
"BOOI4","2018-08-29 07:00",53.4199999999999,98.6,28515.457,0,4.5074344,340.7,0.00015748031496063,"64.885999999999896",69.764,68.4859999999999,65.3359999999999,36.1,20.3,28.2
"BOOI4","2018-08-29 08:00",54.896,95.9,387090.9,0,5.813807,342.3,0.000708661417322835,"64.309999999999917",69.5839999999999,68.4859999999999,65.3539999999999,36.1,20.3,28.2
"BOOI4","2018-08-29 09:00",59.198,87.2,1057727.3,0,5.9636817,346.8,0.0052755905511811,"64.16599999999994",69.4039999999999,68.4679999999999,65.3539999999999,36,20.2,28.2
"BOOI4","2018-08-29 10:00",62.0239999999999,75.99,1716545.4,0,7.33269,6.074,0.0109448818897638,"64.849999999999937",69.2239999999999,68.4499999999999,65.3539999999999,36,20.2,28.2
"BOOI4","2018-08-29 11:00",64.0939999999999,72.54,2296182,0,7.574279,1.643,0.0159055118110236,"66.127999999999901",69.0619999999999,68.4319999999999,65.372,35.9,20.1,28.2
"BOOI4","2018-08-29 12:00",66.6499999999999,66.4,2734454.6,0,6.3998857,353.7,0.02,"67.873999999999953",68.8819999999999,68.414,65.372,35.8,20.1,28.2
"BOOI4","2018-08-29 13:00",68.1619999999999,65.34,2996363.5,0,6.4423876,351.9,0.022755905511811,"69.925999999999917",68.7199999999999,68.3779999999999,65.372,35.7,20.1,28.2
"BOOI4","2018-08-29 14:00",69.656,60.99,2997273,0,4.9503484,0.892,0.0231102362204724,"71.905999999999963",68.5759999999999,68.3599999999999,65.39,35.7,20,28.2
"BOOI4","2018-08-29 15:00",70.5919999999999,63.35,2802545.4,0,4.8698187,20.51,0.0223228346456693,"73.597999999999956",68.4679999999999,68.306,65.39,35.6,19.9,28.2
"BOOI4","2018-08-29 16:00",71.564,57.68,2505363.8,0,5.484977,14.6,0.0209448818897638,"74.87599999999992",68.3779999999999,68.2699999999999,65.39,35.6,19.9,28.2
"BOOI4","2018-08-29 17:00",72.9319999999999,57.23,2051909,0,3.9996488,350.3,0.017244094488189,"75.685999999999908",68.3239999999999,68.2339999999999,65.4079999999999,35.6,19.8,28.2
"BOOI4","2018-08-29 18:00",72.338,58.07,1437545.4,0,3.2525108,357.4,0.0120472440944882,"75.991999999999933",68.306,68.18,65.4079999999999,35.5,19.8,28.2
"BOOI4","2018-08-29 19:00",70.124,64.13,619718.2,0,3.836352,25.43,0.00645669291338583,"75.631999999999948",68.306,68.1439999999999,65.4079999999999,35.5,19.8,28.2
"BOOI4","2018-08-29 20:00",66.5599999999999,73.46,129327.27,0,1.7448131,13.96,0.000511811023622047,"74.479999999999976",68.3239999999999,68.1079999999999,65.4079999999999,35.5,19.8,28.2
"BOOI4","2018-08-29 21:00",62.6179999999999,82.2,804.54546,0,1.6888897,34.09,-0.000826771653543307,"73.057999999999936",68.3419999999999,68.072,65.4259999999999,35.5,19.8,28.2
"BOOI4","2018-08-29 22:00",60.4759999999999,90.4,0,0,1.8566601,53.75,-0.000905511811023622,"71.725999999999928",68.3779999999999,68.0359999999999,65.4079999999999,35.5,19.8,28.2
"BOOI4","2018-08-29 23:00",59.63,92.5,0,0,0.8321417,54.2,-0.00141732283464567,"70.483999999999924",68.3779999999999,67.9999999999999,65.4259999999999,35.5,19.8,28.2
"BOOI4","2018-08-30 00:00",59.7019999999999,91,0,0,0,0,-0.00188976377952756,"69.421999999999969",68.3599999999999,67.964,65.4259999999999,35.5,19.8,28.2
"BOOI4","2018-08-30 01:00",57.4159999999999,94.5,0,0,0.91490847,74.86,-0.00137795275590551,"68.467999999999918",68.3239999999999,67.9279999999999,65.4259999999999,35.4,19.8,28.2
"BOOI4","2018-08-30 02:00",57.4699999999999,94,0,0,2.9415762,89.8,-0.000826771653543307,"67.585999999999899",68.288,67.9099999999999,65.4259999999999,35.4,19.8,28.2
"BOOI4","2018-08-30 03:00",57.1099999999999,93.6,0,0,2.5680072,95.4,-0.000905511811023622,"66.793999999999912",68.2159999999999,67.874,65.4259999999999,35.4,19.8,28.2
"BOOI4","2018-08-30 04:00",55.4359999999999,96.4,0,0,2.5232685,102.6,-0.000905511811023622,"66.073999999999941",68.1259999999999,67.856,65.4259999999999,35.4,19.8,28.2
"BOOI4","2018-08-30 05:00",54.8599999999999,96.7,0,0,2.491951,90.4,-0.000984251968503937,"65.389999999999958",68.0359999999999,67.8199999999999,65.4259999999999,35.4,19.8,28.2
"BOOI4","2018-08-30 06:00",55.1659999999999,96.1,0,0,4.1696563,116.5,-0.000669291338582677,"64.777999999999892",67.946,67.8019999999999,65.4259999999999,35.4,19.8,28.2
"BOOI4","2018-08-30 07:00",53.9239999999999,97.8,24738.184,0,3.357647,83.7,-0.000748031496062992,"64.183999999999926",67.8199999999999,67.7839999999999,65.4439999999999,35.3,19.8,28.2
"BOOI4","2018-08-30 08:00",57.9919999999999,92.8,389790.92,0,4.113733,87.1,0.000866141732283465,"63.715999999999937",67.6939999999999,67.748,65.4259999999999,35.3,19.8,28.2
"BOOI4","2018-08-30 09:00",61.5019999999999,88.5,1003909.1,0,6.52068,132.5,0.00543307086614173,"63.805999999999962",67.5679999999999,67.73,65.4259999999999,35.3,19.8,28.2
"BOOI4","2018-08-30 10:00",66.0199999999999,78.45,1617272.7,0,8.7486725,134,0.0107874015748031,"64.723999999999947",67.4599999999999,67.6939999999999,65.4259999999999,35.3,19.7,28.2
"BOOI4","2018-08-30 11:00",68.6659999999999,75.52,1875636.4,0,8.880651,128.2,0.0144881889763779,"66.217999999999918",67.3339999999999,67.6579999999999,65.4259999999999,35.2,19.7,28.2
"BOOI4","2018-08-30 12:00",70.7359999999999,73,1897272.7,0,10.406245,140.4,0.0161811023622047,"67.83799999999998",67.2079999999999,67.622,65.4259999999999,35.2,19.6,28.2
"BOOI4","2018-08-30 13:00",70.8439999999999,74.93,1873091,0,11.274178,135.3,0.0167716535433071,"69.385999999999896",67.1179999999999,67.5859999999999,65.4259999999999,35.1,19.6,28.2
"BOOI4","2018-08-30 14:00",71.5279999999999,76.58,1525545.4,0,11.871441,141.1,0.0148031496062992,"70.231999999999957",67.046,67.5499999999999,65.4259999999999,35.1,19.6,28.2
"BOOI4","2018-08-30 15:00",72.1039999999999,80.3,1151454.6,0,11.723803,140.6,0.0121259842519685,"70.789999999999949",66.9739999999999,67.514,65.4259999999999,35,19.6,28.1
"BOOI4","2018-08-30 16:00",72.914,81.9,969999.94,0,11.605246,148.8,0.0106692913385827,"71.077999999999903",66.956,67.4779999999999,65.4259999999999,35,19.5,28.1
"BOOI4","2018-08-30 17:00",74.93,80.9,1445636.4,0,12.607394,143.9,0.0132677165354331,"71.401999999999916",66.956,67.4239999999999,65.4259999999999,35,19.5,28.1
"BOOI4","2018-08-30 18:00",75.1999999999999,80.3,924272.7,0,9.480151,149.6,0.00964566929133858,"71.905999999999963",66.956,67.406,65.4259999999999,35,19.5,28.1
"BOOI4","2018-08-30 19:00",74.4439999999999,83.7,552727.3,0,7.847185,142.2,0.00610236220472441,"72.067999999999913",66.9739999999999,67.3699999999999,65.4079999999999,35,19.4,28.1
"BOOI4","2018-08-30 20:00",71.0779999999999,92.6,89349.99,0,5.001798,136.2,0.00114173228346457,"71.761999999999887",67.0099999999999,67.3159999999999,65.4259999999999,35,19.4,28.2
"BOOI4","2018-08-30 21:00",70.088,93.2,266.36365,0,5.469318,137.3,0,"71.113999999999962",67.064,67.28,65.4079999999999,35,19.4,28.2
"BOOI4","2018-08-30 22:00",68.8999999999999,95.8,0,0,5.3865514,139.4,-7.8740157480315e-05,"70.483999999999924",67.0999999999999,67.2439999999999,65.4259999999999,35,19.4,28.2
"BOOI4","2018-08-30 23:00",68.1259999999999,97.5,0,0,5.2143073,141.8,-0.000275590551181102,"69.907999999999944",67.172,67.2259999999999,65.4079999999999,35,19.4,28.2
"BOOI4","2018-08-31 00:00",67.8019999999999,98.2,0,0,7.3192677,151.4,-0.000196850393700787,"69.421999999999969",67.2079999999999,67.19,65.39,35,19.4,28.2
"BOOI4","2018-08-31 01:00",68.3239999999999,98.2,0,0,8.149172,154.2,-0.000196850393700787,"69.025999999999925",67.2439999999999,67.172,65.4079999999999,35,19.4,28.1
"BOOI4","2018-08-31 02:00",67.7119999999999,97.3,0,0,8.775516,159.7,-0.000118110236220472,"68.755999999999958",67.28,67.1359999999999,65.4079999999999,35,19.4,28.2
"BOOI4","2018-08-31 03:00",67.2619999999999,98,0,0,7.3572955,155.7,-0.000196850393700787,"68.467999999999918",67.298,67.1179999999999,65.39,35,19.4,28.2
"BOOI4","2018-08-31 04:00",67.856,98.5,0,0,8.035089,158,-0.000236220472440945,"68.233999999999924",67.3159999999999,67.0999999999999,65.39,35,19.4,28.2
"BOOI4","2018-08-31 05:00",68.2339999999999,98.5,0,0,8.066405,156.7,-0.000236220472440945,"68.197999999999965",67.3159999999999,67.082,65.39,35,19.4,28.2
"BOOI4","2018-08-31 06:00",68.1079999999999,98.6,0,0,8.67038,164.8,-0.000196850393700787,"68.233999999999924",67.3339999999999,67.064,65.372,35,19.4,28.2
"BOOI4","2018-08-31 07:00",67.388,99.8,322.72726,0.29999998,8.406421,181.3,-0.000275590551181102,"68.179999999999978",67.3339999999999,67.046,65.372,39.8,19.8,28.1
"BOOI4","2018-08-31 08:00",67.6939999999999,98.5,10579.091,0,11.211543,170.8,0.000511811023622047,"68.143999999999906",67.3339999999999,67.0279999999999,65.372,38.3,20.1,28.1
"BOOI4","2018-08-31 09:00",68.9539999999999,87,100256.37,0,12.394884,179.4,0.00208661417322835,"68.179999999999978",67.3159999999999,67.0279999999999,65.372,37.3,20.4,28.1
"BOOI4","2018-08-31 10:00",72.8779999999999,81.4,1055909.2,0,11.05272,195.8,0.00909448818897638,"68.359999999999914",67.3159999999999,67.0279999999999,65.372,36.9,20.5,28.1
"BOOI4","2018-08-31 11:00",76.388,69.32,1990090.8,0,12.497784,198.9,0.0179133858267717,"69.331999999999951",67.3159999999999,67.0099999999999,65.3539999999999,36.6,20.4,28.1
"BOOI4","2018-08-31 12:00",80.4019999999999,62.24,2511818,0,13.137549,191.3,0.025236220472441,"70.753999999999891",67.3159999999999,66.9919999999999,65.3539999999999,36.4,20.3,28.1
"BOOI4","2018-08-31 13:00",81.8599999999999,62.32,2820454.3,0,13.553619,191.8,0.028740157480315,"72.409999999999911",67.298,66.9739999999999,65.3539999999999,36.2,20.2,28.1
"BOOI4","2018-08-31 14:00",83.696,59.13,2881454.6,0,13.53125,196,0.0303149606299213,"73.939999999999955",67.3159999999999,66.9739999999999,65.3359999999999,36,20.1,28.1
"BOOI4","2018-08-31 15:00",81.3019999999999,66.95,1685091,0,11.985524,216,0.021496062992126,"75.055999999999969",67.3339999999999,66.9739999999999,65.3359999999999,36,20.1,28.1
"BOOI4","2018-08-31 16:00",77.1079999999999,82.6,512972.8,0,10.779814,222.8,0.00968503937007874,"74.929999999999978",67.3699999999999,66.938,65.3359999999999,35.9,20,28.1
"BOOI4","2018-08-31 17:00",74.6779999999999,87.9,187654.54,0,12.806481,187.3,0.00488188976377953,"74.281999999999954",67.4419999999999,66.938,65.3179999999999,35.9,20,28
"BOOI4","2018-08-31 18:00",75.5599999999999,85.5,216500,0,9.9320135,157.2,0.00468503937007874,"73.615999999999943",67.514,66.9199999999999,65.3179999999999,35.9,20,28
"BOOI4","2018-08-31 19:00",75.74,81.4,365000,0,7.299135,210.6,0.00464566929133858,"73.201999999999913",67.622,66.9199999999999,65.3179999999999,35.8,20,28
"BOOI4","2018-08-31 20:00",72.7339999999999,92.8,134187.29,0,8.522741,218.3,0.00149606299212598,"72.787999999999982",67.6939999999999,66.9019999999999,65.2999999999999,35.8,19.9,28
"BOOI4","2018-08-31 21:00",69.89,97.2,301.8182,0,0.8903021,86.6,0.000118110236220472,"72.193999999999903",67.7659999999999,66.9019999999999,65.2999999999999,35.8,19.9,28.1
"BOOI4","2018-08-31 22:00",70.8079999999999,95.8,0,0,2.3733933,115.4,0.00015748031496063,"71.545999999999978",67.838,66.9019999999999,65.282,35.8,19.9,28.1
"BOOI4","2018-08-31 23:00",70.898,96.5,0,0,3.8855648,134.8,0.000236220472440945,"71.077999999999903",67.9099999999999,66.9019999999999,65.282,35.8,19.9,28.1
"BOOI4","2018-09-01 00:00",70.5739999999999,98.2,0,0,4.0936003,118.7,0.00015748031496063,"70.861999999999895",67.964,66.9019999999999,65.282,35.7,19.9,28.1
"BOOI4","2018-09-01 01:00",70.7359999999999,98.7,0,0,4.55441,118.2,0.000118110236220472,"70.717999999999918",67.9999999999999,66.9019999999999,65.282,35.7,19.9,28.1
"BOOI4","2018-09-01 02:00",70.7359999999999,99.4,0,0,4.180841,108.9,7.8740157480315e-05,"70.591999999999928",68.0359999999999,66.9199999999999,65.264,35.7,19.9,28.1
"BOOI4","2018-09-01 03:00",70.6819999999999,99.7,0,0,6.551997,115.9,3.93700787401575e-05,"70.465999999999937",68.0539999999999,66.9019999999999,65.264,35.7,19.9,28.1
"BOOI4","2018-09-01 04:00",70.6999999999999,99.7,0,0,5.567744,116.1,3.93700787401575e-05,"70.447999999999965",68.09,66.9199999999999,65.264,35.7,19.9,28.1
"BOOI4","2018-09-01 05:00",70.6819999999999,99.8,0,0.26,5.968156,152,3.93700787401575e-05,"70.393999999999906",68.1079999999999,66.938,65.246,35.6,19.9,28.1
"BOOI4","2018-09-01 06:00",67.9279999999999,97.6,0,0.21000001,5.86302,206.2,0.000196850393700787,"70.231999999999957",68.1439999999999,66.956,65.246,38.9,20.8,28.2
"BOOI4","2018-09-01 07:00",68.396,95.8,77.27273,0.010000001,6.375279,179.6,0.00015748031496063,"69.96199999999989",68.18,66.9739999999999,65.246,38.3,21,28.2
"BOOI4","2018-09-01 08:00",67.4239999999999,98.5,32726.364,0.010000001,4.2211056,201.9,0.000511811023622047,"69.727999999999895",68.18,66.9919999999999,65.246,37.6,21.1,28.2
"BOOI4","2018-09-01 09:00",66.6679999999999,98.8,12059.091,0.030000001,8.683801,239.5,0.000748031496062992,"69.4939999999999",68.198,67.0099999999999,65.246,37.2,21.1,28.2
"BOOI4","2018-09-01 10:00",68.306,96.9,176718.17,0.010000001,5.4424753,146.4,0.00153543307086614,"69.25999999999992",68.198,67.0099999999999,65.246,37.3,21.1,28.2
"BOOI4","2018-09-01 11:00",71.582,89.9,982818.1,0,4.603623,158.8,0.00732283464566929,"69.457999999999942",68.18,67.0099999999999,65.246,37.2,21.1,28.3
"BOOI4","2018-09-01 12:00",73.1119999999999,89.6,1026909,0,1.3936137,159.1,0.0084251968503937,"70.717999999999918",68.18,67.0279999999999,65.246,37,21.1,28.3
"BOOI4","2018-09-01 13:00",75.1099999999999,86.9,1730363.6,0,4.7467866,140.7,0.0135826771653543,"71.977999999999895",68.1619999999999,67.0279999999999,65.2279999999999,36.8,21.1,28.3
"BOOI4","2018-09-01 14:00",76.9279999999999,85.7,2194090.8,0,5.9972363,138.2,0.0173622047244095,"73.921999999999969",68.1439999999999,67.046,65.2279999999999,36.7,21,28.3
"BOOI4","2018-09-01 15:00",78.9079999999999,82.5,2561090.8,0,6.404359,150.6,0.0202755905511811,"75.70399999999988",68.1439999999999,67.046,65.2279999999999,36.5,20.9,28.3
"BOOI4","2018-09-01 16:00",80.3659999999999,79.67,2166182,0,3.6820033,156.3,0.0182677165354331,"77.503999999999891",68.1439999999999,67.046,65.2279999999999,36.5,21,28.3
"BOOI4","2018-09-01 17:00",80.33,82.1,1091818.1,0,1.943901,86.5,0.00976377952755906,"78.745999999999981",68.198,67.046,65.2279999999999,36.4,20.9,28.3
"BOOI4","2018-09-01 18:00",79.1599999999999,88.5,298572.72,0,3.7714808,88.8,0.00377952755905512,"78.529999999999973",68.2699999999999,67.046,65.2279999999999,36.3,20.9,28.3
"BOOI4","2018-09-01 19:00",78.08,89.6,241454.54,0,4.804947,72.61,0.0031496062992126,"77.845999999999989",68.3419999999999,67.064,65.2099999999999,36.3,20.9,28.2
"BOOI4","2018-09-01 20:00",72.572,91.4,250945.47,0,6.950173,120,0.0018503937007874,"77.107999999999933",68.4679999999999,67.046,65.2099999999999,36.3,20.9,28.2
"BOOI4","2018-09-01 21:00",71.0779999999999,95.3,153.63637,0,3.1048727,131.1,0.000354330708661417,"76.153999999999883",68.5579999999999,67.064,65.2099999999999,36.3,20.9,28.3
"BOOI4","2018-09-01 22:00",70.538,92.1,0,0.020000001,6.4737043,175.6,0.000551181102362205,"75.127999999999901",68.6839999999999,67.064,65.2099999999999,36.3,20.9,28.3
"BOOI4","2018-09-01 23:00",71.9599999999999,89.8,0,0.32992128,9.9387245,236.5,0.00125984251968504,"73.921999999999969",68.8279999999999,67.064,65.2099999999999,39.1,22.2,28.4
"BOOI4","2018-09-02 00:00",69.746,97.9,0,0.8401575,7.607833,178,0.000354330708661417,"73.75999999999992",68.972,67.1179999999999,65.2099999999999,40.1,35.2,28.7
"BOOI4","2018-09-02 01:00",68.3779999999999,99.9,0,0.16000001,2.905785,164.6,3.93700787401575e-05,"M",69.098,67.172,65.2279999999999,40.7,35.5,28.8
"BOOI4","2018-09-02 02:00",68.1439999999999,100,0,0.030000001,1.9304792,138.6,0,"M",69.1699999999999,67.2259999999999,65.246,42.1,35.5,28.8
"BOOI4","2018-09-02 03:00",68.3599999999999,100,0,0,4.6304655,93.5,0,"90.607999999999933",69.188,67.2439999999999,65.246,42.1,35.5,28.8
"BOOI4","2018-09-02 04:00",68.1619999999999,100,0,0,2.3264174,90.4,0,"74.335999999999899",69.188,67.28,65.246,42.1,35.5,28.8
"BOOI4","2018-09-02 05:00",67.514,100,0,0,1.1609719,159.1,0,"74.191999999999936",69.1519999999999,67.298,65.246,42.1,35.5,28.8
"BOOI4","2018-09-02 06:00",67.3159999999999,100,0,0,2.4539232,152.3,0,"73.507999999999939",69.1339999999999,67.3159999999999,65.246,41.9,35.5,28.8
"BOOI4","2018-09-02 07:00",67.496,100,625.45455,0,3.3352776,158.8,0,"72.319999999999894",69.1159999999999,67.3519999999999,65.264,41.8,35.5,28.8
"BOOI4","2018-09-02 08:00",68.9359999999999,97.3,47352.726,0.040000003,3.3352776,163.5,0.00047244094488189,"71.851999999999904",69.08,67.3519999999999,65.264,41.3,35.5,28.8
"BOOI4","2018-09-02 09:00",72.0679999999999,90.6,755000,0,5.5051093,138.7,0.00452755905511811,"72.301999999999907",69.0439999999999,67.3699999999999,65.264,41.3,35.5,28.8
"BOOI4","2018-09-02 10:00",72.788,90.5,1146636.4,0,9.943199,130,0.00838582677165354,"72.985999999999905",69.0079999999999,67.388,65.264,41.2,35.5,28.8
"BOOI4","2018-09-02 11:00",72.7519999999999,93.4,397209.08,0,5.223255,154.9,0.00389763779527559,"73.543999999999912",68.972,67.406,65.264,40.9,35.6,28.8
"BOOI4","2018-09-02 12:00",72.3919999999999,97,253809.07,0.040000003,3.3285668,175.8,0.00232283464566929,"73.849999999999937",68.9539999999999,67.406,65.246,40.9,35.5,28.8
"BOOI4","2018-09-02 13:00",73.3999999999999,95.2,576818.2,0,3.3733056,202.4,0.00480314960629921,"74.119999999999891",68.9179999999999,67.4239999999999,65.264,40.9,35.5,28.7
"BOOI4","2018-09-02 14:00",77.8279999999999,86.5,1967091,0,4.719943,188.3,0.0154330708661417,"75.847999999999956",68.8999999999999,67.4239999999999,65.264,39.7,35.5,28.7
"BOOI4","2018-09-02 15:00",78.6919999999999,89,1427181.8,0,4.7490234,246.5,0.0124409448818898,"77.269999999999897",68.8819999999999,67.4239999999999,65.264,39.6,35.5,28.7
"BOOI4","2018-09-02 16:00",75.596,95.4,423181.82,0,1.7358655,211.4,0.00393700787401575,"77.413999999999973",68.8999999999999,67.4239999999999,65.246,39.6,35.5,28.7
"BOOI4","2018-09-02 17:00",74.39,96.5,250863.62,0,1.1028115,198.9,0.00228346456692913,"77.12599999999992",68.9179999999999,67.4239999999999,65.246,39.6,35.6,28.7
"BOOI4","2018-09-02 18:00",75.8839999999999,93.8,513363.65,0,0.7650335,175,0.00413385826771654,"75.775999999999925",68.9539999999999,67.4419999999999,65.246,39.6,35.6,28.7
"BOOI4","2018-09-02 19:00",76.5859999999999,92.9,443618.16,0,0.51002234,121.7,0.00291338582677165,"75.865999999999943",69.0079999999999,67.4419999999999,65.246,39.6,35.6,28.7
"BOOI4","2018-09-02 20:00",74.0839999999999,97.3,60371.82,0,0.6285801,118.3,-0.000118110236220472,"75.613999999999962",69.0439999999999,67.4419999999999,65.264,39.6,35.6,28.7
"BOOI4","2018-09-02 21:00",71.8699999999999,99.9,35.454545,0,0.04921268,100.2,-0.000275590551181102,"74.911999999999892",69.1159999999999,67.4419999999999,65.264,39.5,35.6,28.7
"BOOI4","2018-09-02 22:00",72.7159999999999,98.8,0,0,1.154261,132.2,-0.000236220472440945,"74.191999999999936",69.1699999999999,67.4599999999999,65.264,39.4,35.6,28.7
"BOOI4","2018-09-02 23:00",71.5999999999999,100,0,0,1.2459755,176.8,-0.000196850393700787,"73.57999999999997",69.2239999999999,67.4599999999999,65.246,39.4,35.7,28.7
"BOOI4","2018-09-03 00:00",71.888,100,0,0,4.737839,143.6,-0.00015748031496063,"73.183999999999926",69.2599999999999,67.4599999999999,65.246,39.4,35.7,28.7
"BOOI4","2018-09-03 01:00",71.4739999999999,100,0,0,1.8186322,160.8,-0.000196850393700787,"72.931999999999945",69.296,67.4779999999999,65.246,39.4,35.7,28.7
"BOOI4","2018-09-03 02:00",71.5279999999999,100,0,0,3.3375144,154.2,-0.00015748031496063,"72.75199999999991",69.314,67.4779999999999,65.264,39.4,35.8,28.7
"BOOI4","2018-09-03 03:00",70.898,100,0,0,3.4829156,164.2,-0.00015748031496063,"72.62599999999992",69.332,67.496,65.246,39.4,35.8,28.7
"BOOI4","2018-09-03 04:00",70.43,100,0,0.030000001,3.1071098,179.4,-0.000196850393700787,"72.445999999999984",69.332,67.496,65.246,39.3,35.8,28.7
"BOOI4","2018-09-03 05:00",69.6919999999999,100,0,0.09,3.0802662,225.2,-0.000196850393700787,"72.193999999999903",69.3499999999999,67.514,65.246,40.2,35.8,28.8
"BOOI4","2018-09-03 06:00",68.99,100,0,0.020000001,3.6730554,249,-0.00015748031496063,"71.92399999999995",69.3499999999999,67.532,65.264,40.8,35.8,28.8
"BOOI4","2018-09-03 07:00",68.7739999999999,100,307.27273,0.060000002,2.1385145,224.9,-0.000196850393700787,"71.617999999999924",69.3679999999999,67.5499999999999,65.264,41.1,35.8,28.9
"BOOI4","2018-09-03 08:00",69.08,100,68046.364,0.040000003,0.68002975,74.5,0.00047244094488189,"71.365999999999943",69.3679999999999,67.5499999999999,65.264,41.2,35.9,28.9
"BOOI4","2018-09-03 09:00",70.2679999999999,100,327863.65,0.010000001,3.3240926,72.11,0.00216535433070866,"71.32999999999997",69.3679999999999,67.5679999999999,65.264,41.2,35.9,28.9
"BOOI4","2018-09-03 10:00",70.5739999999999,100,447936.37,0.010000001,5.4603705,109.8,0.00311023622047244,"71.725999999999928",69.3499999999999,67.5859999999999,65.282,41.2,35.9,28.9
"BOOI4","2018-09-03 11:00",70.088,99.6,384272.7,0.030000001,7.7621818,132.6,0.00271653543307087,"72.031999999999954",69.332,67.5859999999999,65.282,41.3,36,29
"BOOI4","2018-09-03 12:00",70.196,99.6,553272.7,0.05,8.554058,123,0.00377952755905512,"72.157999999999944",69.314,67.6039999999999,65.282,41.2,36,29
"BOOI4","2018-09-03 13:00",70.8439999999999,99,756090.94,0.030000001,7.52954,116.7,0.00519685039370079,"72.355999999999966",69.314,67.6039999999999,65.282,41.3,36,29.1
"BOOI4","2018-09-03 14:00",73.2199999999999,96.3,1184909.2,0,6.422255,115.5,0.0084251968503937,"72.985999999999905",69.296,67.622,65.282,41.3,36,29.1
"BOOI4","2018-09-03 15:00",72.9859999999999,98.1,863909.1,0,6.2880387,118.9,0.00653543307086614,"73.885999999999896",69.296,67.64,65.2999999999999,41.3,36,29
"BOOI4","2018-09-03 16:00",73.688,97.6,573181.8,0.010000001,1.8477124,106.1,0.00484251968503937,"74.389999999999958",69.2779999999999,67.64,65.2999999999999,41.4,36,29
"BOOI4","2018-09-03 17:00",74.3359999999999,96.9,540045.5,0,0.60844773,88.5,0.00452755905511811,"74.605999999999966",69.296,67.64,65.2999999999999,41.4,36,29
"BOOI4","2018-09-03 18:00",74.9659999999999,96,562636.35,0,1.8723189,70.02,0.00440944881889764,"75.00199999999991",69.296,67.64,65.2999999999999,41.4,36,29
"BOOI4","2018-09-03 19:00",74.7859999999999,97.6,169418.18,0,3.5969996,81.9,0.00165354330708661,"75.217999999999918",69.332,67.6579999999999,65.2999999999999,41.4,36,29
"BOOI4","2018-09-03 20:00",73.6699999999999,99.4,41031.82,0,1.4115092,71.05,3.93700787401575e-05,"74.965999999999937",69.3499999999999,67.6579999999999,65.2999999999999,41.4,36,29
"BOOI4","2018-09-03 21:00",72.446,100,0,0,0.05144962,50.76,-0.000354330708661417,"74.443999999999903",69.3679999999999,67.6579999999999,65.2999999999999,41.4,36,29
"BOOI4","2018-09-03 22:00",72.1939999999999,100,0,0,0.98649055,89,-0.00031496062992126,"73.885999999999896",69.4039999999999,67.6759999999999,65.2999999999999,41.4,36,29
"BOOI4","2018-09-03 23:00",71.5279999999999,100,0,0,1.5479624,135.8,-0.000275590551181102,"73.381999999999948",69.44,67.6759999999999,65.2999999999999,41.4,36,29
"BOOI4","2018-09-04 00:00",71.2939999999999,100,0,0,2.9594715,129.8,-0.000236220472440945,"72.931999999999945",69.4759999999999,67.6759999999999,65.3179999999999,41.5,35.9,29
"BOOI4","2018-09-04 01:00",70.8259999999999,100,0,0,2.5903766,142.8,-0.000236220472440945,"72.62599999999992",69.4939999999999,67.6939999999999,65.3179999999999,41.5,35.9,29
"BOOI4","2018-09-04 02:00",69.656,100,0,0,3.1160574,155.8,-0.000236220472440945,"72.247999999999962",69.5119999999999,67.6939999999999,65.2999999999999,41.4,35.9,29
"BOOI4","2018-09-04 03:00",69.638,100,0,0,2.1183822,147.5,-0.000275590551181102,"71.833999999999932",69.5119999999999,67.6939999999999,65.2999999999999,41.5,35.9,28.9
"BOOI4","2018-09-04 04:00",69.8179999999999,100,0,0,3.1630332,169.3,-0.000236220472440945,"71.473999999999947",69.53,67.7119999999999,65.2999999999999,41.4,35.9,28.9
"BOOI4","2018-09-04 05:00",70.3579999999999,100,0,0,3.4426508,178.3,-0.000236220472440945,"71.221999999999966",69.5119999999999,67.7119999999999,65.2999999999999,41.4,35.9,28.8
"BOOI4","2018-09-04 06:00",70.1419999999999,100,0,0,2.8632832,182.1,-0.000236220472440945,"71.023999999999944",69.5119999999999,67.7119999999999,65.3179999999999,41.5,35.9,28.8
"BOOI4","2018-09-04 07:00",70.124,100,15809.092,0,4.28374,172.4,-0.00015748031496063,"70.825999999999922",69.4939999999999,67.73,65.2999999999999,41.5,35.9,28.8
"BOOI4","2018-09-04 08:00",71.456,98.9,211500,0,5.4648447,178.7,0,"70.735999999999905",69.4759999999999,67.73,65.3179999999999,41.5,35.9,28.8
"BOOI4","2018-09-04 09:00",73.706,93.8,587363.65,0,5.388788,179.2,0.00358267716535433,"70.969999999999899",69.4579999999999,67.748,65.2999999999999,41.4,35.9,28.8
"BOOI4","2018-09-04 10:00",77.6119999999999,87.7,1325363.6,0,6.9837265,187.8,0.00960629921259843,"71.905999999999963",69.44,67.748,65.3179999999999,41.4,35.9,28.8
"BOOI4","2018-09-04 11:00",80.1499999999999,83,2025454.5,0,7.997061,189.4,0.0164173228346457,"73.687999999999974",69.4039999999999,67.7659999999999,65.3179999999999,41.4,35.9,28.8
"BOOI4","2018-09-04 12:00",82.7599999999999,77.06,2317545.4,0,7.6659937,184.1,0.0204724409448819,"75.757999999999939",69.4039999999999,67.748,65.2999999999999,41.3,35.9,28.8
"BOOI4","2018-09-04 13:00",82.922,76.17,2176363.5,0,9.448834,169.3,0.0208267716535433,"77.521999999999977",69.3859999999999,67.748,65.3179999999999,41.3,35.9,28.8
"BOOI4","2018-09-04 14:00",84.1999999999999,69.97,2125363.8,0,11.468791,168,0.0225196850393701,"78.763999999999967",69.3859999999999,67.7659999999999,65.2999999999999,41.3,35.9,28.8
"BOOI4","2018-09-04 15:00",84.7579999999999,66.67,1753272.8,0,12.571603,168.2,0.0206299212598425,"79.159999999999911",69.422,67.748,65.2999999999999,41.3,35.8,28.8
"BOOI4","2018-09-04 16:00",83.5699999999999,68.06,1399272.7,0,13.743759,168.6,0.0194488188976378,"79.267999999999915",69.4759999999999,67.7659999999999,65.2999999999999,40.9,35.8,28.8
"BOOI4","2018-09-04 17:00",81.6439999999999,75.37,770636.35,0,10.511381,177.5,0.0127165354330709,"78.979999999999976",69.5659999999999,67.7659999999999,65.2999999999999,40.7,35.7,28.8
"BOOI4","2018-09-04 18:00",73.922,96.5,62841.82,0.120000005,8.021667,194.9,0.00425196850393701,"77.971999999999966",69.656,67.7659999999999,65.2999999999999,40.5,35.7,28.8
"BOOI4","2018-09-04 19:00",71.798,99.5,145400.01,0.24000001,7.77784,206.7,0.00118110236220473,"76.83799999999998",69.764,67.7659999999999,65.2999999999999,40.8,36,29.1
"BOOI4","2018-09-04 20:00",71.9779999999999,99.7,25407.272,0.18,5.3373384,186.1,0.000236220472440945,"76.00999999999992",69.89,67.7839999999999,65.3179999999999,40.9,36,29.1
"BOOI4","2018-09-04 21:00",71.9239999999999,100,0,0.13,5.7220926,158.7,0,"75.199999999999932",69.98,67.8199999999999,65.3179999999999,41,36.1,29.1
"BOOI4","2018-09-04 22:00",72.896,100,0,0.010000001,8.462344,171.6,3.93700787401575e-05,"74.731999999999957",70.0519999999999,67.8199999999999,65.3179999999999,41,36.1,29.1
"BOOI4","2018-09-04 23:00",73.346,99.5,0,0,8.301284,188.9,0,"74.407999999999944",70.106,67.838,65.3179999999999,41,36,29.1
"BOOI4","2018-09-05 00:00",73.364,99.3,0,0,7.22979,205.3,3.93700787401575e-05,"74.191999999999936",70.1419999999999,67.856,65.3179999999999,41,36,29.1
"BOOI4","2018-09-05 01:00",73.8859999999999,97.9,0,0,8.563006,210.8,0.00015748031496063,"74.011999999999887",70.1599999999999,67.874,65.3179999999999,41,36,29.1
"BOOI4","2018-09-05 02:00",73.49,98.5,0,0,7.956795,210.1,0.00015748031496063,"73.813999999999965",70.1779999999999,67.874,65.3359999999999,41,36,29.1
"BOOI4","2018-09-05 03:00",73.5079999999999,98.5,0,0,7.759945,218.4,0.00015748031496063,"73.651999999999916",70.196,67.8919999999999,65.3359999999999,41,36,29.1
"BOOI4","2018-09-05 04:00",71.9419999999999,99.2,0,0.19000001,9.231851,247.6,3.93700787401575e-05,"73.471999999999966",70.196,67.9099999999999,65.3359999999999,41.1,36.1,29.1
"BOOI4","2018-09-05 05:00",70.1419999999999,100,0,0.060000002,4.780341,262,3.93700787401575e-05,"73.183999999999926",70.196,67.946,65.3359999999999,41.1,36.1,29.1
"BOOI4","2018-09-05 06:00",69.7099999999999,100,0,0,0.92833006,292,0,"72.877999999999901",70.214,67.964,65.3539999999999,41.1,36.1,29.1
"BOOI4","2018-09-05 07:00",68.18,100,1649.091,0,3.536602,357.1,0,"72.661999999999892",70.196,67.964,65.3539999999999,41.1,36,29.1
"BOOI4","2018-09-05 08:00",68.2519999999999,100,40008.18,0.010000001,3.576867,12.72,0.00031496062992126,"M",70.1779999999999,67.982,65.3539999999999,41.1,36.1,29.1
"BOOI4","2018-09-05 09:00",68.2519999999999,100,59944.546,0,2.5053728,14.1,0.00047244094488189,"M",70.1599999999999,67.9999999999999,65.372,41.1,36,29.1
"BOOI4","2018-09-05 10:00",68.3239999999999,100,171063.64,0.060000002,3.0243428,2.859,0.0012992125984252,"M",70.124,68.0179999999999,65.372,41.1,36,29.1
"BOOI4","2018-09-05 11:00",68.072,100,200463.64,0.55,3.4448874,8.43,0.00149606299212598,"135.7699999999999",70.106,68.0359999999999,65.372,41.1,36.1,29.1
"BOOI4","2018-09-05 12:00",68.3419999999999,99.9,453790.9,0.1,5.9905252,20.57,0.0031496062992126,"147.9739999999999",70.0699999999999,68.0539999999999,65.4079999999999,41.1,36,29.1
"BOOI4","2018-09-05 13:00",69.8179999999999,94.5,811818.24,0,6.0978985,20.97,0.00586614173228346,"193.28",70.0159999999999,68.072,65.4079999999999,41.1,36,29.1
"BOOI4","2018-09-05 14:00",70.448,91.2,828909.1,0,5.7265663,21.57,0.00665354330708662,"323.95999999999992",69.9619999999999,68.072,65.4079999999999,41.1,36,29.1
"BOOI4","2018-09-05 15:00",71.1499999999999,88.5,756272.77,0,5.6840644,28.02,0.00661417322834646,"M",69.9079999999999,68.09,65.4259999999999,41.1,36,29.1
"BOOI4","2018-09-05 16:00",72.6439999999999,85.5,1175000,0,8.028378,32.1,0.0100393700787402,"M",69.872,68.1079999999999,65.4439999999999,41.1,36,29.1
"BOOI4","2018-09-05 17:00",73.472,82.9,994272.77,0,7.2007103,35.71,0.00901574803149606,"M",69.8179999999999,68.1079999999999,65.48,41.1,36,29.1
"BOOI4","2018-09-05 18:00",72.6439999999999,87.4,727745.5,0,8.001534,39.42,0.00728346456692913,"M",69.782,68.1259999999999,65.48,41.1,36,29.1
"BOOI4","2018-09-05 19:00",71.5999999999999,90,273836.36,0,7.520592,18.56,0.0034251968503937,"M",69.764,68.1439999999999,65.5159999999999,41.1,35.9,29.1
"BOOI4","2018-09-05 20:00",69.296,92.6,56136.364,0,7.265581,16.35,0.000905511811023622,"M",69.764,68.1619999999999,65.5339999999999,41.1,35.9,29.1
"BOOI4","2018-09-05 21:00",67.8199999999999,92.9,0,0,6.60121,23.56,0.00015748031496063,"M",69.746,68.18,65.5519999999999,41.1,36,29.1
"BOOI4","2018-09-05 22:00",66.7759999999999,93.5,0,0,7.755471,27.04,0.00031496062992126,"M",69.746,68.198,65.5699999999999,41.1,35.9,29.1
"BOOI4","2018-09-05 23:00",65.8039999999999,94,0,0,6.3439617,27.54,3.93700787401575e-05,"M",69.7279999999999,68.2159999999999,65.588,41.1,35.9,29.1
"BOOI4","2018-09-06 00:00",65.138,94.4,0,0,5.507346,29.96,3.93700787401575e-05,"M",69.7099999999999,68.2159999999999,65.606,41,35.9,29.1
"BOOI4","2018-09-06 01:00",64.688,90.1,0,0,6.679503,35.72,0.000196850393700787,"M",69.6739999999999,68.2339999999999,65.606,41,35.9,29.1
"BOOI4","2018-09-06 02:00",63.464,92.9,0,0,7.1671557,28.36,0.000236220472440945,"M",69.656,68.2339999999999,65.624,41,35.9,29.1
"BOOI4","2018-09-06 03:00",61.4839999999999,96.9,0,0,7.006096,29.8,7.8740157480315e-05,"M",69.6019999999999,68.2519999999999,65.6419999999999,41,35.8,29.1
"BOOI4","2018-09-06 04:00",60.2599999999999,98.6,0,0,5.708671,31.16,-0.000196850393700787,"M",69.548,68.2519999999999,65.6599999999999,41,35.8,29.1
"BOOI4","2018-09-06 05:00",60.3859999999999,98.8,0,0,5.180753,27.5,-0.000275590551181102,"M",69.4759999999999,68.2519999999999,65.6599999999999,41,35.8,29.1
"BOOI4","2018-09-06 06:00",60.314,96.6,0,0,6.802534,28.42,-0.00015748031496063,"M",69.3859999999999,68.2699999999999,65.6599999999999,41,35.8,29.1
"BOOI4","2018-09-06 07:00",60.314,95.2,5438.1814,0,6.6929245,37.37,-3.93700787401575e-05,"M",69.314,68.2699999999999,65.6779999999999,40.9,35.8,29.1
"BOOI4","2018-09-06 08:00",61.5739999999999,92.1,284181.82,0,6.5117326,37.75,0.000826771653543307,"M",69.206,68.2699999999999,65.696,40.9,35.8,29.1
"BOOI4","2018-09-06 09:00",62.7259999999999,88.5,553909.06,0,7.3595324,44.8,0.00389763779527559,"M",69.1159999999999,68.2699999999999,65.696,40.9,35.7,29
"BOOI4","2018-09-06 10:00",64.1839999999999,85.5,904272.7,0,7.674941,39.31,0.00677165354330709,"M",69.0079999999999,68.2519999999999,65.696,40.9,35.7,29
"BOOI4","2018-09-06 11:00",66.0739999999999,84.2,1183000,0,8.182727,35.15,0.00925196850393701,"M",68.8999999999999,68.2519999999999,65.714,40.9,35.6,29
"BOOI4","2018-09-06 12:00",68.8279999999999,81.7,1513091,0,8.227466,41.55,0.0119685039370079,"M",68.7919999999999,68.2519999999999,65.714,40.8,35.8,29
"BOOI4","2018-09-06 13:00",71.582,79.97,2266000,0,10.497959,60.98,0.0169291338582677,"M",68.6839999999999,68.2339999999999,65.732,40.8,35.8,29
"BOOI4","2018-09-06 14:00",73.1659999999999,75.18,1784727.3,0,10.359269,56.91,0.0157874015748031,"M",68.5939999999999,68.2159999999999,65.732,40.8,35.7,29.1
"BOOI4","2018-09-06 15:00",75.0739999999999,70.34,2029181.8,0,11.209307,62.68,0.0181889763779528,"M",68.5399999999999,68.198,65.732,40.7,35.6,29.1
"BOOI4","2018-09-06 16:00",75.0019999999999,72.61,2014454.5,0,11.484449,74.14,0.0187007874015748,"M",68.5039999999999,68.18,65.732,41,35.6,29.1
"BOOI4","2018-09-06 17:00",74.606,67.24,1638454.6,0,11.106407,74.42,0.0164566929133858,"M",68.4859999999999,68.1439999999999,65.732,41,35.5,29.1
"BOOI4","2018-09-06 18:00",73.1839999999999,78,947909.1,0,9.542786,87.8,0.0106299212598425,"M",68.5039999999999,68.1259999999999,65.732,41,35.5,29.1
"BOOI4","2018-09-06 19:00",71.1319999999999,81.8,275100,0,5.739988,78.92,0.00413385826771654,"M",68.5399999999999,68.1079999999999,65.714,41,35.4,29.1
"BOOI4","2018-09-06 20:00",67.6939999999999,90.3,64800.91,0,3.1764548,53.51,-7.8740157480315e-05,"M",68.5939999999999,68.072,65.714,41,35.4,29.1
"BOOI4","2018-09-06 21:00",65.156,96,0,0,2.5277421,59.84,-0.00047244094488189,"M",68.63,68.0539999999999,65.714,41,35.3,29.1
"BOOI4","2018-09-06 22:00",64.8679999999999,93.6,0,0,3.4985743,41.93,-0.000393700787401575,"M",68.6839999999999,68.0359999999999,65.714,40.9,35.3,29.1
"BOOI4","2018-09-06 23:00",62.3839999999999,91,0,0,3.65516,38.67,-0.000275590551181102,"72.517999999999915",68.7019999999999,68.0179999999999,65.714,41,35.3,29
"BOOI4","2018-09-07 00:00",61.214,91.6,0,0,3.5231807,43.41,-0.000354330708661417,"71.401999999999916",68.7199999999999,67.982,65.714,41,35.3,29
"BOOI4","2018-09-07 01:00",61.5919999999999,91.3,0,0,4.1696563,33.43,-0.000196850393700787,"70.861999999999895",68.7019999999999,67.982,65.696,41,35.3,29
"BOOI4","2018-09-07 02:00",61.4839999999999,89.8,0,0,4.1920257,22.85,-0.00015748031496063,"70.393999999999906",68.6839999999999,67.964,65.696,41,35.2,29
"BOOI4","2018-09-07 03:00",60.9439999999999,91.6,0,0,4.1562347,32.17,-0.000196850393700787,"69.871999999999971",68.6659999999999,67.946,65.696,40.9,35.2,29
"BOOI4","2018-09-07 04:00",61.1419999999999,91.7,0,0,4.2300534,35.92,-0.000196850393700787,"69.385999999999896",68.6119999999999,67.9279999999999,65.696,40.8,35.2,29
"BOOI4","2018-09-07 05:00",61.2859999999999,91.7,0,0,4.2636075,40.31,-0.000236220472440945,"69.043999999999912",68.5399999999999,67.9099999999999,65.6779999999999,40.8,35.1,29
"BOOI4","2018-09-07 06:00",61.0519999999999,93.4,0,0,4.288214,57.45,-0.000236220472440945,"68.773999999999944",68.4679999999999,67.9099999999999,65.6779999999999,40.8,35.1,29
"BOOI4","2018-09-07 07:00",60.332,95.1,1711.8182,0,4.386639,47.79,-0.00031496062992126,"68.341999999999928",68.396,67.8919999999999,65.6779999999999,40.8,35.1,29
"BOOI4","2018-09-07 08:00",59.7199999999999,95.5,79750,0,5.332865,47.46,0.000590551181102362,"67.945999999999984",68.3239999999999,67.8919999999999,65.6599999999999,40.8,35,29
"BOOI4","2018-09-07 09:00",60.7819999999999,89.8,304563.63,0,7.0284653,61.73,0.00236220472440945,"67.801999999999907",68.2339999999999,67.856,65.6599999999999,40.9,35,29
"BOOI4","2018-09-07 10:00",61.1779999999999,85.6,379363.65,0,8.366156,69.5,0.00429133858267717,"67.96399999999997",68.1439999999999,67.838,65.6599999999999,40.8,35,29
"BOOI4","2018-09-07 11:00",62.114,77.57,561090.94,0,7.9858756,73.69,0.0060236220472441,"68.071999999999974",68.0539999999999,67.8199999999999,65.6419999999999,40.8,34.9,29
"BOOI4","2018-09-07 12:00",63.9679999999999,67.65,752090.94,0,7.896398,49.47,0.00854330708661417,"68.485999999999905",67.964,67.8019999999999,65.6419999999999,40.8,34.9,29
"BOOI4","2018-09-07 13:00",65.4619999999999,71.11,996818.2,0,9.202771,58.5,0.0109448818897638,"69.007999999999939",67.874,67.7839999999999,65.6419999999999,40.8,34.9,28.9
"BOOI4","2018-09-07 14:00",66.056,65.46,1200272.7,0,8.15812,41.55,0.0123622047244095,"69.691999999999936",67.8019999999999,67.7659999999999,65.624,40.7,34.8,28.8
"BOOI4","2018-09-07 15:00",66.398,65.19,1547818.1,0,8.475766,43.55,0.0151181102362205,"70.411999999999892",67.7119999999999,67.73,65.624,40.7,34.8,28.8
"BOOI4","2018-09-07 16:00",66.6679999999999,70.95,1114091,0,8.390761,53.42,0.0118503937007874,"70.843999999999909",67.64,67.7119999999999,65.624,40.6,34.8,28.8
"BOOI4","2018-09-07 17:00",66.4159999999999,72.06,797272.7,0,8.7553835,49.8,0.00964566929133858,"70.879999999999981",67.5679999999999,67.6759999999999,65.624,40.6,34.7,28.8
"BOOI4","2018-09-07 18:00",65.93,72.69,684000,0,8.495898,54.64,0.00834645669291339,"70.627999999999901",67.514,67.6579999999999,65.606,40.4,34.7,28.8
"BOOI4","2018-09-07 19:00",65.282,73.91,514636.35,0,8.578665,53.85,0.00618110236220473,"70.411999999999892",67.4779999999999,67.622,65.606,40.3,34.7,28.8
"BOOI4","2018-09-07 20:00",61.4839999999999,80.7,72513.65,0,7.712969,51.73,0.00177165354330709,"69.20599999999996",67.4419999999999,67.5859999999999,65.606,40.2,34.7,28.8
"BOOI4","2018-09-07 21:00",59.306,81,0,0,6.466994,44.35,0.00078740157480315,"68.089999999999961",67.406,67.5679999999999,65.588,40.1,34.7,28.8
"BOOI4","2018-09-07 22:00",58.7839999999999,81.3,0,0,5.7131443,49.14,0.000669291338582677,"67.099999999999937",67.3699999999999,67.532,65.588,40,34.7,28.8
"BOOI4","2018-09-07 23:00",58.4239999999999,85.9,0,0,5.603535,48.42,0.000551181102362205,"66.433999999999926",67.3339999999999,67.514,65.588,40,34.7,28.7
"BOOI4","2018-09-08 00:00",57.8119999999999,90.4,0,0,5.0733795,42.95,0.000275590551181102,"65.87599999999992",67.28,67.4779999999999,65.5699999999999,39.9,34.7,28.7
"BOOI4","2018-09-08 01:00",56.372,94.2,0,0,5.4558964,39.17,7.8740157480315e-05,"65.317999999999913",67.2079999999999,67.4419999999999,65.5699999999999,39.8,34.7,28.7
"BOOI4","2018-09-08 02:00",56.6779999999999,92.4,0,0,5.1293035,57.98,0,"64.867999999999924",67.1359999999999,67.4239999999999,65.5699999999999,39.8,34.6,28.7
"BOOI4","2018-09-08 03:00",56.48,92.1,0,0,5.480503,59.79,0.00015748031496063,"64.345999999999989",67.046,67.388,65.5699999999999,39.8,34.6,28.7
"BOOI4","2018-09-08 04:00",55.6519999999999,96.3,0,0,4.6684937,51.11,-3.93700787401575e-05,"63.859999999999907",66.956,67.3519999999999,65.5519999999999,39.7,34.6,28.7
"BOOI4","2018-09-08 05:00",54.788,96.6,0,0,4.8317904,42.37,-0.000118110236220472,"63.373999999999953",66.848,67.3339999999999,65.5519999999999,39.7,34.6,28.7
"BOOI4","2018-09-08 06:00",53.2759999999999,98.1,0,0,4.7445498,27.8,-0.000196850393700787,"62.797999999999959",66.74,67.298,65.5339999999999,39.7,34.6,28.7
"BOOI4","2018-09-08 07:00",52.8259999999999,97.4,5794.5457,0,5.149436,27.93,-0.00015748031496063,"62.1859999999999",66.6499999999999,67.28,65.5339999999999,39.6,34.6,28.7
"BOOI4","2018-09-08 08:00",54.2659999999999,95.8,240245.45,0,5.7064342,28.9,-0.000118110236220472,"61.735999999999898",66.5419999999999,67.2439999999999,65.5339999999999,39.6,34.6,28.7
"BOOI4","2018-09-08 09:00",57.956,86.3,709545.5,0,6.7756915,49.89,0.00358267716535433,"62.131999999999948",66.4159999999999,67.2079999999999,65.5159999999999,39.5,34.5,28.7
"BOOI4","2018-09-08 10:00",62.9779999999999,78.31,1532363.6,0,10.247422,76.32,0.0101968503937008,"64.075999999999922",66.2899999999999,67.172,65.5159999999999,39.4,34.5,28.7
"BOOI4","2018-09-08 11:00",64.688,72.92,1915454.5,0,12.242773,89.9,0.0140551181102362,"65.209999999999908",66.1819999999999,67.1359999999999,65.5159999999999,39.3,34.5,28.7
"BOOI4","2018-09-08 12:00",66.956,65.84,2191909.2,0,11.459844,91.7,0.0177952755905512,"67.135999999999896",66.056,67.0999999999999,65.5159999999999,39.2,34.4,28.7
"BOOI4","2018-09-08 13:00",67.622,58.75,2445909,0,11.21378,85,0.0209448818897638,"68.701999999999913",65.9659999999999,67.046,65.498,39.1,34.4,28.7
"BOOI4","2018-09-08 14:00",70.214,49.48,2691363.8,0,10.236238,86.8,0.0236220472440945,"70.519999999999897",65.8759999999999,67.0099999999999,65.498,39,34.4,28.7
"BOOI4","2018-09-08 15:00",71.438,48.64,2730363.5,0,10.412956,81.9,0.0256299212598425,"71.905999999999963",65.822,66.9739999999999,65.48,38.9,34.3,28.7
"BOOI4","2018-09-08 16:00",72.4999999999999,47.68,2340181.6,0,10.061756,79.24,0.0240944881889764,"82.831999999999951",65.8039999999999,66.938,65.48,38.9,34.3,28.7
"BOOI4","2018-09-08 17:00",72.23,50.79,1820909,0,9.6412115,81.2,0.0203937007874016,"85.729999999999976",65.8039999999999,66.8839999999999,65.4619999999999,38.8,34.2,28.7
"BOOI4","2018-09-08 18:00",71.5099999999999,52.95,1187636.4,0,9.272117,84.5,0.0155118110236221,"85.513999999999967",65.84,66.848,65.4619999999999,38.8,34.2,28.7
"BOOI4","2018-09-08 19:00",68.7019999999999,63.18,560000,0,7.265581,89,0.0084251968503937,"85.189999999999955",65.8939999999999,66.7939999999999,65.4619999999999,38.7,34.2,28.7
"BOOI4","2018-09-08 20:00",62.546,78.36,70044.55,0,3.7625332,90.7,0.000708661417322835,"70.50199999999991",65.948,66.7579999999999,65.4439999999999,38.7,34.1,28.7
"BOOI4","2018-09-08 21:00",61.0519999999999,82.2,0,0,3.8475368,83.3,3.93700787401575e-05,"69.025999999999925",66.0019999999999,66.722,65.4439999999999,38.7,34.1,28.7
"BOOI4","2018-09-08 22:00",58.19,86.8,0,0,2.4024734,82,-0.00062992125984252,"67.675999999999917",66.038,66.6859999999999,65.4439999999999,38.7,34,28.7
"BOOI4","2018-09-08 23:00",56.93,88.6,0,0,2.724593,84.9,-0.000590551181102362,"66.595999999999989",66.0739999999999,66.6499999999999,65.4259999999999,38.7,34,28.7
"BOOI4","2018-09-09 00:00",56.2279999999999,88.9,0,0,2.532216,58.92,-0.000708661417322835,"65.533999999999921",66.0739999999999,66.6319999999999,65.4259999999999,38.7,34,28.7
"BOOI4","2018-09-09 01:00",56.4619999999999,88.2,0,0,3.6327906,73.83,-0.000433070866141732,"64.525999999999925",66.056,66.596,65.4079999999999,38.6,34,28.7
"BOOI4","2018-09-09 02:00",53.888,93,0,0,2.7357776,61.65,-0.000708661417322835,"63.60799999999994",66.0199999999999,66.5599999999999,65.4079999999999,38.6,33.9,28.7
"BOOI4","2018-09-09 03:00",54.1939999999999,92.8,0,0,2.3197067,39.3,-0.000826771653543307,"62.797999999999959",65.948,66.5419999999999,65.4079999999999,38.6,33.9,28.7
"BOOI4","2018-09-09 04:00",52.5199999999999,96.6,0,0,2.3420763,53.45,-0.000866141732283465,"62.059999999999917",65.8759999999999,66.506,65.39,38.6,33.9,28.7
"BOOI4","2018-09-09 05:00",52.6999999999999,97.5,0,0,2.6440632,41.37,-0.000866141732283465,"61.429999999999978",65.7859999999999,66.488,65.39,38.5,33.8,28.7
"BOOI4","2018-09-09 06:00",50.8999999999999,99.5,0,0,1.7023113,43.55,-0.00106299212598425,"60.799999999999933",65.696,66.4699999999999,65.372,38.5,33.9,28.7
"BOOI4","2018-09-09 07:00",50.8819999999999,100,8191.818,0,1.9170575,40.71,-0.00102362204724409,"60.277999999999899",65.606,66.4339999999999,65.372,38.4,33.8,28.7
"BOOI4","2018-09-09 08:00",53.8339999999999,97.5,335000,0,3.5321283,31.22,0.000196850393700787,"59.953999999999887",65.48,66.4159999999999,65.3539999999999,38.5,33.8,28.7
"BOOI4","2018-09-09 09:00",57.5599999999999,93.7,917636.35,0,5.3440495,64.25,0.00393700787401575,"60.133999999999929",65.372,66.398,65.3359999999999,38.4,33.7,28.7
"BOOI4","2018-09-09 10:00",60.8359999999999,87.7,1572091,0,6.2052712,94.5,0.00893700787401575,"61.627999999999901",65.246,66.3619999999999,65.3359999999999,38.4,33.7,28.7
"BOOI4","2018-09-09 11:00",64.0039999999999,79.81,2150000,0,6.2052712,89,0.0138188976377953,"63.841999999999928",65.1199999999999,66.3259999999999,65.3179999999999,38.4,33.7,28.7
"BOOI4","2018-09-09 12:00",66.596,75.57,2562727.3,0,5.7131443,94.4,0.017992125984252,"67.171999999999969",65.0119999999999,66.2899999999999,65.3179999999999,38.3,33.6,28.7
"BOOI4","2018-09-09 13:00",69.332,64.85,2895000,0,5.762357,101.1,0.0217322834645669,"70.537999999999982",64.922,66.2539999999999,65.2999999999999,38.2,33.6,28.7
"BOOI4","2018-09-09 14:00",70.124,60.75,2353182,0,5.1248293,95.2,0.0194488188976378,"72.499999999999929",64.8679999999999,66.2359999999999,65.2999999999999,38.2,33.6,28.7
"BOOI4","2018-09-09 15:00",72.2839999999999,59.85,2231363.8,0,4.4895387,88.6,0.0188976377952756,"74.155999999999963",64.832,66.1819999999999,65.2999999999999,38.2,33.6,28.7
"BOOI4","2018-09-09 16:00",71.69,56.62,1725272.7,0,4.999561,88.5,0.0161417322834646,"74.87599999999992",64.8679999999999,66.164,65.282,38.1,33.6,28.7
"BOOI4","2018-09-09 17:00",72.6079999999999,54.13,1484818.2,0,3.7468743,87.1,0.0134251968503937,"83.731999999999957",64.922,66.1279999999999,65.264,38.1,33.5,28.6
"BOOI4","2018-09-09 18:00",73.0039999999999,55.56,1144818.1,0,4.8407383,77.17,0.0114566929133858,"84.487999999999985",65.0119999999999,66.0739999999999,65.246,38.1,33.5,28.6
"BOOI4","2018-09-09 19:00",70.3039999999999,59.38,588181.8,0,4.140576,81.3,0.00622047244094488,"86.395999999999987",65.1199999999999,66.056,65.246,38.1,33.4,28.6
"BOOI4","2018-09-09 20:00",64.4359999999999,73.34,72613.64,0,0.97083193,68.2,-0.00122047244094488,"73.075999999999922",65.2279999999999,66.0019999999999,65.2279999999999,38.1,33.4,28.6
"BOOI4","2018-09-09 21:00",61.196,77.67,0,0,1.3980875,62.98,-0.000826771653543307,"71.185999999999908",65.3179999999999,65.9659999999999,65.2279999999999,38.1,33.3,28.6
"BOOI4","2018-09-09 22:00",59.99,80.8,0,0,1.4204569,48.43,-0.000826771653543307,"69.565999999999946",65.4259999999999,65.948,65.2099999999999,38.1,33.3,28.6
"BOOI4","2018-09-09 23:00",59.432,78.93,0,0,1.8208692,72.11,-0.000708661417322835,"68.161999999999892",65.498,65.9119999999999,65.2099999999999,38.1,33.2,28.6
"BOOI4","2018-09-10 00:00",58.9279999999999,73.49,0,0,1.9975874,102.6,-0.000511811023622047,"66.901999999999916",65.5519999999999,65.8939999999999,65.1919999999999,38.1,33.3,28.6
"BOOI4","2018-09-10 01:00",57.5599999999999,75.67,0,0,2.4158952,115.3,-0.00031496062992126,"65.785999999999902",65.5519999999999,65.8759999999999,65.1919999999999,38,33.2,28.6
"BOOI4","2018-09-10 02:00",56.066,80.7,0,0,2.9818408,104.8,-0.000196850393700787,"64.741999999999933",65.5519999999999,65.8579999999999,65.1739999999999,38,33.2,28.6
"BOOI4","2018-09-10 03:00",55.2199999999999,81.7,0,0,1.190052,121.9,-0.000984251968503937,"63.787999999999982",65.498,65.84,65.1739999999999,38,33.2,28.6
"BOOI4","2018-09-10 04:00",54.2119999999999,83.3,0,0,1.3242685,152.8,-0.00094488188976378,"62.977999999999888",65.4619999999999,65.822,65.156,38,33.1,28.6
"BOOI4","2018-09-10 05:00",53.24,85.9,0,0,1.3824289,127.7,-0.00094488188976378,"62.203999999999887",65.372,65.822,65.156,38,33.1,28.6
"BOOI4","2018-09-10 06:00",52.3399999999999,88.8,0,0,2.1765425,137.8,-0.000669291338582677,"61.465999999999937",65.2999999999999,65.8039999999999,65.138,38,33.1,28.6
"BOOI4","2018-09-10 07:00",50.3419999999999,94.5,5995.455,0,1.1989999,141.1,-0.00102362204724409,"60.799999999999933",65.1919999999999,65.7859999999999,65.1199999999999,37.9,33.1,28.6
"BOOI4","2018-09-10 08:00",55.4539999999999,86.8,310572.75,0,1.1162331,157.2,0.000118110236220472,"60.421999999999969",65.0839999999999,65.7859999999999,65.1199999999999,37.9,33.1,28.6
"BOOI4","2018-09-10 09:00",60.098,85.2,921454.6,0,3.6372645,157.7,0.00488188976377953,"60.619999999999891",64.9579999999999,65.7679999999999,65.1019999999999,37.9,33,28.5
"BOOI4","2018-09-10 10:00",66.0919999999999,70.93,1557909,0,4.431378,186.3,0.0105905511811024,"62.113999999999969",64.832,65.7499999999999,65.0839999999999,37.8,33,28.5
"BOOI4","2018-09-10 11:00",70.898,67.37,2116363.5,0,4.771393,210,0.016496062992126,"64.615999999999943",64.706,65.732,65.0839999999999,37.8,32.9,28.5
"BOOI4","2018-09-10 12:00",73.022,65.6,2532818,0,4.4604583,220.5,0.0203149606299213,"68.215999999999937",64.598,65.714,65.0659999999999,37.8,32.7,28.5
"BOOI4","2018-09-10 13:00",74.2279999999999,61.59,2767818,0,3.7222683,186.9,0.0225590551181102,"143.096",64.49,65.6779999999999,65.0659999999999,37.7,32.4,28.5
"BOOI4","2018-09-10 14:00",75.38,59.32,2708636.5,0,4.5275664,166,0.0231102362204724,"159.0259999999999",64.4539999999999,65.6599999999999,65.048,37.6,32.3,28.4
"BOOI4","2018-09-10 15:00",76.9999999999999,58.03,2662636.2,0,5.1874638,158.9,0.023503937007874,"150.56599999999989",64.4359999999999,65.6419999999999,65.048,37.7,32.3,28.4
"BOOI4","2018-09-10 16:00",76.73,56.48,2224182,0,6.7667437,163.6,0.0214173228346457,"165.83",64.472,65.606,65.03,37.7,32.2,28.4
"BOOI4","2018-09-10 17:00",76.748,58.06,1685818.2,0,7.840475,165.7,0.017992125984252,"177.61999999999989",64.5439999999999,65.5699999999999,65.0119999999999,37.6,32.1,28.4
"BOOI4","2018-09-10 18:00",76.064,60.25,1123636.5,0,7.5384874,167,0.0135826771653543,"181.93999999999991",64.6699999999999,65.5519999999999,65.0119999999999,37.6,32.1,28.4
"BOOI4","2018-09-10 19:00",73.7419999999999,64.77,498163.64,0,6.858458,161.9,0.00779527559055118,"191.2999999999999",64.814,65.5159999999999,64.9939999999999,37.6,32.1,28.4
"BOOI4","2018-09-10 20:00",68.864,77.23,53090,0,4.060046,151.7,0.000866141732283465,"76.387999999999977",64.9579999999999,65.48,64.9939999999999,37.6,32.1,28.4
"BOOI4","2018-09-10 21:00",64.1839999999999,86.8,0,0,3.315145,156.8,-0.000236220472440945,"74.551999999999907",65.1019999999999,65.4619999999999,64.9759999999999,37.6,32.1,28.4
"BOOI4","2018-09-10 22:00",62.3839999999999,88.6,0,0,0.74266404,175.4,-0.00133858267716536,"73.003999999999891",65.2279999999999,65.4439999999999,64.9579999999999,37.6,31.7,28.4
"BOOI4","2018-09-10 23:00",61.124,91.7,0,0,1.5591472,178.6,-0.000984251968503937,"71.653999999999883",65.3359999999999,65.4259999999999,64.9579999999999,37.6,31.6,28.4
"BOOI4","2018-09-11 00:00",59.4859999999999,94.9,0,0,2.6149828,179.6,-0.00078740157480315,"70.447999999999965",65.4079999999999,65.4079999999999,64.9579999999999,37.6,31.5,28.4
"BOOI4","2018-09-11 01:00",58.622,96.4,0,0,1.2415017,200.2,-0.00118110236220473,"69.313999999999965",65.4619999999999,65.4079999999999,64.94,37.6,31.5,28.4
"BOOI4","2018-09-11 02:00",58.1359999999999,97,0,0,1.3555857,196.7,-0.00118110236220473,"68.359999999999914",65.48,65.4079999999999,64.922,37.6,30,28.4
"BOOI4","2018-09-11 03:00",57.038,97.8,0,0,1.2079476,198.1,-0.00122047244094488,"67.54999999999994",65.498,65.39,64.9039999999999,37.5,29.9,28.4
"BOOI4","2018-09-11 04:00",56.8039999999999,97.1,0,0,2.2100966,166.9,-0.000984251968503937,"66.775999999999925",65.48,65.4079999999999,64.9039999999999,37.5,29.8,28.4
"BOOI4","2018-09-11 05:00",55.9939999999999,98,0,0,1.4383525,164.8,-0.00114173228346457,"66.091999999999928",65.4619999999999,65.39,64.8859999999999,37.6,29.7,28.3
"BOOI4","2018-09-11 06:00",55.2199999999999,99.1,0,0,0.50107455,187,-0.00145669291338583,"65.389999999999958",65.4079999999999,65.4079999999999,64.8679999999999,37.6,29.7,28.3
"BOOI4","2018-09-11 07:00",56.0119999999999,96.3,5813.637,0,3.0780296,149.9,-0.000826771653543307,"64.795999999999978",65.3539999999999,65.39,64.8679999999999,37.5,29.6,28.3
"BOOI4","2018-09-11 08:00",57.9019999999999,94.8,303636.38,0,4.171893,155.7,0.000354330708661417,"64.345999999999989",65.282,65.39,64.8679999999999,37.5,29.5,28.3
"BOOI4","2018-09-11 09:00",64.1659999999999,87.6,887454.5,0,5.0286407,175.1,0.00476377952755906,"64.561999999999884",65.2099999999999,65.4079999999999,64.8499999999999,37.5,29.3,28.3
"BOOI4","2018-09-11 10:00",70.7359999999999,75.83,1532818.2,0,6.8808274,186.7,0.0111417322834646,"65.893999999999906",65.138,65.4079999999999,64.832,37.4,28.9,28.3
"BOOI4","2018-09-11 11:00",74.372,68.67,2100000,0,8.967892,186.3,0.0177952755905512,"68.791999999999931",65.048,65.39,64.832,37.4,28.6,28.3
"BOOI4","2018-09-11 12:00",76.5499999999999,65.6,2515909.2,0,10.714943,187.9,0.022992125984252,"76.801999999999907",64.9759999999999,65.39,64.814,37.4,28,28.3
"BOOI4","2018-09-11 13:00",78.2239999999999,62.23,2758181.6,0,10.990087,180.6,0.025748031496063,"127.6699999999999",64.922,65.372,64.814,37.3,27.8,28.3
"BOOI4","2018-09-11 14:00",79.0159999999999,57.21,2783818,0,12.7348995,178.7,0.0279133858267717,"135.62599999999989",64.8859999999999,65.372,64.796,37.3,27.7,28.3
"BOOI4","2018-09-11 15:00",79.7539999999999,57.72,2607454.6,0,13.882449,168.5,0.0278740157480315,"136.47200000000001",64.9039999999999,65.3539999999999,64.7779999999999,37.3,27.5,28.3
"BOOI4","2018-09-11 16:00",80.546,56,2242090.8,0,13.258344,169.8,0.0259448818897638,"139.20799999999991",64.9579999999999,65.3539999999999,64.7779999999999,37.3,27.3,28.2
"BOOI4","2018-09-11 17:00",80.0419999999999,57.19,1724363.6,0,12.600683,177.5,0.0220472440944882,"144.22999999999999",65.048,65.3359999999999,64.7779999999999,37.3,27,28.2
"BOOI4","2018-09-11 18:00",79.0699999999999,59.18,1119636.5,0,11.350233,182.7,0.0166929133858268,"148.29799999999989",65.1739999999999,65.3179999999999,64.7599999999999,37.3,26.8,28.2
"BOOI4","2018-09-11 19:00",76.28,67.27,493690.9,0,10.276502,175.1,0.0101574803149606,"155.17399999999989",65.2999999999999,65.3179999999999,64.7419999999999,37.2,26.6,28.2
"BOOI4","2018-09-11 20:00",70.8259999999999,78.58,51495.453,0,6.0307903,172.6,0.00220472440944882,"77.737999999999985",65.4439999999999,65.2999999999999,64.7419999999999,37.3,26.5,28.3
"BOOI4","2018-09-11 21:00",67.748,86.1,0,0,4.100311,160.7,-3.93700787401575e-05,"75.901999999999916",65.5699999999999,65.282,64.7239999999999,37.3,26.5,28.3
"BOOI4","2018-09-11 22:00",66.0919999999999,88.9,0,0,3.6641078,164.5,-0.000393700787401575,"74.389999999999958",65.6779999999999,65.282,64.7239999999999,37.3,26.4,28.2
"BOOI4","2018-09-11 23:00",63.4279999999999,93.9,0,0,2.3018115,175.2,-0.000866141732283465,"72.931999999999945",65.7679999999999,65.282,64.7239999999999,37.3,26.3,28.2
"BOOI4","2018-09-12 00:00",61.4839999999999,96.9,0,0,2.465108,179.4,-0.000905511811023622,"71.689999999999955",65.84,65.282,64.706,37.3,26.3,28.2
"BOOI4","2018-09-12 01:00",61.88,97.4,0,0,2.984078,185.5,-0.000905511811023622,"70.681999999999945",65.8939999999999,65.282,64.706,37.3,26.2,28.2
"BOOI4","2018-09-12 02:00",62.0239999999999,97.5,0,0,3.5075219,192.8,-0.000826771653543307,"69.817999999999913",65.93,65.2999999999999,64.688,37.3,26.1,28.2
"BOOI4","2018-09-12 03:00",60.548,98.8,0,0,2.196675,197.6,-0.00106299212598425,"69.043999999999912",65.93,65.2999999999999,64.6699999999999,37.2,26.1,28.2
"BOOI4","2018-09-12 04:00",59.0179999999999,99.3,0,0,1.7381024,196.2,-0.00114173228346457,"68.269999999999897",65.93,65.2999999999999,64.6699999999999,37.2,26,28.2
"BOOI4","2018-09-12 05:00",59.2159999999999,99.2,0,0,2.6574845,175.2,-0.000984251968503937,"67.585999999999899",65.93,65.3179999999999,64.6699999999999,37.2,26,28.2
"BOOI4","2018-09-12 06:00",58.0999999999999,99.8,0,0,2.8028858,162.4,-0.000984251968503937,"66.919999999999888",65.8939999999999,65.3359999999999,64.6519999999999,37.2,25.9,28.2
"BOOI4","2018-09-12 07:00",57.1279999999999,100,5669.0907,0,2.3689196,160.7,-0.00102362204724409,"66.271999999999977",65.84,65.3359999999999,64.6519999999999,37.2,25.8,28.2
"BOOI4","2018-09-12 08:00",60.7099999999999,97.4,341400,0,3.9280667,158.5,0.000393700787401575,"65.893999999999906",65.8039999999999,65.3539999999999,64.6339999999999,37.2,25.8,28.3
"BOOI4","2018-09-12 09:00",66.956,89.4,924363.65,0,5.2702303,177.4,0.005,"66.127999999999901",65.732,65.3539999999999,64.6339999999999,37.2,25.7,28.3
"BOOI4","2018-09-12 10:00",72.3919999999999,75.54,1537636.4,0,5.930128,192.4,0.0113779527559055,"67.477999999999895",65.6779999999999,65.3539999999999,64.6159999999999,37.2,25.7,28.3
"BOOI4","2018-09-12 11:00",76.1179999999999,65.62,2108182,0,8.343786,194.7,0.0184645669291339,"69.745999999999981",65.624,65.372,64.6159999999999,37.1,25.5,28.3
"BOOI4","2018-09-12 12:00",78.1519999999999,59.29,2530636.5,0,10.737312,187.3,0.0244094488188976,"72.823999999999941",65.5519999999999,65.372,64.6159999999999,37.1,25.4,28.2
"BOOI4","2018-09-12 13:00",79.214,56.54,2737727.3,0,10.518092,187.4,0.0275196850393701,"88.897999999999954",65.5159999999999,65.372,64.598,37.1,25.3,28.2
"BOOI4","2018-09-12 14:00",79.556,54.67,2829272.7,0,11.430763,165.4,0.0288976377952756,"120.1819999999999",65.498,65.372,64.58,37.1,25.2,28.2
"BOOI4","2018-09-12 15:00",80.3119999999999,58.65,2623272.7,0,11.598534,169.7,0.0284645669291339,"123.9439999999999",65.5339999999999,65.372,64.58,37.1,25.1,28.3
"BOOI4","2018-09-12 16:00",80.8159999999999,50.95,2284090.8,0,11.797622,177.9,0.0269685039370079,"125.58199999999999",65.588,65.372,64.58,37.1,25.1,28.3
"BOOI4","2018-09-12 17:00",80.1679999999999,52.45,1761363.6,0,11.2540455,180.6,0.0226377952755905,"128.26400000000001",65.6779999999999,65.372,64.5619999999999,37,24.9,28.3
"BOOI4","2018-09-12 18:00",78.9439999999999,54.72,1140727.3,0,10.676914,176.7,0.0174409448818898,"131.18",65.8039999999999,65.3539999999999,64.5619999999999,37,24.8,28.3
"BOOI4","2018-09-12 19:00",76.3159999999999,60.85,501972.72,0,9.120005,170.3,0.0103543307086614,"132.72799999999989",65.93,65.3539999999999,64.5439999999999,37,24.9,28.3
"BOOI4","2018-09-12 20:00",70.3039999999999,75.08,49764.545,0,5.3440495,163.3,0.00145669291338583,"78.925999999999917",66.0739999999999,65.3539999999999,64.5439999999999,37,24.8,28.3
"BOOI4","2018-09-12 21:00",66.7579999999999,81.7,0,0,3.834115,155,0,"77.089999999999961",66.1819999999999,65.3539999999999,64.5439999999999,37,24.8,28.3
"BOOI4","2018-09-12 22:00",64.7599999999999,88.6,0,0,5.0733795,150.5,3.93700787401575e-05,"75.523999999999944",66.2899999999999,65.3539999999999,64.5439999999999,37,24.7,28.3
"BOOI4","2018-09-12 23:00",62.3839999999999,92.9,0,0,3.1093466,156.1,-0.000669291338582677,"74.083999999999932",66.38,65.3539999999999,64.5259999999999,37,24.7,28.3
"BOOI4","2018-09-13 00:00",61.3399999999999,94.2,0,0,0,0,-0.0018503937007874,"72.859999999999914",66.4339999999999,65.372,64.5259999999999,37,24.7,28.3
"BOOI4","2018-09-13 01:00",60.9439999999999,94.9,0,0,1.4875652,155.3,-0.00118110236220473,"71.797999999999959",66.4699999999999,65.372,64.5259999999999,37,24.6,28.3
"BOOI4","2018-09-13 02:00",59.8279999999999,96.5,0,0,2.5948503,152.8,-0.00094488188976378,"70.825999999999922",66.4699999999999,65.39,64.5079999999999,37,24.6,28.3
"BOOI4","2018-09-13 03:00",59.3419999999999,97.3,0,0,2.6731434,160.9,-0.00094488188976378,"69.907999999999944",66.4699999999999,65.4079999999999,64.5079999999999,37,24.6,28.3
"BOOI4","2018-09-13 04:00",58.9819999999999,97.9,0,0,3.1854026,161.7,-0.000905511811023622,"69.115999999999943",66.4519999999999,65.4259999999999,64.5079999999999,37,24.6,28.3
"BOOI4","2018-09-13 05:00",59.198,97.8,0,0,3.35541,152.6,-0.000866141732283465,"68.431999999999945",66.398,65.4439999999999,64.49,37,24.6,28.3
"BOOI4","2018-09-13 06:00",59.8099999999999,97.7,0,0,3.3240926,144.4,-0.000905511811023622,"67.873999999999953",66.3619999999999,65.4619999999999,64.49,37,24.6,28.3
"BOOI4","2018-09-13 07:00",61.3759999999999,97.2,2127.2728,0,4.8631077,137.2,-0.000669291338582677,"67.531999999999954",66.2899999999999,65.4619999999999,64.472,37,24.5,28.3
"BOOI4","2018-09-13 08:00",62.816,96.4,114530,0,4.241238,148.7,-0.000275590551181102,"67.531999999999954",66.2179999999999,65.48,64.472,36.9,24.5,28.3
"BOOI4","2018-09-13 09:00",65.282,93.4,402909.1,0,6.2880387,148.4,0.00263779527559055,"67.873999999999953",66.146,65.498,64.49,36.9,24.4,28.3
"BOOI4","2018-09-13 10:00",70.988,81.9,1038545.4,0,8.077591,157.2,0.00755905511811024,"68.827999999999903",66.0919999999999,65.498,64.472,36.9,24.4,28.3
"BOOI4","2018-09-13 11:00",76.3699999999999,73.83,2070818,0,10.618754,170.6,0.0170866141732283,"70.91599999999994",66.0019999999999,65.5159999999999,64.472,36.9,24.3,28.3
"BOOI4","2018-09-13 12:00",79.3759999999999,71.31,2494182,0,11.907231,173.1,0.0227165354330709,"73.75999999999992",65.948,65.5159999999999,64.4539999999999,36.9,24.3,28.3
"BOOI4","2018-09-13 13:00",79.6279999999999,69.07,2348727.3,0,13.53125,167.4,0.0230708661417323,"76.315999999999946",65.9119999999999,65.5159999999999,64.4539999999999,36.9,24.3,28.3
"BOOI4","2018-09-13 14:00",80.9419999999999,67.21,1979000,0,13.376902,167.3,0.022007874015748,"78.331999999999951",65.9119999999999,65.5159999999999,64.4539999999999,36.8,24.2,28.3
"BOOI4","2018-09-13 15:00",82.9759999999999,64.52,1992363.6,0,11.739462,164.1,0.0224015748031496,"114.8359999999999",65.948,65.5159999999999,64.4359999999999,36.8,24.1,28.2
"BOOI4","2018-09-13 16:00",82.3999999999999,62.92,1799090.8,0,12.016842,163.7,0.0219291338582677,"118.43599999999989",66.0199999999999,65.5159999999999,64.4359999999999,36.8,24.1,28.2
"BOOI4","2018-09-13 17:00",82.3099999999999,63.95,1228272.7,0,12.466467,165,0.0182283464566929,"120.8839999999999",66.1279999999999,65.5159999999999,64.4359999999999,36.8,24,28.2
"BOOI4","2018-09-13 18:00",81.8419999999999,63.53,941363.65,0,12.381462,164.9,0.0155905511811024,"121.36999999999991",66.2539999999999,65.498,64.4359999999999,36.8,24,28.2
"BOOI4","2018-09-13 19:00",79.7179999999999,70.17,438445.47,0,10.079652,166,0.00940944881889764,"121.85599999999999",66.38,65.498,64.4359999999999,36.8,24,28.2
"BOOI4","2018-09-13 20:00",75.1999999999999,79.85,37964.55,0,6.475941,161.3,0.00177165354330709,"78.943999999999903",66.5419999999999,65.498,64.4359999999999,36.8,24,28.2
"BOOI4","2018-09-13 21:00",71.9779999999999,85.9,0,0,4.6416507,155.9,0.000511811023622047,"77.503999999999891",66.6859999999999,65.498,64.4179999999999,36.8,24,28.2
"BOOI4","2018-09-13 22:00",70.5019999999999,89.8,0,0,4.140576,151.8,7.8740157480315e-05,"76.279999999999973",66.83,65.5159999999999,64.4179999999999,36.9,24,28.2
"BOOI4","2018-09-13 23:00",69.1339999999999,93.4,0,0,4.176367,156.6,-0.00015748031496063,"75.235999999999905",66.938,65.5159999999999,64.4179999999999,36.9,23.9,28.2
"BOOI4","2018-09-14 00:00",67.9999999999999,95.7,0,0,2.984078,157.3,-0.000393700787401575,"74.353999999999886",67.046,65.5339999999999,64.4179999999999,36.9,23.9,28.2
"BOOI4","2018-09-14 01:00",67.172,97.1,0,0,3.100399,156.7,-0.00047244094488189,"73.543999999999912",67.0999999999999,65.5519999999999,64.4179999999999,36.9,23.9,28.2
"BOOI4","2018-09-14 02:00",66.6499999999999,98.3,0,0,1.2840036,158,-0.00078740157480315,"72.841999999999928",67.1539999999999,65.5699999999999,64.3999999999999,36.9,23.8,28.2
"BOOI4","2018-09-14 03:00",65.246,99.7,0,0,0.6263432,177.4,-0.00094488188976378,"72.103999999999886",67.19,65.588,64.3999999999999,36.9,23.8,28.2
"BOOI4","2018-09-14 04:00",65.0119999999999,100,0,0,2.5165575,166.1,-0.000669291338582677,"71.437999999999974",67.2079999999999,65.606,64.3999999999999,36.8,23.8,28.2
"BOOI4","2018-09-14 05:00",65.48,100,0,0,2.5478747,154.2,-0.000669291338582677,"70.879999999999981",67.2259999999999,65.624,64.3999999999999,36.8,23.8,28.2
"BOOI4","2018-09-14 06:00",66.1819999999999,100,0,0,2.541164,158.9,-0.000669291338582677,"70.50199999999991",67.2259999999999,65.6599999999999,64.3999999999999,36.8,23.7,28.2
"BOOI4","2018-09-14 07:00",66.938,100,1880.9091,0,2.4695816,158.1,-0.000669291338582677,"70.321999999999974",67.2079999999999,65.6779999999999,64.3819999999999,36.8,23.7,28.2
"BOOI4","2018-09-14 08:00",68.2519999999999,99.5,122486.36,0,3.6797662,156,-0.00062992125984252,"70.339999999999961",67.172,65.696,64.3819999999999,36.8,23.7,28.2
"BOOI4","2018-09-14 09:00",73.3099999999999,91.9,783545.5,0,4.702048,156.8,0.00437007874015748,"70.897999999999954",67.1539999999999,65.714,64.3999999999999,36.8,23.7,28.2
"BOOI4","2018-09-14 10:00",78.188,81.1,1419363.6,0,6.8472733,181.8,0.0110236220472441,"72.427999999999898",67.1179999999999,65.732,64.3819999999999,36.8,23.7,28.2
"BOOI4","2018-09-14 11:00",81.464,73.3,2005818.2,0,8.375103,186.7,0.0180314960629921,"74.749999999999929",67.082,65.7499999999999,64.3819999999999,36.7,23.7,28.2
"BOOI4","2018-09-14 12:00",82.598,67.79,2360818,0,9.064081,187.2,0.0225196850393701,"77.503999999999891",67.064,65.7679999999999,64.3819999999999,36.7,23.6,28.2
"BOOI4","2018-09-14 13:00",84.038,65.85,2378454.6,0,9.283301,179.4,0.0238188976377953,"112.19",67.082,65.7859999999999,64.3819999999999,36.8,23.6,28.2
"BOOI4","2018-09-14 14:00",85.2259999999999,65.04,2179818,0,9.808983,162.3,0.0234251968503937,"115.88",67.1179999999999,65.8039999999999,64.3819999999999,36.7,23.5,28.2
"BOOI4","2018-09-14 15:00",85.3159999999999,60.9,1446727.3,0,8.560769,169.6,0.0184251968503937,"118.47199999999999",67.19,65.8039999999999,64.3819999999999,36.7,23.5,28.2
"BOOI4","2018-09-14 16:00",86.63,61.01,1700091,0,9.976752,168.2,0.0217716535433071,"120.74",67.3159999999999,65.822,64.364,36.7,23.5,28.2
"BOOI4","2018-09-14 17:00",86.2339999999999,59.09,1146909,0,10.860344,164.1,0.0185826771653543,"122.414",67.4599999999999,65.84,64.364,36.7,23.4,28.2
"BOOI4","2018-09-14 18:00",86.0179999999999,59.48,926454.5,0,10.142285,160.8,0.015748031496063,"122.2699999999999",67.6039999999999,65.84,64.364,36.7,23.4,28.2
"BOOI4","2018-09-14 19:00",83.4439999999999,66.37,393472.72,0,7.5317774,163.8,0.00877952755905512,"122.16200000000001",67.7839999999999,65.84,64.364,36.7,23.4,28.2
"BOOI4","2018-09-14 20:00",78.188,76.12,32568.18,0,3.6216059,157.2,0.00133858267716536,"81.62599999999992",67.964,65.8759999999999,64.364,36.8,23.4,28.2
"BOOI4","2018-09-14 21:00",75.38,83.2,0,0,3.0355275,152.8,0.000551181102362205,"80.167999999999921",68.1259999999999,65.8939999999999,64.364,36.8,23.4,28.2
"BOOI4","2018-09-14 22:00",72.6259999999999,87.7,0,0,1.5815166,162.5,-0.00031496062992126,"78.835999999999899",68.2699999999999,65.9119999999999,64.364,36.8,23.4,28.2
"BOOI4","2018-09-14 23:00",71.9599999999999,88.8,0,0,0,0,-0.00102362204724409,"77.737999999999985",68.414,65.948,64.364,36.7,23.4,28.2
"BOOI4","2018-09-15 00:00",70.664,92,0,0,0.8343786,163.7,-0.000669291338582677,"76.783999999999921",68.522,65.9659999999999,64.364,36.8,23.4,28.2
"BOOI4","2018-09-15 01:00",69.998,92.8,0,0,0,0,-0.000984251968503937,"75.937999999999974",68.5939999999999,66.0019999999999,64.364,36.8,23.4,28.2
"BOOI4","2018-09-15 02:00",69.1519999999999,95.3,0,0,0,0,-0.000984251968503937,"75.181999999999945",68.648,66.038,64.364,36.8,23.3,28.2
"BOOI4","2018-09-15 03:00",68.648,96.4,0,0,0,0,-0.000984251968503937,"74.497999999999962",68.6839999999999,66.056,64.3819999999999,36.7,23.3,28.2
"BOOI4","2018-09-15 04:00",67.172,98.6,0,0,0,0,-0.000984251968503937,"73.795999999999978",68.7019999999999,66.1099999999999,64.364,36.7,23.3,28.2
"BOOI4","2018-09-15 05:00",67.172,99.3,0,0,0,0,-0.000984251968503937,"73.201999999999913",68.7019999999999,66.1279999999999,64.364,36.7,23.3,28.2
"BOOI4","2018-09-15 06:00",66.9739999999999,100,0,0,0,0,-0.000984251968503937,"72.62599999999992",68.7019999999999,66.1819999999999,64.364,36.7,23.3,28.2
"BOOI4","2018-09-15 07:00",65.714,100,3017.2727,0,0,0,-0.00094488188976378,"72.085999999999899",68.6839999999999,66.2179999999999,64.364,36.7,23.3,28.2
"BOOI4","2018-09-15 08:00",66.2539999999999,100,121945.45,0,0.0022369402,198,-0.000866141732283465,"71.707999999999942",68.63,66.2539999999999,64.364,36.8,23.2,28.2
"BOOI4","2018-09-15 09:00",73.1119999999999,90.7,620727.23,0,0.33330408,205.1,0.00346456692913386,"72.103999999999886",68.6119999999999,66.2899999999999,64.364,36.7,23.2,28.3
"BOOI4","2018-09-15 10:00",81.23,73.62,1438636.4,0,0.07381902,198.8,0.010748031496063,"73.939999999999955",68.5579999999999,66.3079999999999,64.364,36.7,23.2,28.3
"BOOI4","2018-09-15 11:00",85.2439999999999,63.97,1847545.5,0,2.3823411,177.6,0.0160629921259842,"76.675999999999917",68.5039999999999,66.3439999999999,64.364,36.7,23.1,28.3
"BOOI4","2018-09-15 12:00",87.53,56.24,2306272.7,0,4.2680817,209.7,0.0223228346456693,"111.32599999999989",68.4679999999999,66.3619999999999,64.3819999999999,36.7,23.1,28.2
"BOOI4","2018-09-15 13:00",88.7359999999999,50.69,2644272.7,0,6.2030344,195,0.027992125984252,"114.65600000000001",68.4319999999999,66.38,64.3819999999999,36.6,23.1,28.2
"BOOI4","2018-09-15 14:00",89.9779999999999,47.08,2762636.5,0,6.375279,176.9,0.0298425196850394,"118.49",68.4499999999999,66.398,64.3819999999999,36.6,23,28.2
"BOOI4","2018-09-15 15:00",89.6539999999999,48.98,2490272.7,0,6.232115,173.2,0.0281496062992126,"116.2939999999999",68.5039999999999,66.4339999999999,64.3819999999999,36.6,23,28.2
"BOOI4","2018-09-15 16:00",90.8599999999999,42.84,2214182,0,6.1426373,189.1,0.026259842519685,"117.14",68.63,66.4339999999999,64.3819999999999,36.6,23.1,28.2
"BOOI4","2018-09-15 17:00",90.6259999999999,43.86,1678272.7,0,5.7914376,180.9,0.0212992125984252,"118.706",68.7739999999999,66.4519999999999,64.3819999999999,36.7,23.1,28.2
"BOOI4","2018-09-15 18:00",89.006,49.62,1042181.8,0,5.375367,183.8,0.0146456692913386,"118.39999999999991",68.9539999999999,66.488,64.3819999999999,36.7,23,28.2
"BOOI4","2018-09-15 19:00",84.9019999999999,61.9,388718.17,0,4.362033,183.6,0.0068503937007874,"117.69799999999999",69.1699999999999,66.488,64.3819999999999,36.7,23,28.2
"BOOI4","2018-09-15 20:00",79.8619999999999,72.79,29462.729,0,2.1720688,181.2,0.000275590551181102,"85.765999999999948",69.3679999999999,66.5239999999999,64.3819999999999,36.7,23,28.2
"BOOI4","2018-09-15 21:00",76.1539999999999,80.3,0,0,1.9327163,165.9,-0.000433070866141732,"83.839999999999961",69.5839999999999,66.5239999999999,64.3819999999999,36.7,23,28.2
"BOOI4","2018-09-15 22:00",73.5259999999999,86.1,0,0,1.9170575,169.3,-0.000669291338582677,"82.237999999999985",69.746,66.5779999999999,64.3999999999999,36.7,23,28.2
"BOOI4","2018-09-15 23:00",73.0939999999999,88.2,0,0,2.3465502,178.9,-0.00062992125984252,"80.905999999999963",69.89,66.596,64.3999999999999,36.8,23,28.2
