"station","valid","tmpf","relh","solar","precip","speed","drct","et","soil04t","soil12t","soil24t","soil50t","soil12vwc","soil24vwc","soil50vwc"
"BOOI4","2019-05-16 00:00",60.2419999999999,80.8,0,0,4.50296,153.9,0.000393700787401575,62.5279999999999,56.4079999999999,50.5939999999999,47.4079999999999,35.6,21.1,26.4
"BOOI4","2019-05-16 01:00",60.6919999999999,89.6,0,0,5.030878,161.2,0.00031496062992126,61.6099999999999,56.5339999999999,50.6659999999999,47.4259999999999,35.6,21,26.4
"BOOI4","2019-05-16 02:00",60.9079999999999,88.8,0,0,5.297074,175.4,0.000196850393700787,60.8539999999999,56.606,50.738,47.4439999999999,35.6,21,26.4
"BOOI4","2019-05-16 03:00",61.2499999999999,88.7,0,0,5.310496,172.2,0.000118110236220472,60.206,56.624,50.8279999999999,47.4439999999999,35.6,21,26.4
"BOOI4","2019-05-16 04:00",61.9699999999999,88.8,0,0,6.1046095,176.5,0.000196850393700787,59.6839999999999,56.624,50.9179999999999,47.4619999999999,35.5,21,26.4
"BOOI4","2019-05-16 05:00",61.106,88,1317.2727,0,7.894161,182.7,0.000433070866141732,59.288,56.5699999999999,50.99,47.4619999999999,35.5,21,26.4
"BOOI4","2019-05-16 06:00",63.788,90.6,127481.82,0,7.227553,190.1,0.000236220472440945,58.946,56.5159999999999,51.08,47.48,35.6,21,26.4
"BOOI4","2019-05-16 07:00",66.398,89.1,413345.46,0,6.903197,196.6,0.000590551181102362,58.874,56.4439999999999,51.1519999999999,47.498,35.5,21,26.3
"BOOI4","2019-05-16 08:00",71.8159999999999,87.5,1212181.8,0,8.484714,197.7,0.00358267716535433,59.306,56.372,51.2239999999999,47.5159999999999,35.5,21,26.3
"BOOI4","2019-05-16 09:00",77.9359999999999,79.02,1820545.4,0,13.39927,223.5,0.01,60.6199999999999,56.2819999999999,51.2779999999999,47.5159999999999,35.5,21,26.3
"BOOI4","2019-05-16 10:00",82.8679999999999,68.78,2320818,0,18.63371,248,0.0183464566929134,62.5099999999999,56.2279999999999,51.3499999999999,47.5339999999999,35.4,21,26.3
"BOOI4","2019-05-16 11:00",84.4699999999999,59.14,2674363.5,0,17.18641,268.2,0.0270472440944882,64.832,56.1919999999999,51.4039999999999,47.5339999999999,35.4,21,26.3
"BOOI4","2019-05-16 12:00",85.7839999999999,52.79,2859000,0,11.549321,283.4,0.0304330708661417,67.496,56.2099999999999,51.44,47.5519999999999,35.4,21,26.3
"BOOI4","2019-05-16 13:00",87.2419999999999,50,2795727.3,0,9.952146,296.6,0.0319685039370079,70.2499999999999,56.2999999999999,51.5119999999999,47.5699999999999,35.5,21,26.3
"BOOI4","2019-05-16 14:00",89.5279999999999,47.33,2616272.7,0,7.1067586,292.4,0.0302755905511811,72.896,56.48,51.548,47.588,35.5,21,26.3
"BOOI4","2019-05-16 15:00",88.646,43.48,1631636.5,0,5.194175,269.1,0.0283464566929134,74.93,56.7499999999999,51.6019999999999,47.606,36.4,21.1,26.3
"BOOI4","2019-05-16 16:00",90.7699999999999,46.59,1909545.4,0,5.0689063,278.4,0.0211811023622047,75.7579999999999,57.1099999999999,51.638,47.606,36.9,21.3,26.3
"BOOI4","2019-05-16 17:00",91.7779999999999,39.1,1392909,0,4.7848144,294.4,0.0228346456692913,76.6759999999999,57.5779999999999,51.6919999999999,47.624,37,21.3,26.3
"BOOI4","2019-05-16 18:00",89.69,39.55,807181.76,0,3.5746303,326.1,0.0170472440944882,76.73,58.046,51.746,47.6419999999999,37,21.4,26.3
"BOOI4","2019-05-16 19:00",85.2259999999999,37.89,337045.47,0,5.4290533,313.1,0.0147637795275591,75.7759999999999,58.5499999999999,51.7999999999999,47.6599999999999,37,21.4,26.3
"BOOI4","2019-05-16 20:00",79.232,38.13,25690.91,0,7.0463614,357,0.0131102362204724,74.0839999999999,59.0179999999999,51.872,47.6779999999999,37.1,21.4,26.3
"BOOI4","2019-05-16 21:00",75.8659999999999,46.48,0,0,9.068555,25.25,0.0119291338582677,72.3919999999999,59.432,51.9439999999999,47.696,37.1,21.4,26.4
"BOOI4","2019-05-16 22:00",72.2839999999999,61.72,0,0,9.448834,88.2,0.00425196850393701,71.096,59.7739999999999,52.0339999999999,47.714,37.1,21.4,26.4
"BOOI4","2019-05-16 23:00",71.8699999999999,70.88,0,0,4.241238,106.4,0.00145669291338583,70.0159999999999,60.0079999999999,52.106,47.7319999999999,37.1,21.4,26.4
"BOOI4","2019-05-17 00:00",69.098,72,0,0,3.6641078,33.74,0.00094488188976378,69.08,60.188,52.2319999999999,47.7499999999999,37.1,21.4,26.4
"BOOI4","2019-05-17 01:00",66.2179999999999,82,0,0,4.579016,19.18,0.000826771653543307,68.198,60.296,52.322,47.7679999999999,37.2,21.4,26.4
"BOOI4","2019-05-17 02:00",65.2279999999999,82.5,0,0,8.764331,44.21,0.000984251968503937,67.298,60.3499999999999,52.43,47.7859999999999,37.1,21.4,26.4
"BOOI4","2019-05-17 03:00",61.7179999999999,83.3,0,0,8.287863,53.82,0.000866141732283465,66.38,60.3859999999999,52.556,47.8039999999999,37.1,21.4,26.4
"BOOI4","2019-05-17 04:00",60.566,95.3,0,0.35000002,10.654545,25.79,0.00047244094488189,65.264,60.3679999999999,52.646,47.8039999999999,37.2,21.4,26.4
"BOOI4","2019-05-17 05:00",61.0699999999999,97.5,0,0.120000005,10.831264,59.01,-7.8740157480315e-05,64.472,60.332,52.772,47.8399999999999,37.2,21.4,26.4
"BOOI4","2019-05-17 06:00",61.898,96.8,18159.998,0.040000003,8.905258,84.4,-0.00015748031496063,63.8599999999999,60.2599999999999,52.8619999999999,47.8579999999999,37.3,21.4,26.4
"BOOI4","2019-05-17 07:00",61.664,95.7,59568.18,0.060000002,8.225228,111.9,0.00062992125984252,63.446,60.188,52.9699999999999,47.8759999999999,37.4,21.5,26.4
"BOOI4","2019-05-17 08:00",63.3199999999999,99.3,137690.9,0.040000003,5.7981486,137.1,0.00062992125984252,63.1579999999999,60.0619999999999,53.0599999999999,47.8939999999999,37.4,21.5,26.4
"BOOI4","2019-05-17 09:00",63.1579999999999,98,107454.544,0.060000002,8.162594,147.3,0.00114173228346457,63.0679999999999,59.9539999999999,53.1499999999999,47.9119999999999,37.4,21.6,26.4
"BOOI4","2019-05-17 10:00",64.364,99.6,633272.77,0.040000003,5.310496,71.96,0.000905511811023622,63.122,59.864,53.222,47.948,37.5,21.6,26.4
"BOOI4","2019-05-17 11:00",64.5439999999999,99.1,369290.9,0.030000001,10.444273,101,0.0037007874015748,63.464,59.756,53.3119999999999,47.948,37.6,21.7,26.5
"BOOI4","2019-05-17 12:00",65.7499999999999,98.8,781909.06,0.010000001,9.43094,135,0.00248031496062992,63.68,59.6659999999999,53.4019999999999,47.9659999999999,37.6,21.8,26.5
"BOOI4","2019-05-17 13:00",66.6679999999999,96.6,802181.8,0.010000001,12.314355,131.8,0.00488188976377953,64.3819999999999,59.5939999999999,53.456,48.0019999999999,37.6,21.9,26.5
"BOOI4","2019-05-17 14:00",66.4339999999999,94.6,450572.72,0,9.538312,139.5,0.00590551181102362,64.5619999999999,59.54,53.5279999999999,48.0199999999999,37.6,21.9,26.5
"BOOI4","2019-05-17 15:00",69.098,96.7,1395727.2,0,10.752971,118.3,0.00338582677165354,65.2279999999999,59.522,53.582,48.038,37.6,21.9,26.5
"BOOI4","2019-05-17 16:00",63.572,94.4,730963.6,0,10.788761,86.3,0.00925196850393701,65.5699999999999,59.522,53.6359999999999,48.0739999999999,37.6,22,26.5
"BOOI4","2019-05-17 17:00",65.3539999999999,97.7,1013818.24,0,14.408131,63.52,0.00421259842519685,65.588,59.54,53.69,48.0919999999999,37.6,22,26.5
"BOOI4","2019-05-17 18:00",63.122,96.3,403445.43,0,14.5065565,85.7,0.00551181102362205,65.606,59.5939999999999,53.7259999999999,48.1099999999999,37.5,22.1,26.5
"BOOI4","2019-05-17 19:00",60.8179999999999,98.9,72454.544,0,13.04136,79.76,0.00267716535433071,65.03,59.63,53.78,48.146,37.5,22.1,26.5
"BOOI4","2019-05-17 20:00",60.2419999999999,100,4873.6367,0,13.376902,83.8,0.000433070866141732,64.2739999999999,59.7019999999999,53.816,48.164,37.5,22.1,26.5
"BOOI4","2019-05-17 21:00",59.864,100,0,0,12.352383,84.3,3.93700787401575e-05,63.5899999999999,59.738,53.8519999999999,48.1999999999999,37.5,22.2,26.5
"BOOI4","2019-05-17 22:00",59.306,100,0,0,13.435061,84.3,-3.93700787401575e-05,62.996,59.738,53.906,48.2179999999999,37.5,22.2,26.5
"BOOI4","2019-05-17 23:00",59.414,100,0,0,16.846395,89.8,-3.93700787401575e-05,62.4919999999999,59.7199999999999,53.9419999999999,48.2359999999999,37.5,22.2,26.5
"BOOI4","2019-05-18 00:00",59.1079999999999,100,0,0,14.654194,98.4,-3.93700787401575e-05,62.0599999999999,59.6659999999999,53.9779999999999,48.272,37.4,22.2,26.5
"BOOI4","2019-05-18 01:00",58.8019999999999,100,0,0,12.571603,104.2,-3.93700787401575e-05,61.682,59.6119999999999,54.014,48.29,37.4,22.2,26.5
"BOOI4","2019-05-18 02:00",59.0539999999999,100,0,0,11.256282,112.9,-7.8740157480315e-05,61.3399999999999,59.54,54.0499999999999,48.3259999999999,37.4,22.2,26.5
"BOOI4","2019-05-18 03:00",59.738,100,0,0,8.205096,116.2,-7.8740157480315e-05,61.0339999999999,59.4499999999999,54.1039999999999,48.3439999999999,37.4,22.3,26.5
"BOOI4","2019-05-18 04:00",60.7819999999999,99.7,0,0,9.388437,121.2,-7.8740157480315e-05,60.746,59.3419999999999,54.14,48.38,37.4,22.3,26.5
"BOOI4","2019-05-18 05:00",60.9259999999999,98.5,1137.2727,0,10.012543,123.1,3.93700787401575e-05,60.5839999999999,59.2339999999999,54.1579999999999,48.398,37.4,22.3,26.5
"BOOI4","2019-05-18 06:00",61.5739999999999,98.1,151381.79,0,8.712881,122.6,3.93700787401575e-05,60.3679999999999,59.1259999999999,54.1939999999999,48.4339999999999,37.4,22.3,26.5
"BOOI4","2019-05-18 07:00",63.0319999999999,97.1,293390.9,0,6.415544,122.9,-0.00047244094488189,60.4039999999999,59.0179999999999,54.2119999999999,48.4519999999999,37.3,22.3,26.5
"BOOI4","2019-05-18 08:00",66.038,95.4,494272.77,0,5.5766916,115.2,0.0018503937007874,60.7279999999999,58.9279999999999,54.23,48.488,37.3,22.4,26.5
"BOOI4","2019-05-18 09:00",68.1079999999999,90.8,701363.65,0,11.343523,136.1,0.00409448818897638,61.3579999999999,58.8199999999999,54.2659999999999,48.506,37.3,22.4,26.5
"BOOI4","2019-05-18 10:00",73.796,85,2173818,0,14.853281,144.9,0.00625984251968504,62.4919999999999,58.748,54.2839999999999,48.5419999999999,37.3,22.4,26.5
"BOOI4","2019-05-18 11:00",78.314,79.48,2656272.7,0,12.39041,160,0.0162204724409449,64.4359999999999,58.6939999999999,54.2839999999999,48.5599999999999,37.3,22.4,26.5
"BOOI4","2019-05-18 12:00",80.2039999999999,63.58,2631182,0,13.030175,195.8,0.0239370078740157,65.8939999999999,58.6939999999999,54.3019999999999,48.596,37.3,22.4,26.5
"BOOI4","2019-05-18 13:00",79.2499999999999,58.33,1737272.8,0,15.072501,207.3,0.027755905511811,67.1179999999999,58.7659999999999,54.3019999999999,48.6319999999999,37.3,22.4,26.5
"BOOI4","2019-05-18 14:00",76.1179999999999,59.21,728636.35,0,14.5065565,221.9,0.0248818897637795,67.514,58.9279999999999,54.3199999999999,48.6319999999999,37.3,22.4,26.5
"BOOI4","2019-05-18 15:00",74.4079999999999,73.45,444000,0,13.381374,200.4,0.0151968503937008,67.388,59.1439999999999,54.3199999999999,48.6679999999999,37.4,22.4,26.5
"BOOI4","2019-05-18 16:00",69.2419999999999,72.96,227327.27,0,10.730601,201.9,0.00952755905511811,67.1359999999999,59.3779999999999,54.338,48.7039999999999,37.4,22.4,26.5
"BOOI4","2019-05-18 17:00",64.5079999999999,81.3,102800.01,0,16.785997,215.8,0.01,66.2539999999999,59.5759999999999,54.338,48.722,37.4,22.4,26.5
"BOOI4","2019-05-18 18:00",63.2659999999999,90.2,60481.82,0.020000001,15.982936,228.1,0.00401574803149606,65.39,59.756,54.356,48.7579999999999,37.4,22.4,26.5
"BOOI4","2019-05-18 19:00",62.1319999999999,94.5,34688.183,0.05,5.5409,213.4,0.0012992125984252,64.796,59.8819999999999,54.374,48.7759999999999,37.4,22.4,26.5
"BOOI4","2019-05-18 20:00",61.6999999999999,100,3930.9092,0.060000002,5.039826,64.32,0.000393700787401575,64.238,59.9539999999999,54.4099999999999,48.8119999999999,37.4,22.4,26.5
"BOOI4","2019-05-18 21:00",61.664,100,0,0.05,5.0800905,18.1,7.8740157480315e-05,63.7339999999999,59.99,54.4279999999999,48.83,37.5,22.5,26.5
"BOOI4","2019-05-18 22:00",59.198,100,0,0.010000001,4.9257417,348.2,0,63.3019999999999,59.99,54.464,48.8659999999999,37.5,22.5,26.5
"BOOI4","2019-05-18 23:00",58.496,100,0,0.14999999,9.097634,310.8,3.93700787401575e-05,62.6539999999999,59.972,54.4999999999999,48.8839999999999,37.5,22.7,26.5
"BOOI4","2019-05-19 00:00",58.3519999999999,100,0,0.11,10.081888,306.9,0,61.556,59.9359999999999,54.5359999999999,48.9199999999999,37.7,24.3,26.7
"BOOI4","2019-05-19 01:00",57.3619999999999,99.7,0,0.29000002,12.403832,286.7,0,61.2679999999999,59.864,54.5539999999999,48.938,37.8,25.9,26.7
"BOOI4","2019-05-19 02:00",57.6499999999999,98.6,0,0.030000001,13.799684,305.9,3.93700787401575e-05,60.9439999999999,59.7919999999999,54.6079999999999,48.9739999999999,37.9,26.6,26.7
"BOOI4","2019-05-19 03:00",57.398,91.2,0,0,11.509056,339.1,0.00031496062992126,60.5119999999999,59.7019999999999,54.6619999999999,49.0099999999999,37.9,27.2,26.7
"BOOI4","2019-05-19 04:00",56.9839999999999,94.9,0,0,6.464757,325,0.000393700787401575,60.188,59.5939999999999,54.698,49.046,37.9,28.1,26.7
"BOOI4","2019-05-19 05:00",56.9659999999999,96.7,2060.9093,0,10.153471,296.9,0.00031496062992126,59.8819999999999,59.4679999999999,54.7339999999999,49.064,37.9,29.2,26.7
"BOOI4","2019-05-19 06:00",56.8039999999999,97,55950.91,0,9.793323,288.1,0.000196850393700787,59.648,59.3419999999999,54.7699999999999,49.0999999999999,37.9,30,26.8
"BOOI4","2019-05-19 07:00",53.816,96.5,170854.54,0,8.849335,300.1,0.000590551181102362,59.4679999999999,59.198,54.806,49.1179999999999,37.9,30.8,26.8
"BOOI4","2019-05-19 08:00",53.9779999999999,99.9,536818.2,0.020000001,8.437737,317.6,0.00114173228346457,59.3239999999999,59.0539999999999,54.8239999999999,49.1359999999999,37.9,32,26.8
"BOOI4","2019-05-19 09:00",52.682,97.9,379181.8,0,6.6504226,334.5,0.00271653543307087,59.4859999999999,58.9099999999999,54.8599999999999,49.172,38,32.1,26.9
"BOOI4","2019-05-19 10:00",51.4579999999999,96.8,456272.74,0,6.79135,322.4,0.00220472440944882,59.3419999999999,58.7839999999999,54.8599999999999,49.19,38,32.2,26.9
"BOOI4","2019-05-19 11:00",53.7079999999999,96.9,1362000,0,13.135312,301.1,0.00259842519685039,59.2339999999999,58.6579999999999,54.8779999999999,49.2259999999999,37.9,32.3,26.9
"BOOI4","2019-05-19 12:00",54.3919999999999,90.8,1375818.2,0,10.996797,307.8,0.00696850393700787,60.0439999999999,58.5319999999999,54.8779999999999,49.2439999999999,38,32.3,26.9
"BOOI4","2019-05-19 13:00",53.4019999999999,88.8,430181.82,0.010000001,11.878151,299.1,0.00822834645669291,60.188,58.4419999999999,54.8779999999999,49.2619999999999,38,32.3,27
"BOOI4","2019-05-19 14:00",51.764,90.2,388272.7,0,13.251632,289.2,0.00397637795275591,59.7199999999999,58.3519999999999,54.8779999999999,49.28,38,32.4,27
"BOOI4","2019-05-19 15:00",51.1519999999999,95.7,600818.2,0,13.144259,295.4,0.00311023622047244,59.3419999999999,58.298,54.8779999999999,49.316,38,32.4,27
"BOOI4","2019-05-19 16:00",51.656,96,712000,0,13.629675,293.9,0.00311023622047244,59.0899999999999,58.2259999999999,54.8779999999999,49.3339999999999,38,32.4,27
"BOOI4","2019-05-19 17:00",51.314,96.2,484336.36,0,15.696609,285.8,0.00346456692913386,58.9099999999999,58.1539999999999,54.8779999999999,49.3699999999999,38,32.4,27
"BOOI4","2019-05-19 18:00",49.7119999999999,90.1,294900,0,13.752707,295.4,0.0031496062992126,58.514,58.082,54.8599999999999,49.388,38,32.4,27
"BOOI4","2019-05-19 19:00",48.5779999999999,95.1,115463.646,0,14.309705,290.2,0.00279527559055118,57.938,57.9739999999999,54.8419999999999,49.406,38,32.4,27
"BOOI4","2019-05-19 20:00",47.7859999999999,97.1,21642.727,0.010000001,11.904995,297.5,0.00094488188976378,57.3079999999999,57.8839999999999,54.8419999999999,49.4239999999999,38,32.4,27
"BOOI4","2019-05-19 21:00",46.1713999999999,94.8,0,0,10.524802,300.5,0.000433070866141732,56.6599999999999,57.7759999999999,54.8239999999999,49.4599999999999,38,32.4,27
"BOOI4","2019-05-19 22:00",45.6691999999999,94.8,0,0,8.862756,323.9,0.000236220472440945,55.9759999999999,57.6319999999999,54.806,49.4779999999999,37.9,32.2,27
"BOOI4","2019-05-19 23:00",42.4687999999999,92.7,0,0,8.478003,343.2,0.000275590551181102,55.2919999999999,57.488,54.806,49.496,37.9,32.2,27
"BOOI4","2019-05-20 00:00",41.7073999999999,92.8,0,0,9.987937,346.8,0.00031496062992126,54.4999999999999,57.3079999999999,54.788,49.514,37.9,32.2,27
"BOOI4","2019-05-20 01:00",40.7317999999999,90.8,0,0,9.779902,347.2,0.000354330708661417,53.7259999999999,57.1099999999999,54.7699999999999,49.5319999999999,37.9,32.2,27
"BOOI4","2019-05-20 02:00",39.8839999999999,86.7,0,0,8.605508,352.3,0.000393700787401575,52.9519999999999,56.8939999999999,54.7519999999999,49.5679999999999,37.8,32.1,27
"BOOI4","2019-05-20 03:00",40.3106,88.1,0,0,8.008245,354.7,0.000433070866141732,52.2859999999999,56.6599999999999,54.7159999999999,49.5859999999999,37.8,31.9,27
"BOOI4","2019-05-20 04:00",40.1341999999999,87.7,0,0,6.9882007,0.235,0.000433070866141732,51.7099999999999,56.4079999999999,54.698,49.6039999999999,37.8,31.8,27
"BOOI4","2019-05-20 05:00",39.9415999999999,86.8,5379.0913,0,6.9837265,352.2,0.000393700787401575,51.206,56.138,54.68,49.622,37.7,31.8,27
"BOOI4","2019-05-20 06:00",40.7191999999999,89.2,135745.45,0,5.413395,2.639,0.000393700787401575,50.7199999999999,55.8679999999999,54.6439999999999,49.64,37.7,31.7,27
"BOOI4","2019-05-20 07:00",42.3427999999999,90,641545.4,0,5.661695,351.5,0.000354330708661417,50.432,55.598,54.6079999999999,49.6579999999999,37.7,31.6,27
"BOOI4","2019-05-20 08:00",42.6344,84.4,839090.94,0,10.426377,14.79,0.0028740157480315,50.54,55.3099999999999,54.572,49.6939999999999,37.6,31.3,27
"BOOI4","2019-05-20 09:00",44.4415999999999,87.3,1250818.2,0,10.625465,13.46,0.00421259842519685,51.0259999999999,55.04,54.5179999999999,49.6939999999999,37.6,31.1,27
"BOOI4","2019-05-20 10:00",47.8579999999999,85,1897000,0,11.444185,28.57,0.00610236220472441,51.9439999999999,54.788,54.4819999999999,49.7119999999999,37.6,31,27
"BOOI4","2019-05-20 11:00",50.5939999999999,78.26,2025636.4,0,10.8245535,41.01,0.00948818897637795,53.2759999999999,54.572,54.4279999999999,49.73,37.5,30.1,27
"BOOI4","2019-05-20 12:00",53.1499999999999,71.64,2624818.4,0,11.236149,57.32,0.0118110236220472,54.7159999999999,54.4099999999999,54.374,49.7659999999999,37.5,30.2,26.9
"BOOI4","2019-05-20 13:00",54.446,67.19,2567363.5,0,11.05272,59.44,0.0157874015748031,56.714,54.3199999999999,54.3019999999999,49.7839999999999,37.5,30.1,26.9
"BOOI4","2019-05-20 14:00",55.8859999999999,64.1,2519818,0,10.956532,60.39,0.0168110236220472,58.748,54.2839999999999,54.248,49.8019999999999,37.5,30.1,26.9
"BOOI4","2019-05-20 15:00",56.498,63.54,1930181.8,0,7.712969,73.08,0.017244094488189,60.548,54.338,54.1759999999999,49.8019999999999,37.5,30.1,26.9
"BOOI4","2019-05-20 16:00",55.94,55.62,1082727.3,0,7.6436243,71.03,0.0146062992125984,60.9619999999999,54.446,54.1039999999999,49.8199999999999,37.5,28.9,26.9
"BOOI4","2019-05-20 17:00",55.688,63.29,683818.2,0,8.880651,70.2,0.0109842519685039,60.2599999999999,54.6079999999999,54.0499999999999,49.856,37.5,28.8,26.9
"BOOI4","2019-05-20 18:00",55.238,62.99,406318.18,0,9.596473,82.5,0.00905511811023622,59.288,54.788,53.9779999999999,49.856,37.6,28.7,26.9
"BOOI4","2019-05-20 19:00",54.0859999999999,65.61,126318.184,0,9.075266,91.5,0.00728346456692913,58.2259999999999,54.9499999999999,53.9419999999999,49.874,37.6,28.5,26.9
"BOOI4","2019-05-20 20:00",52.682,73.21,10920.909,0,6.7689805,104.7,0.00429133858267717,57.164,55.0759999999999,53.888,49.8919999999999,37.6,28.4,26.9
"BOOI4","2019-05-20 21:00",51.548,77.89,0,0,6.9926744,122.3,0.00295275590551181,56.246,55.148,53.8339999999999,49.9099999999999,37.6,27.9,26.9
"BOOI4","2019-05-20 22:00",51.4579999999999,81.3,0,0,7.5317774,105.9,0.000905511811023622,55.5079999999999,55.1839999999999,53.798,49.9099999999999,37.6,27.8,26.9
"BOOI4","2019-05-20 23:00",50.9359999999999,80.9,0,0,10.846922,95.3,0.000984251968503937,54.896,55.1659999999999,53.7619999999999,49.9279999999999,37.6,27.6,26.9
"BOOI4","2019-05-21 00:00",50.0899999999999,84.1,0,0,11.457607,97.5,0.000866141732283465,54.356,55.13,53.7439999999999,49.946,37.5,27.5,26.9
"BOOI4","2019-05-21 01:00",49.622,87.9,0,0,12.16448,101.6,0.000708661417322835,53.888,55.0579999999999,53.7079999999999,49.946,37.5,27.5,26.9
"BOOI4","2019-05-21 02:00",49.3699999999999,86.9,0,0,13.835474,98.5,0.00062992125984252,53.438,54.9499999999999,53.69,49.964,37.5,27.3,26.9
"BOOI4","2019-05-21 03:00",48.3259999999999,86,0,0,16.034386,92.9,0.000708661417322835,53.0419999999999,54.8419999999999,53.672,49.964,37.5,27.2,26.9
"BOOI4","2019-05-21 04:00",46.7779999999999,88.9,0,0,15.846483,96,0.000669291338582677,52.6279999999999,54.7339999999999,53.6539999999999,49.9819999999999,37.5,27.1,26.9
"BOOI4","2019-05-21 05:00",46.2703999999999,96.2,436.36364,0.060000002,15.696609,97.2,0.000354330708661417,52.214,54.6079999999999,53.6359999999999,49.9819999999999,37.4,27,26.9
"BOOI4","2019-05-21 06:00",45.9247999999999,98.5,47963.64,0.040000003,15.0747385,101,7.8740157480315e-05,51.8359999999999,54.464,53.5999999999999,49.9999999999999,37.4,26.9,26.9
"BOOI4","2019-05-21 07:00",46.2973999999999,96.7,143390.93,0.020000001,18.767927,102.6,0.000590551181102362,51.5119999999999,54.338,53.582,50.0179999999999,37.4,26.9,26.9
"BOOI4","2019-05-21 08:00",46.598,92.1,309518.2,0,19.975874,105.9,0.00165354330708661,51.3859999999999,54.1759999999999,53.546,50.0179999999999,37.4,26.8,26.9
"BOOI4","2019-05-21 09:00",46.0705999999999,93.1,156972.73,0,19.685072,102.7,0.00240157480314961,51.2419999999999,54.0499999999999,53.5279999999999,50.0179999999999,37.4,26.8,26.9
"BOOI4","2019-05-21 10:00",46.814,95.6,277463.62,0,17.656168,99.6,0.00161417322834646,51.1519999999999,53.888,53.4919999999999,50.0359999999999,37.4,26.8,26.9
"BOOI4","2019-05-21 11:00",46.7419999999999,93.1,430545.47,0,17.962627,94.5,0.0021259842519685,51.188,53.7439999999999,53.456,50.0179999999999,37.3,26.8,26.8
"BOOI4","2019-05-21 12:00",47.372,94.8,398927.28,0.010000001,20.311415,90.1,0.0028740157480315,51.296,53.6179999999999,53.4199999999999,50.0539999999999,37.3,26.8,26.8
"BOOI4","2019-05-21 13:00",47.7679999999999,95.4,394909.1,0.05,17.765778,84.4,0.00216535433070866,51.3499999999999,53.4919999999999,53.3839999999999,50.0539999999999,37.4,27.5,26.8
"BOOI4","2019-05-21 14:00",47.48,96.7,319790.9,0.13,19.685072,85.8,0.00196850393700787,51.3499999999999,53.3659999999999,53.348,50.0539999999999,37.5,32,27
"BOOI4","2019-05-21 15:00",48.3619999999999,98.1,134209.09,0.28,20.982498,85.5,0.0015748031496063,51.0259999999999,53.222,53.3119999999999,50.072,37.9,32.4,27.1
"BOOI4","2019-05-21 16:00",48.848,95,98309.1,0.040000003,21.22856,87.4,0.00110236220472441,50.864,53.1319999999999,53.2579999999999,50.072,38.1,32.4,27.1
"BOOI4","2019-05-21 17:00",49.046,96.1,66163.635,0.010000001,24.136583,94.5,0.00133858267716536,50.738,53.0419999999999,53.222,50.0899999999999,38.1,32.4,27.1
"BOOI4","2019-05-21 18:00",49.3699999999999,98.6,55763.634,0.09,19.05873,107.5,0.000708661417322835,50.648,52.9519999999999,53.1679999999999,50.0899999999999,39,32.6,27.2
"BOOI4","2019-05-21 19:00",50.522,99.7,45954.544,0.14999999,17.962627,107.3,0.000354330708661417,50.648,52.8619999999999,53.1319999999999,50.0899999999999,41.7,32.7,27.2
"BOOI4","2019-05-21 20:00",52.2499999999999,98.4,9339.09,0.020000001,24.449755,94.9,0.000393700787401575,50.756,52.79,53.0779999999999,50.1079999999999,41.7,32.6,27.2
"BOOI4","2019-05-21 21:00",52.5739999999999,96.9,0,0,17.962627,114.7,0.00047244094488189,50.9359999999999,52.7179999999999,53.0419999999999,50.1079999999999,41.7,32.7,27.2
"BOOI4","2019-05-21 22:00",52.6999999999999,96.3,0,0,18.074474,114,0.000236220472440945,51.1159999999999,52.646,52.988,50.1079999999999,41.7,32.7,27.2
"BOOI4","2019-05-21 23:00",53.3119999999999,97.2,0,0,18.2758,120.6,0.000236220472440945,51.296,52.5919999999999,52.9339999999999,50.1079999999999,41.7,32.6,27.2
"BOOI4","2019-05-22 00:00",54.7159999999999,98.5,0,0,16.479538,124.4,0.000118110236220472,51.5119999999999,52.538,52.898,50.1259999999999,41.7,32.6,27.2
"BOOI4","2019-05-22 01:00",56.5159999999999,98.7,0,0,14.068116,122,7.8740157480315e-05,51.8359999999999,52.5019999999999,52.8439999999999,50.1259999999999,41.7,32.6,27.2
"BOOI4","2019-05-22 02:00",56.5519999999999,97.4,0,0,17.582348,126.9,0.000118110236220472,52.1779999999999,52.4659999999999,52.8079999999999,50.1259999999999,41.7,32.7,27.2
"BOOI4","2019-05-22 03:00",56.246,96.7,0,0,16.103731,142.8,0.000196850393700787,52.4119999999999,52.448,52.772,50.1259999999999,41.6,32.6,27.2
"BOOI4","2019-05-22 04:00",56.6419999999999,96.3,0,0,15.871089,146.1,0.00015748031496063,52.5739999999999,52.448,52.7179999999999,50.1259999999999,41.6,32.6,27.2
"BOOI4","2019-05-22 05:00",57.3079999999999,93.6,3213.6362,0,17.808279,153.4,0.00031496062992126,52.664,52.448,52.682,50.1259999999999,41.6,32.6,27.2
"BOOI4","2019-05-22 06:00",56.7499999999999,91.8,188136.37,0,16.454931,162.4,0.000590551181102362,52.7359999999999,52.4659999999999,52.6279999999999,50.1259999999999,41.6,32.6,27.2
"BOOI4","2019-05-22 07:00",57.74,93.2,714454.5,0,14.202332,167.8,0.00102362204724409,52.988,52.4839999999999,52.5919999999999,50.1259999999999,41.6,32.6,27.2
"BOOI4","2019-05-22 08:00",59.1259999999999,83.9,1489909,0,17.072327,182.5,0.00452755905511811,53.3839999999999,52.4839999999999,52.556,50.1439999999999,41.6,32.6,27.2
"BOOI4","2019-05-22 09:00",60.206,77.88,2095000,0,18.879772,197.7,0.0097244094488189,54.3199999999999,52.5019999999999,52.5199999999999,50.1259999999999,41.6,32.6,27.2
"BOOI4","2019-05-22 10:00",60.9439999999999,72.4,2630454.6,0,20.53511,205.7,0.0148818897637795,55.6159999999999,52.556,52.5019999999999,50.1259999999999,41.6,32.6,27.2
"BOOI4","2019-05-22 11:00",62.8699999999999,71.67,3047272.7,0,21.98912,207.4,0.0183070866141732,57.164,52.6279999999999,52.4659999999999,50.1259999999999,41.6,32.6,27.2
"BOOI4","2019-05-22 12:00",64.2019999999999,66.91,3281818.4,0,21.698318,210.3,0.0213779527559055,58.7119999999999,52.7359999999999,52.43,50.1439999999999,41.6,32.6,27.2
"BOOI4","2019-05-22 13:00",66.146,64.41,3322727.3,0,21.832535,212.8,0.0245275590551181,60.2239999999999,52.88,52.3939999999999,50.1259999999999,41.7,32.6,27.2
"BOOI4","2019-05-22 14:00",67.64,60.69,3208182,0,20.646955,212.3,0.026496062992126,61.6279999999999,53.0779999999999,52.3759999999999,50.1439999999999,41.7,32.6,27.2
"BOOI4","2019-05-22 15:00",68.414,53.06,2778636.5,0,20.736435,218.8,0.0284645669291339,62.7259999999999,53.3119999999999,52.3399999999999,50.1439999999999,41.7,32.6,27.2
"BOOI4","2019-05-22 16:00",68.2519999999999,59.18,2159454.6,0,19.72981,220.5,0.0268897637795276,63.338,53.582,52.322,50.1259999999999,41.7,32.5,27.2
"BOOI4","2019-05-22 17:00",68.4319999999999,56.31,1447091,0,21.407515,215.3,0.0246850393700787,63.23,53.8699999999999,52.322,50.1439999999999,41.4,32.5,27.2
"BOOI4","2019-05-22 18:00",67.0999999999999,53.18,839090.94,0,20.289045,220.7,0.0210236220472441,62.5999999999999,54.1579999999999,52.3039999999999,50.1259999999999,41.4,32.5,27.2
"BOOI4","2019-05-22 19:00",65.156,54.7,355536.38,0,18.63371,231.7,0.0171259842519685,61.556,54.464,52.3039999999999,50.1259999999999,41.4,32.6,27.2
"BOOI4","2019-05-22 20:00",61.79,60.95,49825.455,0,16.763628,239,0.0123228346456693,60.332,54.7159999999999,52.3039999999999,50.1259999999999,40.8,32.6,27.2
"BOOI4","2019-05-22 21:00",58.1359999999999,72.01,0,0,11.066142,236.3,0.00551181102362205,59.1259999999999,54.932,52.322,50.1259999999999,40.5,32.6,27.2
"BOOI4","2019-05-22 22:00",56.4439999999999,80.8,0,0,7.4087453,244.5,0.00102362204724409,58.0099999999999,55.0939999999999,52.3399999999999,50.1259999999999,40.4,32.6,27.2
"BOOI4","2019-05-22 23:00",54.6079999999999,83.8,0,0,7.384139,252.5,0.00062992125984252,56.9839999999999,55.2019999999999,52.3579999999999,50.1079999999999,39.3,32.6,27.2
"BOOI4","2019-05-23 00:00",55.2199999999999,80.9,0,0,6.7622695,250.1,0.000551181102362205,56.0119999999999,55.238,52.3759999999999,50.1079999999999,39.2,32.6,27.2
"BOOI4","2019-05-23 01:00",53.6539999999999,75.06,0,0,11.408394,273,0.00125984251968504,55.1839999999999,55.238,52.4119999999999,50.1079999999999,39.1,32.5,27.2
"BOOI4","2019-05-23 02:00",50.7919999999999,78.45,0,0,9.140137,281.6,0.00102362204724409,54.3919999999999,55.2019999999999,52.448,50.1079999999999,39,32.5,27.2
"BOOI4","2019-05-23 03:00",48.83,85,0,0,8.504846,266.3,0.000590551181102362,53.6179999999999,55.1119999999999,52.4839999999999,50.1079999999999,39,32.5,27.2
"BOOI4","2019-05-23 04:00",47.498,87,0,0,5.641563,254.4,0.000118110236220472,52.88,55.0039999999999,52.5199999999999,50.0899999999999,38.9,32.5,27.2
"BOOI4","2019-05-23 05:00",47.066,91.1,918.06,0,3.887802,245.5,-0.00015748031496063,52.1779999999999,54.8599999999999,52.538,50.1079999999999,38.9,32.5,27.2
"BOOI4","2019-05-23 06:00",50.288,93.1,22902.6,0,5.9099956,241.2,-3.93700787401575e-05,51.6739999999999,54.7159999999999,52.5739999999999,50.0899999999999,38.8,32.5,27.2
"BOOI4","2019-05-23 07:00",54.338,89,53760,0,7.126891,259.3,0.00106299212598425,51.6739999999999,54.5179999999999,52.5919999999999,50.0899999999999,38.8,32.5,27.2
"BOOI4","2019-05-23 08:00",56.2099999999999,82.6,75846,0,8.276678,287.3,0.00413385826771654,52.3939999999999,54.356,52.6279999999999,50.0899999999999,38.7,32.5,27.2
"BOOI4","2019-05-23 09:00",58.28,78.28,99840,0,11.540373,294.5,0.00767716535433071,53.6359999999999,54.1759999999999,52.6279999999999,50.072,38.7,32.5,27.2
"BOOI4","2019-05-23 10:00",59.288,71.86,87294,0,9.576341,282.8,0.0106299212598425,55.2919999999999,54.0499999999999,52.646,50.0899999999999,38.6,32.4,27.2
"BOOI4","2019-05-23 11:00",61.4839999999999,72.02,117150,0,9.824641,277.8,0.0114173228346457,56.588,53.9599999999999,52.646,50.0899999999999,38.6,32.4,27.2
"BOOI4","2019-05-23 12:00",64.346,65.77,213900,0,9.585287,277.5,0.0143700787401575,58.9819999999999,53.9419999999999,52.664,50.0899999999999,38.6,32.4,27.2
"BOOI4","2019-05-23 13:00",64.346,59.85,213900,0,9.272117,284.1,0.0232677165354331,58.9819999999999,53.9419999999999,52.664,50.0899999999999,38.6,32.4,27.2
"BOOI4","2019-05-23 14:00",66.0199999999999,56.33,107400,0,9.788849,299.9,0.00503937007874016,62.114,53.9779999999999,52.664,50.072,38.6,32.4,27.2
"BOOI4","2019-05-23 15:00",68.8099999999999,53.95,165396,0,8.518268,280.3,0.0251574803149606,66.83,54.3019999999999,52.646,50.072,38.6,32.4,27.2
"BOOI4","2019-05-23 16:00",68.972,51.54,103632,0,6.417781,282.7,0.0215354330708661,67.9099999999999,54.6259999999999,52.6279999999999,50.072,38.6,32.4,27.2
"BOOI4","2019-05-23 17:00",68.5399999999999,53.05,70878,0,6.8696427,280,0.0163779527559055,67.6039999999999,55.0039999999999,52.6279999999999,50.072,38.6,32.5,27.2
"BOOI4","2019-05-23 18:00",66.83,54.78,18894,0,7.534014,291.4,0.0134645669291339,66.506,55.4179999999999,52.6279999999999,50.072,38.6,32.4,27.2
"BOOI4","2019-05-23 19:00",64.2019999999999,61.68,5447.4006,0,9.509232,310.9,0.00988188976377953,64.8499999999999,55.832,52.6279999999999,50.0899999999999,38.7,32.4,27.2
"BOOI4","2019-05-23 20:00",62.0419999999999,65.67,1349.94,0,9.061844,74.15,0.0065748031496063,63.4999999999999,56.2099999999999,52.6279999999999,50.072,38.7,32.4,27.1
"BOOI4","2019-05-23 21:00",60.6919999999999,75.93,3.36,0,4.129391,82.9,0.00267716535433071,62.2939999999999,56.5159999999999,52.646,50.072,38.6,32.4,27.1
"BOOI4","2019-05-23 22:00",59.0899999999999,76.04,0,0,0.9216193,39.26,0.000433070866141732,61.2859999999999,56.7319999999999,52.682,50.072,38.6,32.4,27.1
"BOOI4","2019-05-23 23:00",56.4259999999999,83.8,0.36,0,4.737839,61.83,0.000866141732283465,60.5119999999999,56.8759999999999,52.7179999999999,50.072,38.7,32.3,27.1
"BOOI4","2019-05-24 00:00",55.6519999999999,97.2,0,0.4401575,5.339576,5.921,0.000669291338582677,59.5039999999999,56.9839999999999,52.7539999999999,50.072,39.1,32.8,27.2
"BOOI4","2019-05-24 01:00",55.04,99.1,0,0.16999999,8.384051,25.24,0.00015748031496063,58.7119999999999,57.0019999999999,52.8079999999999,50.0899999999999,40.7,33.1,27.4
"BOOI4","2019-05-24 02:00",54.5359999999999,99.4,0,0.16000001,10.74626,44.65,7.8740157480315e-05,58.082,57.0019999999999,52.8619999999999,50.0899999999999,40.9,33.2,27.5
"BOOI4","2019-05-24 03:00",54.5539999999999,100,0,0.24000001,12.8803005,87.3,3.93700787401575e-05,57.5599999999999,56.9659999999999,52.9159999999999,50.0899999999999,41,33.1,27.5
"BOOI4","2019-05-24 04:00",55.3099999999999,100,0,0.09,17.736696,103.6,0,57.2179999999999,56.9119999999999,52.988,50.0899999999999,40.9,33.2,27.5
"BOOI4","2019-05-24 05:00",55.9759999999999,98.8,379.0909,0,15.403569,107,3.93700787401575e-05,57.0019999999999,56.8399999999999,53.0419999999999,50.0899999999999,40.9,33.2,27.5
"BOOI4","2019-05-24 06:00",56.0119999999999,99.1,2178.182,0.020000001,13.69902,120.8,7.8740157480315e-05,56.7859999999999,56.7499999999999,53.096,50.0899999999999,41,33.1,27.6
"BOOI4","2019-05-24 07:00",55.58,98,22186.361,0.85984254,17.962627,124,0.00015748031496063,56.6419999999999,56.6419999999999,53.1319999999999,50.0899999999999,41,33.2,27.5
"BOOI4","2019-05-24 08:00",57.398,99.8,330263.64,0.11,14.906968,125.2,0.000275590551181102,56.6419999999999,56.5159999999999,53.1859999999999,50.0899999999999,41,33.2,27.5
"BOOI4","2019-05-24 09:00",59.7739999999999,97.9,821454.5,0,14.039036,136.7,0.00200787401574803,57.2179999999999,56.4259999999999,53.222,50.1079999999999,41,33.2,27.5
"BOOI4","2019-05-24 10:00",61.5019999999999,95,695090.9,0,13.996533,150.1,0.00448818897637795,58.172,56.3179999999999,53.2579999999999,50.1079999999999,41,33.3,27.5
"BOOI4","2019-05-24 11:00",64.256,96.1,1973909,0,12.077239,157.1,0.00456692913385827,59.18,56.2279999999999,53.2759999999999,50.1079999999999,41,33.3,27.5
"BOOI4","2019-05-24 12:00",68.7739999999999,92.6,2629000,0,13.247158,148.8,0.0107874015748031,61.5739999999999,56.1919999999999,53.3119999999999,50.1259999999999,41,33.3,27.5
"BOOI4","2019-05-24 13:00",71.3659999999999,90.5,1638091,0,12.826614,156.2,0.0156692913385827,63.8239999999999,56.1739999999999,53.348,50.1079999999999,40.9,33.3,27.5
"BOOI4","2019-05-24 14:00",75.272,86.8,1898636.4,0,9.258695,187.7,0.0124803149606299,65.156,56.2279999999999,53.348,50.1259999999999,40.9,33.3,27.5
"BOOI4","2019-05-24 15:00",77.648,85.1,2243091,0,6.464757,188.9,0.0149606299212598,67.2079999999999,56.3539999999999,53.3839999999999,50.1439999999999,40.9,33.3,27.5
"BOOI4","2019-05-24 16:00",77.7019999999999,82,2077000,0,13.316504,221.8,0.0193307086614173,68.5039999999999,56.5339999999999,53.4019999999999,50.1619999999999,41,33.3,27.5
"BOOI4","2019-05-24 17:00",77.8999999999999,76.66,1425454.6,0,16.669678,227.6,0.0195669291338583,68.972,56.7859999999999,53.4019999999999,50.1619999999999,40.9,33.3,27.5
"BOOI4","2019-05-24 18:00",76.2259999999999,75.4,626727.23,0,14.67209,226.2,0.0153149606299213,68.7019999999999,57.0739999999999,53.438,50.198,40.9,33.3,27.5
"BOOI4","2019-05-24 19:00",74.6419999999999,74.31,376254.55,0,15.761479,226.9,0.0113779527559055,67.8919999999999,57.398,53.456,50.198,40.9,33.3,27.4
"BOOI4","2019-05-24 20:00",71.7439999999999,81.3,100238.18,0,11.582875,231.2,0.0068503937007874,67.1179999999999,57.7039999999999,53.4739999999999,50.2159999999999,41,33.3,27.4
"BOOI4","2019-05-24 21:00",68.846,88.1,184.54544,0,7.6615195,229.6,0.0018503937007874,66.1999999999999,57.9739999999999,53.5279999999999,50.2339999999999,41,33.3,27.4
"BOOI4","2019-05-24 22:00",69.7099999999999,94.1,0,0,4.1249175,204,0.00015748031496063,65.4439999999999,58.2079999999999,53.546,50.2339999999999,41,33.3,27.4
"BOOI4","2019-05-24 23:00",69.296,92.7,0,0,3.0802662,216,-7.8740157480315e-05,64.922,58.406,53.5999999999999,50.2699999999999,41,33.3,27.4
"BOOI4","2019-05-25 00:00",68.9539999999999,91.5,0,0,6.126979,214.7,0.000236220472440945,64.5259999999999,58.5319999999999,53.6539999999999,50.288,41,33.3,27.4
"BOOI4","2019-05-25 01:00",68.306,92.7,0,0,7.4803276,210.1,0.000275590551181102,64.2739999999999,58.64,53.7079999999999,50.288,41,33.3,27.4
"BOOI4","2019-05-25 02:00",68.5939999999999,95.5,0,0,6.9971485,203.1,0.00015748031496063,64.148,58.73,53.7619999999999,50.306,41,33.3,27.4
"BOOI4","2019-05-25 03:00",66.9739999999999,91.2,0,0,12.233825,215,0.000433070866141732,63.896,58.7839999999999,53.816,50.3239999999999,41,33.3,27.4
"BOOI4","2019-05-25 04:00",66.3259999999999,92.1,0,0,13.775077,214,0.00062992125984252,63.5539999999999,58.8199999999999,53.888,50.3419999999999,41,33.3,27.4
"BOOI4","2019-05-25 05:00",65.948,94.1,3667.2726,0,12.162242,217.3,0.000393700787401575,63.2839999999999,58.856,53.9419999999999,50.3599999999999,41,33.3,27.4
"BOOI4","2019-05-25 06:00",66.3259999999999,96.1,101981.82,0,12.146584,223.3,0.000236220472440945,63.0679999999999,58.874,54.014,50.3779999999999,41,33.3,27.4
"BOOI4","2019-05-25 07:00",67.1539999999999,96.2,311318.2,0,11.381551,229.3,0.000866141732283465,63.14,58.8919999999999,54.0679999999999,50.3779999999999,41,33.2,27.4
"BOOI4","2019-05-25 08:00",69.6019999999999,94.8,1174272.7,0,11.889337,237,0.00244094488188976,63.5359999999999,58.8919999999999,54.14,50.396,41,33.2,27.4
"BOOI4","2019-05-25 09:00",71.672,90,1704545.4,0,12.605158,251,0.0075984251968504,64.6519999999999,58.8919999999999,54.1939999999999,50.414,40.9,33.2,27.4
"BOOI4","2019-05-25 10:00",74.1739999999999,83.3,2057818,0,13.247158,252.8,0.0126771653543307,65.9119999999999,58.9099999999999,54.2659999999999,50.432,40.9,33.1,27.4
"BOOI4","2019-05-25 11:00",74.5339999999999,78.33,2411909.2,0,14.960655,258.2,0.017244094488189,67.406,58.946,54.3019999999999,50.4499999999999,41,33.1,27.4
"BOOI4","2019-05-25 12:00",75.9199999999999,75.2,2656818.4,0,13.781787,270.4,0.0207874015748032,68.8099999999999,59.0359999999999,54.374,50.4499999999999,41,33.1,27.4
"BOOI4","2019-05-25 13:00",77.4679999999999,67.34,2904090.8,0,12.307644,267.1,0.0238188976377953,70.4119999999999,59.18,54.4279999999999,50.4859999999999,41,33.1,27.4
"BOOI4","2019-05-25 14:00",77.5579999999999,61.96,3245454.6,0,9.019342,277.9,0.025748031496063,72.5179999999999,59.3599999999999,54.464,50.4859999999999,41,33.1,27.4
"BOOI4","2019-05-25 15:00",77.1079999999999,67.5,2029636.2,0,8.91868,282.5,0.0280314960629921,73.7779999999999,59.5759999999999,54.5179999999999,50.5039999999999,41,33,27.4
"BOOI4","2019-05-25 16:00",77.9539999999999,65.32,2027818.1,0,9.135663,309.1,0.0208661417322835,73.6699999999999,59.864,54.572,50.522,41,33,27.4
"BOOI4","2019-05-25 17:00",76.6579999999999,56.56,1271636.4,0,8.39971,308.3,0.0211417322834646,73.814,60.188,54.6259999999999,50.522,40.9,33,27.4
"BOOI4","2019-05-25 18:00",76.4239999999999,53.8,996909.06,0,6.1784286,313.6,0.0146850393700787,73.2739999999999,60.5119999999999,54.68,50.522,40.9,33,27.4
"BOOI4","2019-05-25 19:00",73.5259999999999,56.64,486909.12,0,6.3193555,335.5,0.0126377952755906,72.0679999999999,60.8179999999999,54.7339999999999,50.54,41,33,27.3
"BOOI4","2019-05-25 20:00",69.6199999999999,60.39,48867.27,0,5.21207,352.4,0.00704724409448819,70.3759999999999,61.106,54.788,50.5579999999999,41,33,27.4
"BOOI4","2019-05-25 21:00",67.2259999999999,66.45,200,0,2.5568225,352.7,0.00125984251968504,68.63,61.322,54.8599999999999,50.5579999999999,41,33,27.4
"BOOI4","2019-05-25 22:00",66.2539999999999,69.2,0,0,0.31988242,342.4,-0.0012992125984252,67.2259999999999,61.5019999999999,54.914,50.5759999999999,41,32.9,27.3
"BOOI4","2019-05-25 23:00",64.6159999999999,70.17,0,0,2.4248428,350.5,0.000118110236220472,65.9839999999999,61.5919999999999,55.0039999999999,50.5759999999999,41,32.9,27.3
"BOOI4","2019-05-26 00:00",63.4099999999999,74.06,0,0,4.319531,5.489,0.000748031496062992,64.9579999999999,61.6279999999999,55.0759999999999,50.5939999999999,41,32.9,27.3
"BOOI4","2019-05-26 01:00",61.6099999999999,75.24,0,0,3.7938502,3.639,0.000433070866141732,64.13,61.6099999999999,55.148,50.6119999999999,41,32.9,27.3
"BOOI4","2019-05-26 02:00",60.1699999999999,75.96,0,0,7.840475,16.84,0.00106299212598425,63.3199999999999,61.556,55.2199999999999,50.6119999999999,41,32.9,27.3
"BOOI4","2019-05-26 03:00",59.2699999999999,78.46,0,0,6.961357,23.57,0.000708661417322835,62.4739999999999,61.43,55.3099999999999,50.6119999999999,41,32.9,27.3
"BOOI4","2019-05-26 04:00",59.522,84.2,0,0,6.7667437,41.86,0.00062992125984252,61.88,61.322,55.3819999999999,50.63,40.8,32.9,27.3
"BOOI4","2019-05-26 05:00",58.6579999999999,87.9,3167.273,0,5.6438,140.6,0.00031496062992126,61.322,61.1779999999999,55.4539999999999,50.648,40.7,32.9,27.3
"BOOI4","2019-05-26 06:00",57.938,81,101127.28,0,5.710908,45.1,0.000196850393700787,60.6199999999999,61.0159999999999,55.5259999999999,50.6659999999999,40.8,32.9,27.3
"BOOI4","2019-05-26 07:00",61.4659999999999,83.1,727336.36,0,6.0128946,24.01,0.00208661417322835,60.08,60.8539999999999,55.58,50.6659999999999,40.8,32.9,27.3
"BOOI4","2019-05-26 08:00",63.7519999999999,72.33,1519818.1,0,5.8294654,27.38,0.00515748031496063,60.206,60.6739999999999,55.6339999999999,50.6839999999999,40.7,32.9,27.3
"BOOI4","2019-05-26 09:00",66.2899999999999,65.35,2095636.2,0,7.6592827,67.86,0.0115354330708661,61.664,60.4939999999999,55.688,50.7019999999999,40.6,32.9,27.3
"BOOI4","2019-05-26 10:00",68.8999999999999,64.79,2589909.2,0,5.1360145,97.3,0.0160629921259842,64.13,60.332,55.7239999999999,50.7019999999999,40.6,32.9,27.3
"BOOI4","2019-05-26 11:00",70.7359999999999,57.3,3111818.4,0,2.9930258,93.8,0.0195669291338583,67.2439999999999,60.206,55.7599999999999,50.7199999999999,40.6,32.9,27.3
"BOOI4","2019-05-26 12:00",72.464,57.95,3355454.6,0,1.8141583,104.6,0.0236220472440945,70.43,60.188,55.796,50.738,40.6,32.9,27.3
"BOOI4","2019-05-26 13:00",74.1199999999999,60.34,3380000,0,1.9617963,130.6,0.0261023622047244,73.2199999999999,60.2599999999999,55.832,50.738,40.2,32.9,27.3
"BOOI4","2019-05-26 14:00",74.9119999999999,58.56,3215454.6,0,2.4695816,148.8,0.0270472440944882,75.5239999999999,60.44,55.8499999999999,50.756,40.3,32.9,27.3
"BOOI4","2019-05-26 15:00",76.856,53.14,2844727.3,0,2.5635333,99.9,0.0263779527559055,77.306,60.746,55.8679999999999,50.7739999999999,40.3,32.8,27.3
"BOOI4","2019-05-26 16:00",77.756,48.2,2339454.6,0,2.2279923,124.5,0.0238582677165354,78.314,61.1419999999999,55.8859999999999,50.7919999999999,40.2,32.8,27.2
"BOOI4","2019-05-26 17:00",77.2699999999999,52.46,1764454.6,0,3.2279043,179.1,0.0207086614173228,78.4039999999999,61.5919999999999,55.9039999999999,50.8099999999999,40.3,32.8,27.2
"BOOI4","2019-05-26 18:00",76.4419999999999,55.78,926727.3,0,5.346287,132.7,0.0174015748031496,77.7019999999999,62.114,55.94,50.8279999999999,40.3,32.8,27.2
"BOOI4","2019-05-26 19:00",74.1919999999999,55.55,335490.9,0,5.32168,125.3,0.011259842519685,75.848,62.6179999999999,55.9579999999999,50.846,40.3,32.8,27.2
"BOOI4","2019-05-26 20:00",71.2579999999999,62.73,35154.545,0,5.3865514,121.7,0.00673228346456693,73.5259999999999,63.0859999999999,55.9939999999999,50.864,40.3,32.7,27.2
"BOOI4","2019-05-26 21:00",70.0339999999999,73.32,112.72727,0,4.804947,117.1,0.00330708661417323,71.5279999999999,63.4999999999999,56.048,50.864,40.2,32.7,27.2
"BOOI4","2019-05-26 22:00",69.08,78.85,0,0,4.713233,111.2,0.00078740157480315,70.088,63.788,56.1019999999999,50.8999999999999,40.2,32.7,27.2
"BOOI4","2019-05-26 23:00",68.972,84.2,0,0,5.2747045,116.8,0.000551181102362205,68.99,63.9859999999999,56.1739999999999,50.8999999999999,40.2,32.7,27.2
"BOOI4","2019-05-27 00:00",68.99,86.4,0,0,7.52954,132.3,0.000708661417322835,68.1619999999999,64.1119999999999,56.264,50.9359999999999,40.2,32.7,27.2
"BOOI4","2019-05-27 01:00",67.946,87.3,0,0,9.236325,133.6,0.000708661417322835,67.5859999999999,64.1659999999999,56.3359999999999,50.9359999999999,40.1,32.6,27.2
"BOOI4","2019-05-27 02:00",66.7759999999999,93.1,0,0,9.86938,152.3,0.000433070866141732,67.0999999999999,64.148,56.4259999999999,50.9539999999999,40.1,32.6,27.2
"BOOI4","2019-05-27 03:00",66.5599999999999,96.5,0,0.060000002,11.061668,132.4,3.93700787401575e-05,66.6499999999999,64.0939999999999,56.5159999999999,50.972,40.1,32.6,27.2
"BOOI4","2019-05-27 04:00",66.6679999999999,97.3,0,0,12.985436,129.8,-3.93700787401575e-05,66.2539999999999,64.022,56.606,50.99,40.1,32.6,27.2
"BOOI4","2019-05-27 05:00",66.6679999999999,98.6,948.18187,0,12.705819,148.7,-0.000118110236220472,65.93,63.932,56.6779999999999,51.0079999999999,40.1,32.6,27.2
"BOOI4","2019-05-27 06:00",66.8119999999999,98.4,5876.3633,0,9.225141,135.9,-0.000275590551181102,65.696,63.8239999999999,56.7499999999999,51.0259999999999,40.1,32.6,27.1
"BOOI4","2019-05-27 07:00",65.3179999999999,97.1,51494.55,0.020000001,12.300933,125.6,0.000551181102362205,65.5339999999999,63.7159999999999,56.8399999999999,51.0439999999999,40.3,32.7,27.1
"BOOI4","2019-05-27 08:00",68.972,93.9,834145.45,0.2,18.342907,136.9,0.00153543307086614,65.4259999999999,63.5899999999999,56.9119999999999,51.0619999999999,40.3,32.7,27.2
"BOOI4","2019-05-27 09:00",70.5739999999999,90.5,1765454.5,0,14.654194,152.4,0.00519685039370079,66.2539999999999,63.464,56.9839999999999,51.08,40.4,32.7,27.2
"BOOI4","2019-05-27 10:00",71.0239999999999,83.2,1340454.6,0,16.862055,176.2,0.0124803149606299,67.0999999999999,63.356,57.056,51.098,40.4,32.7,27.2
"BOOI4","2019-05-27 11:00",71.8519999999999,80.6,2570272.7,0,18.65608,207.6,0.0124803149606299,68.198,63.248,57.1099999999999,51.1159999999999,40.5,32.7,27.2
"BOOI4","2019-05-27 12:00",73.4359999999999,76.02,1730545.5,0,22.212814,206.7,0.0201574803149606,69.1159999999999,63.1939999999999,57.164,51.1339999999999,40.5,32.7,27.2
"BOOI4","2019-05-27 13:00",75.3439999999999,80.3,3120000,0,21.832535,216.9,0.0185826771653543,70.2499999999999,63.1759999999999,57.1999999999999,51.1519999999999,40.5,32.7,27.2
"BOOI4","2019-05-27 14:00",76.496,68.01,2223000,0,23.12996,229.2,0.027244094488189,70.898,63.1939999999999,57.2359999999999,51.1699999999999,40.4,32.7,27.2
"BOOI4","2019-05-27 15:00",78.1699999999999,66.5,2184000,0,21.922012,238.3,0.0242125984251969,71.114,63.23,57.29,51.206,40.4,32.7,27.2
"BOOI4","2019-05-27 16:00",77.8999999999999,61.87,2194818,0,21.63121,250.7,0.0257874015748032,71.5999999999999,63.3199999999999,57.3079999999999,51.2239999999999,40.4,32.7,27.2
"BOOI4","2019-05-27 17:00",75.0919999999999,65.21,1653909,0,21.049604,264.9,0.0257874015748032,72.014,63.4279999999999,57.3439999999999,51.2419999999999,40.3,32.7,27.2
"BOOI4","2019-05-27 18:00",69.422,71.63,1024909,0,17.519714,283.6,0.0189763779527559,71.7259999999999,63.5539999999999,57.38,51.2599999999999,40.3,32.7,27.2
"BOOI4","2019-05-27 19:00",64.256,79.7,494272.77,0,14.616166,303.6,0.0109842519685039,70.6819999999999,63.68,57.4159999999999,51.296,40.3,32.7,27.2
"BOOI4","2019-05-27 20:00",60.0259999999999,85.5,73608.185,0,11.448659,312.1,0.00507874015748032,69.0259999999999,63.8239999999999,57.4519999999999,51.296,40.3,32.7,27.2
"BOOI4","2019-05-27 21:00",59.0539999999999,89.4,184.54544,0,7.1089954,337.2,0.000433070866141732,67.2619999999999,63.932,57.488,51.332,40.2,32.6,27.2
"BOOI4","2019-05-27 22:00",57.7579999999999,89.9,0,0,9.081976,340,0.000236220472440945,65.93,64.0039999999999,57.5239999999999,51.3499999999999,40.2,32.6,27.2
"BOOI4","2019-05-27 23:00",57.0199999999999,89.3,0,0,9.972279,344.5,0.000275590551181102,64.814,64.022,57.5779999999999,51.3679999999999,40.1,32.6,27.2
"BOOI4","2019-05-28 00:00",55.3999999999999,89.6,0,0,9.187112,344.8,0.00015748031496063,63.8599999999999,63.9679999999999,57.614,51.4039999999999,40.1,32.6,27.2
"BOOI4","2019-05-28 01:00",54.896,89.5,0,0,10.869292,7.003,0.000196850393700787,62.798,63.8779999999999,57.6499999999999,51.422,40,32.6,27.2
"BOOI4","2019-05-28 02:00",55.0579999999999,92.3,0,0,10.5203285,19.88,0.000118110236220472,62.0779999999999,63.7339999999999,57.7039999999999,51.44,40,32.6,27.2
"BOOI4","2019-05-28 03:00",54.0319999999999,92.2,0,0,8.20957,17.62,0,61.3939999999999,63.5539999999999,57.74,51.4579999999999,40,32.5,27.2
"BOOI4","2019-05-28 04:00",53.438,96.4,0,0.040000003,11.976577,22.2,-3.93700787401575e-05,60.7279999999999,63.356,57.7759999999999,51.4939999999999,39.9,32.4,27.2
"BOOI4","2019-05-28 05:00",53.4919999999999,96.1,758.1818,0,11.3994465,39.9,-7.8740157480315e-05,60.206,63.14,57.8119999999999,51.5119999999999,39.9,32.4,27.2
"BOOI4","2019-05-28 06:00",53.6179999999999,96.8,5179.091,0,6.187376,72.72,-0.00031496062992126,59.8819999999999,62.906,57.83,51.53,39.8,32.4,27.2
"BOOI4","2019-05-28 07:00",52.8259999999999,96.9,6890.909,0.020000001,6.1292157,30.83,0.00047244094488189,59.414,62.672,57.8839999999999,51.548,39.9,32.4,27.2
"BOOI4","2019-05-28 08:00",52.3579999999999,99.6,116565.45,0.19000001,6.7734547,44.26,0.000236220472440945,58.8019999999999,62.4199999999999,57.8839999999999,51.566,40.7,33.1,27.3
"BOOI4","2019-05-28 09:00",52.6279999999999,100,261618.2,0.28,8.397472,33.91,0.00062992125984252,58.6039999999999,62.1679999999999,57.9199999999999,51.6019999999999,42.1,33.4,27.3
"BOOI4","2019-05-28 10:00",54.4819999999999,99.2,488790.92,0,11.723803,43.81,0.00133858267716536,58.4599999999999,61.9159999999999,57.9199999999999,51.638,42.1,33.3,27.3
"BOOI4","2019-05-28 11:00",57.8659999999999,95.9,1666909,0,15.191059,83.2,0.00251968503937008,59.396,61.664,57.938,51.656,42,33.3,27.3
"BOOI4","2019-05-28 12:00",59.5939999999999,92.1,1381363.6,0,11.023641,84.8,0.00881889763779528,61.3759999999999,61.43,57.938,51.6919999999999,42.1,33.2,27.4
"BOOI4","2019-05-28 13:00",60.0079999999999,91,1175545.4,0,9.160269,68.85,0.00862204724409449,62.8339999999999,61.2319999999999,57.9199999999999,51.7099999999999,42,33.2,27.4
"BOOI4","2019-05-28 14:00",59.2339999999999,90.5,361963.65,0,9.070791,73.35,0.0081496062992126,63.0319999999999,61.0699999999999,57.9199999999999,51.746,42,33.2,27.4
"BOOI4","2019-05-28 15:00",57.9019999999999,92.5,27287.271,0.010000001,7.0016227,38.19,0.00326771653543307,62.3659999999999,60.98,57.9019999999999,51.764,42,33.2,27.4
"BOOI4","2019-05-28 16:00",58.2259999999999,98.3,365654.54,0.05,7.301372,72.52,0.000866141732283465,61.6999999999999,60.9619999999999,57.8839999999999,51.7819999999999,42,33.2,27.4
"BOOI4","2019-05-28 17:00",57.9919999999999,96.8,28802.727,0.010000001,16.365454,68.06,0.00204724409448819,61.214,60.9079999999999,57.8659999999999,51.7999999999999,42,33.2,27.4
"BOOI4","2019-05-28 18:00",58.046,97.7,9105.4535,0.010000001,11.998946,43.18,0.000748031496062992,60.7099999999999,60.872,57.83,51.8359999999999,42,33.2,27.4
"BOOI4","2019-05-28 19:00",57.2359999999999,95.7,21322.727,0,10.296636,63.15,0.00047244094488189,60.332,60.7999999999999,57.7939999999999,51.8539999999999,42,33.2,27.4
"BOOI4","2019-05-28 20:00",57.164,100,10319.092,0.010000001,7.1514974,46.69,0.000275590551181102,60.0619999999999,60.7279999999999,57.7759999999999,51.872,42,33.2,27.4
"BOOI4","2019-05-28 21:00",56.696,100,15.454545,0,6.0643444,43.08,7.8740157480315e-05,59.846,60.638,57.7579999999999,51.9079999999999,42,33.2,27.4
"BOOI4","2019-05-28 22:00",56.9119999999999,100,0,0,8.410894,31.01,0,59.5939999999999,60.53,57.722,51.9259999999999,42,33.2,27.4
"BOOI4","2019-05-28 23:00",57.0019999999999,99.4,0,0,9.446598,46.26,3.93700787401575e-05,59.3779999999999,60.422,57.7039999999999,51.9439999999999,42,33.2,27.4
"BOOI4","2019-05-29 00:00",56.5699999999999,99.4,0,0,6.8427997,77.46,3.93700787401575e-05,59.2159999999999,60.314,57.6679999999999,51.98,42,33.1,27.4
"BOOI4","2019-05-29 01:00",56.2999999999999,100,0,0.11,8.65472,94.2,0,58.9099999999999,60.206,57.6499999999999,51.998,42,33.2,27.5
"BOOI4","2019-05-29 02:00",56.4439999999999,100,0,0.010000001,5.303785,98.8,0,58.5859999999999,60.098,57.614,52.0159999999999,42,33.3,27.5
"BOOI4","2019-05-29 03:00",56.606,100,0,0,0,0,3.93700787401575e-05,58.496,59.99,57.596,52.0339999999999,42,33.3,27.5
"BOOI4","2019-05-29 04:00",56.5159999999999,100,0,0,0,0,3.93700787401575e-05,58.4599999999999,59.864,57.5599999999999,52.0699999999999,42,33.3,27.5
"BOOI4","2019-05-29 05:00",56.5159999999999,100,243.96,0,0.635291,57.65,0,58.4239999999999,59.756,57.5419999999999,52.088,42,33.3,27.5
"BOOI4","2019-05-29 06:00",57.0019999999999,100,5445,0.010000001,5.599061,66.82,0,58.4239999999999,59.63,57.506,52.106,42,33.3,27.5
"BOOI4","2019-05-29 07:00",57.488,100,10884.6,0,6.7018723,68.24,0.000236220472440945,58.5859999999999,59.522,57.488,52.1419999999999,42,33.2,27.5
"BOOI4","2019-05-29 08:00",58.3339999999999,100,11283,0,7.5832267,66.49,0.00094488188976378,59.2519999999999,59.414,57.4519999999999,52.1419999999999,41.9,33.2,27.5
"BOOI4","2019-05-29 09:00",59.2519999999999,100,21188.4,0,6.6951613,69.45,0.00015748031496063,59.1079999999999,59.3239999999999,57.4159999999999,52.1779999999999,41.9,33.2,27.5
"BOOI4","2019-05-29 10:00",60.296,100,34326,0,7.361769,75.81,0.00188976377952756,59.6119999999999,59.2519999999999,57.398,52.196,42,33.2,27.5
"BOOI4","2019-05-29 11:00",61.8439999999999,100,53532,0,7.28124,84.8,0.00311023622047244,60.3499999999999,59.18,57.3619999999999,52.2319999999999,42,33.2,27.5
"BOOI4","2019-05-29 12:00",63.914,100,80922,0.010000001,8.028378,95.4,0.00476377952755906,61.4839999999999,59.1259999999999,57.3439999999999,52.2319999999999,42,33.2,27.5
"BOOI4","2019-05-29 13:00",67.19,98.7,145746,0,6.035264,107.7,0.0075984251968504,63.806,59.1079999999999,57.29,52.2499999999999,41.9,33.2,27.5
"BOOI4","2019-05-29 14:00",70.6279999999999,92.1,144420,0,7.5362506,127,0.0140157480314961,65.732,59.1079999999999,57.272,52.2679999999999,41.9,33.1,27.5
"BOOI4","2019-05-29 15:00",71.222,84.1,120720,0,5.0689063,136.2,0.0158661417322835,67.9999999999999,59.18,57.2359999999999,52.2859999999999,42,33.1,27.5
"BOOI4","2019-05-29 16:00",71.4739999999999,79.8,121974,0,6.5117326,130.6,0.0144881889763779,69.7099999999999,59.3239999999999,57.1999999999999,52.3039999999999,41.9,33.1,27.5
"BOOI4","2019-05-29 17:00",73.5079999999999,80.3,91104,0,5.7332773,136.6,0.0151968503937008,69.9259999999999,59.5039999999999,57.182,52.322,41.9,33.1,27.5
"BOOI4","2019-05-29 18:00",72.0679999999999,70.29,76398,0,8.462344,195.6,0.0131102362204724,69.8179999999999,59.7739999999999,57.146,52.3399999999999,41.9,33,27.4
"BOOI4","2019-05-29 19:00",69.3859999999999,67.65,25968,0,10.110969,224,0.012755905511811,68.738,60.0439999999999,57.1099999999999,52.3579999999999,42,33,27.4
"BOOI4","2019-05-29 20:00",65.624,75.07,3159.24,0,7.572042,227.2,0.00606299212598425,67.2619999999999,60.314,57.1099999999999,52.3579999999999,42,33,27.4
"BOOI4","2019-05-29 21:00",64.0039999999999,83.4,16.26,0,6.7935867,248.9,0.00220472440944882,65.7499999999999,60.566,57.0919999999999,52.3759999999999,42,33,27.4
"BOOI4","2019-05-29 22:00",60.7999999999999,86.8,0,0,7.4266405,264.4,0.000393700787401575,64.4359999999999,60.746,57.0919999999999,52.3939999999999,42,33,27.4
"BOOI4","2019-05-29 23:00",57.7579999999999,91.7,0,0,5.889863,261,-0.000196850393700787,63.2839999999999,60.872,57.0919999999999,52.4119999999999,42,33,27.4
"BOOI4","2019-05-30 00:00",58.172,98,0,0,3.395675,257.7,-0.000669291338582677,62.2759999999999,60.9439999999999,57.0919999999999,52.4119999999999,42,33,27.4
"BOOI4","2019-05-30 01:00",56.588,96.2,0,0,2.5859027,242.2,-0.000866141732283465,61.3759999999999,60.9619999999999,57.1099999999999,52.43,42,32.9,27.4
"BOOI4","2019-05-30 02:00",56.948,98.8,0,0,2.8073597,213.8,-0.000866141732283465,60.6019999999999,60.9259999999999,57.1279999999999,52.448,41.9,32.9,27.4
"BOOI4","2019-05-30 03:00",57.4699999999999,99.6,0,0,0.0447388,224.2,-0.00165354330708661,60.098,60.8359999999999,57.146,52.448,42,32.9,27.4
"BOOI4","2019-05-30 04:00",57.2539999999999,99.6,0,0,4.2636075,232.8,-0.00078740157480315,59.8999999999999,60.7279999999999,57.164,52.4659999999999,42,32.9,27.3
"BOOI4","2019-05-30 05:00",55.8499999999999,99.5,11153.637,0,6.6526594,223.7,-0.000551181102362205,59.5039999999999,60.6019999999999,57.182,52.4659999999999,41.9,32.9,27.3
"BOOI4","2019-05-30 06:00",56.6599999999999,100,155927.26,0,3.4404137,217.7,-0.000826771653543307,59.072,60.4759999999999,57.1999999999999,52.4839999999999,41.9,32.9,27.3
"BOOI4","2019-05-30 07:00",58.4239999999999,100,577845.46,0,0.0671082,228.5,-0.000118110236220472,59.2339999999999,60.332,57.2179999999999,52.4839999999999,41.9,32.8,27.3
"BOOI4","2019-05-30 08:00",61.3579999999999,97.4,1294363.6,0,5.5140567,214.1,0.00255905511811024,59.846,60.188,57.2359999999999,52.5019999999999,41.9,32.8,27.3
"BOOI4","2019-05-30 09:00",62.9599999999999,88,1053909,0,5.2836523,204.9,0.00732283464566929,61.1419999999999,60.0619999999999,57.2359999999999,52.5019999999999,41.9,32.8,27.3
"BOOI4","2019-05-30 10:00",64.5079999999999,84,1599909,0,1.2191323,190.3,0.00748031496062992,62.5279999999999,59.9539999999999,57.2359999999999,52.5199999999999,41.9,32.8,27.3
"BOOI4","2019-05-30 11:00",67.4419999999999,78.57,2856273,0,2.7715685,32.52,0.0116141732283465,64.49,59.8999999999999,57.2359999999999,52.5199999999999,41.8,32.8,27.3
"BOOI4","2019-05-30 12:00",68.522,71.06,2316545.4,0,5.001798,103.9,0.0206299212598425,67.3699999999999,59.9179999999999,57.2359999999999,52.538,41.9,32.8,27.3
"BOOI4","2019-05-30 13:00",69.296,68.61,1815636.4,0,2.5478747,71.34,0.0181889763779528,69.1519999999999,60.0079999999999,57.2359999999999,52.538,41.9,32.8,27.3
"BOOI4","2019-05-30 14:00",72.6079999999999,64.98,2172272.7,0,2.1810164,42.83,0.0151181102362205,69.782,60.188,57.2359999999999,52.556,41.9,32.8,27.3
"BOOI4","2019-05-30 15:00",73.2019999999999,61.44,2581909.2,0,2.277205,342.4,0.017755905511811,71.8519999999999,60.422,57.2179999999999,52.556,41.9,32.8,27.3
"BOOI4","2019-05-30 16:00",74.246,60.79,1473272.7,0,2.2145705,39.15,0.0209055118110236,73.0579999999999,60.7099999999999,57.2179999999999,52.556,41.9,32.8,27.3
"BOOI4","2019-05-30 17:00",75.398,57.8,1451727.3,0,3.424755,45,0.0139370078740157,73.6339999999999,61.0339999999999,57.2179999999999,52.5739999999999,41.9,32.8,27.3
"BOOI4","2019-05-30 18:00",75.4339999999999,54.17,773636.4,0,2.5456378,62.43,0.0128346456692913,73.6699999999999,61.3759999999999,57.2179999999999,52.5919999999999,41.9,32.8,27.3
"BOOI4","2019-05-30 19:00",73.49,53.88,285081.82,0,1.2862405,16.81,0.00669291338582677,72.68,61.7179999999999,57.2179999999999,52.5919999999999,41.9,32.8,27.3
"BOOI4","2019-05-30 20:00",67.964,58.24,40283.638,0,0.01342164,333.6,0.00161417322834646,71.2759999999999,62.0599999999999,57.2359999999999,52.6099999999999,41.5,32.8,27.3
"BOOI4","2019-05-30 21:00",65.5339999999999,80.9,225.45454,0,0,0,-0.00031496062992126,69.782,62.348,57.272,52.6099999999999,40.6,32.8,27.3
"BOOI4","2019-05-30 22:00",65.372,87.3,0,0,0,0,-0.00094488188976378,68.414,62.582,57.29,52.6279999999999,40.5,32.8,27.3
"BOOI4","2019-05-30 23:00",65.48,85.1,0,0,0.6487126,261.1,-0.000590551181102362,67.298,62.7439999999999,57.3259999999999,52.6279999999999,40.5,32.8,27.3
"BOOI4","2019-05-31 00:00",63.0679999999999,81.2,0,0,3.3598838,293.5,0.000393700787401575,66.3079999999999,62.8519999999999,57.3619999999999,52.646,40.4,32.8,27.3
"BOOI4","2019-05-31 01:00",62.006,85.4,0,0,0.12526864,302.5,-0.000866141732283465,65.4439999999999,62.8699999999999,57.4159999999999,52.646,40.4,32.8,27.3
"BOOI4","2019-05-31 02:00",60.0439999999999,88.3,0,0,0,0,-0.00094488188976378,64.6159999999999,62.8699999999999,57.4699999999999,52.646,40.3,32.8,27.3
"BOOI4","2019-05-31 03:00",59.1079999999999,92.1,0,0,1.8298169,256.9,-0.000393700787401575,63.896,62.798,57.5239999999999,52.664,40.3,32.7,27.3
"BOOI4","2019-05-31 04:00",58.28,95.1,0,0,4.1249175,259.4,-0.000196850393700787,63.2119999999999,62.7079999999999,57.5599999999999,52.682,40.3,32.7,27.3
"BOOI4","2019-05-31 05:00",57.83,96.7,7115.454,0,3.4851525,254.7,-0.00031496062992126,62.5999999999999,62.582,57.614,52.682,40.2,32.7,27.3
"BOOI4","2019-05-31 06:00",60.0259999999999,95.1,146554.53,0,4.9749546,257.4,-0.000196850393700787,62.0779999999999,62.438,57.6679999999999,52.6999999999999,40.2,32.7,27.3
"BOOI4","2019-05-31 07:00",62.3659999999999,88.2,485090.88,0,5.2299657,248.7,0.000669291338582677,61.8259999999999,62.2759999999999,57.722,52.6999999999999,40.1,32.7,27.3
"BOOI4","2019-05-31 08:00",66.488,87.2,932545.5,0,7.196236,242.6,0.00366141732283465,62.006,62.114,57.7579999999999,52.7179999999999,40.1,32.7,27.3
"BOOI4","2019-05-31 09:00",70.2679999999999,78.18,1378454.5,0,10.319004,245.8,0.00795275590551181,62.6179999999999,61.9339999999999,57.7939999999999,52.7179999999999,40,32.7,27.3
"BOOI4","2019-05-31 10:00",74.624,73.98,1871181.9,0,12.567129,249.8,0.012755905511811,63.7339999999999,61.772,57.83,52.7359999999999,40,32.6,27.3
"BOOI4","2019-05-31 11:00",78.1519999999999,66.29,2286818,0,12.17119,255.4,0.0183464566929134,65.3539999999999,61.664,57.848,52.7359999999999,40,32.6,27.3
"BOOI4","2019-05-31 12:00",80.9419999999999,59.15,2461182,0,11.014692,252.5,0.0233070866141732,67.28,61.6099999999999,57.8839999999999,52.7539999999999,40,32.6,27.3
"BOOI4","2019-05-31 13:00",84.0739999999999,51.66,2788818,0,11.144435,249,0.0271259842519685,69.1339999999999,61.6279999999999,57.8839999999999,52.7539999999999,40,32.5,27.3
"BOOI4","2019-05-31 14:00",86.1259999999999,46.46,2680272.7,0,12.211455,254.5,0.0327165354330709,70.88,61.7539999999999,57.9019999999999,52.772,40,32.5,27.3
"BOOI4","2019-05-31 15:00",86.9179999999999,41.08,2296182,0,10.840212,266.5,0.0331496062992126,72.3199999999999,61.9519999999999,57.9019999999999,52.772,40,32.5,27.3
"BOOI4","2019-05-31 16:00",85.7119999999999,39.88,1597818.2,0,9.999122,268.6,0.0309842519685039,73.1659999999999,62.24,57.9199999999999,52.79,40,32.5,27.3
"BOOI4","2019-05-31 17:00",73.3099999999999,40.24,135081.82,0,9.762006,264.8,0.0264173228346457,72.338,62.6179999999999,57.938,52.8079999999999,40,32.5,27.3
"BOOI4","2019-05-31 18:00",77.3779999999999,60.68,267372.74,0.010000001,12.289748,257.8,0.0135433070866142,70.7359999999999,63.0319999999999,57.938,52.8079999999999,40,32.5,27.2
"BOOI4","2019-05-31 19:00",76.1179999999999,63.96,228672.71,0,9.287775,290,0.0113385826771653,69.8359999999999,63.4279999999999,57.956,52.8259999999999,40,32.5,27.2
"BOOI4","2019-05-31 20:00",73.022,54.96,60709.995,0,1.9349531,194.7,0.00318897637795276,69.2419999999999,63.7519999999999,57.9739999999999,52.8439999999999,40,32.5,27.2
"BOOI4","2019-05-31 21:00",72.6079999999999,62.78,200,0,1.6888897,215.5,0.00094488188976378,68.396,63.9859999999999,58.0099999999999,52.8439999999999,40,32.5,27.2
"BOOI4","2019-05-31 22:00",70.4119999999999,72.93,0,0,5.746699,221.2,0.00236220472440945,67.64,64.148,58.046,52.8619999999999,40,32.5,27.2
"BOOI4","2019-05-31 23:00",69.1519999999999,77.91,0,0,6.968068,227.6,0.00196850393700787,66.9739999999999,64.238,58.0999999999999,52.8619999999999,40,32.5,27.2
"BOOI4","2019-06-01 00:00",65.93,79.37,0,0,8.388525,234.9,0.00173228346456693,66.3619999999999,64.2739999999999,58.1539999999999,52.88,39.9,32.5,27.2
"BOOI4","2019-06-01 01:00",64.7599999999999,86.1,0,0,7.6302023,246.8,0.0012992125984252,65.714,64.256,58.2079999999999,52.898,39.9,32.5,27.2
"BOOI4","2019-06-01 02:00",64.2919999999999,87.7,0,0,7.9187675,254.3,0.00102362204724409,65.1019999999999,64.2199999999999,58.2619999999999,52.898,39.9,32.5,27.1
"BOOI4","2019-06-01 03:00",62.996,85.9,0,0,7.712969,256.9,0.000826771653543307,64.5439999999999,64.13,58.316,52.9159999999999,39.9,32.5,27.1
"BOOI4","2019-06-01 04:00",61.5019999999999,89.4,0,0,9.158032,258.2,0.000905511811023622,64.022,64.022,58.3699999999999,52.9339999999999,39.8,32.5,27.1
"BOOI4","2019-06-01 05:00",61.0339999999999,92.7,7636.364,0,6.619106,262.1,0.000551181102362205,63.5179999999999,63.8779999999999,58.4239999999999,52.9519999999999,39.8,32.5,27.1
"BOOI4","2019-06-01 06:00",62.5099999999999,91,76936.36,0,5.6326146,251.6,0.000433070866141732,63.14,63.7519999999999,58.4779999999999,52.9519999999999,39.8,32.5,27.1
"BOOI4","2019-06-01 07:00",64.148,91.4,177636.37,0,7.567568,242,0.00169291338582677,63.0499999999999,63.5899999999999,58.514,52.9699999999999,39.7,32.4,27.1
"BOOI4","2019-06-01 08:00",64.0399999999999,86.3,260918.18,0,8.10667,263.1,0.00275590551181102,63.014,63.4099999999999,58.5499999999999,52.988,39.7,32.2,27.1
"BOOI4","2019-06-01 09:00",69.3859999999999,86.4,1437181.8,0,9.222904,257.1,0.00377952755905512,63.356,63.248,58.5859999999999,52.988,39.7,32.2,27.1
"BOOI4","2019-06-01 10:00",72.8239999999999,70.93,2493454.3,0,8.64801,263.9,0.011259842519685,64.6519999999999,63.0859999999999,58.622,53.006,39.6,31.9,27.1
"BOOI4","2019-06-01 11:00",75.7759999999999,68.73,2801454.6,0,10.023728,280.1,0.0210236220472441,66.596,62.9599999999999,58.6579999999999,53.0239999999999,39.6,31.8,27.1
"BOOI4","2019-06-01 12:00",77.5579999999999,56.63,2822090.8,0,9.9387245,291.7,0.0256299212598425,68.4859999999999,62.8699999999999,58.6579999999999,53.0419999999999,39.6,31.8,27.1
"BOOI4","2019-06-01 13:00",79.232,50.06,2949454.6,0,9.95662,301.3,0.0284251968503937,70.1419999999999,62.888,58.6939999999999,53.0599999999999,39.6,31.7,27.1
"BOOI4","2019-06-01 14:00",79.0519999999999,43.7,2559545.4,0,11.91618,301.3,0.0323228346456693,71.4739999999999,63.014,58.6939999999999,53.0779999999999,39.6,31.7,27.1
"BOOI4","2019-06-01 15:00",78.08,50.66,2071545.4,0,9.867142,314.8,0.0282283464566929,72.248,63.23,58.7119999999999,53.096,39.6,31.3,27.1
"BOOI4","2019-06-01 16:00",75.956,52.83,1674272.7,0,10.735075,310.9,0.0243700787401575,72.572,63.5359999999999,58.7119999999999,53.096,39.6,31.2,27.1
"BOOI4","2019-06-01 17:00",74.1199999999999,56.05,1148636.4,0,9.824641,318,0.020748031496063,72.2659999999999,63.8779999999999,58.73,53.114,39.7,31.2,27.1
"BOOI4","2019-06-01 18:00",73.13,57.83,802636.35,0,8.614456,331,0.0150393700787402,71.6179999999999,64.238,58.73,53.1319999999999,39.7,30.7,27.1
"BOOI4","2019-06-01 19:00",71.3839999999999,53.78,388390.93,0,8.674853,334.8,0.0127952755905512,70.6099999999999,64.58,58.748,53.1499999999999,39.7,30.5,27.1
"BOOI4","2019-06-01 20:00",67.7839999999999,53.97,56296.364,0,8.419842,336.5,0.0101181102362205,69.206,64.8859999999999,58.7659999999999,53.1679999999999,39.7,30.2,27.1
"BOOI4","2019-06-01 21:00",64.9039999999999,62.06,328.18183,0,6.5005474,346.4,0.00547244094488189,67.838,65.1199999999999,58.8019999999999,53.1859999999999,39.7,30.1,27.1
"BOOI4","2019-06-01 22:00",63.5359999999999,64.71,0,0,2.4472122,340,0.00062992125984252,66.614,65.2999999999999,58.838,53.1859999999999,39.7,29.1,27.1
"BOOI4","2019-06-01 23:00",61.8259999999999,66.54,0,0,5.144962,342.1,0.00149606299212598,65.5159999999999,65.372,58.874,53.222,39.7,28.9,27.1
"BOOI4","2019-06-02 00:00",60.0619999999999,63.9,0,0,4.766919,338.4,0.0012992125984252,64.4539999999999,65.39,58.9279999999999,53.222,39.6,28.7,27.1
"BOOI4","2019-06-02 01:00",58.5319999999999,62.25,0,0,6.4356766,346.1,0.00165354330708661,63.446,65.3359999999999,58.9999999999999,53.24,39.6,28.6,27.1
"BOOI4","2019-06-02 02:00",57.0199999999999,63.14,0,0,6.7242417,343.1,0.00173228346456693,62.5099999999999,65.2279999999999,59.0539999999999,53.2579999999999,39.6,28.5,27.1
"BOOI4","2019-06-02 03:00",56.156,63.34,0,0,6.3775163,342.5,0.00153543307086614,61.6099999999999,65.0659999999999,59.1079999999999,53.2759999999999,39.6,28.3,27.1
"BOOI4","2019-06-02 04:00",54.4099999999999,66.28,0,0,7.044124,344.5,0.00161417322834646,60.8179999999999,64.8679999999999,59.1619999999999,53.2759999999999,39.5,28.2,27
"BOOI4","2019-06-02 05:00",53.114,71.99,13632.73,0,5.6728797,346.3,0.00106299212598425,60.1159999999999,64.6339999999999,59.198,53.3119999999999,39.5,28.1,27
"BOOI4","2019-06-02 06:00",54.7339999999999,74.23,287000,0,4.7892885,4.502,0.000748031496062992,59.522,64.3819999999999,59.2519999999999,53.33,39.4,27.9,27
"BOOI4","2019-06-02 07:00",60.6739999999999,71.43,840909.1,0,3.6976619,0.789,0.00141732283464567,59.198,64.1119999999999,59.288,53.33,39.4,27.8,27
"BOOI4","2019-06-02 08:00",62.4019999999999,59.13,1493091,0,2.0333784,0.009,0.00492125984251969,59.288,63.8239999999999,59.3239999999999,53.348,39.3,27.7,27
"BOOI4","2019-06-02 09:00",66.3259999999999,55.54,2106818,0,5.361945,27.94,0.0118110236220472,60.2779999999999,63.5539999999999,59.3419999999999,53.3659999999999,39.3,27.7,27
"BOOI4","2019-06-02 10:00",70.3759999999999,49.34,2639909,0,3.2726433,62.91,0.0158661417322835,62.4919999999999,63.3199999999999,59.3779999999999,53.3839999999999,39.3,27.6,27
"BOOI4","2019-06-02 11:00",72.4279999999999,42.33,3028091,0,1.456248,65.53,0.0198425196850394,65.246,63.14,59.3779999999999,53.4019999999999,39.2,27.5,27
"BOOI4","2019-06-02 12:00",73.2919999999999,33.83,3249091,0,1.641914,31.25,0.0239370078740157,68.198,63.0679999999999,59.3779999999999,53.4199999999999,39.2,27.5,27
"BOOI4","2019-06-02 13:00",75.3259999999999,32.48,3207272.7,0,2.1273298,34.24,0.0265748031496063,71.0239999999999,63.122,59.3779999999999,53.438,39.2,27.4,27
"BOOI4","2019-06-02 14:00",74.8939999999999,34.06,2973636.2,0,2.2123337,254.1,0.0268110236220473,73.1839999999999,63.3019999999999,59.3599999999999,53.456,39.3,27.4,27
"BOOI4","2019-06-02 15:00",76.3159999999999,31.87,2656727.3,0,4.290451,2.511,0.0275590551181102,74.8939999999999,63.5899999999999,59.3599999999999,53.4739999999999,39.3,27.4,27
"BOOI4","2019-06-02 16:00",77.0359999999999,31.47,2103272.7,0,2.9505239,90,0.0237795275590551,76.064,63.9859999999999,59.3599999999999,53.4919999999999,39.3,27.4,27
"BOOI4","2019-06-02 17:00",76.9099999999999,37.96,1504545.5,0,2.6753802,333.4,0.0195275590551181,76.172,64.4359999999999,59.3419999999999,53.5099999999999,39.3,27.4,27
"BOOI4","2019-06-02 18:00",75.272,33.35,831181.8,0,2.9728932,250.2,0.0153543307086614,75.3439999999999,64.922,59.3419999999999,53.5279999999999,39.4,27.4,27
"BOOI4","2019-06-02 19:00",73.5619999999999,35.13,339845.46,0,4.068994,215.9,0.0117716535433071,73.9939999999999,65.372,59.3599999999999,53.5279999999999,39.4,27.3,27
"BOOI4","2019-06-02 20:00",68.5579999999999,43.74,44770,0,2.4785297,230.6,0.00555118110236221,72.3199999999999,65.822,59.3599999999999,53.546,39.4,27.2,27
"BOOI4","2019-06-02 21:00",65.282,52.33,348.18184,0,2.4472122,221,0.00283464566929134,70.6279999999999,66.1819999999999,59.396,53.582,39.5,27.2,27
"BOOI4","2019-06-02 22:00",64.7779999999999,66.08,0,0,2.6932757,193.8,0.00094488188976378,69.188,66.4339999999999,59.432,53.582,39.4,27.1,27
"BOOI4","2019-06-02 23:00",62.906,63.42,0,0,3.357647,229.5,0.00125984251968504,67.9279999999999,66.614,59.4859999999999,53.5999999999999,39.4,27,27
"BOOI4","2019-06-03 00:00",61.646,63.51,0,0,4.1226807,245.9,0.00122047244094488,66.7759999999999,66.7039999999999,59.54,53.6179999999999,39.4,26.9,27
"BOOI4","2019-06-03 01:00",63.14,65.28,0,0,4.7848144,243.7,0.00133858267716536,65.7679999999999,66.7039999999999,59.5939999999999,53.6359999999999,39.4,26.9,27
"BOOI4","2019-06-03 02:00",59.63,63.38,0,0,6.475941,234,0.0018503937007874,64.8679999999999,66.6319999999999,59.6659999999999,53.6539999999999,39.4,26.9,27
"BOOI4","2019-06-03 03:00",58.622,72.45,0,0,3.9258296,243.2,0.00078740157480315,64.1119999999999,66.5239999999999,59.738,53.672,39.4,26.8,27
"BOOI4","2019-06-03 04:00",58.4419999999999,73.91,0,0,3.7155573,232.7,0.00062992125984252,63.3919999999999,66.3619999999999,59.7919999999999,53.69,39.3,26.6,27
"BOOI4","2019-06-03 05:00",57.182,76.07,11185.454,0,4.4134827,223.4,0.000708661417322835,62.7439999999999,66.164,59.864,53.7079999999999,39.3,26.5,27
"BOOI4","2019-06-03 06:00",58.4599999999999,84.4,216127.26,0,2.758147,224.9,0.000196850393700787,62.2579999999999,65.948,59.9179999999999,53.7259999999999,39.3,26.5,27
"BOOI4","2019-06-03 07:00",63.3019999999999,77.89,691636.35,0,2.5344532,178.3,0.000433070866141732,62.24,65.732,59.972,53.7439999999999,39.2,26.4,27
"BOOI4","2019-06-03 08:00",64.8499999999999,73.53,612272.7,0,4.1092587,167.9,0.00511811023622047,62.69,65.48,60.0259999999999,53.7619999999999,39.2,26.3,27
"BOOI4","2019-06-03 09:00",65.588,67.04,665818.2,0,5.3440495,191,0.00716535433070866,63.0859999999999,65.246,60.0619999999999,53.7619999999999,39.2,26.3,27
"BOOI4","2019-06-03 10:00",68.4319999999999,69.11,1289818.1,0,7.7375755,199.7,0.00925196850393701,63.68,65.048,60.098,53.78,39.2,26.2,27
"BOOI4","2019-06-03 11:00",69.1339999999999,61.25,1156181.8,0,9.200534,216.4,0.0144881889763779,64.598,64.8679999999999,60.1159999999999,53.798,39.1,26.2,27
"BOOI4","2019-06-03 12:00",70.3939999999999,62.74,1077636.4,0,9.41528,203.8,0.0139763779527559,65.246,64.7419999999999,60.1519999999999,53.816,39.1,26.2,27
"BOOI4","2019-06-03 13:00",69.638,57.73,869000,0,10.553883,198.4,0.0147244094488189,65.606,64.6699999999999,60.1699999999999,53.8339999999999,39.1,26.2,27
"BOOI4","2019-06-03 14:00",69.9439999999999,62.66,863272.77,0,11.609718,205.8,0.0143307086614173,65.822,64.6339999999999,60.1699999999999,53.8519999999999,39.1,26.2,27
"BOOI4","2019-06-03 15:00",71.3659999999999,64.69,1054636.4,0,10.444273,170.8,0.012992125984252,66.0199999999999,64.6519999999999,60.188,53.8699999999999,39,26.2,27
"BOOI4","2019-06-03 16:00",68.9359999999999,65.16,1212091,0,11.231675,168.2,0.0142913385826772,66.722,64.6699999999999,60.188,53.888,39,26.2,27
"BOOI4","2019-06-03 17:00",64.5079999999999,66.86,542172.7,0,15.32975,176,0.0166535433070866,66.7939999999999,64.706,60.188,53.9239999999999,39,26.1,27
"BOOI4","2019-06-03 18:00",64.3099999999999,73.7,245045.46,0,12.045922,168.8,0.00897637795275591,66.3259999999999,64.7779999999999,60.188,53.9419999999999,39,26.1,27
"BOOI4","2019-06-03 19:00",64.6519999999999,78.57,148463.64,0,8.802359,147.8,0.00547244094488189,65.822,64.8499999999999,60.1699999999999,53.9599999999999,39,26.1,27
"BOOI4","2019-06-03 20:00",63.8599999999999,77.4,25511.818,0,7.5429616,165.1,0.00393700787401575,65.282,64.9039999999999,60.1699999999999,53.9779999999999,39,26,27
"BOOI4","2019-06-03 21:00",63.4279999999999,73.37,266.36365,0,8.332602,145.2,0.00413385826771654,64.688,64.94,60.188,53.9779999999999,39,26,27
"BOOI4","2019-06-03 22:00",62.5099999999999,81.7,0,0,6.9725423,114.5,0.00141732283464567,64.238,64.94,60.188,53.996,39,25.9,27
"BOOI4","2019-06-03 23:00",61.43,81.6,0,0,9.354883,121.8,0.00122047244094488,63.7159999999999,64.9039999999999,60.206,54.0319999999999,39,25.9,27
"BOOI4","2019-06-04 00:00",60.9259999999999,83.3,0,0,12.050396,128.4,0.00141732283464567,63.122,64.8499999999999,60.206,54.0499999999999,39,25.9,26.9
"BOOI4","2019-06-04 01:00",61.9159999999999,83.2,0,0,9.929777,132.2,0.00118110236220473,62.69,64.7599999999999,60.206,54.0679999999999,39,25.9,26.9
"BOOI4","2019-06-04 02:00",61.7359999999999,82.2,0,0,8.42879,133.1,0.00118110236220473,62.3839999999999,64.6699999999999,60.2239999999999,54.0859999999999,38.9,25.8,26.9
"BOOI4","2019-06-04 03:00",60.7099999999999,83.5,0,0,7.4020343,139.8,0.00110236220472441,62.0599999999999,64.5439999999999,60.2239999999999,54.1039999999999,38.9,25.8,26.9
"BOOI4","2019-06-04 04:00",61.4659999999999,88.1,0,0,9.370542,152.8,0.00102362204724409,61.7179999999999,64.4179999999999,60.2419999999999,54.1039999999999,38.9,25.8,26.9
"BOOI4","2019-06-04 05:00",61.0519999999999,88.4,10480.908,0,7.4780903,157.6,0.000748031496062992,61.4659999999999,64.256,60.2419999999999,54.14,38.9,25.7,26.9
"BOOI4","2019-06-04 06:00",62.6179999999999,91.3,183781.81,0,5.8384132,159.1,0.000590551181102362,61.3579999999999,64.1119999999999,60.2419999999999,54.1579999999999,38.8,25.7,26.9
"BOOI4","2019-06-04 07:00",66.2539999999999,92.3,645636.35,0,7.755471,170.8,0.00106299212598425,61.5739999999999,63.9499999999999,60.2419999999999,54.1759999999999,38.8,25.6,26.9
"BOOI4","2019-06-04 08:00",70.2679999999999,91.2,1365000,0,9.43765,187.2,0.00413385826771654,62.222,63.788,60.2419999999999,54.1759999999999,38.8,25.6,26.9
"BOOI4","2019-06-04 09:00",73.3999999999999,88.1,1957000,0,10.359269,185.9,0.0091732283464567,63.572,63.6619999999999,60.2419999999999,54.2119999999999,38.8,25.6,26.9
"BOOI4","2019-06-04 10:00",76.6939999999999,85.2,2268727,0,8.576428,181.6,0.0143700787401575,65.6599999999999,63.5539999999999,60.2239999999999,54.23,38.8,25.6,26.9
"BOOI4","2019-06-04 11:00",77.7919999999999,79.38,2132454.6,0,8.366156,212.4,0.0188188976377953,67.748,63.5179999999999,60.206,54.23,38.7,25.6,26.9
"BOOI4","2019-06-04 12:00",77.414,70.89,2030636.4,0,11.3994465,195.2,0.0190551181102362,69.3499999999999,63.5539999999999,60.206,54.248,38.8,25.5,26.9
"BOOI4","2019-06-04 13:00",78.1339999999999,75.9,1538000,0,12.90267,197.4,0.0198031496062992,70.4659999999999,63.68,60.188,54.2659999999999,38.8,25.5,26.9
"BOOI4","2019-06-04 14:00",79.664,69.78,2530454.3,0,12.652133,201.5,0.0175196850393701,71.1679999999999,63.914,60.1699999999999,54.2839999999999,38.8,25.5,27
"BOOI4","2019-06-04 15:00",82.3999999999999,73.04,2803181.6,0,13.057018,200.7,0.0245669291338583,73.3279999999999,64.1839999999999,60.1519999999999,54.3019999999999,38.8,25.5,27
"BOOI4","2019-06-04 16:00",83.264,65.55,2210181.6,0,13.039124,200.3,0.0276377952755906,75.0019999999999,64.472,60.1339999999999,54.3199999999999,38.9,25.5,27
"BOOI4","2019-06-04 17:00",83.93,65.52,1514363.6,0,13.83771,196.5,0.0246062992125984,75.6499999999999,64.832,60.1339999999999,54.338,38.8,25.4,27
"BOOI4","2019-06-04 18:00",83.1019999999999,66.25,761363.65,0,12.370278,199.3,0.0192125984251969,75.74,65.2099999999999,60.1159999999999,54.338,38.9,25.4,27
"BOOI4","2019-06-04 19:00",83.2279999999999,67.16,502272.74,0,9.428702,207,0.0125984251968504,75.038,65.624,60.1339999999999,54.356,38.9,25.4,27
"BOOI4","2019-06-04 20:00",79.5739999999999,61.92,86110.916,0,11.133251,228,0.0127165354330709,73.9039999999999,66.0199999999999,60.1519999999999,54.374,39,25.3,27
"BOOI4","2019-06-04 21:00",75.3259999999999,70.71,393.63635,0,7.2476854,230.4,0.00535433070866142,72.698,66.38,60.1699999999999,54.3919999999999,39,25.3,27
"BOOI4","2019-06-04 22:00",71.888,76.67,0,0,4.2971616,209.3,0.00106299212598425,71.582,66.6859999999999,60.188,54.4099999999999,39,25.3,27
"BOOI4","2019-06-04 23:00",71.8699999999999,86.8,0,0,3.65516,202.1,0.000511811023622047,70.664,66.9199999999999,60.2239999999999,54.4279999999999,39,25.3,27
"BOOI4","2019-06-05 00:00",71.8159999999999,89.7,0,0,3.840826,194.5,0.000196850393700787,69.9619999999999,67.082,60.2779999999999,54.4279999999999,39,25.3,27
"BOOI4","2019-06-05 01:00",72.4279999999999,91.4,0,0,6.194087,208.2,0.000354330708661417,69.3679999999999,67.172,60.332,54.464,39,25.3,27
"BOOI4","2019-06-05 02:00",68.7919999999999,80.9,0,0,5.693012,233.8,0.000275590551181102,68.846,67.2079999999999,60.3859999999999,54.464,39,25.2,27
"BOOI4","2019-06-05 03:00",66.398,82.5,0,0,7.0933366,49.09,0.00078740157480315,68.18,67.2079999999999,60.4579999999999,54.4819999999999,39,25.2,27
"BOOI4","2019-06-05 04:00",65.3179999999999,83.1,0,0,4.892188,98.7,0.000511811023622047,67.4779999999999,67.172,60.5119999999999,54.4999999999999,38.9,25.2,27
"BOOI4","2019-06-05 05:00",65.5519999999999,89.8,2970.909,0,5.0599585,139.6,0.000433070866141732,66.8839999999999,67.0999999999999,60.566,54.4999999999999,38.9,25.1,27
"BOOI4","2019-06-05 06:00",65.156,90.2,81138.18,0,6.1157937,180.2,0.000236220472440945,66.5239999999999,67.0099999999999,60.638,54.5179999999999,38.9,25.1,27
"BOOI4","2019-06-05 07:00",66.9739999999999,90,576636.35,0.010000001,6.8316145,30.53,0.00165354330708661,66.2539999999999,66.9019999999999,60.6919999999999,54.5359999999999,38.9,25,27
"BOOI4","2019-06-05 08:00",72.5359999999999,87.1,1457727.3,0,6.3618574,58.81,0.00417322834645669,66.4699999999999,66.7579999999999,60.764,54.5539999999999,38.9,25,27
"BOOI4","2019-06-05 09:00",74.498,82.5,1864818.2,0,7.498223,149.8,0.0106692913385827,67.4779999999999,66.614,60.7999999999999,54.5539999999999,38.8,25,27
"BOOI4","2019-06-05 10:00",77.8819999999999,79.95,2598181.6,0,7.683889,166,0.0150393700787402,69.44,66.506,60.8539999999999,54.572,38.8,24.9,27
"BOOI4","2019-06-05 11:00",81.4099999999999,72.14,3016363.8,0,4.9257417,171.3,0.0210236220472441,72.2119999999999,66.4159999999999,60.89,54.5899999999999,38.8,24.9,27
"BOOI4","2019-06-05 12:00",83.3179999999999,62.51,3301818,0,1.3801919,55.95,0.0251968503937008,75.2899999999999,66.4339999999999,60.9259999999999,54.6079999999999,38.8,24.9,27
"BOOI4","2019-06-05 13:00",84.722,55.37,3330909,0,5.9972363,32.85,0.0305905511811024,78.2599999999999,66.5419999999999,60.9619999999999,54.6259999999999,38.8,24.9,27
"BOOI4","2019-06-05 14:00",85.8019999999999,45.71,3134545.4,0,5.9882884,60.22,0.0325590551181102,80.888,66.7759999999999,60.98,54.6439999999999,38.9,24.9,27
"BOOI4","2019-06-05 15:00",86.99,48.85,2818636.2,0,4.800473,69.36,0.0309055118110236,82.94,67.0999999999999,61.0159999999999,54.6439999999999,38.9,24.9,27
"BOOI4","2019-06-05 16:00",87.5119999999999,44.71,2383909,0,4.7534976,100.8,0.028740157480315,84.3619999999999,67.5499999999999,61.0519999999999,54.6619999999999,38.9,24.9,27
"BOOI4","2019-06-05 17:00",85.748,44.78,1030363.6,0,4.2032104,75.64,0.0248818897637795,84.5239999999999,68.0359999999999,61.0699999999999,54.68,39,24.9,27
"BOOI4","2019-06-05 18:00",87.9619999999999,43.31,543363.65,0,2.9236808,90.6,0.0129133858267717,82.796,68.5759999999999,61.106,54.698,39,24.9,27
"BOOI4","2019-06-05 19:00",83.1019999999999,44.76,325300.02,0,0.8545111,46.77,0.00578740157480315,81.2839999999999,69.098,61.1419999999999,54.7159999999999,39.1,24.9,27
"BOOI4","2019-06-05 20:00",79.7899999999999,53.78,97630.91,0,4.0913634,83.2,0.00755905511811024,79.538,69.5839999999999,61.196,54.7339999999999,39.1,24.8,27
"BOOI4","2019-06-05 21:00",76.9279999999999,59.9,583.6364,0,5.854072,96.4,0.00539370078740158,77.8099999999999,69.98,61.2679999999999,54.7339999999999,39.1,24.8,27.1
"BOOI4","2019-06-05 22:00",74.93,65.14,0,0,3.7804286,90.8,0.00208661417322835,76.298,70.3039999999999,61.322,54.7699999999999,39.1,24.8,27.1
"BOOI4","2019-06-05 23:00",74.696,71.01,0,0,1.4182199,57.6,0.000590551181102362,74.9839999999999,70.5199999999999,61.4119999999999,54.788,39.1,24.8,27.1
"BOOI4","2019-06-06 00:00",72.6439999999999,70.4,0,0,0,0,-0.00047244094488189,73.8679999999999,70.646,61.5019999999999,54.788,39.1,24.7,27.1
"BOOI4","2019-06-06 01:00",71.2759999999999,76.47,0,0,0.8545111,41.36,0.000118110236220472,72.9499999999999,70.7179999999999,61.5919999999999,54.8239999999999,39.1,24.7,27.1
"BOOI4","2019-06-06 02:00",70.664,78.68,0,0,0,0,-0.000433070866141732,72.032,70.7179999999999,61.6999999999999,54.8239999999999,39.1,24.7,27.1
"BOOI4","2019-06-06 03:00",69.1519999999999,83,0,0,0.5368656,86.8,-0.00015748031496063,71.1679999999999,70.646,61.79,54.8419999999999,39.1,24.7,27.1
"BOOI4","2019-06-06 04:00",68.4859999999999,83.8,0,0,0.1342164,71.05,-0.000354330708661417,70.538,70.556,61.88,54.8599999999999,39.1,24.7,27.1
"BOOI4","2019-06-06 05:00",67.6579999999999,85.9,14962.7285,0,0.40712306,24.04,-0.000236220472440945,69.98,70.43,61.988,54.896,39,24.7,27.1
"BOOI4","2019-06-06 06:00",68.3779999999999,88.6,166672.71,0,0.060397383,7.452,-0.00031496062992126,69.422,70.2859999999999,62.0779999999999,54.896,39,24.6,27.1
"BOOI4","2019-06-06 07:00",72.8419999999999,86.1,864181.8,0,0.6285801,14.5,0.000275590551181102,69.206,70.106,62.1679999999999,54.914,39,24.6,27.1
"BOOI4","2019-06-06 08:00",76.856,78.5,1518181.8,0,2.7670949,29.71,0.00586614173228346,69.7099999999999,69.9259999999999,62.2579999999999,54.932,39,24.6,27.1
"BOOI4","2019-06-06 09:00",80.1319999999999,72.44,1970091,0,6.095661,50.42,0.0126771653543307,71.2039999999999,69.746,62.33,54.9499999999999,38.9,24.6,27.1
"BOOI4","2019-06-06 10:00",80.9419999999999,65.02,2030272.7,0,6.200798,79.65,0.0183464566929134,73.0939999999999,69.6199999999999,62.3839999999999,54.9859999999999,39,24.5,27.1
"BOOI4","2019-06-06 11:00",82.256,60.31,2260727,0,6.303697,84.5,0.0204724409448819,75.056,69.5119999999999,62.456,55.0039999999999,38.9,24.5,27.1
"BOOI4","2019-06-06 12:00",83.7859999999999,57.29,2779909.2,0,5.209833,91.6,0.0225590551181102,77.3239999999999,69.5119999999999,62.5099999999999,55.0039999999999,38.9,24.5,27.1
"BOOI4","2019-06-06 13:00",84.3079999999999,55.46,2560818.4,0,5.9211802,125.8,0.0276771653543307,79.646,69.5839999999999,62.546,55.04,38.9,24.5,27.1
"BOOI4","2019-06-06 14:00",85.6939999999999,49.56,2245363.5,0,5.8786783,119.6,0.0268503937007874,80.8159999999999,69.746,62.5999999999999,55.0579999999999,38.9,24.5,27.1
"BOOI4","2019-06-06 15:00",86.2519999999999,46.6,2494636.2,0,6.182902,91.2,0.0251968503937008,82.4539999999999,69.98,62.6359999999999,55.0759999999999,39,24.5,27.1
"BOOI4","2019-06-06 16:00",85.9279999999999,46.56,1620272.8,0,5.294837,81,0.0265354330708662,83.3359999999999,70.2859999999999,62.672,55.0939999999999,39,24.4,27.1
"BOOI4","2019-06-06 17:00",84.5239999999999,44.47,1876181.9,0,6.4334393,97.9,0.0216141732283465,83.264,70.6279999999999,62.7079999999999,55.13,39,24.4,27.1
"BOOI4","2019-06-06 18:00",82.7419999999999,56.09,809363.65,0,7.5183554,146.4,0.0224409448818898,83.0119999999999,71.006,62.7439999999999,55.148,39.1,24.4,27.1
"BOOI4","2019-06-06 19:00",81.6619999999999,58.12,411909.12,0,6.936751,143.3,0.0131102362204724,81.572,71.3659999999999,62.798,55.1659999999999,39.1,24.4,27.1
"BOOI4","2019-06-06 20:00",79.088,59.64,116227.27,0,6.5989733,144.4,0.00921259842519685,79.988,71.7259999999999,62.8519999999999,55.2019999999999,39.1,24.4,27.1
"BOOI4","2019-06-06 21:00",76.0279999999999,63.33,1131.8182,0,1.789552,145.6,0.000433070866141732,78.2779999999999,72.032,62.906,55.2199999999999,39.1,24.4,27.1
"BOOI4","2019-06-06 22:00",75.3259999999999,69.02,0,0,0.27738056,138.5,-0.00078740157480315,76.7839999999999,72.2659999999999,62.9779999999999,55.238,39.1,24.4,27.1
"BOOI4","2019-06-06 23:00",73.6519999999999,71.03,0,0,0,0,-0.00106299212598425,75.488,72.4099999999999,63.0499999999999,55.2739999999999,39.1,24.4,27
"BOOI4","2019-06-07 00:00",71.672,75.79,0,0,1.641914,100.5,0.00015748031496063,74.3359999999999,72.482,63.122,55.2919999999999,39.1,24.3,27
"BOOI4","2019-06-07 01:00",69.2239999999999,80.3,0,0,0,0,-0.000984251968503937,73.3279999999999,72.482,63.2119999999999,55.3099999999999,39.1,24.3,27
"BOOI4","2019-06-07 02:00",67.1539999999999,87.5,0,0,0,0,-0.000984251968503937,72.374,72.4279999999999,63.3019999999999,55.3279999999999,39.1,24.3,27
"BOOI4","2019-06-07 03:00",66.83,90.7,0,0,0.008947761,44.9,-0.00094488188976378,71.5099999999999,72.3199999999999,63.374,55.364,39.1,24.3,27
"BOOI4","2019-06-07 04:00",66.398,90.6,0,0,0.48541597,49.87,-0.000748031496062992,70.6999999999999,72.1939999999999,63.464,55.3819999999999,39,24.3,27
"BOOI4","2019-06-07 05:00",65.7499999999999,90,19060.001,0,0.15434885,51.25,-0.000866141732283465,69.98,72.014,63.5359999999999,55.3999999999999,39,24.2,27
"BOOI4","2019-06-07 06:00",68.1439999999999,90.7,314627.23,0,0,0,-0.000826771653543307,69.422,71.8159999999999,63.6259999999999,55.4359999999999,39,24.2,27
"BOOI4","2019-06-07 07:00",72.446,89.4,866454.5,0,0.20579848,72.5,0.000354330708661417,69.2599999999999,71.5999999999999,63.698,55.4539999999999,38.9,24.2,27
"BOOI4","2019-06-07 08:00",75.83,79.64,1502818.1,0,4.845212,113.8,0.0062992125984252,69.656,71.3659999999999,63.7519999999999,55.49,38.9,24.2,27
"BOOI4","2019-06-07 09:00",78.314,68.1,2090454.6,0,7.5608573,125.1,0.0133464566929134,70.898,71.1319999999999,63.806,55.5079999999999,38.9,24.2,27
"BOOI4","2019-06-07 10:00",80.096,63.18,2635182,0,8.885125,124.5,0.02,73.0039999999999,70.9519999999999,63.8599999999999,55.5439999999999,38.9,24.1,27
"BOOI4","2019-06-07 11:00",81.6439999999999,62.63,3069090.8,0,9.735164,117,0.025748031496063,75.5239999999999,70.8259999999999,63.914,55.5619999999999,38.8,24.1,27
"BOOI4","2019-06-07 12:00",83.264,51.42,3318182,0,10.45322,116.4,0.0313779527559055,78.2599999999999,70.7899999999999,63.932,55.598,38.8,24.1,27
"BOOI4","2019-06-07 13:00",84.1819999999999,45.89,3387272.7,0,9.723978,117.7,0.0343700787401575,80.9599999999999,70.8259999999999,63.9679999999999,55.6159999999999,38.8,24.1,27
"BOOI4","2019-06-07 14:00",85.0279999999999,44.78,3275454.3,0,9.155795,117.4,0.0358267716535433,83.3179999999999,70.988,64.0039999999999,55.6519999999999,38.9,24.1,27
"BOOI4","2019-06-07 15:00",84.9019999999999,41.35,2718090.8,0,9.133427,119.7,0.0358267716535433,85.1179999999999,71.222,64.022,55.6699999999999,38.9,24.1,27
"BOOI4","2019-06-07 16:00",85.046,44.44,2244727,0,9.269879,115.3,0.032007874015748,85.7839999999999,71.546,64.0399999999999,55.706,38.9,24,27
"BOOI4","2019-06-07 17:00",85.496,42.18,1784091,0,10.280976,112.4,0.0295669291338583,85.748,71.9239999999999,64.0579999999999,55.7239999999999,39,24,27
"BOOI4","2019-06-07 18:00",84.4339999999999,37.04,1074727.3,0,10.817842,108.4,0.0275196850393701,84.9919999999999,72.356,64.0939999999999,55.7599999999999,39,24,27
"BOOI4","2019-06-07 19:00",82.3099999999999,39.57,579363.65,0,10.679152,120.1,0.0224015748031496,83.4259999999999,72.7519999999999,64.13,55.796,39,24,27
"BOOI4","2019-06-07 20:00",77.18,37.06,114837.27,0,9.70832,113.9,0.0169685039370079,81.356,73.13,64.1659999999999,55.814,39.1,24,27
"BOOI4","2019-06-07 21:00",74.48,50.1,640,0,6.1560593,107.5,0.00673228346456693,79.2499999999999,73.4359999999999,64.2019999999999,55.832,39.1,24,27
"BOOI4","2019-06-07 22:00",70.4839999999999,51.88,0,0,5.992762,110.7,0.00299212598425197,77.4319999999999,73.6699999999999,64.256,55.8679999999999,39,24,27.1
"BOOI4","2019-06-07 23:00",70.646,60.32,0,0,5.4626074,104,0.00232283464566929,75.8839999999999,73.814,64.3279999999999,55.9039999999999,39,24,27.1
"BOOI4","2019-06-08 00:00",69.6199999999999,64.48,0,0,5.057721,103.2,0.00161417322834646,74.588,73.8679999999999,64.3999999999999,55.94,39,24,27.1
"BOOI4","2019-06-08 01:00",67.532,68.15,0,0,5.209833,108.2,0.00141732283464567,73.49,73.814,64.472,55.9579999999999,39.1,24,27.1
"BOOI4","2019-06-08 02:00",67.496,73.4,0,0,1.943901,109.3,-0.000118110236220472,72.446,73.7239999999999,64.5619999999999,55.9759999999999,39,23.9,27.1
"BOOI4","2019-06-08 03:00",65.8759999999999,75.93,0,0,1.6933637,117.4,-0.000393700787401575,71.5099999999999,73.58,64.6339999999999,56.0119999999999,39,23.9,27.1
"BOOI4","2019-06-08 04:00",63.1039999999999,78.82,0,0,3.9929378,100.9,0.00031496062992126,70.6819999999999,73.3819999999999,64.706,56.03,39,23.9,27.1
"BOOI4","2019-06-08 05:00",61.556,84.3,18377.274,0,2.239177,94.1,-0.00031496062992126,69.872,73.148,64.7779999999999,56.066,38.9,23.9,27.1
"BOOI4","2019-06-08 06:00",65.2099999999999,86.7,316163.64,0,4.28374,83.7,0,69.2239999999999,72.914,64.8499999999999,56.1019999999999,38.9,23.9,27.1
"BOOI4","2019-06-08 07:00",68.7739999999999,80.4,876454.5,0,4.5186186,80.1,0.00153543307086614,68.8999999999999,72.6439999999999,64.9039999999999,56.138,38.9,23.9,27.1
"BOOI4","2019-06-08 08:00",71.4919999999999,71.86,1510454.6,0,8.782227,112.8,0.00783464566929134,69.188,72.374,64.9579999999999,56.156,38.8,23.9,27.1
"BOOI4","2019-06-08 09:00",75.3619999999999,65.96,2130818,0,10.119917,139.4,0.014251968503937,70.3759999999999,72.0859999999999,64.9939999999999,56.1919999999999,38.8,23.8,27.1
"BOOI4","2019-06-08 10:00",77.4499999999999,55.93,2678090.8,0,10.618754,138.7,0.0209448818897638,72.3919999999999,71.8519999999999,65.048,56.2099999999999,38.8,23.8,27.1
"BOOI4","2019-06-08 11:00",79.5739999999999,51.59,3084545.4,0,9.607657,130.6,0.0264173228346457,75.1279999999999,71.672,65.0659999999999,56.246,38.7,23.8,27.1
"BOOI4","2019-06-08 12:00",80.5279999999999,46.78,3365454.6,0,7.504934,133,0.0295275590551181,78.1339999999999,71.582,65.1019999999999,56.264,38.7,23.8,27.1
"BOOI4","2019-06-08 13:00",81.9859999999999,46.47,3438182,0,9.314618,109,0.0338976377952756,80.906,71.582,65.1019999999999,56.2999999999999,38.7,23.8,27.1
"BOOI4","2019-06-08 14:00",82.814,37.63,3290909,0,10.021491,100.1,0.0368503937007874,83.1739999999999,71.69,65.1199999999999,56.3179999999999,38.7,23.7,27.1
"BOOI4","2019-06-08 15:00",83.5699999999999,33.63,2966818,0,10.008069,108.6,0.0370472440944882,84.9019999999999,71.906,65.1199999999999,56.3539999999999,38.8,23.7,27.1
"BOOI4","2019-06-08 16:00",84.0019999999999,34.38,2466090.8,0,9.974516,128,0.0360629921259843,85.9279999999999,72.1939999999999,65.138,56.39,38.8,23.7,27.1
"BOOI4","2019-06-08 17:00",84.1279999999999,31.57,1852636.4,0,9.354883,125.1,0.0318897637795276,86.1619999999999,72.5359999999999,65.138,56.4079999999999,38.8,23.7,27.1
"BOOI4","2019-06-08 18:00",83.39,32.02,1104636.4,0,8.491425,126,0.0263779527559055,85.5679999999999,72.9319999999999,65.156,56.4439999999999,38.9,23.7,27.1
"BOOI4","2019-06-08 19:00",82.1119999999999,33.37,607818.2,0,8.252071,127.7,0.0203543307086614,84.038,73.3099999999999,65.1739999999999,56.48,38.9,23.7,27.1
"BOOI4","2019-06-08 20:00",77.18,37.58,70940,0,8.124566,120.6,0.0153937007874016,81.9679999999999,73.6699999999999,65.1919999999999,56.498,38.9,23.6,27.1
"BOOI4","2019-06-08 21:00",74.03,50.16,532.7273,0,4.395587,139.4,0.00590551181102362,79.88,73.9759999999999,65.2099999999999,56.5339999999999,39,23.6,27.1
"BOOI4","2019-06-08 22:00",72.6439999999999,52.63,0,0,0,0,-0.00200787401574803,78.0619999999999,74.2099999999999,65.264,56.5519999999999,39,23.6,27.1
"BOOI4","2019-06-08 23:00",70.6279999999999,55.39,0,0,0,0,-0.00192913385826772,76.532,74.3539999999999,65.3179999999999,56.588,39,23.6,27.1
"BOOI4","2019-06-09 00:00",70.6999999999999,60.51,0,0,0,0,-0.0018503937007874,75.2539999999999,74.4079999999999,65.372,56.606,39,23.6,27.1
"BOOI4","2019-06-09 01:00",65.732,60.58,0,0,0,0,-0.00177165354330709,74.156,74.372,65.4259999999999,56.6419999999999,38.9,23.6,27.1
"BOOI4","2019-06-09 02:00",65.8039999999999,75.74,0,0,1.5233561,74.71,-0.000275590551181102,73.13,74.282,65.498,56.6779999999999,38.9,23.5,27.1
"BOOI4","2019-06-09 03:00",65.624,81.6,0,0,2.9572346,88.5,3.93700787401575e-05,72.248,74.138,65.5699999999999,56.714,38.9,23.5,27.1
"BOOI4","2019-06-09 04:00",64.0759999999999,85.3,0,0,4.657309,83.5,0.000196850393700787,71.4739999999999,73.9579999999999,65.624,56.7319999999999,38.9,23.5,27.1
"BOOI4","2019-06-09 05:00",63.7519999999999,90.3,19100.002,0,0.7225317,85.3,-0.00110236220472441,70.8079999999999,73.7419999999999,65.6779999999999,56.7679999999999,38.8,23.5,27.1
"BOOI4","2019-06-09 06:00",67.298,89.4,315854.52,0,1.4115092,258.9,-0.00078740157480315,70.2499999999999,73.5259999999999,65.7499999999999,56.7859999999999,38.8,23.5,27.1
"BOOI4","2019-06-09 07:00",72.5539999999999,82.5,978636.3,0,1.6866528,2.26,0.000708661417322835,70.088,73.256,65.7859999999999,56.822,38.8,23.5,27.1
"BOOI4","2019-06-09 08:00",73.13,75.74,1580909,0,0.81872004,203.6,0.00618110236220473,70.8079999999999,73.0039999999999,65.84,56.8579999999999,38.7,23.4,27.1
"BOOI4","2019-06-09 09:00",74.6779999999999,64.04,1949454.6,0,10.097547,270.4,0.0147244094488189,71.9419999999999,72.7519999999999,65.8759999999999,56.8759999999999,38.7,23.4,27.1
"BOOI4","2019-06-09 10:00",72.248,66.96,2289818.4,0,11.332338,319.8,0.0200393700787402,73.2199999999999,72.5359999999999,65.9119999999999,56.9119999999999,38.7,23.4,27.1
"BOOI4","2019-06-09 11:00",70.5019999999999,68.72,2481273,0,12.502258,342,0.0204330708661417,74.93,72.3919999999999,65.93,56.948,38.7,23.4,27.1
"BOOI4","2019-06-09 12:00",66.722,67.89,1810091,0,12.036974,334.7,0.0215354330708661,76.064,72.3199999999999,65.948,56.9659999999999,38.6,23.4,27.1
"BOOI4","2019-06-09 13:00",65.5159999999999,71.88,1120727.3,0,11.509056,331.6,0.0166535433070866,75.8839999999999,72.3199999999999,65.9659999999999,57.0019999999999,38.6,23.4,27.1
"BOOI4","2019-06-09 14:00",67.73,67.2,1575091,0,13.171103,340.1,0.0129527559055118,75.506,72.374,65.948,57.0199999999999,38.6,23.4,27.2
"BOOI4","2019-06-09 15:00",70.088,58.72,1185636.4,0,12.638711,338.9,0.0171653543307087,75.5779999999999,72.446,65.9659999999999,57.056,38.7,23.4,27.2
"BOOI4","2019-06-09 16:00",69.9439999999999,49.46,907454.5,0,13.426113,340.4,0.017992125984252,75.056,72.5179999999999,65.9659999999999,57.0739999999999,38.7,23.4,27.2
"BOOI4","2019-06-09 17:00",68.072,47.98,800909.1,0,13.497696,337.3,0.0184251968503937,74.6419999999999,72.59,65.9659999999999,57.0919999999999,38.7,23.3,27.2
"BOOI4","2019-06-09 18:00",69.44,51.83,1180272.8,0,11.21378,324.8,0.0151181102362205,74.4259999999999,72.6439999999999,65.9659999999999,57.1279999999999,38.7,23.3,27.2
"BOOI4","2019-06-09 19:00",68.756,43.94,529909.06,0,12.177901,333.7,0.0172834645669291,73.9939999999999,72.68,65.9839999999999,57.164,38.7,23.3,27.2
"BOOI4","2019-06-09 20:00",67.298,45.13,130476.35,0,12.479888,345.5,0.0142125984251968,72.9679999999999,72.68,65.9839999999999,57.182,38.7,23.3,27.2
"BOOI4","2019-06-09 21:00",63.932,46.36,958.1818,0,10.146759,346.8,0.00952755905511811,71.8159999999999,72.68,65.9839999999999,57.2179999999999,38.6,23.2,27.2
"BOOI4","2019-06-09 22:00",60.764,51.94,0,0,7.0754414,342.2,0.00279527559055118,70.6279999999999,72.6259999999999,66.0019999999999,57.2539999999999,38.6,23.2,27.2
"BOOI4","2019-06-09 23:00",59.8099999999999,58.61,0,0,3.1115837,324.8,0.00078740157480315,69.5119999999999,72.5539999999999,66.0199999999999,57.2539999999999,38.6,23.2,27.2
"BOOI4","2019-06-10 00:00",59.414,60.1,0,0,4.695337,305.1,0.00118110236220473,68.4319999999999,72.4099999999999,66.0199999999999,57.29,38.6,23.2,27.2
"BOOI4","2019-06-10 01:00",58.28,57.79,0,0,5.6259046,304.8,0.00141732283464567,67.4419999999999,72.23,66.038,57.3259999999999,38.6,23.1,27.2
"BOOI4","2019-06-10 02:00",56.48,56.17,0,0,8.207333,304.3,0.00204724409448819,66.5419999999999,72.032,66.056,57.3439999999999,38.5,23.1,27.2
"BOOI4","2019-06-10 03:00",55.688,59.26,0,0,6.5989733,306.9,0.00161417322834646,65.6779999999999,71.78,66.056,57.38,38.5,23.1,27.2
"BOOI4","2019-06-10 04:00",55.022,60.06,0,0,7.8024464,304.3,0.00173228346456693,64.8859999999999,71.5099999999999,66.056,57.4159999999999,38.4,23.1,27.2
"BOOI4","2019-06-10 05:00",53.8699999999999,60.48,22647.272,0,8.026141,303.6,0.0015748031496063,64.148,71.2039999999999,66.056,57.4339999999999,38.4,23.1,27.2
"BOOI4","2019-06-10 06:00",56.624,62.95,338981.8,0,5.359708,309.7,0.00106299212598425,63.5179999999999,70.898,66.056,57.4519999999999,38.4,23,27.3
"BOOI4","2019-06-10 07:00",61.1599999999999,59.28,883636.35,0,8.422079,303,0.0052755905511811,63.23,70.5739999999999,66.056,57.488,38.4,23,27.3
"BOOI4","2019-06-10 08:00",64.5619999999999,54.29,1565454.6,0,8.135751,290.7,0.00929133858267717,63.698,70.232,66.038,57.506,38.3,23,27.3
"BOOI4","2019-06-10 09:00",69.2419999999999,51.76,2185272.7,0,9.455546,288.4,0.0151968503937008,65.0659999999999,69.9259999999999,66.0019999999999,57.5419999999999,38.3,23,27.3
"BOOI4","2019-06-10 10:00",72.8239999999999,38.11,2736818.4,0,9.920829,285.8,0.0219291338582677,67.1179999999999,69.638,65.9839999999999,57.5599999999999,38.2,23,27.3
"BOOI4","2019-06-10 11:00",75.038,31.56,3158182,0,12.057106,290,0.0303149606299213,69.6199999999999,69.4039999999999,65.948,57.5779999999999,38.2,23,27.3
"BOOI4","2019-06-10 12:00",76.6759999999999,27.97,3319090.8,0,14.89802,296.2,0.0371259842519685,72.014,69.2779999999999,65.8939999999999,57.614,38.2,23,27.3
"BOOI4","2019-06-10 13:00",78.3859999999999,29.54,3163091,0,17.03206,288.6,0.0411811023622047,74.1919999999999,69.2599999999999,65.8579999999999,57.6319999999999,38.2,22.9,27.2
"BOOI4","2019-06-10 14:00",78.3859999999999,25.81,3053363.8,0,16.649544,290.4,0.0412204724409449,76.0279999999999,69.3499999999999,65.8039999999999,57.6499999999999,38.2,22.9,27.2
"BOOI4","2019-06-10 15:00",79.6819999999999,26.13,3002727,0,14.280624,303.9,0.0396850393700787,77.8279999999999,69.5119999999999,65.7679999999999,57.6859999999999,38.2,22.9,27.2
"BOOI4","2019-06-10 16:00",79.3039999999999,23.4,1812181.8,0,12.882537,302.7,0.0388188976377953,78.6739999999999,69.746,65.696,57.7039999999999,38.3,22.9,27.2
"BOOI4","2019-06-10 17:00",78.6919999999999,24.89,1717454.5,0,12.766216,305.7,0.0313779527559055,78.8179999999999,70.0339999999999,65.6599999999999,57.722,38.3,22.8,27.2
"BOOI4","2019-06-10 18:00",78.6919999999999,24.7,1039363.6,0,12.987674,299.2,0.0307874015748032,78.3499999999999,70.3579999999999,65.606,57.74,38.3,22.8,27.2
"BOOI4","2019-06-10 19:00",76.1359999999999,25,455972.72,0,9.477915,314.5,0.022007874015748,77.4319999999999,70.6819999999999,65.5699999999999,57.7759999999999,38.4,22.8,27.2
"BOOI4","2019-06-10 20:00",69.9079999999999,28.43,73757.27,0,5.5051093,334,0.0116929133858268,75.8839999999999,70.9699999999999,65.5519999999999,57.7939999999999,38.3,22.8,27.2
"BOOI4","2019-06-10 21:00",64.5619999999999,36.63,711.8183,0,0.5748936,321.3,0.00015748031496063,74.1019999999999,71.222,65.5339999999999,57.8119999999999,38.4,22.8,27.2
"BOOI4","2019-06-10 22:00",63.4279999999999,48.65,0,0,0.40936002,260.9,-0.00110236220472441,72.5359999999999,71.4019999999999,65.5159999999999,57.83,38.4,22.8,27.2
"BOOI4","2019-06-10 23:00",62.4739999999999,50.53,0,0,0.41830778,257.6,-0.00106299212598425,71.2579999999999,71.4919999999999,65.5159999999999,57.8659999999999,38.4,22.8,27.2
"BOOI4","2019-06-11 00:00",63.6079999999999,45.36,0,0,2.6239305,258.8,0.000866141732283465,70.0339999999999,71.5099999999999,65.5339999999999,57.8659999999999,38.4,22.8,27.2
"BOOI4","2019-06-11 01:00",57.938,49.69,0,0,0.46304658,15.55,-0.00102362204724409,68.9359999999999,71.456,65.5339999999999,57.8839999999999,38.4,22.8,27.2
"BOOI4","2019-06-11 02:00",59.2699999999999,61.95,0,0,0,0,-0.0015748031496063,67.946,71.348,65.5519999999999,57.9199999999999,38.3,22.8,27.2
"BOOI4","2019-06-11 03:00",57.6319999999999,61.38,0,0,0.16553356,234.6,-0.00133858267716536,67.1179999999999,71.1859999999999,65.588,57.9199999999999,38.3,22.7,27.2
"BOOI4","2019-06-11 04:00",58.8199999999999,62.7,0,0,2.9259174,234.5,0.000748031496062992,66.398,71.006,65.588,57.938,38.3,22.7,27.2
"BOOI4","2019-06-11 05:00",60.548,58.12,10179.09,0,2.091539,241,0.000196850393700787,65.8039999999999,70.772,65.606,57.956,38.2,22.7,27.2
"BOOI4","2019-06-11 06:00",60.3679999999999,55.3,76536.354,0,5.446949,239,0.00165354330708661,65.4439999999999,70.538,65.624,57.9739999999999,38.3,22.7,27.2
"BOOI4","2019-06-11 07:00",62.0239999999999,62.39,216227.26,0,5.449186,240.2,0.00476377952755906,65.3179999999999,70.2859999999999,65.624,57.9919999999999,38.2,22.7,27.2
"BOOI4","2019-06-11 08:00",64.688,59.17,296545.47,0,5.2411504,247.8,0.00547244094488189,65.39,70.0159999999999,65.6419999999999,58.0099999999999,38.2,22.7,27.2
"BOOI4","2019-06-11 09:00",64.256,53.45,457909.1,0,7.2118945,278.9,0.00807086614173229,65.5339999999999,69.764,65.6419999999999,58.0279999999999,38.1,22.6,27.2
"BOOI4","2019-06-11 10:00",68.09,60.93,1546000,0,6.6616073,321.1,0.00846456692913386,66.3259999999999,69.53,65.624,58.046,38.1,22.6,27.2
"BOOI4","2019-06-11 11:00",70.988,57.75,2333727.3,0,4.7646823,51.76,0.0139763779527559,68.4679999999999,69.314,65.606,58.064,38.1,22.6,27.2
"BOOI4","2019-06-11 12:00",71.0239999999999,49.54,1129636.4,0,6.071055,105.3,0.0210236220472441,70.5199999999999,69.1339999999999,65.588,58.082,38.1,22.6,27.2
"BOOI4","2019-06-11 13:00",75.0019999999999,47.03,2567454.6,0,6.798061,124.3,0.0154724409448819,72.014,69.0079999999999,65.5699999999999,58.082,38.1,22.5,27.2
"BOOI4","2019-06-11 14:00",77.5939999999999,40.04,2136545.4,0,9.410806,146,0.0277952755905512,73.5259999999999,68.99,65.5339999999999,58.0999999999999,38.1,22.5,27.2
"BOOI4","2019-06-11 15:00",75.9919999999999,29.45,1029636.4,0,13.596122,198.8,0.0315354330708661,74.2099999999999,69.0259999999999,65.498,58.1179999999999,38.1,22.5,27.2
"BOOI4","2019-06-11 16:00",66.4699999999999,32.19,219545.46,0,14.596034,213.2,0.0271653543307087,73.148,69.1339999999999,65.4619999999999,58.1359999999999,38.1,22.5,27.2
"BOOI4","2019-06-11 17:00",65.588,60.64,391927.28,0,9.294486,271.4,0.0121653543307087,71.8699999999999,69.2779999999999,65.4259999999999,58.1539999999999,38.1,22.5,27.2
"BOOI4","2019-06-11 18:00",62.4199999999999,65.28,218454.54,0,5.5453744,2.574,0.00755905511811024,70.772,69.4579999999999,65.4079999999999,58.172,38.1,22.5,27.2
"BOOI4","2019-06-11 19:00",61.43,76.95,74654.54,0,5.9972363,28.26,0.00496062992125984,69.9439999999999,69.5659999999999,65.372,58.172,38.1,22.5,27.2
"BOOI4","2019-06-11 20:00",59.8279999999999,79.18,9835.455,0,5.314969,49.13,0.00279527559055118,69.0619999999999,69.638,65.3539999999999,58.19,38.1,22.5,27.2
"BOOI4","2019-06-11 21:00",58.5319999999999,90.6,240.9091,0.010000001,4.623755,359.1,0.0015748031496063,68.1619999999999,69.656,65.3179999999999,58.2079999999999,38.1,22.5,27.2
"BOOI4","2019-06-11 22:00",57.938,94.7,0,0.020000001,1.8767927,1.22,0.000236220472440945,67.406,69.6199999999999,65.2999999999999,58.2259999999999,38.1,22.5,27.2
"BOOI4","2019-06-11 23:00",57.7579999999999,96.9,0,0.080000006,0.48541597,130.6,7.8740157480315e-05,66.7579999999999,69.548,65.282,58.2439999999999,38.1,22.5,27.2
"BOOI4","2019-06-12 00:00",57.722,95,0,0.020000001,1.2079476,214.9,0.000118110236220472,66.1819999999999,69.422,65.282,58.2619999999999,38.1,22.4,27.2
"BOOI4","2019-06-12 01:00",57.8659999999999,96.4,0,0.010000001,0.07605597,203.6,3.93700787401575e-05,65.6779999999999,69.2779999999999,65.264,58.2619999999999,38.1,22.4,27.2
"BOOI4","2019-06-12 02:00",57.6859999999999,96.2,0,0.010000001,0.80529845,273.1,7.8740157480315e-05,65.2279999999999,69.1159999999999,65.264,58.28,38,22.4,27.1
"BOOI4","2019-06-12 03:00",55.5079999999999,96.9,0,0,4.037677,237.4,0.00015748031496063,64.6519999999999,68.9359999999999,65.246,58.298,38,22.4,27.1
"BOOI4","2019-06-12 04:00",55.364,98.8,0,0,4.362033,249.9,0.000118110236220472,63.8599999999999,68.738,65.2279999999999,58.298,38,22.4,27.1
"BOOI4","2019-06-12 05:00",56.7499999999999,99.6,6803.636,0,4.0734677,258.9,3.93700787401575e-05,63.338,68.5399999999999,65.2099999999999,58.316,38,22.3,27.2
"BOOI4","2019-06-12 06:00",57.3259999999999,97.8,120245.45,0,5.8853893,286.2,0.000118110236220472,63.0319999999999,68.306,65.2099999999999,58.3339999999999,37.9,22.3,27.2
"BOOI4","2019-06-12 07:00",60.2779999999999,96,727272.7,0,5.523005,303.1,0.00047244094488189,63.0679999999999,68.072,65.1739999999999,58.3339999999999,37.9,22.3,27.2
"BOOI4","2019-06-12 08:00",61.8619999999999,86.6,1526727.3,0.010000001,6.0934243,331,0.00393700787401575,63.5539999999999,67.838,65.138,58.3519999999999,37.9,22.3,27.2
"BOOI4","2019-06-12 09:00",62.348,81.5,1506727.3,0,8.167068,341.3,0.0094488188976378,64.49,67.622,65.1199999999999,58.3519999999999,37.8,22.3,27.2
"BOOI4","2019-06-12 10:00",64.7779999999999,79.3,2455454.6,0,8.719592,343.6,0.0107086614173228,65.606,67.4239999999999,65.0839999999999,58.3699999999999,37.8,22.3,27.2
"BOOI4","2019-06-12 11:00",66.4159999999999,65.93,3008090.8,0,10.435325,352.4,0.0177952755905512,67.0999999999999,67.28,65.048,58.3699999999999,37.8,22.3,27.2
"BOOI4","2019-06-12 12:00",67.514,65.54,3036727.3,0,11.356945,340.8,0.0227952755905512,68.5939999999999,67.172,64.9939999999999,58.388,37.8,22.2,27.2
"BOOI4","2019-06-12 13:00",68.3419999999999,61.71,2522000,0,11.860256,340.3,0.0243307086614173,69.8179999999999,67.1539999999999,64.9579999999999,58.388,37.8,22.2,27.2
"BOOI4","2019-06-12 14:00",69.314,57.65,2674454.6,0,12.600683,348.2,0.0233464566929134,70.5739999999999,67.19,64.9039999999999,58.406,37.8,22.3,27.2
"BOOI4","2019-06-12 15:00",70.988,47.64,2741272.7,0,13.759418,345.6,0.0255905511811024,71.69,67.3159999999999,64.8679999999999,58.406,37.8,22.3,27.2
"BOOI4","2019-06-12 16:00",70.556,40.67,2381363.5,0,12.817666,341.1,0.0284251968503937,72.698,67.4779999999999,64.814,58.4239999999999,37.8,22.3,27.2
"BOOI4","2019-06-12 17:00",70.1419999999999,31.36,1838181.8,0,12.66108,337.7,0.0285433070866142,73.0939999999999,67.6939999999999,64.7599999999999,58.4419999999999,37.9,22.3,27.2
"BOOI4","2019-06-12 18:00",69.206,28.33,1145545.5,0,13.244922,341.7,0.0265748031496063,72.59,67.946,64.7239999999999,58.4419999999999,37.9,22.2,27.2
"BOOI4","2019-06-12 19:00",67.64,28.46,632454.5,0,13.916004,344.5,0.0240551181102362,71.348,68.2159999999999,64.688,58.4419999999999,37.9,22.2,27.2
"BOOI4","2019-06-12 20:00",63.8779999999999,30.52,141347.27,0,13.609543,345.7,0.0190944881889764,69.7099999999999,68.4499999999999,64.6519999999999,58.4599999999999,38,22.2,27.1
"BOOI4","2019-06-12 21:00",60.9619999999999,36.34,1245.4545,0,8.627878,358.4,0.00948818897637795,67.9999999999999,68.648,64.6159999999999,58.4779999999999,38,22.2,27.1
"BOOI4","2019-06-12 22:00",57.7939999999999,42.38,0,0,7.1671557,346.4,0.0031496062992126,66.4699999999999,68.7919999999999,64.6159999999999,58.4779999999999,38,22.2,27.1
"BOOI4","2019-06-12 23:00",54.5539999999999,50.34,0,0,4.936927,341.8,0.00188976377952756,65.138,68.8099999999999,64.598,58.4779999999999,38,22.2,27.1
"BOOI4","2019-06-13 00:00",54.1939999999999,58.86,0,0,0.8008245,323.6,-0.000748031496062992,63.9679999999999,68.7919999999999,64.598,58.496,38,22.2,27.1
"BOOI4","2019-06-13 01:00",54.446,59.23,0,0,1.8410016,311.8,-3.93700787401575e-05,62.9419999999999,68.6839999999999,64.598,58.496,38,22.2,27.1
"BOOI4","2019-06-13 02:00",51.566,60.29,0,0,4.2300534,338.8,0.00094488188976378,62.006,68.5399999999999,64.598,58.514,37.9,22.1,27.1
"BOOI4","2019-06-13 03:00",50.738,69.39,0,0,4.104785,337.3,0.000669291338582677,61.106,68.3239999999999,64.598,58.514,37.9,22.1,27.1
"BOOI4","2019-06-13 04:00",48.398,69.19,0,0,1.789552,334.9,-0.000275590551181102,60.296,68.09,64.598,58.514,37.9,22.1,27.1
"BOOI4","2019-06-13 05:00",49.6759999999999,77.52,24316.362,0,1.6240184,325.9,-0.000433070866141732,59.5039999999999,67.8199999999999,64.6159999999999,58.514,37.8,22.1,27.1
"BOOI4","2019-06-13 06:00",52.1599999999999,71.89,366718.17,0,2.612746,335,0,58.856,67.532,64.6159999999999,58.5319999999999,37.8,22.1,27.1
"BOOI4","2019-06-13 07:00",56.0839999999999,67.47,940636.35,0,5.144962,351.7,0.00267716535433071,58.5859999999999,67.2259999999999,64.598,58.5319999999999,37.8,22.1,27.1
"BOOI4","2019-06-13 08:00",60.296,59.78,1584545.5,0,4.719943,349.9,0.00653543307086614,59.2159999999999,66.9199999999999,64.58,58.5499999999999,37.7,22,27.1
"BOOI4","2019-06-13 09:00",62.438,49.69,2204272.7,0,3.1921134,337.6,0.0108267716535433,60.998,66.614,64.5619999999999,58.5499999999999,37.7,22,27.1
"BOOI4","2019-06-13 10:00",64.0039999999999,40.54,2751182,0,2.9348655,339.7,0.0161023622047244,63.4999999999999,66.3619999999999,64.5259999999999,58.5499999999999,37.6,22,27.1
"BOOI4","2019-06-13 11:00",65.606,38.91,3182727.3,0,4.9145575,339.6,0.0217322834645669,66.506,66.164,64.5079999999999,58.5499999999999,37.7,22,27.1
"BOOI4","2019-06-13 12:00",67.946,35.12,3415454.6,0,4.259134,339.8,0.0249606299212599,69.8359999999999,66.0919999999999,64.4539999999999,58.5499999999999,37.7,22,27.1
"BOOI4","2019-06-13 13:00",69.638,31,3433636.2,0,3.9728055,328.4,0.0274015748031496,73.0039999999999,66.1279999999999,64.4179999999999,58.5679999999999,37.6,22,27.1
"BOOI4","2019-06-13 14:00",71.3839999999999,32.61,3279090.8,0,6.2902756,300.2,0.0303543307086614,75.5239999999999,66.272,64.364,58.5679999999999,37.7,22,27.1
"BOOI4","2019-06-13 15:00",73.8859999999999,32.09,2935636.2,0,5.97263,266.9,0.0296850393700787,77.7019999999999,66.5419999999999,64.3279999999999,58.5679999999999,37.7,22,27.1
"BOOI4","2019-06-13 16:00",74.588,32.06,2432909.2,0,6.236589,280.5,0.0283070866141732,78.9259999999999,66.9199999999999,64.2739999999999,58.5859999999999,37.7,22,27.1
"BOOI4","2019-06-13 17:00",75.0739999999999,33.08,1749272.8,0,8.135751,260.7,0.0269685039370079,79.1419999999999,67.3519999999999,64.2199999999999,58.5679999999999,37.8,22,27.1
"BOOI4","2019-06-13 18:00",74.7499999999999,31.65,1105363.6,0,9.104346,265.9,0.0235433070866142,78.7099999999999,67.8019999999999,64.1839999999999,58.5859999999999,37.8,22,27.1
"BOOI4","2019-06-13 19:00",72.8599999999999,34.14,605090.94,0,6.79135,239.4,0.0165354330708661,77.522,68.2699999999999,64.148,58.5859999999999,37.9,22,27.1
"BOOI4","2019-06-13 20:00",67.28,38.59,133785.45,0,6.2589583,208.8,0.0111417322834646,75.7759999999999,68.7199999999999,64.13,58.5859999999999,37.9,22,27.1
"BOOI4","2019-06-13 21:00",64.0759999999999,51.91,886.3636,0,4.1942625,193.7,0.00350393700787402,73.796,69.098,64.13,58.5859999999999,37.9,22,27.1
"BOOI4","2019-06-13 22:00",63.1039999999999,59.4,0,0,3.838589,161.9,0.00137795275590551,72.032,69.3859999999999,64.13,58.5859999999999,38,22,27.1
"BOOI4","2019-06-13 23:00",61.7359999999999,59.64,0,0,5.536426,159.3,0.00169291338582677,70.538,69.6019999999999,64.148,58.6039999999999,38,22,27.1
"BOOI4","2019-06-14 00:00",60.872,65.16,0,0,5.413395,174.8,0.00145669291338583,69.2599999999999,69.6919999999999,64.1839999999999,58.6039999999999,38,22,27.1
"BOOI4","2019-06-14 01:00",61.106,69.19,0,0,4.9928503,179,0.00094488188976378,68.198,69.7279999999999,64.2199999999999,58.6039999999999,38,21.9,27.1
"BOOI4","2019-06-14 02:00",62.222,68.59,0,0,6.746611,190.5,0.00125984251968504,67.28,69.6919999999999,64.238,58.622,38,21.9,27.1
"BOOI4","2019-06-14 03:00",60.5839999999999,65.88,0,0,9.473441,199.9,0.00188976377952756,66.506,69.5839999999999,64.2919999999999,58.622,38,21.9,27.1
"BOOI4","2019-06-14 04:00",60.2239999999999,68.47,0,0,8.873941,200.8,0.00161417322834646,65.7859999999999,69.4579999999999,64.3279999999999,58.622,37.9,21.9,27.1
"BOOI4","2019-06-14 05:00",62.5999999999999,71.8,26245.457,0,8.061932,207.6,0.00137795275590551,65.1739999999999,69.2779999999999,64.3819999999999,58.622,37.9,21.9,27.1
"BOOI4","2019-06-14 06:00",64.5259999999999,67.05,102418.175,0,9.285538,208,0.00165354330708661,64.9759999999999,69.098,64.4179999999999,58.622,37.9,21.9,27.1
"BOOI4","2019-06-14 07:00",66.7579999999999,65.23,369336.36,0,10.569541,214.5,0.00661417322834646,64.9579999999999,68.8819999999999,64.4539999999999,58.622,37.8,21.9,27.1
"BOOI4","2019-06-14 08:00",69.206,59.03,643000,0,12.636475,211,0.0101574803149606,65.246,68.6839999999999,64.472,58.622,37.8,21.9,27.1
"BOOI4","2019-06-14 09:00",69.314,56.62,677818.2,0,14.656431,205.9,0.0138582677165354,65.822,68.4679999999999,64.5079999999999,58.64,37.8,21.9,27.1
"BOOI4","2019-06-14 10:00",64.814,56.66,557090.94,0,16.479538,217.8,0.0168110236220472,66.2539999999999,68.288,64.5259999999999,58.64,37.8,21.9,27.1
"BOOI4","2019-06-14 11:00",62.2579999999999,77.6,713363.65,0,14.103907,225,0.0121259842519685,66.146,68.1259999999999,64.5259999999999,58.622,37.7,21.9,27.1
"BOOI4","2019-06-14 12:00",65.6779999999999,90.3,1414091,0.010000001,12.269616,206.1,0.00736220472440945,66.3439999999999,67.9999999999999,64.5439999999999,58.64,37.7,21.8,27.1
"BOOI4","2019-06-14 13:00",70.898,82.4,2631818,0,14.0502205,192.1,0.0103937007874016,67.406,67.9099999999999,64.5259999999999,58.64,37.8,21.8,27.1
"BOOI4","2019-06-14 14:00",73.2199999999999,69.96,2854090.8,0,17.034298,182.9,0.0199212598425197,69.98,67.8199999999999,64.5259999999999,58.64,37.8,21.8,27.1
"BOOI4","2019-06-14 15:00",72.788,65.94,788363.65,0,17.199831,185.2,0.025748031496063,70.9699999999999,67.7659999999999,64.5259999999999,58.6579999999999,37.7,21.8,27.1
"BOOI4","2019-06-14 16:00",73.022,64.57,1084091,0,15.705556,194.9,0.0151181102362205,70.8439999999999,67.7839999999999,64.5079999999999,58.6579999999999,37.7,21.8,27.1
"BOOI4","2019-06-14 17:00",71.798,67.12,610636.35,0,15.638448,201.9,0.0162992125984252,70.9339999999999,67.856,64.49,58.6579999999999,37.8,21.8,27.1
"BOOI4","2019-06-14 18:00",71.5099999999999,71.4,325081.82,0,13.07044,197.1,0.0116535433070866,70.6819999999999,67.964,64.472,58.6579999999999,37.7,21.8,27.1
"BOOI4","2019-06-14 19:00",71.0419999999999,73.45,307054.53,0,11.428527,186.5,0.00862204724409449,70.3039999999999,68.09,64.4539999999999,58.6579999999999,37.7,21.8,27.1
"BOOI4","2019-06-14 20:00",68.864,75.13,111360,0,10.558356,169.3,0.00712598425196851,69.7999999999999,68.2159999999999,64.4539999999999,58.6759999999999,37.7,21.7,27.1
"BOOI4","2019-06-14 21:00",67.9099999999999,79.59,728.1818,0,8.788937,165.3,0.00350393700787402,69.0439999999999,68.3239999999999,64.4359999999999,58.6759999999999,37.8,21.7,27.1
"BOOI4","2019-06-14 22:00",67.3159999999999,81.2,0,0,7.153734,159.3,0.00145669291338583,68.3599999999999,68.396,64.4359999999999,58.6759999999999,37.8,21.7,27.1
"BOOI4","2019-06-14 23:00",66.4339999999999,81.6,0,0,7.196236,155,0.00133858267716536,67.8019999999999,68.4319999999999,64.4359999999999,58.6759999999999,37.8,21.7,27.1
"BOOI4","2019-06-15 00:00",65.5339999999999,84,0,0,6.8181934,154.2,0.00118110236220473,67.298,68.4319999999999,64.4179999999999,58.6759999999999,37.8,21.7,27.1
"BOOI4","2019-06-15 01:00",64.7779999999999,86.9,0,0,5.804859,158.8,0.000905511811023622,66.8119999999999,68.414,64.4179999999999,58.6939999999999,37.8,21.7,27.1
"BOOI4","2019-06-15 02:00",64.814,89.7,0,0,4.836264,157,0.000708661417322835,66.398,68.3419999999999,64.4359999999999,58.6939999999999,37.7,21.7,27.1
"BOOI4","2019-06-15 03:00",64.5439999999999,91.7,0,0,2.6105092,159.2,0.000393700787401575,66.0739999999999,68.2699999999999,64.4359999999999,58.6939999999999,37.7,21.7,27.1
"BOOI4","2019-06-15 04:00",62.9599999999999,92.6,0,0,2.5389268,147,0.000354330708661417,65.714,68.18,64.4359999999999,58.7119999999999,37.7,21.7,27.1
"BOOI4","2019-06-15 05:00",64.4539999999999,95.9,15840.91,0,3.7021356,165.2,0.000275590551181102,65.39,68.0539999999999,64.4359999999999,58.7119999999999,37.7,21.7,27.1
"BOOI4","2019-06-15 06:00",65.6779999999999,95.8,185618.18,0,5.0420628,190.8,0.00031496062992126,65.2279999999999,67.946,64.4359999999999,58.7119999999999,37.7,21.7,27.1
"BOOI4","2019-06-15 07:00",69.2599999999999,94.2,612000,0,3.4762049,191.7,0.000393700787401575,65.4439999999999,67.8199999999999,64.4359999999999,58.7119999999999,37.7,21.7,27.1
"BOOI4","2019-06-15 08:00",74.588,87.1,1302454.5,0,3.424755,178.6,0.00389763779527559,66.2539999999999,67.6939999999999,64.4359999999999,58.73,37.7,21.7,27.1
"BOOI4","2019-06-15 09:00",76.8199999999999,79.34,1897909,0,3.4538355,214.7,0.0097244094488189,68.0179999999999,67.5679999999999,64.4359999999999,58.748,37.6,21.7,27.1
"BOOI4","2019-06-15 10:00",79.43,73.2,2172818.4,0,4.0913634,218.2,0.0155905511811024,70.34,67.4779999999999,64.4179999999999,58.73,37.6,21.7,27.1
"BOOI4","2019-06-15 11:00",81.464,69.92,2310727.3,0,4.1092587,256,0.0188582677165354,72.6619999999999,67.4419999999999,64.4179999999999,58.73,37.6,21.7,27.1
"BOOI4","2019-06-15 12:00",82.0579999999999,67.12,2741000,0,3.8296413,246.5,0.0207874015748032,75.7759999999999,67.496,64.3999999999999,58.748,37.6,21.7,27.1
"BOOI4","2019-06-15 13:00",85.4779999999999,67.77,3365454.6,0,5.118119,174.6,0.0250787401574803,78.638,67.622,64.3819999999999,58.748,37.6,21.7,27.1
"BOOI4","2019-06-15 14:00",85.7119999999999,57.63,2851454.6,0,7.534014,194.5,0.0318110236220472,81.3919999999999,67.856,64.364,58.748,37.7,21.6,27.1
"BOOI4","2019-06-15 15:00",87.3499999999999,54.88,2655636.5,0,10.339137,204.6,0.0312992125984252,82.7779999999999,68.1619999999999,64.346,58.7659999999999,37.7,21.6,27.1
"BOOI4","2019-06-15 16:00",65.5699999999999,54.87,325316.35,0,14.168778,211.7,0.0336614173228346,81.446,68.5759999999999,64.346,58.7659999999999,37.8,21.6,27
"BOOI4","2019-06-15 17:00",64.706,98.9,16583.635,0.4,15.850957,276,0.0135826771653543,76.6039999999999,69.1519999999999,64.364,58.7659999999999,38.1,22.2,27.1
"BOOI4","2019-06-15 18:00",65.0839999999999,100,46870,0.60984254,6.827141,27.11,0.000196850393700787,74.4619999999999,69.7999999999999,64.5439999999999,58.8019999999999,38.5,22.7,27.2
"BOOI4","2019-06-15 19:00",66.2539999999999,100,121000,0.07,2.532216,54.55,0.000354330708661417,73.3999999999999,70.214,64.6159999999999,58.8019999999999,38.7,22.7,27.2
"BOOI4","2019-06-15 20:00",67.1179999999999,99.6,87445.46,0.010000001,2.9236808,158.3,0.000905511811023622,72.6259999999999,70.4659999999999,64.6519999999999,58.8199999999999,38.8,22.8,27.2
"BOOI4","2019-06-15 21:00",66.1999999999999,98.9,2756.3636,0,0.8791174,226.5,-0.000275590551181102,71.888,70.5739999999999,64.688,58.8199999999999,38.8,22.8,27.2
"BOOI4","2019-06-15 22:00",65.1019999999999,100,0,0,1.565858,298.3,3.93700787401575e-05,71.2039999999999,70.6099999999999,64.706,58.8199999999999,38.8,22.8,27.3
"BOOI4","2019-06-15 23:00",63.932,97.4,0,0,1.3779551,65.53,3.93700787401575e-05,70.3579999999999,70.5919999999999,64.7419999999999,58.838,38.7,22.8,27.3
"BOOI4","2019-06-16 00:00",62.7619999999999,99.9,0,0,0.90819764,232.6,3.93700787401575e-05,69.422,70.5199999999999,64.7779999999999,58.838,38.7,22.8,27.3
"BOOI4","2019-06-16 01:00",62.4919999999999,100,0,0,0.6241063,347.1,3.93700787401575e-05,68.522,70.43,64.832,58.856,38.7,22.8,27.3
"BOOI4","2019-06-16 02:00",60.9079999999999,100,0,0,0.6420018,350.6,0,67.748,70.3039999999999,64.8679999999999,58.856,38.6,22.8,27.3
"BOOI4","2019-06-16 03:00",61.124,100,0,0,0.41607085,4.269,3.93700787401575e-05,67.064,70.1419999999999,64.922,58.856,38.6,22.8,27.3
"BOOI4","2019-06-16 04:00",60.2779999999999,100,0,0,1.0871528,349.2,0,66.4699999999999,69.9619999999999,64.9579999999999,58.856,38.6,22.8,27.3
"BOOI4","2019-06-16 05:00",60.4579999999999,100,9604.546,0,4.505197,13.69,0,66.1099999999999,69.764,64.9939999999999,58.874,38.5,22.8,27.3
"BOOI4","2019-06-16 06:00",60.3679999999999,100,86781.815,0,3.952673,29.09,3.93700787401575e-05,65.948,69.548,65.0119999999999,58.874,38.5,22.8,27.3
"BOOI4","2019-06-16 07:00",60.422,100,307027.28,0,5.9703927,36.35,0.000354330708661417,65.9659999999999,69.332,65.048,58.874,38.5,22.8,27.3
"BOOI4","2019-06-16 08:00",61.448,100,632090.9,0,6.232115,57.41,0.00161417322834646,66.3259999999999,69.1159999999999,65.0659999999999,58.8919999999999,38.5,22.8,27.4
"BOOI4","2019-06-16 09:00",64.5439999999999,100,1333091,0,2.4516861,30.41,0.00393700787401575,67.5679999999999,68.9179999999999,65.0839999999999,58.8919999999999,38.4,22.8,27.4
"BOOI4","2019-06-16 10:00",69.0439999999999,94.8,2239545.4,0,0.10737312,63.28,0.00925196850393701,69.8179999999999,68.7199999999999,65.1019999999999,58.9099999999999,38.4,22.8,27.4
"BOOI4","2019-06-16 11:00",68.846,86.1,1946909.2,0,1.00886,46.88,0.016259842519685,72.0499999999999,68.5939999999999,65.1019999999999,58.9099999999999,38.4,22.8,27.4
"BOOI4","2019-06-16 12:00",70.3759999999999,89.4,1882181.8,0,5.388788,38.67,0.0144094488188976,73.5259999999999,68.522,65.0839999999999,58.9099999999999,38.4,22.8,27.4
"BOOI4","2019-06-16 13:00",72.59,82.1,3023818.4,0,4.471643,51.21,0.0144488188976378,75.4339999999999,68.5399999999999,65.0839999999999,58.9099999999999,38.4,22.8,27.4
"BOOI4","2019-06-16 14:00",74.5159999999999,78.59,2518636.2,0,4.650598,36.49,0.022755905511811,77.414,68.63,65.0659999999999,58.9279999999999,38.4,22.8,27.4
"BOOI4","2019-06-16 15:00",75.38,69.66,2622909.2,0,4.3396635,22.32,0.0203937007874016,79.0159999999999,68.8099999999999,65.0659999999999,58.9279999999999,38.4,22.8,27.4
"BOOI4","2019-06-16 16:00",77.4499999999999,69.39,2286272.7,0,3.666345,32.44,0.0216535433070866,80.3659999999999,69.0259999999999,65.048,58.946,38.4,22.8,27.4
"BOOI4","2019-06-16 17:00",76.406,66.82,1364545.4,0,3.321856,60.48,0.0193307086614173,80.4739999999999,69.296,65.03,58.964,38.4,22.8,27.4
"BOOI4","2019-06-16 18:00",76.406,68,1043363.6,0,4.9503484,52.04,0.0130708661417323,79.7539999999999,69.6199999999999,65.0119999999999,58.964,38.4,22.8,27.4
"BOOI4","2019-06-16 19:00",74.5159999999999,67.82,439290.92,0,5.167331,73.56,0.0105511811023622,78.4039999999999,69.9259999999999,64.9939999999999,58.9819999999999,38.5,22.8,27.4
"BOOI4","2019-06-16 20:00",71.4739999999999,73.82,123200.905,0,4.5946746,89.9,0.00555118110236221,76.6579999999999,70.214,65.0119999999999,58.9819999999999,38.5,22.8,27.4
"BOOI4","2019-06-16 21:00",68.846,82.6,2473.6364,0,2.4293168,96,0.000433070866141732,74.8579999999999,70.43,65.0119999999999,58.9999999999999,38.5,22.8,27.4
"BOOI4","2019-06-16 22:00",66.83,89.4,0,0,3.8452997,115.9,7.8740157480315e-05,73.2739999999999,70.6099999999999,65.03,58.9999999999999,38.5,22.8,27.4
"BOOI4","2019-06-16 23:00",65.1199999999999,91.5,0,0,4.2457123,102,-0.000196850393700787,71.906,70.6999999999999,65.048,59.0179999999999,38.5,22.8,27.4
"BOOI4","2019-06-17 00:00",64.3279999999999,94.6,0,0,3.838589,111.3,-0.000354330708661417,70.772,70.7179999999999,65.0839999999999,59.0179999999999,38.5,22.8,27.4
"BOOI4","2019-06-17 01:00",62.816,95.6,0,0,2.6686692,109.3,-0.000590551181102362,69.764,70.664,65.1199999999999,59.0359999999999,38.5,22.8,27.4
"BOOI4","2019-06-17 02:00",61.898,98.2,0,0,2.6194568,94.8,-0.000708661417322835,68.8819999999999,70.5739999999999,65.156,59.0359999999999,38.5,22.7,27.4
"BOOI4","2019-06-17 03:00",61.1419999999999,99.9,0,0,0.82990474,98.7,-0.00106299212598425,68.0539999999999,70.43,65.1739999999999,59.0539999999999,38.4,22.7,27.4
"BOOI4","2019-06-17 04:00",61.106,100,0,0,0.0447388,96.6,-0.00125984251968504,67.298,70.2859999999999,65.2099999999999,59.0539999999999,38.4,22.7,27.4
"BOOI4","2019-06-17 05:00",61.088,100,8467.273,0,0,0,-0.0012992125984252,66.8839999999999,70.088,65.246,59.072,38.4,22.7,27.4
"BOOI4","2019-06-17 06:00",61.4119999999999,100,111063.64,0,0,0,-0.00122047244094488,66.7759999999999,69.89,65.282,59.072,38.4,22.7,27.4
"BOOI4","2019-06-17 07:00",61.8619999999999,100,279618.16,0,3.3755424,146.1,0.000275590551181102,66.8839999999999,69.6739999999999,65.2999999999999,59.0899999999999,38.3,22.7,27.4
"BOOI4","2019-06-17 08:00",62.69,100,546727.3,0,6.0151315,159.4,0.0015748031496063,67.2079999999999,69.4759999999999,65.3179999999999,59.0899999999999,38.3,22.7,27.5
"BOOI4","2019-06-17 09:00",63.9679999999999,100,818363.65,0,5.4961615,147.7,0.00326771653543307,67.9999999999999,69.2779999999999,65.3359999999999,59.1079999999999,38.3,22.7,27.5
"BOOI4","2019-06-17 10:00",67.514,100,1419181.9,0,5.0532475,119.4,0.00511811023622047,69.098,69.098,65.3359999999999,59.1259999999999,38.2,22.7,27.5
"BOOI4","2019-06-17 11:00",71.114,90.4,2601090.8,0,2.8140705,108.8,0.00988188976377953,71.6539999999999,68.9539999999999,65.3359999999999,59.1259999999999,38.2,22.7,27.5
"BOOI4","2019-06-17 12:00",75.2179999999999,86.6,2866454.6,0,2.9617085,131.3,0.0190944881889764,74.4079999999999,68.864,65.3359999999999,59.1439999999999,38.2,22.7,27.5
"BOOI4","2019-06-17 13:00",76.2439999999999,72.97,3013636.2,0,6.704109,143.9,0.0221653543307087,76.622,68.846,65.3359999999999,59.1439999999999,38.2,22.6,27.4
"BOOI4","2019-06-17 14:00",77.7199999999999,69.32,3036182,0,8.692749,136.7,0.0250787401574803,78.6199999999999,68.9179999999999,65.3179999999999,59.1619999999999,38.2,22.6,27.4
"BOOI4","2019-06-17 15:00",77.18,66.03,1455363.6,0,8.334839,124.4,0.0262204724409449,79.7899999999999,69.08,65.2999999999999,59.1619999999999,38.2,22.6,27.4
"BOOI4","2019-06-17 16:00",66.3439999999999,64.62,234127.27,0,5.516294,91.8,0.0157086614173228,78.0619999999999,69.3499999999999,65.2999999999999,59.18,38.3,22.6,27.5
"BOOI4","2019-06-17 17:00",67.046,92.5,410272.7,0.030000001,10.634413,336.2,0.00417322834645669,75.5239999999999,69.6919999999999,65.282,59.18,38.3,22.6,27.4
"BOOI4","2019-06-17 18:00",67.6579999999999,94.9,411636.35,0.040000003,8.046273,344.2,0.00334645669291339,74.264,70.0339999999999,65.282,59.18,38.3,22.6,27.4
"BOOI4","2019-06-17 19:00",66.6499999999999,95.9,130381.82,0.010000001,4.9503484,1.737,0.0034251968503937,73.238,70.2859999999999,65.264,59.2159999999999,38.3,22.6,27.4
"BOOI4","2019-06-17 20:00",66.5599999999999,98,19769.09,0,4.5230927,25.63,0.00122047244094488,72.248,70.4659999999999,65.264,59.2159999999999,38.3,22.6,27.4
"BOOI4","2019-06-17 21:00",66.1999999999999,96.2,487.2727,0,3.4404137,1.343,0.000433070866141732,71.348,70.5739999999999,65.282,59.2159999999999,38.3,22.6,27.4
"BOOI4","2019-06-17 22:00",66.506,98,0,0,2.9572346,50.28,3.93700787401575e-05,70.646,70.6099999999999,65.2999999999999,59.2339999999999,38.3,22.6,27.4
"BOOI4","2019-06-17 23:00",66.6859999999999,96.4,0,0,3.4918633,80.2,3.93700787401575e-05,70.0699999999999,70.5919999999999,65.3179999999999,59.2339999999999,38.3,22.5,27.4
"BOOI4","2019-06-18 00:00",66.6499999999999,95.8,0,0,0.36685818,88.6,-7.8740157480315e-05,69.656,70.5199999999999,65.3539999999999,59.2519999999999,38.3,22.5,27.4
"BOOI4","2019-06-18 01:00",65.948,95,0,0,0,0,-0.000118110236220472,69.2599999999999,70.43,65.372,59.2519999999999,38.3,22.5,27.4
"BOOI4","2019-06-18 02:00",65.948,98.4,0,0,1.489802,12.24,0,68.7919999999999,70.322,65.4079999999999,59.2699999999999,38.3,22.5,27.4
"BOOI4","2019-06-18 03:00",65.588,99,0,0,2.082591,19.03,-3.93700787401575e-05,68.4679999999999,70.196,65.4259999999999,59.288,38.2,22.5,27.4
"BOOI4","2019-06-18 04:00",65.0119999999999,99.7,0,0,0,0,-0.000118110236220472,68.1619999999999,70.0699999999999,65.4439999999999,59.288,38.2,22.5,27.4
"BOOI4","2019-06-18 05:00",65.1739999999999,100,2956.3637,0,1.0424141,9.51,-7.8740157480315e-05,67.8919999999999,69.9079999999999,65.48,59.306,38.2,22.5,27.4
"BOOI4","2019-06-18 06:00",65.246,100,65458.18,0,0,0,-0.000118110236220472,67.748,69.764,65.498,59.306,38.2,22.5,27.4
"BOOI4","2019-06-18 07:00",64.472,99.2,115972.725,0,0.3377779,352.7,0.000511811023622047,67.748,69.6199999999999,65.498,59.3239999999999,38.2,22.5,27.4
"BOOI4","2019-06-18 08:00",64.2019999999999,99,142454.56,0,2.3443131,14.35,0.00094488188976378,67.6579999999999,69.4759999999999,65.5159999999999,59.3239999999999,38.1,22.5,27.4
"BOOI4","2019-06-18 09:00",64.9939999999999,99.9,360063.66,0.010000001,4.860871,17.7,0.00102362204724409,67.6759999999999,69.332,65.5159999999999,59.3419999999999,38.1,22.4,27.4
"BOOI4","2019-06-18 10:00",66.938,99.5,1063181.8,0,5.1225924,26.72,0.00251968503937008,68.396,69.206,65.5159999999999,59.3419999999999,38.1,22.4,27.4
"BOOI4","2019-06-18 11:00",67.2259999999999,96.3,973999.94,0,6.0665812,28.47,0.00728346456692913,69.4579999999999,69.08,65.5159999999999,59.3599999999999,38.1,22.4,27.4
"BOOI4","2019-06-18 12:00",66.4699999999999,95.5,621000,0,6.151585,24.44,0.00724409448818898,69.8539999999999,68.972,65.498,59.3599999999999,38.1,22.4,27.4
"BOOI4","2019-06-18 13:00",66.272,93.1,554000,0,3.5187066,11.27,0.00503937007874016,69.9619999999999,68.8999999999999,65.498,59.3779999999999,38.1,22.4,27.4
"BOOI4","2019-06-18 14:00",67.2079999999999,96.6,820090.9,0,2.7648578,17.77,0.00440944881889764,70.2499999999999,68.846,65.498,59.3779999999999,38.1,22.4,27.4
"BOOI4","2019-06-18 15:00",68.4859999999999,94,750545.5,0.010000001,3.4941003,33.31,0.00625984251968504,70.8079999999999,68.8099999999999,65.4619999999999,59.3779999999999,38,22.4,27.4
"BOOI4","2019-06-18 16:00",69.314,90.4,562909.1,0,3.1898766,20.49,0.00618110236220473,71.0239999999999,68.8099999999999,65.4619999999999,59.396,38,22.4,27.4
"BOOI4","2019-06-18 17:00",68.1439999999999,89.4,255518.19,0,3.471731,7.991,0.00496062992125984,70.8079999999999,68.8099999999999,65.4259999999999,59.414,38.1,22.3,27.4
"BOOI4","2019-06-18 18:00",66.398,92.9,158809.08,0,3.2905385,351.2,0.00267716535433071,70.2499999999999,68.8099999999999,65.4259999999999,59.432,38,22.3,27.4
"BOOI4","2019-06-18 19:00",65.948,99.3,131245.45,0.060000002,3.4694939,342.5,0.00141732283464567,69.656,68.8279999999999,65.39,59.432,38,22.3,27.4
"BOOI4","2019-06-18 20:00",65.696,98.9,33319.09,0.030000001,1.7738934,345.7,0.00110236220472441,69.206,68.8279999999999,65.39,59.432,38,22.4,27.4
"BOOI4","2019-06-18 21:00",65.606,99.1,307.27273,0.010000001,0.058160443,351,0.000275590551181102,68.756,68.8279999999999,65.372,59.4499999999999,38,22.4,27.4
"BOOI4","2019-06-18 22:00",65.1919999999999,99.9,0,0,0.10513618,7.869,3.93700787401575e-05,68.3419999999999,68.7919999999999,65.3539999999999,59.4679999999999,38.1,22.4,27.4
"BOOI4","2019-06-18 23:00",65.156,99.6,0,0.010000001,3.3867273,340.4,3.93700787401575e-05,67.856,68.738,65.3539999999999,59.4679999999999,38.1,22.4,27.4
"BOOI4","2019-06-19 00:00",64.6339999999999,96.9,0,0,5.2702303,3.728,0.000118110236220472,67.406,68.6659999999999,65.3359999999999,59.4859999999999,38,22.4,27.4
"BOOI4","2019-06-19 01:00",63.9679999999999,98,0,0.010000001,2.3957627,19.2,7.8740157480315e-05,67.046,68.5759999999999,65.3179999999999,59.4859999999999,38.1,22.4,27.4
"BOOI4","2019-06-19 02:00",62.798,97.1,0,0.010000001,0.74713796,23.69,3.93700787401575e-05,66.7039999999999,68.4859999999999,65.2999999999999,59.4859999999999,38.1,22.4,27.4
"BOOI4","2019-06-19 03:00",61.988,97.9,0,0,5.364182,48.4,0.000196850393700787,66.272,68.3779999999999,65.2999999999999,59.5039999999999,38.1,22.3,27.3
"BOOI4","2019-06-19 04:00",62.096,97.7,0,0,4.632703,37.77,0.00015748031496063,65.84,68.2519999999999,65.282,59.5039999999999,38.1,22.3,27.3
"BOOI4","2019-06-19 05:00",62.0239999999999,98.8,2306.364,0,3.7535853,40.75,7.8740157480315e-05,65.5339999999999,68.1439999999999,65.264,59.522,38,22.3,27.3
"BOOI4","2019-06-19 06:00",62.4019999999999,99.6,109026.37,0,0,0,3.93700787401575e-05,65.3359999999999,68.0179999999999,65.246,59.522,38,22.3,27.3
"BOOI4","2019-06-19 07:00",64.0579999999999,98.4,347854.55,0,3.5187066,31.96,0.000354330708661417,65.4079999999999,67.874,65.246,59.54,38,22.3,27.3
"BOOI4","2019-06-19 08:00",65.4439999999999,94.2,662454.5,0,3.7916133,45.71,0.00228346456692913,65.9119999999999,67.73,65.2099999999999,59.54,38,22.3,27.3
"BOOI4","2019-06-19 09:00",66.9019999999999,93.6,927181.8,0,7.4736166,59.4,0.00452755905511811,66.6679999999999,67.6039999999999,65.1919999999999,59.5579999999999,38,22.3,27.3
"BOOI4","2019-06-19 10:00",69.1159999999999,90.2,1793727.3,0,6.560945,56.16,0.00665354330708662,68.0179999999999,67.496,65.1739999999999,59.5579999999999,38,22.3,27.3
"BOOI4","2019-06-19 11:00",69.7099999999999,83.1,1763272.7,0,8.077591,45.07,0.012992125984252,69.656,67.406,65.138,59.5579999999999,38,22.3,27.3
"BOOI4","2019-06-19 12:00",70.7539999999999,79.98,1671545.4,0.010000001,8.990262,68.64,0.0145275590551181,70.7179999999999,67.3699999999999,65.1199999999999,59.5759999999999,37.9,22.3,27.3
"BOOI4","2019-06-19 13:00",69.8179999999999,78.13,963454.6,0,8.352734,66.95,0.0144094488188976,71.546,67.388,65.0839999999999,59.5759999999999,37.9,22.3,27.3
"BOOI4","2019-06-19 14:00",70.6999999999999,79.93,1330636.4,0,6.9904375,59.28,0.00988188976377953,71.4019999999999,67.4599999999999,65.0659999999999,59.5939999999999,38,22.3,27.3
"BOOI4","2019-06-19 15:00",71.2759999999999,80.1,1208091,0,8.151409,50.09,0.0121653543307087,71.7619999999999,67.5679999999999,65.03,59.5939999999999,38,22.3,27.3
"BOOI4","2019-06-19 16:00",72.2119999999999,73.21,1597818.2,0,7.563094,50.69,0.0121259842519685,72.14,67.6759999999999,64.9939999999999,59.5939999999999,38,22.3,27.3
"BOOI4","2019-06-19 17:00",71.7259999999999,69.9,1245818.1,0,7.2230797,63.62,0.0149212598425197,72.914,67.8019999999999,64.9759999999999,59.6119999999999,38,22.3,27.3
"BOOI4","2019-06-19 18:00",71.348,70.01,966727.3,0,6.1001353,68.42,0.012244094488189,73.0759999999999,67.946,64.94,59.6119999999999,38,22.3,27.3
"BOOI4","2019-06-19 19:00",70.4839999999999,68.96,391090.9,0,4.6841526,69.91,0.00933070866141732,72.464,68.09,64.922,59.6119999999999,38,22.3,27.3
"BOOI4","2019-06-19 20:00",68.288,74.33,95563.644,0,2.9773672,78.24,0.00417322834645669,71.5099999999999,68.2339999999999,64.9039999999999,59.63,38,22.2,27.3
"BOOI4","2019-06-19 21:00",66.9019999999999,80.5,845.4545,0,0.6062107,78.65,-7.8740157480315e-05,70.4659999999999,68.3599999999999,64.8859999999999,59.63,38.1,22.2,27.3
"BOOI4","2019-06-19 22:00",65.8579999999999,82.5,0,0,0,0,-0.00122047244094488,69.4759999999999,68.4499999999999,64.8859999999999,59.63,38,22.2,27.3
"BOOI4","2019-06-19 23:00",64.7239999999999,88.5,0,0,0,0,-0.00122047244094488,68.5939999999999,68.5039999999999,64.8859999999999,59.63,38,22.2,27.3
"BOOI4","2019-06-20 00:00",64.5619999999999,90.6,0,0,0,0,-0.00118110236220473,67.7659999999999,68.5039999999999,64.8859999999999,59.648,38,22.2,27.3
"BOOI4","2019-06-20 01:00",63.014,90,0,0,0,0,-0.00118110236220473,67.1359999999999,68.4859999999999,64.8859999999999,59.648,38,22.2,27.3
"BOOI4","2019-06-20 02:00",60.6739999999999,97,0,0,0.39370143,122.3,-0.000984251968503937,66.38,68.4319999999999,64.8859999999999,59.648,38,22.2,27.3
"BOOI4","2019-06-20 03:00",60.3499999999999,100,0,0,0.25948504,143.8,-0.00106299212598425,65.7499999999999,68.3239999999999,64.8859999999999,59.6659999999999,38,22.2,27.3
"BOOI4","2019-06-20 04:00",59.3239999999999,100,0,0,0.18119214,110.6,-0.00106299212598425,64.9939999999999,68.2159999999999,64.9039999999999,59.6659999999999,38,22.2,27.3
"BOOI4","2019-06-20 05:00",59.072,100,14340,0,0,0,-0.00110236220472441,64.3099999999999,68.09,64.9039999999999,59.6659999999999,37.9,22.2,27.3
"BOOI4","2019-06-20 06:00",60.764,100,343236.4,0,0.34448877,100,-0.00094488188976378,63.7699999999999,67.946,64.9039999999999,59.6659999999999,37.9,22.2,27.3
"BOOI4","2019-06-20 07:00",63.806,100,964000,0,1.4182199,124.1,0.000393700787401575,63.914,67.7839999999999,64.9039999999999,59.6659999999999,37.9,22.2,27.3
"BOOI4","2019-06-20 08:00",64.8679999999999,95.5,864272.7,0,2.5478747,141.5,0.00503937007874016,65.138,67.6039999999999,64.9039999999999,59.6659999999999,37.9,22.1,27.3
"BOOI4","2019-06-20 09:00",66.74,93.5,1460909,0,4.1204433,144.9,0.00559055118110236,66.4159999999999,67.4419999999999,64.9039999999999,59.6839999999999,37.8,22.1,27.3
"BOOI4","2019-06-20 10:00",69.0079999999999,85.1,1503363.6,0,8.565244,131.7,0.00992125984251969,67.838,67.3159999999999,64.8859999999999,59.6839999999999,37.9,22.1,27.3
"BOOI4","2019-06-20 11:00",69.3499999999999,80.9,1033636.4,0,6.71082,152.4,0.012007874015748,69.0439999999999,67.2259999999999,64.8679999999999,59.6839999999999,37.9,22.1,27.3
"BOOI4","2019-06-20 12:00",71.1499999999999,77.46,1391000,0,2.6105092,194.3,0.00901574803149606,69.6739999999999,67.19,64.8499999999999,59.7019999999999,37.9,22.1,27.3
"BOOI4","2019-06-20 13:00",72.8239999999999,73.23,1957818.2,0,6.017369,146.4,0.0126377952755906,71.546,67.2079999999999,64.8499999999999,59.6839999999999,37.9,22.1,27.3
"BOOI4","2019-06-20 14:00",75.1279999999999,71.46,2307545.4,0,5.2299657,157.1,0.0172834645669291,73.0939999999999,67.2619999999999,64.814,59.6839999999999,37.9,22.1,27.3
"BOOI4","2019-06-20 15:00",74.8039999999999,65.5,1780727.3,0,2.2570724,155.8,0.0192913385826772,74.9659999999999,67.3519999999999,64.796,59.7019999999999,37.8,22.1,27.3
"BOOI4","2019-06-20 16:00",75.4699999999999,63.35,1635909,0,7.6973104,150.5,0.0182677165354331,75.2899999999999,67.496,64.7779999999999,59.7019999999999,37.8,22.1,27.3
"BOOI4","2019-06-20 17:00",74.3179999999999,66.61,676636.35,0,8.0418,159.9,0.0175196850393701,74.93,67.6759999999999,64.7419999999999,59.7019999999999,37.8,22.1,27.3
"BOOI4","2019-06-20 18:00",74.2099999999999,66.32,495363.65,0,6.4737043,185.6,0.00964566929133858,74.048,67.8919999999999,64.7419999999999,59.7019999999999,37.9,22.1,27.3
"BOOI4","2019-06-20 19:00",72.5359999999999,66.59,201309.08,0,5.5028725,163.1,0.00775590551181103,73.0039999999999,68.1079999999999,64.7239999999999,59.7019999999999,37.9,22.1,27.3
"BOOI4","2019-06-20 20:00",70.3039999999999,73.05,125359.085,0,5.330628,116.4,0.00523622047244095,71.9239999999999,68.288,64.706,59.7019999999999,37.9,22.1,27.3
"BOOI4","2019-06-20 21:00",68.4499999999999,74.96,2510,0,6.715294,109.7,0.00326771653543307,70.6099999999999,68.4499999999999,64.688,59.7199999999999,37.9,22.1,27.3
"BOOI4","2019-06-20 22:00",68.1259999999999,80,0,0,5.285889,113.9,0.00133858267716536,69.4579999999999,68.5579999999999,64.688,59.7199999999999,37.9,22.1,27.3
"BOOI4","2019-06-20 23:00",66.272,80.5,0,0,6.408833,136.6,0.00125984251968504,68.4859999999999,68.6119999999999,64.706,59.7199999999999,37.9,22.1,27.3
"BOOI4","2019-06-21 00:00",65.624,86.6,0,0,5.9099956,149,0.000984251968503937,67.6939999999999,68.6119999999999,64.7239999999999,59.7199999999999,37.9,22.1,27.3
"BOOI4","2019-06-21 01:00",64.238,88.2,0,0,4.319531,144.7,0.000551181102362205,67.0279999999999,68.5759999999999,64.7239999999999,59.7199999999999,37.9,22.1,27.3
"BOOI4","2019-06-21 02:00",63.0499999999999,92.1,0,0,6.3350143,121.9,0.000551181102362205,66.398,68.5039999999999,64.7419999999999,59.7199999999999,37.9,22,27.3
"BOOI4","2019-06-21 03:00",62.6359999999999,94.6,0,0,4.816132,115.3,0.000236220472440945,65.822,68.414,64.7599999999999,59.738,37.9,22,27.3
"BOOI4","2019-06-21 04:00",63.68,95.2,0,0,6.035264,117.6,0.000196850393700787,65.39,68.288,64.7779999999999,59.7199999999999,37.9,22,27.3
"BOOI4","2019-06-21 05:00",64.598,91.5,9271.817,0,7.4244037,110.4,0.00031496062992126,65.2099999999999,68.1439999999999,64.7779999999999,59.738,37.9,22,27.3
"BOOI4","2019-06-21 06:00",62.9599999999999,88.3,2572.7272,0,8.985788,115.8,0.000669291338582677,64.814,67.982,64.796,59.738,37.9,22.2,27.4
"BOOI4","2019-06-21 07:00",62.7619999999999,96.7,13566.364,0.67007875,7.520592,85.5,0.00106299212598425,64.5079999999999,67.838,64.814,59.738,38.1,22.4,27.4
"BOOI4","2019-06-21 08:00",63.8779999999999,100,110109.085,0.45984253,6.339488,87,0.000708661417322835,64.3819999999999,67.6759999999999,64.832,59.738,38.3,22.7,27.4
"BOOI4","2019-06-21 09:00",64.6339999999999,99.2,255027.28,0.080000006,9.513705,103.1,0.000748031496062992,64.58,67.514,64.832,59.738,38.4,22.7,27.4
"BOOI4","2019-06-21 10:00",63.8599999999999,98.4,301709.08,0.040000003,12.151058,114.2,0.00181102362204724,64.8679999999999,67.3699999999999,64.8499999999999,59.756,38.4,22.8,27.4
"BOOI4","2019-06-21 11:00",64.598,99.7,351263.6,0.030000001,11.567217,125.8,0.00188976377952756,65.156,67.2259999999999,64.832,59.756,38.4,22.8,27.4
"BOOI4","2019-06-21 12:00",67.064,99.7,1058818.2,0.020000001,10.5203285,135.9,0.0021259842519685,65.822,67.0999999999999,64.832,59.756,38.5,22.8,27.4
"BOOI4","2019-06-21 13:00",67.1359999999999,95,912545.5,0,14.859993,116.1,0.00618110236220473,66.9199999999999,66.9919999999999,64.814,59.756,38.4,22.9,27.5
"BOOI4","2019-06-21 14:00",67.406,91.6,968181.8,0,15.698845,112.1,0.00637795275590551,67.388,66.9019999999999,64.796,59.756,38.4,22.9,27.4
"BOOI4","2019-06-21 15:00",67.5679999999999,88.9,808272.77,0,14.24036,111.6,0.00783464566929134,67.874,66.83,64.7779999999999,59.7739999999999,38.3,22.9,27.5
"BOOI4","2019-06-21 16:00",68.072,89.2,719000,0,12.356857,108.3,0.00716535433070866,68.1079999999999,66.8119999999999,64.7419999999999,59.7739999999999,38.3,23,27.5
"BOOI4","2019-06-21 17:00",68.7019999999999,89.6,769545.5,0,11.524714,96.4,0.0065748031496063,68.4859999999999,66.8119999999999,64.7239999999999,59.7739999999999,38.3,23,27.5
"BOOI4","2019-06-21 18:00",68.2159999999999,90,346463.62,0,11.5359,89.1,0.0068503937007874,68.522,66.83,64.688,59.7739999999999,38.3,23,27.5
"BOOI4","2019-06-21 19:00",67.5679999999999,92.7,170536.36,0,11.285362,81,0.00389763779527559,68.1439999999999,66.8659999999999,64.6699999999999,59.7739999999999,38.3,23,27.5
"BOOI4","2019-06-21 20:00",66.83,92.5,23930.908,0,11.884863,85.7,0.00267716535433071,67.6039999999999,66.9019999999999,64.6339999999999,59.7919999999999,38.3,23,27.5
"BOOI4","2019-06-21 21:00",66.272,95.6,369.09088,0,11.280889,91.4,0.00165354330708661,67.082,66.9199999999999,64.6159999999999,59.7919999999999,38.3,23,27.6
"BOOI4","2019-06-21 22:00",65.1739999999999,94.8,0,0,10.620992,86.5,0.000354330708661417,66.6319999999999,66.9199999999999,64.58,59.7919999999999,38.3,23,27.6
"BOOI4","2019-06-21 23:00",64.706,94.5,0,0,12.0325,102.3,0.000433070866141732,66.1819999999999,66.9199999999999,64.5619999999999,59.7919999999999,38.3,23,27.6
"BOOI4","2019-06-22 00:00",64.4179999999999,95.1,0,0,10.265318,99.4,0.000393700787401575,65.8039999999999,66.9019999999999,64.5439999999999,59.7919999999999,38.3,23,27.6
"BOOI4","2019-06-22 01:00",63.7699999999999,93.3,0,0,10.108732,98.6,0.000433070866141732,65.4259999999999,66.848,64.5259999999999,59.8099999999999,38.3,23,27.6
"BOOI4","2019-06-22 02:00",62.0599999999999,92.7,0,0,10.296636,88.6,0.000511811023622047,65.048,66.7939999999999,64.5079999999999,59.7919999999999,38.2,23.1,27.6
"BOOI4","2019-06-22 03:00",60.4579999999999,95.1,0,0,8.920917,71.87,0.000433070866141732,64.6699999999999,66.722,64.49,59.7919999999999,38.2,23.1,27.6
"BOOI4","2019-06-22 04:00",59.4499999999999,93.8,0,0,9.911881,63.32,0.000354330708661417,64.1659999999999,66.6319999999999,64.472,59.8099999999999,38.2,23.1,27.6
"BOOI4","2019-06-22 05:00",58.946,93.4,4438.182,0,7.379665,53.31,0.000354330708661417,63.6439999999999,66.5419999999999,64.4539999999999,59.8099999999999,38.2,23.1,27.6
"BOOI4","2019-06-22 06:00",58.9819999999999,91.4,82418.175,0,8.357208,59.91,0.00047244094488189,63.1759999999999,66.4339999999999,64.4359999999999,59.8099999999999,38.2,23.1,27.6
"BOOI4","2019-06-22 07:00",59.8819999999999,93.4,209199.98,0,10.654545,84.6,0.00153543307086614,62.9779999999999,66.3439999999999,64.4179999999999,59.8099999999999,38.2,23.1,27.6
"BOOI4","2019-06-22 08:00",61.3039999999999,93.5,494000,0,8.775516,84.2,0.00224409448818898,63.1579999999999,66.2179999999999,64.3999999999999,59.8099999999999,38.1,23.1,27.6
"BOOI4","2019-06-22 09:00",60.746,94,255672.71,0,8.856046,97.1,0.00362204724409449,63.68,66.0739999999999,64.3819999999999,59.8099999999999,38.1,23.1,27.7
"BOOI4","2019-06-22 10:00",60.8359999999999,98,243972.75,0.05,6.5094957,114.9,0.00224409448818898,63.6619999999999,65.948,64.364,59.8279999999999,38.1,23.1,27.6
"BOOI4","2019-06-22 11:00",63.23,100,786727.3,0.030000001,7.33269,90.9,0.0015748031496063,64.0039999999999,65.84,64.346,59.8099999999999,38.1,23.2,27.6
"BOOI4","2019-06-22 12:00",66.38,97.7,810000,0.010000001,10.25637,103.9,0.00460629921259843,65.246,65.7499999999999,64.3099999999999,59.8099999999999,38.1,23.2,27.6
"BOOI4","2019-06-22 13:00",69.2599999999999,96.4,1300091,0,8.252071,96.2,0.00559055118110236,66.5419999999999,65.6779999999999,64.2919999999999,59.8279999999999,38.1,23.2,27.6
"BOOI4","2019-06-22 14:00",71.1679999999999,91.1,1523272.8,0,9.536076,148.1,0.00909448818897638,68.5939999999999,65.624,64.256,59.8279999999999,38.1,23.2,27.6
"BOOI4","2019-06-22 15:00",72.2659999999999,91.1,1349272.7,0,6.1694803,160.8,0.0115748031496063,69.98,65.606,64.2199999999999,59.8279999999999,38.1,23.2,27.6
"BOOI4","2019-06-22 16:00",75.038,88.8,1629727.2,0,8.585376,136.2,0.0104330708661417,71.2579999999999,65.6419999999999,64.1839999999999,59.8279999999999,38.1,23.2,27.6
"BOOI4","2019-06-22 17:00",75.848,85.1,1479363.6,0,5.8921003,129.4,0.0127165354330709,73.1659999999999,65.7499999999999,64.148,59.8279999999999,38.1,23.2,27.6
"BOOI4","2019-06-22 18:00",75.5419999999999,85.6,894272.7,0,4.0801787,104.8,0.0118897637795276,74.0119999999999,65.8939999999999,64.13,59.8279999999999,38.1,23.2,27.6
"BOOI4","2019-06-22 19:00",73.022,88,167981.81,0,5.6460366,74.33,0.00791338582677165,73.364,66.0739999999999,64.0939999999999,59.8279999999999,38.2,23.2,27.6
"BOOI4","2019-06-22 20:00",72.14,92.4,4752.727,0,6.963594,67.61,0.00283464566929134,72.0679999999999,66.3079999999999,64.0579999999999,59.8279999999999,38.2,23.2,27.6
"BOOI4","2019-06-22 21:00",71.114,93.5,10.000001,0,7.1380754,76.07,0.00110236220472441,71.0599999999999,66.5239999999999,64.0399999999999,59.8279999999999,38.2,23.2,27.6
"BOOI4","2019-06-22 22:00",68.2699999999999,98.2,0,0.010000001,11.596297,101.1,0.000196850393700787,70.2679999999999,66.74,64.022,59.8279999999999,38.3,23.3,27.6
"BOOI4","2019-06-22 23:00",67.2619999999999,97.1,0,0.120000005,8.958945,190.4,-0.000196850393700787,69.4039999999999,66.938,64.022,59.8279999999999,38.4,23.6,27.7
"BOOI4","2019-06-23 00:00",68.0179999999999,95.3,0,0.19000001,10.929689,178,7.8740157480315e-05,68.6119999999999,67.0999999999999,64.0399999999999,59.8279999999999,38.5,24,27.7
"BOOI4","2019-06-23 01:00",66.506,87.2,0,0.030000001,6.379753,171.1,0.00015748031496063,67.946,67.172,64.0579999999999,59.846,38.5,24,27.7
"BOOI4","2019-06-23 02:00",66.0739999999999,96.3,0,0.040000003,6.16277,202.8,-3.93700787401575e-05,67.4599999999999,67.19,64.0759999999999,59.846,38.6,24.1,27.7
"BOOI4","2019-06-23 03:00",67.5499999999999,99.8,0,0.010000001,4.8563967,80.2,-0.000393700787401575,67.1359999999999,67.19,64.0759999999999,59.846,38.6,24.1,27.7
"BOOI4","2019-06-23 04:00",66.4519999999999,98.2,0,0,9.395147,222.9,-3.93700787401575e-05,66.956,67.1539999999999,64.0939999999999,59.846,38.5,24.2,27.7
"BOOI4","2019-06-23 05:00",66.0199999999999,99.2,16590.91,0,2.8073597,261.3,-0.000590551181102362,66.7759999999999,67.082,64.0939999999999,59.846,38.5,24.4,27.7
"BOOI4","2019-06-23 06:00",66.1279999999999,99.4,146000,0,0,0,-0.000866141732283465,66.5239999999999,67.0279999999999,64.0939999999999,59.846,38.5,24.5,27.7
"BOOI4","2019-06-23 07:00",68.2339999999999,100,513363.65,0,0,0,0.000196850393700787,66.6319999999999,66.956,64.1119999999999,59.846,38.5,24.6,27.7
"BOOI4","2019-06-23 08:00",70.322,94.8,812545.4,0,0,0,0.00311023622047244,67.5679999999999,66.8839999999999,64.1119999999999,59.846,38.5,24.7,27.6
"BOOI4","2019-06-23 09:00",73.49,85.5,1847545.5,0,2.4024734,257.8,0.00606299212598425,68.9179999999999,66.83,64.1119999999999,59.846,38.5,24.8,27.7
"BOOI4","2019-06-23 10:00",73.1119999999999,80,1726181.9,0,1.8946881,238.5,0.0139763779527559,71.222,66.7759999999999,64.1119999999999,59.846,38.5,24.9,27.7
"BOOI4","2019-06-23 11:00",72.2659999999999,77.88,1318363.6,0,4.216632,230.3,0.0140157480314961,72.8599999999999,66.7579999999999,64.1119999999999,59.846,38.5,25,27.7
"BOOI4","2019-06-23 12:00",71.8699999999999,80.9,1166272.7,0,4.2457123,191.5,0.0115354330708661,73.2919999999999,66.7939999999999,64.1119999999999,59.846,38.5,25.1,27.7
"BOOI4","2019-06-23 13:00",72.914,86.2,1357818.1,0,5.543137,225.1,0.0103937007874016,73.5259999999999,66.8839999999999,64.1119999999999,59.8279999999999,38.5,25.1,27.7
"BOOI4","2019-06-23 14:00",72.014,84.8,838181.8,0,5.9569716,216.7,0.0114566929133858,73.9579999999999,67.0279999999999,64.1119999999999,59.8279999999999,38.5,25.2,27.7
"BOOI4","2019-06-23 15:00",73.6519999999999,86.8,1697272.7,0,5.030878,210.3,0.00791338582677165,74.156,67.172,64.1119999999999,59.8279999999999,38.5,25.2,27.7
"BOOI4","2019-06-23 16:00",72.896,82.5,1001272.7,0,6.194087,234,0.0139763779527559,74.7679999999999,67.3339999999999,64.1119999999999,59.846,38.5,25.3,27.7
"BOOI4","2019-06-23 17:00",74.246,83.4,998090.94,0,5.6795907,229.1,0.00929133858267717,74.4439999999999,67.496,64.1119999999999,59.8279999999999,38.6,25.3,27.7
"BOOI4","2019-06-23 18:00",73.94,80.2,918454.5,0,5.9346023,221.9,0.00893700787401575,74.606,67.6579999999999,64.1119999999999,59.8279999999999,38.6,25.4,27.7
"BOOI4","2019-06-23 19:00",72.0679999999999,81.6,418654.57,0,5.6326146,203.2,0.00811023622047244,74.0659999999999,67.838,64.13,59.8279999999999,38.6,25.4,27.7
"BOOI4","2019-06-23 20:00",69.9079999999999,87.3,96363.64,0,5.9838142,198,0.00425196850393701,72.914,67.982,64.13,59.8279999999999,38.6,25.4,27.7
"BOOI4","2019-06-23 21:00",69.0619999999999,93,1199.091,0,4.3463745,199.2,0.000708661417322835,71.69,68.1259999999999,64.148,59.8279999999999,38.6,25.4,27.7
"BOOI4","2019-06-23 22:00",67.1359999999999,95.1,0,0,4.8586335,218.4,-0.000196850393700787,70.772,68.2159999999999,64.1659999999999,59.8279999999999,38.6,25.4,27.7
"BOOI4","2019-06-23 23:00",65.822,98,0,0,6.182902,263.6,-0.00015748031496063,69.9619999999999,68.288,64.2019999999999,59.8279999999999,38.6,25.4,27.7
"BOOI4","2019-06-24 00:00",65.8759999999999,99.4,0,0,1.1095222,258.4,-0.00078740157480315,69.0619999999999,68.3239999999999,64.2199999999999,59.8279999999999,38.6,25.4,27.7
"BOOI4","2019-06-24 01:00",66.5779999999999,99.7,0,0,3.646212,236.9,-0.000551181102362205,68.522,68.3239999999999,64.238,59.846,38.6,25.4,27.7
"BOOI4","2019-06-24 02:00",66.146,98.4,0,0,7.4355884,240.7,-0.00031496062992126,68.1439999999999,68.288,64.2739999999999,59.8279999999999,38.6,25.4,27.7
"BOOI4","2019-06-24 03:00",64.0939999999999,100,0,0,7.133601,245.5,-0.000354330708661417,67.8919999999999,68.2159999999999,64.2919999999999,59.8279999999999,38.6,25.4,27.7
"BOOI4","2019-06-24 04:00",60.998,100,0,0,7.945611,257.4,-0.000354330708661417,67.4599999999999,68.1439999999999,64.3279999999999,59.8279999999999,38.6,25.3,27.7
"BOOI4","2019-06-24 05:00",61.0159999999999,100,3698,0,11.596297,287.4,-0.000275590551181102,66.7759999999999,68.0359999999999,64.346,59.8279999999999,38.6,25.3,27.7
"BOOI4","2019-06-24 06:00",61.1419999999999,96.4,51205.997,0,10.207158,293.5,-0.000118110236220472,66.164,67.946,64.3819999999999,59.8279999999999,38.5,25.3,27.7
"BOOI4","2019-06-24 07:00",61.646,98.7,257160,0,9.992411,294.7,0.000826771653543307,65.9119999999999,67.838,64.3999999999999,59.846,38.6,25.3,27.7
"BOOI4","2019-06-24 08:00",63.6439999999999,94.5,787300,0,11.301021,296.8,0.00181102362204724,65.93,67.7119999999999,64.4179999999999,59.846,38.5,25.3,27.6
"BOOI4","2019-06-24 09:00",62.8519999999999,87.4,869200,0,9.410806,301.3,0.00511811023622047,66.722,67.5859999999999,64.4359999999999,59.846,38.5,25.3,27.6
"BOOI4","2019-06-24 10:00",63.3919999999999,91.3,630600,0,10.137813,297.7,0.0065748031496063,66.6319999999999,67.4599999999999,64.4359999999999,59.846,38.5,25.2,27.6
"BOOI4","2019-06-24 11:00",68.4859999999999,90,2045899.9,0,9.630026,283.8,0.00488188976377953,67.3339999999999,67.3339999999999,64.4539999999999,59.846,38.5,25.2,27.6
"BOOI4","2019-06-24 12:00",68.4859999999999,79.85,2045899.9,0,11.186936,286.4,0.0132283464566929,67.3339999999999,67.3339999999999,64.4539999999999,59.846,38.5,25.2,27.6
"BOOI4","2019-06-24 13:00",68.8099999999999,74.06,1058100,0,13.656519,287.9,0.0162204724409449,69.098,67.2259999999999,64.4539999999999,59.846,38.5,25.1,27.6
"BOOI4","2019-06-24 14:00",73.5619999999999,67.72,3282900,0,14.097196,282.1,0.0198425196850394,71.9239999999999,67.1179999999999,64.4539999999999,59.846,38.4,25.1,27.6
"BOOI4","2019-06-24 15:00",75.4159999999999,62.43,3149200,0,13.900346,270.8,0.0254330708661417,73.922,67.1179999999999,64.4539999999999,59.846,38.4,25,27.6
"BOOI4","2019-06-24 16:00",76.964,55.22,2775800,0,14.477476,267.5,0.0273228346456693,75.4699999999999,67.1539999999999,64.4359999999999,59.864,38.4,25,27.6
"BOOI4","2019-06-24 17:00",77.3239999999999,56.1,2251300,0,14.410367,261.7,0.0268503937007874,76.838,67.2619999999999,64.4359999999999,59.864,38.4,25,27.6
"BOOI4","2019-06-24 18:00",66.272,52.43,512820,0,14.607219,262.8,0.0251181102362205,75.7939999999999,67.406,64.4179999999999,59.864,38.4,25,27.6
"BOOI4","2019-06-24 19:00",69.98,76.64,467500,0.24000001,8.686038,302.2,0.00854330708661417,73.6519999999999,67.6039999999999,64.4179999999999,59.864,38.5,25,27.6
"BOOI4","2019-06-24 20:00",66.74,83,135326,0,1.8119214,289.3,0.00307086614173228,72.4099999999999,67.7659999999999,64.4179999999999,59.864,38.5,25,27.6
"BOOI4","2019-06-24 21:00",65.732,90.3,1809,0,2.7178822,234.2,0.000236220472440945,70.8079999999999,67.874,64.4179999999999,59.864,38.5,25,27.6
"BOOI4","2019-06-24 22:00",66.7939999999999,84.6,0,0,3.0064473,218.7,0.000433070866141732,69.332,67.946,64.4179999999999,59.864,38.5,25,27.6
"BOOI4","2019-06-24 23:00",66.2179999999999,73.97,0,0.020000001,7.900872,244.4,0.00122047244094488,68.1079999999999,67.946,64.4179999999999,59.8819999999999,38.5,25,27.6
"BOOI4","2019-06-25 00:00",64.8499999999999,80.9,0,0,5.9346023,234.7,0.00110236220472441,67.046,67.9279999999999,64.4359999999999,59.8819999999999,38.5,25,27.6
"BOOI4","2019-06-25 01:00",64.364,82.8,0,0,5.2814155,227.3,0.00106299212598425,66.1279999999999,67.874,64.4359999999999,59.8819999999999,38.5,25,27.6
"BOOI4","2019-06-25 02:00",64.0579999999999,84.3,0,0,6.5833144,225.9,0.000866141732283465,65.39,67.7659999999999,64.4539999999999,59.8819999999999,38.5,24.9,27.6
"BOOI4","2019-06-25 03:00",64.8859999999999,84.9,0,0,7.9746914,230.7,0.000984251968503937,64.7779999999999,67.6579999999999,64.4539999999999,59.8999999999999,38.5,24.9,27.6
"BOOI4","2019-06-25 04:00",64.4539999999999,82.8,0,0,9.084213,232.6,0.00114173228346457,64.2919999999999,67.514,64.472,59.8819999999999,38.4,24.9,27.6
"BOOI4","2019-06-25 05:00",64.5259999999999,84.2,16898.182,0,8.556295,235,0.00110236220472441,63.932,67.3699999999999,64.49,59.8999999999999,38.4,24.9,27.6
"BOOI4","2019-06-25 06:00",66.83,85.1,239600,0,8.131277,249.9,0.00094488188976378,63.896,67.2079999999999,64.49,59.8999999999999,38.5,24.8,27.6
"BOOI4","2019-06-25 07:00",66.2899999999999,80.3,379527.25,0,9.3302765,260,0.00236220472440945,64.1839999999999,67.046,64.49,59.8999999999999,38.4,24.9,27.6
"BOOI4","2019-06-25 08:00",69.6019999999999,85.7,1262727.2,0,6.355147,28.67,0.00417322834645669,65.03,66.8839999999999,64.49,59.8999999999999,38.4,24.8,27.6
"BOOI4","2019-06-25 09:00",72.446,82.2,1897909,0,7.2096577,194.2,0.0094488188976378,66.6319999999999,66.722,64.49,59.9179999999999,38.4,24.8,27.7
"BOOI4","2019-06-25 10:00",74.6779999999999,75.69,2655272.7,0,9.889512,243,0.0149606299212598,69.0079999999999,66.614,64.472,59.9179999999999,38.4,24.7,27.7
"BOOI4","2019-06-25 11:00",77.0539999999999,72.28,3070000,0,12.191322,259.7,0.0217716535433071,71.4199999999999,66.5239999999999,64.4539999999999,59.9179999999999,38.4,24.7,27.7
"BOOI4","2019-06-25 12:00",79.088,63.35,3315454.6,0,10.737312,263.6,0.0263385826771654,74.048,66.5419999999999,64.4359999999999,59.9179999999999,38.3,24.7,27.7
"BOOI4","2019-06-25 13:00",80.3659999999999,61.46,3375454.6,0,10.191499,289.7,0.0299212598425197,76.28,66.596,64.4179999999999,59.9179999999999,38.3,24.7,27.7
"BOOI4","2019-06-25 14:00",81.7339999999999,56.96,3194545.4,0,10.292161,290.6,0.0317322834645669,78.2239999999999,66.722,64.4179999999999,59.9359999999999,38.3,24.7,27.7
"BOOI4","2019-06-25 15:00",82.5439999999999,59.41,2867000,0,10.108732,273.5,0.0319291338582677,79.9519999999999,66.9019999999999,64.3819999999999,59.9359999999999,38.3,24.6,27.7
"BOOI4","2019-06-25 16:00",82.7779999999999,49.64,2430000,0,9.802271,272,0.030748031496063,81.374,67.1539999999999,64.364,59.9359999999999,38.3,24.6,27.7
"BOOI4","2019-06-25 17:00",82.58,50.79,1838454.5,0,9.290011,287,0.0277165354330709,81.896,67.4419999999999,64.346,59.9359999999999,38.3,24.6,27.7
"BOOI4","2019-06-25 18:00",81.7159999999999,51.44,1106727.3,0,9.419754,277.1,0.0231102362204724,81.2119999999999,67.7839999999999,64.346,59.9359999999999,38.4,24.5,27.7
"BOOI4","2019-06-25 19:00",80.3119999999999,51.58,632181.8,0,8.077591,285.7,0.0162992125984252,79.88,68.1259999999999,64.346,59.9359999999999,38.4,24.5,27.6
"BOOI4","2019-06-25 20:00",73.832,59,93509.08,0,3.1115837,300.9,0.0068503937007874,78.0619999999999,68.4319999999999,64.346,59.9539999999999,38.4,24.4,27.7
"BOOI4","2019-06-25 21:00",71.1499999999999,79.82,3789.0906,0,0.32659325,291.1,-3.93700787401575e-05,76.064,68.7019999999999,64.346,59.9539999999999,38.4,24.4,27.7
"BOOI4","2019-06-25 22:00",67.982,83.7,0,0,0.02684328,181,-0.00149606299212598,74.2999999999999,68.8999999999999,64.364,59.9539999999999,38.4,24.4,27.7
"BOOI4","2019-06-25 23:00",67.3159999999999,91.1,0,0,0.9887275,196.2,-0.000866141732283465,72.8239999999999,69.0259999999999,64.3999999999999,59.972,38.4,24.4,27.7
"BOOI4","2019-06-26 00:00",66.2899999999999,90.4,0,0,3.4941003,211.1,-0.00031496062992126,71.5099999999999,69.098,64.4179999999999,59.9539999999999,38.4,24.3,27.7
"BOOI4","2019-06-26 01:00",66.0019999999999,91.8,0,0,0.8522742,223.4,-0.00102362204724409,70.4119999999999,69.098,64.4539999999999,59.972,38.4,24.3,27.7
"BOOI4","2019-06-26 02:00",65.2099999999999,90.4,0,0,2.608272,233.4,-0.000511811023622047,69.4579999999999,69.08,64.5079999999999,59.972,38.4,24.3,27.7
"BOOI4","2019-06-26 03:00",63.4999999999999,95.2,0,0,3.840826,232,-0.000393700787401575,68.648,69.0079999999999,64.5439999999999,59.972,38.4,24.2,27.7
"BOOI4","2019-06-26 04:00",62.564,97.8,0,0,1.6642834,253.3,-0.000905511811023622,67.9279999999999,68.9179999999999,64.58,59.972,38.4,24.2,27.7
"BOOI4","2019-06-26 05:00",62.582,99.3,16483.635,0,1.2728189,86.2,-0.00102362204724409,67.2439999999999,68.8099999999999,64.6159999999999,59.972,38.4,24.2,27.7
"BOOI4","2019-06-26 06:00",63.6439999999999,99.8,137554.57,0,0.44067717,82.3,-0.00114173228346457,66.7939999999999,68.6839999999999,64.6519999999999,59.972,38.4,24.2,27.7
"BOOI4","2019-06-26 07:00",66.5239999999999,99.7,363118.16,0,0.3422518,257.2,0.000118110236220472,66.8839999999999,68.5399999999999,64.688,59.99,38.3,24.1,27.7
"BOOI4","2019-06-26 08:00",68.2699999999999,96.3,550636.35,0,0.10289924,77.47,0.00232283464566929,67.4779999999999,68.396,64.706,59.99,38.3,24.1,27.7
"BOOI4","2019-06-26 09:00",70.214,94.4,781909.06,0,1.0289924,236.2,0.00413385826771654,68.414,68.2519999999999,64.7419999999999,59.99,38.3,24.1,27.7
"BOOI4","2019-06-26 10:00",71.1859999999999,90,737363.65,0,2.8923633,193.5,0.00622047244094488,69.2779999999999,68.1259999999999,64.7599999999999,59.99,38.3,24.1,27.7
"BOOI4","2019-06-26 11:00",73.688,83.8,1197454.5,0,4.140576,159.7,0.00649606299212599,70.5199999999999,68.0179999999999,64.7599999999999,59.99,38.3,24,27.7
"BOOI4","2019-06-26 12:00",76.2619999999999,84.5,2163727.3,0,2.0803542,218.6,0.0101181102362205,72.4099999999999,67.946,64.7779999999999,60.0079999999999,38.3,24,27.7
"BOOI4","2019-06-26 13:00",79.34,79.49,2060091,0,3.1026356,144.7,0.0176377952755906,75.1999999999999,67.9099999999999,64.7779999999999,60.0079999999999,38.2,24,27.7
"BOOI4","2019-06-26 14:00",80.996,76.78,2593909.2,0,3.9459622,129.4,0.017992125984252,78.0079999999999,67.9099999999999,64.796,60.0079999999999,38.2,24,27.7
"BOOI4","2019-06-26 15:00",82.4359999999999,70.29,2392636.5,0,5.3239174,127.9,0.0230708661417323,80.7619999999999,67.982,64.796,60.0079999999999,38.2,24,27.7
"BOOI4","2019-06-26 16:00",83.7859999999999,65.47,2354363.5,0,5.4536595,109.8,0.0225590551181102,82.5439999999999,68.1079999999999,64.7779999999999,60.0259999999999,38.2,24,27.7
"BOOI4","2019-06-26 17:00",84.7579999999999,57.23,1778000,0,5.3082585,105.4,0.0226771653543307,83.84,68.306,64.7779999999999,60.0259999999999,38.2,23.9,27.7
"BOOI4","2019-06-26 18:00",81.032,58.06,583909.06,0,3.1473744,125.8,0.0170472440944882,83.2099999999999,68.5579999999999,64.7779999999999,60.0259999999999,38.2,23.9,27.7
"BOOI4","2019-06-26 19:00",79.988,68.92,642454.5,0,4.2792664,149.9,0.0084251968503937,81.6439999999999,68.864,64.7779999999999,60.0259999999999,38.2,23.9,27.7
"BOOI4","2019-06-26 20:00",75.1999999999999,65.88,190809.1,0,4.733365,187.2,0.00740157480314961,79.898,69.188,64.7779999999999,60.0439999999999,38.3,23.8,27.7
"BOOI4","2019-06-26 21:00",74.48,82.2,3132.7274,0,2.2324662,193,0.00094488188976378,77.972,69.4759999999999,64.796,60.0439999999999,38.3,23.8,27.7
"BOOI4","2019-06-26 22:00",72.5359999999999,77.84,0,0,0,0,-0.000433070866141732,76.28,69.7099999999999,64.814,60.0439999999999,38.3,23.8,27.7
"BOOI4","2019-06-26 23:00",70.3759999999999,86.5,0,0,0.65094954,162.9,-0.000118110236220472,74.8039999999999,69.89,64.832,60.0439999999999,38.3,23.7,27.7
"BOOI4","2019-06-27 00:00",70.664,90.2,0,0,0.8522742,170.3,-0.00015748031496063,73.58,69.98,64.8679999999999,60.0619999999999,38.4,23.7,27.7
"BOOI4","2019-06-27 01:00",67.6939999999999,90.4,0,0,2.418132,155.1,0.00015748031496063,72.5359999999999,70.0339999999999,64.9039999999999,60.0619999999999,38.4,23.7,27.7
"BOOI4","2019-06-27 02:00",68.5399999999999,95.9,0,0,1.5188823,191.2,-0.00015748031496063,71.6539999999999,70.0339999999999,64.94,60.0619999999999,38.3,23.7,27.7
"BOOI4","2019-06-27 03:00",67.4779999999999,93.3,0,0,1.1318916,216.9,-0.000236220472440945,70.9519999999999,69.998,64.9939999999999,60.0619999999999,38.3,23.6,27.7
"BOOI4","2019-06-27 04:00",68.198,96,0,0,2.910259,207,0,70.4119999999999,69.9259999999999,65.03,60.08,38.3,23.6,27.7
"BOOI4","2019-06-27 05:00",68.2699999999999,93.9,14400.908,0,1.1699196,198.1,-0.000236220472440945,69.9619999999999,69.8539999999999,65.0659999999999,60.08,38.3,23.6,27.7
"BOOI4","2019-06-27 06:00",71.348,95.6,255554.55,0,2.688802,165,0,69.6739999999999,69.746,65.1019999999999,60.098,38.3,23.6,27.7
"BOOI4","2019-06-27 07:00",75.5779999999999,93.5,769636.4,0,4.5320406,159.6,0.000590551181102362,70.0339999999999,69.638,65.138,60.098,38.3,23.6,27.7
"BOOI4","2019-06-27 08:00",78.3499999999999,90.2,1051636.4,0,6.3327775,179.1,0.00511811023622047,71.2579999999999,69.53,65.1739999999999,60.098,38.3,23.6,27.7
"BOOI4","2019-06-27 09:00",80.7439999999999,85.1,1519636.4,0,6.4737043,214.1,0.00885826771653543,73.022,69.422,65.2099999999999,60.098,38.2,23.6,27.6
"BOOI4","2019-06-27 10:00",82.9939999999999,81.4,1591454.6,0,8.357208,184.3,0.0137007874015748,75.0739999999999,69.332,65.2279999999999,60.098,38.2,23.5,27.7
"BOOI4","2019-06-27 11:00",84.3619999999999,78.47,1634545.4,0,6.63029,186.1,0.0151968503937008,76.946,69.296,65.264,60.1159999999999,38.2,23.5,27.7
"BOOI4","2019-06-27 12:00",83.696,73.1,1223454.6,0,6.936751,210.2,0.0166141732283465,78.4759999999999,69.314,65.264,60.1159999999999,38.2,23.5,27.7
"BOOI4","2019-06-27 13:00",84.6499999999999,75.56,1865727.3,0,5.138251,269.7,0.0130708661417323,79.4839999999999,69.3859999999999,65.282,60.1339999999999,38.2,23.5,27.6
"BOOI4","2019-06-27 14:00",78.332,76.63,1516727.2,0,8.037325,80.4,0.0181102362204724,81.3199999999999,69.4939999999999,65.2999999999999,60.1339999999999,38.2,23.4,27.6
"BOOI4","2019-06-27 15:00",75.164,79.62,986545.5,0,8.066405,62.14,0.0164173228346457,80.7259999999999,69.638,65.2999999999999,60.1339999999999,38.2,23.4,27.6
"BOOI4","2019-06-27 16:00",79.34,83.6,2161636.2,0,10.04386,51,0.0106692913385827,80.888,69.7999999999999,65.3179999999999,60.1519999999999,38.2,23.4,27.6
"BOOI4","2019-06-27 17:00",79.5199999999999,75.19,1714545.5,0,13.28295,78.91,0.0186614173228347,81.9859999999999,69.98,65.3359999999999,60.1519999999999,38.2,23.4,27.6
"BOOI4","2019-06-27 18:00",79.9159999999999,73.64,886181.8,0,15.213429,89.2,0.0180708661417323,81.4279999999999,70.1779999999999,65.3539999999999,60.1519999999999,38.2,23.3,27.6
"BOOI4","2019-06-27 19:00",77.9539999999999,74.65,432100,0,12.889249,113,0.0127952755905512,80.33,70.3759999999999,65.372,60.1699999999999,38.2,23.3,27.6
"BOOI4","2019-06-27 20:00",76.046,81.3,101498.184,0,11.04601,115.2,0.00775590551181103,78.9439999999999,70.6099999999999,65.39,60.1699999999999,38.2,23.3,27.6
"BOOI4","2019-06-27 21:00",74.948,85.6,1438.1818,0,8.974604,120.5,0.00318897637795276,77.522,70.7899999999999,65.4079999999999,60.188,38.3,23.3,27.6
"BOOI4","2019-06-27 22:00",75.0019999999999,88.6,0,0,6.413307,124,0.000551181102362205,76.4239999999999,70.9339999999999,65.4439999999999,60.188,38.2,23.2,27.6
"BOOI4","2019-06-27 23:00",74.3359999999999,89.7,0,0,7.9210043,129.1,0.00062992125984252,75.5239999999999,71.0419999999999,65.48,60.206,38.2,23.2,27.6
"BOOI4","2019-06-28 00:00",75.2179999999999,94.6,0,0,6.0218425,142.1,0.000236220472440945,74.8039999999999,71.096,65.5159999999999,60.206,38.2,23.2,27.6
"BOOI4","2019-06-28 01:00",76.532,94.4,0,0,6.229878,173.7,0,74.2999999999999,71.114,65.5699999999999,60.206,38.2,23.2,27.6
"BOOI4","2019-06-28 02:00",76.0279999999999,91.7,0,0,7.0642567,191.6,0.000236220472440945,73.9039999999999,71.096,65.606,60.2239999999999,38.2,23.2,27.6
"BOOI4","2019-06-28 03:00",75.4159999999999,92.4,0,0,6.632527,189.9,0.00031496062992126,73.5259999999999,71.0599999999999,65.6419999999999,60.2239999999999,38.2,23.1,27.6
"BOOI4","2019-06-28 04:00",76.046,92.4,0,0,5.8943367,173.5,0.000196850393700787,73.1839999999999,71.006,65.696,60.2419999999999,38.2,23.1,27.6
"BOOI4","2019-06-28 05:00",75.4159999999999,91.3,3482.727,0,7.1738667,180.8,0.000393700787401575,72.9859999999999,70.9519999999999,65.732,60.2419999999999,38.2,23.1,27.6
"BOOI4","2019-06-28 06:00",75.056,92.4,86990.906,0,7.22979,194.2,0.000354330708661417,72.8239999999999,70.88,65.7679999999999,60.2599999999999,38.3,23.1,27.6
"BOOI4","2019-06-28 07:00",76.514,93.3,281963.62,0,6.903197,189.4,0.00145669291338583,72.8599999999999,70.7899999999999,65.8039999999999,60.2599999999999,38.2,23.1,27.6
"BOOI4","2019-06-28 08:00",77.738,90.7,372790.92,0,7.9992976,188.1,0.00338582677165354,73.0759999999999,70.7359999999999,65.84,60.2779999999999,38.2,23.1,27.6
"BOOI4","2019-06-28 09:00",72.482,88.9,360500,0,5.764594,199.9,0.00437007874015748,73.598,70.664,65.8579999999999,60.2779999999999,38.2,23.1,27.6
"BOOI4","2019-06-28 10:00",68.9359999999999,85.3,319172.73,0,10.153471,136.4,0.00535433070866142,73.2919999999999,70.6099999999999,65.8939999999999,60.296,38.2,23.1,27.6
"BOOI4","2019-06-28 11:00",72.0859999999999,91,880818.2,0,14.256019,110.8,0.00507874015748032,73.13,70.556,65.93,60.296,38.2,23.1,27.6
"BOOI4","2019-06-28 12:00",76.8199999999999,86.4,2084454.6,0,11.824465,129.1,0.00803149606299213,74.5519999999999,70.5019999999999,65.948,60.314,38.1,23,27.6
"BOOI4","2019-06-28 13:00",79.9339999999999,72.53,2776818.4,0,12.676739,135.3,0.0176771653543307,77.414,70.4659999999999,65.9659999999999,60.314,38.1,23,27.6
"BOOI4","2019-06-28 14:00",82.1119999999999,68.68,2729000,0,14.070353,141.3,0.0253543307086614,80.438,70.43,65.9659999999999,60.332,38.1,23,27.6
"BOOI4","2019-06-28 15:00",85.19,66.75,2770636.5,0,9.106583,185.6,0.0253937007874016,83.6419999999999,70.448,66.0019999999999,60.332,38.1,23,27.6
"BOOI4","2019-06-28 16:00",85.7659999999999,67.27,2221454.6,0,6.077766,215.5,0.0259842519685039,86.1439999999999,70.5019999999999,66.0019999999999,60.3499999999999,38,22.9,27.6
"BOOI4","2019-06-28 17:00",85.172,70.41,1381272.7,0,5.856309,204.1,0.0219685039370079,86.7199999999999,70.646,66.0199999999999,60.3679999999999,38,22.9,27.6
"BOOI4","2019-06-28 18:00",85.046,69.91,732818.2,0,4.4582214,199.9,0.0143700787401575,85.8199999999999,70.88,66.0199999999999,60.3679999999999,38.1,22.9,27.6
"BOOI4","2019-06-28 19:00",83.6599999999999,70.14,531818.2,0,6.1493483,141.6,0.0102362204724409,84.6319999999999,71.1499999999999,66.038,60.3679999999999,38,22.8,27.6
"BOOI4","2019-06-28 20:00",80.5999999999999,75.72,106944.55,0,6.185139,141.8,0.00763779527559055,83.0839999999999,71.4199999999999,66.056,60.3859999999999,38.1,22.8,27.6
"BOOI4","2019-06-28 21:00",78.1519999999999,83.4,1664.5455,0,3.8162196,132,0.00200787401574803,81.4099999999999,71.672,66.0739999999999,60.4039999999999,38.1,22.8,27.6
"BOOI4","2019-06-28 22:00",74.282,85.6,0,0,3.9437253,131,0.000551181102362205,79.8259999999999,71.888,66.0919999999999,60.4039999999999,38.1,22.8,27.6
"BOOI4","2019-06-28 23:00",72.3919999999999,88.3,0,0,7.9925866,130.8,0.00078740157480315,78.3679999999999,72.0499999999999,66.1279999999999,60.422,38.2,22.8,27.6
"BOOI4","2019-06-29 00:00",69.746,90.9,0,0,6.126979,126.1,0.000590551181102362,77.09,72.14,66.164,60.44,38.2,22.7,27.6
"BOOI4","2019-06-29 01:00",68.972,95.6,0,0,2.722356,70.79,-0.00015748031496063,76.0279999999999,72.2119999999999,66.1999999999999,60.44,38.2,22.7,27.6
"BOOI4","2019-06-29 02:00",69.5659999999999,96.7,0,0,2.6440632,62.75,-0.000275590551181102,75.1279999999999,72.23,66.2359999999999,60.4579999999999,38.2,22.7,27.6
"BOOI4","2019-06-29 03:00",69.7999999999999,92.7,0,0,2.6194568,70.6,-0.00031496062992126,74.3359999999999,72.1939999999999,66.2899999999999,60.4759999999999,38.2,22.7,27.6
"BOOI4","2019-06-29 04:00",69.5659999999999,91.6,0,0,4.3128204,105.1,0.000118110236220472,73.7779999999999,72.14,66.3439999999999,60.4759999999999,38.2,22.7,27.6
"BOOI4","2019-06-29 05:00",68.9359999999999,92.9,10623.637,0,4.3105836,126.7,7.8740157480315e-05,73.2919999999999,72.0679999999999,66.38,60.4939999999999,38.2,22.7,27.6
"BOOI4","2019-06-29 06:00",70.7179999999999,93.8,232745.45,0,2.9572346,129.1,-7.8740157480315e-05,72.8419999999999,71.9779999999999,66.4159999999999,60.4939999999999,38.1,22.6,27.6
"BOOI4","2019-06-29 07:00",74.3179999999999,90.7,742181.8,0,3.6641078,150.3,0.000511811023622047,72.8599999999999,71.8519999999999,66.4699999999999,60.5119999999999,38.1,22.6,27.6
"BOOI4","2019-06-29 08:00",77.756,87.1,1341000,0,4.661783,147.9,0.00515748031496063,73.9039999999999,71.7439999999999,66.506,60.5119999999999,38.1,22.6,27.6
"BOOI4","2019-06-29 09:00",81.248,86.4,1933727.3,0,5.603535,159.4,0.0104724409448819,76.0279999999999,71.6179999999999,66.5419999999999,60.53,38.1,22.6,27.6
"BOOI4","2019-06-29 10:00",84.5239999999999,81.9,2486090.8,0,5.167331,153.8,0.0159055118110236,79.0159999999999,71.5279999999999,66.5599999999999,60.548,38.1,22.6,27.6
"BOOI4","2019-06-29 11:00",87.0259999999999,77.71,2893272.7,0,4.6438875,153.1,0.0213779527559055,82.598,71.4739999999999,66.596,60.548,38,22.6,27.6
"BOOI4","2019-06-29 12:00",89.114,74.14,3151818.4,0,3.4225183,158.2,0.0257086614173228,86.3239999999999,71.4739999999999,66.614,60.566,38,22.6,27.6
"BOOI4","2019-06-29 13:00",90.6079999999999,72.11,3212727,0,4.4470367,140.6,0.0290551181102362,89.8519999999999,71.546,66.6319999999999,60.566,38,22.5,27.6
"BOOI4","2019-06-29 14:00",91.58,67.78,3074545.4,0,6.182902,150.9,0.0310236220472441,92.696,71.672,66.6499999999999,60.5839999999999,38,22.5,27.6
"BOOI4","2019-06-29 15:00",92.696,66.04,2556272.7,0,7.641387,177.6,0.0313385826771654,94.5859999999999,71.8699999999999,66.6679999999999,60.6019999999999,38,22.5,27.6
"BOOI4","2019-06-29 16:00",93.1819999999999,64.98,1968000,0,6.699635,174.8,0.027007874015748,95.0359999999999,72.122,66.6859999999999,60.6019999999999,37.9,22.5,27.6
"BOOI4","2019-06-29 17:00",92.8939999999999,64.4,1715091,0,5.874204,177.2,0.0221259842519685,94.3339999999999,72.4279999999999,66.6859999999999,60.6199999999999,37.9,22.4,27.6
"BOOI4","2019-06-29 18:00",92.0839999999999,61.27,990090.94,0,5.7176185,196.9,0.0201574803149606,92.822,72.806,66.722,60.638,38,22.4,27.6
"BOOI4","2019-06-29 19:00",89.8519999999999,65.14,579454.5,0,5.167331,186.5,0.0129133858267717,91.2199999999999,73.1839999999999,66.74,60.656,38,22.4,27.6
"BOOI4","2019-06-29 20:00",85.9099999999999,74.19,122278.18,0,4.3553224,187.1,0.00767716535433071,89.2939999999999,73.5439999999999,66.7759999999999,60.656,38,22.3,27.6
"BOOI4","2019-06-29 21:00",83.4619999999999,82.6,1146.3636,0,3.456072,168.9,0.00208661417322835,87.44,73.8679999999999,66.8119999999999,60.6739999999999,38.1,22.3,27.6
"BOOI4","2019-06-29 22:00",81.446,85.5,0,0,1.3108469,163.1,-0.00031496062992126,85.856,74.138,66.8659999999999,60.6919999999999,38.1,22.3,27.6
"BOOI4","2019-06-29 23:00",80.5099999999999,91,0,0,1.6173075,143.1,-0.000275590551181102,84.506,74.3359999999999,66.9199999999999,60.7099999999999,38.1,22.3,27.6
"BOOI4","2019-06-30 00:00",79.5739999999999,92.3,0,0,0.46975738,164.6,-0.00078740157480315,83.372,74.498,66.9919999999999,60.7099999999999,38.1,22.3,27.6
"BOOI4","2019-06-30 01:00",79.6099999999999,95.3,0,0,1.2929513,148.3,-0.000590551181102362,82.364,74.588,67.046,60.7279999999999,38.1,22.3,27.6
"BOOI4","2019-06-30 02:00",79.664,93,0,0,4.2457123,192.2,-0.000196850393700787,81.482,74.6419999999999,67.1179999999999,60.7279999999999,38.2,22.3,27.5
"BOOI4","2019-06-30 03:00",78.9079999999999,89.2,0,0,7.1805773,215.8,0.000393700787401575,80.6539999999999,74.6599999999999,67.19,60.746,38.2,22.2,27.5
"BOOI4","2019-06-30 04:00",77.9539999999999,89.9,0,0,7.1626816,224.8,0.000511811023622047,79.88,74.6599999999999,67.28,60.764,38.2,22.2,27.5
"BOOI4","2019-06-30 05:00",76.1359999999999,91.5,7474.5455,0,7.117943,231.7,0.000393700787401575,79.1779999999999,74.624,67.3339999999999,60.764,38.1,22.2,27.5
"BOOI4","2019-06-30 06:00",77.8099999999999,94.9,211672.71,0,4.509671,212.6,-7.8740157480315e-05,78.5839999999999,74.5699999999999,67.406,60.7819999999999,38.1,22.2,27.6
"BOOI4","2019-06-30 07:00",81.5539999999999,91.3,742181.8,0,1.5345408,210.7,0.00031496062992126,78.5119999999999,74.498,67.4779999999999,60.7999999999999,38.1,22.2,27.6
"BOOI4","2019-06-30 08:00",83.93,84,1348909,0,4.1428127,218,0.00578740157480315,79.2499999999999,74.4259999999999,67.5499999999999,60.8179999999999,38.1,22.2,27.6
"BOOI4","2019-06-30 09:00",86.0179999999999,79.47,1934272.7,0,7.1939993,246.6,0.0125196850393701,80.9239999999999,74.3179999999999,67.6039999999999,60.8359999999999,38.1,22.2,27.6
"BOOI4","2019-06-30 10:00",87.5839999999999,75.13,2342182,0,7.612307,242.8,0.0184645669291339,83.1199999999999,74.246,67.6579999999999,60.8359999999999,38.1,22.1,27.5
"BOOI4","2019-06-30 11:00",89.114,72.76,2565000,0,8.419842,224.3,0.0230708661417323,85.6039999999999,74.2099999999999,67.7119999999999,60.8539999999999,38,22.1,27.5
"BOOI4","2019-06-30 12:00",89.9239999999999,69.94,2023363.8,0,8.272204,216.9,0.0259055118110236,87.2419999999999,74.2099999999999,67.748,60.8539999999999,38,22.1,27.5
"BOOI4","2019-06-30 13:00",91.3279999999999,68.04,2508727.3,0,9.609894,218.5,0.0236220472440945,88.7539999999999,74.264,67.8019999999999,60.872,38,22.1,27.5
"BOOI4","2019-06-30 14:00",92.39,64.41,2973454.6,0,9.858194,220.4,0.0284251968503937,90.8779999999999,74.3539999999999,67.838,60.9079999999999,37.9,22,27.5
"BOOI4","2019-06-30 15:00",92.48,62.79,2694181.6,0,10.80442,216.5,0.0331102362204724,92.93,74.498,67.874,60.9079999999999,37.9,22,27.5
"BOOI4","2019-06-30 16:00",91.814,63.54,1907272.7,0,10.468879,218.3,0.0309842519685039,93.722,74.6599999999999,67.9099999999999,60.9259999999999,37.9,22,27.5
"BOOI4","2019-06-30 17:00",91.49,63.51,1643272.7,0,8.093249,227.8,0.0237007874015748,92.912,74.8759999999999,67.946,60.9439999999999,37.9,22,27.5
"BOOI4","2019-06-30 18:00",90.7339999999999,61.93,870000,0,6.415544,213.1,0.02,91.598,75.1099999999999,67.982,60.9619999999999,37.9,22,27.5
"BOOI4","2019-06-30 19:00",84.3619999999999,64.82,474600,0,6.5117326,207.3,0.0129133858267717,90.212,75.3439999999999,68.0179999999999,60.98,37.8,22,27.5
"BOOI4","2019-06-30 20:00",80.0239999999999,69.14,154489.09,0,6.1672435,165,0.00838582677165354,88.3759999999999,75.5779999999999,68.072,60.998,37.9,22,27.5
"BOOI4","2019-06-30 21:00",77.3239999999999,74.36,793.6364,0,9.088688,97,0.00531496062992126,86.4499999999999,75.7759999999999,68.1079999999999,61.0159999999999,37.9,21.9,27.5
"BOOI4","2019-06-30 22:00",77.072,75.64,0,0,11.321153,122,0.00232283464566929,84.7039999999999,75.9019999999999,68.1619999999999,61.0339999999999,37.9,21.9,27.5
"BOOI4","2019-06-30 23:00",75.848,81.6,0,0,10.705995,140.2,0.00196850393700787,83.3359999999999,75.9919999999999,68.2159999999999,61.0519999999999,37.9,21.9,27.6
"BOOI4","2019-07-01 00:00",75.6679999999999,87.7,0,0,7.2118945,163.6,0.00094488188976378,82.238,76.0279999999999,68.2699999999999,61.0519999999999,37.9,21.9,27.5
"BOOI4","2019-07-01 01:00",75.7579999999999,92.2,0,0,6.0553966,183.1,0.000354330708661417,81.3199999999999,76.0279999999999,68.3239999999999,61.088,37.9,21.9,27.5
"BOOI4","2019-07-01 02:00",76.0279999999999,95.5,0,0,6.080003,180.5,7.8740157480315e-05,80.546,75.9919999999999,68.396,61.106,37.9,21.9,27.5
"BOOI4","2019-07-01 03:00",75.3439999999999,91,0,0,5.2411504,203.5,0,79.7899999999999,75.938,68.4679999999999,61.106,37.9,21.9,27.5
"BOOI4","2019-07-01 04:00",74.2279999999999,92,0,0,6.466994,218.2,0.000275590551181102,79.0699999999999,75.83,68.522,61.124,37.9,21.8,27.5
"BOOI4","2019-07-01 05:00",73.49,93,4215.4546,0,5.6460366,230.7,0.000118110236220472,78.4039999999999,75.74,68.5759999999999,61.1419999999999,37.9,21.8,27.6
"BOOI4","2019-07-01 06:00",73.9039999999999,94.6,159781.81,0,5.3485236,255.3,7.8740157480315e-05,77.8819999999999,75.614,68.63,61.1599999999999,37.9,21.8,27.6
"BOOI4","2019-07-01 07:00",76.28,94.4,457000,0,1.3712442,58.41,0.000236220472440945,77.864,75.488,68.6659999999999,61.196,37.9,21.8,27.6
"BOOI4","2019-07-01 08:00",77.864,91.4,721454.6,0,0.04697574,100.4,0.00311023622047244,78.296,75.3619999999999,68.7199999999999,61.196,37.9,21.8,27.6
"BOOI4","2019-07-01 09:00",79.43,85.8,1085818.2,0,3.0847402,180.8,0.0062992125984252,79.088,75.2179999999999,68.756,61.2319999999999,37.9,21.8,27.6
"BOOI4","2019-07-01 10:00",81.1039999999999,82,1531636.4,0,3.8945127,176.2,0.00984251968503937,80.2759999999999,75.0919999999999,68.8099999999999,61.2499999999999,37.9,21.8,27.5
"BOOI4","2019-07-01 11:00",83.624,76.97,2828909,0,5.697486,174.9,0.0141338582677165,82.6339999999999,74.9839999999999,68.8279999999999,61.2679999999999,37.8,21.7,27.5
"BOOI4","2019-07-01 12:00",86.2519999999999,75.59,2676272.7,0,7.399798,182,0.0250393700787402,85.5679999999999,74.8939999999999,68.846,61.2679999999999,37.7,21.7,27.5
"BOOI4","2019-07-01 13:00",86.63,66.97,2919454.6,0,7.399798,197.4,0.0252755905511811,88.2859999999999,74.84,68.8819999999999,61.3039999999999,37.7,21.7,27.5
"BOOI4","2019-07-01 14:00",88.4119999999999,60.9,3348181.6,0,8.914206,206.2,0.0291338582677165,90.7159999999999,74.8039999999999,68.8999999999999,61.322,37.6,21.7,27.5
"BOOI4","2019-07-01 15:00",89.672,60.64,2873090.8,0,10.39506,215.7,0.0342913385826772,92.822,74.822,68.9179999999999,61.322,37.6,21.6,27.5
"BOOI4","2019-07-01 16:00",89.6179999999999,61.65,2499272.7,0,9.160269,210.1,0.0303543307086614,93.614,74.8939999999999,68.9359999999999,61.3579999999999,37.6,21.6,27.5
"BOOI4","2019-07-01 17:00",89.0419999999999,55.71,1505181.9,0,10.495722,209.6,0.0293700787401575,91.9579999999999,75.0199999999999,68.9359999999999,61.3759999999999,37.5,21.6,27.5
"BOOI4","2019-07-01 18:00",86.09,60.11,723081.85,0,10.061756,219.9,0.0216535433070866,90.23,75.146,68.9539999999999,61.3939999999999,37.5,21.5,27.5
"BOOI4","2019-07-01 19:00",84.0919999999999,63.01,282363.62,0,8.764331,226.1,0.0146062992125984,88.4839999999999,75.3079999999999,68.9539999999999,61.4119999999999,37.5,21.5,27.6
"BOOI4","2019-07-01 20:00",80.4919999999999,68.19,77789.99,0,4.556647,216.2,0.00614173228346457,86.8819999999999,75.4699999999999,68.972,61.43,37.5,21.5,27.6
"BOOI4","2019-07-01 21:00",77.6119999999999,79.36,792.7273,0,1.2750558,216.2,0.000984251968503937,85.3519999999999,75.614,68.99,61.448,37.6,21.4,27.6
"BOOI4","2019-07-01 22:00",76.082,85.5,0,0,0.41607085,175.3,-0.000433070866141732,83.9839999999999,75.7039999999999,69.0259999999999,61.4839999999999,37.6,21.4,27.6
"BOOI4","2019-07-01 23:00",74.9839999999999,87.8,0,0,0,0,-0.000669291338582677,82.8499999999999,75.7579999999999,69.0439999999999,61.5019999999999,37.6,21.4,27.6
"BOOI4","2019-07-02 00:00",76.946,89.3,0,0,1.3018991,200.5,-0.000196850393700787,81.8779999999999,75.7939999999999,69.08,61.5199999999999,37.6,21.4,27.6
"BOOI4","2019-07-02 01:00",75.488,86.4,0,0,4.241238,212.7,0.000551181102362205,81.0859999999999,75.7939999999999,69.098,61.538,37.6,21.4,27.6
"BOOI4","2019-07-02 02:00",75.5779999999999,89.7,0,0,3.6618707,217.3,0.000393700787401575,80.3119999999999,75.74,69.1339999999999,61.556,37.6,21.4,27.6
"BOOI4","2019-07-02 03:00",74.624,88.4,0,0,5.100223,216.6,0.00047244094488189,79.646,75.6859999999999,69.1699999999999,61.5739999999999,37.6,21.3,27.6
"BOOI4","2019-07-02 04:00",72.896,90.4,0,0,7.0284653,254.3,0.00062992125984252,79.0339999999999,75.596,69.206,61.5919999999999,37.6,21.3,27.6
"BOOI4","2019-07-02 05:00",72.338,92,5623.6362,0,5.869731,230.9,0.000433070866141732,78.3859999999999,75.506,69.2419999999999,61.6099999999999,37.6,21.3,27.6
"BOOI4","2019-07-02 06:00",72.6439999999999,92,121245.45,0,4.5230927,224,0.000275590551181102,77.8819999999999,75.4159999999999,69.2779999999999,61.6279999999999,37.5,21.3,27.5
"BOOI4","2019-07-02 07:00",75.74,90.7,525381.84,0,2.0020614,351.5,0.000590551181102362,77.7739999999999,75.3079999999999,69.296,61.646,37.5,21.3,27.5
"BOOI4","2019-07-02 08:00",79.9159999999999,83,1347000,0,0.47199434,63.75,0.0034251968503937,78.4939999999999,75.1819999999999,69.314,61.682,37.5,21.3,27.5
"BOOI4","2019-07-02 09:00",82.5259999999999,76.45,1962181.8,0,2.8364398,161.1,0.0108661417322835,79.8619999999999,75.056,69.332,61.682,37.5,21.3,27.5
"BOOI4","2019-07-02 10:00",74.696,75.63,1138545.4,0,6.247773,235.5,0.0175196850393701,81.248,74.948,69.3499999999999,61.7179999999999,37.5,21.3,27.5
"BOOI4","2019-07-02 11:00",75.956,90.5,621545.5,0.060000002,9.591999,277.7,0.0117716535433071,80.438,74.8579999999999,69.3679999999999,61.7359999999999,37.5,21.3,27.5
"BOOI4","2019-07-02 12:00",82.7419999999999,83.1,2099272.7,0.060000002,8.686038,241.5,0.00669291338582677,80.582,74.7859999999999,69.3859999999999,61.7539999999999,37.6,21.3,27.5
"BOOI4","2019-07-02 13:00",85.5859999999999,77.53,2491272.7,0,6.6504226,237.2,0.0182283464566929,83.282,74.7499999999999,69.3859999999999,61.772,37.5,21.3,27.5
"BOOI4","2019-07-02 14:00",88.4839999999999,74.99,3097272.7,0,7.712969,245.1,0.0232677165354331,85.622,74.714,69.3859999999999,61.79,37.5,21.3,27.5
"BOOI4","2019-07-02 15:00",89.9599999999999,67.97,2876272.7,0,8.008245,251.5,0.0296062992125984,88.2679999999999,74.696,69.4039999999999,61.8079999999999,37.4,21.3,27.5
"BOOI4","2019-07-02 16:00",77.3239999999999,60.04,470236.36,0,7.797973,264.1,0.0294488188976378,87.7999999999999,74.696,69.3859999999999,61.8259999999999,37.4,21.3,27.5
"BOOI4","2019-07-02 17:00",72.374,78.34,40054.546,0,10.357033,231.4,0.0114566929133858,84.3259999999999,74.7499999999999,69.4039999999999,61.8439999999999,37.4,21.2,27.5
"BOOI4","2019-07-02 18:00",71.996,89.6,25571.817,0.120000005,9.668055,227.2,0.00318897637795276,81.572,74.8579999999999,69.3859999999999,61.8619999999999,37.6,21.3,27.5
"BOOI4","2019-07-02 19:00",71.4019999999999,92,18642.725,0.060000002,10.813368,287.2,0.00232283464566929,79.8439999999999,74.93,69.4039999999999,61.88,37.7,21.3,27.5
"BOOI4","2019-07-02 20:00",71.798,93.4,8830.91,0.060000002,4.290451,335.5,0.00106299212598425,78.6199999999999,74.9659999999999,69.4039999999999,61.898,37.8,21.3,27.5
"BOOI4","2019-07-02 21:00",69.764,89.4,250.9091,0.030000001,5.375367,97.2,0.000905511811023622,77.5039999999999,74.9839999999999,69.4039999999999,61.9159999999999,37.9,21.4,27.5
"BOOI4","2019-07-02 22:00",70.6279999999999,95.6,0,0.13,3.986227,323.4,0.00047244094488189,76.6579999999999,74.9839999999999,69.4759999999999,61.9339999999999,38.1,21.8,27.5
"BOOI4","2019-07-02 23:00",71.114,95.5,0,0.010000001,2.270494,227.7,0.000196850393700787,76.1179999999999,74.93,69.53,61.9519999999999,38.1,21.8,27.5
"BOOI4","2019-07-03 00:00",70.9699999999999,95.5,0,0,2.4405015,280.5,0.000236220472440945,75.6859999999999,74.8039999999999,69.548,61.988,38.1,21.8,27.5
"BOOI4","2019-07-03 01:00",70.196,95.3,0,0,1.7537609,108.6,0.000236220472440945,75.2899999999999,74.696,69.5659999999999,62.006,38.1,21.8,27.5
"BOOI4","2019-07-03 02:00",70.1779999999999,96.5,0,0,1.3466378,100.9,0.00015748031496063,74.9119999999999,74.5519999999999,69.5659999999999,62.0239999999999,38,21.8,27.5
"BOOI4","2019-07-03 03:00",70.6279999999999,97.1,0,0,0.7538488,121,7.8740157480315e-05,74.588,74.4079999999999,69.5659999999999,62.0419999999999,38,21.7,27.5
"BOOI4","2019-07-03 04:00",70.214,95.3,0,0,3.1182945,83.8,0.00015748031496063,74.282,74.264,69.548,62.0599999999999,38,21.7,27.6
"BOOI4","2019-07-03 05:00",69.2239999999999,94.7,1245.4545,0.11,5.297074,31.36,0.000511811023622047,73.706,74.1019999999999,69.5839999999999,62.0779999999999,38.1,22.7,27.6
"BOOI4","2019-07-03 06:00",68.5759999999999,97.4,18679.092,0.07,3.7692437,208.9,0.00031496062992126,73.3279999999999,73.9759999999999,69.6739999999999,62.114,38.3,23.2,27.6
"BOOI4","2019-07-03 07:00",69.9259999999999,98.5,167645.46,0.11,2.4628708,176.4,0.000275590551181102,72.9859999999999,73.814,69.764,62.1499999999999,38.6,24.2,27.6
"BOOI4","2019-07-03 08:00",76.496,91.8,1065909,0.080000006,1.4249308,194.6,0.00145669291338583,73.5079999999999,73.6699999999999,69.8359999999999,62.1859999999999,38.7,23.7,27.6
"BOOI4","2019-07-03 09:00",77.5579999999999,81.3,1161727.3,0.010000001,0.3869906,107.2,0.00779527559055118,74.732,73.5439999999999,69.8359999999999,62.2039999999999,38.6,23.4,27.6
"BOOI4","2019-07-03 10:00",80.798,88,2324363.8,0,2.3174698,184.2,0.0097244094488189,76.388,73.3999999999999,69.7999999999999,62.24,38.6,23.2,27.6
"BOOI4","2019-07-03 11:00",83.0659999999999,77.18,2740545.7,0,6.196324,174.2,0.0194488188976378,78.5119999999999,73.2919999999999,69.764,62.2579999999999,38.5,23,27.6
"BOOI4","2019-07-03 12:00",83.7499999999999,75.95,3181545.4,0,8.117855,153.3,0.0246062992125984,81.3199999999999,73.2019999999999,69.7099999999999,62.2759999999999,38.4,22.9,27.6
"BOOI4","2019-07-03 13:00",84.4339999999999,74.12,2948636.5,0,8.176016,125.9,0.0281496062992126,83.7859999999999,73.1659999999999,69.6739999999999,62.2939999999999,38.3,22.8,27.6
"BOOI4","2019-07-03 14:00",84.74,78.23,2093636.2,0,8.15812,107,0.0265748031496063,84.5779999999999,73.1659999999999,69.6199999999999,62.3119999999999,38.3,22.7,27.6
"BOOI4","2019-07-03 15:00",72.6619999999999,77.53,130450.91,0,8.988026,104.4,0.0206692913385827,83.48,73.2199999999999,69.5839999999999,62.33,38.4,22.9,27.7
"BOOI4","2019-07-03 16:00",69.206,93.3,12269.9995,0.5598425,8.032852,80.7,0.00354330708661417,79.8619999999999,73.4179999999999,69.4939999999999,62.33,38.9,30.8,28.2
"BOOI4","2019-07-03 17:00",69.638,100,28770,1.1098425,7.3908496,339.5,0.00031496062992126,78.0619999999999,73.598,69.548,62.33,39.2,32.9,28.2
"BOOI4","2019-07-03 18:00",70.088,100,51745.45,0.020000001,3.9459622,108,0.000236220472440945,77.1079999999999,73.706,69.6019999999999,62.348,39.3,32.2,28.1
"BOOI4","2019-07-03 19:00",71.7259999999999,99.2,504336.4,0.030000001,3.100399,134.9,0.000433070866141732,76.64,73.7419999999999,69.6199999999999,62.3839999999999,39.3,31.9,28.1
"BOOI4","2019-07-03 20:00",71.3839999999999,96.3,232290.9,0,3.9124079,139,0.00279527559055118,76.4779999999999,73.7239999999999,69.6199999999999,62.3839999999999,39.3,31.8,28.1
"BOOI4","2019-07-03 21:00",70.124,97.9,978.1819,0.010000001,0.17000744,156.6,0,75.8659999999999,73.6699999999999,69.6199999999999,62.4199999999999,39.2,31.7,28.1
"BOOI4","2019-07-03 22:00",69.8359999999999,99.3,0,0,0.0044738804,155.6,3.93700787401575e-05,75.2179999999999,73.6159999999999,69.6019999999999,62.438,39.2,31.7,28.1
"BOOI4","2019-07-03 23:00",69.7099999999999,99,0,0,0,0,3.93700787401575e-05,74.732,73.5259999999999,69.5839999999999,62.456,39.2,30.8,28.1
"BOOI4","2019-07-04 00:00",69.6739999999999,99.8,0,0,0,0,3.93700787401575e-05,74.3359999999999,73.4359999999999,69.5659999999999,62.4739999999999,39.2,30.4,28.1
"BOOI4","2019-07-04 01:00",69.2599999999999,100,0,0,0,0,3.93700787401575e-05,73.9579999999999,73.346,69.5659999999999,62.4919999999999,39.2,30.6,28.1
"BOOI4","2019-07-04 02:00",69.1339999999999,100,0,0,2.42708,181.5,0,73.598,73.238,69.53,62.5099999999999,39.2,30.7,28.2
"BOOI4","2019-07-04 03:00",69.2419999999999,99.5,0,0,2.5434008,175.4,3.93700787401575e-05,73.2739999999999,73.148,69.53,62.546,39.2,30.9,28.2
"BOOI4","2019-07-04 04:00",69.332,98.9,0,0,3.091451,165.1,3.93700787401575e-05,73.0039999999999,73.0399999999999,69.4939999999999,62.564,39.2,31,28.2
"BOOI4","2019-07-04 05:00",69.6919999999999,99.9,4907.2723,0,0.17671826,127.1,3.93700787401575e-05,72.806,72.914,69.4759999999999,62.582,39.2,30.9,28.2
"BOOI4","2019-07-04 06:00",70.322,100,112518.18,0,0.94622564,155.6,3.93700787401575e-05,72.6439999999999,72.8239999999999,69.4579999999999,62.5999999999999,39.2,31,28.2
"BOOI4","2019-07-04 07:00",72.6619999999999,100,516936.4,0,0.9171454,169.9,0.00015748031496063,72.7699999999999,72.7159999999999,69.44,62.6179999999999,39.3,31,28.2
"BOOI4","2019-07-04 08:00",75.8119999999999,96.2,1061454.6,0,3.9638577,171.2,0.00307086614173228,73.1839999999999,72.6079999999999,69.422,62.6359999999999,39.3,31,28.2
"BOOI4","2019-07-04 09:00",78.4939999999999,90.9,1771363.6,0,5.3015475,221.5,0.00755905511811024,74.264,72.4999999999999,69.4039999999999,62.6539999999999,39.2,30.9,28.2
"BOOI4","2019-07-04 10:00",79.6099999999999,86.2,1954272.7,0,7.513881,254,0.0137007874015748,76.0279999999999,72.4099999999999,69.3679999999999,62.672,39.2,30.7,28.2
"BOOI4","2019-07-04 11:00",80.0239999999999,82.5,2509091,0,5.6728797,287.6,0.0162992125984252,77.7199999999999,72.338,69.3499999999999,62.69,39.1,30.4,28.2
"BOOI4","2019-07-04 12:00",82.58,84.5,2395545.4,0,5.905522,30.97,0.0209448818897638,79.8439999999999,72.3019999999999,69.332,62.7079999999999,39.1,30.1,28.2
"BOOI4","2019-07-04 13:00",83.8039999999999,78.04,2477545.7,0,4.55441,102.8,0.0207874015748032,82.3279999999999,72.3019999999999,69.296,62.7259999999999,39.2,29.6,28.2
"BOOI4","2019-07-04 14:00",84.0919999999999,75.1,2310000,0,4.068994,143.3,0.0221653543307087,84.38,72.338,69.2779999999999,62.7439999999999,39.1,29.2,28.2
"BOOI4","2019-07-04 15:00",85.1359999999999,76.32,2138545.4,0,4.2546597,172.9,0.0212992125984252,85.3519999999999,72.4279999999999,69.2419999999999,62.7619999999999,39.1,28.6,28.1
"BOOI4","2019-07-04 16:00",86.6119999999999,73.88,1984727.3,0,4.587964,193.9,0.0201968503937008,85.064,72.5359999999999,69.2239999999999,62.78,39.1,28.4,28.1
"BOOI4","2019-07-04 17:00",86.18,72.09,1611727.3,0,4.927979,205.7,0.0190944881889764,84.3439999999999,72.68,69.188,62.78,39.1,28,28.1
"BOOI4","2019-07-04 18:00",84.7579999999999,70.39,1079818.1,0,6.493837,203.2,0.0166929133858268,83.282,72.8239999999999,69.1699999999999,62.798,39.1,27.8,28.1
"BOOI4","2019-07-04 19:00",81.2119999999999,74.52,372590.9,0,7.5317774,195.3,0.0129133858267717,82.13,73.0039999999999,69.1519999999999,62.816,39.1,27.6,28.1
"BOOI4","2019-07-04 20:00",71.1319999999999,84.3,9494.546,0,3.1563225,203.5,0.0044488188976378,80.69,73.148,69.1339999999999,62.816,39.2,27.4,28.1
"BOOI4","2019-07-04 21:00",70.6999999999999,97.4,410,0,8.346023,354.2,0.00196850393700787,79.0519999999999,73.2919999999999,69.1339999999999,62.8339999999999,39.2,27.4,28.1
"BOOI4","2019-07-04 22:00",70.7539999999999,99.9,0,0.060000002,6.4983106,20.49,-0.000433070866141732,77.864,73.3999999999999,69.1339999999999,62.8519999999999,39.2,27.3,28.1
"BOOI4","2019-07-04 23:00",70.0159999999999,98.7,0,0,7.33269,143.1,-0.000433070866141732,76.982,73.472,69.1159999999999,62.8519999999999,39.2,27.3,28.1
"BOOI4","2019-07-05 00:00",69.9259999999999,99.1,0,0,2.570244,279.8,-0.00078740157480315,76.2439999999999,73.5079999999999,69.1339999999999,62.8699999999999,39.2,27.3,28.1
"BOOI4","2019-07-05 01:00",69.314,99.6,0,0,5.0487733,271.3,-0.000511811023622047,75.5419999999999,73.49,69.1339999999999,62.888,39.2,27.2,28.1
"BOOI4","2019-07-05 02:00",68.396,100,0,0,2.5836656,14.57,-0.000826771653543307,74.8759999999999,73.4539999999999,69.1519999999999,62.888,39.2,27.2,28.1
"BOOI4","2019-07-05 03:00",67.5679999999999,100,0,0,0.61292154,359.1,-0.00114173228346457,74.2279999999999,73.3819999999999,69.1519999999999,62.906,39.2,27.1,28.1
"BOOI4","2019-07-05 04:00",67.4779999999999,100,0,0.010000001,0.06263432,335.4,-0.0012992125984252,73.6519999999999,73.3099999999999,69.1699999999999,62.906,39.2,27,28.1
"BOOI4","2019-07-05 05:00",67.28,100,24073.637,0,0,0,-0.0012992125984252,73.0939999999999,73.2019999999999,69.188,62.9239999999999,39.2,27,28.1
"BOOI4","2019-07-05 06:00",69.3859999999999,100,255018.17,0,0,0,-0.00114173228346457,72.7699999999999,73.0939999999999,69.188,62.9419999999999,39.2,26.9,28.1
"BOOI4","2019-07-05 07:00",72.59,97.1,670000,0,0,0,3.93700787401575e-05,72.9319999999999,72.9859999999999,69.206,62.9419999999999,39.2,26.8,28.2
"BOOI4","2019-07-05 08:00",74.7679999999999,94.3,1140000,0,0,0,0.00389763779527559,73.6699999999999,72.8599999999999,69.206,62.9599999999999,39.1,26.8,28.2
"BOOI4","2019-07-05 09:00",76.1359999999999,92.4,1239363.5,0,2.2995744,273.5,0.0081496062992126,74.7679999999999,72.7519999999999,69.206,62.9599999999999,39.1,26.8,28.2
"BOOI4","2019-07-05 10:00",78.638,86.3,1796636.4,0,4.5924377,280.8,0.00996062992125984,75.9739999999999,72.6259999999999,69.188,62.9779999999999,39.1,26.7,28.2
"BOOI4","2019-07-05 11:00",80.2039999999999,80.9,1922454.6,0,2.800649,303.6,0.0148818897637795,77.3599999999999,72.5539999999999,69.206,62.9779999999999,39.1,26.5,28.2
"BOOI4","2019-07-05 12:00",80.798,77.12,2569181.6,0,0.9753058,62.23,0.016259842519685,79.322,72.482,69.188,62.996,39,26.5,28.1
"BOOI4","2019-07-05 13:00",82.6699999999999,81.8,3155727.3,0,6.010658,116.7,0.0219685039370079,81.68,72.464,69.1699999999999,62.996,39,26.3,28.1
"BOOI4","2019-07-05 14:00",84.8659999999999,74.79,2691727.3,0,8.612219,129,0.0268503937007874,83.6779999999999,72.464,69.1699999999999,62.996,39,26.1,28.1
"BOOI4","2019-07-05 15:00",84.9739999999999,67.85,2630273,0,5.2344394,175.8,0.0243307086614173,85.406,72.4999999999999,69.1519999999999,63.014,39,26,28.1
"BOOI4","2019-07-05 16:00",86.4859999999999,75.54,2304454.3,0,3.652923,245.6,0.0238188976377953,85.406,72.572,69.1339999999999,63.014,39,25.9,28
"BOOI4","2019-07-05 17:00",84.4339999999999,70.79,1217454.5,0,3.7849026,239.9,0.0211811023622047,84.722,72.68,69.1339999999999,63.0319999999999,38.9,25.8,28.1
"BOOI4","2019-07-05 18:00",84.5599999999999,72.77,1025000,0,3.538839,228.6,0.0122834645669291,83.948,72.806,69.1159999999999,63.0319999999999,38.9,25.6,28.1
"BOOI4","2019-07-05 19:00",83.714,71.98,461636.38,0,4.019781,223.6,0.010511811023622,82.9039999999999,72.9499999999999,69.098,63.0499999999999,39,25.6,28
"BOOI4","2019-07-05 20:00",78.5119999999999,76.66,154467.29,0,2.9326284,214.6,0.00480314960629921,81.8419999999999,73.0939999999999,69.098,63.0499999999999,39,25.5,28.1
"BOOI4","2019-07-05 21:00",75.4519999999999,84.7,1377.2727,0,4.5230927,276.1,0.0018503937007874,80.546,73.2199999999999,69.098,63.0499999999999,39,25.4,28.1
"BOOI4","2019-07-05 22:00",73.9939999999999,88.7,0,0,3.3464622,281.1,3.93700787401575e-05,79.34,73.3279999999999,69.08,63.0679999999999,39,25.3,28
"BOOI4","2019-07-05 23:00",73.796,88.7,0,0,3.1026356,289.5,-0.000196850393700787,78.2599999999999,73.3999999999999,69.098,63.0679999999999,39,25.3,28.1
"BOOI4","2019-07-06 00:00",71.9599999999999,90,0,0,4.6282287,297.3,3.93700787401575e-05,77.306,73.4539999999999,69.098,63.0859999999999,39,25.2,28
"BOOI4","2019-07-06 01:00",70.4119999999999,94.9,0,0,2.9549978,331.9,-0.000393700787401575,76.4239999999999,73.472,69.098,63.0859999999999,39,25.2,28.1
"BOOI4","2019-07-06 02:00",69.206,97.4,0,0,4.4470367,342,-0.000354330708661417,75.6679999999999,73.4539999999999,69.1159999999999,63.1039999999999,39,25.2,28
"BOOI4","2019-07-06 03:00",69.0259999999999,99.4,0,0,2.053511,319.8,-0.00078740157480315,74.9839999999999,73.4179999999999,69.1339999999999,63.1039999999999,39,25.2,28
"BOOI4","2019-07-06 04:00",69.3679999999999,99.9,0,0,6.0151315,296.5,-0.000511811023622047,74.4619999999999,73.364,69.1339999999999,63.1039999999999,39,25.1,28
"BOOI4","2019-07-06 05:00",69.9259999999999,98.4,5004.546,0,4.9123206,316.6,-0.000551181102362205,74.138,73.2739999999999,69.1519999999999,63.122,39,25.1,28
"BOOI4","2019-07-06 06:00",70.3759999999999,98.6,116272.72,0,1.3980875,317.1,-0.000866141732283465,73.922,73.2019999999999,69.1699999999999,63.122,38.9,25,28
"BOOI4","2019-07-06 07:00",70.0519999999999,97.7,204263.63,0,5.046537,338.5,0.000275590551181102,73.796,73.0939999999999,69.188,63.14,38.9,25,28.1
"BOOI4","2019-07-06 08:00",71.2579999999999,98.5,548272.77,0,5.1785164,337.4,0.00161417322834646,73.796,73.0039999999999,69.188,63.14,38.9,24.9,28.1
"BOOI4","2019-07-06 09:00",73.2019999999999,92.4,1688909.2,0,6.3350143,334.9,0.00405511811023622,74.282,72.896,69.188,63.14,38.9,24.9,28.1
"BOOI4","2019-07-06 10:00",74.48,88.6,1215363.6,0,8.088775,346.7,0.0122047244094488,74.9119999999999,72.788,69.188,63.14,38.9,24.8,28.1
"BOOI4","2019-07-06 11:00",76.2259999999999,85.1,1544454.5,0,7.12018,343.8,0.01,75.7579999999999,72.698,69.188,63.1579999999999,38.8,24.8,28.1
"BOOI4","2019-07-06 12:00",78.656,83.3,2194454.6,0,6.6638446,334.8,0.0134251968503937,76.6939999999999,72.6259999999999,69.188,63.1579999999999,38.8,24.8,28.1
"BOOI4","2019-07-06 13:00",80.6359999999999,78.92,2439727.3,0,6.968068,342.7,0.0188976377952756,78.4939999999999,72.5539999999999,69.188,63.1759999999999,38.8,24.7,28
"BOOI4","2019-07-06 14:00",81.4099999999999,74.89,2641636.5,0,7.446773,356.8,0.0217322834645669,80.3659999999999,72.5179999999999,69.1699999999999,63.1759999999999,38.7,24.6,28
"BOOI4","2019-07-06 15:00",81.8239999999999,70.3,2375000,0,8.164831,9.83,0.0240944881889764,81.9319999999999,72.482,69.1699999999999,63.1759999999999,38.7,24.6,28
"BOOI4","2019-07-06 16:00",81.2119999999999,68.39,1660454.5,0,8.299047,15.66,0.0225196850393701,81.7339999999999,72.482,69.1699999999999,63.1759999999999,38.6,24.5,28
"BOOI4","2019-07-06 17:00",80.4919999999999,71.98,1379363.6,0,7.683889,19.34,0.0173228346456693,81.23,72.5179999999999,69.1519999999999,63.1759999999999,38.7,24.4,28
"BOOI4","2019-07-06 18:00",79.5199999999999,69.41,963818.2,0,8.283389,24.69,0.0153149606299213,80.546,72.572,69.1339999999999,63.1939999999999,38.6,24.5,28
"BOOI4","2019-07-06 19:00",76.064,75.99,547000,0,7.99035,36.7,0.0117322834645669,79.772,72.6259999999999,69.1159999999999,63.1939999999999,38.6,24.4,28
"BOOI4","2019-07-06 20:00",71.69,83.6,42690,0,8.184963,57.58,0.00665354330708662,78.6019999999999,72.6619999999999,69.1159999999999,63.1939999999999,38.7,24.3,28
"BOOI4","2019-07-06 21:00",70.106,92.5,1168.1819,0,4.8206058,62.17,0.00161417322834646,77.3779999999999,72.698,69.098,63.2119999999999,38.7,24.3,28
"BOOI4","2019-07-06 22:00",69.296,95.3,0,0,0.24158953,55.07,-0.00102362204724409,76.28,72.7159999999999,69.098,63.2119999999999,38.7,24.2,28
"BOOI4","2019-07-06 23:00",69.0439999999999,95.2,0,0,0,0,-0.00110236220472441,75.3439999999999,72.7159999999999,69.098,63.2119999999999,38.7,24.2,28
"BOOI4","2019-07-07 00:00",68.396,94.3,0,0,0,0,-0.00110236220472441,74.5519999999999,72.6619999999999,69.08,63.2119999999999,38.6,24.2,28
"BOOI4","2019-07-07 01:00",67.0099999999999,96.7,0,0,0.40488613,18.92,-0.000984251968503937,73.832,72.6079999999999,69.08,63.23,38.6,24.1,28
"BOOI4","2019-07-07 02:00",66.488,98.4,0,0,0.42725554,343.7,-0.000984251968503937,73.148,72.5539999999999,69.08,63.23,38.6,24.1,28
"BOOI4","2019-07-07 03:00",65.4259999999999,97.9,0,0,0.44067717,354.5,-0.000984251968503937,72.4999999999999,72.464,69.08,63.23,38.7,24.1,28
"BOOI4","2019-07-07 04:00",64.688,99.3,0,0,0.03131716,14.67,-0.00110236220472441,71.906,72.374,69.0619999999999,63.248,38.6,24,28
"BOOI4","2019-07-07 05:00",64.0399999999999,99.3,8021.818,0,0.3243563,346.4,-0.00102362204724409,71.33,72.2659999999999,69.0619999999999,63.248,38.6,24.1,28
"BOOI4","2019-07-07 06:00",66.164,98.9,181200.01,0,1.4495372,353.3,-0.00078740157480315,70.898,72.1579999999999,69.0619999999999,63.248,38.6,24,28
"BOOI4","2019-07-07 07:00",69.5119999999999,93.7,517218.14,0,1.6687572,6.295,-0.000354330708661417,70.8259999999999,72.032,69.0439999999999,63.2659999999999,38.6,24,28
"BOOI4","2019-07-07 08:00",70.9519999999999,89,947090.9,0,2.5836656,14.31,0.00318897637795276,71.6539999999999,71.906,69.0439999999999,63.2659999999999,38.6,24,28
"BOOI4","2019-07-07 09:00",73.3099999999999,88.6,1421727.3,0,4.1562347,40.33,0.00724409448818898,73.022,71.78,69.0259999999999,63.2659999999999,38.5,23.9,28
"BOOI4","2019-07-07 10:00",75.9919999999999,81.2,2015909.2,0,3.957147,39.43,0.0110629921259842,74.7679999999999,71.672,69.0079999999999,63.2659999999999,38.5,23.9,28
"BOOI4","2019-07-07 11:00",77.7919999999999,73.32,2275000,0,3.6059473,41.79,0.0165748031496063,76.7659999999999,71.564,68.99,63.2659999999999,38.5,23.8,28
"BOOI4","2019-07-07 12:00",78.2599999999999,69.41,2277272.7,0,4.3821654,36.06,0.0198425196850394,78.8359999999999,71.4919999999999,68.972,63.2839999999999,38.4,23.8,28
"BOOI4","2019-07-07 13:00",78.9259999999999,67.83,2339363.5,0,5.585639,52.95,0.0209448818897638,81.248,71.456,68.9539999999999,63.2839999999999,38.4,23.8,28
"BOOI4","2019-07-07 14:00",80.546,65.34,2635454.6,0,6.2813277,68.71,0.0221653543307087,84.1819999999999,71.438,68.9179999999999,63.2839999999999,38.3,23.7,28
"BOOI4","2019-07-07 15:00",81.2839999999999,53.15,2426363.5,0,6.9971485,81.8,0.0252755905511811,85.838,71.4739999999999,68.8999999999999,63.3019999999999,38.3,23.7,27.9
"BOOI4","2019-07-07 16:00",81.2839999999999,53.63,2036181.9,0,7.0687304,108,0.0253937007874016,85.838,71.5279999999999,68.864,63.3019999999999,38.3,23.7,27.9
"BOOI4","2019-07-07 17:00",81.4999999999999,54.37,1531091,0,6.2768536,127.4,0.0221259842519685,85.172,71.582,68.846,63.3019999999999,38.3,23.6,27.9
"BOOI4","2019-07-07 18:00",80.906,51.48,812909.1,0,4.77363,110.6,0.0168503937007874,84.1279999999999,71.6539999999999,68.8279999999999,63.3019999999999,38.3,23.6,27.9
"BOOI4","2019-07-07 19:00",78.9259999999999,57.29,374909.1,0,2.8163073,117.2,0.00925196850393701,82.8499999999999,71.7439999999999,68.8099999999999,63.3019999999999,38.3,23.5,27.9
"BOOI4","2019-07-07 20:00",74.3359999999999,63.83,112187.27,0,0,0,0.00232283464566929,81.464,71.798,68.7919999999999,63.3199999999999,38.3,23.5,28
"BOOI4","2019-07-07 21:00",73.364,76.15,2032.7272,0,0,0,-0.000708661417322835,79.9519999999999,71.8519999999999,68.7739999999999,63.3199999999999,38.3,23.4,28
"BOOI4","2019-07-07 22:00",72.6079999999999,71.58,0,0,0.9104346,108.6,-0.000236220472440945,78.548,71.888,68.756,63.3199999999999,38.3,23.4,28
"BOOI4","2019-07-07 23:00",70.0339999999999,73.6,0,0,2.9147327,114.4,0.000905511811023622,77.3599999999999,71.906,68.738,63.3199999999999,38.3,23.4,28
"BOOI4","2019-07-08 00:00",67.982,79.36,0,0,2.8811786,96,0.000433070866141732,76.298,71.888,68.738,63.338,38.3,23.3,28
"BOOI4","2019-07-08 01:00",67.046,84.2,0,0,0.08276678,87.7,-0.000866141732283465,75.3259999999999,71.8519999999999,68.738,63.338,38.3,23.3,28
"BOOI4","2019-07-08 02:00",65.7499999999999,86.8,0,0,0.25501117,76.17,-0.000748031496062992,74.4619999999999,71.798,68.7199999999999,63.338,38.3,23.3,28
"BOOI4","2019-07-08 03:00",66.146,89.7,0,0,1.7783673,103.5,-0.000196850393700787,73.6699999999999,71.7259999999999,68.7199999999999,63.338,38.3,23.3,28
"BOOI4","2019-07-08 04:00",66.0739999999999,87.9,0,0,0,0,-0.000905511811023622,72.9859999999999,71.6359999999999,68.7199999999999,63.338,38.3,23.3,28
"BOOI4","2019-07-08 05:00",64.6519999999999,88.2,5510,0,1.8342907,111.8,-0.000236220472440945,72.374,71.546,68.7199999999999,63.356,38.3,23.3,28
"BOOI4","2019-07-08 06:00",66.938,90.9,191836.36,0,0.7739812,95,-0.000590551181102362,71.906,71.438,68.7019999999999,63.356,38.2,23.2,28
"BOOI4","2019-07-08 07:00",69.782,87.8,638272.7,0,1.8410016,104.8,-0.000236220472440945,71.9599999999999,71.3119999999999,68.7019999999999,63.356,38.2,23.2,28
"BOOI4","2019-07-08 08:00",73.6339999999999,85.6,1187363.6,0,4.14505,118.1,0.00433070866141732,72.7699999999999,71.1859999999999,68.6839999999999,63.356,38.2,23.2,28
"BOOI4","2019-07-08 09:00",76.532,79.93,1713000,0,6.563182,137.3,0.00948818897637795,74.3539999999999,71.0599999999999,68.6839999999999,63.356,38.2,23.1,28
"BOOI4","2019-07-08 10:00",78.5659999999999,76.66,2102818,0,7.4221673,142.8,0.0148031496062992,76.2079999999999,70.9519999999999,68.648,63.356,38.1,23.1,28
"BOOI4","2019-07-08 11:00",79.646,72.93,2198636.5,0,8.589849,153.8,0.0188976377952756,78.296,70.8619999999999,68.648,63.356,38.1,23.1,28
"BOOI4","2019-07-08 12:00",80.672,70.56,2396727.3,0,8.169305,153.4,0.0207874015748032,80.582,70.7899999999999,68.6119999999999,63.374,38.1,23,28
"BOOI4","2019-07-08 13:00",82.346,70.36,2812909,0,7.5429616,150.5,0.0227952755905512,83.4079999999999,70.772,68.5939999999999,63.374,38,23,28
"BOOI4","2019-07-08 14:00",82.58,67.66,2081272.7,0,8.084301,145.9,0.0268110236220473,85.8919999999999,70.7899999999999,68.5759999999999,63.374,37.9,22.9,28
"BOOI4","2019-07-08 15:00",83.264,63.71,2420636.2,0,8.088775,145.5,0.022244094488189,86.6119999999999,70.8439999999999,68.5579999999999,63.374,37.9,22.9,28
"BOOI4","2019-07-08 16:00",83.1919999999999,61.43,2064000,0,8.773278,135.8,0.025236220472441,87.08,70.9159999999999,68.522,63.374,37.9,22.9,27.9
"BOOI4","2019-07-08 17:00",82.364,61.31,1598091,0,9.162507,135.6,0.0228740157480315,86.6659999999999,71.006,68.5039999999999,63.374,37.9,22.9,27.9
"BOOI4","2019-07-08 18:00",81.4999999999999,64.59,945727.23,0,10.110969,133.3,0.0196850393700787,85.622,71.114,68.4859999999999,63.374,37.9,22.8,27.9
"BOOI4","2019-07-08 19:00",78.6199999999999,63.21,449272.74,0,9.325803,132,0.0144488188976378,84.272,71.222,68.4679999999999,63.3919999999999,37.9,22.8,27.9
"BOOI4","2019-07-08 20:00",74.39,66.71,56232.727,0,8.01943,123.5,0.00925196850393701,82.6699999999999,71.348,68.4319999999999,63.3919999999999,37.9,22.7,27.9
"BOOI4","2019-07-08 21:00",73.3819999999999,72.97,624.54545,0,5.6259046,125.1,0.00437007874015748,81.0859999999999,71.438,68.4319999999999,63.3919999999999,37.9,22.7,27.9
"BOOI4","2019-07-08 22:00",71.1319999999999,73.48,0,0,5.16062,128.6,0.00118110236220473,79.7359999999999,71.4919999999999,68.414,63.3919999999999,38,22.6,27.9
"BOOI4","2019-07-08 23:00",70.1599999999999,80.3,0,0,4.5208554,143.7,0.00078740157480315,78.6019999999999,71.546,68.414,63.3919999999999,38,22.6,27.9
"BOOI4","2019-07-09 00:00",69.0259999999999,81.2,0,0,3.9414883,141.6,0.000393700787401575,77.6119999999999,71.564,68.414,63.3919999999999,38,22.6,27.9
"BOOI4","2019-07-09 01:00",67.73,85.1,0,0,5.2433877,127.6,0.000590551181102362,76.6939999999999,71.546,68.396,63.3919999999999,38,22.6,27.9
"BOOI4","2019-07-09 02:00",67.046,86.4,0,0,4.0108333,118.4,0.00015748031496063,75.8119999999999,71.5279999999999,68.414,63.3919999999999,38,22.5,27.9
"BOOI4","2019-07-09 03:00",66.2359999999999,86.7,0,0,4.5186186,118,0.000196850393700787,75.0019999999999,71.4739999999999,68.414,63.3919999999999,38,22.5,27.9
"BOOI4","2019-07-09 04:00",65.696,87.6,0,0,4.8317904,116.1,0.000196850393700787,74.264,71.4199999999999,68.414,63.3919999999999,38,22.5,27.9
"BOOI4","2019-07-09 05:00",65.1739999999999,89.3,10000.91,0,4.433615,114.5,7.8740157480315e-05,73.6339999999999,71.348,68.414,63.4099999999999,37.9,22.5,27.9
"BOOI4","2019-07-09 06:00",66.3619999999999,92.6,116981.82,0,5.2747045,117.3,7.8740157480315e-05,73.1659999999999,71.2579999999999,68.414,63.3919999999999,37.9,22.5,27.9
"BOOI4","2019-07-09 07:00",69.7279999999999,94.1,349600,0,6.8383255,127.5,0.00078740157480315,73.1119999999999,71.1679999999999,68.414,63.4099999999999,37.9,22.5,27.9
"BOOI4","2019-07-09 08:00",72.0499999999999,90.5,560545.4,0,7.903109,134.4,0.00311023622047244,73.5439999999999,71.0599999999999,68.414,63.4099999999999,37.9,22.5,27.8
"BOOI4","2019-07-09 09:00",77.2699999999999,89.6,1418181.8,0,11.2540455,132.2,0.00551181102362205,74.4259999999999,70.9519999999999,68.396,63.4099999999999,37.9,22.5,27.8
"BOOI4","2019-07-09 10:00",79.34,81.4,1631091,0,12.647658,144.9,0.0121259842519685,76.514,70.8439999999999,68.396,63.4099999999999,37.8,22.4,27.8
"BOOI4","2019-07-09 11:00",77.6839999999999,81.7,542818.2,0,14.960655,159.1,0.0162204724409449,77.306,70.7539999999999,68.396,63.4099999999999,37.8,22.4,27.8
"BOOI4","2019-07-09 12:00",81.1039999999999,93.6,1689636.4,0.14,10.090837,167.3,0.00696850393700787,77.5939999999999,70.6999999999999,68.3779999999999,63.4099999999999,37.9,22.4,27.8
"BOOI4","2019-07-09 13:00",84.3439999999999,86.4,2845090.8,0.010000001,8.759857,203.3,0.0141338582677165,79.646,70.664,68.3599999999999,63.4099999999999,37.9,22.4,27.8
"BOOI4","2019-07-09 14:00",85.532,74.38,2995454.6,0,9.813456,227.7,0.0250787401574803,81.896,70.664,68.3419999999999,63.4099999999999,37.8,22.4,27.8
"BOOI4","2019-07-09 15:00",86.2519999999999,70.03,2638273,0,10.122153,234.6,0.0284645669291339,83.3179999999999,70.6819999999999,68.3239999999999,63.4099999999999,37.8,22.3,27.8
"BOOI4","2019-07-09 16:00",87.2239999999999,67.09,2240000,0,8.983551,231.1,0.0262992125984252,83.48,70.7359999999999,68.306,63.4099999999999,37.8,22.3,27.8
"BOOI4","2019-07-09 17:00",87.098,63.13,1768181.8,0,8.999209,230.5,0.0240551181102362,83.0119999999999,70.8079999999999,68.288,63.4099999999999,37.7,22.2,27.8
"BOOI4","2019-07-09 18:00",85.6039999999999,62.16,1047818.1,0,8.601034,235,0.0208267716535433,82.3819999999999,70.9159999999999,68.2699999999999,63.4099999999999,37.7,22.2,27.8
"BOOI4","2019-07-09 19:00",83.138,66.21,594000,0,8.495898,248.3,0.0149606299212598,81.5539999999999,71.0239999999999,68.2699999999999,63.4099999999999,37.7,22.1,27.8
"BOOI4","2019-07-09 20:00",77.9359999999999,75.98,134475.45,0,5.6706433,246.2,0.00779527559055118,80.546,71.1499999999999,68.2339999999999,63.4099999999999,37.8,22.1,27.8
"BOOI4","2019-07-09 21:00",75.7939999999999,87.8,972.72724,0,3.505285,251.1,0.00110236220472441,79.448,71.2579999999999,68.2339999999999,63.4099999999999,37.8,22.1,27.8
"BOOI4","2019-07-09 22:00",74.4259999999999,92.8,0,0,0.0223694,227.1,-0.00118110236220473,78.4939999999999,71.348,68.2339999999999,63.4099999999999,37.8,22.1,27.8
"BOOI4","2019-07-09 23:00",74.3359999999999,93.4,0,0,0,0,-0.00118110236220473,77.648,71.4199999999999,68.2159999999999,63.4099999999999,37.8,22.1,27.8
"BOOI4","2019-07-10 00:00",72.896,93.3,0,0,0.46080965,225,-0.00102362204724409,76.982,71.456,68.2159999999999,63.4099999999999,37.8,22.1,27.8
"BOOI4","2019-07-10 01:00",71.1499999999999,96.9,0,0,3.4941003,255.2,-0.000433070866141732,76.3159999999999,71.4919999999999,68.2159999999999,63.4099999999999,37.8,22.1,27.8
"BOOI4","2019-07-10 02:00",69.53,98.6,0,0,2.7805164,256.7,-0.000669291338582677,75.6319999999999,71.5099999999999,68.2339999999999,63.4099999999999,37.8,22.1,27.8
"BOOI4","2019-07-10 03:00",68.864,99.9,0,0,0.9305671,250.1,-0.00102362204724409,74.948,71.5099999999999,68.2339999999999,63.4279999999999,37.8,22,27.8
"BOOI4","2019-07-10 04:00",68.3779999999999,100,0,0,2.389052,244.2,-0.000826771653543307,74.3359999999999,71.4919999999999,68.2339999999999,63.4099999999999,37.8,22,27.8
"BOOI4","2019-07-10 05:00",68.4679999999999,100,8115.454,0,3.2547479,253.8,-0.000748031496062992,73.7779999999999,71.4739999999999,68.2519999999999,63.4279999999999,37.8,22,27.8
"BOOI4","2019-07-10 06:00",70.5739999999999,100,246281.83,0,3.802798,253.6,-0.000669291338582677,73.4539999999999,71.438,68.2519999999999,63.4099999999999,37.8,22,27.8
"BOOI4","2019-07-10 07:00",71.888,95.5,711818.2,0,3.9616208,255.5,0.000196850393700787,73.5259999999999,71.3839999999999,68.2519999999999,63.4099999999999,37.8,22,27.9
"BOOI4","2019-07-10 08:00",72.356,85.2,860090.9,0,7.8091574,267.9,0.00476377952755906,73.814,71.33,68.2519999999999,63.4279999999999,37.8,21.9,27.9
"BOOI4","2019-07-10 09:00",73.5079999999999,75.61,1356727.3,0,9.833588,280.6,0.00913385826771654,74.39,71.2579999999999,68.2699999999999,63.4279999999999,37.8,21.9,27.9
"BOOI4","2019-07-10 10:00",74.39,73.87,1749818.1,0,9.560682,278.7,0.0138188976377953,75.164,71.2039999999999,68.2699999999999,63.4099999999999,37.8,21.9,27.9
"BOOI4","2019-07-10 11:00",77.2339999999999,66.37,2504636.5,0,10.806657,275.9,0.0175590551181102,76.1179999999999,71.1499999999999,68.2699999999999,63.4279999999999,37.7,21.9,27.9
"BOOI4","2019-07-10 12:00",78.9259999999999,58.88,2772182,0,13.359006,285.4,0.025,78.422,71.096,68.2699999999999,63.4279999999999,37.7,21.8,27.8
"BOOI4","2019-07-10 13:00",80.438,57.13,2852545.7,0,13.25387,283.7,0.0283070866141732,81.59,71.0599999999999,68.2699999999999,63.4099999999999,37.6,21.8,27.8
"BOOI4","2019-07-10 14:00",81.1579999999999,58.23,2681000,0,13.875739,287.7,0.0300393700787402,83.9659999999999,71.0599999999999,68.2699999999999,63.4099999999999,37.5,21.8,27.8
"BOOI4","2019-07-10 15:00",79.898,58.49,2134545.4,0,15.338697,284.1,0.0302362204724409,84.7579999999999,71.0419999999999,68.2519999999999,63.4099999999999,37.5,21.7,27.8
"BOOI4","2019-07-10 16:00",79.8259999999999,62.75,1491000,0,14.497608,289.1,0.0259842519685039,84.3259999999999,71.0779999999999,68.2519999999999,63.4279999999999,37.5,21.7,27.8
"BOOI4","2019-07-10 17:00",78.296,63.66,865000,0,13.168866,290.4,0.0201574803149606,83.6419999999999,71.114,68.2519999999999,63.4279999999999,37.5,21.6,27.8
"BOOI4","2019-07-10 18:00",78.9439999999999,66.63,738090.94,0,11.3927355,288.5,0.0149212598425197,82.688,71.1679999999999,68.2339999999999,63.4279999999999,37.5,21.6,27.8
"BOOI4","2019-07-10 19:00",77.1259999999999,62.38,377036.32,0,11.001271,297.7,0.0135826771653543,81.6439999999999,71.2039999999999,68.2339999999999,63.4279999999999,37.5,21.6,27.8
"BOOI4","2019-07-10 20:00",74.84,65.36,52538.18,0,8.83815,297.6,0.00901574803149606,80.3839999999999,71.2579999999999,68.2339999999999,63.4279999999999,37.5,21.6,27.8
"BOOI4","2019-07-10 21:00",73.8679999999999,70.93,768.18186,0,6.460283,292.7,0.00464566929133858,79.2679999999999,71.2759999999999,68.2159999999999,63.4279999999999,37.5,21.6,27.8
"BOOI4","2019-07-10 22:00",71.69,72.21,0,0,6.5072584,304.8,0.00200787401574803,78.206,71.2939999999999,68.2159999999999,63.4279999999999,37.5,21.5,27.8
"BOOI4","2019-07-10 23:00",70.664,77.42,0,0,6.017369,297.3,0.00161417322834646,77.18,71.2939999999999,68.2159999999999,63.4279999999999,37.5,21.5,27.8
"BOOI4","2019-07-11 00:00",69.638,78.2,0,0,7.0955734,302.9,0.00145669291338583,76.2439999999999,71.2939999999999,68.2339999999999,63.4279999999999,37.5,21.5,27.8
"BOOI4","2019-07-11 01:00",68.4319999999999,80.9,0,0,6.4737043,300.5,0.00118110236220473,75.4339999999999,71.2579999999999,68.2159999999999,63.4279999999999,37.5,21.5,27.8
"BOOI4","2019-07-11 02:00",66.2539999999999,85,0,0,6.044212,300.4,0.000826771653543307,74.6779999999999,71.222,68.2159999999999,63.4279999999999,37.5,21.4,27.8
"BOOI4","2019-07-11 03:00",65.84,89.6,0,0,6.4200177,288.9,0.000511811023622047,73.94,71.1679999999999,68.2159999999999,63.4279999999999,37.5,21.4,27.8
"BOOI4","2019-07-11 04:00",64.58,91.3,0,0,6.187376,304.7,0.000354330708661417,73.2739999999999,71.096,68.2339999999999,63.4279999999999,37.5,21.4,27.8
"BOOI4","2019-07-11 05:00",64.598,93.4,6472.7273,0,4.5924377,308.9,0,72.6619999999999,71.0239999999999,68.2159999999999,63.4279999999999,37.5,21.4,27.9
"BOOI4","2019-07-11 06:00",66.146,94.3,210581.8,0,4.0175443,319,-3.93700787401575e-05,72.1939999999999,70.9339999999999,68.2159999999999,63.4279999999999,37.4,21.4,27.9
"BOOI4","2019-07-11 07:00",68.0539999999999,91.8,663545.4,0,4.1584716,333.4,0.000196850393700787,72.122,70.8439999999999,68.2159999999999,63.4279999999999,37.4,21.3,27.9
"BOOI4","2019-07-11 08:00",69.764,88.8,967545.5,0,7.71968,345.7,0.00433070866141732,72.59,70.7539999999999,68.2159999999999,63.4279999999999,37.4,21.3,27.9
"BOOI4","2019-07-11 09:00",71.996,86.8,1355545.5,0,8.030615,351.9,0.00732283464566929,73.5259999999999,70.646,68.198,63.4279999999999,37.4,21.3,27.9
"BOOI4","2019-07-11 10:00",73.148,79.56,1200454.6,0,8.006008,7.17,0.0110236220472441,74.6779999999999,70.556,68.198,63.4279999999999,37.4,21.3,27.9
"BOOI4","2019-07-11 11:00",74.4259999999999,76.91,1571818.1,0,6.8114824,7.142,0.0112992125984252,75.38,70.4659999999999,68.198,63.4279999999999,37.3,21.2,27.9
"BOOI4","2019-07-11 12:00",76.6939999999999,74.81,2098454.6,0,6.6951613,358.8,0.0145275590551181,76.2079999999999,70.3939999999999,68.18,63.4279999999999,37.3,21.2,27.9
"BOOI4","2019-07-11 13:00",78.0439999999999,70.94,2160454.6,0,5.478266,0.318,0.0185826771653543,77.756,70.34,68.1619999999999,63.4279999999999,37.3,21.2,27.9
"BOOI4","2019-07-11 14:00",80.1679999999999,68.43,2413636.5,0,6.0486856,358.6,0.0198031496062992,79.4659999999999,70.2859999999999,68.1439999999999,63.446,37.2,21.2,27.9
"BOOI4","2019-07-11 15:00",81.3199999999999,55.25,2394000,0,6.956883,11.42,0.0229133858267717,81.1579999999999,70.2679999999999,68.1259999999999,63.4279999999999,37.1,21.2,27.9
"BOOI4","2019-07-11 16:00",81.4279999999999,56.18,2013909,0,6.9837265,26.94,0.0241338582677165,82.688,70.2499999999999,68.1079999999999,63.446,37.1,21.2,27.9
"BOOI4","2019-07-11 17:00",81.7159999999999,55.17,1570909,0,6.7399,41.78,0.0216141732283465,83.732,70.2499999999999,68.072,63.446,37.1,21.1,27.9
"BOOI4","2019-07-11 18:00",81.482,52.79,932272.7,0,4.804947,53.09,0.0168110236220472,84.1099999999999,70.2679999999999,68.072,63.4279999999999,37.1,21.1,27.9
"BOOI4","2019-07-11 19:00",79.8079999999999,56.94,522636.35,0,2.4852402,35.15,0.00952755905511811,83.498,70.3039999999999,68.0539999999999,63.446,37.1,21.1,27.9
"BOOI4","2019-07-11 20:00",75.4699999999999,62.21,119297.27,0,0.17671826,37.02,0.00303149606299213,82.2199999999999,70.322,68.0179999999999,63.446,37.1,21,27.9
"BOOI4","2019-07-11 21:00",72.2839999999999,67.08,1315.4545,0,0,0,-0.00110236220472441,80.7439999999999,70.34,67.9999999999999,63.446,37.1,21,27.9
"BOOI4","2019-07-11 22:00",72.338,72.56,0,0,0,0,-0.00125984251968504,79.3579999999999,70.3579999999999,67.9999999999999,63.446,37.1,20.9,27.9
"BOOI4","2019-07-11 23:00",70.232,71.79,0,0,0,0,-0.00125984251968504,78.1339999999999,70.3579999999999,67.982,63.446,37.1,20.9,27.9
"BOOI4","2019-07-12 00:00",65.8039999999999,78.41,0,0,0,0,-0.00122047244094488,76.982,70.3579999999999,67.964,63.446,37.1,20.9,27.9
"BOOI4","2019-07-12 01:00",67.5499999999999,86.2,0,0,0.3511996,262,-0.00094488188976378,75.9739999999999,70.34,67.946,63.446,37.1,20.9,27.9
"BOOI4","2019-07-12 02:00",65.2279999999999,84.4,0,0,0,0,-0.00118110236220473,75.0919999999999,70.3039999999999,67.946,63.446,37.1,20.8,27.9
"BOOI4","2019-07-12 03:00",63.3199999999999,88.6,0,0,0,0,-0.00118110236220473,74.282,70.2499999999999,67.9279999999999,63.4279999999999,37.1,20.8,27.8
"BOOI4","2019-07-12 04:00",61.8259999999999,92.7,0,0,0,0,-0.00114173228346457,73.5259999999999,70.1779999999999,67.9279999999999,63.446,37.1,20.8,27.8
"BOOI4","2019-07-12 05:00",61.106,95.4,7262.7277,0,0,0,-0.00110236220472441,72.8239999999999,70.124,67.9099999999999,63.446,37.1,20.8,27.8
"BOOI4","2019-07-12 06:00",65.9659999999999,98,224227.25,0,0,0,-0.00106299212598425,72.2839999999999,70.0339999999999,67.8919999999999,63.446,37.1,20.8,27.8
"BOOI4","2019-07-12 07:00",71.4919999999999,91.5,671818.2,0,0.3511996,261.1,-0.000393700787401575,72.0679999999999,69.9439999999999,67.874,63.446,37.1,20.8,27.8
"BOOI4","2019-07-12 08:00",75.7039999999999,86.7,1200000,0,1.4182199,241.4,0.00381889763779528,72.4999999999999,69.8539999999999,67.874,63.446,37,20.8,27.8
"BOOI4","2019-07-12 09:00",78.656,79.9,1738000,0,2.3554978,223.4,0.00909448818897638,73.6159999999999,69.746,67.856,63.446,37,20.8,27.8
"BOOI4","2019-07-12 10:00",80.4739999999999,72.5,2216272.7,0,4.2211056,222.7,0.0148031496062992,75.4159999999999,69.656,67.838,63.446,36.9,20.8,27.8
"BOOI4","2019-07-12 11:00",81.7339999999999,70.49,2597454.6,0,5.346287,208.6,0.0199212598425197,77.7199999999999,69.6019999999999,67.8199999999999,63.446,36.9,20.8,27.8
"BOOI4","2019-07-12 12:00",82.6699999999999,66.34,2836636.5,0,6.1225047,203.4,0.0238976377952756,80.3839999999999,69.5659999999999,67.8199999999999,63.446,36.8,20.7,27.8
"BOOI4","2019-07-12 13:00",84.5239999999999,56.24,2902909,0,5.364182,226.5,0.026259842519685,83.1199999999999,69.5659999999999,67.7839999999999,63.446,36.8,20.7,27.8
"BOOI4","2019-07-12 14:00",85.7659999999999,62.14,2784363.8,0,5.180753,218,0.0275590551181102,85.532,69.6019999999999,67.7659999999999,63.446,36.7,20.6,27.8
"BOOI4","2019-07-12 15:00",87.0439999999999,58.57,2484363.8,0,6.3372507,209.6,0.0281889763779528,87.4759999999999,69.656,67.748,63.4279999999999,36.7,20.6,27.8
"BOOI4","2019-07-12 16:00",87.746,55.09,2063818.4,0,4.930216,204.3,0.0253937007874016,88.9519999999999,69.7279999999999,67.73,63.446,36.6,20.6,27.8
"BOOI4","2019-07-12 17:00",87.0619999999999,53.6,1567000,0,4.6975737,216,0.022007874015748,89.3839999999999,69.7999999999999,67.6939999999999,63.446,36.6,20.5,27.8
"BOOI4","2019-07-12 18:00",85.64,55.78,849363.6,0,7.4803276,197.4,0.0205118110236221,88.772,69.9079999999999,67.6939999999999,63.4279999999999,36.6,20.5,27.8
"BOOI4","2019-07-12 19:00",80.4739999999999,60.81,317945.47,0,6.3215923,222.8,0.0128346456692913,87.656,69.998,67.6759999999999,63.4279999999999,36.6,20.4,27.8
"BOOI4","2019-07-12 20:00",77.7739999999999,70.44,35861.816,0,5.5655065,193.5,0.00708661417322835,86.0359999999999,70.088,67.64,63.4279999999999,36.7,20.4,27.8
"BOOI4","2019-07-12 21:00",75.5419999999999,76.67,767.2728,0,1.8052106,319,0.0015748031496063,84.6319999999999,70.1779999999999,67.64,63.4279999999999,36.7,20.4,27.8
"BOOI4","2019-07-12 22:00",75.0199999999999,83.7,0,0,0,0,-0.00094488188976378,83.372,70.2499999999999,67.64,63.4279999999999,36.7,20.4,27.8
"BOOI4","2019-07-12 23:00",73.8499999999999,84.1,0,0,0,0,-0.00094488188976378,82.3279999999999,70.322,67.622,63.4279999999999,36.7,20.4,27.8
"BOOI4","2019-07-13 00:00",71.906,89.9,0,0,0,0,-0.00094488188976378,81.338,70.3759999999999,67.622,63.4279999999999,36.7,20.4,27.8
"BOOI4","2019-07-13 01:00",71.456,91.6,0,0,0,0,-0.000905511811023622,80.3839999999999,70.3939999999999,67.622,63.4279999999999,36.7,20.4,27.8
"BOOI4","2019-07-13 02:00",69.206,91,0,0,0.22593094,236.2,-0.000826771653543307,79.4839999999999,70.43,67.622,63.4279999999999,36.7,20.4,27.8
"BOOI4","2019-07-13 03:00",68.3239999999999,94.9,0,0,2.6664326,250,-0.00031496062992126,78.6919999999999,70.43,67.64,63.4279999999999,36.7,20.4,27.7
"BOOI4","2019-07-13 04:00",68.9539999999999,95.8,0,0,3.1227684,250.4,-0.000354330708661417,77.9359999999999,70.43,67.64,63.4279999999999,36.7,20.3,27.7
"BOOI4","2019-07-13 05:00",69.6019999999999,94,6906.3635,0,0.9842536,244.6,-0.000669291338582677,77.288,70.4119999999999,67.64,63.4279999999999,36.7,20.3,27.8
"BOOI4","2019-07-13 06:00",72.23,93.5,129945.45,0,3.0825033,243.5,-0.000236220472440945,76.838,70.3939999999999,67.6579999999999,63.4099999999999,36.7,20.3,27.8
"BOOI4","2019-07-13 07:00",73.346,89.5,147809.08,0,6.974779,255.8,0.00110236220472441,76.5679999999999,70.3579999999999,67.6579999999999,63.4099999999999,36.7,20.3,27.8
"BOOI4","2019-07-13 08:00",73.3819999999999,82.2,129172.73,0,8.885125,283.2,0.00334645669291339,76.298,70.322,67.6759999999999,63.4099999999999,36.7,20.3,27.8
"BOOI4","2019-07-13 09:00",74.3539999999999,84.6,427500,0,6.8875384,341.8,0.00389763779527559,76.2079999999999,70.2859999999999,67.6759999999999,63.4099999999999,36.7,20.3,27.8
"BOOI4","2019-07-13 10:00",75.038,84.9,656727.3,0,3.0713186,22.28,0.00456692913385827,76.496,70.232,67.6759999999999,63.4099999999999,36.7,20.3,27.8
"BOOI4","2019-07-13 11:00",77.846,84.6,1467818.1,0,7.833764,75.07,0.00704724409448819,77.306,70.196,67.6759999999999,63.4099999999999,36.7,20.3,27.8
"BOOI4","2019-07-13 12:00",79.106,78.32,1578636.4,0,8.536163,72.48,0.013503937007874,78.89,70.1599999999999,67.6759999999999,63.4099999999999,36.7,20.2,27.8
"BOOI4","2019-07-13 13:00",82.5439999999999,78.58,2230909.2,0,7.299135,75.93,0.0151181102362205,80.4739999999999,70.124,67.6939999999999,63.4099999999999,36.6,20.2,27.8
"BOOI4","2019-07-13 14:00",82.9939999999999,71.13,2221818,0,3.3688316,108,0.0199606299212599,82.9759999999999,70.106,67.6939999999999,63.4099999999999,36.6,20.2,27.8
"BOOI4","2019-07-13 15:00",82.8859999999999,72.24,1602363.5,0,3.7692437,166.3,0.0204330708661417,84.7759999999999,70.106,67.6759999999999,63.4099999999999,36.5,20.2,27.8
"BOOI4","2019-07-13 16:00",84.2539999999999,69.93,1067363.6,0,2.7760427,173.3,0.0152362204724409,85.3339999999999,70.124,67.6759999999999,63.4099999999999,36.5,20.1,27.8
"BOOI4","2019-07-13 17:00",82.238,66.58,745636.4,0,0.559235,157.7,0.00968503937007874,85.5499999999999,70.1419999999999,67.6759999999999,63.3919999999999,36.5,20.1,27.8
"BOOI4","2019-07-13 18:00",80.996,75.05,348727.3,0,0.68897754,69.38,0.00692913385826772,84.9739999999999,70.196,67.6579999999999,63.3919999999999,36.5,20.1,27.8
"BOOI4","2019-07-13 19:00",82.1839999999999,80.2,516727.3,0,0.44067717,42.12,0.00334645669291339,84.3259999999999,70.2499999999999,67.6579999999999,63.4099999999999,36.5,20,27.8
"BOOI4","2019-07-13 20:00",78.782,78.79,125629.09,0,2.418132,46.66,0.00448818897637795,83.5159999999999,70.3039999999999,67.6579999999999,63.3919999999999,36.5,20,27.8
"BOOI4","2019-07-13 21:00",77.0359999999999,84.2,706.3636,0,1.0267555,25.64,-0.000236220472440945,82.4359999999999,70.3579999999999,67.6579999999999,63.3919999999999,36.5,20,27.8
"BOOI4","2019-07-13 22:00",74.624,86.9,0,0,0.3019869,17.02,7.8740157480315e-05,81.356,70.4119999999999,67.6579999999999,63.3919999999999,36.5,20,27.8
"BOOI4","2019-07-13 23:00",74.372,91.7,0,0,0,0,-3.93700787401575e-05,80.3839999999999,70.448,67.6579999999999,63.3919999999999,36.5,20,27.8
"BOOI4","2019-07-14 00:00",73.0399999999999,91.5,0,0,0,0,-3.93700787401575e-05,79.4839999999999,70.5019999999999,67.6579999999999,63.3919999999999,36.5,19.9,27.8
"BOOI4","2019-07-14 01:00",73.5079999999999,93.7,0,0,0,0,-3.93700787401575e-05,78.7279999999999,70.5199999999999,67.6579999999999,63.3919999999999,36.5,19.9,27.8
"BOOI4","2019-07-14 02:00",72.4279999999999,94.9,0,0,1.8588971,140.8,0.00015748031496063,78.098,70.538,67.6579999999999,63.3919999999999,36.5,19.9,27.8
"BOOI4","2019-07-14 03:00",72.122,96.9,0,0,2.9594715,150.1,0.000196850393700787,77.522,70.538,67.6759999999999,63.3919999999999,36.5,19.9,27.8
"BOOI4","2019-07-14 04:00",71.4919999999999,98,0,0,0.7270055,132.3,0,76.982,70.538,67.6759999999999,63.3919999999999,36.6,19.9,27.8
"BOOI4","2019-07-14 05:00",71.24,99.5,3764.546,0,1.4428263,143.1,0,76.5679999999999,70.5199999999999,67.6759999999999,63.3919999999999,36.6,19.9,27.8
"BOOI4","2019-07-14 06:00",71.2759999999999,99.2,95990.92,0,1.0267555,152.7,0,76.2439999999999,70.5019999999999,67.6759999999999,63.3919999999999,36.6,19.9,27.8
"BOOI4","2019-07-14 07:00",76.0279999999999,99.4,634454.5,0,0.0447388,156.9,-0.000118110236220472,76.082,70.4839999999999,67.6939999999999,63.3919999999999,36.5,19.9,27.8
"BOOI4","2019-07-14 08:00",80.8699999999999,91.2,1246090.8,0,0.8880652,187.8,0.00374015748031496,76.5499999999999,70.448,67.6939999999999,63.3919999999999,36.5,19.9,27.8
"BOOI4","2019-07-14 09:00",83.3359999999999,80.2,1812545.4,0,2.5053728,237.9,0.00984251968503937,77.7739999999999,70.43,67.6939999999999,63.3919999999999,36.5,19.8,27.8
"BOOI4","2019-07-14 10:00",85.5499999999999,73.93,2344454.3,0,4.189789,243.1,0.0159055118110236,79.8619999999999,70.4119999999999,67.7119999999999,63.3919999999999,36.5,19.8,27.8
"BOOI4","2019-07-14 11:00",86.63,71.86,2665090.8,0,3.1361897,232.1,0.0209448818897638,82.5259999999999,70.3939999999999,67.7119999999999,63.3919999999999,36.4,19.8,27.8
"BOOI4","2019-07-14 12:00",87.1339999999999,61.46,2895909.2,0,3.887802,186.8,0.0247637795275591,85.172,70.4119999999999,67.6939999999999,63.3919999999999,36.3,19.8,27.8
"BOOI4","2019-07-14 13:00",88.5739999999999,64.67,3065454.6,0,6.1292157,181.6,0.0286220472440945,87.5659999999999,70.448,67.6939999999999,63.3919999999999,36.2,19.8,27.8
"BOOI4","2019-07-14 14:00",88.7359999999999,56.92,2941909.2,0,7.934426,178.2,0.0317322834645669,89.5999999999999,70.5019999999999,67.7119999999999,63.3919999999999,36.1,19.8,27.8
"BOOI4","2019-07-14 15:00",89.0239999999999,56.52,2643727,0,8.361682,174.4,0.0320866141732283,91.3099999999999,70.5739999999999,67.7119999999999,63.3919999999999,36.1,19.8,27.8
"BOOI4","2019-07-14 16:00",89.996,55.41,2188454.6,0,8.146935,174.5,0.0296850393700787,92.3359999999999,70.664,67.7119999999999,63.3919999999999,36,19.7,27.8
"BOOI4","2019-07-14 17:00",88.9699999999999,55.29,1659545.4,0,7.1089954,184.8,0.0255511811023622,92.732,70.7899999999999,67.6939999999999,63.3919999999999,36,19.7,27.7
"BOOI4","2019-07-14 18:00",87.7099999999999,55.53,991181.8,0,5.328391,220.2,0.0190157480314961,92.264,70.88,67.7119999999999,63.3919999999999,36,19.7,27.7
"BOOI4","2019-07-14 19:00",83.93,56.45,525545.5,0,5.167331,205.5,0.0134251968503937,90.9319999999999,71.006,67.7119999999999,63.3919999999999,36,19.6,27.7
"BOOI4","2019-07-14 20:00",79.088,69.96,92678.18,0,2.1474624,200.1,0.00531496062992126,89.096,71.096,67.73,63.3919999999999,36,19.6,27.7
"BOOI4","2019-07-14 21:00",76.172,78.21,799.09086,0,0,0,-0.000511811023622047,87.3859999999999,71.1859999999999,67.73,63.3919999999999,36,19.6,27.7
"BOOI4","2019-07-14 22:00",75.506,85.6,0,0,0.74713796,165,-0.000708661417322835,85.856,71.2759999999999,67.748,63.3919999999999,36,19.6,27.7
"BOOI4","2019-07-14 23:00",74.2999999999999,84.5,0,0,0.56147194,159.8,-0.000866141732283465,84.5599999999999,71.33,67.7659999999999,63.3919999999999,36,19.6,27.7
"BOOI4","2019-07-15 00:00",74.2279999999999,87,0,0,3.5656824,160.7,0.000196850393700787,83.5159999999999,71.3839999999999,67.7839999999999,63.3919999999999,36,19.5,27.7
"BOOI4","2019-07-15 01:00",77.0359999999999,91.1,0,0,0,0,-0.00118110236220473,82.706,71.4019999999999,67.8019999999999,63.3919999999999,36,19.5,27.7
"BOOI4","2019-07-15 02:00",76.4599999999999,88.9,0,0,4.4157195,190.9,0.000118110236220472,82.0579999999999,71.4199999999999,67.8019999999999,63.3919999999999,36,19.5,27.7
"BOOI4","2019-07-15 03:00",75.848,90.9,0,0,3.7826655,196.9,-3.93700787401575e-05,81.4999999999999,71.4199999999999,67.838,63.3919999999999,36,19.5,27.7
"BOOI4","2019-07-15 04:00",74.84,92.1,0,0,4.0824156,206,-7.8740157480315e-05,80.9599999999999,71.4199999999999,67.856,63.3919999999999,36.1,19.5,27.7
"BOOI4","2019-07-15 05:00",74.0839999999999,93.3,3872.7274,0,3.5969996,197,-0.000236220472440945,80.438,71.4019999999999,67.874,63.3919999999999,36.1,19.5,27.7
"BOOI4","2019-07-15 06:00",75.1279999999999,94.2,202309.08,0,4.7534976,202.7,-0.000118110236220472,79.9339999999999,71.3839999999999,67.8919999999999,63.3919999999999,36.1,19.5,27.7
"BOOI4","2019-07-15 07:00",76.6579999999999,89.8,472427.28,0,7.983639,190.5,0.00125984251968504,79.5739999999999,71.3659999999999,67.9099999999999,63.3919999999999,36,19.4,27.7
"BOOI4","2019-07-15 08:00",77.7919999999999,86,1107636.4,0,8.45787,189,0.00448818897637795,79.646,71.348,67.9279999999999,63.4099999999999,36,19.4,27.7
"BOOI4","2019-07-15 09:00",79.6279999999999,82,1842818.1,0,9.426466,192.9,0.00968503937007874,80.456,71.33,67.946,63.3919999999999,36,19.4,27.7
"BOOI4","2019-07-15 10:00",80.69,79.28,2355363.5,0,7.451247,203.3,0.015748031496063,81.9319999999999,71.2939999999999,67.964,63.3919999999999,35.9,19.4,27.7
"BOOI4","2019-07-15 11:00",81.6079999999999,77.99,2154454.6,0,9.064081,185.9,0.0203149606299213,83.9119999999999,71.2939999999999,67.964,63.4099999999999,35.8,19.4,27.7
"BOOI4","2019-07-15 12:00",81.914,75.79,1167545.4,0,8.363919,203.9,0.0202755905511811,84.596,71.2939999999999,67.982,63.4099999999999,35.8,19.4,27.7
"BOOI4","2019-07-15 13:00",85.3339999999999,71.42,2141818,0,7.3595324,195.6,0.0137795275590551,85.0279999999999,71.3119999999999,67.9999999999999,63.4099999999999,35.8,19.3,27.7
"BOOI4","2019-07-15 14:00",86.6659999999999,63.46,2920000,0,6.690687,198.8,0.0216535433070866,87.422,71.348,67.9999999999999,63.4099999999999,35.7,19.3,27.7
"BOOI4","2019-07-15 15:00",87.53,61.72,2540181.6,0,8.406421,198.4,0.0297244094488189,89.222,71.3839999999999,68.0179999999999,63.4099999999999,35.6,19.3,27.7
"BOOI4","2019-07-15 16:00",85.298,60.93,1396091,0,7.77784,200.9,0.0267716535433071,90.1939999999999,71.438,68.0179999999999,63.4099999999999,35.5,19.3,27.6
"BOOI4","2019-07-15 17:00",86.7019999999999,62.55,1360727.3,0,7.1022844,203,0.0176377952755906,89.8699999999999,71.5099999999999,68.0359999999999,63.4099999999999,35.5,19.2,27.6
"BOOI4","2019-07-15 18:00",85.514,59.49,994090.94,0,7.7286277,205.5,0.0174803149606299,89.7259999999999,71.582,68.0359999999999,63.4099999999999,35.5,19.2,27.6
"BOOI4","2019-07-15 19:00",82.472,62.51,548090.9,0,7.086626,206.8,0.0140157480314961,88.8259999999999,71.6539999999999,68.0539999999999,63.4099999999999,35.4,19.2,27.6
"BOOI4","2019-07-15 20:00",76.874,71.32,79272.73,0,6.187376,197.9,0.00838582677165354,87.2239999999999,71.7259999999999,68.072,63.4099999999999,35.4,19.2,27.6
"BOOI4","2019-07-15 21:00",74.1199999999999,82.9,532.7273,0,2.9572346,195.5,0.0015748031496063,85.73,71.798,68.072,63.4279999999999,35.5,19.2,27.6
"BOOI4","2019-07-15 22:00",74.03,87.7,0,0,0.47199434,169,-0.00094488188976378,84.398,71.8339999999999,68.09,63.4279999999999,35.5,19.2,27.6
"BOOI4","2019-07-15 23:00",72.68,84.6,0,0,5.279178,162.7,0.00031496062992126,83.1919999999999,71.888,68.1079999999999,63.4279999999999,35.5,19.2,27.6
"BOOI4","2019-07-16 00:00",70.5919999999999,88.4,0,0,4.9033723,163.3,0.000275590551181102,82.13,71.906,68.1259999999999,63.4279999999999,35.5,19.2,27.6
"BOOI4","2019-07-16 01:00",70.322,92.6,0,0,0.84780025,165.6,-0.000866141732283465,81.248,71.906,68.1439999999999,63.4279999999999,35.5,19.2,27.6
"BOOI4","2019-07-16 02:00",69.782,93.3,0,0,2.7514362,155.2,-0.00047244094488189,80.456,71.888,68.1439999999999,63.446,35.5,19.2,27.6
"BOOI4","2019-07-16 03:00",70.4119999999999,95,0,0,4.1338654,158.7,-0.00031496062992126,79.772,71.8699999999999,68.1619999999999,63.446,35.5,19.1,27.6
"BOOI4","2019-07-16 04:00",70.0519999999999,94.1,0,0,4.1495237,118.2,-0.000393700787401575,79.3039999999999,71.8339999999999,68.18,63.446,35.6,19.1,27.6
"BOOI4","2019-07-16 05:00",69.098,98,1244.5455,0.11,1.601649,357.8,-0.000748031496062992,78.1519999999999,71.8339999999999,68.2159999999999,63.446,37.5,19.2,27.6
"BOOI4","2019-07-16 06:00",69.098,99.7,72879.09,0.28,5.7243295,159.3,-0.00047244094488189,77.414,71.7619999999999,68.2339999999999,63.446,37.1,19.3,27.6
"BOOI4","2019-07-16 07:00",72.248,100,667100,0,0.6755558,227.4,-3.93700787401575e-05,76.9279999999999,71.7079999999999,68.2339999999999,63.446,36.9,19.3,27.6
"BOOI4","2019-07-16 08:00",74.4439999999999,93.7,1351909,0,6.5922623,240.9,0.00338582677165354,77.0179999999999,71.6179999999999,68.2699999999999,63.464,36.8,19.3,27.6
"BOOI4","2019-07-16 09:00",76.1179999999999,89.2,1526363.6,0,9.090924,240.3,0.00921259842519685,78.0079999999999,71.546,68.2699999999999,63.464,36.7,19.3,27.6
"BOOI4","2019-07-16 10:00",77.9359999999999,90.2,1413909,0,6.077766,235.3,0.0119291338582677,78.872,71.4739999999999,68.2699999999999,63.464,36.6,19.3,27.6
"BOOI4","2019-07-16 11:00",83.5699999999999,82.6,3039090.8,0,2.8364398,226,0.0116141732283465,81.1579999999999,71.4019999999999,68.288,63.464,36.6,19.3,27.6
"BOOI4","2019-07-16 12:00",84.3619999999999,65.06,2923818,0,2.4069474,160.2,0.0256299212598425,84.1099999999999,71.3659999999999,68.288,63.4819999999999,36.5,19.3,27.6
"BOOI4","2019-07-16 13:00",85.1179999999999,68.56,2401363.8,0,1.3354532,256.1,0.0256692913385827,85.8199999999999,71.348,68.288,63.464,36.4,19.3,27.6
"BOOI4","2019-07-16 14:00",84.1819999999999,67.08,2565363.5,0,1.8342907,14.35,0.0217716535433071,87.206,71.33,68.288,63.4819999999999,36.3,19.3,27.6
"BOOI4","2019-07-16 15:00",85.73,70.18,1623272.7,0,3.728979,358.8,0.0233464566929134,87.638,71.3659999999999,68.288,63.4819999999999,36.2,19.2,27.6
"BOOI4","2019-07-16 16:00",87.314,66.76,2447363.8,0,1.6508616,322.6,0.0149606299212598,88.664,71.4019999999999,68.288,63.4819999999999,36.1,19.3,27.6
"BOOI4","2019-07-16 17:00",86.4499999999999,66.25,1761545.4,0,0.26395893,291.3,0.0209448818897638,89.4199999999999,71.4739999999999,68.288,63.4999999999999,36.1,19.3,27.6
"BOOI4","2019-07-16 18:00",85.4239999999999,65.1,989090.9,0,1.5524364,263.9,0.0156299212598425,89.0239999999999,71.546,68.288,63.4999999999999,36.1,19.2,27.5
"BOOI4","2019-07-16 19:00",83.7679999999999,64.15,406636.35,0,1.1386025,246.7,0.00866141732283465,87.638,71.6179999999999,68.288,63.4999999999999,36.1,19.2,27.5
"BOOI4","2019-07-16 20:00",80.114,71.13,75965.45,0,0,0,0.00263779527559055,85.9999999999999,71.7079999999999,68.288,63.4999999999999,36.1,19.2,27.5
"BOOI4","2019-07-16 21:00",78.7279999999999,81.9,562.7273,0,0,0,-0.000354330708661417,84.4519999999999,71.78,68.288,63.4999999999999,36.1,19.2,27.5
"BOOI4","2019-07-16 22:00",75.848,85.5,0,0,1.00886,121.1,-0.000551181102362205,83.048,71.8339999999999,68.288,63.5179999999999,36.1,19.2,27.5
"BOOI4","2019-07-16 23:00",74.3539999999999,93.2,0,0,1.5770427,109.5,-0.000511811023622047,81.8599999999999,71.888,68.288,63.5179999999999,36.1,19.1,27.4
"BOOI4","2019-07-17 00:00",72.482,95.3,0,0,1.0267555,106.9,-0.000826771653543307,80.798,71.906,68.306,63.5179999999999,36.1,19.1,27.4
"BOOI4","2019-07-17 01:00",71.7439999999999,96.9,0,0,0,0,-0.00114173228346457,79.8079999999999,71.9239999999999,68.306,63.5359999999999,36.1,19.1,27.4
"BOOI4","2019-07-17 02:00",70.3759999999999,96.8,0,0,0,0,-0.00114173228346457,78.9259999999999,71.9239999999999,68.3239999999999,63.5359999999999,36.1,19.1,27.4
"BOOI4","2019-07-17 03:00",69.998,99.3,0,0,0,0,-0.00114173228346457,78.1699999999999,71.9239999999999,68.3419999999999,63.5359999999999,36.1,19.1,27.4
"BOOI4","2019-07-17 04:00",70.3579999999999,99.8,0,0,0,0,-0.00114173228346457,77.4859999999999,71.906,68.3599999999999,63.5359999999999,36.1,19.1,27.5
"BOOI4","2019-07-17 05:00",69.7999999999999,99.4,4857.2726,0,0,0,-0.00114173228346457,76.982,71.8519999999999,68.3599999999999,63.5539999999999,36.1,19.1,27.5
"BOOI4","2019-07-17 06:00",71.4019999999999,100,219463.64,0,0,0,-0.00114173228346457,76.532,71.8159999999999,68.3779999999999,63.5539999999999,36.1,19.1,27.5
"BOOI4","2019-07-17 07:00",73.238,98.6,600181.8,0,0.00671082,96.9,-0.000118110236220472,76.514,71.7619999999999,68.396,63.5539999999999,36.1,19.1,27.5
"BOOI4","2019-07-17 08:00",75.398,96.8,779909.06,0,3.7893763,117.9,0.00338582677165354,76.9999999999999,71.69,68.396,63.5539999999999,36.1,19.1,27.5
"BOOI4","2019-07-17 09:00",76.2619999999999,95.1,546909.1,0,4.713233,127.1,0.00574803149606299,77.5579999999999,71.6359999999999,68.396,63.5539999999999,36.1,19.1,27.5
"BOOI4","2019-07-17 10:00",68.9179999999999,93.8,390950,0,3.2189567,110.5,0.00476377952755906,77.99,71.582,68.414,63.5539999999999,36.1,19.1,27.5
"BOOI4","2019-07-17 11:00",66.506,98,16427.275,0.16000001,7.5250664,46.52,0.00413385826771654,76.3519999999999,71.7079999999999,68.4319999999999,63.572,37,19.7,27.6
"BOOI4","2019-07-17 12:00",67.172,100,71800.01,0.31,5.3060217,35.17,0.000196850393700787,75.4339999999999,71.5999999999999,68.4679999999999,63.572,37.2,20.2,27.6
"BOOI4","2019-07-17 13:00",67.9099999999999,100,288063.66,0,2.7894642,101.2,0.000551181102362205,75.056,71.5099999999999,68.5039999999999,63.5899999999999,37.1,20.3,27.6
"BOOI4","2019-07-17 14:00",69.4039999999999,98.3,588645.45,0,4.5253296,93.8,0.0021259842519685,75.0199999999999,71.438,68.5039999999999,63.5899999999999,37.1,20.2,27.6
"BOOI4","2019-07-17 15:00",72.788,96.4,2142636.5,0,5.0733795,86.2,0.00452755905511811,76.1539999999999,71.3659999999999,68.5039999999999,63.6079999999999,37.1,20.2,27.6
"BOOI4","2019-07-17 16:00",75.7579999999999,86.8,2232727.3,0,10.549409,124.8,0.0146062992125984,78.2779999999999,71.2939999999999,68.5039999999999,63.6079999999999,37,20.2,27.6
"BOOI4","2019-07-17 17:00",78.1159999999999,80.8,1605818.2,0,14.593797,132.8,0.0170866141732283,79.43,71.2039999999999,68.5039999999999,63.6259999999999,37,20.2,27.5
"BOOI4","2019-07-17 18:00",79.3759999999999,73.98,913909.1,0,13.030175,138.6,0.0152362204724409,79.6099999999999,71.1319999999999,68.4859999999999,63.6259999999999,37,20.2,27.5
"BOOI4","2019-07-17 19:00",78.6919999999999,76.45,464209.1,0,9.815693,139.3,0.0111417322834646,79.124,71.0779999999999,68.4859999999999,63.6259999999999,37,20.1,27.5
"BOOI4","2019-07-17 20:00",75.7579999999999,80.9,77039.09,0,7.3304524,142.9,0.00618110236220473,78.206,71.0239999999999,68.4679999999999,63.6259999999999,37,20.1,27.5
"BOOI4","2019-07-17 21:00",75.4519999999999,90.6,394.54544,0,3.7155573,118.4,0.000984251968503937,77.3599999999999,70.988,68.4499999999999,63.6439999999999,36.9,20.1,27.5
"BOOI4","2019-07-17 22:00",74.264,91.2,0,0,4.719943,128.7,7.8740157480315e-05,76.6579999999999,70.9519999999999,68.4499999999999,63.6439999999999,36.9,20,27.5
"BOOI4","2019-07-17 23:00",73.706,93.5,0,0,6.699635,142.6,0.00015748031496063,76.046,70.9159999999999,68.4319999999999,63.6439999999999,36.9,20,27.5
"BOOI4","2019-07-18 00:00",74.48,93.8,0,0,7.3237414,152.1,0.000118110236220472,75.488,70.898,68.414,63.6439999999999,36.9,20,27.5
"BOOI4","2019-07-18 01:00",74.7679999999999,92.7,0,0,8.558533,162.9,0.000196850393700787,75.0919999999999,70.8619999999999,68.396,63.6619999999999,36.9,20,27.5
"BOOI4","2019-07-18 02:00",77.5759999999999,95.1,0,0,8.489187,174.6,0.000196850393700787,74.8759999999999,70.8439999999999,68.396,63.6619999999999,36.9,19.9,27.4
"BOOI4","2019-07-18 03:00",78.0439999999999,91.7,0,0,7.5854635,188.4,0.00015748031496063,74.9119999999999,70.8079999999999,68.3779999999999,63.6619999999999,36.9,19.9,27.4
"BOOI4","2019-07-18 04:00",78.188,91.2,0,0,6.3439617,199.3,0.00031496062992126,74.9659999999999,70.7899999999999,68.3599999999999,63.68,36.9,19.9,27.4
"BOOI4","2019-07-18 05:00",78.764,91.1,599.09093,0,6.3260665,205.9,0.00031496062992126,75.0019999999999,70.7539999999999,68.3599999999999,63.68,36.9,19.9,27.4
"BOOI4","2019-07-18 06:00",78.7279999999999,92.3,41222.73,0,8.162594,209.9,0.000551181102362205,75.056,70.7359999999999,68.3419999999999,63.68,36.9,19.8,27.4
"BOOI4","2019-07-18 07:00",79.232,88.2,203836.36,0,5.7198553,238.2,0.00137795275590551,75.2179999999999,70.7359999999999,68.3239999999999,63.68,36.9,19.8,27.4
"BOOI4","2019-07-18 08:00",76.946,91.4,125200,0,2.7715685,216.7,0.00228346456692913,75.4339999999999,70.7359999999999,68.306,63.68,37,20,27.5
"BOOI4","2019-07-18 09:00",80.8159999999999,95.4,931636.35,0.16999999,1.8902143,142.2,0.00133858267716536,75.9019999999999,70.772,68.3419999999999,63.698,37.1,20.2,27.5
"BOOI4","2019-07-18 10:00",85.514,91.9,2378909,0,2.8230183,101.4,0.00775590551181103,77.9539999999999,70.772,68.3419999999999,63.7159999999999,37.1,20.3,27.5
"BOOI4","2019-07-18 11:00",86.8999999999999,77.88,2895636.5,0,5.744462,182.4,0.0206299212598425,80.564,70.772,68.3419999999999,63.7159999999999,37.1,20.3,27.5
"BOOI4","2019-07-18 12:00",88.6819999999999,77.59,3066454.6,0,7.25887,216.7,0.0261023622047244,82.7779999999999,70.7899999999999,68.3239999999999,63.7159999999999,37,20.3,27.5
"BOOI4","2019-07-18 13:00",90.1039999999999,75.79,3177272.7,0,7.0016227,217.1,0.0284251968503937,84.8659999999999,70.8259999999999,68.306,63.7339999999999,37,20.2,27.5
"BOOI4","2019-07-18 14:00",91.2019999999999,68.87,3035454.6,0,8.122329,194.6,0.0306299212598425,86.4319999999999,70.88,68.288,63.7339999999999,37,20.2,27.5
"BOOI4","2019-07-18 15:00",91.8499999999999,67.46,2701091,0,8.643537,188.7,0.0309055118110236,87.53,70.9699999999999,68.288,63.7339999999999,36.9,20.1,27.4
"BOOI4","2019-07-18 16:00",92.282,68.13,2246091,0,9.220667,185.2,0.0287795275590551,88.0699999999999,71.0599999999999,68.2699999999999,63.7339999999999,36.8,20.1,27.4
"BOOI4","2019-07-18 17:00",91.8499999999999,70.25,1694363.6,0,10.379401,175.1,0.025236220472441,88.0519999999999,71.1859999999999,68.2519999999999,63.7519999999999,36.8,20.1,27.4
"BOOI4","2019-07-18 18:00",90.1759999999999,70.48,987454.5,0,8.938812,189.3,0.0202755905511811,87.3859999999999,71.3119999999999,68.2519999999999,63.7339999999999,36.8,20,27.4
"BOOI4","2019-07-18 19:00",87.0619999999999,74.7,462272.74,0,7.7062583,190.9,0.0132283464566929,86.1259999999999,71.438,68.2519999999999,63.7519999999999,36.8,20,27.3
"BOOI4","2019-07-18 20:00",83.0839999999999,82.7,72668.18,0,4.6192813,195.4,0.00598425196850394,84.6679999999999,71.582,68.2519999999999,63.7519999999999,36.8,20,27.3
"BOOI4","2019-07-18 21:00",81.9679999999999,92,1817.2727,0,1.2996621,194.6,0.00031496062992126,83.4259999999999,71.7079999999999,68.2519999999999,63.7519999999999,36.8,19.9,27.3
"BOOI4","2019-07-18 22:00",81.896,90.9,0,0,1.6530987,191.5,-0.00047244094488189,82.3819999999999,71.8159999999999,68.2519999999999,63.7519999999999,36.8,19.9,27.3
"BOOI4","2019-07-18 23:00",81.9319999999999,87.9,0,0,4.1517606,196.4,0.000118110236220472,81.482,71.9239999999999,68.2699999999999,63.7699999999999,36.9,19.8,27.3
"BOOI4","2019-07-19 00:00",80.7079999999999,88.7,0,0,5.6057715,189.7,0.00047244094488189,80.7259999999999,72.014,68.288,63.7519999999999,36.9,19.8,27.3
"BOOI4","2019-07-19 01:00",79.8439999999999,91.1,0,0,5.361945,193.4,0.00031496062992126,80.0599999999999,72.0859999999999,68.288,63.7519999999999,36.9,19.8,27.3
"BOOI4","2019-07-19 02:00",79.448,91.6,0,0,4.579016,201.8,0,79.448,72.14,68.3239999999999,63.7699999999999,36.9,19.8,27.3
"BOOI4","2019-07-19 03:00",78.2599999999999,91.3,0,0,4.6349397,222.7,7.8740157480315e-05,78.872,72.1939999999999,68.3419999999999,63.7699999999999,36.9,19.7,27.4
"BOOI4","2019-07-19 04:00",76.082,92.1,0,0,4.3307157,231.5,-3.93700787401575e-05,78.296,72.23,68.3599999999999,63.7699999999999,36.9,19.7,27.4
"BOOI4","2019-07-19 05:00",75.2539999999999,96.1,1659.0908,0,1.4607219,218,-0.000708661417322835,77.7739999999999,72.2659999999999,68.3779999999999,63.7699999999999,36.9,19.7,27.4
"BOOI4","2019-07-19 06:00",77.5939999999999,97.4,163852.72,0,1.1676828,201,-0.000826771653543307,77.3599999999999,72.2659999999999,68.396,63.7699999999999,36.9,19.7,27.4
"BOOI4","2019-07-19 07:00",81.6619999999999,93,686363.65,0,2.2548356,198.8,-0.00015748031496063,77.306,72.2839999999999,68.4319999999999,63.7699999999999,36.9,19.7,27.4
"BOOI4","2019-07-19 08:00",83.48,86.4,1291000,0,4.2278166,200.3,0.00523622047244095,77.9179999999999,72.2839999999999,68.4499999999999,63.7699999999999,36.9,19.7,27.4
"BOOI4","2019-07-19 09:00",85.0999999999999,81.8,1888454.6,0,6.912144,184.9,0.0115748031496063,79.2859999999999,72.2659999999999,68.4679999999999,63.7699999999999,36.8,19.6,27.3
"BOOI4","2019-07-19 10:00",86.5939999999999,79.55,2420454.6,0,5.97263,198.1,0.0170866141732283,81.23,72.2659999999999,68.5039999999999,63.7699999999999,36.8,19.6,27.3
"BOOI4","2019-07-19 11:00",88.4659999999999,75.93,2831363.5,0,7.2543964,191.3,0.0224803149606299,83.3179999999999,72.2839999999999,68.5039999999999,63.7699999999999,36.7,19.6,27.3
"BOOI4","2019-07-19 12:00",90.0859999999999,72.61,3091818,0,7.4803276,196.4,0.0267322834645669,85.406,72.3019999999999,68.5399999999999,63.7699999999999,36.6,19.6,27.3
"BOOI4","2019-07-19 13:00",91.49,71.14,3162727.3,0,7.621255,198.1,0.0297637795275591,87.4039999999999,72.338,68.5579999999999,63.788,36.5,19.6,27.3
"BOOI4","2019-07-19 14:00",93.0019999999999,68.7,3027272.7,0,8.94776,191,0.0313779527559055,89.222,72.3919999999999,68.5759999999999,63.788,36.5,19.6,27.3
"BOOI4","2019-07-19 15:00",93.362,68.39,2719454.3,0,9.86938,186.2,0.031259842519685,90.8419999999999,72.482,68.5939999999999,63.788,36.4,19.5,27.3
"BOOI4","2019-07-19 16:00",93.7939999999999,67.33,2257363.5,0,10.437562,189.7,0.0294094488188976,91.922,72.572,68.6119999999999,63.788,36.3,19.5,27.2
"BOOI4","2019-07-19 17:00",93.146,71.33,1547727.3,0,9.444361,193.6,0.0254330708661417,92.282,72.68,68.6119999999999,63.788,36.3,19.4,27.2
"BOOI4","2019-07-19 18:00",91.6159999999999,71.27,1001636.4,0,9.32804,196.2,0.0193700787401575,91.796,72.788,68.63,63.806,36.3,19.4,27.2
"BOOI4","2019-07-19 19:00",89.006,74.36,520909.1,0,7.7465234,194.9,0.013503937007874,90.464,72.914,68.6659999999999,63.806,36.3,19.3,27.2
"BOOI4","2019-07-19 20:00",85.5859999999999,75.67,92649.09,0,6.0553966,206.8,0.00751968503937008,88.5019999999999,73.0399999999999,68.6659999999999,63.806,36.3,19.3,27.2
"BOOI4","2019-07-19 21:00",83.156,82.8,516.3636,0,5.6259046,217,0.00283464566929134,86.8819999999999,73.148,68.7019999999999,63.806,36.4,19.3,27.2
"BOOI4","2019-07-19 22:00",82.0039999999999,88.6,0,0,2.9572346,211,0.000118110236220472,85.532,73.256,68.7199999999999,63.806,36.3,19.2,27.2
"BOOI4","2019-07-19 23:00",81.2119999999999,89.8,0,0,2.9303913,210.4,-0.000118110236220472,84.4339999999999,73.346,68.756,63.8239999999999,36.4,19.2,27.2
"BOOI4","2019-07-20 00:00",79.3759999999999,91,0,0,3.0355275,218.3,-0.000118110236220472,83.48,73.3999999999999,68.7739999999999,63.806,36.4,19.2,27.2
"BOOI4","2019-07-20 01:00",78.9079999999999,95.4,0,0,1.0737312,197.4,-0.000708661417322835,82.6519999999999,73.4539999999999,68.8099999999999,63.8239999999999,36.4,19.2,27.1
"BOOI4","2019-07-20 02:00",77.18,95.2,0,0,0,0,-0.00106299212598425,81.896,73.49,68.8279999999999,63.8239999999999,36.4,19.2,27.1
"BOOI4","2019-07-20 03:00",77.306,98.2,0,0,0.65989727,183.4,-0.000905511811023622,81.2119999999999,73.5259999999999,68.864,63.8239999999999,36.5,19.2,27.1
"BOOI4","2019-07-20 04:00",76.8019999999999,97.3,0,0,1.0312294,206.2,-0.000866141732283465,80.564,73.5259999999999,68.8999999999999,63.8419999999999,36.5,19.2,27.1
"BOOI4","2019-07-20 05:00",76.6579999999999,97.5,1828.1819,0,3.0332906,194.8,-0.000590551181102362,79.9699999999999,73.5259999999999,68.9359999999999,63.8419999999999,36.5,19.2,27.1
"BOOI4","2019-07-20 06:00",78.1159999999999,96.8,169627.26,0,3.3397515,197.8,-0.000511811023622047,79.4659999999999,73.5259999999999,68.972,63.8419999999999,36.5,19.2,27.1
"BOOI4","2019-07-20 07:00",81.1579999999999,92.8,677181.8,0,4.3441377,196.5,0.000236220472440945,79.2679999999999,73.5079999999999,69.0079999999999,63.8419999999999,36.5,19.1,27.1
"BOOI4","2019-07-20 08:00",83.822,85.3,1296818.1,0,6.0576334,205.5,0.00547244094488189,79.556,73.49,69.0259999999999,63.8599999999999,36.4,19.1,27.1
"BOOI4","2019-07-20 09:00",85.6579999999999,80.3,1924818.2,0,7.1805773,213.1,0.0118897637795276,80.78,73.4539999999999,69.0619999999999,63.8599999999999,36.3,19.1,27.1
"BOOI4","2019-07-20 10:00",87.3859999999999,78.16,2312727.3,0,7.1358385,220.4,0.0179527559055118,82.9579999999999,73.4359999999999,69.08,63.8779999999999,36.3,19.1,27.1
"BOOI4","2019-07-20 11:00",87.098,76.69,1989363.6,0,5.7153816,227.9,0.0217322834645669,85.172,73.4179999999999,69.1159999999999,63.8779999999999,36.2,19.1,27.1
"BOOI4","2019-07-20 12:00",76.8199999999999,75.82,1897272.7,0,6.2701426,285.6,0.0195669291338583,86.072,73.4179999999999,69.1339999999999,63.8779999999999,36.2,19.1,27
"BOOI4","2019-07-20 13:00",77.738,80.1,2137091,0,12.253958,11.14,0.0178740157480315,86.63,73.4359999999999,69.1699999999999,63.8779999999999,36.1,19.1,27
"BOOI4","2019-07-20 14:00",78.7999999999999,80.5,2371545.4,0,12.321065,33.28,0.0195669291338583,87.2779999999999,73.4539999999999,69.1699999999999,63.896,36.1,19.1,27
"BOOI4","2019-07-20 15:00",79.7359999999999,79.99,2039909.2,0,11.819991,51.22,0.0207086614173228,88.556,73.472,69.206,63.896,36,19,27
"BOOI4","2019-07-20 16:00",73.2019999999999,77.06,231868.18,0,9.1848755,53.53,0.0190944881889764,87.8179999999999,73.5259999999999,69.2239999999999,63.896,36.1,19,27
"BOOI4","2019-07-20 17:00",73.2019999999999,94.9,15861.82,0.28,7.5988855,32.1,0.0044488188976378,84.7939999999999,73.6159999999999,69.2599999999999,63.914,36.7,19.3,27
"BOOI4","2019-07-20 18:00",72.7699999999999,96,18571.817,0.030000001,7.466906,151.1,0.000866141732283465,82.8499999999999,73.58,69.314,63.932,36.8,19.5,27
"BOOI4","2019-07-20 19:00",72.446,98.1,9818.182,0,3.9728055,10.72,0.000511811023622047,81.482,73.5439999999999,69.3499999999999,63.9499999999999,36.9,19.6,27
"BOOI4","2019-07-20 20:00",72.3019999999999,98.2,63390.91,0,3.87438,328.9,0.000196850393700787,80.4739999999999,73.5079999999999,69.3859999999999,63.9499999999999,36.9,19.6,26.9
"BOOI4","2019-07-20 21:00",68.3779999999999,95.2,1526.3637,0,4.954822,6.237,0,79.2679999999999,73.4539999999999,69.3859999999999,63.9679999999999,36.9,19.6,26.9
"BOOI4","2019-07-20 22:00",66.8119999999999,97.9,0,0,9.240799,18.53,0.00031496062992126,77.99,73.3819999999999,69.4039999999999,63.9679999999999,36.9,19.6,26.9
"BOOI4","2019-07-20 23:00",66.0019999999999,98.6,0,0,6.478178,18.89,0.00015748031496063,76.9099999999999,73.3099999999999,69.4039999999999,63.9859999999999,36.8,19.6,26.9
"BOOI4","2019-07-21 00:00",65.3539999999999,98.2,0,0,4.6192813,16.54,0.000118110236220472,75.956,73.2199999999999,69.422,64.0039999999999,36.8,19.5,26.9
"BOOI4","2019-07-21 01:00",65.0119999999999,98.2,0,0,3.8855648,14.63,0.000118110236220472,75.056,73.13,69.44,64.0039999999999,36.8,19.5,26.9
"BOOI4","2019-07-21 02:00",65.624,98.6,0,0,6.2656693,11.07,0.000118110236220472,74.372,73.0399999999999,69.44,64.0039999999999,36.8,19.5,26.9
"BOOI4","2019-07-21 03:00",65.4259999999999,99.8,0,0,3.471731,139.6,3.93700787401575e-05,73.9759999999999,72.914,69.44,64.0039999999999,36.8,19.5,26.9
"BOOI4","2019-07-21 04:00",64.8859999999999,100,0,0,1.0513618,273.6,0,73.5079999999999,72.806,69.44,64.022,36.7,19.4,26.9
"BOOI4","2019-07-21 05:00",65.4619999999999,100,5814.5456,0,3.2569845,11.98,0,73.0399999999999,72.6619999999999,69.44,64.022,36.7,19.4,26.9
"BOOI4","2019-07-21 06:00",66.3439999999999,100,102927.27,0,5.218781,14.07,3.93700787401575e-05,72.8239999999999,72.5359999999999,69.44,64.0399999999999,36.7,19.4,26.9
"BOOI4","2019-07-21 07:00",67.1359999999999,98.2,416827.27,0,4.6438875,10.43,-0.00062992125984252,72.806,72.4099999999999,69.44,64.0579999999999,36.7,19.4,26.9
"BOOI4","2019-07-21 08:00",67.8019999999999,96.3,471181.82,0,4.8273163,20.98,0.00228346456692913,73.1119999999999,72.2839999999999,69.44,64.0579999999999,36.7,19.4,26.9
"BOOI4","2019-07-21 09:00",67.9279999999999,95.3,616000,0,5.820518,55.09,0.00346456692913386,73.6699999999999,72.1579999999999,69.422,64.0579999999999,36.6,19.3,26.9
"BOOI4","2019-07-21 10:00",68.5579999999999,95.2,624272.7,0,5.6818275,64.79,0.00468503937007874,74.138,72.032,69.4039999999999,64.0759999999999,36.6,19.3,26.9
"BOOI4","2019-07-21 11:00",71.798,93.4,953363.65,0,5.4916873,46.75,0.005,74.606,71.906,69.4039999999999,64.0759999999999,36.6,19.3,26.9
"BOOI4","2019-07-21 12:00",73.5259999999999,87.3,1677545.5,0,4.5633574,32.46,0.00783464566929134,75.938,71.8159999999999,69.3859999999999,64.0939999999999,36.5,19.3,26.9
"BOOI4","2019-07-21 13:00",75.7039999999999,83.5,2314909,0,5.762357,19,0.0138188976377953,77.648,71.69,69.3679999999999,64.0939999999999,36.5,19.3,26.9
"BOOI4","2019-07-21 14:00",75.848,79.38,1528181.9,0,7.1693926,23.11,0.0189370078740158,78.98,71.5999999999999,69.332,64.0939999999999,36.4,19.3,26.8
"BOOI4","2019-07-21 15:00",75.9019999999999,74.25,1090909,0,7.66823,18.85,0.0146850393700787,78.998,71.5279999999999,69.314,64.1119999999999,36.4,19.3,26.8
"BOOI4","2019-07-21 16:00",74.948,75,632727.23,0,7.191762,23.77,0.012244094488189,78.4039999999999,71.456,69.296,64.1119999999999,36.4,19.2,26.8
"BOOI4","2019-07-21 17:00",75.3079999999999,73.38,692272.7,0,6.623579,22.81,0.00877952755905512,77.972,71.4199999999999,69.2599999999999,64.1119999999999,36.4,19.2,26.8
"BOOI4","2019-07-21 18:00",74.822,77.32,437000,0,3.8117456,24.49,0.00755905511811024,77.7019999999999,71.3839999999999,69.2419999999999,64.13,36.4,19.2,26.8
"BOOI4","2019-07-21 19:00",73.364,76.48,188890.9,0,2.7603838,21.01,0.00480314960629921,77.1079999999999,71.348,69.206,64.148,36.4,19.2,26.8
"BOOI4","2019-07-21 20:00",71.7259999999999,78.62,32461.815,0,4.113733,9.1,0.00350393700787402,76.172,71.3119999999999,69.188,64.148,36.4,19.1,26.8
"BOOI4","2019-07-21 21:00",69.8359999999999,84,338.18182,0,3.7222683,8.08,0.00181102362204724,75.2179999999999,71.2759999999999,69.1519999999999,64.1659999999999,36.4,19.1,26.8
"BOOI4","2019-07-21 22:00",68.7199999999999,89,0,0,1.6061229,0.296,0.00031496062992126,74.3179999999999,71.24,69.1339999999999,64.1659999999999,36.4,19.1,26.7
"BOOI4","2019-07-21 23:00",68.396,89.8,0,0,2.8520985,342.5,0.00031496062992126,73.58,71.1859999999999,69.098,64.1659999999999,36.3,19.1,26.7
"BOOI4","2019-07-22 00:00",67.4599999999999,83.5,0,0,4.136102,348.3,0.000669291338582677,72.8779999999999,71.1499999999999,69.08,64.1659999999999,36.3,19,26.7
"BOOI4","2019-07-22 01:00",67.6939999999999,87.1,0,0,3.8654325,351.5,0.000708661417322835,72.1579999999999,71.096,69.0439999999999,64.1839999999999,36.3,19,26.7
"BOOI4","2019-07-22 02:00",66.38,88.4,0,0,5.0040345,344.4,0.000590551181102362,71.5279999999999,71.0419999999999,69.0259999999999,64.1839999999999,36.3,19,26.7
"BOOI4","2019-07-22 03:00",64.58,90.2,0,0,7.140312,346.4,0.000669291338582677,70.772,70.9699999999999,69.0079999999999,64.2019999999999,36.3,19,26.7
"BOOI4","2019-07-22 04:00",63.0319999999999,92.8,0,0,7.06202,348.2,0.00047244094488189,70.0699999999999,70.898,68.972,64.2019999999999,36.3,19,26.7
"BOOI4","2019-07-22 05:00",61.898,95.7,2685.4546,0,6.3864636,344.4,0.000275590551181102,69.3679999999999,70.8259999999999,68.9539999999999,64.2019999999999,36.2,19.1,26.7
"BOOI4","2019-07-22 06:00",62.798,97.1,187827.27,0,5.6438,346.8,0.000118110236220472,68.7739999999999,70.7359999999999,68.9359999999999,64.2019999999999,36.3,19.1,26.7
"BOOI4","2019-07-22 07:00",65.372,93.5,713000,0,6.679503,344.9,-3.93700787401575e-05,68.4319999999999,70.6279999999999,68.8999999999999,64.2199999999999,36.3,19.1,26.6
"BOOI4","2019-07-22 08:00",67.7659999999999,87.1,1340181.9,0,7.625728,347.6,0.00409448818897638,68.738,70.538,68.8819999999999,64.2199999999999,36.2,19,26.6
"BOOI4","2019-07-22 09:00",69.98,82.9,1959454.6,0,8.030615,5.291,0.00913385826771654,69.9259999999999,70.43,68.846,64.2199999999999,36.2,19,26.6
"BOOI4","2019-07-22 10:00",72.1579999999999,77.94,2538000,0,7.9500847,4.264,0.0143307086614173,71.8519999999999,70.322,68.8279999999999,64.2199999999999,36.2,19,26.6
"BOOI4","2019-07-22 11:00",73.2739999999999,67.22,2939181.6,0,10.07294,4.146,0.0200393700787402,74.0839999999999,70.214,68.7919999999999,64.2199999999999,36.1,19,26.6
"BOOI4","2019-07-22 12:00",73.814,61.84,3135454.6,0,10.5136175,9.25,0.0253149606299213,76.2439999999999,70.124,68.7739999999999,64.238,36,19,26.6
"BOOI4","2019-07-22 13:00",74.4259999999999,54.6,3306363.8,0,9.793323,4.21,0.0280708661417323,78.3499999999999,70.0699999999999,68.738,64.238,35.9,18.9,26.6
"BOOI4","2019-07-22 14:00",74.498,50.36,3190909.2,0,9.623316,1.419,0.0301968503937008,80.348,70.0159999999999,68.7019999999999,64.238,35.8,18.9,26.6
"BOOI4","2019-07-22 15:00",75.1279999999999,49.03,2893909.2,0,10.225053,1.628,0.0303937007874016,82.0579999999999,69.98,68.6659999999999,64.238,35.8,18.8,26.6
"BOOI4","2019-07-22 16:00",75.4519999999999,49.75,2394000,0,8.504846,1.119,0.0278740157480315,82.832,69.9619999999999,68.648,64.238,35.8,18.8,26.5
"BOOI4","2019-07-22 17:00",74.9839999999999,49.48,1806091,0,8.372867,353,0.0243700787401575,82.814,69.9439999999999,68.6119999999999,64.238,35.7,18.8,26.5
"BOOI4","2019-07-22 18:00",73.8859999999999,51.61,1066818.2,0,7.914294,351.5,0.0196456692913386,82.1839999999999,69.9259999999999,68.5759999999999,64.238,35.7,18.8,26.5
"BOOI4","2019-07-22 19:00",71.1859999999999,52.62,558000,0,7.9389,343.5,0.0141732283464567,80.4919999999999,69.9079999999999,68.5399999999999,64.256,35.7,18.8,26.5
"BOOI4","2019-07-22 20:00",64.9759999999999,61.04,103853.64,0,5.81157,346.1,0.00795275590551181,78.3499999999999,69.89,68.5039999999999,64.256,35.7,18.7,26.5
"BOOI4","2019-07-22 21:00",62.996,78.29,563.6363,0,2.682091,341,0.000275590551181102,76.4239999999999,69.8539999999999,68.4679999999999,64.256,35.7,18.7,26.5
"BOOI4","2019-07-22 22:00",60.3859999999999,80.8,0,0,1.6665204,341.7,-0.000551181102362205,74.7499999999999,69.7999999999999,68.4499999999999,64.256,35.7,18.7,26.5
"BOOI4","2019-07-22 23:00",59.7919999999999,87.4,0,0,0.45633575,340.4,-0.00122047244094488,73.3099999999999,69.746,68.414,64.256,35.7,18.7,26.4
"BOOI4","2019-07-23 00:00",59.3239999999999,87.8,0,0,0.2125093,295.8,-0.00133858267716536,72.0859999999999,69.6739999999999,68.3779999999999,64.256,35.7,18.7,26.4
"BOOI4","2019-07-23 01:00",58.874,90.3,0,0,0.6845036,303.3,-0.00110236220472441,71.006,69.5839999999999,68.3779999999999,64.256,35.7,18.6,26.4
"BOOI4","2019-07-23 02:00",58.622,90.5,0,0,0.3802798,303,-0.00125984251968504,70.0519999999999,69.4939999999999,68.3419999999999,64.256,35.7,18.6,26.4
"BOOI4","2019-07-23 03:00",58.2259999999999,91.1,0,0,0.4876529,309.2,-0.00122047244094488,69.206,69.3859999999999,68.306,64.256,35.7,18.6,26.3
"BOOI4","2019-07-23 04:00",58.172,91.2,0,0,0.9551734,311.1,-0.00102362204724409,68.4499999999999,69.2599999999999,68.288,64.256,35.7,18.6,26.3
"BOOI4","2019-07-23 05:00",57.3439999999999,90.9,1435.4546,0,1.899162,310.4,-0.000708661417322835,67.73,69.1339999999999,68.2519999999999,64.256,35.6,18.7,26.3
"BOOI4","2019-07-23 06:00",60.098,91.9,162105.45,0,0.9238562,313.2,-0.00102362204724409,67.1179999999999,69.0079999999999,68.2159999999999,64.256,35.6,18.7,26.3
"BOOI4","2019-07-23 07:00",64.5259999999999,86.2,714545.5,0,0.5569981,306.8,-0.00094488188976378,66.848,68.864,68.18,64.256,35.6,18.6,26.3
"BOOI4","2019-07-23 08:00",68.2699999999999,78.63,1349818.1,0,4.5230927,343.5,0.00448818897637795,67.2259999999999,68.738,68.1439999999999,64.256,35.6,18.6,26.2
"BOOI4","2019-07-23 09:00",71.6539999999999,71.29,1982727.3,0,5.097986,348.1,0.01,68.6119999999999,68.6119999999999,68.1259999999999,64.256,35.5,18.6,26.2
"BOOI4","2019-07-23 10:00",74.606,67.34,2534818.4,0,4.874292,353.9,0.0155905511811024,71.348,68.4859999999999,68.072,64.256,35.5,18.6,26.2
"BOOI4","2019-07-23 11:00",76.3159999999999,57.64,2992363.8,0,4.719943,351.9,0.0210629921259843,74.7859999999999,68.3779999999999,68.0359999999999,64.238,35.4,18.6,26.2
"BOOI4","2019-07-23 12:00",76.388,50.09,2957454.6,0,4.9704804,351.2,0.0263779527559055,78.5839999999999,68.306,67.9999999999999,64.256,35.3,18.5,26.2
"BOOI4","2019-07-23 13:00",77.5039999999999,47.1,3092000,0,3.836352,347.6,0.0260629921259843,81.59,68.2519999999999,67.964,64.238,35.2,18.5,26.2
"BOOI4","2019-07-23 14:00",79.2679999999999,47.18,2901272.7,0,2.876705,335.8,0.0266929133858268,84.3439999999999,68.2339999999999,67.9279999999999,64.238,35.1,18.4,26.2
"BOOI4","2019-07-23 15:00",79.4839999999999,49.72,2117363.8,0,3.3688316,333.3,0.025748031496063,86.072,68.2159999999999,67.874,64.238,35.1,18.4,26.2
"BOOI4","2019-07-23 16:00",80.1499999999999,48.13,2258181.6,0,2.7827532,350.5,0.0195669291338583,86.756,68.2519999999999,67.8199999999999,64.238,35,18.4,26.2
"BOOI4","2019-07-23 17:00",80.1499999999999,48.37,1911000,0,3.1048727,331.1,0.0205905511811024,87.314,68.288,67.7839999999999,64.238,35,18.4,26.1
"BOOI4","2019-07-23 18:00",78.872,46.58,1061454.6,0,3.0534232,337.5,0.0174015748031496,86.846,68.3239999999999,67.748,64.238,35,18.4,26.1
"BOOI4","2019-07-23 19:00",75.8659999999999,55.29,526909.1,0,2.5523486,343.5,0.0101574803149606,84.956,68.3779999999999,67.6939999999999,64.2199999999999,35,18.3,26.1
"BOOI4","2019-07-23 20:00",70.4839999999999,65.14,78807.274,0,1.0245185,359.2,0.00346456692913386,82.598,68.4319999999999,67.6579999999999,64.2199999999999,35.1,18.3,26.1
"BOOI4","2019-07-23 21:00",67.496,74.38,369.09088,0,0,0,-0.0012992125984252,80.4739999999999,68.4679999999999,67.64,64.2199999999999,35.1,18.3,26
"BOOI4","2019-07-23 22:00",68.288,80,0,0,0.13197947,335,-0.00145669291338583,78.638,68.5039999999999,67.6039999999999,64.2199999999999,35.1,18.2,26
"BOOI4","2019-07-23 23:00",67.1539999999999,75.35,0,0,0.28632835,351.9,-0.00133858267716536,77.1079999999999,68.5039999999999,67.5679999999999,64.2199999999999,35.1,18.2,26
"BOOI4","2019-07-24 00:00",64.2199999999999,76.4,0,0,0.9126715,338.2,-0.000905511811023622,75.7579999999999,68.522,67.5499999999999,64.2019999999999,35.1,18.3,26
"BOOI4","2019-07-24 01:00",65.5159999999999,82.6,0,0,0,0,-0.00153543307086614,74.5699999999999,68.5039999999999,67.514,64.2019999999999,35.1,18.2,26
"BOOI4","2019-07-24 02:00",64.0759999999999,77.74,0,0,0.28632835,338.8,-0.00133858267716536,73.49,68.4679999999999,67.496,64.2019999999999,35.1,18.2,25.9
"BOOI4","2019-07-24 03:00",63.122,82.1,0,0,1.194526,333.8,-0.00078740157480315,72.5359999999999,68.414,67.4779999999999,64.2019999999999,35.1,18.2,25.9
"BOOI4","2019-07-24 04:00",61.3399999999999,84.2,0,0,1.6173075,335.9,-0.000590551181102362,71.6359999999999,68.3599999999999,67.4599999999999,64.2019999999999,35.1,18.2,25.9
"BOOI4","2019-07-24 05:00",57.83,85.5,1763.6365,0,0,0,-0.00149606299212598,70.8079999999999,68.288,67.4419999999999,64.1839999999999,35.1,18.2,25.9
"BOOI4","2019-07-24 06:00",61.538,95.3,169554.57,0,0,0,-0.00145669291338583,70.124,68.198,67.406,64.1839999999999,35.1,18.2,25.9
"BOOI4","2019-07-24 07:00",69.332,93.3,701545.4,0,0.116320886,277.4,-0.00094488188976378,69.9259999999999,68.1079999999999,67.388,64.1839999999999,35,18.1,25.9
"BOOI4","2019-07-24 08:00",73.94,76.43,1339909,0,0,0,0.00330708661417323,70.43,68.0179999999999,67.388,64.1659999999999,35,18.1,25.9
"BOOI4","2019-07-24 09:00",76.3519999999999,68.44,1923272.7,0,0,0,0.00893700787401575,71.798,67.9099999999999,67.3519999999999,64.1659999999999,34.9,18.1,25.8
"BOOI4","2019-07-24 10:00",78.1519999999999,63.78,2499727.3,0,0.6442387,184.9,0.0146456692913386,74.39,67.838,67.3339999999999,64.1659999999999,34.8,18.1,25.8
"BOOI4","2019-07-24 11:00",78.296,57.66,2891363.8,0,2.2883897,201.7,0.0205511811023622,77.7739999999999,67.7839999999999,67.298,64.148,34.7,18,25.8
"BOOI4","2019-07-24 12:00",79.5919999999999,58.18,3290000,0,2.5501115,196.8,0.0243700787401575,81.3919999999999,67.7839999999999,67.28,64.148,34.6,18,25.8
"BOOI4","2019-07-24 13:00",80.1319999999999,55.99,3050909.2,0,2.8476245,198.7,0.027992125984252,84.5599999999999,67.856,67.2619999999999,64.148,34.6,18,25.8
"BOOI4","2019-07-24 14:00",80.2579999999999,56.03,3122181.6,0,2.9930258,209.7,0.0265748031496063,87.44,67.946,67.2259999999999,64.13,34.5,18,25.8
"BOOI4","2019-07-24 15:00",80.8519999999999,54.63,2935000,0,3.1876395,221,0.0273622047244095,89.6179999999999,68.0539999999999,67.2079999999999,64.13,34.4,18,25.7
"BOOI4","2019-07-24 16:00",81.5359999999999,52.28,2415272.7,0,4.299399,203,0.0267716535433071,90.7339999999999,68.18,67.172,64.1119999999999,34.3,18,25.7
"BOOI4","2019-07-24 17:00",80.888,50.58,1681909,0,3.7714808,195.5,0.0223622047244094,90.7879999999999,68.288,67.1539999999999,64.1119999999999,34.3,17.9,25.7
"BOOI4","2019-07-24 18:00",79.2499999999999,51.48,1025909,0,3.2301414,168.3,0.0159842519685039,89.7259999999999,68.396,67.1359999999999,64.1119999999999,34.3,17.9,25.7
"BOOI4","2019-07-24 19:00",77.738,53.23,502272.74,0,2.8878896,164.5,0.0101968503937008,87.5839999999999,68.5039999999999,67.1179999999999,64.1119999999999,34.3,17.9,25.7
"BOOI4","2019-07-24 20:00",74.1739999999999,65.18,92861.82,0,1.2683449,179.6,0.00366141732283465,85.2259999999999,68.5939999999999,67.0999999999999,64.0939999999999,34.3,17.9,25.6
"BOOI4","2019-07-24 21:00",71.1499999999999,69.16,210.00001,0,0.17224438,117,-0.00153543307086614,83.0659999999999,68.6659999999999,67.082,64.0939999999999,34.3,17.8,25.6
"BOOI4","2019-07-24 22:00",68.1259999999999,75.6,0,0,2.2033858,145.1,7.8740157480315e-05,81.1759999999999,68.7199999999999,67.082,64.0759999999999,34.3,17.8,25.6
"BOOI4","2019-07-24 23:00",64.148,85.3,0,0,3.462783,151.3,0.000275590551181102,79.5199999999999,68.756,67.082,64.0759999999999,34.3,17.8,25.6
"BOOI4","2019-07-25 00:00",63.6619999999999,91.4,0,0,1.7067852,162.8,-0.000669291338582677,78.098,68.7739999999999,67.064,64.0579999999999,34.3,17.8,25.6
"BOOI4","2019-07-25 01:00",62.1679999999999,91.9,0,0,0.30422387,178.9,-0.00125984251968504,76.874,68.7739999999999,67.082,64.0579999999999,34.3,17.8,25.6
"BOOI4","2019-07-25 02:00",62.3839999999999,94.8,0,0,0,0,-0.00137795275590551,75.7759999999999,68.7739999999999,67.064,64.0579999999999,34.3,17.8,25.6
"BOOI4","2019-07-25 03:00",60.872,93.9,0,0,0,0,-0.00137795275590551,74.7499999999999,68.738,67.082,64.0579999999999,34.3,17.8,25.6
"BOOI4","2019-07-25 04:00",60.188,96.5,0,0,0.7627965,181.6,-0.00110236220472441,73.832,68.6839999999999,67.064,64.0399999999999,34.3,17.8,25.6
"BOOI4","2019-07-25 05:00",59.288,97.3,2296.3636,0,0.18342909,164.7,-0.0012992125984252,72.9679999999999,68.63,67.064,64.0399999999999,34.3,17.8,25.5
"BOOI4","2019-07-25 06:00",61.4659999999999,97.6,194363.63,0,0.6956883,175.1,-0.00110236220472441,72.1939999999999,68.5399999999999,67.064,64.022,34.3,17.8,25.5
"BOOI4","2019-07-25 07:00",63.4999999999999,94.2,349981.84,0,3.1138203,159.1,-0.00031496062992126,71.7259999999999,68.4679999999999,67.064,64.022,34.3,17.8,25.5
"BOOI4","2019-07-25 08:00",71.0419999999999,94.3,1265818.1,0,2.1922011,170.4,0.00192913385826772,71.798,68.3779999999999,67.064,64.022,34.3,17.7,25.5
"BOOI4","2019-07-25 09:00",75.7579999999999,81.6,2022181.9,0,4.6438875,190.2,0.0084251968503937,72.914,68.288,67.064,64.0039999999999,34.2,17.7,25.5
"BOOI4","2019-07-25 10:00",78.53,69.55,2464818,0,6.7667437,197,0.0166929133858268,75.1819999999999,68.2159999999999,67.064,64.0039999999999,34.1,17.7,25.4
"BOOI4","2019-07-25 11:00",78.6019999999999,60.69,2707181.6,0,8.636826,196.7,0.0229527559055118,78.098,68.18,67.0279999999999,64.0039999999999,33.9,17.7,25.4
"BOOI4","2019-07-25 12:00",77.4859999999999,59.09,1690090.8,0,9.949909,193.6,0.0268897637795276,80.0779999999999,68.198,67.0279999999999,64.0039999999999,33.9,17.7,25.4
"BOOI4","2019-07-25 13:00",77.8999999999999,63.52,1472545.5,0,6.9814897,205.7,0.0185826771653543,80.6179999999999,68.2699999999999,67.0099999999999,63.9859999999999,33.8,17.6,25.4
"BOOI4","2019-07-25 14:00",75.9199999999999,64.11,827727.3,0,6.815956,193,0.016496062992126,80.888,68.3599999999999,67.0099999999999,63.9679999999999,33.8,17.6,25.4
"BOOI4","2019-07-25 15:00",77.9179999999999,70.81,1379818.2,0,5.3977365,190.9,0.0107874015748031,80.906,68.4679999999999,66.9919999999999,63.9679999999999,33.8,17.6,25.4
"BOOI4","2019-07-25 16:00",77.9539999999999,63.04,1338091,0,8.7486725,175.3,0.0162204724409449,81.572,68.5759999999999,66.9739999999999,63.9679999999999,33.8,17.6,25.3
"BOOI4","2019-07-25 17:00",73.4359999999999,65.36,390981.8,0,9.359357,176.1,0.0168110236220472,81.3019999999999,68.6659999999999,66.9739999999999,63.9499999999999,33.8,17.6,25.3
"BOOI4","2019-07-25 18:00",69.998,85,110527.275,0,3.8922756,196.8,0.00590551181102362,80.0239999999999,68.738,66.9739999999999,63.9499999999999,33.8,17.6,25.3
"BOOI4","2019-07-25 19:00",68.63,93.9,40330,0.010000001,1.9908766,231.3,0.00137795275590551,78.638,68.8099999999999,66.956,63.9499999999999,33.8,17.6,25.4
"BOOI4","2019-07-25 20:00",68.3779999999999,94.1,10170,0.010000001,3.0332906,199,0.000748031496062992,77.414,68.864,66.956,63.9499999999999,33.8,17.6,25.4
"BOOI4","2019-07-25 21:00",67.64,94.4,20.909091,0,3.2950127,175.2,0.00062992125984252,76.406,68.9179999999999,66.956,63.932,33.8,17.6,25.3
"BOOI4","2019-07-25 22:00",68.6119999999999,91.6,0,0.010000001,1.2213693,194.5,0.00015748031496063,75.5599999999999,68.9359999999999,66.956,63.932,33.8,17.5,25.3
"BOOI4","2019-07-25 23:00",68.7199999999999,90.6,0,0,4.5342774,132.1,0.000708661417322835,74.8939999999999,68.9359999999999,66.956,63.932,33.7,17.5,25.3
"BOOI4","2019-07-26 00:00",68.5399999999999,93.1,0,0,5.368656,134.8,0.000551181102362205,74.2999999999999,68.9359999999999,66.938,63.914,33.7,17.5,25.3
"BOOI4","2019-07-26 01:00",69.0259999999999,93.7,0,0,5.587876,160.3,0.000393700787401575,73.796,68.9179999999999,66.956,63.914,33.7,17.5,25.3
"BOOI4","2019-07-26 02:00",69.2779999999999,93.1,0,0,6.3529096,171.5,0.000551181102362205,73.346,68.8819999999999,66.956,63.914,33.7,17.5,25.2
"BOOI4","2019-07-26 03:00",69.0439999999999,88.7,0,0,6.1426373,178.7,0.000551181102362205,72.9319999999999,68.8279999999999,66.956,63.914,33.8,17.5,25.2
"BOOI4","2019-07-26 04:00",70.088,88,0,0,7.0978107,183.5,0.000866141732283465,72.5179999999999,68.7919999999999,66.956,63.896,33.8,17.5,25.2
"BOOI4","2019-07-26 05:00",69.3499999999999,81.4,497.27276,0,8.032852,187.4,0.0012992125984252,72.1039999999999,68.738,66.956,63.896,33.8,17.5,25.2
"BOOI4","2019-07-26 06:00",69.0619999999999,83.7,33090.908,0,7.346111,190,0.00137795275590551,71.7619999999999,68.6839999999999,66.956,63.896,33.8,17.5,25.2
"BOOI4","2019-07-26 07:00",70.0159999999999,85.6,268272.7,0,7.6480975,187.2,0.00251968503937008,71.582,68.648,66.956,63.8779999999999,33.8,17.5,25.2
"BOOI4","2019-07-26 08:00",72.1579999999999,82.2,656363.65,0,8.533926,189.6,0.00421259842519685,71.6359999999999,68.5939999999999,66.956,63.8779999999999,33.8,17.4,25.2
"BOOI4","2019-07-26 09:00",76.7839999999999,79.21,1702181.9,0,9.050659,193.8,0.00748031496062992,72.3199999999999,68.5399999999999,66.956,63.8779999999999,33.6,17.4,25.1
"BOOI4","2019-07-26 10:00",79.664,70.7,2403636.5,0,9.32804,199.2,0.0154724409448819,74.048,68.4859999999999,66.956,63.8599999999999,33.5,17.4,25.1
"BOOI4","2019-07-26 11:00",81.68,68.31,2829182,0,9.124478,204.1,0.0222834645669291,76.856,68.4679999999999,66.938,63.8599999999999,33.5,17.4,25.1
"BOOI4","2019-07-26 12:00",84.2359999999999,61.31,3080909,0,9.341462,208.1,0.0270866141732284,80.0239999999999,68.4679999999999,66.938,63.8599999999999,33.3,17.4,25.1
"BOOI4","2019-07-26 13:00",85.0999999999999,61.12,2934182,0,8.777753,209.7,0.0301968503937008,83.0839999999999,68.5399999999999,66.9199999999999,63.8599999999999,33.2,17.3,25.1
"BOOI4","2019-07-26 14:00",86.9179999999999,56.82,2887000,0,9.70832,209.5,0.0311023622047244,85.3339999999999,68.63,66.9019999999999,63.8419999999999,33,17.3,25.1
"BOOI4","2019-07-26 15:00",87.2239999999999,54.45,2709636.2,0,8.415368,218.4,0.0309448818897638,87.53,68.738,66.9019999999999,63.8419999999999,32.9,17.3,25.1
"BOOI4","2019-07-26 16:00",86.5579999999999,51.12,2097363.5,0,8.7620945,217.3,0.0303543307086614,88.8619999999999,68.846,66.9019999999999,63.8419999999999,32.8,17.4,25.1
"BOOI4","2019-07-26 17:00",86.2159999999999,54.1,1660636.4,0,8.095486,225.3,0.0249212598425197,89.2579999999999,68.972,66.8839999999999,63.8419999999999,32.7,17.3,25.1
"BOOI4","2019-07-26 18:00",84.596,59.73,965090.9,0,7.1671557,216.1,0.0201181102362205,88.5739999999999,69.098,66.8839999999999,63.8239999999999,32.6,17.3,25.1
"BOOI4","2019-07-26 19:00",81.14,60.18,429000,0,6.339488,214.3,0.0132677165354331,86.648,69.188,66.8839999999999,63.8239999999999,32.6,17.3,25.1
"BOOI4","2019-07-26 20:00",76.298,66.11,73287.27,0,5.6885386,214.4,0.0075984251968504,84.5599999999999,69.296,66.8839999999999,63.8239999999999,32.6,17.3,25.1
"BOOI4","2019-07-26 21:00",73.13,76.6,307.27273,0,4.2390013,209.8,0.00204724409448819,82.688,69.3679999999999,66.9019999999999,63.806,32.7,17.2,25.1
"BOOI4","2019-07-26 22:00",71.78,84.5,0,0,1.6352031,204.6,-0.000393700787401575,81.14,69.44,66.9019999999999,63.806,32.7,17.2,25
"BOOI4","2019-07-26 23:00",71.33,86.9,0,0,2.0579848,209,-0.000393700787401575,79.8079999999999,69.4939999999999,66.9019999999999,63.806,32.7,17.2,25
"BOOI4","2019-07-27 00:00",69.638,86.5,0,0,3.1496115,205.3,-0.000118110236220472,78.6739999999999,69.5119999999999,66.9199999999999,63.806,32.7,17.2,25
"BOOI4","2019-07-27 01:00",69.3679999999999,89.4,0,0,3.205535,213.4,-0.000196850393700787,77.6659999999999,69.53,66.938,63.806,32.7,17.2,25
"BOOI4","2019-07-27 02:00",68.6119999999999,89,0,0,3.4605463,209.9,-0.000196850393700787,76.7839999999999,69.53,66.938,63.806,32.7,17.2,25
"BOOI4","2019-07-27 03:00",67.3159999999999,90,0,0,3.3509362,209,-0.000196850393700787,76.0099999999999,69.5119999999999,66.956,63.788,32.7,17.2,24.9
"BOOI4","2019-07-27 04:00",68.072,92.2,0,0,1.6195445,201.8,-0.000708661417322835,75.38,69.4939999999999,66.956,63.788,32.7,17.2,24.9
"BOOI4","2019-07-27 05:00",69.6199999999999,89.3,748.1818,0,3.2435632,209.2,-0.000354330708661417,74.8939999999999,69.4579999999999,66.9739999999999,63.788,32.7,17.2,24.9
"BOOI4","2019-07-27 06:00",70.0159999999999,85.1,86548.19,0,4.411246,222.6,0.000118110236220472,74.5159999999999,69.4039999999999,66.9919999999999,63.788,32.7,17.2,24.9
"BOOI4","2019-07-27 07:00",72.5179999999999,84.4,416318.18,0,5.1695685,230.3,0.00062992125984252,74.3539999999999,69.3499999999999,66.9919999999999,63.7699999999999,32.7,17.2,24.9
"BOOI4","2019-07-27 08:00",75.4339999999999,79.46,1138181.9,0,4.8496857,233.7,0.00377952755905512,74.5519999999999,69.296,67.0099999999999,63.7699999999999,32.7,17.2,24.9
"BOOI4","2019-07-27 09:00",78.6199999999999,76.01,1554091,0,5.7489357,239.4,0.01,75.398,69.2599999999999,67.0099999999999,63.7699999999999,32.6,17.1,24.8
"BOOI4","2019-07-27 10:00",80.8519999999999,71.84,2451091,0,6.3148813,247.3,0.0141338582677165,77.3599999999999,69.206,67.0279999999999,63.7699999999999,32.4,17.1,24.8
"BOOI4","2019-07-27 11:00",81.4279999999999,68.71,2604182,0,6.2432995,251.5,0.0218110236220472,80.114,69.206,67.0279999999999,63.7519999999999,32.3,17.1,24.8
"BOOI4","2019-07-27 12:00",83.2999999999999,70.75,2985000,0,5.9368386,241.9,0.0235433070866142,83.1199999999999,69.2239999999999,67.0279999999999,63.7519999999999,32.2,17.1,24.8
"BOOI4","2019-07-27 13:00",85.0279999999999,65.22,3115454.6,0,5.2456245,246.7,0.0267322834645669,86.5759999999999,69.2779999999999,67.0279999999999,63.7519999999999,32,17,24.8
"BOOI4","2019-07-27 14:00",86.396,66.22,3002727,0,3.8699062,228.4,0.0280708661417323,89.672,69.3859999999999,67.0279999999999,63.7519999999999,32,17,24.8
"BOOI4","2019-07-27 15:00",87.5839999999999,66.71,2681818,0,3.7804286,227.9,0.0274015748031496,92.048,69.4939999999999,67.0279999999999,63.7519999999999,31.8,17.1,24.8
"BOOI4","2019-07-27 16:00",88.2499999999999,61.17,2218000,0,4.997324,237,0.0259842519685039,93.362,69.6019999999999,67.0279999999999,63.7519999999999,31.8,17,24.8
"BOOI4","2019-07-27 17:00",87.5119999999999,58.32,1663000,0,5.8451242,235.5,0.0231496062992126,93.4339999999999,69.746,67.0279999999999,63.7519999999999,31.7,17,24.8
"BOOI4","2019-07-27 18:00",86.198,60.8,954454.5,0,6.0307903,229.9,0.0187007874015748,91.9939999999999,69.8539999999999,67.046,63.7339999999999,31.7,17,24.8
"BOOI4","2019-07-27 19:00",82.022,64.07,411181.82,0,5.111408,237.1,0.0118897637795276,89.78,69.98,67.046,63.7339999999999,31.7,17,24.8
"BOOI4","2019-07-27 20:00",77.6839999999999,71.51,56443.634,0,3.3934379,244.2,0.00523622047244095,87.638,70.0699999999999,67.064,63.7339999999999,31.7,17,24.8
"BOOI4","2019-07-27 21:00",75.0019999999999,80.4,112.72727,0,0.29527608,244.1,-0.000669291338582677,85.8019999999999,70.1599999999999,67.064,63.7339999999999,31.7,17,24.8
"BOOI4","2019-07-27 22:00",74.5519999999999,87.8,0,0,0.44067717,221.2,-0.000984251968503937,84.2539999999999,70.232,67.082,63.7339999999999,31.7,17,24.8
"BOOI4","2019-07-27 23:00",72.6079999999999,89.6,0,0,1.8410016,220.2,-0.000393700787401575,82.8679999999999,70.2859999999999,67.0999999999999,63.7339999999999,31.8,17,24.7
"BOOI4","2019-07-28 00:00",70.1419999999999,87.9,0,0,0.16329663,148.1,-0.00118110236220473,81.572,70.34,67.1179999999999,63.7339999999999,31.8,17,24.7
"BOOI4","2019-07-28 01:00",68.0539999999999,92.8,0,0,0,0,-0.0012992125984252,80.4199999999999,70.3579999999999,67.1359999999999,63.7339999999999,31.8,17,24.7
"BOOI4","2019-07-28 02:00",68.18,94.9,0,0,0,0,-0.0012992125984252,79.3939999999999,70.3579999999999,67.1539999999999,63.7159999999999,31.8,17,24.7
"BOOI4","2019-07-28 03:00",68.2339999999999,93.1,0,0,0,0,-0.0012992125984252,78.53,70.3579999999999,67.19,63.7159999999999,31.7,16.9,24.7
"BOOI4","2019-07-28 04:00",68.2699999999999,94.5,0,0,0,0,-0.0012992125984252,77.864,70.322,67.19,63.7159999999999,31.7,16.9,24.7
"BOOI4","2019-07-28 05:00",67.8199999999999,93.8,1413.6363,0,1.5524364,200.8,-0.00078740157480315,77.2699999999999,70.2859999999999,67.2259999999999,63.7159999999999,31.7,16.9,24.6
"BOOI4","2019-07-28 06:00",67.6939999999999,95,61330,0,0.744901,199.9,-0.00102362204724409,76.6579999999999,70.232,67.2439999999999,63.7159999999999,31.8,16.9,24.6
"BOOI4","2019-07-28 07:00",72.3919999999999,94.5,551636.35,0,1.7806042,202.8,-0.000511811023622047,76.298,70.1779999999999,67.2439999999999,63.7159999999999,31.8,16.9,24.6
"BOOI4","2019-07-28 08:00",75.1099999999999,83.4,1035545.4,0,3.990701,196.5,0.00334645669291339,76.4779999999999,70.124,67.2619999999999,63.7159999999999,31.7,16.9,24.6
"BOOI4","2019-07-28 09:00",78.1699999999999,81.1,1679727.3,0,5.310496,197.2,0.0084251968503937,77.306,70.0519999999999,67.28,63.7159999999999,31.6,16.9,24.6
"BOOI4","2019-07-28 10:00",81.2659999999999,75.73,2029454.6,0,6.2142196,201.9,0.0146456692913386,79.0519999999999,70.0159999999999,67.298,63.7159999999999,31.5,16.9,24.6
"BOOI4","2019-07-28 11:00",81.8599999999999,72.73,2400727.3,0,6.339488,196.1,0.018503937007874,81.248,69.98,67.3159999999999,63.7159999999999,31.3,16.9,24.6
"BOOI4","2019-07-28 12:00",82.472,70.37,2137363.5,0,7.2968984,202.4,0.0225590551181102,83.3359999999999,69.998,67.3159999999999,63.7159999999999,31.2,16.9,24.5
"BOOI4","2019-07-28 13:00",83.0839999999999,73.83,2035454.5,0,8.710645,191.3,0.0214173228346457,84.7939999999999,70.0519999999999,67.3339999999999,63.7159999999999,31.2,16.8,24.6
"BOOI4","2019-07-28 14:00",82.7779999999999,69.88,1420000,0,9.914119,188.6,0.0214566929133858,85.5679999999999,70.124,67.3339999999999,63.7159999999999,31.1,16.8,24.6
"BOOI4","2019-07-28 15:00",82.4359999999999,70.66,981999.94,0,10.466642,186.3,0.0175590551181102,85.532,70.232,67.3339999999999,63.7159999999999,31.1,16.8,24.6
"BOOI4","2019-07-28 16:00",80.222,73.71,404236.36,0,6.7935867,199,0.0123622047244095,84.9199999999999,70.322,67.3339999999999,63.698,31.1,16.8,24.6
"BOOI4","2019-07-28 17:00",78.5119999999999,83,347000,0,3.2525108,216.1,0.00547244094488189,84.0019999999999,70.4119999999999,67.3519999999999,63.7159999999999,31,16.7,24.6
"BOOI4","2019-07-28 18:00",75.9199999999999,87.9,196545.47,0,1.2795297,202.5,0.00346456692913386,82.9579999999999,70.5199999999999,67.3519999999999,63.7159999999999,31,16.7,24.5
"BOOI4","2019-07-28 19:00",74.246,91.6,106390.91,0.020000001,3.6887143,214.8,0.00248031496062992,81.806,70.5919999999999,67.388,63.7159999999999,31.1,16.7,24.5
"BOOI4","2019-07-28 20:00",73.4179999999999,97.7,13373.637,0.010000001,1.9573225,243.9,0.00114173228346457,80.7439999999999,70.664,67.388,63.7159999999999,31.1,16.7,24.5
"BOOI4","2019-07-28 21:00",73.4539999999999,97.5,0,0.080000006,1.7358655,187.7,0.000196850393700787,79.8259999999999,70.7179999999999,67.388,63.7159999999999,31.2,16.7,24.5
"BOOI4","2019-07-28 22:00",73.1839999999999,96,0,0,4.1517606,182.4,0.000196850393700787,79.0159999999999,70.7539999999999,67.406,63.7159999999999,31.3,16.8,24.5
"BOOI4","2019-07-28 23:00",72.2119999999999,94.8,0,0.010000001,3.4068596,232.9,0.000196850393700787,78.2419999999999,70.772,67.4239999999999,63.7159999999999,31.3,16.7,24.5
"BOOI4","2019-07-29 00:00",71.222,98.3,0,0.010000001,4.8228426,241.7,0.000196850393700787,77.4859999999999,70.772,67.4419999999999,63.7159999999999,31.3,16.7,24.4
"BOOI4","2019-07-29 01:00",70.322,98.9,0,0,5.10246,226.6,0.000118110236220472,76.6759999999999,70.772,67.4599999999999,63.7159999999999,31.3,16.7,24.4
"BOOI4","2019-07-29 02:00",68.756,99.5,0,0,4.800473,211.6,3.93700787401575e-05,75.9019999999999,70.7539999999999,67.4779999999999,63.7159999999999,31.4,16.7,24.4
"BOOI4","2019-07-29 03:00",68.1439999999999,100,0,0,4.0936003,237.1,3.93700787401575e-05,75.1819999999999,70.7179999999999,67.496,63.7159999999999,31.4,16.7,24.4
"BOOI4","2019-07-29 04:00",66.4699999999999,100,0,0,3.5298913,255.6,0,74.498,70.6819999999999,67.514,63.7159999999999,31.4,16.7,24.4
"BOOI4","2019-07-29 05:00",64.5619999999999,94.2,1014.5454,0,4.4917755,291.4,0.00015748031496063,73.706,70.646,67.532,63.7339999999999,31.4,16.7,24.4
"BOOI4","2019-07-29 06:00",65.4619999999999,96.5,171422.73,0,4.547699,301.6,0.000275590551181102,72.9679999999999,70.5919999999999,67.532,63.7159999999999,31.4,16.7,24.4
"BOOI4","2019-07-29 07:00",67.4239999999999,94.7,656818.2,0,4.2680817,290.1,-0.00031496062992126,72.572,70.538,67.5499999999999,63.7159999999999,31.4,16.7,24.4
"BOOI4","2019-07-29 08:00",67.8019999999999,92.8,989545.4,0,4.328479,302.1,0.0034251968503937,72.68,70.4659999999999,67.5679999999999,63.7339999999999,31.3,16.7,24.4
"BOOI4","2019-07-29 09:00",69.9439999999999,93.8,1397454.6,0,5.7489357,321.7,0.00641732283464567,73.6339999999999,70.3759999999999,67.5679999999999,63.7339999999999,31.3,16.7,24.4
"BOOI4","2019-07-29 10:00",74.732,89.2,2476000,0,5.216544,326,0.00968503937007874,75.3619999999999,70.3039999999999,67.5859999999999,63.7339999999999,31.2,16.7,24.4
"BOOI4","2019-07-29 11:00",78.2599999999999,80.5,2948545.4,0,5.3529973,308.9,0.0182283464566929,78.098,70.2499999999999,67.5859999999999,63.7339999999999,31.1,16.7,24.4
"BOOI4","2019-07-29 12:00",80.0779999999999,69.41,3207272.7,0,4.845212,298.5,0.0239763779527559,81.3199999999999,70.214,67.5859999999999,63.7339999999999,31,16.7,24.4
"BOOI4","2019-07-29 13:00",80.8339999999999,67.49,3288182,0,6.010658,303.9,0.0279527559055118,84.3619999999999,70.232,67.6039999999999,63.7339999999999,30.8,16.7,24.4
"BOOI4","2019-07-29 14:00",80.9779999999999,63.07,3064545.4,0,7.2678185,307.6,0.0293307086614173,87.0079999999999,70.2499999999999,67.6039999999999,63.7339999999999,30.7,16.7,24.4
"BOOI4","2019-07-29 15:00",80.582,57.58,2824090.8,0,7.972454,308.2,0.0290157480314961,88.9339999999999,70.322,67.5859999999999,63.7339999999999,30.6,16.7,24.4
"BOOI4","2019-07-29 16:00",80.4739999999999,58.38,2220182,0,7.759945,314.4,0.0275590551181102,89.456,70.3759999999999,67.6039999999999,63.7339999999999,30.5,16.7,24.4
"BOOI4","2019-07-29 17:00",78.296,56.82,1583909.2,0,7.641387,324.7,0.0230708661417323,88.8439999999999,70.448,67.6039999999999,63.7339999999999,30.5,16.6,24.3
"BOOI4","2019-07-29 18:00",78.746,62.28,939272.77,0,6.625816,333.2,0.0174803149606299,87.0439999999999,70.5019999999999,67.6039999999999,63.7519999999999,30.4,16.6,24.3
"BOOI4","2019-07-29 19:00",75.4699999999999,61.25,481018.2,0,5.5006356,341.3,0.0113779527559055,84.8839999999999,70.556,67.6039999999999,63.7519999999999,30.4,16.6,24.3
"BOOI4","2019-07-29 20:00",70.4119999999999,69.81,76033.64,0,4.927979,350.3,0.00618110236220473,82.7239999999999,70.5739999999999,67.6039999999999,63.7519999999999,30.5,16.6,24.3
"BOOI4","2019-07-29 21:00",67.514,82.4,179.0909,0,3.646212,13.83,0.000511811023622047,80.8159999999999,70.5919999999999,67.6039999999999,63.7519999999999,30.5,16.6,24.3
"BOOI4","2019-07-29 22:00",66.6859999999999,87,0,0,0.21027236,15.41,-0.00122047244094488,79.196,70.5919999999999,67.622,63.7519999999999,30.5,16.6,24.3
"BOOI4","2019-07-29 23:00",64.2199999999999,86.8,0,0,0.82766783,355.9,-0.000905511811023622,77.738,70.5739999999999,67.622,63.7519999999999,30.5,16.6,24.3
"BOOI4","2019-07-30 00:00",63.446,90.6,0,0,2.5478747,348.6,-0.000393700787401575,76.514,70.5199999999999,67.622,63.7519999999999,30.6,16.6,24.3
"BOOI4","2019-07-30 01:00",62.348,92.2,0,0,2.4405015,356.1,-0.000511811023622047,75.4159999999999,70.4839999999999,67.64,63.7699999999999,30.6,16.6,24.2
"BOOI4","2019-07-30 02:00",59.396,93,0,0,2.0736434,0.829,-0.000669291338582677,74.39,70.4119999999999,67.64,63.7699999999999,30.6,16.6,24.2
"BOOI4","2019-07-30 03:00",57.938,97.9,0,0,0.50107455,7.617,-0.00110236220472441,73.3999999999999,70.322,67.64,63.7699999999999,30.6,16.6,24.2
"BOOI4","2019-07-30 04:00",58.0999999999999,97.7,0,0,0,0,-0.0012992125984252,72.482,70.214,67.6579999999999,63.7699999999999,30.6,16.6,24.2
"BOOI4","2019-07-30 05:00",55.814,96.3,1436.3637,0,2.6641955,347.9,-0.00062992125984252,71.6179999999999,70.106,67.6579999999999,63.7699999999999,30.5,16.6,24.2
"BOOI4","2019-07-30 06:00",58.856,97.6,170645.45,0,0.6375279,328.3,-0.00106299212598425,70.8079999999999,69.998,67.6579999999999,63.7699999999999,30.5,16.6,24.2
"BOOI4","2019-07-30 07:00",62.816,90.4,696909.06,0,3.203298,344.1,-0.00047244094488189,70.322,69.8539999999999,67.6579999999999,63.7699999999999,30.5,16.6,24.2
"BOOI4","2019-07-30 08:00",65.714,84.4,1329000,0,3.2569845,347.4,0.00354330708661417,70.3579999999999,69.7279999999999,67.6579999999999,63.788,30.4,16.6,24.2
"BOOI4","2019-07-30 09:00",67.6759999999999,77.71,1952090.8,0,4.6931005,11.86,0.00877952755905512,71.0419999999999,69.5839999999999,67.6579999999999,63.7699999999999,30.3,16.5,24.1
"BOOI4","2019-07-30 10:00",70.3039999999999,77.71,2496454.6,0,4.842975,10.76,0.0140551181102362,73.1119999999999,69.4579999999999,67.6579999999999,63.788,30.2,16.5,24.1
"BOOI4","2019-07-30 11:00",71.2039999999999,64.23,2839454.6,0,4.6796784,17.79,0.0191732283464567,76.4419999999999,69.3679999999999,67.64,63.788,30.1,16.5,24.1
"BOOI4","2019-07-30 12:00",73.2019999999999,60.62,2730636.5,0,4.614807,43.47,0.0225590551181102,79.8079999999999,69.3499999999999,67.622,63.788,30,16.5,24.1
"BOOI4","2019-07-30 13:00",74.4619999999999,53.18,3028182,0,4.241238,42.42,0.0227165354330709,83.138,69.3679999999999,67.6039999999999,63.788,29.9,16.5,24.1
"BOOI4","2019-07-30 14:00",75.722,61.98,2768727,0,3.6484492,44.44,0.0250787401574803,86.396,69.4039999999999,67.5859999999999,63.788,29.8,16.5,24.1
"BOOI4","2019-07-30 15:00",75.9919999999999,54,1904454.6,0,1.8790295,27.9,0.0228740157480315,87.8539999999999,69.4759999999999,67.5679999999999,63.788,29.7,16.5,24.1
"BOOI4","2019-07-30 16:00",77.7019999999999,56.73,1803727.3,0,1.1162331,343.4,0.0161023622047244,87.5839999999999,69.53,67.5499999999999,63.788,29.6,16.4,24.1
"BOOI4","2019-07-30 17:00",74.714,48.46,923818.2,0,0.6375279,340.3,0.0145275590551181,86.846,69.5839999999999,67.532,63.806,29.6,16.4,24.1
"BOOI4","2019-07-30 18:00",73.7599999999999,63.75,617272.77,0,0.21922012,22.16,0.00736220472440945,85.3519999999999,69.6199999999999,67.514,63.806,29.5,16.4,24.1
"BOOI4","2019-07-30 19:00",71.9419999999999,65.24,214809.08,0,0.29974997,35.6,0.00464566929133858,83.624,69.6739999999999,67.514,63.806,29.5,16.4,24.1
"BOOI4","2019-07-30 20:00",69.4579999999999,62.68,71785.45,0,0.00671082,338.8,0.00133858267716536,81.8779999999999,69.7099999999999,67.496,63.806,29.5,16.4,24.1
"BOOI4","2019-07-30 21:00",66.7039999999999,77.63,159.0909,0,0,0,-0.00196850393700787,80.1319999999999,69.7279999999999,67.4779999999999,63.806,29.6,16.3,24.1
"BOOI4","2019-07-30 22:00",64.9039999999999,79.91,0,0,0,0,-0.000669291338582677,78.4759999999999,69.7099999999999,67.4779999999999,63.806,29.6,16.3,24.1
"BOOI4","2019-07-30 23:00",62.7259999999999,85.4,0,0,0.02013246,17.64,-0.000669291338582677,77.0539999999999,69.6919999999999,67.4779999999999,63.806,29.6,16.3,24.1
"BOOI4","2019-07-31 00:00",61.988,91.4,0,0,0,0,-0.000669291338582677,75.7579999999999,69.6739999999999,67.4599999999999,63.806,29.6,16.3,24.1
"BOOI4","2019-07-31 01:00",60.098,90.9,0,0,0,0,-0.00062992125984252,74.6419999999999,69.6199999999999,67.4599999999999,63.8239999999999,29.6,16.3,24.1
"BOOI4","2019-07-31 02:00",59.5939999999999,94.5,0,0,0.13645335,64.94,-0.000590551181102362,73.6519999999999,69.548,67.4599999999999,63.8239999999999,29.6,16.3,24.1
"BOOI4","2019-07-31 03:00",58.7119999999999,91,0,0,0.20356153,74.4,-0.000590551181102362,72.7699999999999,69.4579999999999,67.4419999999999,63.8239999999999,29.6,16.3,24.1
"BOOI4","2019-07-31 04:00",59.396,94,0,0,0,0,-0.00062992125984252,71.9419999999999,69.3499999999999,67.4419999999999,63.806,29.6,16.3,24
"BOOI4","2019-07-31 05:00",58.406,89.5,1132.7273,0,0,0,-0.00062992125984252,71.3119999999999,69.2419999999999,67.4419999999999,63.8239999999999,29.6,16.3,24
"BOOI4","2019-07-31 06:00",57.9739999999999,92.2,85117.27,0,0,0,-0.00062992125984252,70.7899999999999,69.1339999999999,67.4239999999999,63.8239999999999,29.5,16.3,24
"BOOI4","2019-07-31 07:00",61.8439999999999,92.7,436600,0,0.2729067,66.31,-0.0015748031496063,70.5199999999999,68.99,67.406,63.8239999999999,29.5,16.3,24
"BOOI4","2019-07-31 08:00",65.84,86.1,940272.7,0,1.4607219,101,0.00200787401574803,70.8079999999999,68.864,67.406,63.8239999999999,29.5,16.3,24
"BOOI4","2019-07-31 09:00",70.232,82.7,1731727.3,0,4.292688,144.5,0.00649606299212599,71.672,68.7199999999999,67.388,63.8239999999999,29.3,16.3,24
"BOOI4","2019-07-31 10:00",71.2039999999999,72.91,1833818.1,0,5.7332773,153.9,0.0131102362204724,73.6519999999999,68.6119999999999,67.3699999999999,63.8239999999999,29.2,16.3,24
"BOOI4","2019-07-31 11:00",72.1759999999999,69.4,1667454.6,0,6.5452867,129.5,0.0158661417322835,75.398,68.522,67.3519999999999,63.8419999999999,29.1,16.3,24
"BOOI4","2019-07-31 12:00",74.1199999999999,69.06,2224090.8,0,6.3506727,152.4,0.0155118110236221,77.198,68.4679999999999,67.3339999999999,63.8239999999999,29,16.3,24
"BOOI4","2019-07-31 13:00",72.464,65.62,1183454.6,0,7.3394,141.3,0.0200393700787402,78.998,68.4499999999999,67.3159999999999,63.8239999999999,29,16.3,24
"BOOI4","2019-07-31 14:00",72.482,72.26,920636.35,0,8.292336,140.9,0.013503937007874,78.8359999999999,68.4499999999999,67.28,63.8239999999999,28.9,16.3,24
"BOOI4","2019-07-31 15:00",71.8519999999999,75.36,607636.35,0,5.5632696,167.1,0.0100393700787402,78.5659999999999,68.4679999999999,67.2439999999999,63.8239999999999,28.9,16.2,24
"BOOI4","2019-07-31 16:00",69.9619999999999,76.59,119790.91,0,4.9660068,139.1,0.00744094488188976,77.7919999999999,68.4859999999999,67.2259999999999,63.8239999999999,28.9,16.2,24
"BOOI4","2019-07-31 17:00",68.99,84.3,344963.62,0,1.4137461,145.1,0.00165354330708661,76.8919999999999,68.522,67.2079999999999,63.8239999999999,28.9,16.2,23.9
"BOOI4","2019-07-31 18:00",68.1619999999999,91.9,354109.1,0.010000001,1.5927013,201.6,0.0031496062992126,76.3339999999999,68.5399999999999,67.172,63.8239999999999,28.9,16.2,23.9
"BOOI4","2019-07-31 19:00",67.64,94.4,309154.54,0,1.9931135,188.6,0.00295275590551181,75.6319999999999,68.5759999999999,67.1539999999999,63.8239999999999,28.9,16.2,23.9
"BOOI4","2019-07-31 20:00",63.9499999999999,86.6,56508.183,0,4.5700684,155.7,0.00232283464566929,74.606,68.5759999999999,67.1359999999999,63.8239999999999,28.9,16.2,23.9
"BOOI4","2019-07-31 21:00",64.238,91.9,66.36363,0,0.19685072,161.3,-0.00141732283464567,73.5619999999999,68.5759999999999,67.1179999999999,63.8239999999999,29,16.2,23.9
"BOOI4","2019-07-31 22:00",60.8359999999999,92.3,0,0,1.5971751,119.4,0.000236220472440945,72.6439999999999,68.5579999999999,67.0999999999999,63.8239999999999,29,16.2,23.9
"BOOI4","2019-07-31 23:00",62.672,97.7,0,0,1.0110968,67.89,0,71.8339999999999,68.5399999999999,67.082,63.8239999999999,29,16.2,23.9
"BOOI4","2019-08-01 00:00",60.8359999999999,92.8,0,0,1.8454754,104.5,0.00015748031496063,71.1319999999999,68.4859999999999,67.064,63.8239999999999,29,16.2,23.9
"BOOI4","2019-08-01 01:00",61.1419999999999,96.5,0,0,0.7739812,39.83,0,70.5019999999999,68.4319999999999,67.046,63.8239999999999,29,16.2,23.9
"BOOI4","2019-08-01 02:00",60.872,97.8,0,0,0.23711564,3.915,-7.8740157480315e-05,69.9619999999999,68.3599999999999,67.0279999999999,63.8239999999999,29,16.2,23.9
"BOOI4","2019-08-01 03:00",59.99,99.4,0,0,0.25948504,15.71,-7.8740157480315e-05,69.4759999999999,68.288,67.0099999999999,63.8239999999999,29,16.2,23.9
"BOOI4","2019-08-01 04:00",58.6759999999999,100,0,0,0,0,-0.000118110236220472,69.0439999999999,68.198,66.9919999999999,63.8239999999999,28.9,16.2,23.9
"BOOI4","2019-08-01 05:00",59.5939999999999,100,1215.4546,0,0,0,-0.000118110236220472,68.648,68.1079999999999,66.9739999999999,63.8239999999999,28.9,16.2,23.9
"BOOI4","2019-08-01 06:00",59.864,100,148070.92,0,0,0,-7.8740157480315e-05,68.3419999999999,67.9999999999999,66.956,63.8239999999999,28.9,16.2,23.9
"BOOI4","2019-08-01 07:00",62.672,100,478663.64,0,0,0,-0.00106299212598425,68.306,67.9099999999999,66.938,63.806,28.9,16.2,23.9
"BOOI4","2019-08-01 08:00",68.5039999999999,97.6,998818.1,0,0.60173684,50.94,0.00188976377952756,68.7739999999999,67.8019999999999,66.9199999999999,63.806,28.9,16.2,23.9
"BOOI4","2019-08-01 09:00",71.69,86.7,1782727.3,0,1.5725689,77.83,0.00625984251968504,69.98,67.7119999999999,66.9019999999999,63.806,28.8,16.2,23.9
"BOOI4","2019-08-01 10:00",74.8579999999999,81.7,2361000,0,4.0936003,123.9,0.012755905511811,72.2659999999999,67.622,66.8839999999999,63.806,28.6,16.2,23.9
"BOOI4","2019-08-01 11:00",76.388,78.63,2764909,0,5.666169,143.6,0.0184251968503937,75.38,67.5679999999999,66.848,63.806,28.5,16.2,23.9
"BOOI4","2019-08-01 12:00",78.4759999999999,70.45,3013636.2,0,7.3975606,151.3,0.0228740157480315,79.0159999999999,67.5679999999999,66.83,63.806,28.4,16.1,23.9
"BOOI4","2019-08-01 13:00",79.3759999999999,66.08,2586636.5,0,6.8450365,147.1,0.025748031496063,82.4179999999999,67.622,66.7939999999999,63.806,28.3,16.1,23.9
"BOOI4","2019-08-01 14:00",79.9159999999999,63.44,2266636.5,0,6.339488,130.9,0.0236614173228346,84.614,67.7119999999999,66.7759999999999,63.806,28.2,16.1,23.8
"BOOI4","2019-08-01 15:00",79.4659999999999,59.65,1864091,0,6.0486856,126.5,0.0222834645669291,85.4239999999999,67.8199999999999,66.74,63.806,28.1,16,23.8
"BOOI4","2019-08-01 16:00",80.2939999999999,65.58,2109181.6,0,6.5564713,128,0.0194488188976378,85.946,67.946,66.722,63.788,28,16,23.8
"BOOI4","2019-08-01 17:00",78.4039999999999,58.19,1241000,0,7.079915,120.9,0.0212992125984252,86.0539999999999,68.0539999999999,66.7039999999999,63.788,28,16,23.8
"BOOI4","2019-08-01 18:00",78.872,64.54,889000,0,6.5989733,122.8,0.015,85.046,68.18,66.6679999999999,63.788,28,16,23.8
"BOOI4","2019-08-01 19:00",74.8039999999999,61.84,244645.46,0,6.1292157,128.3,0.0108661417322835,83.4079999999999,68.288,66.6679999999999,63.7699999999999,28,16,23.8
"BOOI4","2019-08-01 20:00",72.23,72.85,30227.272,0,4.547699,132.9,0.00488188976377953,81.5539999999999,68.3779999999999,66.6499999999999,63.7699999999999,28,16,23.8
"BOOI4","2019-08-01 21:00",69.3859999999999,77.45,0,0,1.2526864,139.8,0.000275590551181102,79.898,68.4679999999999,66.6319999999999,63.7699999999999,28,16,23.8
"BOOI4","2019-08-01 22:00",70.0339999999999,85.9,0,0,0,0,-0.0012992125984252,78.548,68.522,66.6319999999999,63.7699999999999,28.1,16,23.8
"BOOI4","2019-08-01 23:00",68.4859999999999,81.8,0,0,2.5680072,132.8,-3.93700787401575e-05,77.414,68.5579999999999,66.614,63.7699999999999,28.1,16,23.8
"BOOI4","2019-08-02 00:00",65.8039999999999,85.9,0,0,2.8118336,128.9,-7.8740157480315e-05,76.3699999999999,68.5759999999999,66.6319999999999,63.7699999999999,28.1,16,23.8
"BOOI4","2019-08-02 01:00",65.5159999999999,93.7,0,0,0.7113469,96.6,-0.00094488188976378,75.3619999999999,68.5759999999999,66.6319999999999,63.7519999999999,28.1,16,23.7
"BOOI4","2019-08-02 02:00",64.364,91.8,0,0,0.4205447,118.7,-0.00106299212598425,74.4439999999999,68.5579999999999,66.614,63.7519999999999,28.1,16,23.7
"BOOI4","2019-08-02 03:00",62.4019999999999,93.8,0,0,1.044651,128.6,-0.000866141732283465,73.6159999999999,68.522,66.614,63.7519999999999,28.1,16,23.7
"BOOI4","2019-08-02 04:00",62.546,96,0,0,2.3420763,98.8,-0.000590551181102362,72.8239999999999,68.4679999999999,66.6319999999999,63.7519999999999,28.1,16,23.7
"BOOI4","2019-08-02 05:00",61.124,94.6,890,0,2.1832535,94.1,-0.000669291338582677,72.14,68.414,66.6319999999999,63.7339999999999,28.1,16,23.7
"BOOI4","2019-08-02 06:00",62.2759999999999,96.9,128570,0,1.6866528,114.8,-0.000708661417322835,71.5099999999999,68.3419999999999,66.6319999999999,63.7339999999999,28.1,16,23.7
"BOOI4","2019-08-02 07:00",65.8939999999999,95.1,658400,0,0.0559235,195.2,-0.0012992125984252,71.1859999999999,68.2519999999999,66.614,63.7339999999999,28.1,16,23.7
"BOOI4","2019-08-02 08:00",70.7179999999999,89.9,1379500,0,0.0782929,172.6,0.00248031496062992,71.3839999999999,68.1619999999999,66.6319999999999,63.7339999999999,28,16,23.7
"BOOI4","2019-08-02 09:00",73.2739999999999,75.2,1965400,0,1.5680948,159.3,0.00826771653543307,72.1579999999999,68.0539999999999,66.614,63.7159999999999,28,16,23.7
"BOOI4","2019-08-02 10:00",75.1099999999999,72.09,2081800,0,5.106934,164.7,0.0145275590551181,73.7779999999999,67.982,66.614,63.7159999999999,27.8,16,23.7
"BOOI4","2019-08-02 11:00",76.9999999999999,63.73,2840500,0,6.706346,148.8,0.0174803149606299,76.064,67.946,66.596,63.7159999999999,27.8,16,23.7
"BOOI4","2019-08-02 12:00",78.872,53.74,3458800,0,7.963506,146.8,0.024251968503937,79.4839999999999,67.946,66.596,63.7159999999999,27.7,15.9,23.6
"BOOI4","2019-08-02 13:00",79.3939999999999,56.54,1975500,0,8.285625,132.6,0.0291732283464567,82.7239999999999,68.0179999999999,66.596,63.698,27.7,15.9,23.6
"BOOI4","2019-08-02 14:00",79.9339999999999,56.48,2760700,0,8.026141,123.6,0.0249606299212599,84.398,68.1439999999999,66.5779999999999,63.7159999999999,27.6,15.9,23.7
"BOOI4","2019-08-02 15:00",79.772,55.68,2339200.2,0,7.7577076,117,0.0254330708661417,85.4779999999999,68.306,66.5599999999999,63.698,27.6,15.9,23.7
"BOOI4","2019-08-02 16:00",80.096,59.14,2196900,0,7.6548085,111.3,0.0230314960629921,86.1619999999999,68.5039999999999,66.5599999999999,63.698,27.6,15.9,23.6
"BOOI4","2019-08-02 17:00",79.2499999999999,54.01,1411300,0,6.912144,117,0.0210629921259843,86.3779999999999,68.7019999999999,66.5419999999999,63.698,27.6,15.8,23.6
"BOOI4","2019-08-02 18:00",76.8919999999999,58.86,538500,0,6.833852,132.8,0.0159055118110236,85.3519999999999,68.8999999999999,66.5239999999999,63.698,27.6,15.8,23.6
"BOOI4","2019-08-02 19:00",74.7499999999999,66.52,191519.97,0,3.3285668,112.4,0.00677165354330709,83.6779999999999,69.08,66.5419999999999,63.68,27.7,15.9,23.6
"BOOI4","2019-08-02 20:00",72.4099999999999,77.77,22597,0,1.3712442,121,0.00232283464566929,82.022,69.2239999999999,66.5419999999999,63.68,27.7,15.9,23.6
"BOOI4","2019-08-02 21:00",70.1419999999999,78.95,85,0,1.3712442,108.1,0.000748031496062992,80.3839999999999,69.332,66.5419999999999,63.68,27.7,15.9,23.6
"BOOI4","2019-08-02 22:00",69.89,78.08,0,0,0.81648314,90,0,79.0699999999999,69.4039999999999,66.5599999999999,63.6619999999999,27.7,15.9,23.6
"BOOI4","2019-08-02 23:00",68.5399999999999,77.62,0,0,1.8946881,98.5,0.00047244094488189,77.99,69.4759999999999,66.5599999999999,63.68,27.7,15.9,23.6
"BOOI4","2019-08-03 00:00",68.738,80.7,0,0,2.684328,92.1,0.00062992125984252,77.1079999999999,69.4939999999999,66.5779999999999,63.6619999999999,27.7,15.9,23.6
"BOOI4","2019-08-03 01:00",67.6759999999999,81.3,0,0,0.14540109,87.5,-0.000354330708661417,76.3699999999999,69.4759999999999,66.596,63.6619999999999,27.7,15.9,23.6
"BOOI4","2019-08-03 02:00",67.3699999999999,81.1,0,0,0,0,-0.000433070866141732,75.6859999999999,69.4579999999999,66.614,63.6619999999999,27.7,15.9,23.6
"BOOI4","2019-08-03 03:00",68.0359999999999,84.8,0,0,0.633054,93.5,-0.000118110236220472,75.056,69.422,66.6319999999999,63.6619999999999,27.7,15.9,23.6
"BOOI4","2019-08-03 04:00",65.822,85.4,0,0,1.4584849,54.75,0.000196850393700787,74.498,69.3679999999999,66.6499999999999,63.6439999999999,27.7,15.9,23.6
"BOOI4","2019-08-03 05:00",65.6419999999999,90.3,240.9091,0,0.40712306,56.54,-0.000275590551181102,73.9939999999999,69.296,66.6679999999999,63.6439999999999,27.7,15.8,23.5
"BOOI4","2019-08-03 06:00",65.0659999999999,88,31032.728,0,0.31988242,70.81,-0.00031496062992126,73.5439999999999,69.2419999999999,66.6859999999999,63.6439999999999,27.7,15.8,23.5
"BOOI4","2019-08-03 07:00",68.8819999999999,94,459454.53,0,0.81648314,16.23,-0.000236220472440945,73.346,69.1699999999999,66.6859999999999,63.6439999999999,27.7,15.8,23.6
"BOOI4","2019-08-03 08:00",72.9679999999999,83.8,1123818.1,0,1.641914,40.83,0.00232283464566929,73.94,69.098,66.7039999999999,63.6259999999999,27.7,15.9,23.5
"BOOI4","2019-08-03 09:00",74.93,67.32,1203727.3,0,3.4448874,111.1,0.0091732283464567,74.624,69.0079999999999,66.722,63.6259999999999,27.6,15.9,23.5
"BOOI4","2019-08-03 10:00",78.314,68.9,2048909,0,1.9931135,109.8,0.0101968503937008,75.9739999999999,68.9539999999999,66.722,63.6259999999999,27.6,15.9,23.5
"BOOI4","2019-08-03 11:00",80.24,64.52,2800090.8,0,3.1406639,113.8,0.0174409448818898,78.746,68.8999999999999,66.74,63.6259999999999,27.5,15.9,23.5
"BOOI4","2019-08-03 12:00",81.248,62.86,3120909,0,4.7042847,118.7,0.0246456692913386,81.9859999999999,68.9179999999999,66.74,63.6259999999999,27.4,15.9,23.5
"BOOI4","2019-08-03 13:00",81.6079999999999,60.06,2590272.7,0,6.091188,132.1,0.0284251968503937,84.6499999999999,68.99,66.74,63.6259999999999,27.4,15.9,23.5
"BOOI4","2019-08-03 14:00",82.2739999999999,62.66,2666000,0,5.5341897,120,0.0249606299212599,86.7919999999999,69.1519999999999,66.74,63.6079999999999,27.4,15.9,23.6
"BOOI4","2019-08-03 15:00",81.788,56.45,1808091,0,6.0531597,130.9,0.0258267716535433,88.322,69.3679999999999,66.74,63.6079999999999,27.4,15.8,23.6
"BOOI4","2019-08-03 16:00",82.7779999999999,58.77,1989363.6,0,4.9324527,132.4,0.0190551181102362,88.988,69.6199999999999,66.74,63.6079999999999,27.4,15.8,23.6
"BOOI4","2019-08-03 17:00",82.3279999999999,54.63,1471091,0,4.811658,140.8,0.0201968503937008,89.6359999999999,69.872,66.74,63.6079999999999,27.5,15.8,23.6
"BOOI4","2019-08-03 18:00",81.9859999999999,54.59,819727.3,0,4.0153074,155,0.0153149606299213,89.0599999999999,70.088,66.74,63.6079999999999,27.5,15.8,23.6
"BOOI4","2019-08-03 19:00",79.9339999999999,59.49,417718.2,0,4.1182065,154.2,0.0101181102362205,87.5119999999999,70.2679999999999,66.7579999999999,63.6079999999999,27.6,15.8,23.6
"BOOI4","2019-08-03 20:00",76.6039999999999,65.39,54122.726,0,0.79858756,140.9,0.00259842519685039,85.5499999999999,70.4119999999999,66.7579999999999,63.6079999999999,27.5,15.8,23.6
"BOOI4","2019-08-03 21:00",74.7499999999999,70.65,25.454545,0,1.5703319,116.6,-0.000590551181102362,83.624,70.5019999999999,66.7759999999999,63.6079999999999,27.5,15.8,23.5
"BOOI4","2019-08-03 22:00",70.2499999999999,74.24,0,0,1.2459755,118.4,-0.000236220472440945,81.914,70.5739999999999,66.7939999999999,63.6079999999999,27.6,15.8,23.5
"BOOI4","2019-08-03 23:00",69.6019999999999,84.2,0,0,0,0,-0.00118110236220473,80.4739999999999,70.6099999999999,66.83,63.5899999999999,27.6,15.8,23.5
"BOOI4","2019-08-04 00:00",68.7739999999999,87.2,0,0,0,0,-0.00114173228346457,79.232,70.6099999999999,66.848,63.6079999999999,27.6,15.8,23.5
"BOOI4","2019-08-04 01:00",68.648,87,0,0,0,0,-0.00114173228346457,78.1159999999999,70.5919999999999,66.8839999999999,63.5899999999999,27.6,15.8,23.5
"BOOI4","2019-08-04 02:00",65.4079999999999,87.2,0,0,0,0,-0.00114173228346457,77.1259999999999,70.538,66.9019999999999,63.5899999999999,27.6,15.8,23.5
"BOOI4","2019-08-04 03:00",65.138,94.6,0,0,0,0,-0.00114173228346457,76.2259999999999,70.4659999999999,66.938,63.5899999999999,27.6,15.8,23.5
"BOOI4","2019-08-04 04:00",64.832,98.1,0,0,0,0,-0.00110236220472441,75.4339999999999,70.3939999999999,66.956,63.5899999999999,27.6,15.8,23.5
"BOOI4","2019-08-04 05:00",65.1019999999999,97.5,645.4546,0,0,0,-0.00110236220472441,74.696,70.3039999999999,66.9919999999999,63.5899999999999,27.6,15.8,23.5
"BOOI4","2019-08-04 06:00",65.9119999999999,96.3,101061.82,0,0,0,-0.00110236220472441,74.0839999999999,70.196,67.0099999999999,63.5899999999999,27.6,15.8,23.5
"BOOI4","2019-08-04 07:00",70.196,93.3,552181.8,0,0,0,-0.00137795275590551,73.832,70.088,67.0279999999999,63.5899999999999,27.6,15.8,23.5
"BOOI4","2019-08-04 08:00",74.3179999999999,87.4,1154090.8,0,0,0,0.00236220472440945,74.282,69.98,67.046,63.572,27.5,15.8,23.5
"BOOI4","2019-08-04 09:00",78.2239999999999,80.4,1778000,0,0,0,0.00763779527559055,75.5419999999999,69.872,67.064,63.5899999999999,27.4,15.8,23.5
"BOOI4","2019-08-04 10:00",81.0859999999999,71.82,2317363.5,0,1.6754681,174.5,0.0139370078740157,77.4679999999999,69.764,67.064,63.5899999999999,27.3,15.8,23.5
"BOOI4","2019-08-04 11:00",82.0399999999999,68.33,2764182,0,2.800649,202.6,0.0197637795275591,80.1499999999999,69.7099999999999,67.082,63.5899999999999,27.2,15.8,23.4
"BOOI4","2019-08-04 12:00",82.706,65.91,2926545.4,0,3.6484492,185.4,0.0243700787401575,83.1739999999999,69.746,67.082,63.5899999999999,27.2,15.8,23.4
"BOOI4","2019-08-04 13:00",84.488,64.1,3038182,0,3.5656824,193.1,0.0261811023622047,86.18,69.8539999999999,67.082,63.5899999999999,27.1,15.8,23.4
"BOOI4","2019-08-04 14:00",86.18,62.04,3018182,0,4.0734677,180.6,0.027755905511811,88.772,70.0339999999999,67.082,63.5899999999999,27.1,15.8,23.4
"BOOI4","2019-08-04 15:00",85.2439999999999,53.79,2560818.4,0,3.3509362,194.3,0.0276771653543307,90.9859999999999,70.3039999999999,67.0999999999999,63.5899999999999,27.2,15.7,23.4
"BOOI4","2019-08-04 16:00",85.8199999999999,59.23,1898181.8,0,3.650686,212.9,0.0244094488188976,91.8499999999999,70.5919999999999,67.082,63.5899999999999,27.2,15.7,23.4
"BOOI4","2019-08-04 17:00",85.046,56.65,1529818.2,0,2.686565,208,0.0181496062992126,92.1199999999999,70.8619999999999,67.0999999999999,63.5899999999999,27.2,15.7,23.4
"BOOI4","2019-08-04 18:00",83.606,61.3,835545.5,0,2.491951,192.9,0.0144881889763779,91.2019999999999,71.114,67.1179999999999,63.5899999999999,27.3,15.7,23.4
"BOOI4","2019-08-04 19:00",79.8439999999999,66.88,247954.54,0,1.1743934,207.8,0.00724409448818898,89.4919999999999,71.3119999999999,67.1179999999999,63.5899999999999,27.3,15.7,23.4
"BOOI4","2019-08-04 20:00",75.398,74.04,17600.908,0,0,0,0.00145669291338583,87.4039999999999,71.4739999999999,67.1359999999999,63.6079999999999,27.4,15.7,23.4
"BOOI4","2019-08-04 21:00",71.8699999999999,85.4,0,0,0.16105968,156.1,-3.93700787401575e-05,85.4779999999999,71.582,67.1539999999999,63.5899999999999,27.4,15.7,23.4
"BOOI4","2019-08-04 22:00",70.4659999999999,91,0,0,0.33106712,151.8,-0.000984251968503937,83.84,71.6539999999999,67.19,63.5899999999999,27.4,15.7,23.4
"BOOI4","2019-08-04 23:00",69.6919999999999,91.3,0,0,0,0,-0.00118110236220473,82.4539999999999,71.69,67.2079999999999,63.5899999999999,27.4,15.7,23.4
"BOOI4","2019-08-05 00:00",68.738,89.7,0,0,0.27514362,208.5,-0.00106299212598425,81.2839999999999,71.69,67.2619999999999,63.5899999999999,27.4,15.7,23.4
"BOOI4","2019-08-05 01:00",68.18,93.2,0,0,0.08724066,209.5,-0.00114173228346457,80.24,71.6539999999999,67.298,63.5899999999999,27.4,15.7,23.4
"BOOI4","2019-08-05 02:00",66.5779999999999,93.6,0,0,0,0,-0.00118110236220473,79.2859999999999,71.6179999999999,67.3339999999999,63.5899999999999,27.4,15.7,23.3
"BOOI4","2019-08-05 03:00",65.6779999999999,96.2,0,0,0.08500372,208.1,-0.00114173228346457,78.422,71.546,67.3519999999999,63.6079999999999,27.4,15.7,23.3
"BOOI4","2019-08-05 04:00",66.1819999999999,97.3,0,0,1.7649456,189.8,-0.000748031496062992,77.63,71.456,67.388,63.6079999999999,27.4,15.7,23.3
"BOOI4","2019-08-05 05:00",64.4539999999999,97,302.72728,0,1.4495372,221.3,-0.00078740157480315,76.9279999999999,71.3839999999999,67.4239999999999,63.6079999999999,27.4,15.8,23.3
"BOOI4","2019-08-05 06:00",65.93,98.7,51100.002,0,0.9730689,197.2,-0.000905511811023622,76.3159999999999,71.2579999999999,67.4419999999999,63.6079999999999,27.4,15.8,23.3
"BOOI4","2019-08-05 07:00",70.664,96.6,426363.62,0,0.66437113,223.6,-0.0012992125984252,75.9739999999999,71.1499999999999,67.4779999999999,63.6079999999999,27.4,15.8,23.3
"BOOI4","2019-08-05 08:00",73.4359999999999,88.1,582545.5,0,2.380104,229.5,0.0021259842519685,76.2619999999999,71.0419999999999,67.496,63.6079999999999,27.3,15.8,23.3
"BOOI4","2019-08-05 09:00",78.4759999999999,84.9,1469091,0,4.062283,234.9,0.00515748031496063,77.0539999999999,70.9339999999999,67.514,63.6079999999999,27.2,15.8,23.3
"BOOI4","2019-08-05 10:00",81.3919999999999,79.73,1844091,0,5.413395,235.6,0.0127165354330709,78.5839999999999,70.8259999999999,67.532,63.6079999999999,27.2,15.8,23.3
"BOOI4","2019-08-05 11:00",82.3099999999999,77.1,1835363.6,0,5.408921,232.6,0.0165748031496063,80.4019999999999,70.7539999999999,67.5499999999999,63.6259999999999,27.1,15.8,23.3
"BOOI4","2019-08-05 12:00",84.272,74.51,2407818,0,6.033027,237.5,0.0174409448818898,82.3819999999999,70.7179999999999,67.5499999999999,63.6079999999999,27.1,15.7,23.3
"BOOI4","2019-08-05 13:00",85.4239999999999,69.6,2481909.2,0,6.3215923,231.6,0.0229133858267717,84.5779999999999,70.7359999999999,67.5679999999999,63.6259999999999,27.1,15.7,23.3
"BOOI4","2019-08-05 14:00",84.9019999999999,69.39,1671727.3,0,6.323829,231.6,0.0242125984251969,86.0359999999999,70.8259999999999,67.5679999999999,63.6259999999999,27.1,15.7,23.3
"BOOI4","2019-08-05 15:00",85.856,69.33,2390272.7,0,5.7668314,227.6,0.0176377952755906,87.4759999999999,70.9519999999999,67.5679999999999,63.6259999999999,27.1,15.7,23.3
"BOOI4","2019-08-05 16:00",84.3079999999999,64.15,1242272.7,0,6.1359267,225.3,0.0240551181102362,88.2499999999999,71.096,67.5679999999999,63.6259999999999,27.1,15.7,23.3
"BOOI4","2019-08-05 17:00",83.282,69.53,724090.94,0,4.614807,212.5,0.0139763779527559,87.7099999999999,71.2579999999999,67.5859999999999,63.6259999999999,27.1,15.7,23.4
"BOOI4","2019-08-05 18:00",81.7519999999999,73.06,452718.2,0,3.6596339,230.4,0.00874015748031496,86.846,71.4199999999999,67.5859999999999,63.6439999999999,27.1,15.7,23.4
"BOOI4","2019-08-05 19:00",80.8699999999999,74.99,376181.8,0,5.1650944,219.8,0.00677165354330709,85.748,71.564,67.5859999999999,63.6439999999999,27.1,15.7,23.4
"BOOI4","2019-08-05 20:00",77.972,79.79,49675.453,0,5.590113,227.7,0.00519685039370079,84.596,71.69,67.6039999999999,63.6439999999999,27.2,15.7,23.3
"BOOI4","2019-08-05 21:00",76.7119999999999,87.1,0,0,3.9705684,229,0.00031496062992126,83.4439999999999,71.78,67.622,63.6439999999999,27.2,15.7,23.3
"BOOI4","2019-08-05 22:00",68.8279999999999,91.3,0,0,2.8811786,236.6,0.000354330708661417,82.3099999999999,71.8519999999999,67.64,63.6619999999999,27.2,15.7,23.3
"BOOI4","2019-08-05 23:00",67.0279999999999,92.4,0,0.29000002,5.974867,32.65,0.000708661417322835,80.8339999999999,71.888,67.6579999999999,63.6619999999999,27.3,15.7,23.3
"BOOI4","2019-08-06 00:00",68.63,94.1,0,0,2.3957627,274.5,-3.93700787401575e-05,79.448,71.906,67.6759999999999,63.6619999999999,27.3,15.7,23.3
"BOOI4","2019-08-06 01:00",69.2779999999999,94.1,0,0,3.2994866,290,7.8740157480315e-05,78.4039999999999,71.888,67.6939999999999,63.6619999999999,27.3,15.7,23.3
"BOOI4","2019-08-06 02:00",67.0999999999999,95.6,0,0,3.1831656,338.8,3.93700787401575e-05,77.4859999999999,71.8519999999999,67.7119999999999,63.6619999999999,27.3,15.7,23.3
"BOOI4","2019-08-06 03:00",65.84,98.9,0,0,4.037677,354.2,-3.93700787401575e-05,76.6039999999999,71.78,67.73,63.6619999999999,27.3,15.7,23.3
"BOOI4","2019-08-06 04:00",64.5619999999999,99.5,0,0,3.0086844,340,-0.00015748031496063,75.7759999999999,71.69,67.7839999999999,63.68,27.2,15.7,23.3
"BOOI4","2019-08-06 05:00",64.706,100,359.09092,0,1.044651,315.2,-0.000275590551181102,75.038,71.5999999999999,67.7839999999999,63.68,27.2,15.7,23.3
"BOOI4","2019-08-06 06:00",65.4079999999999,98.1,111239.09,0,2.3353655,335.5,-0.000196850393700787,74.3539999999999,71.4739999999999,67.8199999999999,63.68,27.2,15.7,23.3
"BOOI4","2019-08-06 07:00",67.856,95.3,584818.2,0,4.724417,342.8,-0.000826771653543307,73.9039999999999,71.3659999999999,67.838,63.698,27.2,15.7,23.3
"BOOI4","2019-08-06 08:00",70.988,91.5,1211000,0,5.7131443,345.1,0.00295275590551181,74.03,71.24,67.838,63.698,27.1,15.7,23.3
"BOOI4","2019-08-06 09:00",74.7679999999999,85.3,1908000,0,6.303697,345,0.00822834645669291,75.0739999999999,71.096,67.856,63.698,27,15.7,23.3
"BOOI4","2019-08-06 10:00",78.296,80,2395454.6,0,4.5767794,344.9,0.0144488188976378,76.8199999999999,70.988,67.874,63.698,26.9,15.7,23.3
"BOOI4","2019-08-06 11:00",79.2679999999999,75.01,2766181.6,0,3.6014733,341.4,0.0193700787401575,79.088,70.898,67.874,63.698,26.8,15.7,23.3
"BOOI4","2019-08-06 12:00",80.2939999999999,64.41,2935636.2,0,4.7109957,341.6,0.0237795275590551,81.68,70.88,67.874,63.698,26.8,15.7,23.3
"BOOI4","2019-08-06 13:00",81.1039999999999,60.43,2842363.5,0,5.4626074,343.3,0.0263779527559055,84.3259999999999,70.9519999999999,67.874,63.7159999999999,26.8,15.6,23.3
"BOOI4","2019-08-06 14:00",81.446,55.89,2907454.6,0,4.8586335,348.3,0.0263385826771654,86.6839999999999,71.096,67.874,63.7159999999999,26.8,15.6,23.3
"BOOI4","2019-08-06 15:00",82.6159999999999,54.39,2709909.2,0,5.303785,0.592,0.0273228346456693,88.88,71.3119999999999,67.874,63.7159999999999,26.8,15.6,23.2
"BOOI4","2019-08-06 16:00",83.0839999999999,49.9,1936727.3,0,4.6774416,354,0.025748031496063,90.0679999999999,71.546,67.874,63.7159999999999,26.8,15.6,23.2
"BOOI4","2019-08-06 17:00",83.138,57.56,1610545.4,0,4.207684,351.8,0.0195275590551181,90.2659999999999,71.7619999999999,67.874,63.7339999999999,26.8,15.6,23.2
"BOOI4","2019-08-06 18:00",81.23,53.29,890727.23,0,3.5969996,344.7,0.0159842519685039,89.4199999999999,71.9419999999999,67.874,63.7339999999999,26.9,15.6,23.2
"BOOI4","2019-08-06 19:00",79.088,58.15,400554.53,0,3.16527,7.469,0.00960629921259843,87.6019999999999,72.0859999999999,67.874,63.7339999999999,26.9,15.6,23.2
"BOOI4","2019-08-06 20:00",74.4439999999999,66.96,21111.818,0,0.44515106,11.77,0.00192913385826772,85.4239999999999,72.1939999999999,67.8919999999999,63.7339999999999,26.9,15.6,23.2
"BOOI4","2019-08-06 21:00",71.1319999999999,75.82,0,0,0,0,-0.00062992125984252,83.4439999999999,72.248,67.9099999999999,63.7519999999999,26.9,15.6,23.2
"BOOI4","2019-08-06 22:00",66.596,81.8,0,0,0,0,-0.00141732283464567,81.7699999999999,72.2839999999999,67.9279999999999,63.7519999999999,26.9,15.6,23.2
"BOOI4","2019-08-06 23:00",64.6699999999999,91.9,0,0,0,0,-0.00133858267716536,80.348,72.2659999999999,67.946,63.7519999999999,26.9,15.6,23.2
"BOOI4","2019-08-07 00:00",64.9759999999999,95,0,0,0,0,-0.00133858267716536,79.1599999999999,72.2119999999999,67.982,63.7519999999999,26.9,15.6,23.2
"BOOI4","2019-08-07 01:00",64.9039999999999,94.4,0,0,0.02684328,276.2,-0.0012992125984252,78.188,72.1579999999999,67.9999999999999,63.7699999999999,26.9,15.6,23.2
"BOOI4","2019-08-07 02:00",63.8419999999999,94.5,0,0,0.80977225,250.3,-0.00102362204724409,77.3599999999999,72.0499999999999,68.0179999999999,63.7699999999999,26.9,15.6,23.2
"BOOI4","2019-08-07 03:00",62.582,94.9,0,0,1.7067852,214.4,-0.00078740157480315,76.514,71.9419999999999,68.0359999999999,63.788,26.9,15.6,23.2
"BOOI4","2019-08-07 04:00",61.9699999999999,96.7,0,0,2.3398392,196.9,-0.000708661417322835,75.7039999999999,71.8339999999999,68.0539999999999,63.788,26.9,15.6,23.2
"BOOI4","2019-08-07 05:00",62.0239999999999,97.1,691.8181,0,1.6329663,236.3,-0.000866141732283465,75.0019999999999,71.69,68.072,63.788,26.9,15.6,23.2
"BOOI4","2019-08-07 06:00",63.6439999999999,97.5,105545.456,0,1.489802,243.8,-0.000905511811023622,74.4079999999999,71.564,68.09,63.788,26.8,15.6,23.2
"BOOI4","2019-08-07 07:00",70.7179999999999,95.2,648363.65,0,0.75832266,234.2,-0.00125984251968504,74.156,71.4199999999999,68.1079999999999,63.806,26.8,15.6,23.2
"BOOI4","2019-08-07 08:00",73.2019999999999,88,755545.5,0,1.5054606,200.1,0.00330708661417323,74.5519999999999,71.2759999999999,68.1259999999999,63.788,26.8,15.6,23.2
"BOOI4","2019-08-07 09:00",78.098,80.3,1834181.8,0,3.5008113,214.3,0.00578740157480315,75.5239999999999,71.1319999999999,68.1259999999999,63.806,26.7,15.6,23.2
"BOOI4","2019-08-07 10:00",80.996,70.16,2374636.2,0,5.2747045,204.2,0.0154330708661417,77.4319999999999,71.006,68.1259999999999,63.806,26.6,15.6,23.1
"BOOI4","2019-08-07 11:00",83.4079999999999,68.9,2800636.2,0,5.7869635,201.7,0.0211811023622047,79.988,70.9159999999999,68.1259999999999,63.8239999999999,26.5,15.5,23.1
"BOOI4","2019-08-07 12:00",84.722,65.82,3013636.2,0,5.039826,216,0.0253149606299213,83.03,70.898,68.1259999999999,63.8239999999999,26.5,15.5,23.1
"BOOI4","2019-08-07 13:00",84.9919999999999,63.49,2896000,0,3.9235926,222.6,0.0275196850393701,85.8199999999999,70.9699999999999,68.1079999999999,63.8239999999999,26.4,15.5,23.1
"BOOI4","2019-08-07 14:00",85.9279999999999,60.03,3005454.6,0,4.350848,237.6,0.0269291338582677,88.5919999999999,71.1319999999999,68.09,63.8419999999999,26.4,15.5,23.1
"BOOI4","2019-08-07 15:00",86.7739999999999,61.94,2600454.6,0,4.6684937,262.2,0.0281889763779528,90.7879999999999,71.3659999999999,68.09,63.8419999999999,26.4,15.5,23.1
"BOOI4","2019-08-07 16:00",86.6659999999999,60.52,2092545.4,0,3.4605463,247.9,0.0244094488188976,92.156,71.6179999999999,68.09,63.8419999999999,26.5,15.5,23.1
"BOOI4","2019-08-07 17:00",85.8199999999999,59.75,1541363.6,0,3.315145,257.3,0.0200787401574803,92.2999999999999,71.8699999999999,68.072,63.8419999999999,26.5,15.4,23.1
"BOOI4","2019-08-07 18:00",84.2539999999999,62.22,893454.5,0,3.4359398,261.2,0.0152755905511811,91.256,72.0859999999999,68.072,63.8599999999999,26.6,15.4,23.1
"BOOI4","2019-08-07 19:00",79.088,68,344263.6,0,2.9594715,260.8,0.00913385826771654,89.4199999999999,72.248,68.072,63.8599999999999,26.6,15.4,23.1
"BOOI4","2019-08-07 20:00",73.148,84.6,27058.182,0,0.3914645,260.9,0.00188976377952756,87.296,72.374,68.072,63.8779999999999,26.6,15.4,23.1
"BOOI4","2019-08-07 21:00",71.348,91.4,0,0,0.0559235,252.8,-0.00094488188976378,85.3519999999999,72.464,68.09,63.8779999999999,26.6,15.4,23.1
"BOOI4","2019-08-07 22:00",71.3119999999999,94.7,0,0,0,0,-0.0012992125984252,83.7499999999999,72.5359999999999,68.1079999999999,63.8779999999999,26.6,15.4,23.1
"BOOI4","2019-08-07 23:00",71.2579999999999,94.5,0,0,1.8902143,264,-0.000708661417322835,82.4539999999999,72.5359999999999,68.1259999999999,63.8779999999999,26.6,15.4,23.1
"BOOI4","2019-08-08 00:00",68.5399999999999,95.6,0,0,1.5748057,266.3,-0.000826771653543307,81.3199999999999,72.5179999999999,68.1439999999999,63.8779999999999,26.6,15.4,23.1
"BOOI4","2019-08-08 01:00",69.89,98.3,0,0,0,0,-0.0012992125984252,80.33,72.482,68.18,63.896,26.6,15.4,23.1
"BOOI4","2019-08-08 02:00",70.88,97,0,0,0.65766037,282.9,-0.00110236220472441,79.5019999999999,72.4279999999999,68.198,63.896,26.6,15.4,23.1
"BOOI4","2019-08-08 03:00",69.3679999999999,90.5,0,0,2.3018115,356.3,-0.000669291338582677,78.782,72.338,68.2339999999999,63.896,26.6,15.5,23.1
"BOOI4","2019-08-08 04:00",68.2339999999999,90.3,0,0,4.328479,8.91,-0.000196850393700787,78.1339999999999,72.2659999999999,68.2519999999999,63.896,26.6,15.5,23.1
"BOOI4","2019-08-08 05:00",67.0099999999999,92.6,312.72727,0,4.9056096,10.97,-0.000118110236220472,77.5399999999999,72.1579999999999,68.2699999999999,63.914,26.6,15.5,23.1
"BOOI4","2019-08-08 06:00",66.2539999999999,92.5,79973.64,0,5.149436,11.84,-0.000236220472440945,77.0359999999999,72.0499999999999,68.288,63.914,26.6,15.5,23.1
"BOOI4","2019-08-08 07:00",66.7579999999999,94.7,375090.9,0,4.6796784,12.52,-0.000669291338582677,76.748,71.9419999999999,68.306,63.914,26.6,15.5,23.1
"BOOI4","2019-08-08 08:00",67.9999999999999,92.1,472545.44,0,4.867582,8.98,0.00208661417322835,76.8019999999999,71.8339999999999,68.3239999999999,63.914,26.6,15.5,23.1
"BOOI4","2019-08-08 09:00",69.188,86.2,787909.06,0,3.6976619,358.1,0.00389763779527559,77.2339999999999,71.7079999999999,68.3239999999999,63.914,26.5,15.5,23.1
"BOOI4","2019-08-08 10:00",73.832,82.5,1687727.3,0,3.9034603,353.7,0.00665354330708662,78.08,71.5999999999999,68.3419999999999,63.932,26.5,15.5,23.1
"BOOI4","2019-08-08 11:00",77.0179999999999,71.5,2721090.8,0,2.612746,336.5,0.0132677165354331,80.4199999999999,71.5099999999999,68.3419999999999,63.932,26.4,15.5,23.1
"BOOI4","2019-08-08 12:00",78.332,68.46,2860636.5,0,1.93719,339.9,0.022007874015748,83.1739999999999,71.438,68.3419999999999,63.932,26.3,15.4,23.1
"BOOI4","2019-08-08 13:00",79.538,62.27,3080000,0,3.6618707,337.8,0.0243700787401575,85.9279999999999,71.4019999999999,68.3419999999999,63.932,26.3,15.4,23.1
"BOOI4","2019-08-08 14:00",80.2579999999999,65.11,2552000,0,5.082328,343.8,0.0268503937007874,88.1419999999999,71.438,68.3419999999999,63.9499999999999,26.3,15.4,23.1
"BOOI4","2019-08-08 15:00",80.8339999999999,63.48,2484909.2,0,4.478354,347.9,0.022992125984252,89.69,71.564,68.3239999999999,63.9499999999999,26.3,15.4,23.1
"BOOI4","2019-08-08 16:00",79.4839999999999,59.88,2183090.8,0,4.93469,337.4,0.0230708661417323,90.6439999999999,71.7439999999999,68.3239999999999,63.9499999999999,26.3,15.4,23.1
"BOOI4","2019-08-08 17:00",78.638,51.46,1495545.5,0,6.5363383,2.11,0.0218503937007874,90.1939999999999,71.906,68.3239999999999,63.9499999999999,26.3,15.4,23.1
"BOOI4","2019-08-08 18:00",75.8119999999999,53.27,936000,0,6.8383255,5.609,0.0174803149606299,88.9339999999999,72.0679999999999,68.3239999999999,63.9679999999999,26.3,15.4,23.1
"BOOI4","2019-08-08 19:00",73.472,58.76,377736.36,0,6.2343516,10.52,0.0121653543307087,87.0619999999999,72.1759999999999,68.3239999999999,63.9679999999999,26.3,15.4,23.1
"BOOI4","2019-08-08 20:00",69.4759999999999,62.96,29576.363,0,2.1922011,11.79,0.00330708661417323,84.9739999999999,72.2659999999999,68.3239999999999,63.9859999999999,26.4,15.4,23.1
"BOOI4","2019-08-08 21:00",68.09,71.18,0,0,0.10961006,2.087,-0.00137795275590551,83.0839999999999,72.3019999999999,68.3239999999999,63.9859999999999,26.4,15.4,23.1
"BOOI4","2019-08-08 22:00",67.046,74.59,0,0,0.111847,1.796,-0.00153543307086614,81.446,72.3019999999999,68.3239999999999,63.9859999999999,26.4,15.4,23.1
"BOOI4","2019-08-08 23:00",65.138,78.31,0,0,0.52120703,0.541,-0.00118110236220473,80.006,72.2659999999999,68.3419999999999,63.9859999999999,26.4,15.4,23
"BOOI4","2019-08-09 00:00",62.798,80.8,0,0,0.671082,355.2,-0.00106299212598425,78.7279999999999,72.2119999999999,68.3599999999999,64.0039999999999,26.4,15.4,23
"BOOI4","2019-08-09 01:00",62.2579999999999,83.2,0,0,0,0,-0.0015748031496063,77.5399999999999,72.122,68.3779999999999,64.0039999999999,26.4,15.4,23
"BOOI4","2019-08-09 02:00",62.24,84.8,0,0,0,0,-0.0015748031496063,76.4779999999999,72.014,68.3779999999999,64.0039999999999,26.3,15.4,23
"BOOI4","2019-08-09 03:00",60.4939999999999,84.6,0,0,0,0,-0.00153543307086614,75.5239999999999,71.8699999999999,68.396,64.022,26.3,15.4,23
"BOOI4","2019-08-09 04:00",59.846,85.5,0,0,0,0,-0.00153543307086614,74.6779999999999,71.7259999999999,68.414,64.0039999999999,26.3,15.4,23
"BOOI4","2019-08-09 05:00",59.3599999999999,86.7,307.27273,0,0,0,-0.00153543307086614,73.8859999999999,71.564,68.414,64.022,26.3,15.4,23
"BOOI4","2019-08-09 06:00",59.522,88.2,79891.82,0,0.57041967,349.5,-0.00118110236220473,73.2199999999999,71.4019999999999,68.414,64.022,26.3,15.4,23
"BOOI4","2019-08-09 07:00",65.048,86.9,455027.25,0,2.205623,342.2,-0.00110236220472441,72.8779999999999,71.222,68.414,64.022,26.2,15.4,23
"BOOI4","2019-08-09 08:00",70.3039999999999,79.08,1091181.8,0,1.5524364,348,0.00188976377952756,73.1119999999999,71.0419999999999,68.396,64.0399999999999,26.2,15.4,23
"BOOI4","2019-08-09 09:00",74.138,71.51,1794000,0,1.4674327,9.74,0.00716535433070866,74.246,70.8619999999999,68.414,64.0399999999999,26.1,15.4,23
"BOOI4","2019-08-09 10:00",76.0999999999999,64.13,2364545.4,0,0.7941137,21.82,0.0130314960629921,76.406,70.6999999999999,68.396,64.0399999999999,26,15.4,23
"BOOI4","2019-08-09 11:00",78.098,63.99,2798272.7,0,0.8030614,239.8,0.0183464566929134,79.1599999999999,70.5919999999999,68.396,64.0579999999999,27.3,15.1,23
"BOOI4","2019-08-09 12:00",79.448,49.89,3060000,0,1.4092722,249,0.022755905511811,82.238,70.538,68.3599999999999,64.0399999999999,28.4,14.9,23
"BOOI4","2019-08-09 13:00",80.348,53.24,3113636.5,0,1.1229439,270.8,0.0251968503937008,85.3519999999999,70.5739999999999,68.3419999999999,64.0579999999999,27.8,14.9,22.9
"BOOI4","2019-08-09 14:00",80.348,46.03,2964091,0,1.8052106,329.3,0.026496062992126,88.196,70.7179999999999,68.3239999999999,64.0579999999999,27.8,14.8,22.9
"BOOI4","2019-08-09 15:00",81.464,54.28,2623182,0,2.684328,4.214,0.0263385826771654,90.2659999999999,70.88,68.306,64.0759999999999,27.9,14.8,22.9
"BOOI4","2019-08-09 16:00",81.7699999999999,48.21,2136727.3,0,3.612658,21.01,0.0242913385826772,91.2379999999999,71.0419999999999,68.2699999999999,64.0759999999999,27.9,14.8,22.9
"BOOI4","2019-08-09 17:00",80.1679999999999,49.82,1323272.7,0,4.400061,34.37,0.0210629921259843,91.022,71.1859999999999,68.2519999999999,64.0759999999999,27.9,14.8,22.9
"BOOI4","2019-08-09 18:00",77.5759999999999,55.24,607636.35,0,2.7424884,47.9,0.0130708661417323,89.456,71.2939999999999,68.2339999999999,64.0759999999999,27.9,14.8,22.9
"BOOI4","2019-08-09 19:00",74.6599999999999,66.74,252054.53,0,2.0020614,60.44,0.00618110236220473,87.656,71.3659999999999,68.2339999999999,64.0759999999999,27.9,14.8,22.9
"BOOI4","2019-08-09 20:00",71.2939999999999,73.25,8442.727,0,1.0245185,51.08,0.00188976377952756,85.73,71.4019999999999,68.2159999999999,64.0939999999999,27.9,14.8,22.9
"BOOI4","2019-08-09 21:00",70.3759999999999,80.7,0,0,0.05144962,25.3,-0.00122047244094488,84.0019999999999,71.438,68.2159999999999,64.0939999999999,27.9,14.8,22.9
"BOOI4","2019-08-09 22:00",70.664,82.3,0,0,0.2572481,60.94,-0.00110236220472441,82.6519999999999,71.438,68.2159999999999,64.0939999999999,27.9,14.8,22.9
"BOOI4","2019-08-09 23:00",67.856,78.18,0,0,0.18119214,96.9,-0.00118110236220473,81.464,71.4199999999999,68.2159999999999,64.0939999999999,27.9,14.8,22.9
"BOOI4","2019-08-10 00:00",68.0539999999999,82.4,0,0,2.3778672,98,-7.8740157480315e-05,80.438,71.3839999999999,68.2159999999999,64.0939999999999,27.9,14.8,22.9
"BOOI4","2019-08-10 01:00",67.622,81.6,0,0,4.089126,120.7,0.000433070866141732,79.5199999999999,71.3119999999999,68.2159999999999,64.0939999999999,27.9,14.8,22.9
"BOOI4","2019-08-10 02:00",67.73,80.8,0,0,5.739988,149.5,0.000748031496062992,78.746,71.2579999999999,68.2159999999999,64.1119999999999,27.9,14.8,22.9
"BOOI4","2019-08-10 03:00",65.9119999999999,80.2,0,0,3.8900385,134.7,0.00031496062992126,78.0619999999999,71.1859999999999,68.2159999999999,64.1119999999999,27.8,14.8,22.9
"BOOI4","2019-08-10 04:00",65.8939999999999,88.3,0,0,4.0443873,116.1,0.000118110236220472,77.4319999999999,71.114,68.2159999999999,64.1119999999999,27.8,14.8,22.9
"BOOI4","2019-08-10 05:00",66.038,86.9,220,0,4.1092587,95.7,0,76.946,71.006,68.2159999999999,64.1119999999999,27.9,14.8,22.9
"BOOI4","2019-08-10 06:00",65.138,85.5,60175.453,0,5.185227,107.6,0.000236220472440945,76.406,70.9159999999999,68.2159999999999,64.1119999999999,27.8,14.8,22.9
"BOOI4","2019-08-10 07:00",65.282,87.8,116090.91,0,5.507346,127.1,-0.000118110236220472,76.0999999999999,70.8259999999999,68.198,64.13,27.8,14.8,22.9
"BOOI4","2019-08-10 08:00",67.532,91.9,382881.84,0.060000002,4.88324,145.3,0.00188976377952756,75.74,70.7179999999999,68.198,64.13,27.8,14.8,22.9
"BOOI4","2019-08-10 09:00",71.222,90.6,782000,0,6.643712,137,0.00354330708661417,75.9019999999999,70.6099999999999,68.18,64.13,27.7,14.8,22.9
"BOOI4","2019-08-10 10:00",75.2179999999999,84.9,1942454.5,0,6.30146,138.3,0.00669291338582677,76.9099999999999,70.5019999999999,68.198,64.13,27.7,14.8,22.9
"BOOI4","2019-08-10 11:00",77.9539999999999,81.9,1994545.4,0,7.7107325,148.1,0.015748031496063,78.638,70.4119999999999,68.18,64.13,27.7,14.8,22.9
"BOOI4","2019-08-10 12:00",81.3199999999999,77.75,2717636.2,0,7.4825644,155.1,0.0174015748031496,80.4919999999999,70.322,68.1619999999999,64.13,27.6,14.8,22.9
"BOOI4","2019-08-10 13:00",83.03,72.04,2914818.4,0,9.43765,161.8,0.0241338582677165,82.814,70.2679999999999,68.1439999999999,64.13,27.6,14.8,22.9
"BOOI4","2019-08-10 14:00",83.048,72.22,1849363.6,0,10.415193,169,0.0267716535433071,84.4699999999999,70.232,68.1259999999999,64.13,27.6,14.8,22.9
"BOOI4","2019-08-10 15:00",84.6319999999999,72.65,1625363.6,0,10.719416,163.7,0.0196456692913386,84.6679999999999,70.2679999999999,68.1259999999999,64.148,27.6,14.8,22.9
"BOOI4","2019-08-10 16:00",84.038,73.55,1623181.8,0,10.280976,162.6,0.017992125984252,85.4599999999999,70.3039999999999,68.09,64.148,27.6,14.8,22.9
"BOOI4","2019-08-10 17:00",83.5159999999999,74.63,1037909,0,9.625553,160.8,0.0178346456692913,85.5499999999999,70.3759999999999,68.09,64.148,27.6,14.8,22.9
"BOOI4","2019-08-10 18:00",82.9759999999999,76.66,700545.5,0,7.393087,137.8,0.0121259842519685,85.1179999999999,70.448,68.0539999999999,64.148,27.6,14.8,22.9
"BOOI4","2019-08-10 19:00",80.564,78.77,261690.92,0,6.6593704,134.1,0.00858267716535433,84.1099999999999,70.5199999999999,68.0359999999999,64.148,27.6,14.8,22.9
"BOOI4","2019-08-10 20:00",78.4039999999999,82.4,8748.182,0,5.3239174,139.2,0.00393700787401575,82.9759999999999,70.5919999999999,68.0359999999999,64.148,27.6,14.8,22.9
"BOOI4","2019-08-10 21:00",76.406,87.1,0,0,4.138339,137.1,0.000669291338582677,81.914,70.646,68.0179999999999,64.148,27.6,14.8,22.9
"BOOI4","2019-08-10 22:00",75.0919999999999,92.3,0,0,2.3174698,158.2,-3.93700787401575e-05,81.0499999999999,70.6999999999999,67.9999999999999,64.148,27.6,14.7,22.9
"BOOI4","2019-08-10 23:00",74.822,95.2,0,0,0.9887275,158.7,-0.000511811023622047,80.24,70.7359999999999,67.9999999999999,64.148,27.7,14.7,22.9
"BOOI4","2019-08-11 00:00",73.6699999999999,95.7,0,0,1.1408393,141.2,-0.000511811023622047,79.6099999999999,70.7539999999999,67.982,64.148,27.7,14.7,22.9
"BOOI4","2019-08-11 01:00",73.346,97.8,0,0,0.41607085,159.3,-0.000669291338582677,79.0519999999999,70.772,67.982,64.1659999999999,27.7,14.8,22.9
"BOOI4","2019-08-11 02:00",73.2739999999999,98.7,0,0,0,0,-0.000748031496062992,78.5839999999999,70.772,67.982,64.1659999999999,27.7,14.8,22.9
"BOOI4","2019-08-11 03:00",72.5179999999999,99.3,0,0,0,0,-0.000748031496062992,78.1699999999999,70.7539999999999,67.982,64.1659999999999,27.7,14.8,22.9
"BOOI4","2019-08-11 04:00",73.6339999999999,99.7,0,0,0.34001487,38.07,-0.000708661417322835,77.8279999999999,70.7539999999999,67.9999999999999,64.1659999999999,27.7,14.8,22.8
"BOOI4","2019-08-11 05:00",73.022,99.5,200,0,0.060397383,191.1,-0.000748031496062992,77.4859999999999,70.7359999999999,67.982,64.1659999999999,27.7,14.8,22.8
"BOOI4","2019-08-11 06:00",72.0859999999999,100,65120.9,0,0,0,-0.000748031496062992,77.072,70.6999999999999,67.982,64.1659999999999,27.7,14.8,22.8
"BOOI4","2019-08-11 07:00",71.348,100,109772.73,0,0,0,-0.00133858267716536,76.8199999999999,70.6819999999999,67.982,64.1659999999999,27.7,14.8,22.8
"BOOI4","2019-08-11 08:00",72.7159999999999,100,114318.19,0,0.16329663,200.9,0.00094488188976378,76.622,70.646,67.982,64.1659999999999,27.6,14.8,22.8
"BOOI4","2019-08-11 09:00",75.6319999999999,100,334427.28,0,0.06487126,276.9,0.000984251968503937,76.6579999999999,70.6099999999999,67.982,64.1659999999999,27.6,14.8,22.8
"BOOI4","2019-08-11 10:00",76.2439999999999,100,435454.53,0,0.10289924,304.2,0.00291338582677165,76.9999999999999,70.5739999999999,67.9999999999999,64.1659999999999,27.6,14.8,22.8
"BOOI4","2019-08-11 11:00",75.4699999999999,98.9,558172.7,0,1.8835036,278.8,0.00366141732283465,77.5759999999999,70.538,67.982,64.1659999999999,27.6,14.8,22.8
"BOOI4","2019-08-11 12:00",78.7999999999999,97,2018545.4,0,3.2681692,298,0.00480314960629921,78.53,70.5199999999999,67.9999999999999,64.1659999999999,27.6,14.8,22.8
"BOOI4","2019-08-11 13:00",76.28,88.8,871363.6,0,6.475941,289.6,0.0161417322834646,79.7899999999999,70.5019999999999,67.982,64.1659999999999,27.6,14.8,22.8
"BOOI4","2019-08-11 14:00",77.5939999999999,94.6,834636.35,0,5.0040345,344.5,0.00767716535433071,80.0239999999999,70.5019999999999,67.982,64.1659999999999,27.6,14.8,22.8
"BOOI4","2019-08-11 15:00",76.9279999999999,90.6,897181.8,0,3.9079342,340.3,0.00744094488188976,80.4919999999999,70.5199999999999,67.982,64.1659999999999,27.6,14.8,22.8
"BOOI4","2019-08-11 16:00",78.4579999999999,91.6,986818.1,0,4.6841526,347.7,0.00803149606299213,80.8519999999999,70.538,67.982,64.1659999999999,27.6,14.8,22.8
"BOOI4","2019-08-11 17:00",78.5839999999999,88.1,757545.5,0,3.2592216,355.7,0.00858267716535433,81.2659999999999,70.5739999999999,67.982,64.1659999999999,27.6,14.8,22.8
"BOOI4","2019-08-11 18:00",78.2599999999999,86,510909.12,0,3.0422385,10.84,0.00681102362204724,81.4099999999999,70.6099999999999,67.964,64.1659999999999,27.6,14.8,22.8
"BOOI4","2019-08-11 19:00",76.8199999999999,87.2,229636.37,0,2.087065,358.8,0.00448818897637795,80.8699999999999,70.646,67.982,64.1659999999999,27.6,14.8,22.8
"BOOI4","2019-08-11 20:00",73.58,90.6,24398.182,0,2.984078,11.28,0.00192913385826772,79.988,70.6819999999999,67.964,64.1839999999999,27.6,14.8,22.8
"BOOI4","2019-08-11 21:00",72.6259999999999,96.3,0,0,1.9931135,16.27,7.8740157480315e-05,78.998,70.7179999999999,67.964,64.1839999999999,27.7,14.8,22.8
"BOOI4","2019-08-11 22:00",72.2839999999999,96.2,0,0,1.1005745,62.92,-0.000275590551181102,78.098,70.7539999999999,67.964,64.1839999999999,27.7,14.8,22.8
"BOOI4","2019-08-11 23:00",69.8179999999999,96.2,0,0,1.3130838,21.26,-0.000236220472440945,77.3599999999999,70.7539999999999,67.964,64.1839999999999,27.7,14.8,22.8
"BOOI4","2019-08-12 00:00",71.1499999999999,99.3,0,0,1.7313915,39.3,-0.000236220472440945,76.748,70.7539999999999,67.964,64.1659999999999,27.7,14.8,22.7
"BOOI4","2019-08-12 01:00",70.1599999999999,98.3,0,0,1.1005745,32.74,-0.00031496062992126,76.406,70.7359999999999,67.982,64.1839999999999,27.7,14.8,22.7
"BOOI4","2019-08-12 02:00",69.44,99.5,0,0,3.3889642,34.99,-0.00015748031496063,76.064,70.7179999999999,67.964,64.1839999999999,27.7,14.8,22.7
"BOOI4","2019-08-12 03:00",68.6119999999999,100,0,0,2.5031357,63.07,-0.000275590551181102,75.614,70.6819999999999,67.982,64.1839999999999,27.7,14.8,22.7
"BOOI4","2019-08-12 04:00",69.296,100,0,0,1.1229439,61.8,-0.000354330708661417,75.2359999999999,70.646,67.982,64.1839999999999,27.7,14.8,22.7
"BOOI4","2019-08-12 05:00",69.2779999999999,99.8,287.27275,0,3.241326,103.5,-0.000236220472440945,74.9659999999999,70.5919999999999,67.982,64.1839999999999,27.6,14.8,22.7
"BOOI4","2019-08-12 06:00",70.4659999999999,100,1649.091,0.020000001,2.9639456,134,-0.000275590551181102,74.714,70.556,67.982,64.1839999999999,27.6,14.8,22.7
"BOOI4","2019-08-12 07:00",70.3579999999999,100,41110.91,0.13,7.6615195,145.6,-0.00015748031496063,74.4259999999999,70.5019999999999,67.982,64.1839999999999,27.6,14.8,22.7
"BOOI4","2019-08-12 08:00",71.096,99.3,227590.91,0.060000002,9.428702,127.1,0.000393700787401575,74.2999999999999,70.448,67.982,64.1839999999999,27.6,14.8,22.7
"BOOI4","2019-08-12 09:00",72.0859999999999,96.8,368090.9,0,6.3215923,121.6,0.00192913385826772,74.498,70.3939999999999,67.982,64.1839999999999,27.6,14.8,22.7
"BOOI4","2019-08-12 10:00",73.13,96.4,544272.77,0,2.0221937,141.1,0.00311023622047244,74.948,70.34,67.982,64.1839999999999,27.6,14.8,22.7
"BOOI4","2019-08-12 11:00",73.0039999999999,94.9,512209.1,0,4.241238,178.6,0.0044488188976378,75.4159999999999,70.2859999999999,67.982,64.1839999999999,27.6,14.8,22.7
"BOOI4","2019-08-12 12:00",72.9859999999999,98.5,677090.9,0.010000001,3.802798,258.8,0.00440944881889764,75.7759999999999,70.232,67.982,64.1839999999999,27.6,14.8,22.7
"BOOI4","2019-08-12 13:00",73.6339999999999,98.6,776000,0.010000001,3.1719809,15.14,0.00535433070866142,76.496,70.214,67.964,64.1839999999999,27.5,14.8,22.7
"BOOI4","2019-08-12 14:00",75.2539999999999,96.8,1606818.2,0,3.1943502,85.3,0.00625984251968504,77.6119999999999,70.196,67.964,64.1839999999999,27.5,14.8,22.7
"BOOI4","2019-08-12 15:00",76.2259999999999,93.8,867818.2,0,5.0420628,76,0.0121653543307087,78.548,70.1779999999999,67.964,64.2019999999999,27.5,14.8,22.7
"BOOI4","2019-08-12 16:00",79.6099999999999,92.5,1804181.8,0.010000001,3.5075219,38.33,0.00716535433070866,79.988,70.1779999999999,67.946,64.1839999999999,27.5,14.8,22.7
"BOOI4","2019-08-12 17:00",78.332,83.2,666818.2,0,1.9931135,44.39,0.0145669291338583,80.7259999999999,70.214,67.946,64.2019999999999,27.6,14.8,22.7
"BOOI4","2019-08-12 18:00",78.314,89.4,573363.65,0,2.0982497,358.1,0.0060236220472441,80.4199999999999,70.232,67.9279999999999,64.1839999999999,27.6,14.8,22.7
"BOOI4","2019-08-12 19:00",78.0439999999999,88.3,389827.27,0,0.8254308,355.1,0.00452755905511811,79.7179999999999,70.2679999999999,67.9279999999999,64.2019999999999,27.6,14.8,22.7
"BOOI4","2019-08-12 20:00",74.03,92.6,42510.906,0,0.7247686,7.755,0.00181102362204724,78.764,70.3039999999999,67.9279999999999,64.2019999999999,27.6,14.8,22.7
"BOOI4","2019-08-12 21:00",72.896,98.5,0,0,1.8410016,11.73,0.00015748031496063,77.7199999999999,70.34,67.9099999999999,64.2019999999999,27.6,14.8,22.7
"BOOI4","2019-08-12 22:00",71.6359999999999,99.9,0,0,2.0020614,8.43,-0.000196850393700787,76.7659999999999,70.3759999999999,67.8919999999999,64.2019999999999,27.6,14.8,22.7
"BOOI4","2019-08-12 23:00",69.8539999999999,100,0,0,1.6173075,5.332,-0.000236220472440945,75.938,70.4119999999999,67.9099999999999,64.2019999999999,27.6,14.8,22.7
"BOOI4","2019-08-13 00:00",68.99,100,0,0,0.31093466,341,-0.00031496062992126,75.2899999999999,70.4119999999999,67.8919999999999,64.2019999999999,27.6,14.8,22.7
"BOOI4","2019-08-13 01:00",68.8099999999999,100,0,0,0.43396637,334.1,-0.00031496062992126,74.948,70.4119999999999,67.8919999999999,64.2019999999999,27.6,14.8,22.7
"BOOI4","2019-08-13 02:00",67.6039999999999,100,0,0,0.5055484,357.8,-0.000275590551181102,74.624,70.3939999999999,67.9099999999999,64.2019999999999,27.6,14.8,22.7
"BOOI4","2019-08-13 03:00",66.1999999999999,100,0,0,0.80977225,303.8,-0.000275590551181102,74.0659999999999,70.3759999999999,67.8919999999999,64.2019999999999,27.6,14.8,22.7
"BOOI4","2019-08-13 04:00",66.1279999999999,100,0,0,0.782929,309.7,-0.000275590551181102,73.4179999999999,70.3579999999999,67.8919999999999,64.2019999999999,27.6,14.8,22.7
"BOOI4","2019-08-13 05:00",65.1019999999999,100,179.0909,0,0.7941137,306.8,-0.000275590551181102,72.8419999999999,70.3039999999999,67.8919999999999,64.2019999999999,27.6,14.8,22.7
"BOOI4","2019-08-13 06:00",65.696,100,61632.73,0,0.78516597,244.8,-0.000275590551181102,72.356,70.2679999999999,67.9099999999999,64.2019999999999,27.6,14.8,22.7
"BOOI4","2019-08-13 07:00",68.99,100,348418.18,0,2.1810164,255.7,3.93700787401575e-05,72.2659999999999,70.214,67.9099999999999,64.2019999999999,27.6,14.8,22.7
"BOOI4","2019-08-13 08:00",70.9699999999999,100,837818.2,0,3.4426508,267.7,0.00125984251968504,72.788,70.1599999999999,67.8919999999999,64.2199999999999,27.6,14.8,22.7
"BOOI4","2019-08-13 09:00",73.2739999999999,100,1355090.8,0,4.7512608,286.8,0.00492125984251969,74.0119999999999,70.106,67.8919999999999,64.2019999999999,27.6,14.8,22.7
"BOOI4","2019-08-13 10:00",78.296,99.7,2091454.6,0,5.5095835,292.6,0.00874015748031496,75.74,70.0519999999999,67.8919999999999,64.2199999999999,27.6,14.8,22.7
"BOOI4","2019-08-13 11:00",80.7619999999999,83.7,2809182,0,5.737751,301.3,0.0158267716535433,77.9359999999999,69.998,67.8919999999999,64.2199999999999,27.6,14.8,22.7
"BOOI4","2019-08-13 12:00",81.8599999999999,68.86,3061545.4,0,6.6772656,312,0.0238582677165354,80.4199999999999,69.998,67.874,64.2199999999999,27.6,14.8,22.7
"BOOI4","2019-08-13 13:00",83.03,62.06,3159090.8,0,7.2186055,319.4,0.0280708661417323,82.9939999999999,70.0159999999999,67.874,64.2199999999999,27.6,14.8,22.7
"BOOI4","2019-08-13 14:00",84.0199999999999,59.97,2989090.8,0,6.699635,323.7,0.0300393700787402,85.4779999999999,70.088,67.874,64.2199999999999,27.7,14.8,22.7
"BOOI4","2019-08-13 15:00",84.9199999999999,59.04,2659727.3,0,5.8272285,324.2,0.0285826771653543,87.3859999999999,70.196,67.856,64.2199999999999,27.7,14.8,22.7
"BOOI4","2019-08-13 16:00",84.9019999999999,51.71,2142818,0,5.194175,320.7,0.0259842519685039,88.1779999999999,70.322,67.856,64.2199999999999,27.7,14.8,22.7
"BOOI4","2019-08-13 17:00",84.3259999999999,55.02,1554545.4,0,4.775867,312.3,0.0216141732283465,87.5659999999999,70.43,67.856,64.2199999999999,27.7,14.8,22.7
"BOOI4","2019-08-13 18:00",81.482,55.14,842454.6,0,6.3283033,288,0.0179133858267717,85.838,70.538,67.838,64.2199999999999,27.7,14.8,22.7
"BOOI4","2019-08-13 19:00",75.7579999999999,63.83,276272.7,0,5.7310405,280.7,0.0114173228346457,83.7679999999999,70.5919999999999,67.838,64.2199999999999,27.7,14.8,22.7
"BOOI4","2019-08-13 20:00",73.3099999999999,77.21,14308.182,0,2.9259174,267.1,0.0031496062992126,81.7519999999999,70.646,67.838,64.2199999999999,27.7,14.8,22.7
"BOOI4","2019-08-13 21:00",71.2759999999999,72.01,0,0,3.9660947,278.1,0.000551181102362205,79.9519999999999,70.6819999999999,67.838,64.2199999999999,27.8,14.8,22.7
"BOOI4","2019-08-13 22:00",69.8539999999999,78.43,0,0,4.4537477,292.5,0.000590551181102362,78.4939999999999,70.6999999999999,67.856,64.2199999999999,27.8,14.8,22.7
"BOOI4","2019-08-13 23:00",67.4239999999999,84.9,0,0,4.6886263,303.1,0.000354330708661417,77.288,70.6999999999999,67.856,64.2199999999999,27.8,14.8,22.7
"BOOI4","2019-08-14 00:00",64.5439999999999,85.7,0,0,1.9506116,329.7,-0.000708661417322835,76.1539999999999,70.664,67.874,64.2199999999999,27.8,14.8,22.7
"BOOI4","2019-08-14 01:00",63.338,90.5,0,0,2.0982497,316.1,-0.000748031496062992,75.0739999999999,70.6099999999999,67.874,64.238,27.8,14.8,22.7
"BOOI4","2019-08-14 02:00",62.348,90.7,0,0,3.8967495,296.9,-0.000433070866141732,74.0659999999999,70.5739999999999,67.874,64.2199999999999,27.8,14.8,22.6
"BOOI4","2019-08-14 03:00",60.7999999999999,92.5,0,0,4.5007234,285.5,-0.000393700787401575,73.1659999999999,70.5019999999999,67.8919999999999,64.2199999999999,27.8,14.8,22.6
"BOOI4","2019-08-14 04:00",59.9179999999999,96.3,0,0,4.5946746,287.1,-0.00047244094488189,72.338,70.4119999999999,67.8919999999999,64.2199999999999,27.7,14.8,22.6
"BOOI4","2019-08-14 05:00",59.072,97.4,122.727275,0,5.1158814,276.1,-0.000590551181102362,71.582,70.322,67.8919999999999,64.238,27.7,14.8,22.6
"BOOI4","2019-08-14 06:00",58.964,98,45183.636,0,5.809333,282.2,-0.000511811023622047,70.88,70.214,67.9099999999999,64.2199999999999,27.7,14.8,22.6
"BOOI4","2019-08-14 07:00",61.8439999999999,97.9,531427.25,0,5.9547343,278.6,-0.000433070866141732,70.4119999999999,70.106,67.9099999999999,64.238,27.7,14.8,22.6
"BOOI4","2019-08-14 08:00",64.706,90.6,943909.1,0,6.2119823,283.1,0.00208661417322835,70.5199999999999,69.98,67.9099999999999,64.238,27.7,14.8,22.6
"BOOI4","2019-08-14 09:00",68.3779999999999,85,1810454.5,0,6.185139,289.1,0.00590551181102362,71.24,69.872,67.9099999999999,64.238,27.6,14.8,22.6
"BOOI4","2019-08-14 10:00",68.414,81.4,1744727.3,0,6.2589583,288.1,0.0125196850393701,72.788,69.764,67.9099999999999,64.238,27.6,14.8,22.6
"BOOI4","2019-08-14 11:00",67.6759999999999,82.3,1088000,0,7.070967,301.7,0.0130708661417323,74.156,69.656,67.8919999999999,64.2199999999999,27.6,14.8,22.6
"BOOI4","2019-08-14 12:00",68.5039999999999,86.5,1325363.6,0,7.189525,302.6,0.0091732283464567,74.8939999999999,69.6019999999999,67.8919999999999,64.238,27.6,14.8,22.6
"BOOI4","2019-08-14 13:00",70.6819999999999,85.4,1463272.7,0,7.6480975,306.8,0.010748031496063,75.5419999999999,69.548,67.874,64.238,27.6,14.8,22.6
"BOOI4","2019-08-14 14:00",71.8699999999999,79.41,1995727.3,0,7.0978107,310.3,0.0117716535433071,77.4319999999999,69.53,67.856,64.238,27.6,14.8,22.6
"BOOI4","2019-08-14 15:00",72.7699999999999,82,1354000,0,6.907671,319.3,0.0166141732283465,78.3859999999999,69.53,67.838,64.238,27.6,14.7,22.6
"BOOI4","2019-08-14 16:00",74.0839999999999,76.46,1372909,0,6.446861,351.6,0.0125984251968504,78.746,69.5119999999999,67.8199999999999,64.238,27.6,14.7,22.6
"BOOI4","2019-08-14 17:00",73.2739999999999,75.79,839272.7,0,5.151673,307,0.0123622047244095,78.9259999999999,69.53,67.8019999999999,64.238,27.6,14.7,22.6
"BOOI4","2019-08-14 18:00",72.59,77.12,579727.3,0,4.713233,307,0.00834645669291339,78.5119999999999,69.53,67.8019999999999,64.238,27.6,14.7,22.6
"BOOI4","2019-08-14 19:00",70.1599999999999,79.17,233081.82,0,4.804947,308,0.00618110236220473,77.7739999999999,69.53,67.7659999999999,64.238,27.6,14.7,22.6
"BOOI4","2019-08-14 20:00",65.8939999999999,87.2,12653.636,0,2.8655202,26.95,0.00200787401574803,76.7119999999999,69.53,67.7659999999999,64.238,27.7,14.7,22.6
"BOOI4","2019-08-14 21:00",65.0659999999999,94.5,0,0,0.73819023,51.62,-0.00031496062992126,75.488,69.548,67.748,64.238,27.7,14.7,22.6
"BOOI4","2019-08-14 22:00",64.2199999999999,94.9,0,0,0,0,-0.000590551181102362,74.48,69.53,67.73,64.238,27.7,14.7,22.6
"BOOI4","2019-08-14 23:00",63.3199999999999,96.7,0,0,0,0,-0.000590551181102362,73.58,69.5119999999999,67.73,64.256,27.7,14.7,22.6
"BOOI4","2019-08-15 00:00",61.4119999999999,96.1,0,0,0,0,-0.000590551181102362,72.698,69.4759999999999,67.7119999999999,64.256,27.7,14.7,22.6
"BOOI4","2019-08-15 01:00",63.7519999999999,98.8,0,0,0,0,-0.000590551181102362,72.0679999999999,69.422,67.6939999999999,64.256,27.7,14.7,22.5
"BOOI4","2019-08-15 02:00",60.6919999999999,94.5,0,0,0,0,-0.000590551181102362,71.6179999999999,69.3679999999999,67.6939999999999,64.238,27.7,14.7,22.5
"BOOI4","2019-08-15 03:00",59.18,99.1,0,0,0,0,-0.000590551181102362,70.988,69.296,67.6759999999999,64.238,27.7,14.7,22.5
"BOOI4","2019-08-15 04:00",59.6119999999999,100,0,0,0.0044738804,242.7,-0.000590551181102362,70.322,69.206,67.6579999999999,64.238,27.7,14.7,22.5
"BOOI4","2019-08-15 05:00",60.5119999999999,100,133.63637,0,0.0022369402,246.8,-0.000590551181102362,69.746,69.1339999999999,67.64,64.238,27.7,14.7,22.5
"BOOI4","2019-08-15 06:00",59.756,100,81592.73,0,0.0044738804,263.2,-0.000590551181102362,69.2239999999999,69.0439999999999,67.622,64.256,27.6,14.7,22.5
"BOOI4","2019-08-15 07:00",63.8779999999999,100,479045.47,0,0.0671082,262,-7.8740157480315e-05,68.972,68.9359999999999,67.622,64.256,27.6,14.7,22.5
"BOOI4","2019-08-15 08:00",68.396,100,1100636.4,0,0,0,0.0015748031496063,69.4759999999999,68.846,67.6039999999999,64.256,27.6,14.7,22.5
"BOOI4","2019-08-15 09:00",68.9359999999999,94.5,1123181.8,0,0.61292154,176.7,0.00661417322834646,70.5019999999999,68.738,67.5859999999999,64.238,27.6,14.7,22.5
"BOOI4","2019-08-15 10:00",71.8159999999999,92.6,1506454.6,0,2.120619,181.9,0.00783464566929134,71.798,68.648,67.5679999999999,64.256,27.6,14.8,22.5
"BOOI4","2019-08-15 11:00",74.588,86.6,2018272.6,0,4.5924377,194.3,0.0110236220472441,73.5439999999999,68.5579999999999,67.5499999999999,64.256,27.6,14.8,22.5
"BOOI4","2019-08-15 12:00",75.2179999999999,78.56,2024272.8,0,2.3264174,206,0.0159055118110236,75.5239999999999,68.522,67.532,64.256,27.5,14.8,22.5
"BOOI4","2019-08-15 13:00",74.2999999999999,73.93,1754818.2,0,3.3889642,225.9,0.0168897637795276,77.09,68.5039999999999,67.496,64.238,27.6,14.8,22.5
"BOOI4","2019-08-15 14:00",74.588,76.95,1578818.2,0,4.6349397,200.8,0.0155905511811024,77.8999999999999,68.522,67.4779999999999,64.256,27.6,14.8,22.5
"BOOI4","2019-08-15 15:00",72.8239999999999,73.25,610727.23,0,4.3776917,206,0.014251968503937,77.972,68.5579999999999,67.4599999999999,64.238,27.6,14.8,22.5
"BOOI4","2019-08-15 16:00",73.7419999999999,77.2,976181.8,0,4.0063596,189.1,0.00669291338582677,77.7019999999999,68.63,67.4239999999999,64.238,27.6,14.8,22.5
"BOOI4","2019-08-15 17:00",75.488,77.37,1256727.3,0,4.8496857,191.9,0.00940944881889764,77.8279999999999,68.7019999999999,67.406,64.256,27.6,14.7,22.5
"BOOI4","2019-08-15 18:00",75.5419999999999,76.86,908454.5,0,5.335102,182.4,0.011259842519685,77.9179999999999,68.756,67.388,64.238,27.7,14.7,22.5
"BOOI4","2019-08-15 19:00",71.4199999999999,77.16,276754.55,0,3.7468743,202.3,0.00763779527559055,77.1619999999999,68.8099999999999,67.3699999999999,64.238,27.7,14.7,22.5
"BOOI4","2019-08-15 20:00",66.614,88.6,9295.455,0,1.0826789,200.8,0.00122047244094488,76.064,68.8819999999999,67.3519999999999,64.238,27.7,14.7,22.5
"BOOI4","2019-08-15 21:00",65.588,95.7,0,0,0.3131716,189.4,-0.00102362204724409,74.9659999999999,68.9179999999999,67.3339999999999,64.238,27.6,14.7,22.5
"BOOI4","2019-08-15 22:00",64.9759999999999,97.7,0,0,1.5412517,197.8,-0.000826771653543307,74.048,68.9359999999999,67.3159999999999,64.238,27.7,14.7,22.5
"BOOI4","2019-08-15 23:00",63.0319999999999,98.1,0,0,1.3779551,193.8,-0.000866141732283465,73.3099999999999,68.9539999999999,67.3159999999999,64.238,27.7,14.7,22.5
"BOOI4","2019-08-16 00:00",62.2039999999999,99.5,0,0,0.37356898,210.8,-0.00110236220472441,72.5539999999999,68.9359999999999,67.298,64.238,27.7,14.7,22.5
"BOOI4","2019-08-16 01:00",62.1859999999999,100,0,0,0.4518619,200.8,-0.00110236220472441,71.8519999999999,68.9179999999999,67.28,64.238,27.7,14.7,22.5
"BOOI4","2019-08-16 02:00",61.4119999999999,100,0,0,1.2392648,217.7,-0.00094488188976378,71.24,68.8819999999999,67.28,64.238,27.7,14.7,22.5
"BOOI4","2019-08-16 03:00",61.538,100,0,0,0.6218693,227.8,-0.00106299212598425,70.6819999999999,68.8279999999999,67.2619999999999,64.238,27.7,14.7,22.5
"BOOI4","2019-08-16 04:00",62.4739999999999,100,0,0,1.863371,233.2,-0.000826771653543307,70.214,68.7739999999999,67.2619999999999,64.238,27.6,14.7,22.5
"BOOI4","2019-08-16 05:00",62.7619999999999,100,56.363635,0,3.2994866,265.9,-0.000669291338582677,69.8539999999999,68.6839999999999,67.2619999999999,64.238,27.6,14.7,22.5
"BOOI4","2019-08-16 06:00",64.0579999999999,100,78034.546,0,5.0152197,269.7,-0.000551181102362205,69.5659999999999,68.63,67.2439999999999,64.238,27.6,14.7,22.5
"BOOI4","2019-08-16 07:00",66.3079999999999,98.9,508090.9,0,4.997324,270,-0.00031496062992126,69.4939999999999,68.5399999999999,67.2439999999999,64.2199999999999,27.6,14.7,22.5
"BOOI4","2019-08-16 08:00",67.064,96.5,481363.65,0,3.7938502,274.8,0.00192913385826772,69.7999999999999,68.4499999999999,67.2259999999999,64.2199999999999,27.6,14.7,22.5
"BOOI4","2019-08-16 09:00",69.9259999999999,94.3,1174363.6,0,6.7242417,298.8,0.00322834645669291,70.646,68.396,67.2079999999999,64.2199999999999,27.6,14.7,22.5
"BOOI4","2019-08-16 10:00",70.8259999999999,83.3,1464545.5,0,4.0108333,311.2,0.00858267716535433,72.014,68.3239999999999,67.2079999999999,64.2199999999999,27.6,14.7,22.5
"BOOI4","2019-08-16 11:00",73.9759999999999,79.57,1759272.7,0,3.8139827,309.2,0.0116535433070866,73.238,68.2519999999999,67.19,64.2199999999999,27.6,14.7,22.5
"BOOI4","2019-08-16 12:00",76.172,69.16,2404454.6,0,2.3465502,281.9,0.0144488188976378,75.3079999999999,68.2159999999999,67.172,64.2019999999999,27.6,14.7,22.5
"BOOI4","2019-08-16 13:00",77.09,68.62,1904818.2,0,2.8409138,263,0.0200787401574803,77.0539999999999,68.2159999999999,67.1539999999999,64.2199999999999,27.6,14.7,22.5
"BOOI4","2019-08-16 14:00",78.7279999999999,69.95,2581727.3,0,2.353261,254.6,0.0164566929133858,79.0159999999999,68.2339999999999,67.1539999999999,64.2019999999999,27.6,14.7,22.5
"BOOI4","2019-08-16 15:00",79.9699999999999,65.84,2530636.5,0,2.838677,246.1,0.0219291338582677,81.374,68.2699999999999,67.1179999999999,64.2019999999999,27.6,14.7,22.5
"BOOI4","2019-08-16 16:00",80.3659999999999,60.75,2141636.5,0,2.6664326,265,0.0216141732283465,82.814,68.3419999999999,67.0999999999999,64.2019999999999,27.6,14.7,22.5
"BOOI4","2019-08-16 17:00",79.556,58.61,1481454.6,0,2.791701,247.5,0.0187795275590551,83.156,68.414,67.082,64.2019999999999,27.6,14.7,22.5
"BOOI4","2019-08-16 18:00",78.6919999999999,59.99,778272.77,0,2.055748,258.3,0.0127952755905512,82.0759999999999,68.4859999999999,67.064,64.2019999999999,27.6,14.7,22.5
"BOOI4","2019-08-16 19:00",75.4519999999999,67.32,333945.43,0,0.7806921,256.5,0.00574803149606299,80.672,68.5579999999999,67.046,64.2019999999999,27.6,14.7,22.5
"BOOI4","2019-08-16 20:00",70.34,73.03,13451.818,0,0.40041226,14.14,0.00078740157480315,78.998,68.5939999999999,67.046,64.2019999999999,27.7,14.7,22.5
"BOOI4","2019-08-16 21:00",67.6759999999999,81.5,0,0,0.18119214,341.1,-0.00145669291338583,77.4319999999999,68.648,67.0279999999999,64.1839999999999,27.7,14.7,22.5
"BOOI4","2019-08-16 22:00",66.164,86.4,0,0,0,0,-0.00165354330708661,76.064,68.6659999999999,67.0279999999999,64.2019999999999,27.7,14.7,22.5
"BOOI4","2019-08-16 23:00",65.4259999999999,88.8,0,0,0.35343653,359.4,-0.00141732283464567,74.9119999999999,68.6839999999999,67.0099999999999,64.1839999999999,27.7,14.7,22.5
"BOOI4","2019-08-17 00:00",64.94,88.9,0,0,0.0044738804,150.4,-0.00161417322834646,73.9579999999999,68.6659999999999,67.0099999999999,64.1839999999999,27.7,14.7,22.5
"BOOI4","2019-08-17 01:00",63.374,91.5,0,0,0.0559235,38.44,-0.00161417322834646,73.1119999999999,68.648,67.0099999999999,64.1839999999999,27.7,14.7,22.4
"BOOI4","2019-08-17 02:00",60.98,95.6,0,0,0.29974997,37.95,-0.00145669291338583,72.374,68.5939999999999,66.9919999999999,64.1839999999999,27.7,14.7,22.4
"BOOI4","2019-08-17 03:00",62.33,98.3,0,0,2.791701,79.45,-0.000826771653543307,71.7259999999999,68.5579999999999,66.9919999999999,64.1659999999999,27.7,14.7,22.4
"BOOI4","2019-08-17 04:00",61.8259999999999,96.2,0,0,2.612746,165.6,-0.000866141732283465,71.2759999999999,68.4859999999999,66.9919999999999,64.1659999999999,27.7,14.7,22.4
"BOOI4","2019-08-17 05:00",62.9599999999999,97.6,77.27273,0,2.0602217,185.5,-0.000984251968503937,70.9159999999999,68.414,66.9919999999999,64.1659999999999,27.6,14.7,22.4
"BOOI4","2019-08-17 06:00",63.4099999999999,96.4,12905.454,0,0.28856525,206,-0.00145669291338583,70.6999999999999,68.3239999999999,66.9919999999999,64.1659999999999,27.6,14.7,22.4
"BOOI4","2019-08-17 07:00",64.3819999999999,96.3,75754.55,0,1.8454754,68.55,-0.00094488188976378,70.6279999999999,68.2519999999999,66.9739999999999,64.148,27.6,14.7,22.4
"BOOI4","2019-08-17 08:00",66.614,97.3,207709.09,0.020000001,3.207772,98.1,0.000748031496062992,70.538,68.18,66.9739999999999,64.1659999999999,27.6,14.7,22.4
"BOOI4","2019-08-17 09:00",68.8819999999999,97.4,1112818.1,0,5.865257,158.1,0.00169291338582677,70.9519999999999,68.09,66.9739999999999,64.148,27.6,14.7,22.4
"BOOI4","2019-08-17 10:00",73.0939999999999,92.6,2014636.5,0,3.8117456,29.69,0.00748031496062992,72.5359999999999,68.0179999999999,66.956,64.148,27.6,14.7,22.4
"BOOI4","2019-08-17 11:00",75.4519999999999,87.8,1671454.6,0,3.3665948,39.6,0.0147244094488189,74.39,67.946,66.938,64.148,27.5,14.7,22.4
"BOOI4","2019-08-17 12:00",77.072,82.4,1476000,0,1.192289,153.1,0.0135433070866142,75.722,67.9099999999999,66.9199999999999,64.148,27.5,14.7,22.4
"BOOI4","2019-08-17 13:00",77.7919999999999,81.8,1346545.5,0,1.8499495,166.6,0.0125984251968504,76.6939999999999,67.9099999999999,66.9199999999999,64.148,27.5,14.7,22.4
"BOOI4","2019-08-17 14:00",79.7359999999999,80.9,1944999.9,0,4.842975,193.8,0.0126377952755906,77.7199999999999,67.9279999999999,66.9019999999999,64.13,27.5,14.7,22.4
"BOOI4","2019-08-17 15:00",80.456,75.83,1939000,0,5.4648447,174.7,0.0175196850393701,79.5019999999999,67.982,66.8839999999999,64.13,27.6,14.7,22.4
"BOOI4","2019-08-17 16:00",79.1779999999999,73.14,627272.77,0,5.574455,173.3,0.017992125984252,79.7899999999999,68.0359999999999,66.8659999999999,64.13,27.6,14.6,22.4
"BOOI4","2019-08-17 17:00",76.5679999999999,79.43,344990.9,0,4.395587,171.1,0.00763779527559055,79.124,68.1259999999999,66.848,64.13,27.6,14.6,22.4
"BOOI4","2019-08-17 18:00",77.3599999999999,90.5,669000,0.020000001,3.0578969,143,0.00425196850393701,78.422,68.2159999999999,66.83,64.13,27.6,14.6,22.4
"BOOI4","2019-08-17 19:00",75.2359999999999,83.9,240263.64,0,6.795824,149.8,0.00633858267716536,77.5759999999999,68.288,66.8119999999999,64.13,27.7,14.6,22.4
"BOOI4","2019-08-17 20:00",72.7519999999999,85.5,6082.7274,0,6.402122,148.4,0.00311023622047244,76.4779999999999,68.3779999999999,66.7939999999999,64.1119999999999,27.7,14.6,22.4
"BOOI4","2019-08-17 21:00",70.9699999999999,92.6,0,0,6.182902,143.1,0.000866141732283465,75.506,68.4499999999999,66.7939999999999,64.1119999999999,27.7,14.6,22.4
"BOOI4","2019-08-17 22:00",71.2039999999999,95.2,0,0,5.223255,147.1,0.000433070866141732,74.696,68.5039999999999,66.7939999999999,64.1119999999999,27.7,14.6,22.4
"BOOI4","2019-08-17 23:00",73.0039999999999,95,0,0,1.9595594,168.1,0.00015748031496063,74.1199999999999,68.5579999999999,66.7759999999999,64.1119999999999,27.7,14.6,22.3
"BOOI4","2019-08-18 00:00",71.9419999999999,94.8,0,0,9.035001,176.7,0.000551181102362205,73.706,68.5759999999999,66.7759999999999,64.1119999999999,27.7,14.6,22.3
"BOOI4","2019-08-18 01:00",71.5279999999999,97.6,0,0,7.417693,180.4,0.000275590551181102,73.4179999999999,68.5939999999999,66.7759999999999,64.0939999999999,27.7,14.6,22.3
"BOOI4","2019-08-18 02:00",64.2919999999999,98.5,0,0,3.6685815,187,0.000118110236220472,73.0579999999999,68.5939999999999,66.7759999999999,64.0939999999999,27.7,14.7,22.4
"BOOI4","2019-08-18 03:00",63.248,96.5,0,0.080000006,9.419754,343.8,0.00047244094488189,72.14,68.5939999999999,66.7759999999999,64.0939999999999,29.6,14.6,22.4
"BOOI4","2019-08-18 04:00",63.1939999999999,99.5,0,0.120000005,6.2276406,0.769,7.8740157480315e-05,71.438,68.5939999999999,66.7939999999999,64.0939999999999,29.5,14.6,22.4
"BOOI4","2019-08-18 05:00",62.9779999999999,99.6,5.4545454,0.040000003,3.6260798,86.7,3.93700787401575e-05,70.8439999999999,68.5759999999999,66.7939999999999,64.0939999999999,29.6,14.6,22.4
"BOOI4","2019-08-18 06:00",63.8779999999999,100,1014.5454,0.05,12.562655,150.7,0,70.2499999999999,68.522,66.7939999999999,64.0939999999999,29.8,14.7,22.4
"BOOI4","2019-08-18 07:00",64.1659999999999,99.9,18879.091,0.010000001,7.3036094,198.9,0,69.8539999999999,68.4679999999999,66.7939999999999,64.0759999999999,29.9,14.7,22.4
"BOOI4","2019-08-18 08:00",65.1019999999999,99.4,193172.71,0,6.466994,181.5,0.000196850393700787,69.5839999999999,68.396,66.7939999999999,64.0759999999999,30,14.7,22.4
"BOOI4","2019-08-18 09:00",66.9199999999999,98.5,670636.35,0,6.9859633,171.7,0.00141732283464567,69.6739999999999,68.3239999999999,66.7939999999999,64.0759999999999,29.9,14.7,22.4
"BOOI4","2019-08-18 10:00",71.096,95.3,1256818.1,0,5.6907754,165,0.00448818897637795,70.7899999999999,68.2519999999999,66.7939999999999,64.0759999999999,29.9,14.7,22.4
"BOOI4","2019-08-18 11:00",76.4779999999999,88.2,2510909.2,0,0.98649055,178.7,0.0094488188976378,72.896,68.18,66.7939999999999,64.0579999999999,29.9,14.7,22.4
"BOOI4","2019-08-18 12:00",77.846,83.6,1781545.4,0,3.87438,296,0.0193700787401575,75.2539999999999,68.1259999999999,66.7939999999999,64.0579999999999,29.9,14.7,22.4
"BOOI4","2019-08-18 13:00",79.7899999999999,79.94,2833363.5,0,6.2790904,300.2,0.0153937007874016,77.63,68.1079999999999,66.7759999999999,64.0579999999999,29.9,14.7,22.4
"BOOI4","2019-08-18 14:00",79.3039999999999,78.22,2199636.2,0.010000001,6.3506727,298.3,0.023503937007874,79.8259999999999,68.1079999999999,66.7759999999999,64.0579999999999,29.9,14.7,22.4
"BOOI4","2019-08-18 15:00",79.988,76.47,2298090.8,0,6.187376,301.4,0.0192913385826772,80.9419999999999,68.1619999999999,66.7579999999999,64.0579999999999,29.9,14.7,22.4
"BOOI4","2019-08-18 16:00",77.4679999999999,75.04,849909.1,0,5.6080084,310.1,0.020236220472441,80.78,68.2519999999999,66.7579999999999,64.0399999999999,29.9,14.7,22.4
"BOOI4","2019-08-18 17:00",74.9659999999999,78.61,273572.72,0,3.834115,332.5,0.00877952755905512,79.4839999999999,68.3419999999999,66.7579999999999,64.0399999999999,29.9,14.7,22.4
"BOOI4","2019-08-18 18:00",74.624,82.6,309200,0,5.267994,4.65,0.00452755905511811,78.206,68.4499999999999,66.74,64.0399999999999,29.9,14.7,22.4
"BOOI4","2019-08-18 19:00",73.472,81.9,101817.28,0,3.7379267,13.62,0.00385826771653543,77.288,68.5579999999999,66.74,64.0399999999999,29.9,14.7,22.4
"BOOI4","2019-08-18 20:00",72.0859999999999,86.4,3165.4546,0,1.3354532,14.43,0.00118110236220473,76.406,68.648,66.722,64.0399999999999,29.9,14.7,22.3
"BOOI4","2019-08-18 21:00",70.7179999999999,88.1,0,0,1.4763805,15.61,0.000433070866141732,75.5599999999999,68.7019999999999,66.722,64.0399999999999,29.9,14.7,22.3
"BOOI4","2019-08-18 22:00",69.8359999999999,89.4,0,0,2.049037,9.42,0.00047244094488189,74.714,68.738,66.722,64.0399999999999,29.9,14.7,22.3
"BOOI4","2019-08-18 23:00",68.8999999999999,90.6,0,0,0.61292154,6.326,0.00015748031496063,74.0659999999999,68.7739999999999,66.722,64.022,29.9,14.7,22.3
"BOOI4","2019-08-19 00:00",66.2179999999999,92.5,0,0,0.05144962,19.41,3.93700787401575e-05,73.346,68.8099999999999,66.722,64.022,29.9,14.7,22.3
"BOOI4","2019-08-19 01:00",65.03,96.2,0,0,2.9303913,11.32,0.000275590551181102,72.6079999999999,68.8099999999999,66.74,64.022,29.9,14.7,22.3
"BOOI4","2019-08-19 02:00",64.6339999999999,97.2,0,0,1.93719,3.589,0.000118110236220472,71.996,68.7919999999999,66.74,64.022,29.8,14.7,22.3
"BOOI4","2019-08-19 03:00",63.0859999999999,96.9,0,0,3.6484492,3.679,0.00015748031496063,71.438,68.7739999999999,66.7579999999999,64.022,29.8,14.7,22.3
"BOOI4","2019-08-19 04:00",62.2579999999999,97.4,0,0,3.995175,12.56,0.00015748031496063,70.8079999999999,68.738,66.7579999999999,64.022,29.8,14.7,22.3
"BOOI4","2019-08-19 05:00",60.89,95.1,66.36363,0,3.7938502,9.8,0.000196850393700787,70.124,68.7019999999999,66.7579999999999,64.022,29.8,14.7,22.3
"BOOI4","2019-08-19 06:00",61.2679999999999,96.5,42744.545,0,3.312908,14.7,0.000196850393700787,69.4939999999999,68.63,66.7759999999999,64.0039999999999,29.8,14.7,22.3
"BOOI4","2019-08-19 07:00",63.0319999999999,93.5,218681.81,0,2.5098467,8.18,0.000354330708661417,69.1339999999999,68.5759999999999,66.7759999999999,64.0039999999999,29.8,14.7,22.3
"BOOI4","2019-08-19 08:00",64.832,90.8,551727.3,0,3.5075219,15.15,0.00122047244094488,69.296,68.4859999999999,66.7759999999999,64.0039999999999,29.8,14.7,22.3
"BOOI4","2019-08-19 09:00",69.9439999999999,90.1,1232909,0,4.2300534,49.2,0.00389763779527559,70.124,68.414,66.7759999999999,64.0039999999999,29.8,14.7,22.3
"BOOI4","2019-08-19 10:00",74.1919999999999,78.06,2181000,0,5.795912,67.28,0.00948818897637795,71.9239999999999,68.3239999999999,66.7759999999999,64.0039999999999,29.7,14.7,22.3
"BOOI4","2019-08-19 11:00",76.5499999999999,74.17,2555727.3,0,3.2614584,84.8,0.0169685039370079,74.5519999999999,68.2519999999999,66.7759999999999,64.0039999999999,29.7,14.7,22.3
"BOOI4","2019-08-19 12:00",78.6019999999999,72.98,2883363.8,0,2.5836656,99.8,0.0205511811023622,77.63,68.18,66.7759999999999,64.0039999999999,29.7,14.7,22.3
"BOOI4","2019-08-19 13:00",79.3039999999999,70.04,3096363.5,0,3.471731,77.12,0.0238582677165354,80.9239999999999,68.1619999999999,66.7759999999999,64.0039999999999,29.7,14.7,22.3
"BOOI4","2019-08-19 14:00",80.4919999999999,72.3,2633090.8,0,4.549936,133.9,0.0259842519685039,83.588,68.198,66.7579999999999,63.9859999999999,29.7,14.7,22.3
"BOOI4","2019-08-19 15:00",81.014,68.74,2867818,0,3.4918633,138.2,0.0225590551181102,85.3519999999999,68.288,66.7579999999999,64.0039999999999,29.7,14.7,22.3
"BOOI4","2019-08-19 16:00",80.348,66.53,1932727.3,0,3.4762049,153.1,0.0246062992125984,86.072,68.396,66.74,63.9859999999999,29.7,14.7,22.3
"BOOI4","2019-08-19 17:00",80.5999999999999,72.51,1451545.5,0,4.1674194,140.6,0.0174015748031496,85.4779999999999,68.5039999999999,66.74,63.9859999999999,29.7,14.7,22.3
"BOOI4","2019-08-19 18:00",79.4119999999999,70.17,795090.94,0,4.8027105,138,0.013503937007874,83.9839999999999,68.6119999999999,66.74,63.9859999999999,29.7,14.7,22.3
"BOOI4","2019-08-19 19:00",75.6319999999999,75.68,218036.36,0,5.0174565,133.9,0.00822834645669291,82.2199999999999,68.7199999999999,66.74,63.9859999999999,29.7,14.7,22.2
"BOOI4","2019-08-19 20:00",72.1759999999999,86.9,7900.909,0,2.7066975,118.6,0.0018503937007874,80.438,68.7919999999999,66.722,63.9859999999999,29.7,14.7,22.2
"BOOI4","2019-08-19 21:00",71.7439999999999,92,0,0,3.724505,108,-0.000275590551181102,78.872,68.864,66.722,63.9859999999999,29.7,14.7,22.2
"BOOI4","2019-08-19 22:00",70.772,93.1,0,0,3.6909509,113.8,-0.00047244094488189,77.648,68.9179999999999,66.722,63.9679999999999,29.7,14.7,22.2
"BOOI4","2019-08-19 23:00",70.88,95.5,0,0,3.4113336,118.8,-0.00062992125984252,76.73,68.9359999999999,66.74,63.9679999999999,29.7,14.7,22.2
"BOOI4","2019-08-20 00:00",70.988,95.8,0,0,0.26172197,66.52,-0.00141732283464567,76.046,68.9539999999999,66.74,63.9679999999999,29.7,14.7,22.2
"BOOI4","2019-08-20 01:00",71.2759999999999,97,0,0,4.587964,119.8,-0.000511811023622047,75.4699999999999,68.9539999999999,66.74,63.9679999999999,29.7,14.7,22.2
"BOOI4","2019-08-20 02:00",70.9519999999999,95.8,0,0,3.6014733,59.5,-0.000669291338582677,75.038,68.9359999999999,66.7579999999999,63.9679999999999,29.7,14.7,22.2
"BOOI4","2019-08-20 03:00",70.9699999999999,96.2,0,0,5.3552346,113.5,-0.00047244094488189,74.6779999999999,68.9179999999999,66.7579999999999,63.9679999999999,29.7,14.7,22.2
"BOOI4","2019-08-20 04:00",71.456,97.6,5.4545454,0,9.540548,141,-0.000196850393700787,74.3179999999999,68.8999999999999,66.7759999999999,63.9679999999999,29.7,14.7,22.2
"BOOI4","2019-08-20 05:00",70.5739999999999,99.2,0,0.09,10.73955,186.4,-0.000275590551181102,73.814,68.8999999999999,66.7759999999999,63.9679999999999,31.2,14.7,22.2
"BOOI4","2019-08-20 06:00",68.522,97.5,748.1818,0.13,7.516118,313,-0.000393700787401575,73.364,68.864,66.7939999999999,63.9679999999999,31.6,14.7,22.2
"BOOI4","2019-08-20 07:00",69.2419999999999,99.3,27113.636,0.010000001,3.8810909,50.84,-0.000748031496062992,72.9499999999999,68.846,66.7939999999999,63.9679999999999,31.5,14.7,22.2
"BOOI4","2019-08-20 08:00",70.106,100,332836.4,0,5.507346,122.3,0.000275590551181102,72.7339999999999,68.8099999999999,66.7939999999999,63.9679999999999,31.4,14.7,22.2
"BOOI4","2019-08-20 09:00",72.14,98.2,1099363.6,0,7.2074203,122,0.0021259842519685,73.13,68.7919999999999,66.8119999999999,63.9679999999999,31.4,14.7,22.2
"BOOI4","2019-08-20 10:00",75.4159999999999,88.7,2297727.3,0,10.048335,111.6,0.00763779527559055,74.3359999999999,68.756,66.8119999999999,63.9499999999999,31.3,14.7,22.2
"BOOI4","2019-08-20 11:00",78.332,80.6,2739818,0,10.506907,127.9,0.017244094488189,76.514,68.7199999999999,66.8119999999999,63.9499999999999,31.2,14.7,22.2
"BOOI4","2019-08-20 12:00",80.672,79.52,2987272.7,0,10.612043,157.4,0.0220866141732283,78.98,68.7199999999999,66.83,63.9499999999999,31.2,14.8,22.2
"BOOI4","2019-08-20 13:00",84.038,78.45,2993636.5,0,9.739637,190,0.0250393700787402,81.572,68.738,66.83,63.9499999999999,31.2,14.8,22.2
"BOOI4","2019-08-20 14:00",86.1079999999999,65.16,2829000,0,3.2502737,198,0.0261811023622047,84.4339999999999,68.7919999999999,66.83,63.9499999999999,31.2,14.8,22.2
"BOOI4","2019-08-20 15:00",85.28,66.96,2412818,0,1.9640334,126.5,0.0250393700787402,85.9999999999999,68.8819999999999,66.83,63.9499999999999,31.1,14.8,22.2
"BOOI4","2019-08-20 16:00",84.2179999999999,66.72,1451545.5,0,3.3733056,112.3,0.0221259842519685,85.946,69.0079999999999,66.83,63.9499999999999,31.1,14.8,22.2
"BOOI4","2019-08-20 17:00",85.856,73.03,1090091,0,4.404535,151.9,0.0147637795275591,85.064,69.1339999999999,66.83,63.9499999999999,31.1,14.8,22.2
"BOOI4","2019-08-20 18:00",85.2439999999999,72.63,784727.3,0,1.4361155,166.2,0.00976377952755906,83.9119999999999,69.2599999999999,66.83,63.9499999999999,31.1,14.8,22.2
"BOOI4","2019-08-20 19:00",81.7159999999999,79.18,185163.64,0,0.7247686,242.7,0.00610236220472441,82.5619999999999,69.3679999999999,66.848,63.9499999999999,31.1,14.8,22.2
"BOOI4","2019-08-20 20:00",76.5679999999999,87.9,5056.3636,0,0.0044738804,281.2,0.000669291338582677,81.1939999999999,69.4759999999999,66.848,63.9499999999999,31.1,14.8,22.2
"BOOI4","2019-08-20 21:00",75.8839999999999,97.1,0,0,0.008947761,7.183,-0.000866141732283465,80.1859999999999,69.5839999999999,66.848,63.9499999999999,31.1,14.8,22.1
"BOOI4","2019-08-20 22:00",75.3619999999999,98.3,0,0,0,0,-0.000905511811023622,79.214,69.638,66.8659999999999,63.9499999999999,31.1,14.8,22.2
"BOOI4","2019-08-20 23:00",73.8499999999999,99.8,0,0,0,0,-0.000905511811023622,78.314,69.7099999999999,66.8839999999999,63.9499999999999,31.1,14.8,22.2
"BOOI4","2019-08-21 00:00",73.7779999999999,99.8,0,0,0,0,-0.000905511811023622,77.7199999999999,69.746,66.9019999999999,63.9499999999999,31.1,14.8,22.2
"BOOI4","2019-08-21 01:00",75.146,100,0,0,0.029080221,200,-0.000905511811023622,77.2159999999999,69.764,66.9199999999999,63.9499999999999,31.1,14.8,22.2
"BOOI4","2019-08-21 02:00",73.2739999999999,99.1,0,0,1.6575725,316.5,-0.000708661417322835,76.7839999999999,69.782,66.938,63.9499999999999,31.1,14.8,22.2
"BOOI4","2019-08-21 03:00",72.1939999999999,99,0,0,4.357559,353.5,-0.000433070866141732,76.19,69.782,66.956,63.9499999999999,31,14.8,22.2
"BOOI4","2019-08-21 04:00",71.114,100,0,0,5.8853893,5.311,-0.000433070866141732,75.6319999999999,69.7999999999999,66.9739999999999,63.932,31,14.7,22.2
"BOOI4","2019-08-21 05:00",70.2499999999999,100,10.000001,0,5.1293035,349.6,-0.00047244094488189,75.146,69.782,66.9919999999999,63.9499999999999,31,14.7,22.2
"BOOI4","2019-08-21 06:00",69.422,100,19355.453,0,5.382077,8.54,-0.00047244094488189,74.6419999999999,69.764,67.0099999999999,63.932,31,14.7,22.2
"BOOI4","2019-08-21 07:00",69.332,100,118436.36,0,5.319443,355.5,-0.000433070866141732,74.264,69.746,67.0279999999999,63.932,31,14.7,22.2
"BOOI4","2019-08-21 08:00",68.846,100,83254.55,0,5.610245,346.5,0.000669291338582677,74.0119999999999,69.7279999999999,67.046,63.932,30.9,14.7,22.2
"BOOI4","2019-08-21 09:00",68.8819999999999,99.6,112427.27,0,5.1964116,344.8,0.00062992125984252,73.7599999999999,69.6919999999999,67.064,63.9499999999999,30.9,14.7,22.2
"BOOI4","2019-08-21 10:00",69.296,99.2,269636.35,0,4.487302,298.7,0.000905511811023622,73.6339999999999,69.6739999999999,67.082,63.932,30.9,14.7,22.2
"BOOI4","2019-08-21 11:00",70.2679999999999,96.2,698909.06,0,3.5835779,315,0.00220472440944882,73.7779999999999,69.6199999999999,67.082,63.932,30.9,14.7,22.2
"BOOI4","2019-08-21 12:00",70.124,93.3,724000,0,5.223255,40.62,0.00566929133858268,74.3359999999999,69.5839999999999,67.0999999999999,63.9499999999999,30.9,14.7,22.2
"BOOI4","2019-08-21 13:00",73.2739999999999,93.3,1625363.6,0,4.930216,36.23,0.00610236220472441,74.8939999999999,69.548,67.1179999999999,63.932,30.9,14.7,22.2
"BOOI4","2019-08-21 14:00",73.1839999999999,88.6,1172909.2,0,6.475941,2.858,0.0123622047244095,75.8659999999999,69.5119999999999,67.1179999999999,63.932,30.9,14.7,22.2
"BOOI4","2019-08-21 15:00",73.2199999999999,86.4,781272.7,0,6.853984,350.2,0.0100393700787402,76.064,69.4759999999999,67.1359999999999,63.9499999999999,30.9,14.7,22.2
"BOOI4","2019-08-21 16:00",72.014,84,618090.9,0,4.77363,352.7,0.00763779527559055,75.9019999999999,69.4579999999999,67.1539999999999,63.9499999999999,30.9,14.7,22.2
"BOOI4","2019-08-21 17:00",70.0339999999999,86,353545.44,0,3.7491114,340.4,0.00598425196850394,75.5779999999999,69.4579999999999,67.1539999999999,63.9499999999999,30.9,14.7,22.2
"BOOI4","2019-08-21 18:00",68.5039999999999,88.2,226518.19,0,5.030878,344.5,0.00405511811023622,74.948,69.4579999999999,67.1539999999999,63.9499999999999,30.9,14.7,22.2
"BOOI4","2019-08-21 19:00",66.9919999999999,90.1,76000,0,5.6795907,351.8,0.00311023622047244,74.2099999999999,69.4579999999999,67.1539999999999,63.9499999999999,30.9,14.7,22.2
"BOOI4","2019-08-21 20:00",66.1999999999999,92.2,5154.546,0,5.104697,12.21,0.0015748031496063,73.4539999999999,69.44,67.172,63.9499999999999,30.8,14.7,22.2
"BOOI4","2019-08-21 21:00",64.58,95.1,0,0,0.90819764,16.48,0.00015748031496063,72.806,69.422,67.172,63.9499999999999,30.8,14.7,22.2
"BOOI4","2019-08-21 22:00",62.4739999999999,98.2,0,0,0.7739812,342.9,7.8740157480315e-05,72.0859999999999,69.4039999999999,67.172,63.9499999999999,30.8,14.7,22.2
"BOOI4","2019-08-21 23:00",61.7539999999999,98.3,0,0,0.12750559,335.8,3.93700787401575e-05,71.348,69.3499999999999,67.172,63.9499999999999,30.8,14.7,22.2
"BOOI4","2019-08-22 00:00",60.9259999999999,97.9,0,0,1.8902143,343.8,7.8740157480315e-05,70.664,69.296,67.172,63.9499999999999,30.8,14.7,22.2
"BOOI4","2019-08-22 01:00",60.3499999999999,96.8,0,0,1.565858,340.9,7.8740157480315e-05,70.0339999999999,69.2419999999999,67.172,63.9679999999999,30.8,14.7,22.2
"BOOI4","2019-08-22 02:00",59.6119999999999,96.6,0,0,1.2101846,342.9,0.000118110236220472,69.4579999999999,69.1519999999999,67.172,63.9679999999999,30.8,14.7,22.2
"BOOI4","2019-08-22 03:00",58.3699999999999,96.8,0,0,1.8566601,344.2,0.000118110236220472,68.8999999999999,69.0619999999999,67.172,63.9679999999999,30.8,14.7,22.2
"BOOI4","2019-08-22 04:00",58.7659999999999,97.5,0,0,1.5054606,343.3,7.8740157480315e-05,68.3599999999999,68.972,67.172,63.9679999999999,30.8,14.7,22.2
"BOOI4","2019-08-22 05:00",58.046,94.4,0,0,0.34896263,341.9,3.93700787401575e-05,67.8199999999999,68.864,67.172,63.9679999999999,30.8,14.7,22.2
"BOOI4","2019-08-22 06:00",58.2079999999999,95.3,51489.998,0,0.27738056,7.444,3.93700787401575e-05,67.3339999999999,68.756,67.172,63.9679999999999,30.7,14.7,22.2
"BOOI4","2019-08-22 07:00",61.0159999999999,93.6,444954.56,0,0,0,0.000354330708661417,67.0999999999999,68.63,67.1539999999999,63.9679999999999,30.7,14.7,22.1
"BOOI4","2019-08-22 08:00",64.9759999999999,91,971000,0,1.785078,0.655,0.00133858267716536,67.3699999999999,68.522,67.1539999999999,63.9679999999999,30.7,14.7,22.1
"BOOI4","2019-08-22 09:00",67.9099999999999,85.5,1533000,0,3.9593837,11.94,0.00582677165354331,68.288,68.396,67.1359999999999,63.9679999999999,30.7,14.7,22.1
"BOOI4","2019-08-22 10:00",70.8619999999999,79.82,2057818,0,4.632703,22.31,0.0107086614173228,69.89,68.2699999999999,67.1359999999999,63.9679999999999,30.7,14.7,22.1
"BOOI4","2019-08-22 11:00",73.4179999999999,72.04,2405090.8,0,3.8184566,30.44,0.0154724409448819,72.23,68.1619999999999,67.1179999999999,63.9859999999999,30.6,14.7,22.1
"BOOI4","2019-08-22 12:00",74.6599999999999,64.3,2715090.8,0,2.2682574,13.94,0.0189370078740158,75.0739999999999,68.1079999999999,67.0999999999999,63.9859999999999,30.6,14.7,22.1
"BOOI4","2019-08-22 13:00",75.3619999999999,60.15,2917454.6,0,3.840826,19.59,0.0224409448818898,78.098,68.072,67.082,63.9859999999999,30.6,14.7,22.1
"BOOI4","2019-08-22 14:00",76.3519999999999,62,2789182,0,5.0443,35.67,0.0247637795275591,81.032,68.1079999999999,67.064,63.9859999999999,30.6,14.7,22.1
"BOOI4","2019-08-22 15:00",77.18,57.39,2544727.3,0,4.6304655,43.96,0.0240944881889764,82.832,68.1439999999999,67.0279999999999,63.9859999999999,30.6,14.7,22.1
"BOOI4","2019-08-22 16:00",77.1619999999999,56.5,2077363.8,0,3.9370143,26.63,0.0221653543307087,83.3539999999999,68.2159999999999,67.0099999999999,64.0039999999999,30.6,14.7,22.1
"BOOI4","2019-08-22 17:00",76.406,57.26,1400454.6,0,5.4290533,22.98,0.0194094488188976,82.6339999999999,68.2699999999999,66.9919999999999,63.9859999999999,30.6,14.7,22.1
"BOOI4","2019-08-22 18:00",74.3359999999999,57.92,811000,0,5.216544,37.4,0.0139370078740157,81.2659999999999,68.3239999999999,66.9739999999999,64.0039999999999,30.6,14.7,22.1
"BOOI4","2019-08-22 19:00",70.0519999999999,66.75,127590.904,0,3.8699062,41.84,0.00799212598425197,79.3939999999999,68.3599999999999,66.956,64.0039999999999,30.6,14.7,22.1
"BOOI4","2019-08-22 20:00",66.4519999999999,73.3,3375.4547,0,1.93719,23.97,0.00177165354330709,77.5759999999999,68.3779999999999,66.938,63.9859999999999,30.6,14.7,22.1
"BOOI4","2019-08-22 21:00",64.3999999999999,86.6,0,0,0.968595,22.09,-0.000984251968503937,75.9919999999999,68.3779999999999,66.9199999999999,64.0039999999999,30.6,14.8,22.1
"BOOI4","2019-08-22 22:00",62.9239999999999,91.2,0,0,0.7516118,33.92,-0.00122047244094488,74.606,68.3599999999999,66.9199999999999,64.0039999999999,30.6,14.8,22.1
"BOOI4","2019-08-22 23:00",62.6179999999999,90.9,0,0,0,0,-0.00161417322834646,73.4359999999999,68.3239999999999,66.9019999999999,64.0039999999999,30.6,14.7,22.1
"BOOI4","2019-08-23 00:00",62.4199999999999,90.9,0,0,0.33330408,4.87,-0.00145669291338583,72.482,68.288,66.8839999999999,64.0039999999999,30.6,14.7,22.1
"BOOI4","2019-08-23 01:00",60.0259999999999,89,0,0,1.1587349,6.039,-0.00106299212598425,71.6179999999999,68.2159999999999,66.8839999999999,64.0039999999999,30.5,14.7,22.1
"BOOI4","2019-08-23 02:00",58.64,92.7,0,0,4.107022,10.46,-0.000393700787401575,70.7899999999999,68.1439999999999,66.8659999999999,64.0039999999999,30.5,14.7,22.1
"BOOI4","2019-08-23 03:00",57.7759999999999,94.3,0,0,3.2368522,13.55,-0.00062992125984252,70.0339999999999,68.0539999999999,66.8659999999999,64.0039999999999,30.6,14.7,22.1
"BOOI4","2019-08-23 04:00",56.606,95.9,0,0,2.0669327,23.61,-0.000866141732283465,69.332,67.964,66.848,64.0039999999999,30.6,14.7,22.1
"BOOI4","2019-08-23 05:00",56.0839999999999,97.2,0,0,2.8789415,29.07,-0.000748031496062992,68.648,67.874,66.848,64.0039999999999,30.5,14.7,22.1
"BOOI4","2019-08-23 06:00",56.3359999999999,98.2,47230.907,0,0.53015476,29.35,-0.00133858267716536,68.0179999999999,67.7659999999999,66.8119999999999,64.0039999999999,30.5,14.7,22.1
"BOOI4","2019-08-23 07:00",60.206,98.4,424709.08,0,0,0,-0.0012992125984252,67.6579999999999,67.6579999999999,66.8119999999999,64.0039999999999,30.5,14.7,22.1
"BOOI4","2019-08-23 08:00",64.6519999999999,93.3,955818.2,0,1.7090222,53.6,0.00106299212598425,67.9279999999999,67.5499999999999,66.7939999999999,64.0039999999999,30.4,14.7,22.1
"BOOI4","2019-08-23 09:00",67.856,88.1,1514363.6,0,4.6841526,114.9,0.00559055118110236,68.7739999999999,67.4239999999999,66.7759999999999,64.0039999999999,30.4,14.7,22.1
"BOOI4","2019-08-23 10:00",71.2579999999999,77.45,2028909.2,0,7.3125567,126.2,0.0107874015748031,70.3039999999999,67.298,66.7579999999999,64.0039999999999,30.5,14.7,22.1
"BOOI4","2019-08-23 11:00",73.2199999999999,73.73,2478363.8,0,6.79135,125.8,0.0157874015748031,72.8599999999999,67.2079999999999,66.74,64.0039999999999,30.4,14.7,22.1
"BOOI4","2019-08-23 12:00",74.84,68.57,2458636.5,0,7.983639,130.2,0.0201968503937008,75.9199999999999,67.1359999999999,66.722,64.0039999999999,30.4,14.7,22.1
"BOOI4","2019-08-23 13:00",76.0279999999999,64.2,2935454.6,0,9.339225,121.8,0.0217322834645669,79.3039999999999,67.1179999999999,66.7039999999999,64.0039999999999,30.4,14.7,22
"BOOI4","2019-08-23 14:00",76.64,62.58,2740090.8,0,9.475678,125.9,0.026259842519685,82.58,67.1539999999999,66.6679999999999,64.0039999999999,30.4,14.7,22
"BOOI4","2019-08-23 15:00",77.1619999999999,61.63,2504818,0,9.222904,119.4,0.0253543307086614,84.9199999999999,67.19,66.6499999999999,64.0039999999999,30.4,14.7,22
"BOOI4","2019-08-23 16:00",77.18,59.71,2055272.7,0,9.041711,129.1,0.0240157480314961,85.874,67.28,66.614,64.0039999999999,30.4,14.7,22
"BOOI4","2019-08-23 17:00",76.19,59.35,1469091,0,8.782227,119.5,0.0211417322834646,85.3699999999999,67.3519999999999,66.596,63.9859999999999,30.4,14.7,22
"BOOI4","2019-08-23 18:00",74.2099999999999,59.88,787000,0,8.381814,120.4,0.0165354330708661,83.8039999999999,67.4239999999999,66.5599999999999,64.0039999999999,30.4,14.7,22
"BOOI4","2019-08-23 19:00",69.782,66.58,170536.36,0,6.746611,114.3,0.00964566929133858,81.7159999999999,67.4779999999999,66.5419999999999,64.0039999999999,30.4,14.7,22
"BOOI4","2019-08-23 20:00",66.506,78.89,6109.9997,0,4.6819153,106.9,0.00299212598425197,79.6279999999999,67.514,66.5239999999999,64.0039999999999,30.4,14.7,22
"BOOI4","2019-08-23 21:00",64.3099999999999,80.4,0,0,4.498486,101.3,0.000196850393700787,77.7739999999999,67.532,66.506,63.9859999999999,30.4,14.6,22
"BOOI4","2019-08-23 22:00",62.5099999999999,84.2,0,0,4.494013,102.6,3.93700787401575e-05,76.2079999999999,67.532,66.488,63.9859999999999,30.4,14.6,22
"BOOI4","2019-08-23 23:00",61.2859999999999,88.1,0,0,4.071231,100.6,-0.000236220472440945,74.8579999999999,67.514,66.4699999999999,63.9859999999999,30.4,14.6,22
"BOOI4","2019-08-24 00:00",60.98,90.7,0,0,4.411246,109.2,-0.000275590551181102,73.688,67.4779999999999,66.4519999999999,63.9859999999999,30.4,14.6,22
"BOOI4","2019-08-24 01:00",60.4579999999999,90.5,0,0,4.223343,101.1,-0.000433070866141732,72.6619999999999,67.4239999999999,66.4519999999999,63.9859999999999,30.4,14.6,22
"BOOI4","2019-08-24 02:00",59.1259999999999,92.3,0,0,5.2702303,106,-0.00031496062992126,71.798,67.3519999999999,66.4339999999999,63.9859999999999,30.4,14.6,22
"BOOI4","2019-08-24 03:00",59.432,95.3,0,0,4.4671693,96.1,-0.000511811023622047,71.0239999999999,67.28,66.4339999999999,63.9859999999999,30.4,14.6,22
"BOOI4","2019-08-24 04:00",58.2079999999999,94,0,0,5.2210183,105.2,-0.00047244094488189,70.34,67.19,66.4159999999999,63.9859999999999,30.4,14.6,22
"BOOI4","2019-08-24 05:00",57.8119999999999,95.6,0,0,5.567744,116.6,-0.000433070866141732,69.7279999999999,67.0999999999999,66.398,63.9679999999999,30.4,14.6,22
"BOOI4","2019-08-24 06:00",57.6679999999999,95.8,26819.09,0,4.778104,116.3,-0.000551181102362205,69.1519999999999,66.9919999999999,66.398,63.9679999999999,30.3,14.6,22
"BOOI4","2019-08-24 07:00",58.172,95.5,220736.36,0,5.1158814,112.1,-0.00047244094488189,68.7199999999999,66.8839999999999,66.38,63.9679999999999,30.3,14.6,22
"BOOI4","2019-08-24 08:00",60.4579999999999,94.6,670818.2,0,5.1829896,122.9,0.000866141732283465,68.846,66.7759999999999,66.3619999999999,63.9679999999999,30.3,14.6,22
"BOOI4","2019-08-24 09:00",64.796,88.3,1274909,0,6.5497603,127,0.00429133858267717,69.2599999999999,66.6679999999999,66.3439999999999,63.9679999999999,30.3,14.6,22
"BOOI4","2019-08-24 10:00",68.63,76.1,2083909,0,8.189437,127.8,0.00921259842519685,70.5199999999999,66.5419999999999,66.3259999999999,63.9679999999999,30.3,14.6,22
"BOOI4","2019-08-24 11:00",69.98,69.44,2265000,0,10.267555,125.6,0.016496062992126,72.7339999999999,66.4519999999999,66.3079999999999,63.9499999999999,30.3,14.6,22
"BOOI4","2019-08-24 12:00",71.7619999999999,67.42,2784000,0,10.797709,124.9,0.0195669291338583,75.488,66.38,66.272,63.9499999999999,30.3,14.6,21.9
"BOOI4","2019-08-24 13:00",71.2579999999999,60.02,2370545.4,0,10.578489,125.2,0.0238188976377953,78.782,66.3259999999999,66.2539999999999,63.9499999999999,30.2,14.6,21.9
"BOOI4","2019-08-24 14:00",72.9499999999999,59.41,3204545.4,0,10.462169,127.4,0.0225196850393701,81.464,66.3079999999999,66.2179999999999,63.9499999999999,30.2,14.6,22
"BOOI4","2019-08-24 15:00",72.1939999999999,58.2,1943818.2,0,10.106495,135.9,0.0281102362204724,83.5159999999999,66.3259999999999,66.1819999999999,63.9499999999999,30.2,14.6,22
"BOOI4","2019-08-24 16:00",71.582,59.59,1320727.3,0,9.146848,119.1,0.0196456692913386,83.498,66.3619999999999,66.164,63.932,30.2,14.6,22
"BOOI4","2019-08-24 17:00",71.9239999999999,64.36,1163000,0,8.612219,131.7,0.0151181102362205,82.6339999999999,66.398,66.1279999999999,63.932,30.2,14.6,22
"BOOI4","2019-08-24 18:00",69.2779999999999,63.55,334709.08,0,7.683889,123.2,0.0129133858267717,81.248,66.4339999999999,66.1099999999999,63.932,30.3,14.6,22
"BOOI4","2019-08-24 19:00",65.8579999999999,72.33,110381.82,0,5.5543222,123.7,0.00598425196850394,79.5919999999999,66.4699999999999,66.0739999999999,63.932,30.3,14.6,22
"BOOI4","2019-08-24 20:00",64.364,82.5,1988.1818,0,4.198736,111.7,0.00216535433070866,77.8999999999999,66.506,66.056,63.932,30.3,14.6,22
"BOOI4","2019-08-24 21:00",63.7519999999999,85,0,0,4.487302,112.3,0.000275590551181102,76.4419999999999,66.506,66.038,63.914,30.3,14.6,22
"BOOI4","2019-08-24 22:00",63.3019999999999,87.7,0,0,5.1785164,114.2,0.000236220472440945,75.272,66.506,66.0019999999999,63.914,30.3,14.6,22
"BOOI4","2019-08-24 23:00",62.9239999999999,86.4,0,0,5.285889,118.6,0.00015748031496063,74.282,66.4699999999999,65.9839999999999,63.914,30.3,14.6,22
"BOOI4","2019-08-25 00:00",62.24,88.4,0,0,5.677354,127.5,0.000236220472440945,73.472,66.4519999999999,65.9659999999999,63.914,30.2,14.6,22
"BOOI4","2019-08-25 01:00",61.9339999999999,89,0,0,5.0778537,124.9,3.93700787401575e-05,72.788,66.4159999999999,65.948,63.914,30.2,14.6,22
"BOOI4","2019-08-25 02:00",62.0599999999999,90.7,0,0,4.2300534,125.4,-0.000118110236220472,72.248,66.3439999999999,65.93,63.896,30.2,14.6,22
"BOOI4","2019-08-25 03:00",61.3039999999999,89.6,0,0,4.702048,124.4,-7.8740157480315e-05,71.7439999999999,66.2899999999999,65.9119999999999,63.896,30.2,14.6,22
"BOOI4","2019-08-25 04:00",60.9079999999999,92.9,0,0,4.514145,125,-0.000196850393700787,71.2939999999999,66.2179999999999,65.8939999999999,63.896,30.2,14.6,22
"BOOI4","2019-08-25 05:00",59.5039999999999,94.9,0,0,4.6796784,122.8,-0.000275590551181102,70.8079999999999,66.164,65.8759999999999,63.8779999999999,30.2,14.6,22
"BOOI4","2019-08-25 06:00",59.6659999999999,97,11060.91,0,4.842975,100.3,-0.000354330708661417,70.2499999999999,66.0919999999999,65.8579999999999,63.8779999999999,30.1,14.6,22
"BOOI4","2019-08-25 07:00",60.5119999999999,96.5,144445.43,0,5.2411504,92.2,-0.000354330708661417,69.9079999999999,66.0199999999999,65.84,63.8779999999999,30.1,14.6,22
"BOOI4","2019-08-25 08:00",63.5179999999999,93.3,867727.3,0,6.1113205,103.4,0.00106299212598425,70.0519999999999,65.948,65.822,63.8779999999999,30.1,14.6,22
"BOOI4","2019-08-25 09:00",64.7599999999999,86.5,1078909,0,7.871792,115,0.0052755905511811,70.6819999999999,65.8759999999999,65.8039999999999,63.8599999999999,30.2,14.6,21.9
"BOOI4","2019-08-25 10:00",66.74,83.8,1385272.7,0,8.563006,125.4,0.00811023622047244,71.6539999999999,65.8039999999999,65.7859999999999,63.8599999999999,30.2,14.6,21.9
"BOOI4","2019-08-25 11:00",67.514,80.4,1368818.2,0,9.10882,130.1,0.010748031496063,72.9859999999999,65.7499999999999,65.7499999999999,63.8599999999999,30.1,14.6,21.9
"BOOI4","2019-08-25 12:00",68.63,80.8,1657454.5,0,9.001447,128.7,0.011259842519685,74.2999999999999,65.696,65.732,63.8419999999999,30.1,14.6,21.9
"BOOI4","2019-08-25 13:00",69.8179999999999,80.4,1490909,0,9.397386,123.8,0.0134645669291339,75.596,65.6779999999999,65.714,63.8419999999999,30.1,14.6,21.9
"BOOI4","2019-08-25 14:00",70.124,80.2,1108636.4,0,9.077502,121.4,0.0129527559055118,76.2439999999999,65.6599999999999,65.6779999999999,63.8239999999999,30.1,14.6,21.9
"BOOI4","2019-08-25 15:00",68.5939999999999,78.71,479636.35,0,9.200534,128.7,0.0108267716535433,76.298,65.6779999999999,65.6599999999999,63.8239999999999,30.1,14.6,21.9
"BOOI4","2019-08-25 16:00",67.6579999999999,82,392545.47,0,8.911969,128.3,0.0065748031496063,75.7579999999999,65.696,65.624,63.8239999999999,30.1,14.6,21.9
"BOOI4","2019-08-25 17:00",68.0539999999999,85.5,386363.65,0,8.936575,131.9,0.00543307086614173,75.2899999999999,65.732,65.606,63.8239999999999,30.1,14.5,21.9
"BOOI4","2019-08-25 18:00",68.0179999999999,85.1,243554.55,0,7.182814,120.5,0.00468503937007874,74.9119999999999,65.7679999999999,65.588,63.8239999999999,30.1,14.5,21.9
"BOOI4","2019-08-25 19:00",67.19,85.9,94354.55,0,6.0553966,119.8,0.00354330708661417,74.372,65.7859999999999,65.5519999999999,63.806,30.1,14.5,21.9
"BOOI4","2019-08-25 20:00",66.272,86.6,2894.5456,0,6.037501,115.9,0.00208661417322835,73.688,65.8039999999999,65.5339999999999,63.806,30.1,14.5,21.9
"BOOI4","2019-08-25 21:00",65.7499999999999,88,0,0,5.5118203,123,0.00078740157480315,73.0759999999999,65.822,65.5159999999999,63.788,30.1,14.5,21.9
"BOOI4","2019-08-25 22:00",64.6699999999999,88.7,0,0,4.0578094,120.7,0.00062992125984252,72.5359999999999,65.84,65.498,63.788,30.1,14.5,21.9
"BOOI4","2019-08-25 23:00",63.5359999999999,89.8,0,0,5.547611,121.2,0.000708661417322835,71.9779999999999,65.84,65.48,63.788,30.1,14.5,21.9
"BOOI4","2019-08-26 00:00",63.356,92.1,0,0,5.0957494,119,0.000551181102362205,71.4919999999999,65.84,65.4619999999999,63.7699999999999,30.1,14.5,21.9
"BOOI4","2019-08-26 01:00",63.248,92.6,0,0,1.4450634,115.6,0.000196850393700787,71.1319999999999,65.822,65.4439999999999,63.7699999999999,30.1,14.5,21.9
"BOOI4","2019-08-26 02:00",62.8519999999999,93.5,0,0,5.1248293,98.5,0.000393700787401575,70.7899999999999,65.8039999999999,65.4259999999999,63.7519999999999,30.1,14.5,21.9
"BOOI4","2019-08-26 03:00",62.9239999999999,94.5,0,0,4.212158,112.9,0.00031496062992126,70.5019999999999,65.7679999999999,65.4259999999999,63.7519999999999,30.1,14.5,21.9
"BOOI4","2019-08-26 04:00",62.6539999999999,94.2,0,0,2.679854,90.9,0.000236220472440945,70.232,65.7499999999999,65.4079999999999,63.7519999999999,30.1,14.5,21.8
"BOOI4","2019-08-26 05:00",61.6999999999999,96.3,0,0,1.3958505,30.88,0.000118110236220472,69.9619999999999,65.714,65.39,63.7339999999999,30.1,14.5,21.8
"BOOI4","2019-08-26 06:00",61.7359999999999,100,13412.727,0,2.2033858,10.84,7.8740157480315e-05,69.6919999999999,65.6779999999999,65.372,63.7339999999999,30.1,14.5,21.8
"BOOI4","2019-08-26 07:00",61.9699999999999,100,152654.53,0,2.1474624,15.37,3.93700787401575e-05,69.4759999999999,65.6419999999999,65.3539999999999,63.7339999999999,30.1,14.5,21.8
"BOOI4","2019-08-26 08:00",64.0759999999999,100,626545.5,0,4.0332026,47.74,0.00047244094488189,69.548,65.606,65.3539999999999,63.7159999999999,30.1,14.5,21.8
"BOOI4","2019-08-26 09:00",66.0019999999999,98.7,1001818.24,0,6.478178,83,0.00307086614173228,70.3759999999999,65.5699999999999,65.3359999999999,63.7159999999999,30.1,14.5,21.8
"BOOI4","2019-08-26 10:00",68.4679999999999,96.6,758545.5,0,5.898811,129.1,0.00633858267716536,71.0239999999999,65.5519999999999,65.3179999999999,63.7159999999999,30.1,14.5,21.8
"BOOI4","2019-08-26 11:00",67.748,91.7,742363.6,0,2.9684193,212.5,0.00578740157480315,71.7079999999999,65.5159999999999,65.3179999999999,63.698,30.1,14.5,21.8
"BOOI4","2019-08-26 12:00",69.548,92.4,1000818.2,0,3.1182945,151.5,0.00594488188976378,72.572,65.498,65.282,63.698,30.1,14.5,21.8
"BOOI4","2019-08-26 13:00",70.646,89.3,749818.2,0,1.2459755,60.84,0.00799212598425197,73.2739999999999,65.5159999999999,65.282,63.68,30.1,14.5,21.8
"BOOI4","2019-08-26 14:00",70.34,87.7,485090.88,0,1.6553357,285.5,0.00641732283464567,73.4539999999999,65.5339999999999,65.264,63.68,30.1,14.5,21.8
"BOOI4","2019-08-26 15:00",70.214,88.7,563818.24,0,3.3263297,299.1,0.00448818897637795,73.5439999999999,65.5699999999999,65.246,63.6619999999999,30.1,14.5,21.8
"BOOI4","2019-08-26 16:00",73.0579999999999,91.9,1537636.4,0,4.4895387,297.6,0.00523622047244095,74.138,65.606,65.2279999999999,63.6619999999999,30.1,14.5,21.8
"BOOI4","2019-08-26 17:00",74.282,84.6,952454.5,0,5.905522,296.2,0.0116535433070866,75.0019999999999,65.6599999999999,65.2099999999999,63.6619999999999,30.1,14.5,21.8
"BOOI4","2019-08-26 18:00",73.3819999999999,76.97,668727.3,0,5.030878,315.4,0.00818897637795276,75.1099999999999,65.696,65.2099999999999,63.6439999999999,30.1,14.5,21.8
"BOOI4","2019-08-26 19:00",68.0359999999999,79.59,166390.91,0,4.1271544,312.3,0.00578740157480315,74.4439999999999,65.7499999999999,65.1919999999999,63.6439999999999,30.1,14.5,21.8
"BOOI4","2019-08-26 20:00",64.4539999999999,93.9,2669.0907,0,0.55252415,294.3,-0.00015748031496063,73.3819999999999,65.8039999999999,65.1739999999999,63.6439999999999,30.1,14.5,21.8
"BOOI4","2019-08-26 21:00",63.932,98.1,0,0,0,0,-0.000905511811023622,72.3919999999999,65.8579999999999,65.1739999999999,63.6259999999999,30.1,14.5,21.8
"BOOI4","2019-08-26 22:00",63.014,99.7,0,0,1.0334663,258.2,-0.000748031496062992,71.582,65.8939999999999,65.156,63.6259999999999,30.1,14.5,21.8
"BOOI4","2019-08-26 23:00",63.6259999999999,99.9,0,0,3.0153952,257.6,-0.000511811023622047,70.88,65.9119999999999,65.156,63.6079999999999,30.1,14.5,21.8
"BOOI4","2019-08-27 00:00",63.8239999999999,99.1,0,0,3.283828,264.4,-0.000511811023622047,70.2859999999999,65.8939999999999,65.156,63.6079999999999,30.1,14.5,21.8
"BOOI4","2019-08-27 01:00",62.69,95.6,0,0,4.2658443,277.8,-0.00031496062992126,69.746,65.8939999999999,65.138,63.6079999999999,30.1,14.5,21.8
"BOOI4","2019-08-27 02:00",61.2499999999999,96.6,0,0,4.596912,276.1,-0.000236220472440945,69.188,65.8759999999999,65.138,63.5899999999999,30.1,14.5,21.8
"BOOI4","2019-08-27 03:00",60.4579999999999,96.6,0,0,4.9414005,276.5,-0.000275590551181102,68.63,65.84,65.138,63.5899999999999,30.1,14.5,21.8
"BOOI4","2019-08-27 04:00",59.2339999999999,94.1,0,0,5.549848,279.2,-0.000118110236220472,68.072,65.822,65.138,63.5899999999999,30.1,14.5,21.8
"BOOI4","2019-08-27 05:00",57.7759999999999,96.7,0,0,4.6259923,277.8,-0.000236220472440945,67.532,65.7679999999999,65.138,63.572,30.1,14.5,21.8
"BOOI4","2019-08-27 06:00",56.6419999999999,98.3,43800,0,3.9056973,278,-0.000354330708661417,66.9739999999999,65.732,65.138,63.572,30.1,14.5,21.8
"BOOI4","2019-08-27 07:00",60.0259999999999,99.4,451036.38,0,3.6283166,263.8,-0.00031496062992126,66.614,65.6599999999999,65.138,63.5539999999999,30.1,14.5,21.8
"BOOI4","2019-08-27 08:00",63.8419999999999,93.5,1045636.4,0,5.556559,270.7,0.0012992125984252,66.7039999999999,65.606,65.1199999999999,63.5539999999999,30.1,14.5,21.8
"BOOI4","2019-08-27 09:00",67.856,85.3,1688181.8,0,6.755559,271.1,0.00610236220472441,67.19,65.5339999999999,65.1199999999999,63.5539999999999,30,14.5,21.8
"BOOI4","2019-08-27 10:00",71.8519999999999,73.34,2254363.5,0,8.021667,281,0.0118897637795276,68.396,65.48,65.1019999999999,63.5359999999999,30,14.5,21.8
"BOOI4","2019-08-27 11:00",72.914,68.61,2693727.3,0,7.6436243,286.5,0.0179527559055118,70.4119999999999,65.4259999999999,65.1019999999999,63.5359999999999,30,14.5,21.8
"BOOI4","2019-08-27 12:00",74.7679999999999,60.88,2955545.4,0,9.243036,273.1,0.0230314960629921,72.9319999999999,65.4079999999999,65.1019999999999,63.5179999999999,30,14.5,21.8
"BOOI4","2019-08-27 13:00",75.8659999999999,53.07,3025454.3,0,10.032676,283.3,0.0274015748031496,75.722,65.4439999999999,65.0839999999999,63.5179999999999,30,14.5,21.8
"BOOI4","2019-08-27 14:00",75.596,48.26,2802091,0,9.701609,279.9,0.0290944881889764,78.4039999999999,65.498,65.0659999999999,63.5179999999999,30,14.5,21.8
"BOOI4","2019-08-27 15:00",75.2899999999999,48.78,2147636.5,0,11.309969,278.4,0.0296456692913386,79.7359999999999,65.588,65.048,63.5179999999999,30,14.5,21.8
"BOOI4","2019-08-27 16:00",74.1739999999999,48.09,1567727.3,0,11.972103,279.4,0.025748031496063,80.1319999999999,65.6779999999999,65.048,63.4999999999999,30,14.5,21.8
"BOOI4","2019-08-27 17:00",73.49,45.33,1453818.2,0,10.949821,277.4,0.0208661417322835,79.7359999999999,65.7499999999999,65.03,63.4999999999999,30.1,14.5,21.8
"BOOI4","2019-08-27 18:00",71.0779999999999,46.94,738909.1,0,10.605333,278.3,0.0199606299212599,78.872,65.822,65.03,63.4999999999999,30.1,14.5,21.8
"BOOI4","2019-08-27 19:00",64.0579999999999,44.83,152954.54,0,9.87609,279.1,0.0134645669291339,77.414,65.8579999999999,65.0119999999999,63.4819999999999,30.1,14.5,21.8
"BOOI4","2019-08-27 20:00",58.064,68.63,2188.1819,0,4.4761167,271.2,0.00381889763779528,75.7939999999999,65.8939999999999,65.0119999999999,63.4819999999999,30.1,14.5,21.8
"BOOI4","2019-08-27 21:00",56.822,81.3,0,0,0.6934514,255.7,-0.00133858267716536,74.282,65.8939999999999,65.0119999999999,63.464,30.1,14.5,21.8
"BOOI4","2019-08-27 22:00",55.0579999999999,89,0,0,2.2570724,247.4,-0.000708661417322835,72.9679999999999,65.8939999999999,65.0119999999999,63.464,30.1,14.5,21.8
"BOOI4","2019-08-27 23:00",54.8599999999999,93.8,0,0,2.9617085,252.4,-0.000669291338582677,71.798,65.8579999999999,65.0119999999999,63.464,30.1,14.5,21.8
"BOOI4","2019-08-28 00:00",53.3839999999999,94.4,0,0,3.2122457,255.2,-0.000708661417322835,70.7539999999999,65.8039999999999,64.9939999999999,63.446,30,14.5,21.8
"BOOI4","2019-08-28 01:00",53.0779999999999,95.5,0,0,3.2636955,258.3,-0.000748031496062992,69.8179999999999,65.7499999999999,65.0119999999999,63.446,30,14.5,21.8
"BOOI4","2019-08-28 02:00",52.8079999999999,94.5,0,0,3.207772,255,-0.000748031496062992,68.9539999999999,65.6599999999999,64.9939999999999,63.446,30,14.5,21.7
"BOOI4","2019-08-28 03:00",52.79,94.5,0,0,3.9101713,256.9,-0.000590551181102362,68.18,65.5699999999999,64.9939999999999,63.4279999999999,30,14.5,21.7
"BOOI4","2019-08-28 04:00",52.682,93.2,0,0,3.916882,257.1,-0.000551181102362205,67.4599999999999,65.498,64.9939999999999,63.4279999999999,30,14.5,21.7
"BOOI4","2019-08-28 05:00",52.0699999999999,92.2,0,0,4.1584716,258.6,-0.000511811023622047,66.7939999999999,65.39,64.9939999999999,63.4279999999999,30,14.5,21.7
"BOOI4","2019-08-28 06:00",52.3039999999999,92.8,28109.09,0,3.919119,255.4,-0.000551181102362205,66.1819999999999,65.282,64.9759999999999,63.4099999999999,30,14.5,21.7
"BOOI4","2019-08-28 07:00",56.7859999999999,91.7,402527.25,0,4.060046,255.9,-0.00047244094488189,65.7499999999999,65.1739999999999,64.9759999999999,63.4099999999999,29.9,14.5,21.7
"BOOI4","2019-08-28 08:00",62.2039999999999,84.8,1039272.8,0,4.189789,259.3,0.00137795275590551,65.696,65.048,64.9579999999999,63.4099999999999,29.9,14.5,21.7
"BOOI4","2019-08-28 09:00",67.388,75.64,1690090.8,0,5.046537,262.4,0.0065748031496063,66.2179999999999,64.94,64.94,63.3919999999999,29.9,14.5,21.7
"BOOI4","2019-08-28 10:00",71.4019999999999,67.76,2269545.4,0,6.077766,270.4,0.0128346456692913,67.4599999999999,64.832,64.94,63.3919999999999,29.9,14.5,21.7
"BOOI4","2019-08-28 11:00",73.8679999999999,58.25,2708182,0,6.4267282,266.6,0.0187795275590551,69.548,64.7419999999999,64.922,63.3919999999999,29.9,14.5,21.7
"BOOI4","2019-08-28 12:00",75.1099999999999,53.45,2908091,0,7.677178,272.3,0.024251968503937,72.2659999999999,64.706,64.9039999999999,63.3919999999999,29.9,14.5,21.7
"BOOI4","2019-08-28 13:00",76.2619999999999,47.61,3049091,0,9.717267,274.3,0.0281496062992126,75.146,64.706,64.8679999999999,63.374,29.9,14.5,21.7
"BOOI4","2019-08-28 14:00",76.9279999999999,45.71,2892727.3,0,9.674765,285.9,0.0302362204724409,78.08,64.7419999999999,64.8499999999999,63.374,29.9,14.5,21.7
"BOOI4","2019-08-28 15:00",77.3779999999999,45.2,2533727.3,0,9.392911,286.3,0.0295669291338583,80.24,64.814,64.832,63.356,29.9,14.5,21.7
"BOOI4","2019-08-28 16:00",77.5039999999999,44.55,2027818.1,0,9.520416,281.1,0.0273622047244095,81.356,64.9039999999999,64.814,63.356,29.8,14.5,21.7
"BOOI4","2019-08-28 17:00",76.496,44.08,1417000,0,7.936663,278.9,0.0225196850393701,81.4279999999999,64.9759999999999,64.7779999999999,63.356,29.8,14.5,21.7
"BOOI4","2019-08-28 18:00",73.7599999999999,45.86,757181.8,0,7.0664935,276.4,0.0172047244094488,80.5279999999999,65.048,64.7599999999999,63.338,29.8,14.5,21.7
"BOOI4","2019-08-28 19:00",66.0199999999999,58.88,159090.91,0,3.9258296,266.7,0.0081496062992126,78.998,65.0839999999999,64.7419999999999,63.338,29.9,14.5,21.7
"BOOI4","2019-08-28 20:00",63.5539999999999,76.78,2381.8183,0,0.16105968,257.1,-0.000905511811023622,77.2699999999999,65.138,64.7239999999999,63.338,29.9,14.5,21.7
"BOOI4","2019-08-28 21:00",63.5899999999999,80.2,0,0,0,0,-0.00192913385826772,75.6679999999999,65.156,64.7239999999999,63.338,29.9,14.5,21.7
"BOOI4","2019-08-28 22:00",60.656,80.6,0,0,0,0,-0.00192913385826772,74.282,65.1739999999999,64.706,63.338,29.9,14.5,21.7
"BOOI4","2019-08-28 23:00",58.406,88.2,0,0,0,0,-0.0018503937007874,73.1659999999999,65.1739999999999,64.688,63.3199999999999,29.9,14.5,21.6
"BOOI4","2019-08-29 00:00",58.19,92.7,0,0,0.02013246,202.9,-0.00177165354330709,72.23,65.138,64.688,63.3199999999999,29.9,14.5,21.6
"BOOI4","2019-08-29 01:00",58.73,93.1,0,0,0.04921268,199.7,-0.00173228346456693,71.4739999999999,65.1199999999999,64.688,63.3019999999999,29.8,14.5,21.6
"BOOI4","2019-08-29 02:00",58.9099999999999,92.9,0,0,0.0671082,189.9,-0.00173228346456693,70.7899999999999,65.0659999999999,64.6699999999999,63.3019999999999,29.8,14.5,21.6
"BOOI4","2019-08-29 03:00",58.6939999999999,94,0,0,0,0,-0.00177165354330709,70.2499999999999,65.0119999999999,64.6699999999999,63.3019999999999,29.8,14.5,21.6
"BOOI4","2019-08-29 04:00",59.0179999999999,95.9,0,0,1.1609719,192.3,-0.00125984251968504,69.7279999999999,64.9579999999999,64.6519999999999,63.3019999999999,29.9,14.5,21.6
"BOOI4","2019-08-29 05:00",61.106,98.1,46.363637,0,0,0,-0.00173228346456693,69.2779999999999,64.9039999999999,64.6519999999999,63.2839999999999,29.9,14.5,21.6
"BOOI4","2019-08-29 06:00",64.364,96.9,26498.182,0,1.192289,207.1,-0.00125984251968504,69.0079999999999,64.832,64.6519999999999,63.2839999999999,29.8,14.5,21.6
"BOOI4","2019-08-29 07:00",66.1099999999999,97.3,78258.17,0.14,4.8966613,231.5,-0.000511811023622047,68.738,64.7419999999999,64.6339999999999,63.2659999999999,30,14.5,21.6
"BOOI4","2019-08-29 08:00",71.438,93.5,852090.9,0.1,4.9682436,209.8,0.000905511811023622,68.7739999999999,64.6699999999999,64.6159999999999,63.2659999999999,30.1,14.5,21.6
"BOOI4","2019-08-29 09:00",75.3619999999999,85.6,1583272.7,0,6.254484,223,0.00547244094488189,69.4579999999999,64.6339999999999,64.6159999999999,63.2659999999999,30.1,14.5,21.6
"BOOI4","2019-08-29 10:00",77.4679999999999,81.3,2204727,0,8.533926,230.1,0.0125984251968504,70.7359999999999,64.58,64.598,63.2659999999999,30.1,14.5,21.6
"BOOI4","2019-08-29 11:00",80.456,78.04,2666272.7,0,9.612131,239.9,0.0181889763779528,72.7699999999999,64.5619999999999,64.58,63.2659999999999,30.1,14.5,21.6
"BOOI4","2019-08-29 12:00",82.8499999999999,74.69,2940636.5,0,8.285625,259.8,0.022755905511811,75.5779999999999,64.58,64.5619999999999,63.248,30.1,14.5,21.6
"BOOI4","2019-08-29 13:00",83.948,68.78,2973636.2,0,7.6033587,278.3,0.0261811023622047,78.656,64.6519999999999,64.5619999999999,63.248,30.1,14.5,21.6
"BOOI4","2019-08-29 14:00",84.1279999999999,65.18,2800545.4,0,6.312645,306.9,0.0275590551181102,81.4099999999999,64.7779999999999,64.5259999999999,63.23,30.1,14.5,21.6
"BOOI4","2019-08-29 15:00",82.6339999999999,62.9,2432636.5,0,5.4581337,314.1,0.0266141732283465,83.1919999999999,64.922,64.5079999999999,63.23,30.2,14.5,21.6
"BOOI4","2019-08-29 16:00",81.2839999999999,48.63,1892818.2,0,6.833852,353.1,0.0254330708661417,83.4439999999999,65.0839999999999,64.5079999999999,63.2119999999999,30.2,14.5,21.6
"BOOI4","2019-08-29 17:00",79.196,49.51,1280545.4,0,6.1739545,4.719,0.0207874015748032,82.796,65.246,64.49,63.2119999999999,30.2,14.5,21.6
"BOOI4","2019-08-29 18:00",74.606,51.09,477609.1,0,5.478266,352.8,0.0149606299212598,81.2119999999999,65.39,64.49,63.2119999999999,30.2,14.5,21.6
"BOOI4","2019-08-29 19:00",70.1599999999999,62.03,87350,0,3.4448874,356.3,0.00641732283464567,79.3039999999999,65.498,64.472,63.2119999999999,30.2,14.5,21.6
"BOOI4","2019-08-29 20:00",68.09,69.25,1040,0,1.3645334,357.8,0.000866141732283465,77.4319999999999,65.606,64.472,63.1939999999999,30.2,14.5,21.6
"BOOI4","2019-08-29 21:00",64.706,74.82,0,0,1.0737312,0.806,-0.000826771653543307,75.7039999999999,65.6599999999999,64.472,63.1939999999999,30.2,14.5,21.6
"BOOI4","2019-08-29 22:00",60.656,76.04,0,0,4.350848,8.77,0.000511811023622047,74.0659999999999,65.714,64.49,63.1759999999999,30.2,14.5,21.6
"BOOI4","2019-08-29 23:00",59.7739999999999,86.7,0,0,2.1608841,20.74,-0.000551181102362205,72.6439999999999,65.732,64.49,63.1939999999999,30.2,14.5,21.6
"BOOI4","2019-08-30 00:00",59.5939999999999,85.9,0,0,0.1789552,21.39,-0.00153543307086614,71.4739999999999,65.732,64.5079999999999,63.1759999999999,30.2,14.5,21.6
"BOOI4","2019-08-30 01:00",59.2699999999999,83.9,0,0,2.386815,11.13,-0.00047244094488189,70.3579999999999,65.714,64.5079999999999,63.1579999999999,30.2,14.5,21.6
"BOOI4","2019-08-30 02:00",58.172,83.6,0,0,4.77363,6.546,3.93700787401575e-05,69.314,65.6779999999999,64.5259999999999,63.1579999999999,30.2,14.5,21.6
"BOOI4","2019-08-30 03:00",57.3079999999999,86,0,0,8.598798,9.8,0.000354330708661417,68.396,65.624,64.5439999999999,63.1579999999999,30.2,14.5,21.6
"BOOI4","2019-08-30 04:00",55.364,86.6,0,0,8.269967,11.46,0.00031496062992126,67.5859999999999,65.5339999999999,64.5619999999999,63.1579999999999,30.2,14.5,21.6
"BOOI4","2019-08-30 05:00",53.222,92.7,0,0,2.9236808,21.58,-0.000511811023622047,66.8659999999999,65.4619999999999,64.5619999999999,63.14,30.2,14.5,21.6
"BOOI4","2019-08-30 06:00",53.456,97.7,12471.818,0,0.40264922,233.8,-0.00137795275590551,66.2179999999999,65.3539999999999,64.58,63.14,30.2,14.5,21.6
"BOOI4","2019-08-30 07:00",57.398,97.4,193263.63,0,0.18119214,243.9,-0.00137795275590551,65.8039999999999,65.246,64.58,63.14,30.1,14.5,21.6
"BOOI4","2019-08-30 08:00",60.2419999999999,88.1,604090.9,0,0.029080221,352.3,7.8740157480315e-05,65.8579999999999,65.138,64.58,63.122,30.1,14.5,21.6
"BOOI4","2019-08-30 09:00",62.906,82.8,1130272.7,0,1.2101846,9.74,0.00350393700787402,66.398,65.03,64.58,63.122,30.1,14.5,21.6
"BOOI4","2019-08-30 10:00",66.38,78.05,1953818.1,0,4.1674194,14.01,0.00799212598425197,67.514,64.9039999999999,64.58,63.122,30.1,14.5,21.6
"BOOI4","2019-08-30 11:00",68.648,66.8,2580000,0,6.1314526,19.26,0.0143307086614173,69.4579999999999,64.814,64.58,63.122,30.1,14.5,21.6
"BOOI4","2019-08-30 12:00",70.646,62.58,2946454.6,0,7.147023,32.92,0.0203149606299213,72.3019999999999,64.7419999999999,64.58,63.1039999999999,30.1,14.5,21.6
"BOOI4","2019-08-30 13:00",71.906,58.09,2880818,0,5.261283,48.48,0.0236614173228346,75.614,64.688,64.5619999999999,63.1039999999999,30.1,14.5,21.6
"BOOI4","2019-08-30 14:00",73.0039999999999,56.43,2829636.2,0,4.771393,49.05,0.0236614173228346,78.7099999999999,64.688,64.5619999999999,63.1039999999999,30.1,14.5,21.6
"BOOI4","2019-08-30 15:00",73.8499999999999,53.16,2464182,0,3.6730554,26.27,0.0233070866141732,80.9599999999999,64.706,64.5439999999999,63.0859999999999,30.1,14.5,21.6
"BOOI4","2019-08-30 16:00",73.4539999999999,50.05,1876636.4,0,3.8967495,22.32,0.0211811023622047,81.8599999999999,64.7419999999999,64.5259999999999,63.0859999999999,30.1,14.5,21.5
"BOOI4","2019-08-30 17:00",73.2019999999999,52.1,1344454.6,0,4.4649324,21.95,0.0173622047244095,81.6079999999999,64.7779999999999,64.5079999999999,63.0679999999999,30.1,14.5,21.5
"BOOI4","2019-08-30 18:00",69.4939999999999,52.54,551645.45,0,4.0175443,26.79,0.0126377952755906,80.33,64.814,64.49,63.0859999999999,30.1,14.5,21.5
"BOOI4","2019-08-30 19:00",67.2079999999999,67.74,76061.82,0,2.0378523,29.24,0.00480314960629921,78.638,64.8499999999999,64.49,63.0679999999999,30.1,14.5,21.5
"BOOI4","2019-08-30 20:00",65.246,68.48,512.72726,0,0,0,-0.00031496062992126,76.9099999999999,64.8499999999999,64.472,63.0679999999999,30.1,14.5,21.5
"BOOI4","2019-08-30 21:00",64.4539999999999,72.63,0,0,0.32211936,104.6,-0.00161417322834646,75.38,64.8679999999999,64.4539999999999,63.0679999999999,30.1,14.5,21.5
"BOOI4","2019-08-30 22:00",60.7999999999999,77.71,0,0,1.194526,115.2,-0.000905511811023622,74.156,64.8499999999999,64.4539999999999,63.0679999999999,30.1,14.5,21.5
"BOOI4","2019-08-30 23:00",61.88,89.3,0,0,0,0,-0.00181102362204724,73.0579999999999,64.8499999999999,64.4359999999999,63.0499999999999,30.1,14.5,21.5
"BOOI4","2019-08-31 00:00",60.332,82.7,0,0,0,0,-0.00181102362204724,71.996,64.832,64.4359999999999,63.0499999999999,30.1,14.5,21.5
"BOOI4","2019-08-31 01:00",59.5759999999999,89.7,0,0,1.7627087,340.3,-0.000866141732283465,71.006,64.796,64.4359999999999,63.0499999999999,30.1,14.5,21.5
"BOOI4","2019-08-31 02:00",57.8839999999999,90.6,0,0,2.6664326,343.4,-0.000669291338582677,70.124,64.7599999999999,64.4179999999999,63.0499999999999,30.1,14.5,21.5
"BOOI4","2019-08-31 03:00",57.4699999999999,93.1,0,0,0.6196324,339.8,-0.00137795275590551,69.332,64.706,64.3999999999999,63.0319999999999,30,14.5,21.5
"BOOI4","2019-08-31 04:00",57.29,92.6,0,0,2.9348655,4.4,-0.000708661417322835,68.648,64.6699999999999,64.3999999999999,63.0319999999999,30,14.5,21.5
"BOOI4","2019-08-31 05:00",57.2359999999999,95,0,0,1.306373,17.09,-0.00114173228346457,68.2159999999999,64.6159999999999,64.3999999999999,63.0319999999999,30,14.4,21.5
"BOOI4","2019-08-31 06:00",57.8659999999999,96.4,11543.636,0,0.5033115,89.5,-0.00145669291338583,67.856,64.5439999999999,64.3819999999999,63.0319999999999,30,14.4,21.5
"BOOI4","2019-08-31 07:00",58.856,92.3,91500,0,3.8139827,103,-0.000551181102362205,67.5499999999999,64.472,64.3819999999999,63.014,30,14.4,21.5
"BOOI4","2019-08-31 08:00",60.1519999999999,92.7,209336.35,0,3.617132,92.1,0.000866141732283465,67.4419999999999,64.3999999999999,64.364,63.014,30,14.4,21.5
"BOOI4","2019-08-31 09:00",62.1859999999999,91.7,554472.7,0,3.585815,111.2,0.00200787401574803,67.5679999999999,64.346,64.364,63.014,30,14.4,21.5
"BOOI4","2019-08-31 10:00",64.2199999999999,86.2,880181.8,0,3.0690815,127.8,0.00425196850393701,68.3239999999999,64.256,64.346,63.014,30,14.4,21.5
"BOOI4","2019-08-31 11:00",65.6599999999999,77.96,1256091,0,6.3439617,127,0.00763779527559055,69.332,64.1839999999999,64.3279999999999,62.996,30,14.4,21.5
"BOOI4","2019-08-31 12:00",66.488,72.05,1450636.4,0,6.6660814,129,0.011259842519685,70.88,64.148,64.3279999999999,62.996,30,14.4,21.5
"BOOI4","2019-08-31 13:00",66.0919999999999,65.75,568454.6,0,6.529628,126.1,0.0136220472440945,71.6179999999999,64.1119999999999,64.3099999999999,62.996,30,14.4,21.5
"BOOI4","2019-08-31 14:00",65.2999999999999,69.42,647090.94,0,2.8744678,118.7,0.00637795275590551,71.7079999999999,64.0759999999999,64.2919999999999,62.996,30,14.4,21.5
"BOOI4","2019-08-31 15:00",65.8759999999999,74.01,877363.6,0,3.7200313,106,0.00696850393700787,71.582,64.0579999999999,64.2739999999999,62.996,30,14.4,21.4
"BOOI4","2019-08-31 16:00",65.5699999999999,76.46,635454.5,0,5.1986485,93.9,0.00822834645669291,71.7079999999999,64.0579999999999,64.256,62.996,30,14.4,21.4
"BOOI4","2019-08-31 17:00",65.048,77.69,498000,0,6.3327775,84.6,0.00716535433070866,71.5099999999999,64.0579999999999,64.2199999999999,62.9779999999999,30,14.4,21.4
"BOOI4","2019-08-31 18:00",64.49,79.38,283863.65,0,6.6146317,90.1,0.00610236220472441,71.1859999999999,64.0579999999999,64.2199999999999,62.9779999999999,30,14.4,21.4
"BOOI4","2019-08-31 19:00",62.8699999999999,81.5,53921.814,0,5.37313,87.8,0.00401574803149606,70.646,64.0579999999999,64.2019999999999,62.9779999999999,30,14.4,21.4
"BOOI4","2019-08-31 20:00",60.9259999999999,88.8,809.0909,0,2.532216,71.43,0.00078740157480315,69.98,64.0579999999999,64.1839999999999,62.9599999999999,30,14.4,21.4
"BOOI4","2019-08-31 21:00",59.18,92.7,0,0,0.8030614,74.92,-7.8740157480315e-05,69.206,64.0579999999999,64.1659999999999,62.9599999999999,30,14.4,21.4
"BOOI4","2019-08-31 22:00",59.5939999999999,96.9,0,0,0.6755558,89.2,-0.000118110236220472,68.5579999999999,64.0579999999999,64.148,62.9419999999999,30,14.4,21.4
"BOOI4","2019-08-31 23:00",59.8999999999999,97.8,0,0,2.0669327,44.21,-7.8740157480315e-05,68.09,64.0399999999999,64.13,62.9599999999999,30,14.4,21.4
"BOOI4","2019-09-01 00:00",59.5759999999999,96.5,0,0,2.8409138,84.4,-3.93700787401575e-05,67.73,64.022,64.1119999999999,62.9599999999999,30,14.4,21.4
"BOOI4","2019-09-01 01:00",58.622,96.7,0,0,1.3645334,93.2,-7.8740157480315e-05,67.3699999999999,63.9859999999999,64.0939999999999,62.9419999999999,29.9,14.4,21.4
"BOOI4","2019-09-01 02:00",57.146,98.8,0,0,1.7984998,86.6,-7.8740157480315e-05,66.938,63.9679999999999,64.0759999999999,62.9419999999999,29.9,14.4,21.4
"BOOI4","2019-09-01 03:00",54.572,100,0,0,0,0,-0.000236220472440945,66.3259999999999,63.914,64.0759999999999,62.9419999999999,29.9,14.4,21.5
"BOOI4","2019-09-01 04:00",54.374,100,0,0,0.29527608,347.5,-0.000196850393700787,65.732,63.8779999999999,64.0579999999999,62.9239999999999,29.9,14.4,21.5
"BOOI4","2019-09-01 05:00",53.7439999999999,100,0,0,0.7762182,16.5,-0.000196850393700787,65.1919999999999,63.8419999999999,64.0399999999999,62.9239999999999,29.9,14.4,21.5
"BOOI4","2019-09-01 06:00",53.1679999999999,100,17589.092,0,0.09842536,19.67,-0.000236220472440945,64.688,63.788,64.022,62.9239999999999,29.9,14.4,21.5
"BOOI4","2019-09-01 07:00",56.6419999999999,100,351445.47,0,0,0,-0.000118110236220472,64.346,63.7339999999999,64.0039999999999,62.9239999999999,29.9,14.4,21.5
"BOOI4","2019-09-01 08:00",61.556,100,901000,0,0.35343653,100.2,0.000354330708661417,64.5439999999999,63.68,64.0039999999999,62.906,29.9,14.4,21.5
"BOOI4","2019-09-01 09:00",66.1999999999999,94.6,1546727.3,0,3.6059473,135.5,0.00425196850393701,65.3539999999999,63.5899999999999,63.9679999999999,62.906,29.9,14.4,21.5
"BOOI4","2019-09-01 10:00",70.448,88.8,2175000,0,5.16062,163.6,0.0094488188976378,66.8839999999999,63.5359999999999,63.9679999999999,62.888,29.9,14.4,21.5
"BOOI4","2019-09-01 11:00",73.0759999999999,82.7,2591818,0,3.5142326,189.3,0.0153937007874016,69.314,63.4819999999999,63.9499999999999,62.888,29.9,14.4,21.5
"BOOI4","2019-09-01 12:00",75.38,75.64,2844000,0,3.4180443,181.8,0.0194488188976378,72.59,63.4819999999999,63.914,62.888,29.9,14.3,21.5
"BOOI4","2019-09-01 13:00",76.6579999999999,69.42,2576272.7,0,3.802798,189.7,0.0224409448818898,75.6679999999999,63.4999999999999,63.896,62.888,29.9,14.4,21.5
"BOOI4","2019-09-01 14:00",77.4499999999999,73.54,2070091,0,4.8563967,191.4,0.0216535433070866,77.99,63.5899999999999,63.896,62.8699999999999,29.9,14.4,21.5
"BOOI4","2019-09-01 15:00",77.3599999999999,67.63,1177000,0,5.531953,194.1,0.0186614173228347,78.8179999999999,63.698,63.8599999999999,62.8699999999999,29.9,14.4,21.5
"BOOI4","2019-09-01 16:00",76.6579999999999,67.61,973272.7,0,4.207684,209.8,0.0119291338582677,78.89,63.8419999999999,63.8419999999999,62.8699999999999,29.9,14.4,21.5
"BOOI4","2019-09-01 17:00",77.8999999999999,70.9,1039363.6,0,3.281591,222.9,0.00976377952755906,78.7279999999999,63.9679999999999,63.8239999999999,62.8699999999999,29.9,14.4,21.5
"BOOI4","2019-09-01 18:00",74.606,69.68,441127.3,0,3.8184566,212.4,0.00980314960629921,78.2419999999999,64.13,63.806,62.8519999999999,30,14.4,21.5
"BOOI4","2019-09-01 19:00",71.9239999999999,80.8,53166.363,0,1.6911266,229.3,0.00366141732283465,77.2519999999999,64.2739999999999,63.788,62.8519999999999,30,14.4,21.4
"BOOI4","2019-09-01 20:00",69.4759999999999,85.6,455.45456,0,0,0,-7.8740157480315e-05,76.2259999999999,64.4179999999999,63.788,62.8519999999999,30,14.4,21.4
"BOOI4","2019-09-01 21:00",68.1079999999999,92.9,0,0,0,0,-0.00122047244094488,75.1999999999999,64.5259999999999,63.788,62.8339999999999,30,14.4,21.4
"BOOI4","2019-09-01 22:00",66.038,96,0,0,0,0,-0.00122047244094488,74.282,64.6159999999999,63.788,62.8339999999999,30,14.4,21.4
"BOOI4","2019-09-01 23:00",65.2279999999999,97.4,0,0,0,0,-0.00122047244094488,73.346,64.706,63.788,62.816,30,14.4,21.4
"BOOI4","2019-09-02 00:00",63.698,98.5,0,0,0.06487126,181.9,-0.00118110236220473,72.4999999999999,64.7599999999999,63.788,62.816,30,14.4,21.4
"BOOI4","2019-09-02 01:00",64.8499999999999,100,0,0,0,0,-0.00122047244094488,71.78,64.814,63.788,62.816,30.1,14.4,21.4
"BOOI4","2019-09-02 02:00",63.2119999999999,99.9,0,0,0.38251674,224.5,-0.00110236220472441,71.1679999999999,64.832,63.806,62.816,30.1,14.4,21.4
"BOOI4","2019-09-02 03:00",63.5179999999999,100,0,0,1.1721566,216.2,-0.00094488188976378,70.6999999999999,64.8499999999999,63.8239999999999,62.798,30.1,14.4,21.4
"BOOI4","2019-09-02 04:00",63.7159999999999,100,0,0,0.31988242,211.1,-0.00114173228346457,70.3039999999999,64.8499999999999,63.8419999999999,62.798,30.1,14.4,21.4
"BOOI4","2019-09-02 05:00",63.23,100,0,0,1.2795297,216.4,-0.00094488188976378,69.9079999999999,64.832,63.8419999999999,62.798,30.1,14.3,21.4
"BOOI4","2019-09-02 06:00",63.6619999999999,100,18312.727,0,1.823106,216.4,-0.000866141732283465,69.548,64.814,63.8599999999999,62.78,30,14.3,21.4
"BOOI4","2019-09-02 07:00",66.8659999999999,100,266454.56,0,2.0356154,218.7,-0.000748031496062992,69.3679999999999,64.796,63.8599999999999,62.78,30,14.3,21.4
"BOOI4","2019-09-02 08:00",69.6919999999999,99,658272.7,0,1.6575725,210.8,3.93700787401575e-05,69.746,64.7599999999999,63.8779999999999,62.78,30,14.3,21.4
"BOOI4","2019-09-02 09:00",71.096,93.2,747363.65,0,4.113733,218.6,0.00397637795275591,70.43,64.7419999999999,63.896,62.7619999999999,30,14.3,21.4
"BOOI4","2019-09-02 10:00",75.5599999999999,91.2,1654090.8,0,3.2279043,202.7,0.00578740157480315,71.4019999999999,64.7239999999999,63.914,62.7619999999999,30,14.3,21.4
"BOOI4","2019-09-02 11:00",79.1419999999999,81.9,2333545.7,0,5.140488,184.9,0.0125984251968504,73.2739999999999,64.7239999999999,63.914,62.7619999999999,30,14.3,21.4
"BOOI4","2019-09-02 12:00",80.456,76.55,2873090.8,0,3.7916133,210.2,0.0190551181102362,76.19,64.7239999999999,63.914,62.7439999999999,30,14.3,21.4
"BOOI4","2019-09-02 13:00",80.546,76.68,2423000,0,4.775867,194.5,0.0241732283464567,79.196,64.7779999999999,63.914,62.7439999999999,30,14.3,21.4
"BOOI4","2019-09-02 14:00",81.6259999999999,73.88,2209363.5,0,6.292512,187.5,0.0216141732283465,81.014,64.8679999999999,63.932,62.7439999999999,30,14.3,21.4
"BOOI4","2019-09-02 15:00",82.3999999999999,71.16,2093727.3,0,7.726391,177.4,0.0205118110236221,82.6159999999999,64.9759999999999,63.932,62.7259999999999,30.1,14.3,21.4
"BOOI4","2019-09-02 16:00",82.13,70.08,1807454.6,0,9.312382,161.5,0.0205511811023622,83.714,65.1199999999999,63.932,62.7259999999999,30.1,14.3,21.4
"BOOI4","2019-09-02 17:00",80.4919999999999,69.86,1143363.6,0,11.781963,164.5,0.0193700787401575,83.732,65.282,63.932,62.7259999999999,30.1,14.3,21.4
"BOOI4","2019-09-02 18:00",78.638,75.4,544090.9,0,11.144435,174.3,0.0139763779527559,82.796,65.4439999999999,63.9499999999999,62.7259999999999,30.1,14.3,21.3
"BOOI4","2019-09-02 19:00",75.1279999999999,79.25,65114.54,0,9.332514,163.7,0.00791338582677165,81.3919999999999,65.5699999999999,63.9499999999999,62.7079999999999,30.1,14.3,21.3
"BOOI4","2019-09-02 20:00",72.7699999999999,87.4,660.9091,0,8.267731,155.3,0.0028740157480315,79.9159999999999,65.714,63.9679999999999,62.7079999999999,30.1,14.3,21.3
"BOOI4","2019-09-02 21:00",72.0679999999999,92.1,0,0,7.827053,154.3,0.000275590551181102,78.6199999999999,65.822,63.9859999999999,62.69,30.2,14.3,21.3
"BOOI4","2019-09-02 22:00",71.3659999999999,92.3,0,0,6.8472733,161.1,0,77.4859999999999,65.9119999999999,64.0039999999999,62.69,30.2,14.3,21.3
"BOOI4","2019-09-02 23:00",71.1499999999999,94.7,0,0,7.2566333,164.7,-3.93700787401575e-05,76.5679999999999,65.9839999999999,64.022,62.69,30.2,14.4,21.3
"BOOI4","2019-09-03 00:00",71.6359999999999,96.2,0,0,6.5005474,164.9,-0.000275590551181102,75.83,66.038,64.0579999999999,62.69,30.2,14.4,21.3
"BOOI4","2019-09-03 01:00",71.7439999999999,96.2,0,0,8.0149555,172.7,-0.000196850393700787,75.2359999999999,66.0919999999999,64.0759999999999,62.672,30.2,14.4,21.3
"BOOI4","2019-09-03 02:00",72.464,96.5,0,0,9.180402,177.4,-0.000196850393700787,74.7499999999999,66.1099999999999,64.0939999999999,62.672,30.1,14.4,21.3
"BOOI4","2019-09-03 03:00",71.888,96,0,0,8.8896,190.3,-0.00015748031496063,74.372,66.1279999999999,64.13,62.672,30.1,14.4,21.3
"BOOI4","2019-09-03 04:00",71.996,97.7,0,0,6.7443743,205.6,-0.00031496062992126,73.9939999999999,66.164,64.148,62.672,30.1,14.4,21.3
"BOOI4","2019-09-03 05:00",71.4919999999999,98,0,0,5.5789285,224.1,-0.00047244094488189,73.6699999999999,66.164,64.1839999999999,62.672,30.1,14.4,21.3
"BOOI4","2019-09-03 06:00",73.2919999999999,97.8,8273.637,0,4.3441377,231.2,-0.000590551181102362,73.3819999999999,66.1819999999999,64.2019999999999,62.6539999999999,30.1,14.4,21.3
"BOOI4","2019-09-03 07:00",74.1199999999999,93.9,247700.03,0,4.6461244,241.4,-0.000393700787401575,73.3099999999999,66.1819999999999,64.238,62.6539999999999,30.1,14.4,21.3
"BOOI4","2019-09-03 08:00",75.614,92,442454.53,0,5.5699806,249.1,0.000984251968503937,73.472,66.1999999999999,64.256,62.6539999999999,30.1,14.4,21.3
"BOOI4","2019-09-03 09:00",78.314,90.8,948363.65,0,6.339488,259.5,0.00389763779527559,74.048,66.1999999999999,64.2919999999999,62.6539999999999,30.1,14.4,21.3
"BOOI4","2019-09-03 10:00",77.6839999999999,86.8,882272.7,0,5.368656,262.7,0.0078740157480315,74.8759999999999,66.2179999999999,64.3099999999999,62.6539999999999,30.1,14.4,21.3
"BOOI4","2019-09-03 11:00",78.3499999999999,90.2,846000,0,6.0531597,267.3,0.0081496062992126,75.5419999999999,66.2359999999999,64.3279999999999,62.6539999999999,30.1,14.4,21.3
"BOOI4","2019-09-03 12:00",75.938,87.9,275900,0,4.874292,294,0.0078740157480315,75.83,66.272,64.346,62.6539999999999,30.2,14.4,21.3
"BOOI4","2019-09-03 13:00",73.7419999999999,96.1,131827.27,0,0.63976485,272.1,0.00255905511811024,75.5239999999999,66.3259999999999,64.3819999999999,62.6539999999999,30.2,14.4,21.3
"BOOI4","2019-09-03 14:00",78.4039999999999,89.3,1575727.3,0,6.5587077,286.2,0.00279527559055118,75.272,66.398,64.3999999999999,62.6539999999999,30.2,14.4,21.3
"BOOI4","2019-09-03 15:00",81.3919999999999,70.95,2328636.5,0,7.133601,282.8,0.0138582677165354,77.1439999999999,66.4519999999999,64.4179999999999,62.6359999999999,30.2,14.4,21.3
"BOOI4","2019-09-03 16:00",81.248,56.82,1838091,0,8.433264,290.5,0.0227952755905512,79.0699999999999,66.5419999999999,64.4359999999999,62.6359999999999,30.2,14.4,21.3
"BOOI4","2019-09-03 17:00",79.88,61.09,1228727.3,0,8.571954,296.1,0.0201968503937008,79.8619999999999,66.596,64.4539999999999,62.6359999999999,30.2,14.4,21.3
"BOOI4","2019-09-03 18:00",76.9099999999999,58.07,647272.77,0,8.650248,297,0.0159842519685039,79.538,66.6499999999999,64.472,62.6539999999999,30.3,14.4,21.3
"BOOI4","2019-09-03 19:00",69.8179999999999,60.16,116325.45,0,7.4355884,291.9,0.0101968503937008,78.2419999999999,66.7039999999999,64.49,62.6359999999999,30.3,14.4,21.3
"BOOI4","2019-09-03 20:00",65.732,69.58,425.45453,0,4.471643,293.8,0.00255905511811024,76.7119999999999,66.74,64.5079999999999,62.6359999999999,30.3,14.4,21.2
"BOOI4","2019-09-03 21:00",63.6079999999999,78.02,0,0,3.158559,296.2,0.00015748031496063,75.2539999999999,66.7759999999999,64.5439999999999,62.6359999999999,30.3,14.4,21.2
"BOOI4","2019-09-03 22:00",62.1499999999999,82.7,0,0,2.796175,298.3,-0.000236220472440945,73.9939999999999,66.7759999999999,64.5619999999999,62.6359999999999,30.3,14.4,21.2
"BOOI4","2019-09-03 23:00",61.9339999999999,85.1,0,0,0.89701295,326.6,-0.00118110236220473,72.8419999999999,66.7579999999999,64.58,62.6359999999999,30.3,14.4,21.2
"BOOI4","2019-09-04 00:00",59.864,85.1,0,0,2.4069474,343,-0.00062992125984252,71.8519999999999,66.74,64.598,62.6359999999999,30.3,14.4,21.2
"BOOI4","2019-09-04 01:00",58.4239999999999,88.7,0,0,5.4626074,347.8,-3.93700787401575e-05,70.9699999999999,66.6859999999999,64.6159999999999,62.6359999999999,30.2,14.5,21.2
"BOOI4","2019-09-04 02:00",57.74,90.8,0,0,5.0912757,350.9,-0.000196850393700787,70.124,66.614,64.6519999999999,62.6359999999999,30.2,14.5,21.2
"BOOI4","2019-09-04 03:00",56.3539999999999,91.1,0,0,5.2724676,346.9,-0.00031496062992126,69.3499999999999,66.5239999999999,64.6699999999999,62.6359999999999,30.2,14.5,21.3
"BOOI4","2019-09-04 04:00",54.3919999999999,92.5,0,0,6.8181934,345.7,-0.000118110236220472,68.5939999999999,66.4339999999999,64.688,62.6359999999999,30.2,14.4,21.3
"BOOI4","2019-09-04 05:00",53.3839999999999,94.8,0,0,2.8073597,341.4,-0.000708661417322835,67.856,66.3259999999999,64.706,62.6359999999999,30.1,14.4,21.3
"BOOI4","2019-09-04 06:00",52.8619999999999,96.1,21185.455,0,1.006623,342.8,-0.00122047244094488,67.1359999999999,66.2179999999999,64.706,62.6359999999999,30.2,14.4,21.3
"BOOI4","2019-09-04 07:00",56.3359999999999,96.5,391527.25,0,1.4003245,341.2,-0.00102362204724409,66.596,66.0919999999999,64.7239999999999,62.6539999999999,30.2,14.4,21.3
"BOOI4","2019-09-04 08:00",59.4679999999999,92.3,995727.3,0,4.2188687,343.9,0.00094488188976378,66.398,65.9659999999999,64.7419999999999,62.6359999999999,30.1,14.4,21.3
"BOOI4","2019-09-04 09:00",63.0679999999999,86.2,1648636.4,0,4.7915254,347.6,0.00523622047244095,66.7759999999999,65.822,64.7419999999999,62.6539999999999,30.1,14.4,21.3
"BOOI4","2019-09-04 10:00",65.372,71.91,2235182,0,4.7400756,4.295,0.010511811023622,68.0359999999999,65.696,64.7419999999999,62.6539999999999,30,14.4,21.3
"BOOI4","2019-09-04 11:00",67.28,66.9,2584636.2,0,4.471643,7.569,0.0159055118110236,70.0159999999999,65.588,64.7419999999999,62.6539999999999,30,14.4,21.3
"BOOI4","2019-09-04 12:00",68.756,61.31,2920727.3,0,5.191938,8.17,0.0193307086614173,72.8419999999999,65.5159999999999,64.7419999999999,62.6539999999999,30.1,14.4,21.3
"BOOI4","2019-09-04 13:00",70.43,61.18,2975454.6,0,4.632703,9.45,0.0225196850393701,76.0279999999999,65.4619999999999,64.7239999999999,62.6539999999999,30.1,14.4,21.3
"BOOI4","2019-09-04 14:00",72.2659999999999,59.79,2814272.7,0,4.480591,28,0.0233858267716535,79.0339999999999,65.4439999999999,64.7239999999999,62.6539999999999,30.1,14.4,21.3
"BOOI4","2019-09-04 15:00",73.706,55.69,2455000,0,2.7178822,11.92,0.0222047244094488,81.5179999999999,65.4619999999999,64.706,62.6539999999999,30.1,14.5,21.3
"BOOI4","2019-09-04 16:00",74.3539999999999,51.67,1932090.8,0,1.4003245,10.22,0.0190551181102362,82.8859999999999,65.498,64.688,62.672,30.1,14.4,21.3
"BOOI4","2019-09-04 17:00",74.6419999999999,49.53,1304000,0,0.8903021,20.7,0.0144881889763779,82.9579999999999,65.5159999999999,64.688,62.672,30.1,14.4,21.3
"BOOI4","2019-09-04 18:00",72.014,50.49,659454.5,0,0.36014733,2.723,0.00874015748031496,81.8779999999999,65.5519999999999,64.6699999999999,62.6539999999999,30.1,14.4,21.3
"BOOI4","2019-09-04 19:00",66.0019999999999,56.49,109902.725,0,0.00671082,79.27,0.00267716535433071,79.988,65.5699999999999,64.6519999999999,62.672,30.1,14.4,21.3
"BOOI4","2019-09-04 20:00",61.6999999999999,69.38,445.45454,0,0,0,-0.0018503937007874,77.9179999999999,65.5519999999999,64.6339999999999,62.672,30.1,14.4,21.3
"BOOI4","2019-09-04 21:00",59.648,76.56,0,0,0,0,-0.00208661417322835,76.082,65.5519999999999,64.6339999999999,62.672,30.1,14.4,21.3
"BOOI4","2019-09-04 22:00",60.0619999999999,87.2,0,0,0.08724066,171.5,-0.0018503937007874,74.5339999999999,65.5159999999999,64.6159999999999,62.672,30.1,14.4,21.3
"BOOI4","2019-09-04 23:00",56.6599999999999,82.2,0,0,0.52120703,144.3,-0.00153543307086614,73.238,65.48,64.6159999999999,62.69,30.1,14.4,21.3
"BOOI4","2019-09-05 00:00",56.9839999999999,91.2,0,0,0.87688047,153.5,-0.0012992125984252,72.1039999999999,65.4259999999999,64.6159999999999,62.672,30,14.4,21.3
"BOOI4","2019-09-05 01:00",56.2099999999999,92.4,0,0,0.038027983,161.9,-0.00181102362204724,71.096,65.3539999999999,64.598,62.69,30,14.4,21.3
"BOOI4","2019-09-05 02:00",54.3019999999999,93.9,0,0,0,0,-0.00181102362204724,70.232,65.282,64.598,62.672,30,14.4,21.3
"BOOI4","2019-09-05 03:00",54.9679999999999,96.9,0,0,0.19908766,201.6,-0.00165354330708661,69.5119999999999,65.1919999999999,64.58,62.69,30,14.4,21.3
"BOOI4","2019-09-05 04:00",56.0839999999999,96.7,0,0,1.1341287,177.2,-0.00125984251968504,68.8819999999999,65.1019999999999,64.58,62.69,30,14.4,21.3
"BOOI4","2019-09-05 05:00",57.182,95.7,0,0,2.4718187,159.4,-0.00094488188976378,68.4679999999999,64.9939999999999,64.5619999999999,62.69,29.9,14.4,21.3
"BOOI4","2019-09-05 06:00",58.0099999999999,95.9,4685.455,0,4.558884,147.7,-0.000590551181102362,68.2699999999999,64.9039999999999,64.5619999999999,62.69,30,14.4,21.3
"BOOI4","2019-09-05 07:00",59.072,95.5,137263.61,0,5.057721,153.2,-0.000590551181102362,68.1439999999999,64.796,64.5439999999999,62.69,30,14.4,21.3
"BOOI4","2019-09-05 08:00",62.9239999999999,95,579818.2,0,6.79135,156.1,0.000511811023622047,68.2519999999999,64.706,64.5259999999999,62.69,29.9,14.4,21.3
"BOOI4","2019-09-05 09:00",66.8839999999999,87.7,1045181.9,0,8.540637,162.2,0.00366141732283465,68.7739999999999,64.6159999999999,64.5079999999999,62.69,29.9,14.4,21.2
"BOOI4","2019-09-05 10:00",71.8519999999999,80.5,2037818.2,0,10.900609,164.2,0.00838582677165354,69.764,64.5259999999999,64.49,62.69,29.9,14.4,21.2
"BOOI4","2019-09-05 11:00",74.948,71.85,2479545.4,0,12.793059,164.5,0.0163385826771654,71.4739999999999,64.4539999999999,64.472,62.69,29.9,14.4,21.2
"BOOI4","2019-09-05 12:00",78.0259999999999,66.71,2741091,0,13.9339,161.3,0.022007874015748,73.9039999999999,64.4179999999999,64.4539999999999,62.69,29.9,14.4,21.2
"BOOI4","2019-09-05 13:00",80.546,67.48,2793000,0,14.59827,162,0.0254724409448819,76.622,64.3999999999999,64.4359999999999,62.7079999999999,29.8,14.4,21.2
"BOOI4","2019-09-05 14:00",82.8859999999999,65.59,2623000,0,15.000919,168.4,0.027244094488189,79.0699999999999,64.4359999999999,64.4179999999999,62.69,29.9,14.4,21.2
"BOOI4","2019-09-05 15:00",85.5859999999999,63.57,2299272.7,0,13.980875,171.8,0.0269685039370079,81.0859999999999,64.5079999999999,64.3819999999999,62.69,29.9,14.4,21.2
"BOOI4","2019-09-05 16:00",85.172,64.21,1771454.6,0,10.023728,197.9,0.0246456692913386,82.3999999999999,64.58,64.364,62.69,29.9,14.4,21.2
"BOOI4","2019-09-05 17:00",84.614,66.02,1154818.2,0,7.52954,199.7,0.0193307086614173,82.8499999999999,64.688,64.346,62.7079999999999,29.9,14.4,21.2
"BOOI4","2019-09-05 18:00",81.7159999999999,69.31,461636.38,0,5.9703927,218,0.0130708661417323,82.346,64.796,64.3279999999999,62.7079999999999,30,14.3,21.2
"BOOI4","2019-09-05 19:00",76.046,77.17,83150,0,4.0734677,211.1,0.00562992125984252,81.1579999999999,64.922,64.3099999999999,62.69,29.9,14.3,21.2
"BOOI4","2019-09-05 20:00",73.49,90.9,235.45454,0,0.3579104,201.6,-0.00106299212598425,79.8079999999999,65.03,64.2919999999999,62.7079999999999,29.9,14.3,21.2
"BOOI4","2019-09-05 21:00",71.2759999999999,94.3,0,0,0,0,-0.00145669291338583,78.6019999999999,65.138,64.2739999999999,62.69,30,14.3,21.2
"BOOI4","2019-09-05 22:00",72.2659999999999,97.7,0,0,0,0,-0.00145669291338583,77.5759999999999,65.2279999999999,64.2739999999999,62.69,30,14.3,21.2
"BOOI4","2019-09-05 23:00",72.3019999999999,98.2,0,0,1.2996621,284,-0.00110236220472441,76.73,65.2999999999999,64.2739999999999,62.7079999999999,30,14.3,21.2
"BOOI4","2019-09-06 00:00",71.006,96.9,0,0,0.06487126,269.3,-0.00141732283464567,75.9739999999999,65.372,64.2739999999999,62.69,30,14.3,21.2
"BOOI4","2019-09-06 01:00",71.222,97.1,0,0,0,0,-0.00145669291338583,75.3079999999999,65.4079999999999,64.2739999999999,62.69,30,14.3,21.2
"BOOI4","2019-09-06 02:00",67.19,90.8,0,0,6.1359267,344.8,-0.000236220472440945,74.696,65.4439999999999,64.2739999999999,62.69,30,14.3,21.2
"BOOI4","2019-09-06 03:00",64.2199999999999,91.2,0,0,7.818105,349.6,0,73.8859999999999,65.4619999999999,64.2739999999999,62.69,30,14.3,21.2
"BOOI4","2019-09-06 04:00",62.564,93.8,0,0,8.017193,349.2,-3.93700787401575e-05,73.0399999999999,65.48,64.2739999999999,62.69,30,14.3,21.2
"BOOI4","2019-09-06 05:00",61.448,95.5,0,0,8.601034,348,-0.00015748031496063,72.23,65.498,64.2919999999999,62.69,30,14.3,21.2
"BOOI4","2019-09-06 06:00",61.79,97,5104.5456,0,7.6973104,346.5,-0.00031496062992126,71.5279999999999,65.498,64.2919999999999,62.69,30,14.3,21.2
"BOOI4","2019-09-06 07:00",62.4199999999999,95.2,106145.454,0,7.9925866,1.096,-0.00031496062992126,71.114,65.48,64.3099999999999,62.672,30,14.3,21.2
"BOOI4","2019-09-06 08:00",63.6619999999999,92.9,422272.74,0,7.8583703,0.484,0.00094488188976378,70.9519999999999,65.4439999999999,64.3099999999999,62.69,30,14.3,21.2
"BOOI4","2019-09-06 09:00",66.3259999999999,87.3,1524000,0,9.249747,6.263,0.00362204724409449,71.2039999999999,65.4079999999999,64.3279999999999,62.672,30,14.3,21.2
"BOOI4","2019-09-06 10:00",69.1519999999999,79.74,2150636.5,0,10.793235,7.123,0.0107086614173228,71.9779999999999,65.3539999999999,64.3279999999999,62.69,30,14.3,21.2
"BOOI4","2019-09-06 11:00",72.0679999999999,73.06,2633545.4,0,9.1915865,2.529,0.0161023622047244,73.5439999999999,65.3179999999999,64.3279999999999,62.672,30,14.3,21.2
"BOOI4","2019-09-06 12:00",74.5699999999999,68.73,2885272.7,0,8.578665,358.1,0.0207086614173228,75.848,65.282,64.346,62.672,29.9,14.3,21.2
"BOOI4","2019-09-06 13:00",76.0999999999999,65.41,2930636.2,0,7.8024464,353.6,0.0242125984251969,78.3859999999999,65.282,64.346,62.672,29.9,14.3,21.2
"BOOI4","2019-09-06 14:00",77.4679999999999,59.19,2765636.2,0,8.406421,1.097,0.0262204724409449,80.78,65.3179999999999,64.346,62.672,29.9,14.3,21.2
"BOOI4","2019-09-06 15:00",78.5659999999999,53.59,2398818.4,0,8.281152,6.752,0.0260236220472441,82.7239999999999,65.39,64.364,62.672,30,14.3,21.1
"BOOI4","2019-09-06 16:00",78.3859999999999,54.3,1879636.4,0,7.495986,3.047,0.023503937007874,83.588,65.48,64.346,62.672,30,14.3,21.1
"BOOI4","2019-09-06 17:00",77.4859999999999,54.68,1233818.1,0,7.5004597,7.898,0.0199606299212599,83.4439999999999,65.5699999999999,64.364,62.6539999999999,30,14.3,21.1
"BOOI4","2019-09-06 18:00",74.4439999999999,56.13,512245.5,0,7.111232,2.359,0.0147244094488189,82.2739999999999,65.6599999999999,64.364,62.672,30,14.3,21.1
"BOOI4","2019-09-06 19:00",69.0079999999999,66.74,66931.816,0,4.916794,9.21,0.0068503937007874,80.6539999999999,65.732,64.364,62.6539999999999,30,14.3,21.1
"BOOI4","2019-09-06 20:00",66.4339999999999,78.11,138.1818,0,0.95741034,350.1,-0.00078740157480315,78.98,65.7859999999999,64.364,62.6539999999999,30,14.3,21.1
"BOOI4","2019-09-06 21:00",65.048,85.7,0,0,1.865608,340.5,-0.000708661417322835,77.4319999999999,65.822,64.364,62.6539999999999,30,14.3,21.1
"BOOI4","2019-09-06 22:00",63.6439999999999,85.5,0,0,1.3936137,344,-0.00106299212598425,76.082,65.84,64.3819999999999,62.672,30,14.3,21.1
"BOOI4","2019-09-06 23:00",63.0499999999999,88.3,0,0,0.6285801,349.1,-0.00141732283464567,74.948,65.84,64.3819999999999,62.672,30,14.3,21.1
"BOOI4","2019-09-07 00:00",61.988,88.7,0,0,1.8410016,342.9,-0.000905511811023622,73.94,65.822,64.3999999999999,62.6539999999999,30,14.3,21.1
"BOOI4","2019-09-07 01:00",61.3039999999999,91.9,0,0,0,0,-0.00181102362204724,73.022,65.8039999999999,64.4179999999999,62.6539999999999,30,14.3,21.1
"BOOI4","2019-09-07 02:00",61.6999999999999,92.5,0,0,0.635291,339.4,-0.00145669291338583,72.23,65.7499999999999,64.4179999999999,62.6539999999999,30,14.3,21.1
"BOOI4","2019-09-07 03:00",62.564,90.2,0,0,0,0,-0.00177165354330709,71.5279999999999,65.696,64.4359999999999,62.6539999999999,30,14.3,21.1
"BOOI4","2019-09-07 04:00",62.0779999999999,90.3,0,0,0,0,-0.00181102362204724,71.114,65.6419999999999,64.4359999999999,62.6539999999999,30,14.4,21.1
"BOOI4","2019-09-07 05:00",60.3499999999999,91.9,0,0,0,0,-0.00181102362204724,70.7899999999999,65.5699999999999,64.4359999999999,62.6539999999999,29.9,14.4,21.1
"BOOI4","2019-09-07 06:00",60.2599999999999,95.4,4567.2727,0,0,0,-0.00177165354330709,70.5019999999999,65.48,64.4539999999999,62.6539999999999,29.9,14.4,21.1
"BOOI4","2019-09-07 07:00",61.664,97.5,140609.09,0,0,0,-0.00173228346456693,70.2679999999999,65.4259999999999,64.4539999999999,62.6539999999999,29.9,14.4,21.1
"BOOI4","2019-09-07 08:00",66.9019999999999,96.7,618009.1,0,0,0,-0.000236220472440945,70.2499999999999,65.3539999999999,64.472,62.6539999999999,29.9,14.4,21.1
"BOOI4","2019-09-07 09:00",70.0519999999999,83.8,1424909,0,0,0,0.00334645669291339,70.6279999999999,65.282,64.4539999999999,62.6539999999999,29.9,14.3,21.1
"BOOI4","2019-09-07 10:00",74.1739999999999,76.51,2083000,0,5.3239174,176.5,0.0101181102362205,71.798,65.2279999999999,64.4539999999999,62.6539999999999,29.9,14.3,21.1
"BOOI4","2019-09-07 11:00",76.2259999999999,69.44,2393272.7,0,3.579104,222.6,0.0163779527559055,73.814,65.1739999999999,64.4539999999999,62.6539999999999,29.9,14.3,21.1
"BOOI4","2019-09-07 12:00",77.864,65,2358091,0,1.7313915,239.3,0.0190944881889764,76.3699999999999,65.156,64.4539999999999,62.6539999999999,29.9,14.3,21.1
"BOOI4","2019-09-07 13:00",75.056,60.93,1161727.3,0,1.6061229,262,0.0195669291338583,78.2419999999999,65.1919999999999,64.4539999999999,62.6539999999999,29.9,14.3,21.1
"BOOI4","2019-09-07 14:00",71.78,63.28,442454.53,0,0.3959384,307.7,0.00996062992125984,78.206,65.2279999999999,64.4359999999999,62.6539999999999,29.9,14.3,21.1
"BOOI4","2019-09-07 15:00",69.1519999999999,78.47,308127.26,0,1.3712442,132.6,0.00480314960629921,77.522,65.3179999999999,64.4359999999999,62.6539999999999,29.9,14.3,21.1
"BOOI4","2019-09-07 16:00",65.264,94.1,104463.64,0.030000001,0.7493749,265.9,0.0028740157480315,76.4599999999999,65.4079999999999,64.4359999999999,62.6539999999999,29.9,14.3,21.1
"BOOI4","2019-09-07 17:00",65.0659999999999,96.4,98800,0.11,3.0959249,171.6,0.00118110236220473,75.272,65.498,64.4359999999999,62.6359999999999,29.9,14.3,21.1
"BOOI4","2019-09-07 18:00",65.03,98.5,86729.095,0.020000001,3.3106713,71.44,0.000905511811023622,74.3179999999999,65.5699999999999,64.4179999999999,62.6539999999999,29.9,14.3,21.1
"BOOI4","2019-09-07 19:00",64.7779999999999,97.6,7296.3634,0.010000001,1.9998244,61.22,0.000748031496062992,73.49,65.624,64.4179999999999,62.6539999999999,29.9,14.3,21.1
"BOOI4","2019-09-07 20:00",63.3919999999999,100,10.000001,0.040000003,3.8095088,43.48,0.00015748031496063,72.68,65.6599999999999,64.4179999999999,62.6539999999999,29.9,14.3,21.1
"BOOI4","2019-09-07 21:00",62.7619999999999,99,0,0,5.6840644,63.34,7.8740157480315e-05,71.888,65.6779999999999,64.4179999999999,62.6539999999999,29.9,14.3,21.1
"BOOI4","2019-09-07 22:00",63.1939999999999,100,0,0,5.959208,59.24,0,71.2039999999999,65.696,64.4179999999999,62.6359999999999,29.9,14.3,21.1
"BOOI4","2019-09-07 23:00",62.888,99.6,0,0,6.9949117,86.9,3.93700787401575e-05,70.7179999999999,65.6779999999999,64.4359999999999,62.6539999999999,29.9,14.3,21.1
"BOOI4","2019-09-08 00:00",62.6359999999999,99.9,0,0,6.3954115,90.3,3.93700787401575e-05,70.2679999999999,65.6599999999999,64.4359999999999,62.6539999999999,29.9,14.3,21.1
"BOOI4","2019-09-08 01:00",62.6539999999999,99.6,0,0,7.6279655,84.6,3.93700787401575e-05,69.8539999999999,65.6419999999999,64.4359999999999,62.6539999999999,29.9,14.3,21.1
"BOOI4","2019-09-08 02:00",62.4199999999999,99.9,0,0,7.7733665,101.6,3.93700787401575e-05,69.5119999999999,65.606,64.4359999999999,62.6359999999999,29.9,14.3,21.1
"BOOI4","2019-09-08 03:00",62.0599999999999,99.8,0,0.05,5.9636817,97.6,3.93700787401575e-05,69.1519999999999,65.5519999999999,64.4539999999999,62.6539999999999,29.9,14.3,21.1
"BOOI4","2019-09-08 04:00",61.7179999999999,100,0,0.010000001,7.0978107,94.5,0,68.7919999999999,65.5159999999999,64.4539999999999,62.6539999999999,29.9,14.3,21.1
"BOOI4","2019-09-08 05:00",61.0699999999999,98.9,0,0,6.643712,85.4,3.93700787401575e-05,68.4499999999999,65.4619999999999,64.4539999999999,62.6539999999999,29.9,14.3,21.1
"BOOI4","2019-09-08 06:00",60.5839999999999,99.8,2371.8183,0,5.2500978,83.9,7.8740157480315e-05,68.0179999999999,65.39,64.4539999999999,62.6539999999999,30,14.3,21.1
"BOOI4","2019-09-08 07:00",61.2319999999999,100,63851.818,0,6.697398,72.17,0,67.7119999999999,65.3359999999999,64.4539999999999,62.6539999999999,30,14.3,21.1
"BOOI4","2019-09-08 08:00",62.2939999999999,99.9,311154.54,0,7.3572955,90.2,0.000196850393700787,67.64,65.282,64.4539999999999,62.6539999999999,30,14.3,21.1
"BOOI4","2019-09-08 09:00",63.14,98.3,512181.8,0,7.7286277,100.7,0.00169291338582677,68.0359999999999,65.2099999999999,64.4539999999999,62.6539999999999,30,14.3,21
"BOOI4","2019-09-08 10:00",64.1119999999999,95.2,541818.2,0,7.9992976,121.5,0.00338582677165354,68.5579999999999,65.156,64.4539999999999,62.6539999999999,30,14.3,21
"BOOI4","2019-09-08 11:00",65.39,93.6,800818.2,0,7.717443,133.5,0.00421259842519685,68.99,65.0839999999999,64.4539999999999,62.6539999999999,30,14.3,21
"BOOI4","2019-09-08 12:00",66.2179999999999,89.4,1056636.4,0,8.218517,136.7,0.00610236220472441,69.98,65.048,64.4539999999999,62.6359999999999,30,14.3,21.1
"BOOI4","2019-09-08 13:00",67.8919999999999,89,1281636.4,0,7.77784,136.4,0.00807086614173229,71.096,64.9939999999999,64.4179999999999,62.6539999999999,30,14.3,21
"BOOI4","2019-09-08 14:00",68.198,87.4,781454.5,0,6.7756915,127.9,0.00988188976377953,72.0499999999999,64.9759999999999,64.4179999999999,62.6539999999999,30,14.3,21
"BOOI4","2019-09-08 15:00",68.0179999999999,86.3,562000,0,5.6460366,117,0.00700787401574803,72.3919999999999,64.9579999999999,64.4179999999999,62.6539999999999,30,14.3,21.1
"BOOI4","2019-09-08 16:00",68.1079999999999,86.6,460727.3,0,4.954822,124.5,0.00555118110236221,72.3019999999999,64.9759999999999,64.3999999999999,62.6539999999999,30,14.3,21.1
"BOOI4","2019-09-08 17:00",66.3259999999999,88.2,185872.74,0,6.0934243,100.2,0.00492125984251969,71.8519999999999,64.9939999999999,64.3999999999999,62.6539999999999,30,14.3,21.1
"BOOI4","2019-09-08 18:00",65.9119999999999,94.2,166154.54,0.020000001,4.8273163,94.9,0.00232283464566929,71.2759999999999,65.0119999999999,64.3999999999999,62.6359999999999,30.1,14.3,21.1
"BOOI4","2019-09-08 19:00",65.39,95.1,14044.546,0,7.451247,99.3,0.00188976377952756,70.664,65.03,64.3819999999999,62.6359999999999,30.1,14.3,21.1
"BOOI4","2019-09-08 20:00",64.8859999999999,96.9,0,0,3.802798,136.7,0.000433070866141732,70.124,65.0659999999999,64.364,62.6539999999999,30.1,14.3,21.1
"BOOI4","2019-09-08 21:00",64.6339999999999,98.5,0,0,4.5320406,115.9,0.000118110236220472,69.7099999999999,65.0659999999999,64.364,62.6539999999999,30.1,14.3,21.1
"BOOI4","2019-09-08 22:00",64.2919999999999,99.3,0,0,5.093512,95.8,7.8740157480315e-05,69.314,65.0659999999999,64.346,62.6539999999999,30.1,14.3,21.1
"BOOI4","2019-09-08 23:00",64.346,99.8,0,0,6.912144,93.1,0,68.9539999999999,65.0659999999999,64.346,62.6359999999999,30.1,14.3,21.1
"BOOI4","2019-09-09 00:00",64.49,99.9,0,0,5.7914376,105.6,3.93700787401575e-05,68.6839999999999,65.0659999999999,64.3279999999999,62.6359999999999,30.1,14.3,21.1
"BOOI4","2019-09-09 01:00",64.5259999999999,100,0,0,6.961357,104.5,0,68.4679999999999,65.048,64.3279999999999,62.6539999999999,30.1,14.3,21.1
"BOOI4","2019-09-09 02:00",64.4539999999999,100,0,0,8.108908,116.9,0,68.306,65.03,64.3279999999999,62.6359999999999,30.1,14.3,21.1
"BOOI4","2019-09-09 03:00",64.346,100,0,0,7.988113,118.6,0,68.1619999999999,65.0119999999999,64.3099999999999,62.6539999999999,30.1,14.3,21.1
"BOOI4","2019-09-09 04:00",64.5079999999999,100,0,0,7.9389,116,0,68.0359999999999,64.9939999999999,64.3099999999999,62.6359999999999,30.1,14.3,21.1
"BOOI4","2019-09-09 05:00",64.7419999999999,100,0,0,7.2365007,114.8,0,67.3159999999999,64.9759999999999,64.3099999999999,62.6539999999999,30.1,14.3,21.1
"BOOI4","2019-09-09 06:00",66.1999999999999,100,1531.8182,0.31,8.006008,115.5,0,67.5859999999999,64.9579999999999,64.3099999999999,62.6359999999999,31.1,14.5,21.1
"BOOI4","2019-09-09 07:00",65.048,99.4,49756.37,0.010000001,9.453308,140.7,3.93700787401575e-05,67.5859999999999,64.94,64.3099999999999,62.6539999999999,31.2,14.5,21.2
"BOOI4","2019-09-09 08:00",65.498,100,138427.26,0,9.65687,127.1,0.00031496062992126,67.6579999999999,64.922,64.2919999999999,62.6359999999999,31.3,14.7,21.3
"BOOI4","2019-09-09 09:00",66.0739999999999,100,314463.65,0,8.594323,129.2,0.000866141732283465,67.9099999999999,64.9039999999999,64.2919999999999,62.6539999999999,31.3,14.7,21.3
"BOOI4","2019-09-09 10:00",66.6499999999999,100,488636.35,0,8.583138,130.7,0.00196850393700787,68.3779999999999,64.8859999999999,64.2919999999999,62.6539999999999,31.3,14.8,21.3
"BOOI4","2019-09-09 11:00",68.1079999999999,100,584181.8,0,9.390674,130.7,0.00303149606299213,69.0619999999999,64.8679999999999,64.2739999999999,62.6359999999999,31.4,14.9,21.3
"BOOI4","2019-09-09 12:00",70.4839999999999,100,994636.4,0,7.836001,139.6,0.00381889763779528,69.9619999999999,64.8859999999999,64.2739999999999,62.6539999999999,31.4,14.9,21.3
"BOOI4","2019-09-09 13:00",72.014,98.8,1067000,0,8.849335,136.4,0.0062992125984252,71.222,64.8859999999999,64.256,62.6539999999999,31.4,14.9,21.3
"BOOI4","2019-09-09 14:00",75.8119999999999,96.4,1375636.4,0,10.641124,136.4,0.00712598425196851,72.5179999999999,64.9039999999999,64.256,62.6539999999999,31.4,14.9,21.3
"BOOI4","2019-09-09 15:00",76.7659999999999,91.6,879000,0,9.609894,140.7,0.00992125984251969,73.598,64.9579999999999,64.238,62.6359999999999,31.5,15,21.3
"BOOI4","2019-09-09 16:00",77.8819999999999,93.7,699154.54,0.020000001,10.173603,140.1,0.00669291338582677,74.5339999999999,65.03,64.238,62.6539999999999,31.5,15,21.3
"BOOI4","2019-09-09 17:00",69.2239999999999,94.4,25568.182,0,9.200534,134.6,0.00633858267716536,73.94,65.1019999999999,64.238,62.6359999999999,31.5,15,21.3
"BOOI4","2019-09-09 18:00",69.5839999999999,96.7,43099.094,0.19000001,8.424316,181.3,0.000748031496062992,72.7699999999999,65.2099999999999,64.238,62.6359999999999,31.7,15,21.2
"BOOI4","2019-09-09 19:00",69.9259999999999,94.3,33896.362,0.040000003,7.954559,213,0.00118110236220473,71.8159999999999,65.3359999999999,64.2199999999999,62.6359999999999,31.8,15,21.2
"BOOI4","2019-09-09 20:00",69.746,93.4,66.36363,0.020000001,6.25001,220.9,0.00047244094488189,71.1499999999999,65.4439999999999,64.2199999999999,62.6359999999999,31.9,15.1,21.2
"BOOI4","2019-09-09 21:00",69.656,93.7,0,0,5.3999734,201.1,0.000433070866141732,70.5919999999999,65.5339999999999,64.2199999999999,62.6359999999999,32,15.1,21.2
"BOOI4","2019-09-09 22:00",69.6199999999999,92.2,0,0,4.165182,195.9,0.000354330708661417,70.1779999999999,65.606,64.2199999999999,62.6359999999999,32,15.1,21.2
"BOOI4","2019-09-09 23:00",69.4579999999999,93.9,0,0,5.7981486,178.1,0.00062992125984252,69.8539999999999,65.6599999999999,64.2199999999999,62.6359999999999,32.1,15.1,21.2
"BOOI4","2019-09-10 00:00",70.2859999999999,95.8,0,0,3.8833277,176.8,0.000354330708661417,69.6199999999999,65.696,64.238,62.6359999999999,32.1,15.1,21.2
"BOOI4","2019-09-10 01:00",71.8159999999999,95,0,0,4.030966,189.3,0.000275590551181102,69.4039999999999,65.732,64.256,62.6359999999999,32.1,15.1,21.2
"BOOI4","2019-09-10 02:00",70.7899999999999,93.6,0,0,4.7423124,195,0.000354330708661417,69.3859999999999,65.7499999999999,64.256,62.6179999999999,32.1,15.1,21.2
"BOOI4","2019-09-10 03:00",70.322,98,0,0.060000002,4.4134827,227.5,0.00031496062992126,69.4579999999999,65.7679999999999,64.2739999999999,62.6359999999999,32.2,15.1,21.2
"BOOI4","2019-09-10 04:00",70.124,99.7,0,0.040000003,0.48988986,223.9,3.93700787401575e-05,69.4939999999999,65.7679999999999,64.2919999999999,62.6359999999999,32.5,15.1,21.2
"BOOI4","2019-09-10 05:00",67.19,100,0,0.040000003,0.59278905,194.7,0,69.4039999999999,65.7859999999999,64.2919999999999,62.6359999999999,32.8,15.1,21.2
"BOOI4","2019-09-10 06:00",66.056,96.6,266.36365,0.030000001,5.319443,241.5,0.000196850393700787,69.0259999999999,65.8039999999999,64.3099999999999,62.6179999999999,33.3,15.1,21.2
"BOOI4","2019-09-10 07:00",65.588,99.9,6968.181,0.060000002,7.768893,194.9,0.000118110236220472,68.5939999999999,65.8039999999999,64.3279999999999,62.6179999999999,33.7,15.1,21.2
"BOOI4","2019-09-10 08:00",65.8039999999999,99.3,93315.46,0,7.417693,197.2,0.000196850393700787,68.2339999999999,65.8039999999999,64.3279999999999,62.6179999999999,33.8,15.1,21.2
"BOOI4","2019-09-10 09:00",68.2519999999999,99.5,461090.9,0.010000001,5.536426,189.3,0.00078740157480315,68.3239999999999,65.8039999999999,64.346,62.6179999999999,33.8,15.2,21.2
"BOOI4","2019-09-10 10:00",69.2779999999999,96.4,357454.53,0,1.5144083,199.9,0.00350393700787402,68.6659999999999,65.8039999999999,64.364,62.6179999999999,33.7,15.2,21.2
"BOOI4","2019-09-10 11:00",73.7239999999999,95.6,952727.3,0,1.6463878,201.8,0.00295275590551181,69.2779999999999,65.7859999999999,64.364,62.6179999999999,33.8,15.3,21.1
"BOOI4","2019-09-10 12:00",81.5539999999999,91.2,2727909.2,0,3.1093466,219.7,0.0075984251968504,71.5279999999999,65.7859999999999,64.3819999999999,62.6179999999999,33.8,15.3,21.1
"BOOI4","2019-09-10 13:00",83.0839999999999,74.86,2683909.2,0,5.5766916,235.5,0.022244094488189,74.624,65.7859999999999,64.3999999999999,62.6179999999999,33.8,15.3,21.1
"BOOI4","2019-09-10 14:00",83.0119999999999,74.28,2149454.6,0,7.023992,217.3,0.0240157480314961,76.8919999999999,65.8039999999999,64.3999999999999,62.6179999999999,33.8,15.3,21.1
"BOOI4","2019-09-10 15:00",84.5599999999999,74.15,1567909.2,0,5.746699,215.8,0.0202755905511811,77.972,65.8759999999999,64.3999999999999,62.6179999999999,33.7,15.4,21.1
"BOOI4","2019-09-10 16:00",83.624,71.64,1650909,0,3.798324,207.7,0.015,78.8359999999999,65.948,64.3999999999999,62.5999999999999,33.7,15.4,21.1
"BOOI4","2019-09-10 17:00",80.8159999999999,74.43,829454.5,0,6.6101575,185.6,0.0164173228346457,78.872,66.056,64.4179999999999,62.5999999999999,33.6,15.4,21.1
"BOOI4","2019-09-10 18:00",80.1499999999999,79.17,556881.84,0,8.061932,180.8,0.0100787401574803,78.08,66.164,64.4359999999999,62.5999999999999,33.6,15.5,21.1
"BOOI4","2019-09-10 19:00",77.1439999999999,83.9,40710.907,0,4.3083463,165.1,0.00511811023622047,77.2339999999999,66.2899999999999,64.4359999999999,62.6179999999999,33.6,15.5,21.1
"BOOI4","2019-09-10 20:00",75.3439999999999,90.4,0,0,0.18342909,113.9,-0.00094488188976378,76.2619999999999,66.4159999999999,64.4539999999999,62.5999999999999,33.6,15.5,21.1
"BOOI4","2019-09-10 21:00",74.4439999999999,94,0,0,2.791701,120.1,-0.000275590551181102,75.2899999999999,66.5419999999999,64.4539999999999,62.5999999999999,33.6,15.5,21.1
"BOOI4","2019-09-10 22:00",73.832,95.5,0,0,3.8631954,141.8,-0.000196850393700787,74.4259999999999,66.6499999999999,64.472,62.5999999999999,33.6,15.5,21.1
"BOOI4","2019-09-10 23:00",72.374,95.8,0,0,0.34896263,138.4,-0.000905511811023622,73.706,66.722,64.49,62.5999999999999,33.6,15.5,21.1
"BOOI4","2019-09-11 00:00",71.996,98.1,0,0,3.3509362,124.4,-0.000393700787401575,73.1119999999999,66.8119999999999,64.5079999999999,62.6179999999999,33.6,15.5,21.1
"BOOI4","2019-09-11 01:00",73.3279999999999,98.7,0,0,5.1158814,147.7,-0.000393700787401575,72.6619999999999,66.848,64.5439999999999,62.5999999999999,33.6,15.5,21.1
"BOOI4","2019-09-11 02:00",73.5439999999999,97.8,0,0,6.317118,172.1,-0.000354330708661417,72.4099999999999,66.9019999999999,64.5619999999999,62.5999999999999,33.6,15.5,21.1
"BOOI4","2019-09-11 03:00",73.5439999999999,97.5,0,0,8.616693,187.4,-7.8740157480315e-05,72.2839999999999,66.938,64.58,62.5999999999999,33.5,15.5,21.1
"BOOI4","2019-09-11 04:00",73.3279999999999,97,0,0,7.686126,185.8,-0.00015748031496063,72.1579999999999,66.956,64.598,62.5999999999999,33.5,15.5,21.1
"BOOI4","2019-09-11 05:00",72.1759999999999,96.1,0,0,6.086714,193.6,-0.00015748031496063,71.9599999999999,66.9739999999999,64.6339999999999,62.6179999999999,33.5,15.5,21.1
"BOOI4","2019-09-11 06:00",71.6179999999999,97.9,573.63635,0,3.5813408,217.6,-0.000433070866141732,71.78,66.9919999999999,64.6519999999999,62.5999999999999,33.5,15.5,21.1
"BOOI4","2019-09-11 07:00",68.1439999999999,92.9,5169.0907,0,2.6373522,320.1,-0.00047244094488189,71.546,67.0099999999999,64.688,62.5999999999999,33.5,15.5,21.1
"BOOI4","2019-09-11 08:00",66.6319999999999,95.4,23268.183,0.020000001,4.5298038,7.815,0.000905511811023622,71.0779999999999,67.0099999999999,64.706,62.5999999999999,33.5,15.5,21.1
"BOOI4","2019-09-11 09:00",67.0279999999999,99.9,143663.64,0.24000001,4.572305,16.19,0.000433070866141732,70.3759999999999,67.064,64.7419999999999,62.6179999999999,35.5,15.6,21.1
"BOOI4","2019-09-11 10:00",68.1619999999999,100,335754.55,0.14,5.180753,85.6,0.00102362204724409,70.3579999999999,67.082,64.7779999999999,62.6179999999999,36.8,15.8,21.2
"BOOI4","2019-09-11 11:00",72.014,100,1250545.5,0.11,7.8091574,149.6,0.00220472440944882,71.0779999999999,67.082,64.814,62.6179999999999,36.5,16.1,21.2
"BOOI4","2019-09-11 12:00",77.7739999999999,94.5,2375000,0,8.911969,144.2,0.00811023622047244,73.13,67.064,64.8499999999999,62.6179999999999,36.2,16.5,21.2
"BOOI4","2019-09-11 13:00",81.014,85.9,2776545.4,0,13.757181,158.5,0.0168110236220472,75.38,67.046,64.8679999999999,62.6179999999999,36,16.8,21.3
"BOOI4","2019-09-11 14:00",84.6319999999999,80.4,2578636.5,0,14.757093,178.2,0.0217322834645669,77.288,67.064,64.9039999999999,62.6179999999999,35.8,17.1,21.3
"BOOI4","2019-09-11 15:00",85.64,75.06,1950090.8,0,10.972191,195.6,0.0231496062992126,78.4939999999999,67.082,64.922,62.6179999999999,35.7,17.3,21.3
"BOOI4","2019-09-11 16:00",84.74,73.3,1324727.3,0,10.039387,200,0.0203937007874016,79.1419999999999,67.1359999999999,64.94,62.6179999999999,35.6,17.4,21.3
"BOOI4","2019-09-11 17:00",84.506,73.3,669363.65,0,6.256721,210.1,0.0142913385826772,79.124,67.2259999999999,64.9579999999999,62.6179999999999,35.5,17.5,21.3
"BOOI4","2019-09-11 18:00",84.038,74.19,415163.64,0,2.4091845,217.3,0.00681102362204724,78.8179999999999,67.298,64.9759999999999,62.6179999999999,35.5,17.6,21.3
"BOOI4","2019-09-11 19:00",80.4739999999999,78.68,26902.727,0,0.1230317,191.3,0.00240157480314961,78.206,67.406,64.9939999999999,62.6359999999999,35.4,17.6,21.3
"BOOI4","2019-09-11 20:00",77.0359999999999,86.2,0,0,0.7225317,149.6,-0.000196850393700787,77.306,67.496,65.0119999999999,62.6359999999999,35.4,17.6,21.3
"BOOI4","2019-09-11 21:00",73.3099999999999,93.8,0,0,1.0133338,69.88,-0.000393700787401575,76.4239999999999,67.6039999999999,65.03,62.6359999999999,35.4,17.6,21.3
"BOOI4","2019-09-11 22:00",71.8159999999999,98.8,0,0,1.1453134,42.86,-0.000511811023622047,75.488,67.6759999999999,65.048,62.6359999999999,35.3,17.7,21.3
"BOOI4","2019-09-11 23:00",73.0039999999999,100,0,0,1.9550856,64.12,-0.000511811023622047,74.606,67.7659999999999,65.0659999999999,62.6359999999999,35.3,17.7,21.3
"BOOI4","2019-09-12 00:00",73.0939999999999,97.2,0,0,2.2883897,96.5,-0.00047244094488189,73.8859999999999,67.8019999999999,65.0839999999999,62.6539999999999,35.2,17.7,21.2
"BOOI4","2019-09-12 01:00",71.4199999999999,95.1,0,0,3.2525108,139.9,-0.000196850393700787,73.2919999999999,67.838,65.1019999999999,62.6539999999999,35.2,17.7,21.2
"BOOI4","2019-09-12 02:00",70.3579999999999,97.7,0,0,2.6932757,175.4,-0.00031496062992126,72.7519999999999,67.874,65.138,62.6539999999999,35.2,17.7,21.2
"BOOI4","2019-09-12 03:00",70.8259999999999,99.1,0,0,3.1429007,167.2,-0.000393700787401575,72.2659999999999,67.8919999999999,65.156,62.6539999999999,35.2,17.7,21.2
"BOOI4","2019-09-12 04:00",71.8339999999999,98,0,0,4.3844023,160.6,-0.000275590551181102,71.8699999999999,67.8919999999999,65.1919999999999,62.672,35.1,17.7,21.2
"BOOI4","2019-09-12 05:00",71.906,96,0,0,6.138163,162.3,-7.8740157480315e-05,71.5999999999999,67.874,65.2099999999999,62.6539999999999,35.1,17.7,21.2
"BOOI4","2019-09-12 06:00",72.0679999999999,95.6,2233.6364,0,7.0754414,164.5,3.93700787401575e-05,71.438,67.874,65.246,62.6539999999999,35.1,17.7,21.2
"BOOI4","2019-09-12 07:00",72.14,95.2,76085.45,0,8.368392,156.4,0.000118110236220472,71.33,67.856,65.264,62.672,35.1,17.7,21.2
"BOOI4","2019-09-12 08:00",74.048,96,448718.2,0.1,7.4355884,170.7,0.00062992125984252,71.5099999999999,67.838,65.2999999999999,62.672,35.3,17.8,21.2
"BOOI4","2019-09-12 09:00",76.28,91.1,1014090.94,0,7.196236,168.7,0.00330708661417323,72.23,67.8199999999999,65.3179999999999,62.672,35.3,17.8,21.2
"BOOI4","2019-09-12 10:00",79.2859999999999,88.5,1659091,0,10.406245,167.8,0.00834645669291339,73.364,67.8019999999999,65.3359999999999,62.69,35.2,17.7,21.2
"BOOI4","2019-09-12 11:00",82.49,83.6,2236727,0,10.620992,174.5,0.0135826771653543,75.164,67.8019999999999,65.372,62.672,35.2,17.7,21.2
"BOOI4","2019-09-12 12:00",81.6079999999999,77.57,1351727.2,0,11.658931,187.4,0.0199606299212599,76.532,67.8019999999999,65.39,62.69,35.2,17.8,21.2
"BOOI4","2019-09-12 13:00",80.9419999999999,77.27,569636.35,0,8.500372,206.8,0.0148818897637795,76.6039999999999,67.856,65.4079999999999,62.69,35.2,17.8,21.2
"BOOI4","2019-09-12 14:00",79.9339999999999,79.07,673818.2,0,6.932277,218.4,0.00830708661417323,76.514,67.9279999999999,65.4079999999999,62.7079999999999,35.2,17.8,21.2
"BOOI4","2019-09-12 15:00",81.482,82,1487636.4,0,7.28124,222.2,0.00866141732283465,76.6579999999999,67.9999999999999,65.4439999999999,62.7079999999999,35.2,17.8,21.2
"BOOI4","2019-09-12 16:00",74.2279999999999,79.89,155941.82,0,9.1379,222.2,0.0144881889763779,76.7659999999999,68.1079999999999,65.4619999999999,62.7079999999999,35.2,17.8,21.2
"BOOI4","2019-09-12 17:00",69.89,97.4,83860.91,0.29000002,9.014869,224.9,0.00433070866141732,75.4699999999999,68.2519999999999,65.48,62.7259999999999,35.4,17.9,21.2
"BOOI4","2019-09-12 18:00",72.8779999999999,100,451181.82,0.080000006,6.267906,226.5,0.000669291338582677,74.7499999999999,68.3599999999999,65.5159999999999,62.7079999999999,35.6,18.1,21.3
"BOOI4","2019-09-12 19:00",70.322,97.5,81243.64,0,5.4983983,228.1,0.00200787401574803,74.246,68.4499999999999,65.5339999999999,62.7259999999999,35.6,18.2,21.3
"BOOI4","2019-09-12 20:00",67.3159999999999,93.3,0,0,6.668318,247.4,0.000551181102362205,73.1659999999999,68.5039999999999,65.5519999999999,62.7439999999999,35.6,18.2,21.3
"BOOI4","2019-09-12 21:00",63.698,87.3,0,0,7.0642567,255.7,0.000826771653543307,71.8699999999999,68.5579999999999,65.588,62.7439999999999,35.5,18.3,21.3
"BOOI4","2019-09-12 22:00",63.6079999999999,95.1,0,0,1.8879774,251,0.000354330708661417,70.8439999999999,68.5759999999999,65.606,62.7439999999999,35.6,18.3,21.3
"BOOI4","2019-09-12 23:00",62.348,95,0,0,0.23487869,164.6,3.93700787401575e-05,69.9439999999999,68.5939999999999,65.6419999999999,62.7619999999999,35.5,18.4,21.3
"BOOI4","2019-09-13 00:00",60.53,96.1,0,0,0.4250186,232.8,3.93700787401575e-05,69.08,68.5759999999999,65.6599999999999,62.7619999999999,35.5,18.3,21.3
"BOOI4","2019-09-13 01:00",58.4599999999999,95.7,0,0,2.541164,249,0.000196850393700787,68.18,68.5399999999999,65.696,62.78,35.4,18.3,21.3
"BOOI4","2019-09-13 02:00",57.9019999999999,96.7,0,0,0.6218693,230.4,7.8740157480315e-05,67.3159999999999,68.4679999999999,65.714,62.78,35.4,18.3,21.3
"BOOI4","2019-09-13 03:00",57.2539999999999,95.6,0,0,0.69121444,230.4,7.8740157480315e-05,66.506,68.396,65.732,62.78,35.4,18.3,21.3
"BOOI4","2019-09-13 04:00",56.5339999999999,97.5,0,0,3.9124079,253.4,0.00015748031496063,65.7499999999999,68.306,65.7679999999999,62.798,35.4,18.3,21.3
"BOOI4","2019-09-13 05:00",56.93,99.3,0,0,3.3464622,260.4,7.8740157480315e-05,65.156,68.198,65.7859999999999,62.798,35.3,18.3,21.3
"BOOI4","2019-09-13 06:00",56.3179999999999,99.1,4152.7276,0,2.5120838,245.4,3.93700787401575e-05,64.6699999999999,68.072,65.8039999999999,62.798,35.3,18.3,21.3
"BOOI4","2019-09-13 07:00",57.182,98.7,101954.544,0,3.4605463,255.7,3.93700787401575e-05,64.2199999999999,67.946,65.8039999999999,62.798,35.3,18.3,21.3
"BOOI4","2019-09-13 08:00",57.9919999999999,94.8,324072.72,0,6.789113,261.6,-3.93700787401575e-05,64.1839999999999,67.8199999999999,65.822,62.816,35.2,18.3,21.3
"BOOI4","2019-09-13 09:00",60.1519999999999,91.5,861636.35,0,7.133601,274.1,0.00263779527559055,64.5439999999999,67.6759999999999,65.84,62.816,35.2,18.3,21.3
"BOOI4","2019-09-13 10:00",62.2939999999999,78.67,1709909,0,7.3707175,269.7,0.00578740157480315,65.3179999999999,67.5499999999999,65.8579999999999,62.8339999999999,35.2,18.3,21.3
"BOOI4","2019-09-13 11:00",64.148,76.3,2461091,0,10.034913,278.2,0.012007874015748,66.848,67.4239999999999,65.8579999999999,62.8339999999999,35.1,18.2,21.3
"BOOI4","2019-09-13 12:00",66.3259999999999,72.73,2804636.5,0,11.350233,280.1,0.0174409448818898,68.6839999999999,67.298,65.8579999999999,62.8519999999999,35.1,18.2,21.3
"BOOI4","2019-09-13 13:00",67.7839999999999,68,2821909.2,0,12.743847,280.1,0.0210236220472441,70.34,67.2079999999999,65.8579999999999,62.8519999999999,35.1,18.2,21.3
"BOOI4","2019-09-13 14:00",69.9259999999999,66.04,2667818.4,0,12.195797,281.6,0.0221653543307087,71.888,67.1539999999999,65.84,62.8519999999999,35.1,18.2,21.3
"BOOI4","2019-09-13 15:00",70.9699999999999,61.57,2315454.6,0,10.126627,281.9,0.0219685039370079,73.0759999999999,67.0999999999999,65.84,62.8699999999999,35,18.2,21.3
"BOOI4","2019-09-13 16:00",71.222,60.47,1742818.2,0,8.046273,269.7,0.0198425196850394,73.796,67.046,65.822,62.8699999999999,35,18.2,21.3
"BOOI4","2019-09-13 17:00",71.1499999999999,58.07,1146909,0,8.023904,274.1,0.0166141732283465,73.4539999999999,67.0279999999999,65.8039999999999,62.888,35,18.2,21.3
"BOOI4","2019-09-13 18:00",68.396,58.71,489009.1,0,6.970305,282.3,0.0121653543307087,72.3019999999999,66.9739999999999,65.8039999999999,62.888,35,18.2,21.3
"BOOI4","2019-09-13 19:00",62.6539999999999,69.81,50840.908,0,3.650686,279.5,0.00440944881889764,70.6819999999999,66.9199999999999,65.7859999999999,62.888,35,18.2,21.3
"BOOI4","2019-09-13 20:00",61.124,81.9,0,0,0.01342164,262.7,-0.00169291338582677,69.1699999999999,66.8659999999999,65.7679999999999,62.906,35,18.2,21.3
"BOOI4","2019-09-13 21:00",58.2619999999999,84.1,0,0,0,0,-0.00192913385826772,67.874,66.8119999999999,65.7679999999999,62.9239999999999,34.9,18.2,21.3
"BOOI4","2019-09-13 22:00",57.8839999999999,92.1,0,0,0.0022369402,202.5,-0.0018503937007874,66.7759999999999,66.74,65.732,62.906,34.9,18.1,21.3
"BOOI4","2019-09-13 23:00",56.4619999999999,92.6,0,0,0.04026492,241.7,-0.00181102362204724,65.84,66.6679999999999,65.732,62.9239999999999,34.9,18.1,21.3
"BOOI4","2019-09-14 00:00",56.39,95.5,0,0,0.3019869,236,-0.00165354330708661,65.0659999999999,66.5779999999999,65.714,62.9239999999999,34.9,18.1,21.3
"BOOI4","2019-09-14 01:00",55.9939999999999,96,0,0,0.32211936,233.1,-0.00165354330708661,64.3999999999999,66.4699999999999,65.696,62.9419999999999,34.8,18.1,21.3
"BOOI4","2019-09-14 02:00",55.7779999999999,97.3,0,0,0,0,-0.00181102362204724,63.8419999999999,66.3619999999999,65.6779999999999,62.9419999999999,34.8,18.1,21.3
"BOOI4","2019-09-14 03:00",55.0939999999999,98,0,0,0,0,-0.00177165354330709,63.374,66.272,65.6599999999999,62.9599999999999,34.8,18.1,21.3
"BOOI4","2019-09-14 04:00",55.49,99,0,0,0,0,-0.00177165354330709,62.9239999999999,66.1279999999999,65.6419999999999,62.9599999999999,34.8,18,21.3
"BOOI4","2019-09-14 05:00",55.2739999999999,99.1,0,0,0,0,-0.00177165354330709,62.5099999999999,66.0199999999999,65.624,62.9599999999999,34.7,18,21.3
"BOOI4","2019-09-14 06:00",55.0579999999999,99.5,10882.727,0,0,0,-0.00177165354330709,62.114,65.8939999999999,65.588,62.9779999999999,34.7,18,21.3
"BOOI4","2019-09-14 07:00",57.1279999999999,99.9,241727.25,0,0.7941137,171.5,-0.00137795275590551,61.8439999999999,65.7679999999999,65.5699999999999,62.9779999999999,34.7,18,21.3
"BOOI4","2019-09-14 08:00",60.098,99.3,459636.38,0,2.386815,166.6,-0.000354330708661417,62.1319999999999,65.6419999999999,65.5339999999999,62.9779999999999,34.7,18,21.3
"BOOI4","2019-09-14 09:00",62.2579999999999,98.5,357981.8,0,4.4537477,170.2,0.0021259842519685,62.7619999999999,65.5159999999999,65.5159999999999,62.9779999999999,34.6,17.9,21.3
"BOOI4","2019-09-14 10:00",62.9239999999999,96.7,240872.73,0,4.357559,174.8,0.00255905511811024,63.338,65.4079999999999,65.48,62.9779999999999,34.6,17.9,21.3
"BOOI4","2019-09-14 11:00",62.33,96.7,63536.36,0,3.505285,188.2,0.00196850393700787,63.68,65.3179999999999,65.4619999999999,62.996,34.6,17.9,21.3
"BOOI4","2019-09-14 12:00",64.7239999999999,97.7,346463.62,0.020000001,0.87016964,175.5,0.000551181102362205,63.8599999999999,65.2279999999999,65.4259999999999,62.996,34.6,17.9,21.3
"BOOI4","2019-09-14 13:00",66.146,94,329390.9,0.05,5.9144692,176.5,0.00267716535433071,64.3999999999999,65.156,65.39,63.014,34.6,17.9,21.3
"BOOI4","2019-09-14 14:00",65.2279999999999,93.6,157772.74,0,8.252071,179.3,0.0034251968503937,64.6339999999999,65.1019999999999,65.3539999999999,63.014,34.6,17.9,21.3
"BOOI4","2019-09-14 15:00",67.0279999999999,93.9,596263.7,0,5.751173,198.3,0.00208661417322835,64.796,65.0659999999999,65.3179999999999,63.014,34.6,17.9,21.3
"BOOI4","2019-09-14 16:00",73.2199999999999,86.5,605818.2,0.010000001,11.632088,196.9,0.00503937007874016,65.4259999999999,65.03,65.282,63.014,34.6,17.9,21.3
"BOOI4","2019-09-14 17:00",69.7099999999999,74.49,258699.98,0,13.45072,181.8,0.01,65.7499999999999,64.9939999999999,65.246,63.014,34.7,17.9,21.3
"BOOI4","2019-09-14 18:00",73.022,87.5,613945.5,0.2,7.8113947,129.5,0.00476377952755906,66.4159999999999,64.9759999999999,65.2099999999999,63.014,35.7,18,21.4
"BOOI4","2019-09-14 19:00",71.0239999999999,85.8,16622.728,0,7.786788,162,0.00586614173228346,66.7579999999999,64.9759999999999,65.1739999999999,63.0319999999999,35.7,18.1,21.4
"BOOI4","2019-09-14 20:00",69.746,89.1,0,0,5.9480233,157.3,0.00078740157480315,66.6859999999999,64.9759999999999,65.138,63.0319999999999,35.6,18.2,21.4
"BOOI4","2019-09-14 21:00",70.6999999999999,93.5,0,0,5.3865514,159.2,0.00047244094488189,66.614,64.9759999999999,65.1019999999999,63.0319999999999,35.6,18.3,21.4
"BOOI4","2019-09-14 22:00",68.5579999999999,92.6,0,0,3.3665948,164.6,0.000236220472440945,66.5239999999999,64.9939999999999,65.0839999999999,63.0319999999999,35.5,18.3,21.4
"BOOI4","2019-09-14 23:00",67.982,96.2,0,0,4.471643,162.1,0.000236220472440945,66.3439999999999,65.0119999999999,65.048,63.0319999999999,35.5,18.4,21.4
"BOOI4","2019-09-15 00:00",66.398,96.9,0,0,3.9258296,155.9,7.8740157480315e-05,66.1099999999999,65.03,65.0119999999999,63.0499999999999,35.4,18.4,21.4
"BOOI4","2019-09-15 01:00",67.3159999999999,99.3,0,0,3.541076,164.9,-3.93700787401575e-05,65.9119999999999,65.048,64.9939999999999,63.0319999999999,35.4,18.4,21.4
"BOOI4","2019-09-15 02:00",68.9359999999999,100,0,0,2.4494493,183.6,-0.000118110236220472,65.84,65.0659999999999,64.9579999999999,63.0319999999999,35.4,18.4,21.4
"BOOI4","2019-09-15 03:00",70.1779999999999,99.9,0,0,2.3711562,214.6,-0.00015748031496063,65.8759999999999,65.0659999999999,64.94,63.0319999999999,35.4,18.4,21.4
"BOOI4","2019-09-15 04:00",69.782,96.3,0,0,3.5567346,242.4,0,65.9659999999999,65.0659999999999,64.922,63.0319999999999,35.3,18.4,21.4
"BOOI4","2019-09-15 05:00",68.4859999999999,98.4,0,0,2.8744678,233.1,0,65.9659999999999,65.048,64.9039999999999,63.0319999999999,35.3,18.4,21.4
"BOOI4","2019-09-15 06:00",67.8019999999999,100,2192.7273,0,1.9282422,218.9,-0.000118110236220472,65.8579999999999,65.048,64.8679999999999,63.0319999999999,35.3,18.4,21.4
"BOOI4","2019-09-15 07:00",69.89,100,215700,0,1.9975874,221.2,-0.00015748031496063,65.7859999999999,65.048,64.8499999999999,63.0319999999999,35.3,18.4,21.4
"BOOI4","2019-09-15 08:00",74.3179999999999,97.1,745000,0,2.7424884,232.2,-0.000196850393700787,66.0919999999999,65.03,64.832,63.0319999999999,35.3,18.4,21.4
"BOOI4","2019-09-15 09:00",76.4419999999999,90.2,1347909,0,3.1764548,243.1,0.0044488188976378,67.0999999999999,65.03,64.814,63.0319999999999,35.3,18.4,21.4
"BOOI4","2019-09-15 10:00",77.1259999999999,86.9,1695454.6,0,4.368744,261.8,0.00992125984251969,69.1159999999999,65.03,64.796,63.0319999999999,35.2,18.4,21.4
"BOOI4","2019-09-15 11:00",78.422,86.3,1908454.6,0,3.6730554,298.8,0.0133070866141732,71.8159999999999,65.048,64.7779999999999,63.0319999999999,35.2,18.4,21.4
"BOOI4","2019-09-15 12:00",80.456,83.6,2419000,0,2.7849903,300.7,0.0154724409448819,74.588,65.1019999999999,64.7779999999999,63.0319999999999,35.2,18.4,21.3
"BOOI4","2019-09-15 13:00",82.2739999999999,84.4,2502818.4,0,3.4851525,304.4,0.0197637795275591,77.5399999999999,65.1919999999999,64.7599999999999,63.0319999999999,35.2,18.4,21.3
"BOOI4","2019-09-15 14:00",84.0019999999999,79.41,2315272.7,0,2.8543355,305.1,0.0209842519685039,79.9699999999999,65.2999999999999,64.7419999999999,63.0319999999999,35.2,18.4,21.3
"BOOI4","2019-09-15 15:00",84.38,75.26,1896818.2,0,3.1473744,291,0.0200787401574803,81.6259999999999,65.4439999999999,64.7239999999999,63.0319999999999,35.3,18.4,21.3
"BOOI4","2019-09-15 16:00",83.948,73.39,1313545.4,0,2.8565722,359.1,0.0170866141732283,82.148,65.588,64.7239999999999,63.0319999999999,35.2,18.4,21.3
"BOOI4","2019-09-15 17:00",83.5519999999999,73.4,740545.5,0,4.062283,7.274,0.0127952755905512,81.6439999999999,65.7499999999999,64.706,63.014,35.2,18.4,21.3
"BOOI4","2019-09-15 18:00",81.0499999999999,73.73,307454.53,0,1.8812666,27.56,0.00677165354330709,80.348,65.9119999999999,64.706,63.014,35.2,18.4,21.3
"BOOI4","2019-09-15 19:00",75.38,80.4,30032.724,0,0.1789552,109.3,0.00161417322834646,78.4039999999999,66.038,64.706,63.014,35.2,18.4,21.3
"BOOI4","2019-09-15 20:00",71.8159999999999,90.9,0,0,0,0,-0.000984251968503937,76.5679999999999,66.164,64.706,63.014,35.2,18.4,21.3
"BOOI4","2019-09-15 21:00",72.032,96.3,0,0,0.06263432,183.6,-0.00118110236220473,74.9839999999999,66.272,64.706,63.014,35.2,18.4,21.3
"BOOI4","2019-09-15 22:00",71.546,97.2,0,0,0,0,-0.00118110236220473,73.688,66.3619999999999,64.706,63.014,35.2,18.4,21.3
"BOOI4","2019-09-15 23:00",68.7019999999999,96.7,0,0,0.9618842,117.3,-0.000866141732283465,72.59,66.4159999999999,64.7239999999999,62.996,35.2,18.4,21.3
