"station","valid","tmpf","relh","solar","precip","speed","drct","et","soil04t","soil12t","soil24t","soil50t","soil12vwc","soil24vwc","soil50vwc"
"BOOI4","2020-05-07 00:00",46.2721999999999,90.4,0,0,5.37313,267.3,0.000393700787401575,51.7819999999999,52.088,50.99,48.506,34.6,19.6,26.4
"BOOI4","2020-05-07 01:00",43.8475999999999,93.7,0,0,6.2186933,261.7,0.000236220472440945,50.864,52.124,50.99,48.506,34.6,19.6,26.4
"BOOI4","2020-05-07 02:00",43.0538,94.8,0,0,6.865169,261.8,0.00015748031496063,50.0539999999999,52.106,50.972,48.5239999999999,34.6,19.6,26.4
"BOOI4","2020-05-07 03:00",44.3443999999999,91,0,0,6.795824,276.6,0.000275590551181102,49.3339999999999,52.106,50.9539999999999,48.5239999999999,34.6,19.6,26.4
"BOOI4","2020-05-07 04:00",43.5002,90.9,0,0,8.021667,279.2,0.000354330708661417,48.74,52.0699999999999,50.9539999999999,48.5239999999999,34.6,19.6,26.4
"BOOI4","2020-05-07 05:00",44.0671999999999,87.3,0,0,7.7532344,282.8,0.00031496062992126,48.1999999999999,52.0339999999999,50.9359999999999,48.5239999999999,34.6,19.6,26.4
"BOOI4","2020-05-07 06:00",43.8529999999999,88.1,2227.2727,0,9.023816,283.4,0.000433070866141732,47.714,51.98,50.9359999999999,48.5239999999999,34.6,19.6,26.4
"BOOI4","2020-05-07 07:00",45.7807999999999,84.6,159190.92,0,8.401947,288.4,0.00078740157480315,47.3179999999999,51.9079999999999,50.9359999999999,48.5419999999999,34.6,19.6,26.4
"BOOI4","2020-05-07 08:00",51.0079999999999,76.76,740363.6,0,6.5408125,291.2,0.00374015748031496,47.264,51.8179999999999,50.9179999999999,48.5419999999999,34.6,19.6,26.4
"BOOI4","2020-05-07 09:00",55.8859999999999,66.32,1296272.7,0,4.661783,315.2,0.00826771653543307,48.164,51.746,50.9179999999999,48.5419999999999,34.5,19.6,26.4
"BOOI4","2020-05-07 10:00",57.7039999999999,57.93,1399909,0,1.344401,346.8,0.00925196850393701,49.9819999999999,51.638,50.8999999999999,48.5419999999999,34.5,19.6,26.4
"BOOI4","2020-05-07 11:00",60.0619999999999,51.15,1912454.6,0,4.0242553,282.1,0.0143700787401575,52.088,51.566,50.8999999999999,48.5419999999999,34.5,19.6,26.4
"BOOI4","2020-05-07 12:00",61.538,46.66,2460545.4,0,8.2901,261.9,0.0205905511811024,54.6079999999999,51.4759999999999,50.8819999999999,48.5599999999999,34.5,19.6,26.4
"BOOI4","2020-05-07 13:00",61.3939999999999,47.14,2130000,0,8.164831,257,0.0201181102362205,57.272,51.4039999999999,50.864,48.5599999999999,34.5,19.6,26.4
"BOOI4","2020-05-07 14:00",61.6279999999999,44.36,1969545.5,0,6.6839767,267,0.0186220472440945,59.0179999999999,51.3499999999999,50.846,48.5599999999999,34.5,19.6,26.4
"BOOI4","2020-05-07 15:00",61.5199999999999,40.83,1636091,0,7.565331,259.9,0.0177165354330709,60.4939999999999,51.332,50.8279999999999,48.5599999999999,34.5,19.6,26.4
"BOOI4","2020-05-07 16:00",61.1419999999999,41.51,705727.23,0,6.9479356,283.2,0.0120866141732284,60.4759999999999,51.3499999999999,50.8099999999999,48.5599999999999,34.5,19.6,26.4
"BOOI4","2020-05-07 17:00",58.496,46.43,456990.9,0,6.35962,278.5,0.00984251968503937,59.8099999999999,51.3859999999999,50.7919999999999,48.5599999999999,34.5,19.6,26.4
"BOOI4","2020-05-07 18:00",55.0759999999999,57.9,214936.36,0,6.8450365,240.8,0.00696850393700787,58.8019999999999,51.4579999999999,50.7739999999999,48.5599999999999,34.5,19.7,26.4
"BOOI4","2020-05-07 19:00",52.6999999999999,78.44,163163.64,0,6.46923,243.3,0.00421259842519685,57.5239999999999,51.53,50.756,48.5599999999999,34.5,19.6,26.4
"BOOI4","2020-05-07 20:00",51.3679999999999,80.6,45106.365,0.010000001,7.1425495,279.1,0.00244094488188976,56.4079999999999,51.6199999999999,50.7199999999999,48.5779999999999,34.5,19.7,26.4
"BOOI4","2020-05-07 21:00",49.622,87.1,3440.9091,0,7.5944114,270.1,0.00062992125984252,55.3279999999999,51.7099999999999,50.7199999999999,48.5779999999999,34.5,19.7,26.4
"BOOI4","2020-05-07 22:00",48.74,90.9,0,0,3.2860649,297.1,0.000354330708661417,54.4279999999999,51.7819999999999,50.7019999999999,48.5779999999999,34.6,19.7,26.4
"BOOI4","2020-05-07 23:00",48.398,91.5,0,0,6.605684,296.4,0.000393700787401575,53.6539999999999,51.8359999999999,50.6839999999999,48.5779999999999,34.6,19.7,26.4
"BOOI4","2020-05-08 00:00",48.3079999999999,89.4,0,0,10.377165,305.3,0.000551181102362205,52.988,51.872,50.6839999999999,48.5779999999999,34.6,19.7,26.4
"BOOI4","2020-05-08 01:00",47.39,88.3,0,0,10.949821,303.2,0.000551181102362205,52.322,51.9079999999999,50.6839999999999,48.5779999999999,34.6,19.7,26.4
"BOOI4","2020-05-08 02:00",45.6403999999999,88.3,0,0,9.258695,312.3,0.000511811023622047,51.6199999999999,51.9259999999999,50.6659999999999,48.5779999999999,34.6,19.7,26.4
"BOOI4","2020-05-08 03:00",44.2597999999999,65.42,0,0,8.549584,1.911,0.000748031496062992,50.7919999999999,51.9259999999999,50.6659999999999,48.5779999999999,34.6,19.7,26.4
"BOOI4","2020-05-08 04:00",40.9405999999999,73.93,0,0,9.770954,12.38,0.00137795275590551,49.7839999999999,51.9079999999999,50.6659999999999,48.5779999999999,34.6,19.7,26.4
"BOOI4","2020-05-08 05:00",38.8291999999999,62.91,0,0,7.003859,0.31,0.00106299212598425,48.6319999999999,51.89,50.6659999999999,48.5779999999999,34.6,19.6,26.4
"BOOI4","2020-05-08 06:00",37.3171999999999,64.74,2402.7271,0,7.6279655,4.263,0.00118110236220473,47.5159999999999,51.8359999999999,50.6659999999999,48.5779999999999,34.5,19.7,26.4
"BOOI4","2020-05-08 07:00",37.7851999999999,64.98,215509.11,0,6.8002977,0.477,0.0021259842519685,46.472,51.7999999999999,50.6659999999999,48.5779999999999,34.5,19.7,26.4
"BOOI4","2020-05-08 08:00",40.6004,60.32,783727.3,0,7.343874,350.4,0.0047244094488189,45.8276,51.7279999999999,50.6659999999999,48.596,34.5,19.7,26.5
"BOOI4","2020-05-08 09:00",42.4687999999999,60.12,1457091,0,8.8896,356.8,0.00854330708661417,45.9715999999999,51.638,50.6659999999999,48.596,34.5,19.7,26.5
"BOOI4","2020-05-08 10:00",44.5657999999999,52.64,2070545.7,0,10.160181,7.472,0.0122834645669291,47.156,51.548,50.6659999999999,48.596,34.5,19.7,26.5
"BOOI4","2020-05-08 11:00",46.3351999999999,41.21,2690454.6,0,10.616517,358.7,0.0162204724409449,49.3519999999999,51.4579999999999,50.6659999999999,48.596,34.5,19.7,26.5
"BOOI4","2020-05-08 12:00",47.8759999999999,43.7,3090000,0,11.063906,351.5,0.0192913385826772,52.1779999999999,51.332,50.648,48.5779999999999,34.5,19.7,26.5
"BOOI4","2020-05-08 13:00",50.0179999999999,36.48,3320000,0,10.701521,335.3,0.0214173228346457,55.3099999999999,51.2239999999999,50.648,48.596,34.5,19.7,26.5
"BOOI4","2020-05-08 14:00",51.4579999999999,34.16,3434545.4,0,11.786437,338,0.0235433070866142,58.496,51.1339999999999,50.63,48.596,34.5,19.7,26.5
"BOOI4","2020-05-08 15:00",53.3659999999999,37.49,3186363.8,0,11.797622,334.6,0.0235433070866142,61.196,51.0619999999999,50.63,48.596,34.5,19.7,26.5
"BOOI4","2020-05-08 16:00",54.4279999999999,29.7,2876909.2,0,12.068292,321.2,0.0233070866141732,63.2119999999999,51.0259999999999,50.6119999999999,48.596,34.5,19.7,26.5
"BOOI4","2020-05-08 17:00",55.6339999999999,32.34,2250272.7,0,12.32554,319.1,0.0212992125984252,64.2019999999999,51.0079999999999,50.5939999999999,48.596,34.5,19.7,26.4
"BOOI4","2020-05-08 18:00",55.1839999999999,28.11,1651181.8,0,11.587349,325.8,0.0184645669291339,64.2019999999999,51.0439999999999,50.5579999999999,48.596,34.5,19.7,26.4
"BOOI4","2020-05-08 19:00",54.5359999999999,29.39,922090.94,0,9.793323,327.5,0.0137795275590551,63.1939999999999,51.08,50.5579999999999,48.596,34.5,19.6,26.4
"BOOI4","2020-05-08 20:00",51.548,33.99,278245.45,0,5.9413123,329.5,0.00716535433070866,61.3039999999999,51.1519999999999,50.54,48.596,34.5,19.6,26.4
"BOOI4","2020-05-08 21:00",46.8859999999999,43.01,21806.362,0,2.1452255,309.6,0.000433070866141732,59.0899999999999,51.2239999999999,50.522,48.596,34.5,19.6,26.4
"BOOI4","2020-05-08 22:00",44.3497999999999,48.95,0,0,2.800649,302.5,0.000551181102362205,57.0019999999999,51.314,50.5039999999999,48.596,34.5,19.6,26.5
"BOOI4","2020-05-08 23:00",42.3463999999999,49.32,0,0,0.06263432,302.7,-0.0015748031496063,55.2019999999999,51.3679999999999,50.4859999999999,48.614,34.5,19.6,26.5
"BOOI4","2020-05-09 00:00",40.8451999999999,54.14,0,0,0.7762182,342.5,-0.000748031496062992,53.564,51.44,50.4679999999999,48.596,34.5,19.6,26.5
"BOOI4","2020-05-09 01:00",41.2789999999999,48.23,0,0,0.73147935,339.4,-0.00078740157480315,52.1419999999999,51.4759999999999,50.4679999999999,48.614,34.5,19.6,26.5
"BOOI4","2020-05-09 02:00",40.2475999999999,50.22,0,0,1.789552,343,-7.8740157480315e-05,50.8819999999999,51.4939999999999,50.4679999999999,48.614,34.5,19.6,26.5
"BOOI4","2020-05-09 03:00",38.4403999999999,51.96,0,0,0.29527608,342,-0.00118110236220473,49.7659999999999,51.4939999999999,50.4499999999999,48.614,34.5,19.6,26.5
"BOOI4","2020-05-09 04:00",36.8239999999999,62.18,0,0,0,0,-0.00149606299212598,48.7579999999999,51.4939999999999,50.4499999999999,48.614,34.5,19.6,26.5
"BOOI4","2020-05-09 05:00",32.1529999999999,78.16,0,0,0,0,-0.00125984251968504,47.8039999999999,51.44,50.4499999999999,48.614,34.5,19.6,26.5
"BOOI4","2020-05-09 06:00",31.4761999999999,81.9,3216.3637,0,0,0,-0.00122047244094488,46.922,51.3859999999999,50.4499999999999,48.614,34.5,19.6,26.5
"BOOI4","2020-05-09 07:00",35.105,74.7,227736.36,0,0,0,-0.000669291338582677,46.1353999999999,51.314,50.4499999999999,48.614,34.5,19.6,26.5
"BOOI4","2020-05-09 08:00",43.4048,55.58,711272.7,0,3.9705684,250.7,0.00338582677165354,45.7754,51.2239999999999,50.432,48.614,34.5,19.6,26.5
"BOOI4","2020-05-09 09:00",48.938,39.86,1405909,0,7.520592,232.4,0.0101968503937008,46.3099999999999,51.1159999999999,50.4499999999999,48.614,34.5,19.6,26.5
"BOOI4","2020-05-09 10:00",53.0419999999999,33.97,2051818,0,10.567305,227.4,0.0170866141732283,47.9659999999999,51.0079999999999,50.432,48.614,34.5,19.6,26.5
"BOOI4","2020-05-09 11:00",56.5519999999999,33.69,2619000,0,10.936399,242.7,0.021496062992126,50.54,50.8819999999999,50.432,48.614,34.4,19.6,26.5
"BOOI4","2020-05-09 12:00",60.1159999999999,32.9,3057272.7,0,11.202596,237.2,0.0257086614173228,53.798,50.7739999999999,50.432,48.614,34.4,19.6,26.5
"BOOI4","2020-05-09 13:00",63.14,31.61,3319090.8,0,13.763891,232.4,0.0301181102362205,57.2539999999999,50.6659999999999,50.414,48.614,34.4,19.6,26.4
"BOOI4","2020-05-09 14:00",65.3179999999999,29.36,3332727.3,0,16.76139,241.6,0.0330708661417323,60.4759999999999,50.5939999999999,50.396,48.614,34.4,19.6,26.4
"BOOI4","2020-05-09 15:00",66.4159999999999,28.81,2916363.5,0,18.096846,240,0.032755905511811,62.816,50.5579999999999,50.3779999999999,48.614,34.4,19.6,26.4
"BOOI4","2020-05-09 16:00",66.038,30.31,2093181.6,0,19.01399,242.3,0.03,64.3099999999999,50.5579999999999,50.3599999999999,48.614,34.4,19.6,26.4
"BOOI4","2020-05-09 17:00",65.498,30.79,1584636.4,0,19.975874,236.1,0.0278740157480315,64.364,50.6119999999999,50.3419999999999,48.614,34.4,19.6,26.4
"BOOI4","2020-05-09 18:00",58.748,70.81,569272.7,0,22.548355,252.7,0.0223228346456693,63.7339999999999,50.6839999999999,50.3239999999999,48.614,34.4,19.6,26.4
"BOOI4","2020-05-09 19:00",51.8179999999999,72.96,437381.84,0,21.96675,293.9,0.0078740157480315,62.3119999999999,50.7919999999999,50.306,48.614,34.4,19.6,26.4
"BOOI4","2020-05-09 20:00",49.3699999999999,71.77,205190.9,0,19.01399,292.5,0.00614173228346457,60.7819999999999,50.8999999999999,50.2699999999999,48.614,34.4,19.6,26.4
"BOOI4","2020-05-09 21:00",47.8039999999999,80.5,13923.636,0,11.50682,281.1,0.00102362204724409,59.1439999999999,51.0259999999999,50.2699999999999,48.614,34.5,19.6,26.4
"BOOI4","2020-05-09 22:00",47.696,82.8,0,0,9.4689665,259.2,0.000866141732283465,57.6319999999999,51.1519999999999,50.2519999999999,48.614,34.5,19.6,26.4
"BOOI4","2020-05-09 23:00",44.0941999999999,82.9,0,0,15.293959,277.4,0.00062992125984252,56.3539999999999,51.2419999999999,50.2339999999999,48.614,34.5,19.6,26.4
"BOOI4","2020-05-10 00:00",43.7378,78.26,0,0,16.139523,284.4,0.000905511811023622,55.0939999999999,51.332,50.2339999999999,48.614,34.5,19.5,26.4
"BOOI4","2020-05-10 01:00",43.2067999999999,76.89,0,0,17.251282,279.3,0.00094488188976378,53.9419999999999,51.3859999999999,50.2339999999999,48.614,34.5,19.6,26.4
"BOOI4","2020-05-10 02:00",42.7657999999999,81.8,0,0,17.83736,275.9,0.000905511811023622,53.0239999999999,51.44,50.2339999999999,48.614,34.5,19.6,26.4
"BOOI4","2020-05-10 03:00",42.6019999999999,88.1,0,0,18.096846,276.3,0.000551181102362205,52.322,51.4579999999999,50.2339999999999,48.614,34.5,19.5,26.4
"BOOI4","2020-05-10 04:00",41.2951999999999,86.5,0,0,20.691694,294.9,0.00047244094488189,51.7099999999999,51.4759999999999,50.2339999999999,48.614,34.5,19.5,26.4
"BOOI4","2020-05-10 05:00",39.9973999999999,87,0,0,14.911442,309.5,0.000511811023622047,51.1519999999999,51.4579999999999,50.2519999999999,48.614,34.5,19.5,26.4
"BOOI4","2020-05-10 06:00",39.9866,83.3,902.72725,0,9.243036,330.6,0.000511811023622047,50.648,51.422,50.2519999999999,48.614,34.5,19.5,26.4
"BOOI4","2020-05-10 07:00",40.1089999999999,83,76729.09,0,14.390235,307.5,0.00200787401574803,50.1619999999999,51.3859999999999,50.2519999999999,48.614,34.5,19.5,26.4
"BOOI4","2020-05-10 08:00",41.6101999999999,75.5,715636.35,0,17.94026,305.6,0.00421259842519685,49.73,51.332,50.2699999999999,48.614,34.5,19.5,26.4
"BOOI4","2020-05-10 09:00",44.5514,68.62,1412272.7,0,14.75933,308.5,0.00763779527559055,49.748,51.2779999999999,50.2699999999999,48.614,34.5,19.5,26.4
"BOOI4","2020-05-10 10:00",47.3179999999999,59.62,2124545.4,0,13.549146,312.7,0.0120472440944882,50.7019999999999,51.206,50.2699999999999,48.614,34.5,19.5,26.5
"BOOI4","2020-05-10 11:00",48.8659999999999,56.49,2251000,0,15.370014,308.2,0.0153937007874016,52.682,51.1339999999999,50.2699999999999,48.614,34.4,19.5,26.5
"BOOI4","2020-05-10 12:00",48.5239999999999,51.69,1275909,0,14.083775,314.3,0.0125196850393701,54.2659999999999,51.0619999999999,50.288,48.614,34.4,19.5,26.5
"BOOI4","2020-05-10 13:00",47.714,52.78,1030091,0,13.69902,337.6,0.0115748031496063,54.7519999999999,50.99,50.2699999999999,48.614,34.4,19.5,26.5
"BOOI4","2020-05-10 14:00",48.3619999999999,51.15,993363.6,0,11.524714,329.9,0.0111023622047244,54.896,50.9359999999999,50.2699999999999,48.614,34.4,19.5,26.5
"BOOI4","2020-05-10 15:00",50.1079999999999,46.49,1866727.3,0,12.30988,335.6,0.0151968503937008,55.346,50.8819999999999,50.2699999999999,48.614,34.4,19.5,26.5
"BOOI4","2020-05-10 16:00",50.0359999999999,46.26,1934363.6,0,14.059168,326.2,0.0167322834645669,56.93,50.846,50.2699999999999,48.614,34.4,19.5,26.5
"BOOI4","2020-05-10 17:00",47.7679999999999,51.96,635545.5,0,12.41278,340.8,0.00976377952755906,57.3259999999999,50.8279999999999,50.2519999999999,48.614,34.4,19.5,26.5
"BOOI4","2020-05-10 18:00",47.48,58.56,402000,0,11.833412,342,0.00838582677165354,56.5699999999999,50.8099999999999,50.2519999999999,48.614,34.4,19.5,26.5
"BOOI4","2020-05-10 19:00",46.2308,56.18,216063.66,0,11.911705,339,0.00708661417322835,55.6339999999999,50.8279999999999,50.2339999999999,48.614,34.4,19.5,26.5
"BOOI4","2020-05-10 20:00",45.8293999999999,56.46,105627.266,0,8.258782,336,0.00539370078740158,54.698,50.8279999999999,50.2339999999999,48.614,34.4,19.5,26.5
"BOOI4","2020-05-10 21:00",45.1039999999999,55.38,10716.363,0,4.6304655,332.6,0.00153543307086614,53.78,50.846,50.2159999999999,48.614,34.4,19.5,26.5
"BOOI4","2020-05-10 22:00",44.6305999999999,54.38,0,0,6.605684,311.6,0.00169291338582677,52.9159999999999,50.846,50.198,48.614,34.4,19.5,26.5
"BOOI4","2020-05-10 23:00",44.2723999999999,54,0,0,9.659106,305.5,0.0018503937007874,52.124,50.846,50.198,48.614,34.4,19.5,26.5
"BOOI4","2020-05-11 00:00",44.0402,55.64,0,0,9.0730295,304,0.00181102362204724,51.4759999999999,50.846,50.18,48.614,34.4,19.5,26.5
"BOOI4","2020-05-11 01:00",43.7665999999999,55.41,0,0,9.4823885,305.1,0.00181102362204724,50.9179999999999,50.8279999999999,50.18,48.614,34.4,19.5,26.5
"BOOI4","2020-05-11 02:00",43.3436,57.62,0,0,9.741874,302.2,0.00181102362204724,50.432,50.7919999999999,50.1619999999999,48.614,34.3,19.5,26.5
"BOOI4","2020-05-11 03:00",42.5119999999999,57.77,0,0,8.945523,298.2,0.00165354330708661,49.964,50.7739999999999,50.1619999999999,48.614,34.3,19.5,26.5
"BOOI4","2020-05-11 04:00",42.0926,60.46,0,0,10.370454,295.5,0.00161417322834646,49.4779999999999,50.738,50.1619999999999,48.614,34.3,19.5,26.5
"BOOI4","2020-05-11 05:00",41.648,62.79,0,0,10.99456,303,0.00153543307086614,49.046,50.6839999999999,50.1439999999999,48.6319999999999,34.3,19.4,26.5
"BOOI4","2020-05-11 06:00",41.5543999999999,63.66,1882.7273,0,9.74411,303.1,0.00141732283464567,48.6319999999999,50.63,50.1439999999999,48.614,34.3,19.4,26.5
"BOOI4","2020-05-11 07:00",41.8495999999999,65.11,93250,0,9.529365,301.1,0.00334645669291339,48.29,50.5759999999999,50.1439999999999,48.614,34.3,19.4,26.5
"BOOI4","2020-05-11 08:00",42.6776,63.88,272281.83,0,11.1086445,299.8,0.0052755905511811,48.182,50.5039999999999,50.1259999999999,48.614,34.3,19.4,26.5
"BOOI4","2020-05-11 09:00",44.2436,59.04,566000,0,9.240799,308.9,0.00633858267716536,48.3439999999999,50.432,50.1259999999999,48.614,34.2,19.4,26.5
"BOOI4","2020-05-11 10:00",46.2667999999999,54.42,1201363.6,0,7.2163687,318.4,0.00901574803149606,49.1539999999999,50.3779999999999,50.1079999999999,48.614,34.2,19.4,26.5
"BOOI4","2020-05-11 11:00",48.4339999999999,47.72,1971818.1,0,8.205096,313.7,0.0134645669291339,50.7199999999999,50.306,50.0899999999999,48.614,34.2,19.4,26.5
"BOOI4","2020-05-11 12:00",49.4419999999999,41.89,1834727.3,0,7.0687304,320.4,0.0140944881889764,53.0419999999999,50.2339999999999,50.072,48.6319999999999,34.2,19.4,26.5
"BOOI4","2020-05-11 13:00",51.998,35.52,2707818,0,6.798061,326.7,0.0188976377952756,54.932,50.18,50.072,48.614,34.3,19.4,26.5
"BOOI4","2020-05-11 14:00",53.6539999999999,31.78,3475454.6,0,8.287863,319.6,0.024251968503937,58.1359999999999,50.1439999999999,50.0539999999999,48.614,34.2,19.4,26.5
"BOOI4","2020-05-11 15:00",55.2019999999999,33.14,3080454.6,0,8.556295,308.4,0.0234645669291339,61.3939999999999,50.0899999999999,50.0359999999999,48.614,34.2,19.4,26.5
"BOOI4","2020-05-11 16:00",56.372,25.95,2866454.6,0,9.914119,302.6,0.0239370078740157,63.7159999999999,50.0899999999999,50.0179999999999,48.614,34.2,19.4,26.5
"BOOI4","2020-05-11 17:00",56.9119999999999,25.5,2367272.7,0,10.359269,304,0.0222047244094488,65.1019999999999,50.1259999999999,49.9999999999999,48.614,34.2,19.4,26.5
"BOOI4","2020-05-11 18:00",57.056,24.72,1657636.4,0,9.319092,307.1,0.0183070866141732,65.4439999999999,50.18,49.9819999999999,48.6319999999999,34.3,19.4,26.5
"BOOI4","2020-05-11 19:00",56.5519999999999,24.86,950272.7,0,6.7130566,330.2,0.0124015748031496,64.796,50.2699999999999,49.964,48.6319999999999,34.2,19.5,26.5
"BOOI4","2020-05-11 20:00",54.5359999999999,26.24,442518.2,0,4.936927,332.7,0.00692913385826772,63.14,50.3779999999999,49.946,48.614,34.2,19.5,26.4
"BOOI4","2020-05-11 21:00",48.38,32.97,36194.546,0,1.8410016,342.2,0.000669291338582677,60.9439999999999,50.4859999999999,49.9279999999999,48.6319999999999,34.3,19.5,26.4
"BOOI4","2020-05-11 22:00",45.0283999999999,37.56,0,0,0.017895522,347.9,-0.00161417322834646,58.7839999999999,50.63,49.9099999999999,48.614,34.3,19.5,26.4
"BOOI4","2020-05-11 23:00",43.9123999999999,37.07,0,0,0.05368656,340.1,-0.00149606299212598,56.8579999999999,50.738,49.9099999999999,48.614,34.3,19.5,26.5
"BOOI4","2020-05-12 00:00",44.9312,36.96,0,0,2.3778672,343.8,0.000669291338582677,55.238,50.846,49.9099999999999,48.614,34.3,19.5,26.5
"BOOI4","2020-05-12 01:00",43.1221999999999,39.47,0,0,4.324005,343.5,0.0012992125984252,53.906,50.9359999999999,49.8919999999999,48.614,34.3,19.5,26.5
"BOOI4","2020-05-12 02:00",41.5184,41.17,0,0,4.3799286,345.5,0.00122047244094488,52.7179999999999,50.99,49.8919999999999,48.614,34.4,19.5,26.5
"BOOI4","2020-05-12 03:00",41.3365999999999,42.43,0,0,3.5164697,345.2,0.00094488188976378,51.7099999999999,51.0259999999999,49.9099999999999,48.614,34.3,19.5,26.5
"BOOI4","2020-05-12 04:00",40.6849999999999,44.04,0,0,2.9773672,359.7,0.000708661417322835,51.0259999999999,51.0439999999999,49.9099999999999,48.614,34.4,19.5,26.5
"BOOI4","2020-05-12 05:00",39.938,47.45,0,0,3.8699062,12.28,0.000905511811023622,50.522,51.0439999999999,49.9279999999999,48.614,34.4,19.4,26.5
"BOOI4","2020-05-12 06:00",38.7157999999999,50.66,2874.5456,0,1.6083598,6.696,0,50.0179999999999,51.0079999999999,49.9279999999999,48.614,34.3,19.4,26.5
"BOOI4","2020-05-12 07:00",39.6985999999999,50.99,109361.81,0,1.3757181,349.6,7.8740157480315e-05,49.5319999999999,50.972,49.946,48.614,34.3,19.4,26.5
"BOOI4","2020-05-12 08:00",42.7819999999999,45.04,372618.2,0,3.319619,15.06,0.00374015748031496,49.3699999999999,50.9179999999999,49.946,48.614,34.3,19.4,26.5
"BOOI4","2020-05-12 09:00",45.9589999999999,42.93,754000,0,4.2300534,21.41,0.00673228346456693,49.7659999999999,50.864,49.964,48.614,34.3,19.4,26.4
"BOOI4","2020-05-12 10:00",48.4699999999999,39.1,1044454.5,0,1.2034737,28.66,0.00681102362204724,50.7019999999999,50.7919999999999,49.964,48.614,34.3,19.4,26.4
"BOOI4","2020-05-12 11:00",51.566,30.18,1608545.5,0,0.9238562,28.61,0.0102362204724409,52.214,50.738,49.9819999999999,48.614,34.3,19.4,26.4
"BOOI4","2020-05-12 12:00",54.0679999999999,31.72,1950545.3,0,0.41607085,221.6,0.0124015748031496,54.374,50.6659999999999,49.9819999999999,48.614,34.3,19.4,26.4
"BOOI4","2020-05-12 13:00",54.3919999999999,31.77,1977454.5,0,2.467345,295.5,0.0146456692913386,56.6599999999999,50.5939999999999,49.9819999999999,48.614,34.3,19.4,26.4
"BOOI4","2020-05-12 14:00",55.7599999999999,35.01,2594636.5,0,3.1406639,226.1,0.0188582677165354,58.964,50.5579999999999,49.9819999999999,48.614,34.3,19.4,26.4
"BOOI4","2020-05-12 15:00",57.9919999999999,31.37,2798181.6,0,4.2211056,277.6,0.0209448818897638,61.5919999999999,50.5579999999999,49.964,48.614,34.3,19.4,26.4
"BOOI4","2020-05-12 16:00",59.6839999999999,29,2909727.3,0,3.7066095,274,0.0215748031496063,64.022,50.5939999999999,49.9819999999999,48.614,34.3,19.4,26.4
"BOOI4","2020-05-12 17:00",60.566,28.22,2308181.6,0,3.1809287,232.3,0.0175984251968504,65.8579999999999,50.6659999999999,49.964,48.614,34.3,19.4,26.4
"BOOI4","2020-05-12 18:00",59.6659999999999,31.11,1495727.3,0,3.3755424,196,0.0127952755905512,66.4159999999999,50.7919999999999,49.964,48.614,34.4,19.4,26.4
"BOOI4","2020-05-12 19:00",58.8019999999999,31.68,781727.3,0,2.9326284,179,0.00791338582677165,65.6599999999999,50.9539999999999,49.964,48.614,34.4,19.4,26.4
"BOOI4","2020-05-12 20:00",57.2539999999999,32.42,321254.55,0,4.0041227,170,0.00586614173228346,64.148,51.1699999999999,49.946,48.614,34.4,19.4,26.4
"BOOI4","2020-05-12 21:00",54.6259999999999,34.65,33449.093,0,0,0,-0.00232283464566929,62.24,51.3859999999999,49.946,48.614,34.5,19.4,26.4
"BOOI4","2020-05-12 22:00",53.8339999999999,36.65,0,0,0,0,-0.00137795275590551,60.332,51.6019999999999,49.946,48.614,34.5,19.4,26.4
"BOOI4","2020-05-12 23:00",52.8259999999999,38.32,0,0,1.304136,109.6,0.000275590551181102,58.8199999999999,51.7819999999999,49.964,48.614,34.5,19.4,26.4
"BOOI4","2020-05-13 00:00",51.7999999999999,41.3,0,0,1.7761304,119.4,0.000551181102362205,57.6679999999999,51.9439999999999,49.9819999999999,48.614,34.4,19.4,26.4
"BOOI4","2020-05-13 01:00",48.164,50.34,0,0,3.1786919,138.6,0.00114173228346457,56.6779999999999,52.0699999999999,49.9999999999999,48.596,34.4,19.4,26.4
"BOOI4","2020-05-13 02:00",47.1019999999999,57.38,0,0,1.232554,154.6,-3.93700787401575e-05,55.6339999999999,52.1419999999999,50.0179999999999,48.614,34.4,19.4,26.4
"BOOI4","2020-05-13 03:00",45.3434,64.05,0,0,0.12526864,152.6,-0.00094488188976378,54.6079999999999,52.1779999999999,50.0359999999999,48.614,34.4,19.4,26.4
"BOOI4","2020-05-13 04:00",43.6063999999999,71.46,0,0,0.34448877,113.3,-0.000748031496062992,53.7079999999999,52.196,50.072,48.614,34.4,19.4,26.4
"BOOI4","2020-05-13 05:00",43.2104,73.98,0,0,3.800561,116.3,0.000433070866141732,52.9159999999999,52.196,50.1079999999999,48.596,34.4,19.4,26.4
"BOOI4","2020-05-13 06:00",42.0638,79.41,4239.091,0,5.7243295,123.8,0.00047244094488189,52.214,52.1599999999999,50.1439999999999,48.596,34.4,19.4,26.4
"BOOI4","2020-05-13 07:00",45.6674,77.9,256709.08,0,5.7332773,128.2,0.00125984251968504,51.6019999999999,52.106,50.18,48.614,34.4,19.4,26.4
"BOOI4","2020-05-13 08:00",49.6939999999999,75.27,784363.65,0,7.6234913,138.8,0.00464566929133858,51.44,52.0339999999999,50.198,48.614,34.5,19.4,26.4
"BOOI4","2020-05-13 09:00",52.322,72.09,1289181.8,0,12.757269,134.2,0.00862204724409449,51.98,51.9619999999999,50.2339999999999,48.596,34.5,19.4,26.4
"BOOI4","2020-05-13 10:00",53.096,66.13,1135727.3,0,15.600419,134.6,0.00980314960629921,52.988,51.872,50.2519999999999,48.614,34.5,19.4,26.3
"BOOI4","2020-05-13 11:00",54.4279999999999,74.78,1305091,0,15.956093,139.2,0.0114173228346457,54.14,51.7819999999999,50.2699999999999,48.614,34.5,19.4,26.3
"BOOI4","2020-05-13 12:00",56.03,73.77,1229000,0,17.61814,143.6,0.0107086614173228,55.1659999999999,51.7099999999999,50.288,48.614,34.5,19.4,26.3
"BOOI4","2020-05-13 13:00",56.2099999999999,74.71,1173818.2,0,18.119215,144.1,0.0108267716535433,56.048,51.656,50.306,48.614,34.5,19.4,26.3
"BOOI4","2020-05-13 14:00",55.94,76.26,581818.2,0,17.89552,156.9,0.00822834645669291,56.498,51.638,50.3239999999999,48.614,34.4,19.4,26.3
"BOOI4","2020-05-13 15:00",55.4539999999999,83.4,414945.47,0,17.287073,155.3,0.00669291338582677,56.498,51.6199999999999,50.3419999999999,48.614,34.4,19.4,26.3
"BOOI4","2020-05-13 16:00",53.1859999999999,95,347909.1,0.020000001,14.121802,150.5,0.00330708661417323,56.246,51.638,50.3419999999999,48.614,34.5,19.4,26.3
"BOOI4","2020-05-13 17:00",51.9079999999999,99.7,123536.37,0.2,10.370454,143.5,0.000826771653543307,55.796,51.6739999999999,50.3599999999999,48.614,34.5,19.4,26.3
"BOOI4","2020-05-13 18:00",52.5919999999999,98.2,223700.01,0.020000001,12.016842,130.7,0.00118110236220473,55.2739999999999,51.7099999999999,50.3599999999999,48.6319999999999,34.5,19.4,26.3
"BOOI4","2020-05-13 19:00",52.088,97.6,122381.82,0,13.039124,129,0.00094488188976378,54.9499999999999,51.7279999999999,50.3599999999999,48.614,34.5,19.4,26.3
"BOOI4","2020-05-13 20:00",51.638,100,42257.275,0,11.638799,140.9,0.000393700787401575,54.572,51.764,50.3599999999999,48.6319999999999,34.5,19.4,26.3
"BOOI4","2020-05-13 21:00",51.638,100,3384.5453,0,15.586998,131.1,3.93700787401575e-05,54.1939999999999,51.7999999999999,50.3599999999999,48.614,34.5,19.4,26.3
"BOOI4","2020-05-13 22:00",51.9079999999999,100,0,0,13.45072,136.8,0,53.8519999999999,51.8179999999999,50.3779999999999,48.6319999999999,34.5,19.4,26.3
"BOOI4","2020-05-13 23:00",52.1599999999999,100,0,0.010000001,12.933988,150.3,0,53.6359999999999,51.8179999999999,50.3779999999999,48.6319999999999,34.5,19.4,26.3
"BOOI4","2020-05-14 00:00",52.6279999999999,100,0,0.020000001,12.725952,153.5,0,53.4919999999999,51.8179999999999,50.3779999999999,48.6319999999999,34.5,19.4,26.3
"BOOI4","2020-05-14 01:00",52.9159999999999,100,0,0.060000002,10.623228,155.8,0,53.4199999999999,51.8179999999999,50.396,48.6319999999999,34.5,19.4,26.3
"BOOI4","2020-05-14 02:00",53.4199999999999,100,0,0.010000001,8.500372,161.2,0,53.4019999999999,51.8179999999999,50.396,48.6499999999999,34.5,19.4,26.3
"BOOI4","2020-05-14 03:00",53.9779999999999,100,0,0,8.395236,175.5,0,53.4199999999999,51.7999999999999,50.414,48.6499999999999,34.5,19.4,26.2
"BOOI4","2020-05-14 04:00",54.4279999999999,100,0,0,7.7375755,185.6,0,53.4739999999999,51.7819999999999,50.414,48.6499999999999,34.5,19.4,26.2
"BOOI4","2020-05-14 05:00",54.698,100,0,0,2.9661825,175.9,0,53.546,51.7819999999999,50.414,48.6499999999999,34.5,19.4,26.2
"BOOI4","2020-05-14 06:00",54.9859999999999,100,512.72726,0,0.0044738804,164.4,3.93700787401575e-05,53.6359999999999,51.764,50.432,48.6499999999999,34.5,19.4,26.2
"BOOI4","2020-05-14 07:00",55.13,100,12514.545,0,0,0,0.000118110236220472,53.7079999999999,51.764,50.432,48.6679999999999,34.5,19.4,26.2
"BOOI4","2020-05-14 08:00",55.598,100,63036.36,0,0.017895522,301.4,0.00047244094488189,53.816,51.746,50.432,48.6679999999999,34.5,19.4,26.3
"BOOI4","2020-05-14 09:00",57.2179999999999,100,278481.84,0,1.1855781,270.6,0.00192913385826772,54.0679999999999,51.746,50.4499999999999,48.6679999999999,34.5,19.4,26.3
"BOOI4","2020-05-14 10:00",58.514,100,476545.44,0,2.422606,302.2,0.00322834645669291,54.806,51.7279999999999,50.4499999999999,48.6679999999999,34.5,19.4,26.2
"BOOI4","2020-05-14 11:00",58.1179999999999,100,522818.2,0.010000001,4.4649324,330,0.00330708661417323,55.688,51.746,50.4499999999999,48.6679999999999,34.5,19.4,26.2
"BOOI4","2020-05-14 12:00",60.8179999999999,93.7,1034181.8,0,2.6977496,348.1,0.00696850393700787,56.6779999999999,51.746,50.4499999999999,48.6679999999999,34.5,19.4,26.3
"BOOI4","2020-05-14 13:00",63.446,90.8,1384000,0,1.4808543,1.739,0.00992125984251969,58.172,51.7819999999999,50.4679999999999,48.6679999999999,34.5,19.4,26.3
"BOOI4","2020-05-14 14:00",63.3919999999999,90.5,1149818.2,0,2.8990743,23.66,0.00850393700787402,59.7739999999999,51.8179999999999,50.4679999999999,48.6859999999999,34.5,19.4,26.2
"BOOI4","2020-05-14 15:00",63.6079999999999,90.3,984090.9,0,1.0133338,69.39,0.0075984251968504,61.2859999999999,51.872,50.4679999999999,48.6859999999999,34.5,19.4,26.2
"BOOI4","2020-05-14 16:00",63.788,92.3,280936.37,0,1.7828412,40.01,0.00248031496062992,61.4839999999999,51.9619999999999,50.4679999999999,48.6859999999999,34.4,19.4,26.2
"BOOI4","2020-05-14 17:00",62.6359999999999,96.7,104790.9,0.030000001,3.4985743,71.02,0.00114173228346457,60.89,52.0699999999999,50.4679999999999,48.6859999999999,34.4,19.4,26.2
"BOOI4","2020-05-14 18:00",63.1939999999999,96,272800.02,0.010000001,0.2527742,39.13,0.00216535433070866,60.5119999999999,52.196,50.4859999999999,48.6859999999999,34.5,19.4,26.2
"BOOI4","2020-05-14 19:00",63.014,97.8,160054.55,0.010000001,0.04250186,59.47,0.00125984251968504,60.4039999999999,52.3399999999999,50.4859999999999,48.7039999999999,34.5,19.4,26.2
"BOOI4","2020-05-14 20:00",62.4919999999999,99.5,72018.17,0,0.03131716,23.41,0.000590551181102362,60.1699999999999,52.4839999999999,50.5039999999999,48.7039999999999,34.6,19.4,26.2
"BOOI4","2020-05-14 21:00",61.2319999999999,100,43360.91,0,0.01342164,34.95,-0.00181102362204724,59.8099999999999,52.6099999999999,50.5039999999999,48.7039999999999,34.6,19.4,26.2
"BOOI4","2020-05-14 22:00",59.8279999999999,100,10.000001,0,0,0,3.93700787401575e-05,59.2339999999999,52.7359999999999,50.522,48.722,34.6,19.4,26.2
"BOOI4","2020-05-14 23:00",58.9819999999999,100,0,0,0.038027983,342.7,3.93700787401575e-05,58.5859999999999,52.8439999999999,50.54,48.7039999999999,34.6,19.4,26.2
"BOOI4","2020-05-15 00:00",56.8759999999999,100,0,0,0.017895522,0.863,3.93700787401575e-05,57.956,52.9519999999999,50.5759999999999,48.722,34.6,19.4,26.2
"BOOI4","2020-05-15 01:00",57.4519999999999,100,0,0,0,0,3.93700787401575e-05,57.398,53.0419999999999,50.5939999999999,48.722,34.6,19.4,26.2
"BOOI4","2020-05-15 02:00",57.4699999999999,100,0,0.010000001,0.0022369402,324.3,3.93700787401575e-05,57.182,53.114,50.6119999999999,48.722,34.7,19.4,26.2
"BOOI4","2020-05-15 03:00",56.39,100,0,0,0.07381902,342.7,3.93700787401575e-05,57.0739999999999,53.1679999999999,50.648,48.74,34.7,19.4,26.2
"BOOI4","2020-05-15 04:00",54.6079999999999,88.5,0,0,3.5477867,1.828,7.8740157480315e-05,56.8039999999999,53.222,50.6839999999999,48.722,34.7,19.4,26.3
"BOOI4","2020-05-15 05:00",53.5099999999999,83.4,0,0,2.2503617,13.88,0.000511811023622047,56.048,53.24,50.7019999999999,48.74,34.7,19.3,26.3
"BOOI4","2020-05-15 06:00",51.4579999999999,84.1,2497.2727,0,1.6911266,13.31,0.000433070866141732,55.0939999999999,53.2759999999999,50.738,48.74,34.7,19.4,26.3
"BOOI4","2020-05-15 07:00",51.44,82.3,180709.09,0,1.8499495,14.35,-0.000433070866141732,54.1579999999999,53.2939999999999,50.7739999999999,48.74,34.7,19.4,26.3
"BOOI4","2020-05-15 08:00",54.5899999999999,72.37,741090.9,0,6.464757,13.71,0.00476377952755906,53.6179999999999,53.2939999999999,50.8099999999999,48.7579999999999,34.7,19.4,26.3
"BOOI4","2020-05-15 09:00",56.7499999999999,65.89,1474272.7,0,10.701521,13.22,0.0105511811023622,53.8519999999999,53.2579999999999,50.8279999999999,48.7579999999999,34.7,19.4,26.3
"BOOI4","2020-05-15 10:00",59.2699999999999,67.49,2076091,0,7.6100698,19.12,0.0143307086614173,55.022,53.24,50.864,48.7579999999999,34.7,19.4,26.3
"BOOI4","2020-05-15 11:00",62.1499999999999,58.4,2523818.4,0,4.889951,12.45,0.0176771653543307,57.2359999999999,53.1859999999999,50.8999999999999,48.7579999999999,34.7,19.4,26.3
"BOOI4","2020-05-15 12:00",64.4539999999999,57.05,3032727.3,0,4.1159697,341,0.0219291338582677,60.2419999999999,53.1499999999999,50.9179999999999,48.7759999999999,34.7,19.4,26.3
"BOOI4","2020-05-15 13:00",67.4239999999999,55.55,3013545.4,0,5.082328,341.1,0.023740157480315,63.248,53.114,50.9359999999999,48.7759999999999,34.7,19.4,26.3
"BOOI4","2020-05-15 14:00",69.422,38.14,3104909,0,5.4044466,332,0.0261811023622047,65.9659999999999,53.1319999999999,50.9539999999999,48.7759999999999,34.7,19.4,26.3
"BOOI4","2020-05-15 15:00",70.6279999999999,35.46,3216363.5,0,6.4558086,346,0.0285826771653543,67.9999999999999,53.1679999999999,50.99,48.7759999999999,34.7,19.4,26.3
"BOOI4","2020-05-15 16:00",71.8159999999999,34.47,2832818,0,6.373042,353.1,0.0270472440944882,69.782,53.2759999999999,50.99,48.7759999999999,34.7,19.4,26.3
"BOOI4","2020-05-15 17:00",72.68,30.65,2310818.4,0,4.9660068,355.8,0.0225196850393701,71.006,53.438,51.0079999999999,48.7939999999999,34.8,19.4,26.3
"BOOI4","2020-05-15 18:00",72.8419999999999,28.65,1675818.1,0,5.634852,7.344,0.0188582677165354,71.438,53.6359999999999,51.0259999999999,48.7939999999999,34.7,19.4,26.3
"BOOI4","2020-05-15 19:00",72.3919999999999,30.01,950181.8,0,4.7646823,10.23,0.0128346456692913,70.8259999999999,53.8519999999999,51.0439999999999,48.7939999999999,34.8,19.4,26.3
"BOOI4","2020-05-15 20:00",70.5739999999999,37.34,448300,0,2.270494,20.84,0.0044488188976378,69.188,54.0859999999999,51.08,48.8119999999999,34.8,19.4,26.3
"BOOI4","2020-05-15 21:00",66.2899999999999,40.75,38902.725,0,0.21698318,343.9,-0.00192913385826772,67.1359999999999,54.338,51.098,48.8119999999999,34.8,19.4,26.3
"BOOI4","2020-05-15 22:00",62.438,44.03,0,0,0.05144962,345.9,-0.00181102362204724,65.0659999999999,54.5539999999999,51.1339999999999,48.8119999999999,34.8,19.4,26.3
"BOOI4","2020-05-15 23:00",61.124,49.56,0,0,0.008947761,350.7,-0.0018503937007874,63.2119999999999,54.7519999999999,51.1699999999999,48.83,34.9,19.4,26.3
"BOOI4","2020-05-16 00:00",60.0259999999999,50.2,0,0,0,0,-0.00177165354330709,61.646,54.914,51.206,48.83,34.9,19.4,26.3
"BOOI4","2020-05-16 01:00",60.1159999999999,51.3,0,0,0.0044738804,148.9,-0.00177165354330709,60.314,55.022,51.2419999999999,48.83,34.9,19.5,26.3
"BOOI4","2020-05-16 02:00",58.856,57.68,0,0,0.0223694,153.2,-0.00169291338582677,59.18,55.1119999999999,51.296,48.848,34.8,19.5,26.3
"BOOI4","2020-05-16 03:00",56.4259999999999,64.01,0,0,0,0,-0.00165354330708661,58.19,55.148,51.332,48.848,34.8,19.5,26.3
"BOOI4","2020-05-16 04:00",54.5539999999999,68.22,0,0,0.0022369402,102.6,-0.0015748031496063,57.3079999999999,55.148,51.4039999999999,48.8659999999999,34.8,19.5,26.3
"BOOI4","2020-05-16 05:00",51.53,78.99,0,0,0.19461377,43.08,-0.0012992125984252,56.48,55.13,51.44,48.8659999999999,34.9,19.5,26.3
"BOOI4","2020-05-16 06:00",50.4679999999999,85.1,5108.182,0,0.12750559,44.89,-0.00125984251968504,55.6699999999999,55.0759999999999,51.4939999999999,48.8659999999999,34.9,19.5,26.3
"BOOI4","2020-05-16 07:00",51.7819999999999,85.5,184018.17,0,0,0,-0.00102362204724409,55.04,55.0039999999999,51.548,48.8839999999999,34.9,19.5,26.3
"BOOI4","2020-05-16 08:00",57.8659999999999,80.2,786181.8,0,0.68002975,54.17,0.00338582677165354,54.9859999999999,54.914,51.6019999999999,48.8839999999999,34.8,19.5,26.3
"BOOI4","2020-05-16 09:00",62.78,71.04,1416363.6,0,4.6438875,75.56,0.00937007874015748,55.94,54.8419999999999,51.638,48.9019999999999,34.8,19.5,26.3
"BOOI4","2020-05-16 10:00",66.3439999999999,63.72,1917727.3,0,6.9859633,104.2,0.0152755905511811,57.8119999999999,54.7339999999999,51.6739999999999,48.9019999999999,34.8,19.5,26.3
"BOOI4","2020-05-16 11:00",68.306,58.39,2193909.2,0,8.583138,92,0.0188188976377953,60.188,54.6439999999999,51.7279999999999,48.9019999999999,34.7,19.5,26.3
"BOOI4","2020-05-16 12:00",70.0519999999999,55.65,2771363.8,0,8.388525,97.1,0.0234645669291339,62.8339999999999,54.572,51.746,48.9199999999999,34.7,19.5,26.3
"BOOI4","2020-05-16 13:00",72.14,52.15,2906454.6,0,7.8494225,111.1,0.0259055118110236,65.9119999999999,54.5359999999999,51.7819999999999,48.938,34.7,19.5,26.3
"BOOI4","2020-05-16 14:00",72.3019999999999,56.06,2382272.7,0,9.538312,103.8,0.0238188976377953,68.3779999999999,54.5539999999999,51.7999999999999,48.938,34.7,19.5,26.3
"BOOI4","2020-05-16 15:00",72.806,56.54,1778545.5,0,11.023641,108.8,0.020748031496063,69.7099999999999,54.6079999999999,51.8359999999999,48.956,34.8,19.5,26.2
"BOOI4","2020-05-16 16:00",72.9499999999999,57.67,1610363.5,0,10.880476,113.1,0.0199212598425197,70.214,54.7339999999999,51.8539999999999,48.956,34.8,19.5,26.2
"BOOI4","2020-05-16 17:00",73.238,57.13,468000,0,9.290011,118.8,0.0119291338582677,69.8539999999999,54.914,51.872,48.956,34.8,19.5,26.2
"BOOI4","2020-05-16 18:00",72.7159999999999,63.21,393245.45,0,10.822315,120.3,0.0113779527559055,68.9539999999999,55.1119999999999,51.89,48.9739999999999,34.9,19.5,26.2
"BOOI4","2020-05-16 19:00",72.7699999999999,66.95,526454.5,0,11.889337,127,0.011496062992126,68.18,55.3279999999999,51.9079999999999,48.9919999999999,34.8,19.5,26.2
"BOOI4","2020-05-16 20:00",71.6179999999999,71.79,219200,0,12.95412,123.6,0.00874015748031496,67.532,55.5439999999999,51.9259999999999,48.9919999999999,34.9,19.5,26.2
"BOOI4","2020-05-16 21:00",70.0519999999999,75.98,14083.636,0,12.614104,123.5,0.00622047244094488,66.7759999999999,55.7419999999999,51.9619999999999,49.0099999999999,34.9,19.5,26.2
"BOOI4","2020-05-16 22:00",66.74,89.3,0,0.14,12.016842,131,0.00122047244094488,65.9839999999999,55.9039999999999,51.98,49.0099999999999,35,19.5,26.2
"BOOI4","2020-05-16 23:00",66.8839999999999,90.5,0,0,11.989999,132.3,0.000826771653543307,65.1199999999999,56.066,52.0339999999999,49.0279999999999,35,19.5,26.2
"BOOI4","2020-05-17 00:00",65.264,93.3,0,0.010000001,13.508881,134.7,0.000590551181102362,64.3999999999999,56.1919999999999,52.0699999999999,49.046,35,19.5,26.2
"BOOI4","2020-05-17 01:00",62.9779999999999,97.9,0,0.60984254,12.533575,158.3,0.000196850393700787,63.8239999999999,56.2999999999999,52.124,49.046,35.3,19.5,26.2
"BOOI4","2020-05-17 02:00",60.7819999999999,100,0,0.45000002,8.520505,216.8,-0.00015748031496063,63.14,56.6779999999999,52.3579999999999,49.1359999999999,38.8,22.7,26.5
"BOOI4","2020-05-17 03:00",60.296,100,0,0.080000006,8.366156,204.1,-0.00015748031496063,62.5279999999999,56.9839999999999,52.79,49.19,38.7,23.7,26.6
"BOOI4","2020-05-17 04:00",56.624,100,0,0.010000001,11.408394,244.5,-7.8740157480315e-05,61.988,57.146,53.0779999999999,49.2079999999999,38.5,23.5,26.6
"BOOI4","2020-05-17 05:00",55.3279999999999,98.2,0,0,13.372428,256.5,-3.93700787401575e-05,61.2499999999999,57.2539999999999,53.1859999999999,49.2259999999999,38.3,23.2,26.6
"BOOI4","2020-05-17 06:00",55.4179999999999,99.2,1528.1818,0,4.9682436,251.9,-0.00015748031496063,60.4759999999999,57.3259999999999,53.222,49.2439999999999,38.1,22.9,26.6
"BOOI4","2020-05-17 07:00",54.6439999999999,95.6,32849.09,0,11.160093,255.6,0.000590551181102362,59.8819999999999,57.3439999999999,53.2579999999999,49.2619999999999,37.8,22.7,26.6
"BOOI4","2020-05-17 08:00",55.3099999999999,92.2,228663.65,0,11.379313,251.4,0.00204724409448819,59.3419999999999,57.3259999999999,53.2759999999999,49.2619999999999,37.6,22.5,26.6
"BOOI4","2020-05-17 09:00",55.7599999999999,90.2,505636.38,0,12.059343,248.4,0.00366141732283465,59.18,57.29,53.2939999999999,49.28,37.3,22.3,26.6
"BOOI4","2020-05-17 10:00",56.3179999999999,86.9,724636.35,0,12.799771,240.2,0.00547244094488189,59.2699999999999,57.2359999999999,53.2939999999999,49.298,37.1,22.3,26.6
"BOOI4","2020-05-17 11:00",55.4359999999999,88.4,1198454.6,0,14.573664,227.7,0.00799212598425197,59.648,57.182,53.3119999999999,49.316,36.9,22.2,26.6
"BOOI4","2020-05-17 12:00",54.3919999999999,94.4,689181.8,0,7.677178,208.6,0.00484251968503937,60.0079999999999,57.1099999999999,53.33,49.316,36.8,22.1,26.6
"BOOI4","2020-05-17 13:00",54.2119999999999,94.9,328118.2,0,2.091539,157.6,0.00240157480314961,59.8819999999999,57.038,53.348,49.3339999999999,36.7,22,26.6
"BOOI4","2020-05-17 14:00",58.1359999999999,83,1138400,0,4.1964993,49.39,0.00755905511811024,59.756,56.9839999999999,53.3659999999999,49.3519999999999,36.6,22,26.6
"BOOI4","2020-05-17 15:00",58.4239999999999,90.2,1297363.6,0,7.6905994,0.73,0.00948818897637795,61.0699999999999,56.93,53.3839999999999,49.3699999999999,36.5,21.9,26.6
"BOOI4","2020-05-17 16:00",56.8579999999999,97.9,821636.35,0.010000001,11.119829,339.7,0.0047244094488189,61.5199999999999,56.8939999999999,53.4019999999999,49.388,36.4,21.8,26.6
"BOOI4","2020-05-17 17:00",56.822,93.1,1081363.6,0,13.631912,337.7,0.00551181102362205,61.3039999999999,56.8579999999999,53.4199999999999,49.406,36.4,21.8,26.6
"BOOI4","2020-05-17 18:00",56.8399999999999,93.8,677736.3,0,11.495634,344.3,0.00440944881889764,61.2679999999999,56.8399999999999,53.4199999999999,49.406,36.4,21.7,26.7
"BOOI4","2020-05-17 19:00",55.7779999999999,95.7,120054.54,0,10.370454,342.4,0.00161417322834646,60.638,56.8399999999999,53.438,49.4239999999999,36.3,21.7,26.7
"BOOI4","2020-05-17 20:00",54.914,96.2,41188.183,0,8.784464,346.8,0.00094488188976378,59.7739999999999,56.8399999999999,53.438,49.4419999999999,36.3,21.7,26.7
"BOOI4","2020-05-17 21:00",54.0319999999999,94.9,13114.546,0.010000001,8.196148,350.2,0.000669291338582677,58.9999999999999,56.8399999999999,53.456,49.4599999999999,36.3,21.7,26.7
"BOOI4","2020-05-17 22:00",53.438,97.8,0,0,8.520505,345,0.000236220472440945,58.28,56.822,53.456,49.4779999999999,36.3,21.7,26.7
"BOOI4","2020-05-17 23:00",53.2039999999999,98.4,0,0,9.668055,359.2,0.000118110236220472,57.7039999999999,56.822,53.4739999999999,49.496,36.3,21.6,26.7
"BOOI4","2020-05-18 00:00",52.898,98.4,0,0,9.292249,6.489,7.8740157480315e-05,57.2359999999999,56.7859999999999,53.4919999999999,49.514,36.3,21.6,26.7
"BOOI4","2020-05-18 01:00",52.88,97.6,0,0,13.285187,18.18,0.000118110236220472,56.7859999999999,56.7319999999999,53.4919999999999,49.514,36.2,21.6,26.7
"BOOI4","2020-05-18 02:00",52.7539999999999,95.4,0,0,12.47094,18.4,0.000196850393700787,56.372,56.6599999999999,53.5099999999999,49.5319999999999,36.2,21.6,26.7
"BOOI4","2020-05-18 03:00",52.0339999999999,94.5,0,0,11.773015,15.99,0.000275590551181102,55.9939999999999,56.588,53.5099999999999,49.5499999999999,36.2,21.6,26.8
"BOOI4","2020-05-18 04:00",51.188,97.3,0,0,10.283214,12.46,0.000236220472440945,55.58,56.498,53.5279999999999,49.5679999999999,36.1,21.6,26.8
"BOOI4","2020-05-18 05:00",51.188,97.8,0,0,8.806833,8.96,0.000236220472440945,55.2199999999999,56.4079999999999,53.5279999999999,49.5859999999999,36.2,21.5,26.8
"BOOI4","2020-05-18 06:00",50.288,99.6,1354.5454,0.010000001,7.4691424,356,3.93700787401575e-05,54.896,56.3179999999999,53.546,49.6039999999999,36.1,21.5,26.8
"BOOI4","2020-05-18 07:00",50.414,99.1,41357.273,0,7.733102,356.7,0.00031496062992126,54.6259999999999,56.2099999999999,53.546,49.622,36.1,21.5,26.8
"BOOI4","2020-05-18 08:00",51.206,96.3,356981.8,0,10.361506,12.23,0.00141732283464567,54.4819999999999,56.1019999999999,53.546,49.64,36,21.5,26.8
"BOOI4","2020-05-18 09:00",52.664,93.1,583090.94,0,10.05952,10.73,0.00322834645669291,54.7699999999999,55.9759999999999,53.546,49.64,36,21.5,26.8
"BOOI4","2020-05-18 10:00",54.1759999999999,89.2,829272.7,0,11.137725,12.23,0.00496062992125984,55.256,55.8859999999999,53.564,49.6579999999999,36,21.5,26.8
"BOOI4","2020-05-18 11:00",55.0039999999999,86.8,1027181.8,0,9.455546,4.514,0.00661417322834646,56.03,55.7599999999999,53.546,49.6759999999999,36,21.5,26.8
"BOOI4","2020-05-18 12:00",56.5699999999999,85.6,1401636.4,0,9.567392,1.525,0.00937007874015748,57.2539999999999,55.6519999999999,53.546,49.6939999999999,36,21.5,26.8
"BOOI4","2020-05-18 13:00",55.4359999999999,87,719636.35,0,11.135488,12.35,0.00598425196850394,57.7039999999999,55.58,53.5279999999999,49.7119999999999,36,21.4,26.8
"BOOI4","2020-05-18 14:00",56.606,84.6,869000,0.020000001,10.025965,9.12,0.00661417322834646,57.6319999999999,55.5079999999999,53.5279999999999,49.7119999999999,36,21.4,26.8
"BOOI4","2020-05-18 15:00",57.164,85,1158181.9,0,11.679064,17.44,0.00850393700787402,58.19,55.472,53.5099999999999,49.748,35.9,21.4,26.8
"BOOI4","2020-05-18 16:00",56.8039999999999,86.5,863272.77,0,10.542698,13.29,0.00673228346456693,58.4779999999999,55.4179999999999,53.4919999999999,49.7659999999999,35.9,21.4,26.8
"BOOI4","2020-05-18 17:00",57.74,87.2,652818.2,0,10.008069,12.07,0.00570866141732283,58.5859999999999,55.4179999999999,53.4739999999999,49.7659999999999,35.9,21.4,26.8
"BOOI4","2020-05-18 18:00",57.5779999999999,87,463672.73,0,10.580727,14.43,0.00460629921259843,58.4419999999999,55.3999999999999,53.4739999999999,49.7839999999999,35.9,21.4,26.8
"BOOI4","2020-05-18 19:00",56.948,87.8,218690.92,0,9.498047,21.16,0.00291338582677165,58.082,55.3999999999999,53.456,49.8019999999999,35.9,21.4,26.8
"BOOI4","2020-05-18 20:00",55.5259999999999,92.8,88845.46,0,9.885038,20.92,0.00177165354330709,57.596,55.4179999999999,53.438,49.8199999999999,35.9,21.4,26.9
"BOOI4","2020-05-18 21:00",54.9859999999999,93.8,9920.909,0,9.797797,34.42,0.00118110236220473,57.0739999999999,55.4179999999999,53.4199999999999,49.8199999999999,35.9,21.4,26.9
"BOOI4","2020-05-18 22:00",55.0579999999999,90.3,0,0,8.267731,36.85,0.000433070866141732,56.588,55.3999999999999,53.4019999999999,49.838,35.9,21.4,26.9
"BOOI4","2020-05-18 23:00",54.5899999999999,92.3,0,0,8.437737,37.2,0.00047244094488189,56.156,55.3999999999999,53.4019999999999,49.856,35.9,21.4,26.9
"BOOI4","2020-05-19 00:00",53.8339999999999,92.3,0,0,8.084301,41.25,0.000393700787401575,55.796,55.3819999999999,53.3839999999999,49.874,35.8,21.4,26.9
"BOOI4","2020-05-19 01:00",53.2039999999999,92.2,0,0,9.759769,43.91,0.00047244094488189,55.4539999999999,55.346,53.3659999999999,49.8919999999999,35.8,21.4,26.9
"BOOI4","2020-05-19 02:00",52.9699999999999,93.4,0,0,8.448922,51.98,0.000393700787401575,55.1119999999999,55.3099999999999,53.3659999999999,49.8919999999999,35.8,21.4,26.9
"BOOI4","2020-05-19 03:00",52.3939999999999,93.6,0,0,10.571778,59.68,0.000354330708661417,54.8239999999999,55.2739999999999,53.3659999999999,49.9099999999999,35.8,21.3,26.8
"BOOI4","2020-05-19 04:00",52.106,95,0,0,8.066405,50.19,0.000275590551181102,54.5359999999999,55.2199999999999,53.348,49.9279999999999,35.8,21.3,26.8
"BOOI4","2020-05-19 05:00",51.422,95.8,0,0,7.970217,54.15,0.00015748031496063,54.3019999999999,55.1659999999999,53.348,49.946,35.8,21.3,26.8
"BOOI4","2020-05-19 06:00",51.5839999999999,97,1543.6363,0,4.3844023,53.19,0.000196850393700787,54.0679999999999,55.0939999999999,53.33,49.946,35.8,21.3,26.9
"BOOI4","2020-05-19 07:00",51.3499999999999,97.1,41023.632,0,4.3732176,38.59,0.000354330708661417,53.9239999999999,55.04,53.3119999999999,49.964,35.7,21.3,26.8
"BOOI4","2020-05-19 08:00",51.2779999999999,99.8,180918.2,0,5.1718054,46.79,0.00110236220472441,53.888,54.9679999999999,53.3119999999999,49.964,35.7,21.3,26.8
"BOOI4","2020-05-19 09:00",52.088,97.6,284736.36,0,5.205359,26.21,0.00177165354330709,54.1039999999999,54.8779999999999,53.2939999999999,49.9819999999999,35.7,21.3,26.8
"BOOI4","2020-05-19 10:00",52.2679999999999,97.3,382363.65,0,6.5452867,36.26,0.00220472440944882,54.3919999999999,54.8239999999999,53.2939999999999,49.9999999999999,35.7,21.3,26.8
"BOOI4","2020-05-19 11:00",52.988,97.5,581636.35,0,6.9837265,39.2,0.0034251968503937,54.7519999999999,54.7519999999999,53.2759999999999,49.9999999999999,35.6,21.3,26.8
"BOOI4","2020-05-19 12:00",54.7519999999999,91.9,1052000,0,7.4244037,42.55,0.00594488188976378,55.5439999999999,54.68,53.2579999999999,50.0179999999999,35.7,21.3,26.8
"BOOI4","2020-05-19 13:00",57.3259999999999,87.9,1385363.6,0,4.881003,22.29,0.00897637795275591,57.0019999999999,54.6259999999999,53.24,50.0359999999999,35.7,21.2,26.8
"BOOI4","2020-05-19 14:00",59.0539999999999,86.4,1081090.8,0,7.0933366,33.83,0.00767716535433071,58.2079999999999,54.572,53.24,50.0359999999999,35.7,21.2,26.8
"BOOI4","2020-05-19 15:00",58.9279999999999,87.2,1121000,0,8.021667,37.73,0.0078740157480315,58.946,54.5539999999999,53.222,50.0539999999999,35.7,21.2,26.8
"BOOI4","2020-05-19 16:00",61.214,84.5,1268000,0,6.715294,29.85,0.00885826771653543,59.6119999999999,54.5539999999999,53.2039999999999,50.0539999999999,35.7,21.2,26.8
"BOOI4","2020-05-19 17:00",61.8259999999999,87.4,844727.23,0,7.2208424,37.23,0.00681102362204724,60.566,54.572,53.1859999999999,50.072,35.7,21.2,26.8
"BOOI4","2020-05-19 18:00",61.772,87.6,411290.92,0,8.905258,60.91,0.00448818897637795,60.566,54.6259999999999,53.1679999999999,50.072,35.7,21.2,26.8
"BOOI4","2020-05-19 19:00",61.6999999999999,88,259099.98,0,7.491512,65.87,0.00326771653543307,60.206,54.68,53.1499999999999,50.0899999999999,35.7,21.2,26.8
"BOOI4","2020-05-19 20:00",61.5199999999999,90,147136.37,0,7.522829,67.76,0.00240157480314961,59.864,54.7519999999999,53.1319999999999,50.0899999999999,35.6,21.2,26.8
"BOOI4","2020-05-19 21:00",60.5119999999999,89.5,12524.546,0,11.012455,84.8,0.00216535433070866,59.3779999999999,54.8419999999999,53.114,50.1079999999999,35.6,21.2,26.8
"BOOI4","2020-05-19 22:00",58.5499999999999,90,5.4545454,0,11.249571,86.2,0.00062992125984252,58.838,54.914,53.114,50.1079999999999,35.6,21.2,26.8
"BOOI4","2020-05-19 23:00",57.164,91.4,0,0,12.4440975,91.7,0.000551181102362205,58.28,54.9859999999999,53.096,50.1259999999999,35.6,21.1,26.8
"BOOI4","2020-05-20 00:00",56.39,93.1,0,0,10.41743,90.8,0.00047244094488189,57.74,55.0579999999999,53.0779999999999,50.1259999999999,35.6,21.1,26.8
"BOOI4","2020-05-20 01:00",56.066,95.7,0,0,8.985788,88.5,0.000354330708661417,57.272,55.1119999999999,53.0779999999999,50.1439999999999,35.6,21.1,26.8
"BOOI4","2020-05-20 02:00",56.1739999999999,96.1,0,0,8.775516,89.1,0.000236220472440945,56.93,55.148,53.096,50.1439999999999,35.6,21.1,26.8
"BOOI4","2020-05-20 03:00",56.138,97.4,0,0,7.9210043,86,0.000196850393700787,56.696,55.1659999999999,53.0779999999999,50.1619999999999,35.6,21.1,26.8
"BOOI4","2020-05-20 04:00",56.048,98.8,0,0,6.2164564,80.3,0.000118110236220472,56.5159999999999,55.1659999999999,53.0779999999999,50.1619999999999,35.6,21.1,26.8
"BOOI4","2020-05-20 05:00",55.49,100,0,0,5.5587955,75.7,3.93700787401575e-05,56.39,55.1659999999999,53.096,50.18,35.6,21.1,26.8
"BOOI4","2020-05-20 06:00",55.6339999999999,100,1415.4545,0,6.1046095,72.78,0,56.2999999999999,55.1659999999999,53.096,50.18,35.6,21.1,26.8
"BOOI4","2020-05-20 07:00",55.7779999999999,100,32205.456,0,6.8383255,72.7,0.000196850393700787,56.2279999999999,55.13,53.096,50.18,35.6,21.1,26.8
"BOOI4","2020-05-20 08:00",55.922,100,160245.44,0,8.310232,75.58,0.000866141732283465,56.264,55.1119999999999,53.114,50.18,35.6,21.1,26.8
"BOOI4","2020-05-20 09:00",57.164,98.7,303363.62,0,8.782227,79.15,0.00173228346456693,56.48,55.0939999999999,53.114,50.198,35.6,21.1,26.8
"BOOI4","2020-05-20 10:00",57.1279999999999,99.2,389909.1,0,10.207158,83.7,0.00220472440944882,56.8579999999999,55.0759999999999,53.114,50.2159999999999,35.6,21.1,26.8
"BOOI4","2020-05-20 11:00",57.9199999999999,98.5,453272.74,0,9.064081,88.9,0.00267716535433071,57.2179999999999,55.0579999999999,53.114,50.2159999999999,35.6,21.1,26.8
"BOOI4","2020-05-20 12:00",60.6019999999999,90.9,636545.5,0,9.122241,95.5,0.0044488188976378,57.722,55.022,53.1319999999999,50.2159999999999,35.6,21.1,26.8
"BOOI4","2020-05-20 13:00",61.0159999999999,86.9,590000,0,8.896311,102.5,0.00519685039370079,58.3699999999999,55.022,53.1319999999999,50.2339999999999,35.5,21.1,26.8
"BOOI4","2020-05-20 14:00",61.3939999999999,84.7,615363.6,0,9.424228,105.3,0.00598425196850394,58.7659999999999,55.022,53.1319999999999,50.2339999999999,35.5,21.1,26.8
"BOOI4","2020-05-20 15:00",61.124,86.1,564636.35,0,10.079652,104.7,0.00594488188976378,59.0539999999999,55.04,53.1319999999999,50.2339999999999,35.5,21.1,26.8
"BOOI4","2020-05-20 16:00",61.538,84.4,660818.2,0,10.193736,111.5,0.0065748031496063,59.2339999999999,55.0579999999999,53.1319999999999,50.2519999999999,35.5,21,26.8
"BOOI4","2020-05-20 17:00",61.2679999999999,86.5,608000,0,10.761918,115,0.00614173228346457,59.414,55.0939999999999,53.1319999999999,50.2519999999999,35.5,21,26.8
"BOOI4","2020-05-20 18:00",59.7919999999999,89.2,264709.1,0,10.162419,112.2,0.00362204724409449,59.3779999999999,55.13,53.1319999999999,50.2519999999999,35.5,21,26.8
"BOOI4","2020-05-20 19:00",59.7019999999999,89.8,160963.64,0,8.898547,110.2,0.00259842519685039,59.0179999999999,55.1839999999999,53.1319999999999,50.2699999999999,35.5,21,26.8
"BOOI4","2020-05-20 20:00",59.0179999999999,92.8,70172.73,0,8.249835,110.2,0.00169291338582677,58.64,55.2199999999999,53.1319999999999,50.2699999999999,35.5,21,26.8
"BOOI4","2020-05-20 21:00",57.29,98.5,6211.8177,0,7.712969,113.5,0.000708661417322835,58.2619999999999,55.2739999999999,53.1319999999999,50.288,35.5,21,26.8
"BOOI4","2020-05-20 22:00",57.3259999999999,98.2,0,0,6.3260665,116.2,7.8740157480315e-05,57.9199999999999,55.3099999999999,53.1499999999999,50.288,35.5,21,26.8
"BOOI4","2020-05-20 23:00",57.29,95.6,0,0,7.4244037,112,0.000236220472440945,57.614,55.346,53.1499999999999,50.288,35.5,21,26.8
"BOOI4","2020-05-21 00:00",57.4519999999999,94.8,0,0,7.7062583,122.4,0.00031496062992126,57.3439999999999,55.364,53.1679999999999,50.288,35.5,21,26.8
"BOOI4","2020-05-21 01:00",57.038,95.4,0,0,6.5385756,120.1,0.000275590551181102,57.0739999999999,55.3819999999999,53.1499999999999,50.306,35.5,21,26.8
"BOOI4","2020-05-21 02:00",56.6599999999999,96.2,0,0,5.7288036,115.6,0.000236220472440945,56.8399999999999,55.3819999999999,53.1679999999999,50.306,35.5,21,26.8
"BOOI4","2020-05-21 03:00",56.5159999999999,96.4,0,0,5.3015475,113.5,0.000196850393700787,56.6419999999999,55.3819999999999,53.1859999999999,50.3239999999999,35.5,20.9,26.8
"BOOI4","2020-05-21 04:00",56.48,95.6,0,0,6.742137,124.1,0.000236220472440945,56.4439999999999,55.364,53.1859999999999,50.3239999999999,35.5,20.9,26.8
"BOOI4","2020-05-21 05:00",56.1199999999999,92.8,0,0,7.153734,124.3,0.000393700787401575,56.2819999999999,55.364,53.1859999999999,50.3239999999999,35.5,20.9,26.8
"BOOI4","2020-05-21 06:00",55.7779999999999,92.8,1471.8182,0,5.5118203,114.7,0.000354330708661417,56.048,55.3279999999999,53.2039999999999,50.3239999999999,35.5,20.9,26.8
"BOOI4","2020-05-21 07:00",55.706,92.2,26820,0,6.2142196,114.5,0.00102362204724409,55.8499999999999,55.2919999999999,53.222,50.3419999999999,35.4,20.9,26.8
"BOOI4","2020-05-21 08:00",56.0119999999999,90.9,90209.09,0,6.413307,125.2,0.00149606299212598,55.7239999999999,55.2739999999999,53.222,50.3419999999999,35.4,20.9,26.8
"BOOI4","2020-05-21 09:00",55.7599999999999,93.1,249181.81,0,5.523005,118.6,0.00224409448818898,55.7599999999999,55.238,53.222,50.3419999999999,35.4,20.9,26.8
"BOOI4","2020-05-21 10:00",56.0839999999999,94.7,678818.2,0,8.222992,104.6,0.00448818897637795,56.1739999999999,55.2019999999999,53.222,50.3599999999999,35.4,20.9,26.8
"BOOI4","2020-05-21 11:00",58.946,84.4,1398909.2,0,9.992411,103.7,0.00826771653543307,57.146,55.1659999999999,53.24,50.3599999999999,35.4,20.9,26.8
"BOOI4","2020-05-21 12:00",59.288,86.4,1027818.1,0,10.410718,103.6,0.00732283464566929,58.4419999999999,55.13,53.24,50.3599999999999,35.4,20.9,26.8
"BOOI4","2020-05-21 13:00",58.9999999999999,85.7,563727.3,0,9.366067,122.2,0.00555118110236221,58.9279999999999,55.0939999999999,53.24,50.3779999999999,35.4,20.8,26.8
"BOOI4","2020-05-21 14:00",60.3679999999999,79.04,846727.23,0,10.421904,128.6,0.00783464566929134,58.946,55.0939999999999,53.24,50.3779999999999,35.4,20.8,26.8
"BOOI4","2020-05-21 15:00",60.53,82.7,1011272.77,0,12.251721,128.6,0.00881889763779528,59.1259999999999,55.1119999999999,53.24,50.3779999999999,35.4,20.8,26.8
"BOOI4","2020-05-21 16:00",59.54,87.3,939272.77,0,11.117591,119.4,0.00779527559055118,59.7199999999999,55.148,53.2579999999999,50.396,35.4,20.8,26.8
"BOOI4","2020-05-21 17:00",59.3779999999999,86.8,494818.2,0,11.021403,116.6,0.00503937007874016,59.756,55.1839999999999,53.2579999999999,50.396,35.4,20.8,26.8
"BOOI4","2020-05-21 18:00",58.874,85.8,277136.38,0,9.457783,118.1,0.00354330708661417,59.3599999999999,55.2199999999999,53.24,50.396,35.4,20.8,26.8
"BOOI4","2020-05-21 19:00",59.0179999999999,85.7,193554.55,0,8.222992,132.3,0.00326771653543307,58.9279999999999,55.2739999999999,53.24,50.414,35.4,20.8,26.8
"BOOI4","2020-05-21 20:00",58.6039999999999,86.9,92000,0,7.1872883,137.2,0.00240157480314961,58.514,55.3279999999999,53.24,50.414,35.4,20.8,26.8
"BOOI4","2020-05-21 21:00",57.4519999999999,91.9,8458.181,0,5.961445,113.6,0.00125984251968504,58.082,55.364,53.2579999999999,50.414,35.4,20.8,26.8
"BOOI4","2020-05-21 22:00",57.164,92.8,0,0,5.6393256,108.1,0.000393700787401575,57.6499999999999,55.3999999999999,53.2579999999999,50.432,35.4,20.8,26.8
"BOOI4","2020-05-21 23:00",57.164,94.1,0,0,4.7467866,121.5,0.00031496062992126,57.3079999999999,55.4359999999999,53.2579999999999,50.432,35.4,20.8,26.8
"BOOI4","2020-05-22 00:00",57.038,95.1,0,0,5.757883,120.8,0.000275590551181102,57.038,55.4539999999999,53.2579999999999,50.432,35.4,20.8,26.8
"BOOI4","2020-05-22 01:00",56.7499999999999,96.7,0,0,5.2031226,124.5,0.000236220472440945,56.822,55.4539999999999,53.2759999999999,50.4499999999999,35.4,20.8,26.8
"BOOI4","2020-05-22 02:00",55.346,98.4,0,0,3.6820033,110.5,0.000118110236220472,56.4439999999999,55.4539999999999,53.2759999999999,50.4499999999999,35.4,20.8,26.8
"BOOI4","2020-05-22 03:00",55.922,98.8,0,0,2.2481246,120.1,3.93700787401575e-05,55.94,55.4359999999999,53.2939999999999,50.4499999999999,35.4,20.8,26.8
"BOOI4","2020-05-22 04:00",56.2099999999999,99,0,0,3.7535853,91.3,3.93700787401575e-05,55.832,55.4179999999999,53.2939999999999,50.4679999999999,35.4,20.8,26.8
"BOOI4","2020-05-22 05:00",56.5339999999999,98.3,0,0,4.9570594,118.5,7.8740157480315e-05,55.832,55.3999999999999,53.3119999999999,50.4859999999999,35.4,20.8,26.8
"BOOI4","2020-05-22 06:00",56.048,99.7,4245.455,0,4.0757046,94,7.8740157480315e-05,55.832,55.364,53.3119999999999,50.4679999999999,35.4,20.8,26.8
"BOOI4","2020-05-22 07:00",56.6599999999999,99.7,107554.535,0,6.4737043,98.2,-3.93700787401575e-05,55.814,55.3279999999999,53.33,50.4859999999999,35.4,20.8,26.8
"BOOI4","2020-05-22 08:00",57.614,98.9,208727.28,0,8.444448,116.4,0.00118110236220473,55.9939999999999,55.2739999999999,53.33,50.4859999999999,35.3,20.8,26.8
"BOOI4","2020-05-22 09:00",58.8199999999999,96.3,386818.2,0,8.840386,133.8,0.00251968503937008,56.4259999999999,55.238,53.33,50.4859999999999,35.3,20.8,26.8
"BOOI4","2020-05-22 10:00",60.89,93,812363.65,0,8.822492,126.7,0.00515748031496063,57.056,55.2019999999999,53.33,50.5039999999999,35.3,20.8,26.8
"BOOI4","2020-05-22 11:00",64.5079999999999,84.6,1814091,0,10.63665,109.6,0.0115748031496063,58.388,55.1659999999999,53.33,50.5039999999999,35.3,20.8,26.8
"BOOI4","2020-05-22 12:00",66.9739999999999,76.82,2365545.7,0,11.2473345,125.2,0.016496062992126,60.4759999999999,55.148,53.348,50.522,35.3,20.7,26.8
"BOOI4","2020-05-22 13:00",69.2599999999999,72.19,2606909.2,0,10.625465,130.4,0.0199212598425197,62.996,55.148,53.348,50.5039999999999,35.3,20.7,26.8
"BOOI4","2020-05-22 14:00",70.43,65.6,2045818.2,0,11.56498,137.9,0.0191732283464567,65.498,55.1659999999999,53.33,50.522,35.3,20.7,26.8
"BOOI4","2020-05-22 15:00",70.3939999999999,62.64,841181.8,0,11.189174,134.4,0.0125590551181102,66.0919999999999,55.256,53.33,50.522,35.3,20.7,26.8
"BOOI4","2020-05-22 16:00",70.0699999999999,70.75,913181.8,0,10.348084,141.4,0.0127165354330709,66.0919999999999,55.364,53.348,50.54,35.3,20.7,26.8
"BOOI4","2020-05-22 17:00",69.206,74.47,663454.5,0,8.963419,125.4,0.00940944881889764,65.9119999999999,55.5259999999999,53.33,50.54,35.4,20.7,26.8
"BOOI4","2020-05-22 18:00",68.3599999999999,75.18,500345.46,0,8.064169,107.5,0.00767716535433071,65.732,55.7239999999999,53.33,50.54,35.4,20.7,26.8
"BOOI4","2020-05-22 19:00",67.64,77.67,190027.3,0,6.6481853,100.7,0.00456692913385827,65.1739999999999,55.9039999999999,53.33,50.5579999999999,35.4,20.7,26.7
"BOOI4","2020-05-22 20:00",66.056,83.3,31103.636,0,6.238826,94.2,0.00295275590551181,64.4539999999999,56.0839999999999,53.348,50.5579999999999,35.4,20.7,26.7
"BOOI4","2020-05-22 21:00",63.1579999999999,93.3,5292.727,0.060000002,7.509408,87.5,0.00149606299212598,63.5899999999999,56.264,53.3659999999999,50.5759999999999,35.4,20.7,26.7
"BOOI4","2020-05-22 22:00",62.9419999999999,92.2,0,0.010000001,8.733014,86.2,0.00047244094488189,62.78,56.4079999999999,53.3839999999999,50.5759999999999,35.5,20.7,26.7
"BOOI4","2020-05-22 23:00",62.3119999999999,93.4,0,0,11.15562,76.31,0.000551181102362205,62.1499999999999,56.5519999999999,53.4019999999999,50.5759999999999,35.5,20.7,26.7
"BOOI4","2020-05-23 00:00",62.0599999999999,93.7,0,0,9.920829,77.54,0.000433070866141732,61.556,56.6419999999999,53.4199999999999,50.5759999999999,35.5,20.7,26.7
"BOOI4","2020-05-23 01:00",62.7259999999999,91.8,0,0,9.348172,85.6,0.000511811023622047,61.106,56.7319999999999,53.438,50.5939999999999,35.4,20.7,26.7
"BOOI4","2020-05-23 02:00",61.7359999999999,93,0,0,11.025877,88.2,0.000551181102362205,60.7279999999999,56.7859999999999,53.4739999999999,50.5939999999999,35.4,20.7,26.7
"BOOI4","2020-05-23 03:00",61.5739999999999,94.1,0,0,9.32804,88.8,0.000433070866141732,60.2599999999999,56.8399999999999,53.5099999999999,50.5939999999999,35.4,20.7,26.7
"BOOI4","2020-05-23 04:00",61.4119999999999,97.5,0,0.120000005,9.726215,94.6,0.000393700787401575,59.9539999999999,56.8759999999999,53.546,50.6119999999999,35.4,20.7,26.7
"BOOI4","2020-05-23 05:00",60.296,100,51.81818,0.26,9.560682,84.3,3.93700787401575e-05,59.7739999999999,56.8759999999999,53.582,50.6119999999999,35.5,20.7,26.7
"BOOI4","2020-05-23 06:00",60.1159999999999,98.5,2070,0.010000001,9.213956,61.7,7.8740157480315e-05,59.6119999999999,56.9119999999999,53.5999999999999,50.6119999999999,36.8,20.8,26.7
"BOOI4","2020-05-23 07:00",60.206,98.7,24576.365,0.05,10.52704,76.28,0.000551181102362205,59.4679999999999,56.9119999999999,53.6539999999999,50.6119999999999,37.1,20.9,26.7
"BOOI4","2020-05-23 08:00",60.9259999999999,97.1,207881.82,0.010000001,13.2963705,87.9,0.00169291338582677,59.432,56.9119999999999,53.672,50.63,37.8,21,26.7
"BOOI4","2020-05-23 09:00",60.548,99.2,182327.27,0,10.902845,88.3,0.0012992125984252,59.5759999999999,56.9119999999999,53.7259999999999,50.63,37.6,21.2,26.7
"BOOI4","2020-05-23 10:00",62.4919999999999,96.9,559636.35,0,8.283389,97.3,0.00350393700787402,59.864,56.8939999999999,53.7619999999999,50.63,37.5,21.3,26.7
"BOOI4","2020-05-23 11:00",65.498,89.9,1138909,0,4.885477,138.9,0.00799212598425197,60.9079999999999,56.8939999999999,53.798,50.648,37.3,21.4,26.8
"BOOI4","2020-05-23 12:00",65.6779999999999,89.3,1026272.7,0,5.628141,225.2,0.00795275590551181,62.4019999999999,56.8759999999999,53.816,50.648,37.2,21.5,26.8
"BOOI4","2020-05-23 13:00",65.714,91,979636.35,0,11.258519,267,0.00740157480314961,63.2839999999999,56.8759999999999,53.8519999999999,50.648,37,21.5,26.8
"BOOI4","2020-05-23 14:00",67.8199999999999,87.3,2246636.5,0,11.719328,302.4,0.0144881889763779,64.1119999999999,56.8939999999999,53.8699999999999,50.6659999999999,36.7,21.5,26.8
"BOOI4","2020-05-23 15:00",68.8099999999999,84.7,1887363.6,0,8.379578,317.7,0.0137007874015748,65.9119999999999,56.948,53.906,50.6659999999999,36.6,21.5,26.8
"BOOI4","2020-05-23 16:00",71.0239999999999,74.76,1777818.1,0,6.196324,323.1,0.0139763779527559,66.9739999999999,57.0019999999999,53.9239999999999,50.6839999999999,36.5,21.4,26.8
"BOOI4","2020-05-23 17:00",72.3919999999999,76.53,2107818,0,7.768893,309.2,0.0170472440944882,68.396,57.1099999999999,53.9419999999999,50.6839999999999,36.5,21.4,26.8
"BOOI4","2020-05-23 18:00",73.9579999999999,68.25,1633727.2,0,6.25001,316.8,0.0144094488188976,69.1519999999999,57.2359999999999,53.9599999999999,50.7019999999999,36.4,21.4,26.8
"BOOI4","2020-05-23 19:00",73.0939999999999,70.43,974818.1,0,3.952673,3.551,0.00874015748031496,69.296,57.38,53.9779999999999,50.7019999999999,36.4,21.3,26.8
"BOOI4","2020-05-23 20:00",71.1859999999999,77.61,500818.2,0,1.3533487,5.504,0.00291338582677165,68.6659999999999,57.5419999999999,54.014,50.7199999999999,36.4,21.3,26.8
"BOOI4","2020-05-23 21:00",66.8119999999999,89,73267.27,0,0.7023992,16.88,-0.00137795275590551,67.28,57.722,54.0319999999999,50.7199999999999,36.3,21.3,26.8
"BOOI4","2020-05-23 22:00",62.9599999999999,97.6,133.63637,0,0,0,-0.00137795275590551,65.7499999999999,57.9019999999999,54.0499999999999,50.7199999999999,36.3,21.3,26.8
"BOOI4","2020-05-23 23:00",63.4099999999999,93.4,0,0,0,0,-0.00137795275590551,64.3999999999999,58.082,54.0859999999999,50.738,36.3,21.2,26.8
"BOOI4","2020-05-24 00:00",61.9699999999999,97,0,0,0,0,-0.00137795275590551,63.23,58.2439999999999,54.122,50.738,36.3,21.2,26.8
"BOOI4","2020-05-24 01:00",60.746,98,0,0,0.5547611,92.8,-0.00118110236220473,62.222,58.3519999999999,54.1579999999999,50.756,36.3,21.2,26.8
"BOOI4","2020-05-24 02:00",60.098,99.3,0,0,0.2460634,79.54,-0.0012992125984252,61.4119999999999,58.4239999999999,54.1939999999999,50.756,36.3,21.2,26.8
"BOOI4","2020-05-24 03:00",60.098,98.6,0,0,1.1274178,82,-0.00102362204724409,60.8539999999999,58.4599999999999,54.248,50.7739999999999,36.3,21.2,26.8
"BOOI4","2020-05-24 04:00",60.7099999999999,97.7,0,0,3.4090967,88.1,-0.000669291338582677,60.4579999999999,58.4599999999999,54.2839999999999,50.7919999999999,36.3,21.2,26.8
"BOOI4","2020-05-24 05:00",61.43,96.3,0,0,5.0689063,119.9,-0.000433070866141732,60.2419999999999,58.4599999999999,54.338,50.7919999999999,36.3,21.2,26.8
"BOOI4","2020-05-24 06:00",61.88,95.9,8471.818,0,6.7600327,112.8,-0.000275590551181102,60.0439999999999,58.4239999999999,54.3919999999999,50.7919999999999,36.2,21.2,26.8
"BOOI4","2020-05-24 07:00",62.006,96.5,76527.27,0,8.929865,124.8,0.000708661417322835,59.9359999999999,58.388,54.4279999999999,50.8099999999999,36.2,21.2,26.8
"BOOI4","2020-05-24 08:00",62.6179999999999,97.5,106090.904,0,5.5789285,145.4,0.00106299212598425,60.0259999999999,58.3339999999999,54.464,50.8279999999999,36.1,21.2,26.8
"BOOI4","2020-05-24 09:00",62.4919999999999,98.1,44951.817,0.010000001,8.518268,311.6,0.000866141732283465,60.2239999999999,58.28,54.5179999999999,50.8279999999999,36.1,21.2,26.9
"BOOI4","2020-05-24 10:00",62.5099999999999,97.6,298272.74,0,5.487214,22.27,0.0021259842519685,60.3859999999999,58.2259999999999,54.5539999999999,50.846,36.1,21.2,26.9
"BOOI4","2020-05-24 11:00",64.0759999999999,95.4,711909.1,0,7.451247,68.75,0.005,61.088,58.172,54.5899999999999,50.846,36.1,21.2,26.9
"BOOI4","2020-05-24 12:00",67.532,88.9,861454.5,0,3.317382,125.3,0.00673228346456693,61.7539999999999,58.1179999999999,54.6079999999999,50.864,36.1,21.2,26.8
"BOOI4","2020-05-24 13:00",71.2759999999999,83.6,1485545.4,0,13.723627,139.7,0.0114173228346457,62.8339999999999,58.082,54.6439999999999,50.864,36.1,21.2,26.8
"BOOI4","2020-05-24 14:00",77.0539999999999,69.57,3146000,0,16.204393,158.2,0.0246062992125984,65.1199999999999,58.064,54.6619999999999,50.8819999999999,36.1,21.2,26.8
"BOOI4","2020-05-24 15:00",79.0699999999999,68.84,2682727.3,0,13.305319,175.3,0.0245275590551181,67.514,58.064,54.698,50.8999999999999,36.1,21.2,26.8
"BOOI4","2020-05-24 16:00",79.4839999999999,62.63,2336727.3,0,12.940698,171.6,0.0232677165354331,69.1339999999999,58.0999999999999,54.698,50.8999999999999,36.1,21.2,26.8
"BOOI4","2020-05-24 17:00",79.2859999999999,67.66,1614818.2,0,10.466642,172.8,0.0188976377952756,70.232,58.172,54.7339999999999,50.9179999999999,36.1,21.2,26.8
"BOOI4","2020-05-24 18:00",76.514,76.1,331036.38,0,7.6436243,160,0.00740157480314961,69.6739999999999,58.28,54.7519999999999,50.9359999999999,36.1,21.2,26.8
"BOOI4","2020-05-24 19:00",73.9939999999999,82.8,180718.17,0,4.022018,167.8,0.00338582677165354,68.6839999999999,58.4419999999999,54.7699999999999,50.9359999999999,36.1,21.1,26.8
"BOOI4","2020-05-24 20:00",72.4099999999999,91.9,154372.73,0,6.1292157,190.9,0.00338582677165354,68.0539999999999,58.622,54.788,50.9539999999999,36.1,21.1,26.8
"BOOI4","2020-05-24 21:00",68.864,98.2,12491.818,0.010000001,3.840826,123.8,0.000551181102362205,67.406,58.8019999999999,54.806,50.9539999999999,36.1,21.1,26.8
"BOOI4","2020-05-24 22:00",68.2699999999999,93.8,0,0.010000001,1.154261,307.9,7.8740157480315e-05,66.74,58.964,54.8239999999999,50.972,36.1,21.1,26.8
"BOOI4","2020-05-24 23:00",66.0739999999999,94.9,0,0.09,4.2792664,213.6,0.00031496062992126,66.056,59.1079999999999,54.8599999999999,50.99,36.1,21.1,26.9
"BOOI4","2020-05-25 00:00",64.814,98.2,0,0.040000003,0.28409138,181,3.93700787401575e-05,65.372,59.2519999999999,54.896,50.99,36.1,21.1,26.8
"BOOI4","2020-05-25 01:00",63.914,100,0,0.020000001,1.3511117,63.59,3.93700787401575e-05,64.832,59.3419999999999,54.932,51.0079999999999,36.2,21.1,26.8
"BOOI4","2020-05-25 02:00",63.446,100,0,0.020000001,1.342164,57.84,0,64.346,59.4499999999999,54.9679999999999,51.0259999999999,36.2,21.1,26.8
"BOOI4","2020-05-25 03:00",64.0939999999999,99.6,0,0.010000001,1.492039,85.5,3.93700787401575e-05,63.932,59.5039999999999,55.0039999999999,51.0439999999999,36.2,21.1,26.8
"BOOI4","2020-05-25 04:00",64.238,99.1,0,0,0,0,3.93700787401575e-05,63.698,59.54,55.04,51.0619999999999,36.2,21.1,26.8
"BOOI4","2020-05-25 05:00",63.9499999999999,100,0,0.010000001,0.58831525,96.6,3.93700787401575e-05,63.5179999999999,59.5759999999999,55.0939999999999,51.0619999999999,36.2,21.1,26.8
"BOOI4","2020-05-25 06:00",63.8779999999999,100,810,0.010000001,0.47423127,153.7,3.93700787401575e-05,63.356,59.5939999999999,55.13,51.08,36.2,21.1,26.9
"BOOI4","2020-05-25 07:00",64.3999999999999,100,45145.454,0.010000001,2.715645,194.1,0.000354330708661417,63.2659999999999,59.5939999999999,55.1839999999999,51.098,36.3,21.1,26.9
"BOOI4","2020-05-25 08:00",65.5339999999999,100,395036.35,0,4.386639,222,0.0021259842519685,63.374,59.5939999999999,55.2199999999999,51.1159999999999,36.3,21.1,26.9
"BOOI4","2020-05-25 09:00",67.73,95.8,1036545.5,0.010000001,6.527391,223.8,0.00610236220472441,64.2739999999999,59.5759999999999,55.256,51.1159999999999,36.3,21.1,26.9
"BOOI4","2020-05-25 10:00",70.0159999999999,88.2,1507091,0.010000001,0.9238562,195,0.0109448818897638,65.7679999999999,59.5759999999999,55.3099999999999,51.1159999999999,36.4,21.1,26.9
"BOOI4","2020-05-25 11:00",70.9159999999999,89.2,1632454.5,0,3.5231807,119.1,0.0124015748031496,67.8199999999999,59.5759999999999,55.346,51.1519999999999,36.4,21.1,26.9
"BOOI4","2020-05-25 12:00",73.5079999999999,81.7,2219818,0,6.3864636,145.4,0.0166929133858268,69.188,59.5759999999999,55.3819999999999,51.1519999999999,36.4,21.1,26.9
"BOOI4","2020-05-25 13:00",74.822,80.4,2907181.6,0,6.5094957,163.5,0.0225196850393701,71.438,59.63,55.4179999999999,51.1699999999999,36.4,21.1,26.9
"BOOI4","2020-05-25 14:00",76.0999999999999,76.23,1683000,0,5.86302,190.2,0.0151574803149606,72.8419999999999,59.7019999999999,55.4539999999999,51.1699999999999,36.4,21.2,26.9
"BOOI4","2020-05-25 15:00",77.4499999999999,74.37,1927000,0,2.7469623,193.2,0.0166535433070866,73.814,59.8279999999999,55.49,51.188,36.4,21.2,26.9
"BOOI4","2020-05-25 16:00",80.0419999999999,74.36,1899636.4,0,0.28185445,231.3,0.0157874015748031,74.822,59.99,55.5259999999999,51.206,36.4,21.2,26.9
"BOOI4","2020-05-25 17:00",77.396,75.92,764881.84,0,1.0379401,344.7,0.00724409448818898,75.596,60.188,55.5439999999999,51.2239999999999,36.4,21.2,26.9
"BOOI4","2020-05-25 18:00",68.4319999999999,96.4,97527.275,0.080000006,6.8204303,304.6,0.00224409448818898,74.1199999999999,60.44,55.58,51.2419999999999,36.9,21.3,26.9
"BOOI4","2020-05-25 19:00",67.1359999999999,100,105589.096,0.05,5.2143073,78.21,0.000984251968503937,72.338,60.7819999999999,55.6519999999999,51.2779999999999,38.3,21.8,27
"BOOI4","2020-05-25 20:00",67.064,100,29717.272,0.060000002,5.6460366,114.5,0.000236220472440945,70.772,61.2859999999999,55.7599999999999,51.314,39,25.1,27.1
"BOOI4","2020-05-25 21:00",67.4239999999999,100,14719.999,0.05,4.1629453,169.6,0.000118110236220472,69.746,61.772,55.94,51.3499999999999,38.6,24.7,27.1
"BOOI4","2020-05-25 22:00",66.7939999999999,100,133.63637,0.040000003,2.5031357,140.5,0,68.9359999999999,62.0419999999999,56.1019999999999,51.3679999999999,38.4,24.4,27.1
"BOOI4","2020-05-25 23:00",66.5419999999999,100,0,0.030000001,3.5969996,145.5,0,68.18,62.2039999999999,56.2099999999999,51.3859999999999,38.3,24.2,27.1
"BOOI4","2020-05-26 00:00",66.3619999999999,100,0,0.020000001,0,0,3.93700787401575e-05,67.5499999999999,62.33,56.3179999999999,51.4039999999999,38.2,24.1,27.1
"BOOI4","2020-05-26 01:00",65.7859999999999,100,0,0.020000001,0.6039738,151.9,0,67.0099999999999,62.3839999999999,56.4079999999999,51.422,38.1,24.1,27.1
"BOOI4","2020-05-26 02:00",65.372,100,0,0.020000001,0.12974252,141.4,3.93700787401575e-05,66.5239999999999,62.4199999999999,56.48,51.4579999999999,38,24.2,27.1
"BOOI4","2020-05-26 03:00",65.4619999999999,100,0,0.020000001,1.0826789,148.3,0,66.164,62.4199999999999,56.5519999999999,51.4759999999999,37.8,24.2,27.1
"BOOI4","2020-05-26 04:00",65.696,100,0,0.020000001,2.8230183,156.6,0,65.9659999999999,62.4019999999999,56.624,51.4759999999999,37.7,24.2,27.1
"BOOI4","2020-05-26 05:00",65.03,100,0,0.010000001,0.18566601,167.7,3.93700787401575e-05,65.732,62.3659999999999,56.696,51.5119999999999,37.6,24.3,27.2
"BOOI4","2020-05-26 06:00",65.138,100,10630.908,0.020000001,0,0,7.8740157480315e-05,65.4439999999999,62.33,56.7499999999999,51.53,37.5,24.3,27.2
"BOOI4","2020-05-26 07:00",64.9039999999999,100,62953.64,0.010000001,0.091714546,180.7,0.000393700787401575,65.282,62.2759999999999,56.822,51.548,37.5,24.4,27.2
"BOOI4","2020-05-26 08:00",65.3359999999999,100,364018.2,0,0.029080221,146.2,0.00232283464566929,65.246,62.24,56.8579999999999,51.566,38,25.9,27.3
"BOOI4","2020-05-26 09:00",67.7839999999999,96.1,1129636.4,0.010000001,0.38251674,90.4,0.00755905511811024,65.9839999999999,62.2039999999999,56.93,51.6019999999999,38,26.3,27.2
"BOOI4","2020-05-26 10:00",68.6659999999999,94.9,1445000,0,2.9259174,96.3,0.0100393700787402,67.496,62.1499999999999,56.9659999999999,51.6199999999999,37.9,26.5,27.2
"BOOI4","2020-05-26 11:00",70.4659999999999,92.6,1338818.1,0.010000001,2.4405015,108.7,0.0100393700787402,68.5579999999999,62.114,57.0199999999999,51.638,37.8,26.8,27.2
"BOOI4","2020-05-26 12:00",71.24,92.4,1349727.3,0,3.919119,108.9,0.0103937007874016,69.4759999999999,62.0779999999999,57.0739999999999,51.6739999999999,37.8,27.3,27.2
"BOOI4","2020-05-26 13:00",75.3259999999999,81.5,2343000,0,8.659195,93.2,0.0172834645669291,70.4119999999999,62.0779999999999,57.0919999999999,51.6919999999999,37.8,28.2,27.2
"BOOI4","2020-05-26 14:00",76.0999999999999,83.4,1730727.2,0.010000001,9.795561,92,0.0157874015748031,72.482,62.096,57.1279999999999,51.7099999999999,37.8,29.5,27.2
"BOOI4","2020-05-26 15:00",75.1099999999999,80.3,809672.7,0.010000001,9.401859,113.6,0.00984251968503937,72.5539999999999,62.1499999999999,57.164,51.746,37.8,30.9,27.3
"BOOI4","2020-05-26 16:00",72.7519999999999,92.7,1010227.3,0.010000001,11.007981,203.4,0.00862204724409449,71.7619999999999,62.24,57.182,51.746,38,32.5,27.4
"BOOI4","2020-05-26 17:00",72.2659999999999,90.3,255836.36,0.010000001,9.621079,185.9,0.00291338582677165,71.7259999999999,62.3839999999999,57.2179999999999,51.7819999999999,38.7,32.6,27.5
"BOOI4","2020-05-26 18:00",75.9019999999999,86.8,1506272.7,0.010000001,11.200358,173.1,0.0121259842519685,71.69,62.582,57.2539999999999,51.8179999999999,38.7,32.5,27.5
"BOOI4","2020-05-26 19:00",73.9939999999999,89.3,306918.18,0.020000001,8.513794,192.2,0.00429133858267717,71.888,62.7259999999999,57.3079999999999,51.8539999999999,38.7,32.6,27.5
"BOOI4","2020-05-26 20:00",73.3099999999999,88.4,190745.45,0.020000001,8.7867,201.2,0.00334645669291339,71.222,62.8339999999999,57.3439999999999,51.872,38.7,32.6,27.5
"BOOI4","2020-05-26 21:00",71.9239999999999,88.7,31383.633,0.010000001,6.1314526,173,0.00133858267716536,70.3759999999999,62.9419999999999,57.398,51.89,38.7,32.6,27.5
"BOOI4","2020-05-26 22:00",69.9079999999999,91.6,184.54544,0.010000001,1.5345408,166.3,0.000275590551181102,69.4759999999999,63.0319999999999,57.4339999999999,51.9259999999999,38.7,32.6,27.5
"BOOI4","2020-05-26 23:00",69.6739999999999,91.1,0,0.010000001,7.1805773,159.8,0.000708661417322835,68.63,63.122,57.4699999999999,51.9439999999999,38.7,32.6,27.5
"BOOI4","2020-05-27 00:00",68.4859999999999,93.2,0,0.010000001,8.645773,158.9,0.00062992125984252,67.874,63.1759999999999,57.5239999999999,51.9619999999999,38.8,32.7,27.6
"BOOI4","2020-05-27 01:00",68.63,95.1,0,0,8.737488,169.7,0.00047244094488189,67.3699999999999,63.2119999999999,57.5599999999999,51.998,38.8,32.7,27.6
"BOOI4","2020-05-27 02:00",68.0179999999999,97.1,0,0.010000001,7.06202,192.8,0.000236220472440945,67.1359999999999,63.23,57.614,52.0159999999999,38.8,32.7,27.6
"BOOI4","2020-05-27 03:00",66.6499999999999,97.3,0,0.010000001,7.607833,182.6,0.000236220472440945,66.9019999999999,63.23,57.6499999999999,52.0339999999999,38.8,32.7,27.6
"BOOI4","2020-05-27 04:00",65.9119999999999,99.5,0,0.010000001,6.225404,177.5,7.8740157480315e-05,66.5419999999999,63.2119999999999,57.7039999999999,52.0699999999999,38.8,32.7,27.6
"BOOI4","2020-05-27 05:00",65.93,100,0,0.010000001,5.6706433,172,0,66.272,63.1759999999999,57.74,52.0699999999999,38.9,32.7,27.6
"BOOI4","2020-05-27 06:00",66.0199999999999,100,1767.2728,0.010000001,5.762357,198.2,0,66.0919999999999,63.14,57.7759999999999,52.106,38.9,32.7,27.6
"BOOI4","2020-05-27 07:00",65.7499999999999,100,41199.093,0.010000001,4.892188,168.5,0.00031496062992126,65.948,63.0859999999999,57.83,52.124,38.9,32.7,27.6
"BOOI4","2020-05-27 08:00",65.624,100,186509.11,0.010000001,7.1358385,156.2,0.00122047244094488,65.9119999999999,63.0499999999999,57.8659999999999,52.1419999999999,38.9,32.7,27.6
"BOOI4","2020-05-27 09:00",66.4519999999999,97.9,305927.28,0.010000001,4.972718,169,0.00216535433070866,66.056,62.996,57.9019999999999,52.1599999999999,38.9,32.6,27.6
"BOOI4","2020-05-27 10:00",67.5499999999999,94.5,680272.7,0,4.8340273,165.4,0.005,66.5239999999999,62.9239999999999,57.9199999999999,52.196,38.9,32.6,27.6
"BOOI4","2020-05-27 11:00",69.296,88.8,1177272.7,0,4.3888764,170.7,0.00885826771653543,67.5679999999999,62.888,57.956,52.214,38.9,32.6,27.7
"BOOI4","2020-05-27 12:00",70.88,83.3,1469727.3,0.010000001,1.0513618,178.4,0.0115354330708661,68.9359999999999,62.8339999999999,57.9919999999999,52.214,38.9,32.6,27.7
"BOOI4","2020-05-27 13:00",72.1939999999999,81.2,1896181.9,0,1.2370278,182.4,0.0150393700787402,70.8439999999999,62.798,58.0099999999999,52.2499999999999,38.9,32.6,27.6
"BOOI4","2020-05-27 14:00",74.372,78.18,2465545.4,0.010000001,1.489802,180.8,0.0196850393700787,72.8239999999999,62.78,58.0279999999999,52.2679999999999,38.9,32.6,27.6
"BOOI4","2020-05-27 15:00",74.1919999999999,76.25,1415818.2,0.010000001,0.6822667,163.4,0.0118503937007874,74.624,62.798,58.064,52.2859999999999,38.9,32.6,27.6
"BOOI4","2020-05-27 16:00",78.098,66.05,2168909,0.020000001,0.60173684,185.5,0.0175590551181102,75.38,62.8519999999999,58.082,52.3039999999999,38.9,32.6,27.6
"BOOI4","2020-05-27 17:00",78.746,64.17,2063090.8,0.020000001,1.0334663,241,0.0167322834645669,77.0179999999999,62.9599999999999,58.0999999999999,52.322,38.9,32.6,27.6
"BOOI4","2020-05-27 18:00",77.522,64.27,1664909.2,0.010000001,0.5547611,287.5,0.0129133858267717,77.972,63.1039999999999,58.1179999999999,52.3579999999999,38.9,32.6,27.6
"BOOI4","2020-05-27 19:00",76.856,65.43,774000,0.010000001,0.1901399,267.9,0.00566929133858268,77.738,63.2659999999999,58.1359999999999,52.3579999999999,38.9,32.6,27.6
"BOOI4","2020-05-27 20:00",76.082,69.93,291445.43,0.010000001,0.008947761,268.3,0.00169291338582677,76.4599999999999,63.464,58.1539999999999,52.3939999999999,38.9,32.6,27.6
"BOOI4","2020-05-27 21:00",73.346,80.7,44259.09,0,0.00671082,357,-0.00047244094488189,74.948,63.6619999999999,58.172,52.4119999999999,38.9,32.6,27.6
"BOOI4","2020-05-27 22:00",73.13,80.5,163.63637,0.010000001,0.0022369402,20.44,-0.000984251968503937,73.49,63.8599999999999,58.2079999999999,52.43,38.9,32.6,27.6
"BOOI4","2020-05-27 23:00",71.1499999999999,94.8,0,0,3.3710685,4.024,0,72.2839999999999,64.0399999999999,58.2439999999999,52.448,38.9,32.6,27.6
"BOOI4","2020-05-28 00:00",69.9439999999999,96.1,0,0.010000001,6.229878,13.28,0,71.3659999999999,64.2019999999999,58.28,52.4659999999999,38.9,32.6,27.7
"BOOI4","2020-05-28 01:00",69.188,98.2,0,0,3.3934379,18.66,-0.000393700787401575,70.6279999999999,64.3099999999999,58.298,52.4839999999999,38.9,32.6,27.6
"BOOI4","2020-05-28 02:00",68.7739999999999,99.1,0,0,1.9416639,13.13,-0.000551181102362205,70.0159999999999,64.3819999999999,58.3519999999999,52.5019999999999,38.9,32.6,27.6
"BOOI4","2020-05-28 03:00",68.5039999999999,100,0,0.010000001,0.87688047,12.59,-0.000708661417322835,69.548,64.4359999999999,58.388,52.5199999999999,38.9,32.5,27.6
"BOOI4","2020-05-28 04:00",67.2079999999999,99.9,0,0,3.0109212,36.37,-0.000511811023622047,69.1699999999999,64.4539999999999,58.4419999999999,52.538,38.9,32.5,27.6
"BOOI4","2020-05-28 05:00",67.3339999999999,100,0,0,0.008947761,7.358,-0.000866141732283465,68.6839999999999,64.4539999999999,58.496,52.556,38.9,32.5,27.6
"BOOI4","2020-05-28 06:00",66.9199999999999,100,2622.7272,0.010000001,0.2572481,343.6,-0.000826771653543307,68.306,64.4359999999999,58.5319999999999,52.5739999999999,38.8,32.5,27.6
"BOOI4","2020-05-28 07:00",65.7499999999999,100,87245.46,0,1.1743934,311.9,0.00031496062992126,67.9279999999999,64.4179999999999,58.5859999999999,52.6099999999999,38.8,32.5,27.6
"BOOI4","2020-05-28 08:00",65.948,99.7,243190.9,0,4.7825775,336.9,0.0015748031496063,67.6939999999999,64.3819999999999,58.622,52.6279999999999,38.8,32.5,27.6
"BOOI4","2020-05-28 09:00",65.714,94.5,351818.18,0.010000001,10.0774145,343.7,0.00255905511811024,67.5679999999999,64.3279999999999,58.6759999999999,52.646,38.8,32.5,27.6
"BOOI4","2020-05-28 10:00",64.7239999999999,92.2,435818.18,0,10.867054,7.702,0.00346456692913386,67.298,64.2919999999999,58.7119999999999,52.664,38.8,32.5,27.6
"BOOI4","2020-05-28 11:00",67.5859999999999,84.1,1110727.3,0,8.571954,356.8,0.00838582677165354,67.298,64.2199999999999,58.7659999999999,52.682,38.8,32.5,27.6
"BOOI4","2020-05-28 12:00",69.9079999999999,63.27,1584000,0.010000001,13.267292,7.604,0.0152362204724409,67.946,64.1659999999999,58.8019999999999,52.6999999999999,38.8,32.5,27.6
"BOOI4","2020-05-28 13:00",70.7359999999999,62.19,1635727.3,0,13.3097925,17.03,0.018503937007874,68.0179999999999,64.1119999999999,58.838,52.7179999999999,38.8,32.5,27.6
"BOOI4","2020-05-28 14:00",72.9499999999999,54.66,2698818,0,12.321065,17.68,0.0255905511811024,68.8279999999999,64.0579999999999,58.874,52.7359999999999,38.7,32.5,27.6
"BOOI4","2020-05-28 15:00",73.832,55.14,2968727.3,0.010000001,13.233737,18.91,0.029251968503937,70.2499999999999,64.0039999999999,58.8919999999999,52.7539999999999,38.7,32.4,27.6
"BOOI4","2020-05-28 16:00",75.2359999999999,49.3,2324727.3,0,10.759682,3.329,0.0251968503937008,70.9339999999999,63.9499999999999,58.9279999999999,52.772,38.7,32.4,27.6
"BOOI4","2020-05-28 17:00",74.48,49.36,1688636.4,0,10.361506,9.74,0.0213385826771654,71.096,63.932,58.946,52.8079999999999,38.7,32.4,27.6
"BOOI4","2020-05-28 18:00",75.6319999999999,47.65,1966363.6,0.010000001,6.8808274,28.07,0.0199212598425197,71.1679999999999,63.914,58.964,52.8259999999999,38.7,32.4,27.6
"BOOI4","2020-05-28 19:00",75.6859999999999,48.6,951000,0,1.4629587,27.6,0.00795275590551181,71.7259999999999,63.932,58.9999999999999,52.8439999999999,38.7,32.4,27.6
"BOOI4","2020-05-28 20:00",74.822,52.18,499454.56,0,0.0022369402,44.39,0.00192913385826772,71.1499999999999,63.9499999999999,58.9999999999999,52.8619999999999,38.7,32.4,27.6
"BOOI4","2020-05-28 21:00",69.1519999999999,64.82,118028.18,0.010000001,0.00671082,329.8,-0.0018503937007874,70.0699999999999,63.9679999999999,59.0359999999999,52.88,38.6,32.4,27.7
"BOOI4","2020-05-28 22:00",66.4339999999999,54.66,543.6363,0,2.2481246,339.5,0.00047244094488189,68.4319999999999,64.0039999999999,59.0539999999999,52.898,38.6,32.4,27.7
"BOOI4","2020-05-28 23:00",63.2119999999999,57.06,0,0,2.125093,336.2,0.00047244094488189,66.5599999999999,64.0399999999999,59.072,52.9159999999999,38.6,32.3,27.7
"BOOI4","2020-05-29 00:00",61.0699999999999,65.63,0,0,0.68897754,323.7,-0.000748031496062992,64.8859999999999,64.0579999999999,59.072,52.9519999999999,38.5,32.3,27.7
"BOOI4","2020-05-29 01:00",60.4579999999999,63.58,0,0.010000001,2.8453877,334.5,0.000590551181102362,63.5179999999999,64.022,59.1079999999999,52.9699999999999,38.5,32.3,27.7
"BOOI4","2020-05-29 02:00",59.1439999999999,67.75,0,0,4.0846524,339.1,0.000905511811023622,62.348,63.9679999999999,59.1259999999999,52.988,38.5,32.3,27.7
"BOOI4","2020-05-29 03:00",56.9659999999999,76.75,0,0,0.9999122,334.6,-0.00062992125984252,61.3579999999999,63.896,59.1439999999999,53.006,38.4,32.3,27.7
"BOOI4","2020-05-29 04:00",55.13,80.3,0,0,0.0447388,312.8,-0.0012992125984252,60.4759999999999,63.7699999999999,59.1619999999999,53.0419999999999,38.4,32.3,27.7
"BOOI4","2020-05-29 05:00",55.0939999999999,81.3,0,0.010000001,2.0848281,300.3,-0.000275590551181102,59.6839999999999,63.6259999999999,59.18,53.0599999999999,38.4,32.2,27.6
"BOOI4","2020-05-29 06:00",53.798,84.2,17757.273,0,2.8834157,305.6,-7.8740157480315e-05,58.9099999999999,63.464,59.198,53.0779999999999,38.3,32.2,27.6
"BOOI4","2020-05-29 07:00",56.1019999999999,77.76,326209.1,0,1.304136,306.1,0.000433070866141732,58.316,63.2659999999999,59.2159999999999,53.096,38.3,32.2,27.6
"BOOI4","2020-05-29 08:00",59.2519999999999,70.26,914272.7,0,4.997324,320.1,0.00598425196850394,58.298,63.0679999999999,59.2159999999999,53.114,38.2,32.2,27.6
"BOOI4","2020-05-29 09:00",60.8539999999999,62.54,1576909,0.010000001,8.849335,344.4,0.0123622047244095,59.18,62.8519999999999,59.2159999999999,53.1319999999999,38.2,32.2,27.6
"BOOI4","2020-05-29 10:00",61.88,64.81,2209091,0,9.216192,340.7,0.0169291338582677,60.548,62.6539999999999,59.2339999999999,53.1499999999999,38.2,32.2,27.6
"BOOI4","2020-05-29 11:00",63.2839999999999,60.12,2761272.7,0,8.733014,335.6,0.0205905511811024,61.664,62.438,59.2159999999999,53.1679999999999,38.1,32.2,27.6
"BOOI4","2020-05-29 12:00",63.5359999999999,60.15,2768182,0,11.240623,313,0.0214173228346457,62.816,62.2579999999999,59.2159999999999,53.1859999999999,38.1,32.2,27.6
"BOOI4","2020-05-29 13:00",63.6079999999999,59.61,3324545.4,0.010000001,10.283214,335.4,0.0246456692913386,64.1839999999999,62.114,59.2159999999999,53.222,38,32.2,27.6
"BOOI4","2020-05-29 14:00",65.4259999999999,55.58,3493636.5,0,10.05952,329.1,0.0263385826771654,65.606,62.006,59.198,53.24,38,32.2,27.6
"BOOI4","2020-05-29 15:00",67.28,49.91,3282727.3,0,8.489187,332.1,0.0261811023622047,67.046,61.9699999999999,59.1619999999999,53.2579999999999,38,32.2,27.6
"BOOI4","2020-05-29 16:00",68.8999999999999,47.48,2927727.3,0,7.9948235,338.8,0.0250787401574803,68.2699999999999,61.9519999999999,59.1439999999999,53.2759999999999,38,32.2,27.6
"BOOI4","2020-05-29 17:00",70.4839999999999,44.4,2438909.2,0.010000001,8.231939,328.8,0.0231102362204724,69.0079999999999,62.006,59.1259999999999,53.2939999999999,38,32.1,27.6
"BOOI4","2020-05-29 18:00",70.8259999999999,42.3,1848818.2,0,7.534014,335.8,0.019488188976378,69.206,62.1319999999999,59.0899999999999,53.33,38,32.1,27.6
"BOOI4","2020-05-29 19:00",70.6279999999999,44.78,1059000,0,8.008245,342.7,0.0149606299212598,68.7739999999999,62.2759999999999,59.072,53.33,38,32,27.6
"BOOI4","2020-05-29 20:00",69.8539999999999,48.55,578454.6,0,4.621518,339.5,0.00744094488188976,67.8919999999999,62.456,59.0539999999999,53.3659999999999,38,31.7,27.6
"BOOI4","2020-05-29 21:00",63.9499999999999,64.8,92312.72,0.010000001,0.8903021,342.7,-0.00110236220472441,66.7759999999999,62.6179999999999,59.0179999999999,53.3839999999999,38,31.7,27.6
"BOOI4","2020-05-29 22:00",61.772,71.16,333.63634,0,0.08276678,1.314,-0.00161417322834646,65.6779999999999,62.798,58.9999999999999,53.4019999999999,38,31.6,27.6
"BOOI4","2020-05-29 23:00",59.5759999999999,71.79,0,0,0,0,-0.00161417322834646,64.6699999999999,62.9599999999999,58.9999999999999,53.4199999999999,38,31.4,27.6
"BOOI4","2020-05-30 00:00",59.2339999999999,71.71,0,0,0,0,-0.00161417322834646,63.806,63.0679999999999,58.9999999999999,53.438,38,31.4,27.6
"BOOI4","2020-05-30 01:00",58.9999999999999,73.08,0,0,3.1540854,11.92,0.000354330708661417,63.0859999999999,63.122,58.9999999999999,53.456,38,31.3,27.6
"BOOI4","2020-05-30 02:00",56.9839999999999,78.77,0,0,1.0043861,11.81,-0.000826771653543307,62.4199999999999,63.14,58.9999999999999,53.4739999999999,37.9,31.3,27.6
"BOOI4","2020-05-30 03:00",55.6519999999999,82.7,0,0,0.21698318,14.13,-0.00133858267716536,61.79,63.1039999999999,59.0179999999999,53.4919999999999,37.9,31.2,27.5
"BOOI4","2020-05-30 04:00",54.1039999999999,88.2,0,0.010000001,0.48541597,10.23,-0.00118110236220473,61.214,63.0499999999999,59.0179999999999,53.5099999999999,37.9,30.5,27.6
"BOOI4","2020-05-30 05:00",52.9519999999999,90.2,0,0,0,0,-0.00141732283464567,60.656,62.9599999999999,59.0359999999999,53.5279999999999,37.9,28.9,27.5
"BOOI4","2020-05-30 06:00",53.6179999999999,86.6,17640,0,0,0,-0.00133858267716536,60.08,62.8339999999999,59.0539999999999,53.546,37.8,28.5,27.5
"BOOI4","2020-05-30 07:00",56.264,83.2,337663.64,0,0.00671082,19.4,7.8740157480315e-05,59.6659999999999,62.7079999999999,59.0539999999999,53.564,37.8,28,27.5
"BOOI4","2020-05-30 08:00",57.3439999999999,78.64,615909.1,0,0.04921268,15.61,0.00291338582677165,59.5759999999999,62.564,59.072,53.564,37.8,27.8,27.5
"BOOI4","2020-05-30 09:00",64.0579999999999,62.45,1538272.7,0,0.2729067,5.756,0.00929133858267717,60.08,62.3839999999999,59.072,53.582,37.7,27.7,27.5
"BOOI4","2020-05-30 10:00",65.714,58.16,2181818,0,1.1341287,4.414,0.0150787401574803,61.3579999999999,62.2039999999999,59.0899999999999,53.5999999999999,37.7,27.6,27.5
"BOOI4","2020-05-30 11:00",65.8579999999999,58.18,2703909,0.010000001,6.605684,35.96,0.0212992125984252,63.0859999999999,62.0419999999999,59.0899999999999,53.6179999999999,37.7,27.5,27.5
"BOOI4","2020-05-30 12:00",67.2259999999999,52.51,3072727.3,0,5.2836523,34.82,0.0239370078740157,65.03,61.898,59.0899999999999,53.6359999999999,37.7,27.3,27.5
"BOOI4","2020-05-30 13:00",68.6839999999999,49.8,3381818,0,5.5766916,32.79,0.0270866141732284,67.046,61.8079999999999,59.072,53.6539999999999,37.6,27.3,27.5
"BOOI4","2020-05-30 14:00",69.44,49.66,3367272.7,0.010000001,5.7668314,38.2,0.0274803149606299,69.0259999999999,61.79,59.072,53.672,37.6,27.2,27.5
"BOOI4","2020-05-30 15:00",70.3039999999999,44.95,3103636.2,0,5.140488,22.11,0.0259842519685039,70.7539999999999,61.8439999999999,59.0539999999999,53.69,37.6,27.1,27.5
"BOOI4","2020-05-30 16:00",71.6179999999999,42.9,2944181.6,0,3.4873896,17.08,0.0243307086614173,72.248,61.9699999999999,59.0359999999999,53.69,37.7,27.1,27.5
"BOOI4","2020-05-30 17:00",72.9499999999999,43.32,2288727.3,0,2.952761,52.81,0.0193307086614173,73.0759999999999,62.1499999999999,59.0179999999999,53.7079999999999,37.7,27,27.5
"BOOI4","2020-05-30 18:00",73.5259999999999,38.08,1344545.4,0,0.63976485,97.2,0.0102755905511811,73.3279999999999,62.4019999999999,58.9999999999999,53.7259999999999,37.6,27,27.5
"BOOI4","2020-05-30 19:00",72.9859999999999,38.6,1233181.8,0,1.6553357,65.88,0.00956692913385827,72.896,62.69,58.9819999999999,53.7439999999999,37.7,26.9,27.5
"BOOI4","2020-05-30 20:00",72.248,45.91,624454.5,0,0.6845036,80.1,0.00299212598425197,72.2119999999999,63.014,58.9819999999999,53.7619999999999,37.7,26.8,27.5
"BOOI4","2020-05-30 21:00",68.5579999999999,48.92,74541.824,0,0,0,-0.00165354330708661,70.88,63.3199999999999,58.9819999999999,53.7619999999999,37.7,26.8,27.5
"BOOI4","2020-05-30 22:00",65.714,55.87,481.8182,0.010000001,0,0,-0.00224409448818898,69.44,63.6259999999999,58.9819999999999,53.78,37.7,26.7,27.5
"BOOI4","2020-05-30 23:00",62.798,72.65,0,0,0.2572481,194.9,-0.0018503937007874,68.18,63.8779999999999,58.9999999999999,53.798,37.7,26.6,27.5
"BOOI4","2020-05-31 00:00",61.79,76.01,0,0,0.3243563,273.2,-0.00165354330708661,67.1359999999999,64.0939999999999,59.0179999999999,53.816,37.8,26.5,27.5
"BOOI4","2020-05-31 01:00",60.5119999999999,85.7,0,0,0.08276678,56.12,-0.0018503937007874,66.2899999999999,64.238,59.0359999999999,53.8339999999999,37.8,26.4,27.5
"BOOI4","2020-05-31 02:00",60.44,78.84,0,0,0,0,-0.00188976377952756,65.5699999999999,64.3279999999999,59.072,53.8339999999999,37.7,26.3,27.4
"BOOI4","2020-05-31 03:00",59.414,81.5,0,0,0,0,-0.00188976377952756,64.9579999999999,64.3819999999999,59.1259999999999,53.8519999999999,37.7,26.3,27.4
"BOOI4","2020-05-31 04:00",58.5679999999999,79.76,0,0,0.0044738804,22.34,-0.00192913385826772,64.364,64.3819999999999,59.1619999999999,53.8699999999999,37.7,26.2,27.4
"BOOI4","2020-05-31 05:00",57.488,81.4,0,0,0.0022369402,95.8,-0.00188976377952756,63.7699999999999,64.346,59.2159999999999,53.8699999999999,37.7,26.2,27.4
"BOOI4","2020-05-31 06:00",57.0919999999999,80.5,12756.364,0,1.3600595,91.5,-0.000905511811023622,63.2839999999999,64.2739999999999,59.2519999999999,53.888,37.6,26,27.4
"BOOI4","2020-05-31 07:00",58.3699999999999,73.8,70681.816,0,4.420193,107.9,0.00232283464566929,62.906,64.2019999999999,59.288,53.906,37.6,26,27.4
"BOOI4","2020-05-31 08:00",59.846,69.61,162163.64,0,6.2276406,122.3,0.00413385826771654,62.582,64.0759999999999,59.3419999999999,53.9239999999999,37.6,25.9,27.4
"BOOI4","2020-05-31 09:00",61.8439999999999,64.18,384081.82,0,8.131277,134.2,0.00728346456692913,62.4199999999999,63.9499999999999,59.3779999999999,53.9239999999999,37.6,25.7,27.4
"BOOI4","2020-05-31 10:00",63.122,60.9,785636.35,0,9.231851,129,0.0106299212598425,62.564,63.8239999999999,59.414,53.9419999999999,37.5,25.7,27.4
"BOOI4","2020-05-31 11:00",66.6319999999999,53.1,1723545.4,0,10.815605,147.3,0.0176377952755906,63.1939999999999,63.698,59.4499999999999,53.9599999999999,37.5,25.6,27.4
"BOOI4","2020-05-31 12:00",66.614,53.23,961000,0,11.488924,157.2,0.0153543307086614,64.022,63.572,59.4679999999999,53.9779999999999,37.5,25.5,27.4
"BOOI4","2020-05-31 13:00",67.982,51.88,1311000,0,11.29431,170.3,0.017755905511811,64.5439999999999,63.446,59.5039999999999,53.996,37.5,25.5,27.4
"BOOI4","2020-05-31 14:00",69.0079999999999,52.32,1570545.4,0,11.663405,184.3,0.0197244094488189,65.1739999999999,63.374,59.522,53.996,37.5,25.4,27.4
"BOOI4","2020-05-31 15:00",69.1519999999999,54.59,1615818.1,0,11.873677,175.3,0.0197637795275591,66.0019999999999,63.3199999999999,59.54,54.014,37.4,25.4,27.4
"BOOI4","2020-05-31 16:00",69.4039999999999,52.36,1248909,0,11.388262,168.8,0.0172834645669291,66.5779999999999,63.2839999999999,59.54,54.014,37.4,25.4,27.4
"BOOI4","2020-05-31 17:00",70.3039999999999,49.28,1240727.3,0,12.627526,167.3,0.0185826771653543,66.848,63.3019999999999,59.5579999999999,54.0319999999999,37.4,25.4,27.4
"BOOI4","2020-05-31 18:00",72.014,49.9,1486454.6,0,13.242685,169.4,0.0204724409448819,67.0279999999999,63.338,59.5579999999999,54.0499999999999,37.4,25.3,27.4
"BOOI4","2020-05-31 19:00",72.3199999999999,49.97,1098000,0,14.24707,159.3,0.0184645669291339,67.3159999999999,63.4099999999999,59.5579999999999,54.0499999999999,37.4,25.3,27.4
"BOOI4","2020-05-31 20:00",71.4199999999999,55.94,449909.1,0,12.477652,160.3,0.0128740157480315,67.0279999999999,63.4999999999999,59.5579999999999,54.0679999999999,37.4,25.2,27.4
"BOOI4","2020-05-31 21:00",68.8999999999999,63.42,72300.93,0,9.723978,157.7,0.00700787401574803,66.38,63.5899999999999,59.5579999999999,54.0859999999999,37.4,25.2,27.4
"BOOI4","2020-05-31 22:00",66.0199999999999,69.81,322.72726,0,7.133601,154.7,0.00165354330708661,65.624,63.68,59.5759999999999,54.1039999999999,37.4,25.1,27.4
"BOOI4","2020-05-31 23:00",64.3999999999999,73.41,0,0,6.417781,152.1,0.00114173228346457,64.922,63.7699999999999,59.5759999999999,54.122,37.4,25.1,27.4
"BOOI4","2020-06-01 00:00",64.13,74.09,0,0,6.625816,151.2,0.00102362204724409,64.346,63.8239999999999,59.5939999999999,54.14,37.4,25.1,27.4
"BOOI4","2020-06-01 01:00",64.148,71.73,0,0,8.659195,153.6,0.00137795275590551,63.8599999999999,63.8779999999999,59.6119999999999,54.14,37.4,25,27.4
"BOOI4","2020-06-01 02:00",65.1919999999999,68.38,0,0,9.128952,155.9,0.00169291338582677,63.464,63.8779999999999,59.6119999999999,54.1579999999999,37.4,25,27.4
"BOOI4","2020-06-01 03:00",64.6699999999999,69.1,0,0,10.254133,155.8,0.00188976377952756,63.122,63.8599999999999,59.63,54.1759999999999,37.4,25,27.4
"BOOI4","2020-06-01 04:00",64.2919999999999,71.32,0,0,10.920741,154.4,0.0018503937007874,62.8339999999999,63.806,59.648,54.1759999999999,37.4,24.9,27.4
"BOOI4","2020-06-01 05:00",63.5359999999999,74.59,0,0,10.390586,153,0.00149606299212598,62.582,63.7519999999999,59.6659999999999,54.1939999999999,37.4,24.9,27.4
"BOOI4","2020-06-01 06:00",63.6079999999999,76.68,5366.364,0,10.408482,154.1,0.0012992125984252,62.3659999999999,63.68,59.6839999999999,54.2119999999999,37.4,24.8,27.4
"BOOI4","2020-06-01 07:00",65.588,80,102318.17,0,11.491161,171,0.005,62.2039999999999,63.5899999999999,59.7019999999999,54.23,37.3,24.8,27.3
"BOOI4","2020-06-01 08:00",65.714,80.6,126418.2,0,11.956444,178.9,0.00503937007874016,62.2039999999999,63.5179999999999,59.7199999999999,54.248,37.3,24.8,27.3
"BOOI4","2020-06-01 09:00",68.3419999999999,78.28,424372.74,0,12.2919855,183.9,0.00708661417322835,62.2939999999999,63.4279999999999,59.7199999999999,54.2659999999999,37.2,24.8,27.3
"BOOI4","2020-06-01 10:00",71.7439999999999,70.9,1212818.1,0,14.056931,184,0.0128346456692913,62.7439999999999,63.3199999999999,59.738,54.2659999999999,37.2,24.7,27.3
"BOOI4","2020-06-01 11:00",78.5839999999999,59.24,2444181.6,0,18.007368,196.1,0.0248425196850394,63.8599999999999,63.23,59.738,54.2839999999999,37.3,24.7,27.3
"BOOI4","2020-06-01 12:00",79.772,56.11,3050000,0,22.682573,201.3,0.0331102362204724,65.7679999999999,63.14,59.756,54.3019999999999,37.2,24.7,27.3
"BOOI4","2020-06-01 13:00",81.8779999999999,54.01,3293636.5,0,23.666824,206.9,0.037007874015748,67.946,63.0859999999999,59.756,54.3199999999999,37.3,24.7,27.3
"BOOI4","2020-06-01 14:00",84.938,50.92,3321818.4,0,22.861526,201.3,0.0398818897637795,70.1419999999999,63.0679999999999,59.756,54.338,37.2,24.6,27.3
"BOOI4","2020-06-01 15:00",87.5119999999999,44.21,3181818,0,23.622087,206.6,0.0435433070866142,72.1579999999999,63.1039999999999,59.756,54.338,37.3,24.6,27.3
"BOOI4","2020-06-01 16:00",88.2679999999999,41.94,2856363.8,0,25.34453,205.4,0.0449212598425197,73.688,63.23,59.738,54.356,37.3,24.6,27.3
"BOOI4","2020-06-01 17:00",89.1859999999999,38.4,2321090.8,0,23.82341,211.4,0.0424803149606299,74.6419999999999,63.3919999999999,59.738,54.374,37.2,24.6,27.3
"BOOI4","2020-06-01 18:00",88.4119999999999,40.25,1657454.5,0,21.96675,219.3,0.0382283464566929,74.9839999999999,63.6259999999999,59.738,54.3919999999999,37.3,24.5,27.3
"BOOI4","2020-06-01 19:00",87.1699999999999,44.34,924272.7,0,19.103468,215.3,0.0297244094488189,74.8039999999999,63.896,59.738,54.4099999999999,37.3,24.5,27.3
"BOOI4","2020-06-01 20:00",85.514,47.65,548636.35,0,14.202332,218.2,0.0203937007874016,74.2279999999999,64.1839999999999,59.738,54.4099999999999,37.3,24.5,27.3
"BOOI4","2020-06-01 21:00",82.6519999999999,52.97,89744.54,0,13.03465,217.1,0.0143307086614173,73.3099999999999,64.472,59.738,54.4279999999999,37.3,24.5,27.3
"BOOI4","2020-06-01 22:00",79.988,57.27,589.0909,0,13.694547,214.1,0.00543307086614173,72.374,64.7419999999999,59.7739999999999,54.446,37.4,24.4,27.3
"BOOI4","2020-06-01 23:00",76.6759999999999,64.05,0,0,11.20707,203.8,0.00377952755905512,71.5099999999999,65.0119999999999,59.7739999999999,54.464,37.4,24.4,27.3
"BOOI4","2020-06-02 00:00",75.722,68.71,0,0,13.524539,211.3,0.00334645669291339,70.7359999999999,65.2279999999999,59.8099999999999,54.464,37.3,24.4,27.3
"BOOI4","2020-06-02 01:00",74.696,71.9,0,0,14.318653,216.5,0.00291338582677165,70.1419999999999,65.4259999999999,59.846,54.4819999999999,37.3,24.3,27.3
"BOOI4","2020-06-02 02:00",73.7779999999999,74.66,0,0,11.518004,221.7,0.00224409448818898,69.6019999999999,65.5519999999999,59.8819999999999,54.4999999999999,37.4,24.3,27.3
"BOOI4","2020-06-02 03:00",72.8779999999999,76.77,0,0,13.504407,229,0.0021259842519685,69.1159999999999,65.6599999999999,59.9359999999999,54.5179999999999,37.4,24.2,27.3
"BOOI4","2020-06-02 04:00",71.6359999999999,78.41,0,0,14.0502205,229.7,0.00192913385826772,68.6839999999999,65.732,59.99,54.5179999999999,37.4,24.2,27.3
"BOOI4","2020-06-02 05:00",70.6999999999999,79.88,0,0,13.412692,229.4,0.00169291338582677,68.2699999999999,65.7679999999999,60.0439999999999,54.5359999999999,37.3,24.2,27.3
"BOOI4","2020-06-02 06:00",70.5739999999999,80.5,25863.634,0,13.799684,229.6,0.00165354330708661,67.8919999999999,65.7859999999999,60.098,54.5539999999999,37.3,24.2,27.3
"BOOI4","2020-06-02 07:00",71.582,78.88,352681.82,0,14.141934,230.3,0.00582677165354331,67.6039999999999,65.7859999999999,60.1519999999999,54.5539999999999,37.3,24.2,27.3
"BOOI4","2020-06-02 08:00",73.3819999999999,74.47,814454.6,0,15.92925,230.3,0.00992125984251969,67.532,65.7679999999999,60.206,54.572,37.3,24.2,27.3
"BOOI4","2020-06-02 09:00",77.0539999999999,68.14,1504727.2,0,17.89552,232.7,0.0169685039370079,67.946,65.7499999999999,60.2599999999999,54.5899999999999,37.3,24.1,27.3
"BOOI4","2020-06-02 10:00",79.0339999999999,64.95,2118363.5,0,17.501818,235,0.0235826771653543,68.9179999999999,65.696,60.296,54.6079999999999,37.3,24.1,27.3
"BOOI4","2020-06-02 11:00",82.706,59.52,2646545.4,0,13.996533,235.1,0.0279133858267717,70.5019999999999,65.6599999999999,60.3499999999999,54.6079999999999,37.3,24.1,27.3
"BOOI4","2020-06-02 12:00",86.414,53.09,3045454.6,0,12.016842,224.1,0.0333070866141732,72.7159999999999,65.6419999999999,60.3859999999999,54.6259999999999,37.3,24,27.3
"BOOI4","2020-06-02 13:00",90.2659999999999,48.19,3289090.8,0,14.0367985,225.7,0.039251968503937,75.164,65.6599999999999,60.44,54.6439999999999,37.3,24,27.3
"BOOI4","2020-06-02 14:00",91.8499999999999,46,3323636.5,0,14.732487,214,0.042007874015748,77.4859999999999,65.714,60.4759999999999,54.6439999999999,37.3,24,27.3
"BOOI4","2020-06-02 15:00",93.6859999999999,40.71,3171818,0,15.761479,212.3,0.0437007874015748,79.538,65.8579999999999,60.5119999999999,54.6619999999999,37.3,24,27.3
"BOOI4","2020-06-02 16:00",93.9199999999999,41.96,2830272.7,0,17.349707,213.1,0.0437007874015748,80.9239999999999,66.038,60.548,54.68,37.3,24,27.3
"BOOI4","2020-06-02 17:00",94.0099999999999,36.48,2366636.2,0,18.946882,215.8,0.0432283464566929,81.68,66.3079999999999,60.5839999999999,54.698,37.4,24,27.3
"BOOI4","2020-06-02 18:00",93.2539999999999,39.16,1798454.5,0,17.743408,222.5,0.0372834645669291,81.7519999999999,66.614,60.6199999999999,54.7159999999999,37.4,23.9,27.3
"BOOI4","2020-06-02 19:00",91.4179999999999,45.73,977090.9,0,17.84407,220.2,0.030511811023622,81.248,66.956,60.656,54.7159999999999,37.4,23.9,27.2
"BOOI4","2020-06-02 20:00",89.3119999999999,50.48,517609.13,0,13.564804,221,0.0200787401574803,80.348,67.3159999999999,60.7099999999999,54.7519999999999,37.4,23.9,27.3
"BOOI4","2020-06-02 21:00",85.838,56.45,57880.91,0,9.081976,217.5,0.0107086614173228,79.1599999999999,67.6579999999999,60.746,54.7519999999999,37.4,23.9,27.3
"BOOI4","2020-06-02 22:00",82.346,62.38,291.8182,0,6.704109,197.7,0.00330708661417323,77.972,67.982,60.8179999999999,54.7699999999999,37.5,23.8,27.3
"BOOI4","2020-06-02 23:00",81.122,63.5,0,0,7.71968,212.4,0.00303149606299213,76.9099999999999,68.288,60.872,54.788,37.5,23.8,27.3
"BOOI4","2020-06-03 00:00",80.69,66.18,0,0,10.909556,216.9,0.00366141732283465,76.046,68.522,60.9259999999999,54.806,37.5,23.8,27.3
"BOOI4","2020-06-03 01:00",78.9439999999999,71.86,0,0,5.10246,232,0.00181102362204724,75.3439999999999,68.7199999999999,61.0159999999999,54.8239999999999,37.5,23.8,27.3
"BOOI4","2020-06-03 02:00",77.6839999999999,76.05,0,0,0,0,-0.00133858267716536,74.696,68.864,61.088,54.8419999999999,37.5,23.8,27.3
"BOOI4","2020-06-03 03:00",74.93,83,0,0,2.3197067,178.4,0,74.0839999999999,68.972,61.1779999999999,54.8599999999999,37.5,23.8,27.3
"BOOI4","2020-06-03 04:00",75.6859999999999,80,0,0,7.1604447,210.9,0.00114173228346457,73.5259999999999,69.0439999999999,61.2499999999999,54.8779999999999,37.5,23.7,27.3
"BOOI4","2020-06-03 05:00",72.9859999999999,87.6,0,0,6.22093,271.1,0.00062992125984252,72.9859999999999,69.098,61.3399999999999,54.8779999999999,37.5,23.7,27.3
"BOOI4","2020-06-03 06:00",68.5399999999999,88.7,9230,0,1.8879774,358.3,-0.00047244094488189,72.4279999999999,69.098,61.43,54.896,37.5,23.7,27.3
"BOOI4","2020-06-03 07:00",67.964,88.3,113200,0,4.326242,352.7,0.00133858267716536,71.8339999999999,69.098,61.5199999999999,54.914,37.4,23.7,27.3
"BOOI4","2020-06-03 08:00",68.7199999999999,86.8,475363.65,0,7.4422994,10.44,0.00421259842519685,71.3659999999999,69.0619999999999,61.5919999999999,54.932,37.4,23.7,27.3
"BOOI4","2020-06-03 09:00",72.3199999999999,79.62,1118727.3,0,9.567392,13.64,0.00933070866141732,71.2039999999999,69.0259999999999,61.682,54.9679999999999,37.4,23.7,27.3
"BOOI4","2020-06-03 10:00",77.63,67.31,2027636.5,0,10.719416,16.27,0.0182677165354331,71.69,68.972,61.7539999999999,54.9679999999999,37.4,23.7,27.3
"BOOI4","2020-06-03 11:00",81.8599999999999,53.92,2696363.8,0,11.0818,18.49,0.0267716535433071,73.0399999999999,68.8819999999999,61.8259999999999,55.0039999999999,37.4,23.7,27.3
"BOOI4","2020-06-03 12:00",83.822,50.03,3122727.3,0,10.844686,29.26,0.0333070866141732,74.9659999999999,68.8099999999999,61.898,55.0039999999999,37.4,23.6,27.3
"BOOI4","2020-06-03 13:00",86.0359999999999,40.35,2196099.9,0,9.0730295,41.26,0.0283464566929134,77.306,68.7739999999999,61.9519999999999,55.04,37.4,23.6,27.3
"BOOI4","2020-06-03 14:00",87.2419999999999,38.93,3119545.4,0,6.305934,51.82,0.0334251968503937,79.8619999999999,68.756,62.0419999999999,55.0579999999999,37.4,23.6,27.3
"BOOI4","2020-06-03 15:00",89.114,32.86,3220000,0,3.6909509,54.97,0.0319685039370079,82.346,68.8279999999999,62.096,55.0759999999999,37.4,23.6,27.3
"BOOI4","2020-06-03 16:00",90.0859999999999,30.92,2862909,0,2.3487868,44.68,0.0274015748031496,84.398,68.9539999999999,62.1319999999999,55.0939999999999,37.4,23.6,27.3
"BOOI4","2020-06-03 17:00",90.59,30.58,2329182,0,3.2323785,345.8,0.0245275590551181,85.6579999999999,69.1339999999999,62.1859999999999,55.1119999999999,37.4,23.6,27.3
"BOOI4","2020-06-03 18:00",90.896,30.55,1811363.6,0,4.6192813,280.4,0.022244094488189,85.946,69.3859999999999,62.24,55.148,37.4,23.6,27.3
"BOOI4","2020-06-03 19:00",90.248,27.38,1028181.9,0,6.044212,306.4,0.0186220472440945,85.3159999999999,69.6919999999999,62.2759999999999,55.1659999999999,37.5,23.6,27.3
"BOOI4","2020-06-03 20:00",86.0539999999999,33.29,412718.2,0,2.9907887,2.715,0.00795275590551181,83.84,70.0339999999999,62.33,55.1839999999999,37.5,23.5,27.2
"BOOI4","2020-06-03 21:00",82.94,38.38,60530.003,0,2.089302,14.27,0.00307086614173228,82.0399999999999,70.3579999999999,62.3839999999999,55.2019999999999,37.5,23.5,27.2
"BOOI4","2020-06-03 22:00",81.2119999999999,38.15,445.45457,0,1.6799419,15.84,0.00078740157480315,80.348,70.6819999999999,62.438,55.2199999999999,37.5,23.5,27.2
"BOOI4","2020-06-03 23:00",78.2419999999999,41.49,0,0,0.6285801,7.804,-0.000826771653543307,78.8539999999999,70.9699999999999,62.5099999999999,55.238,37.6,23.5,27.2
"BOOI4","2020-06-04 00:00",76.946,44.44,0,0,0.02684328,18.43,-0.00188976377952756,77.5759999999999,71.1859999999999,62.582,55.2739999999999,37.6,23.5,27.2
"BOOI4","2020-06-04 01:00",72.374,62.74,0,0,0.6039738,23.92,-0.000905511811023622,76.4599999999999,71.348,62.6539999999999,55.3099999999999,37.6,23.5,27.2
"BOOI4","2020-06-04 02:00",72.8239999999999,56.18,0,0,0.29974997,7.723,-0.0012992125984252,75.5419999999999,71.456,62.7439999999999,55.3279999999999,37.6,23.5,27.2
"BOOI4","2020-06-04 03:00",70.88,64.93,0,0,0.18790296,54.38,-0.00141732283464567,74.7859999999999,71.4919999999999,62.8339999999999,55.346,37.6,23.5,27.2
"BOOI4","2020-06-04 04:00",71.564,68.08,0,0,0.06263432,126.7,-0.00149606299212598,74.138,71.5099999999999,62.9239999999999,55.3819999999999,37.6,23.4,27.2
"BOOI4","2020-06-04 05:00",70.538,74.74,0,0,0.100662306,84,-0.00141732283464567,73.6339999999999,71.4739999999999,63.014,55.3999999999999,37.5,23.4,27.2
"BOOI4","2020-06-04 06:00",69.998,77.51,4078.1817,0,0.44067717,64.69,-0.00106299212598425,73.238,71.4199999999999,63.0859999999999,55.4179999999999,37.5,23.4,27.3
"BOOI4","2020-06-04 07:00",71.6539999999999,84.2,78545.456,0,0.00671082,121.4,0.00047244094488189,72.8779999999999,71.348,63.1759999999999,55.4539999999999,37.5,23.4,27.3
"BOOI4","2020-06-04 08:00",73.8859999999999,85.9,239436.37,0,0,0,0.00192913385826772,72.698,71.2579999999999,63.2659999999999,55.472,37.5,23.4,27.3
"BOOI4","2020-06-04 09:00",78.764,75.2,1395181.9,0,1.3801919,233,0.0106299212598425,73.0579999999999,71.1499999999999,63.338,55.49,37.5,23.3,27.3
"BOOI4","2020-06-04 10:00",84.1099999999999,63.86,2069181.6,0,2.013246,229.3,0.0175984251968504,74.39,71.0239999999999,63.4099999999999,55.5259999999999,37.5,23.3,27.3
"BOOI4","2020-06-04 11:00",86.18,55.61,2624272.7,0,5.319443,230,0.0256692913385827,76.4239999999999,70.9339999999999,63.4819999999999,55.5619999999999,37.4,23.3,27.3
"BOOI4","2020-06-04 12:00",87.2779999999999,48.86,3114545.4,0,5.1293035,207.8,0.0306692913385827,78.8539999999999,70.8439999999999,63.5359999999999,55.58,37.4,23.3,27.3
"BOOI4","2020-06-04 13:00",88.0699999999999,51.13,3247273,0,5.1539097,212.2,0.0327165354330709,81.4999999999999,70.8079999999999,63.5899999999999,55.598,37.4,23.3,27.3
"BOOI4","2020-06-04 14:00",89.9239999999999,45.54,3495454.6,0,6.189613,212.5,0.0365748031496063,84.0739999999999,70.8439999999999,63.6439999999999,55.6339999999999,37.4,23.3,27.3
"BOOI4","2020-06-04 15:00",91.706,37.91,3285454.6,0,5.75341,212.2,0.0354724409448819,86.3779999999999,70.9339999999999,63.698,55.6519999999999,37.4,23.3,27.3
"BOOI4","2020-06-04 16:00",91.8859999999999,37.1,2681636.5,0,8.285625,206.6,0.0340551181102362,87.6919999999999,71.096,63.7339999999999,55.688,37.5,23.2,27.3
"BOOI4","2020-06-04 17:00",91.256,38.27,2348454.6,0,10.339137,205.5,0.0332677165354331,88.2859999999999,71.348,63.788,55.706,37.5,23.2,27.3
"BOOI4","2020-06-04 18:00",90.4279999999999,40.89,1789909.2,0,10.907319,201,0.0289763779527559,88.124,71.6539999999999,63.8239999999999,55.7419999999999,37.5,23.2,27.3
"BOOI4","2020-06-04 19:00",88.9519999999999,45.26,920727.3,0,10.594148,198.2,0.0214566929133858,87.332,71.9779999999999,63.8779999999999,55.7779999999999,37.6,23.2,27.3
"BOOI4","2020-06-04 20:00",86.648,51.96,374727.26,0,9.92754,184.6,0.0153937007874016,85.9099999999999,72.3199999999999,63.932,55.796,37.6,23.2,27.3
"BOOI4","2020-06-04 21:00",82.58,60.84,68008.19,0,7.5944114,165.7,0.00811023622047244,84.2539999999999,72.6619999999999,63.9679999999999,55.832,37.6,23.2,27.3
"BOOI4","2020-06-04 22:00",80.2039999999999,67.91,394.54544,0,6.6548963,175.4,0.00271653543307087,82.7599999999999,72.9499999999999,64.022,55.8499999999999,37.6,23.2,27.3
"BOOI4","2020-06-04 23:00",75.038,72.58,0,0,6.046449,64.25,0.00153543307086614,81.356,73.2199999999999,64.0939999999999,55.8859999999999,37.6,23.1,27.3
"BOOI4","2020-06-05 00:00",77.648,72.3,0,0,3.0064473,146.2,0.000669291338582677,80.1679999999999,73.4179999999999,64.1839999999999,55.9039999999999,37.6,23.1,27.3
"BOOI4","2020-06-05 01:00",75.4339999999999,78.5,0,0,5.889863,138.7,0.00125984251968504,79.1419999999999,73.5619999999999,64.256,55.94,37.6,23.1,27.3
"BOOI4","2020-06-05 02:00",75.0739999999999,83,0,0,7.4892755,183.3,0.00118110236220473,78.296,73.6339999999999,64.3279999999999,55.9759999999999,37.6,23.1,27.3
"BOOI4","2020-06-05 03:00",74.8579999999999,82.9,0,0,6.594499,185.8,0.000826771653543307,77.5939999999999,73.6699999999999,64.4359999999999,56.0119999999999,37.6,23.1,27.3
"BOOI4","2020-06-05 04:00",74.39,88.7,0,0,6.927803,189,0.000866141732283465,77.0539999999999,73.6699999999999,64.5079999999999,56.03,37.6,23.1,27.3
"BOOI4","2020-06-05 05:00",67.2439999999999,86.4,0,0.060000002,13.097283,250.7,0.000826771653543307,76.3699999999999,73.6339999999999,64.598,56.066,37.5,23.1,27.3
"BOOI4","2020-06-05 06:00",65.5339999999999,93.2,2295.4545,0,2.5523486,57.36,-0.000354330708661417,75.272,73.5619999999999,64.688,56.0839999999999,37.6,23.1,27.3
"BOOI4","2020-06-05 07:00",66.5779999999999,92.7,134072.72,0,2.6507738,176.2,0.000590551181102362,74.372,73.472,64.7779999999999,56.1199999999999,37.6,23.1,27.3
"BOOI4","2020-06-05 08:00",70.7899999999999,81.8,569636.35,0,0.2125093,204,0.0034251968503937,73.9039999999999,73.364,64.8499999999999,56.156,37.5,23,27.3
"BOOI4","2020-06-05 09:00",74.3179999999999,74.45,1313091,0,1.6732311,184.3,0.0097244094488189,74.138,73.238,64.922,56.1919999999999,37.5,23,27.3
"BOOI4","2020-06-05 10:00",77.288,67.42,2010727.2,0,2.910259,240.3,0.0164566929133858,75.056,73.0759999999999,64.9939999999999,56.2099999999999,37.5,23,27.3
"BOOI4","2020-06-05 11:00",80.456,70.89,2493363.5,0,4.766919,251.9,0.0215354330708661,76.4779999999999,72.914,65.0659999999999,56.246,37.5,23,27.3
"BOOI4","2020-06-05 12:00",82.7779999999999,65.91,2854272.7,0,7.0150437,319,0.0257874015748032,78.2599999999999,72.7699999999999,65.1199999999999,56.2819999999999,37.5,23,27.3
"BOOI4","2020-06-05 13:00",83.1919999999999,59.15,3170363.8,0,7.943374,4.658,0.0301574803149606,79.9159999999999,72.6439999999999,65.1739999999999,56.2999999999999,37.4,22.9,27.3
"BOOI4","2020-06-05 14:00",83.6599999999999,57.13,3370909,0,8.236413,7.446,0.0324015748031496,81.8419999999999,72.59,65.2279999999999,56.3359999999999,37.4,22.9,27.3
"BOOI4","2020-06-05 15:00",85.298,53.87,3211818,0,7.6436243,4.325,0.0320866141732283,83.6419999999999,72.572,65.264,56.372,37.4,22.9,27.3
"BOOI4","2020-06-05 16:00",85.6039999999999,51.52,2864181.6,0,8.357208,22.23,0.0304724409448819,85.082,72.6259999999999,65.2999999999999,56.4079999999999,37.4,22.9,27.3
"BOOI4","2020-06-05 17:00",85.9099999999999,45.46,2387636.5,0,7.7711296,27.09,0.0271653543307087,85.874,72.7339999999999,65.3359999999999,56.4439999999999,37.4,22.9,27.3
"BOOI4","2020-06-05 18:00",85.064,43.04,1806636.4,0,7.612307,27.05,0.022992125984252,86.0179999999999,72.896,65.372,56.48,37.5,22.9,27.3
"BOOI4","2020-06-05 19:00",84.7759999999999,45.67,1059181.8,0,6.489363,25.4,0.0159448818897638,85.4599999999999,73.1119999999999,65.4079999999999,56.498,37.4,22.8,27.3
"BOOI4","2020-06-05 20:00",82.238,47.71,601454.5,0,5.6080084,27.27,0.0103149606299213,84.2179999999999,73.3279999999999,65.4439999999999,56.5339999999999,37.5,22.8,27.3
"BOOI4","2020-06-05 21:00",78.2419999999999,56.34,121168.175,0,2.6910386,30.66,0.00181102362204724,82.6339999999999,73.5619999999999,65.48,56.5699999999999,37.5,22.8,27.3
"BOOI4","2020-06-05 22:00",73.8499999999999,66.18,952.7273,0,0.43396637,40.85,-0.00118110236220473,80.9599999999999,73.7779999999999,65.5159999999999,56.606,37.5,22.8,27.3
"BOOI4","2020-06-05 23:00",73.472,64.69,0,0,0.0044738804,43.25,-0.00169291338582677,79.448,73.94,65.5519999999999,56.6419999999999,37.5,22.8,27.4
"BOOI4","2020-06-06 00:00",73.4359999999999,69.44,0,0,0.24158953,53.28,-0.00141732283464567,78.2779999999999,74.0659999999999,65.606,56.6599999999999,37.5,22.8,27.4
"BOOI4","2020-06-06 01:00",71.69,68.43,0,0,0.4764682,26.32,-0.00114173228346457,77.3239999999999,74.156,65.6599999999999,56.696,37.5,22.7,27.4
"BOOI4","2020-06-06 02:00",70.988,68.41,0,0,5.379841,31.02,0.00141732283464567,76.406,74.1739999999999,65.714,56.7319999999999,37.5,22.7,27.4
"BOOI4","2020-06-06 03:00",69.6739999999999,59.41,0,0,8.634588,49.64,0.00236220472440945,75.5239999999999,74.156,65.7679999999999,56.7679999999999,37.5,22.7,27.4
"BOOI4","2020-06-06 04:00",68.5579999999999,63.46,0,0,7.2499223,62,0.00232283464566929,74.714,74.1019999999999,65.84,56.8039999999999,37.5,22.7,27.4
"BOOI4","2020-06-06 05:00",68.7019999999999,60.21,0,0,8.003772,81,0.00236220472440945,74.0119999999999,74.0119999999999,65.8939999999999,56.8399999999999,37.5,22.7,27.4
"BOOI4","2020-06-06 06:00",68.306,62.82,14287.273,0,5.339576,68.9,0.00165354330708661,73.4179999999999,73.9039999999999,65.948,56.8759999999999,37.4,22.7,27.4
"BOOI4","2020-06-06 07:00",66.488,74.29,78518.19,0,5.659458,55.27,0.00397637795275591,72.9679999999999,73.7779999999999,66.0199999999999,56.9119999999999,37.4,22.7,27.4
"BOOI4","2020-06-06 08:00",67.532,71.07,319472.72,0,6.0665812,70.12,0.00523622047244095,72.6439999999999,73.6159999999999,66.056,56.93,37.4,22.7,27.4
"BOOI4","2020-06-06 09:00",70.988,56.85,1126545.4,0,10.462169,79.08,0.0133464566929134,72.788,73.4539999999999,66.1099999999999,56.9659999999999,37.4,22.7,27.4
"BOOI4","2020-06-06 10:00",74.5159999999999,49.18,1493636.4,0,12.840035,90.1,0.0200393700787402,73.3099999999999,73.2919999999999,66.146,57.0019999999999,37.3,22.7,27.4
"BOOI4","2020-06-06 11:00",76.6939999999999,46.41,2149727.3,0,13.332163,91.1,0.0264566929133858,74.372,73.13,66.1819999999999,57.038,37.3,22.7,27.4
"BOOI4","2020-06-06 12:00",79.5739999999999,47.72,2751000,0,13.343348,100.7,0.0318503937007874,75.9019999999999,72.9679999999999,66.2179999999999,57.0739999999999,37.3,22.7,27.4
"BOOI4","2020-06-06 13:00",81.3019999999999,46.97,2949545.4,0,14.135223,105.4,0.0346062992125984,77.8099999999999,72.8239999999999,66.2539999999999,57.0919999999999,37.3,22.6,27.4
"BOOI4","2020-06-06 14:00",82.796,51.72,3229090.8,0,14.191147,117.6,0.0371259842519685,79.6999999999999,72.7339999999999,66.272,57.1279999999999,37.3,22.6,27.4
"BOOI4","2020-06-06 15:00",84.2899999999999,46.42,2544363.5,0,13.889161,125.3,0.032755905511811,81.2119999999999,72.698,66.2899999999999,57.164,37.3,22.6,27.4
"BOOI4","2020-06-06 16:00",85.5499999999999,48.23,2502182,0,12.759506,128.3,0.0321259842519685,82.3099999999999,72.698,66.3079999999999,57.1999999999999,37.3,22.6,27.4
"BOOI4","2020-06-06 17:00",85.748,50.51,1836363.6,0,12.316591,152,0.0272047244094488,82.9939999999999,72.7699999999999,66.3079999999999,57.2359999999999,37.3,22.6,27.4
"BOOI4","2020-06-06 18:00",84.5239999999999,55.01,912545.5,0,11.500108,134.8,0.0192125984251969,82.922,72.8779999999999,66.3259999999999,57.2539999999999,37.3,22.6,27.4
"BOOI4","2020-06-06 19:00",84.4159999999999,57.95,726363.6,0,11.699196,125.1,0.016496062992126,82.1839999999999,73.022,66.3259999999999,57.29,37.3,22.6,27.4
"BOOI4","2020-06-06 20:00",83.7679999999999,60.27,613636.35,0,13.549146,129,0.0155118110236221,81.4999999999999,73.1839999999999,66.3439999999999,57.3259999999999,37.3,22.5,27.4
"BOOI4","2020-06-06 21:00",81.2839999999999,63.18,56020.91,0,9.269879,122,0.00850393700787402,80.582,73.346,66.3619999999999,57.3619999999999,37.3,22.5,27.4
"BOOI4","2020-06-06 22:00",78.8359999999999,63.7,476.3636,0,8.368392,110.7,0.00338582677165354,79.556,73.5079999999999,66.3619999999999,57.398,37.3,22.5,27.4
"BOOI4","2020-06-06 23:00",78.2599999999999,63.13,0,0,9.442124,118.4,0.00354330708661417,78.5839999999999,73.6339999999999,66.38,57.4159999999999,37.3,22.5,27.3
"BOOI4","2020-06-07 00:00",76.9999999999999,63.65,0,0,9.294486,121.7,0.0034251968503937,77.738,73.7239999999999,66.4159999999999,57.4519999999999,37.3,22.5,27.3
"BOOI4","2020-06-07 01:00",75.6319999999999,60.71,0,0,9.775428,125.1,0.00354330708661417,76.982,73.7779999999999,66.4339999999999,57.488,37.3,22.5,27.3
"BOOI4","2020-06-07 02:00",74.7859999999999,58.97,0,0,11.29431,130.1,0.00385826771653543,76.2619999999999,73.796,66.4699999999999,57.5239999999999,37.3,22.4,27.3
"BOOI4","2020-06-07 03:00",73.598,59.55,0,0,12.397121,131,0.00389763779527559,75.5599999999999,73.796,66.506,57.5419999999999,37.3,22.4,27.3
"BOOI4","2020-06-07 04:00",72.122,63.6,0,0,10.397297,134,0.00334645669291339,74.9119999999999,73.7419999999999,66.5419999999999,57.5779999999999,37.3,22.4,27.3
"BOOI4","2020-06-07 05:00",71.5099999999999,61.99,0,0,10.524802,132.4,0.0031496062992126,74.3179999999999,73.688,66.5779999999999,57.614,37.3,22.4,27.3
"BOOI4","2020-06-07 06:00",70.43,64.94,10384.544,0,11.632088,128.4,0.0031496062992126,73.814,73.6159999999999,66.614,57.6499999999999,37.2,22.4,27.4
"BOOI4","2020-06-07 07:00",69.4039999999999,65.58,204190.92,0,11.701433,125.1,0.0075984251968504,73.364,73.5079999999999,66.6499999999999,57.6679999999999,37.3,22.4,27.4
"BOOI4","2020-06-07 08:00",70.8439999999999,61.75,789181.8,0,13.04136,132.5,0.0118897637795276,73.0399999999999,73.3999999999999,66.6859999999999,57.7039999999999,37.2,22.4,27.3
"BOOI4","2020-06-07 09:00",73.9579999999999,59.22,1523636.4,0,14.817491,145.3,0.018503937007874,73.1839999999999,73.256,66.7039999999999,57.74,37.2,22.3,27.4
"BOOI4","2020-06-07 10:00",77.4679999999999,61.93,2029181.8,0,13.927188,152.4,0.0224015748031496,74.0119999999999,73.13,66.74,57.7579999999999,37.2,22.3,27.4
"BOOI4","2020-06-07 11:00",80.1319999999999,62.65,2626636.5,0,13.320977,151.2,0.0267716535433071,75.488,72.9859999999999,66.7579999999999,57.7939999999999,37.2,22.3,27.4
"BOOI4","2020-06-07 12:00",82.6339999999999,63.23,3084545.4,0,13.777313,153,0.0308267716535433,77.522,72.8599999999999,66.7759999999999,57.83,37.2,22.3,27.4
"BOOI4","2020-06-07 13:00",84.488,62.19,3249091,0,14.573664,161.2,0.0330708661417323,79.7179999999999,72.7699999999999,66.7939999999999,57.848,37.2,22.3,27.4
"BOOI4","2020-06-07 14:00",86.4859999999999,62.77,3340000,0,15.730163,155.4,0.0351968503937008,81.806,72.7339999999999,66.7939999999999,57.8839999999999,37.2,22.3,27.3
"BOOI4","2020-06-07 15:00",87.9079999999999,60.69,3106363.8,0,15.960567,161.5,0.0351574803149606,83.6599999999999,72.7519999999999,66.8119999999999,57.9019999999999,37.2,22.2,27.3
"BOOI4","2020-06-07 16:00",89.564,57.82,2719000,0,15.779374,163.3,0.0336220472440945,84.9739999999999,72.8239999999999,66.8119999999999,57.938,37.2,22.2,27.3
"BOOI4","2020-06-07 17:00",89.438,59.57,2147909,0,15.356592,160.1,0.0297637795275591,85.7119999999999,72.9679999999999,66.8119999999999,57.9739999999999,37.2,22.2,27.3
"BOOI4","2020-06-07 18:00",89.6179999999999,54.28,1772091,0,17.139435,161.8,0.0290551181102362,85.7839999999999,73.148,66.83,57.9919999999999,37.2,22.2,27.4
"BOOI4","2020-06-07 19:00",88.7179999999999,56.74,1106091,0,16.101494,165.4,0.023740157480315,85.3339999999999,73.364,66.83,58.0279999999999,37.2,22.2,27.4
"BOOI4","2020-06-07 20:00",87.1159999999999,61.29,587727.3,0,16.014254,155.2,0.0181102362204724,84.4519999999999,73.598,66.83,58.046,37.2,22.2,27.4
"BOOI4","2020-06-07 21:00",84.038,66.24,144270,0,12.929514,149.2,0.010511811023622,83.282,73.814,66.848,58.082,37.2,22.2,27.4
"BOOI4","2020-06-07 22:00",81.446,74.1,650,0,10.45322,144.6,0.00299212598425197,82.0399999999999,74.048,66.8659999999999,58.0999999999999,37.2,22.2,27.3
"BOOI4","2020-06-07 23:00",80.78,75.09,0,0,15.238035,150.4,0.00271653543307087,80.996,74.2279999999999,66.8839999999999,58.1359999999999,37.3,22.2,27.3
"BOOI4","2020-06-08 00:00",79.538,76.39,0,0,15.844247,155.1,0.00279527559055118,80.096,74.39,66.9199999999999,58.172,37.3,22.2,27.3
"BOOI4","2020-06-08 01:00",78.1339999999999,76.39,0,0,11.37484,158.1,0.00216535433070866,79.2679999999999,74.498,66.956,58.19,37.3,22.2,27.3
"BOOI4","2020-06-08 02:00",77.0179999999999,77.16,0,0,10.938636,157.2,0.00192913385826772,78.4939999999999,74.5519999999999,66.9919999999999,58.2259999999999,37.3,22.2,27.3
"BOOI4","2020-06-08 03:00",75.5419999999999,79.45,0,0,8.332602,155.7,0.00141732283464567,77.7739999999999,74.588,67.0279999999999,58.2439999999999,37.3,22.2,27.3
"BOOI4","2020-06-08 04:00",75.164,79.95,0,0,9.332514,156.9,0.00137795275590551,77.1079999999999,74.588,67.082,58.2619999999999,37.3,22.2,27.3
"BOOI4","2020-06-08 05:00",74.3359999999999,81.7,0,0,10.030439,159.3,0.00137795275590551,76.496,74.5519999999999,67.1179999999999,58.298,37.2,22.2,27.3
"BOOI4","2020-06-08 06:00",73.3099999999999,84.3,18055.456,0,8.361682,161.7,0.00094488188976378,75.938,74.498,67.172,58.316,37.2,22.2,27.3
"BOOI4","2020-06-08 07:00",75.5239999999999,80.5,326336.36,0,9.265406,163.4,0.00401574803149606,75.488,74.4259999999999,67.2259999999999,58.3519999999999,37.2,22.2,27.4
"BOOI4","2020-06-08 08:00",78.6739999999999,75.69,896727.23,0,10.80442,167,0.00980314960629921,75.3439999999999,74.3179999999999,67.2619999999999,58.388,37.2,22.2,27.4
"BOOI4","2020-06-08 09:00",81.032,69.94,1548636.4,0,14.770515,180,0.017244094488189,75.7039999999999,74.2279999999999,67.3159999999999,58.406,37.2,22.1,27.4
"BOOI4","2020-06-08 10:00",83.4439999999999,66.94,2186090.8,0,14.67209,179.7,0.0235826771653543,76.6759999999999,74.1019999999999,67.3519999999999,58.4239999999999,37.2,22.1,27.4
"BOOI4","2020-06-08 11:00",85.2079999999999,61.85,2712000,0,14.007718,172.5,0.0289370078740157,78.1519999999999,73.9939999999999,67.3699999999999,58.4599999999999,37.2,22.1,27.4
"BOOI4","2020-06-08 12:00",87.08,54.81,3116363.5,0,12.678976,180.5,0.0339370078740157,80.114,73.9039999999999,67.406,58.4779999999999,37.1,22.1,27.4
"BOOI4","2020-06-08 13:00",87.0439999999999,52.05,3370000,0,13.643097,166.4,0.0375196850393701,82.2019999999999,73.8679999999999,67.4419999999999,58.496,37.1,22.1,27.4
"BOOI4","2020-06-08 14:00",89.2939999999999,43.18,3414545.4,0,13.822052,172.1,0.0411811023622047,84.2179999999999,73.8499999999999,67.4599999999999,58.5319999999999,37.1,22.1,27.4
"BOOI4","2020-06-08 15:00",89.5279999999999,45.66,2835545.4,0,14.15312,169.7,0.0383070866141732,85.7839999999999,73.9039999999999,67.4599999999999,58.5499999999999,37.1,22.1,27.4
"BOOI4","2020-06-08 16:00",89.4019999999999,45.08,2488545.4,0,15.014341,158.9,0.0366929133858268,86.648,74.0119999999999,67.496,58.5859999999999,37.1,22.1,27.4
"BOOI4","2020-06-08 17:00",88.6999999999999,45.61,1976454.6,0,14.710118,152.9,0.0328346456692913,86.8279999999999,74.1919999999999,67.514,58.6039999999999,37.2,22,27.4
"BOOI4","2020-06-08 18:00",89.2039999999999,46.59,1716727.3,0,14.59827,155.7,0.0304724409448819,86.5039999999999,74.39,67.514,58.622,37.1,22,27.4
"BOOI4","2020-06-08 19:00",87.1519999999999,47.94,680181.76,0,13.021228,154.7,0.0208661417322835,85.874,74.624,67.532,58.6579999999999,37.2,22,27.4
"BOOI4","2020-06-08 20:00",85.964,50.3,573454.5,0,12.846746,155.4,0.0188188976377953,84.83,74.8579999999999,67.5499999999999,58.6759999999999,37.2,22,27.4
"BOOI4","2020-06-08 21:00",82.364,47.57,184263.64,0,9.164743,135.4,0.0107874015748031,83.588,75.0739999999999,67.5859999999999,58.7119999999999,37.2,22,27.4
"BOOI4","2020-06-08 22:00",79.196,51.76,721.81815,0,10.911793,126.2,0.00539370078740158,82.256,75.2539999999999,67.6039999999999,58.73,37.2,22,27.4
"BOOI4","2020-06-08 23:00",77.846,49.58,0,0,10.701521,132.7,0.00507874015748032,80.996,75.4339999999999,67.64,58.7659999999999,37.2,22,27.4
"BOOI4","2020-06-09 00:00",75.6859999999999,52.85,0,0,7.504934,136.1,0.00409448818897638,79.898,75.5419999999999,67.6759999999999,58.7839999999999,37.2,22,27.4
"BOOI4","2020-06-09 01:00",74.138,56.65,0,0,2.4785297,134.6,0.00153543307086614,78.9439999999999,75.614,67.73,58.8199999999999,37.2,22,27.4
"BOOI4","2020-06-09 02:00",72.7699999999999,57.74,0,0,0,0,-0.000866141732283465,78.0619999999999,75.6319999999999,67.7839999999999,58.838,37.2,22,27.4
"BOOI4","2020-06-09 03:00",71.33,67.21,0,0,0.0022369402,94.9,-0.000826771653543307,77.3779999999999,75.614,67.838,58.856,37.2,22,27.4
"BOOI4","2020-06-09 04:00",70.9699999999999,64.52,0,0,0,0,-0.000826771653543307,76.7659999999999,75.5779999999999,67.874,58.874,37.2,22,27.4
"BOOI4","2020-06-09 05:00",68.9539999999999,69.89,0,0,0,0,-0.00078740157480315,76.172,75.506,67.9279999999999,58.9099999999999,37.2,21.9,27.4
"BOOI4","2020-06-09 06:00",69.1699999999999,74.19,18082.727,0,0.19685072,82.8,-0.00047244094488189,75.6319999999999,75.398,67.982,58.946,37.2,21.9,27.3
"BOOI4","2020-06-09 07:00",70.3939999999999,73.81,142754.55,0,0,0,0.00015748031496063,75.2179999999999,75.272,68.0179999999999,58.964,37.2,21.9,27.3
"BOOI4","2020-06-09 08:00",72.4999999999999,72.72,349145.45,0,6.8002977,91.9,0.00598425196850394,75.056,75.146,68.072,58.9819999999999,37.1,21.9,27.3
"BOOI4","2020-06-09 09:00",73.3099999999999,73.52,548272.77,0,8.249835,100.7,0.00846456692913386,75.1099999999999,75.0019999999999,68.1079999999999,59.0179999999999,37.1,21.9,27.3
"BOOI4","2020-06-09 10:00",70.6819999999999,86.1,247290.9,0,9.189349,109.3,0.00625984251968504,75.1819999999999,74.8579999999999,68.1439999999999,59.0359999999999,37.1,21.9,27.3
"BOOI4","2020-06-09 11:00",68.99,93.3,289718.2,0.010000001,7.491512,103,0.00350393700787402,74.9659999999999,74.714,68.18,59.0539999999999,37.1,21.9,27.3
"BOOI4","2020-06-09 12:00",68.8999999999999,95,455909.1,0.040000003,5.0353518,78.39,0.00397637795275591,74.714,74.5699999999999,68.2159999999999,59.0899999999999,37.1,21.9,27.3
"BOOI4","2020-06-09 13:00",68.3779999999999,98.7,325690.92,0.040000003,6.974779,59.6,0.00267716535433071,74.5699999999999,74.4259999999999,68.2159999999999,59.1079999999999,37,21.9,27.3
"BOOI4","2020-06-09 14:00",68.1619999999999,98.2,401090.9,0.040000003,11.457607,52.24,0.00271653543307087,74.264,74.2999999999999,68.2519999999999,59.1439999999999,37.1,21.8,27.3
"BOOI4","2020-06-09 15:00",68.972,97.8,600181.8,0.030000001,6.3708053,21.2,0.00440944881889764,73.9939999999999,74.1739999999999,68.2699999999999,59.1619999999999,37,21.8,27.3
"BOOI4","2020-06-09 16:00",69.6919999999999,96.3,493363.65,0.010000001,4.800473,358.2,0.00393700787401575,74.048,74.03,68.2699999999999,59.198,37,21.8,27.3
"BOOI4","2020-06-09 17:00",71.4919999999999,91.4,824181.8,0,5.992762,0.066,0.00649606299212599,74.048,73.9039999999999,68.2699999999999,59.2159999999999,37,21.8,27.3
"BOOI4","2020-06-09 18:00",72.59,89.6,1021363.7,0,7.3774285,13.75,0.00811023622047244,74.2999999999999,73.7599999999999,68.2699999999999,59.2339999999999,36.9,21.8,27.3
"BOOI4","2020-06-09 19:00",75.164,83.3,1182454.6,0,5.961445,3.454,0.00893700787401575,74.624,73.6339999999999,68.2699999999999,59.2699999999999,36.9,21.8,27.3
"BOOI4","2020-06-09 20:00",75.0919999999999,82.7,655454.5,0,2.869994,347.5,0.00456692913385827,74.9119999999999,73.5079999999999,68.2519999999999,59.288,37,21.8,27.3
"BOOI4","2020-06-09 21:00",72.59,91.6,77557.274,0,1.4092722,343.7,0.000118110236220472,74.588,73.3999999999999,68.2519999999999,59.3239999999999,36.9,21.7,27.3
"BOOI4","2020-06-09 22:00",71.3839999999999,94.1,569.0909,0,0.0447388,343.8,-0.00149606299212598,73.9939999999999,73.3099999999999,68.2339999999999,59.3419999999999,36.9,21.7,27.3
"BOOI4","2020-06-09 23:00",71.906,86.9,0,0.010000001,4.5320406,353.9,-0.000393700787401575,73.5259999999999,73.2199999999999,68.2339999999999,59.3599999999999,36.9,21.7,27.3
"BOOI4","2020-06-10 00:00",66.6499999999999,94,0,0.07,11.833412,329.5,0.00078740157480315,72.9319999999999,73.1119999999999,68.2159999999999,59.396,36.9,21.7,27.3
"BOOI4","2020-06-10 01:00",64.1839999999999,96.2,0,0.13,11.786437,5.315,-0.000118110236220472,71.888,73.0399999999999,68.198,59.414,36.9,21.7,27.3
"BOOI4","2020-06-10 02:00",63.464,96.8,0,0,9.193824,13.51,-0.000275590551181102,71.096,72.9319999999999,68.18,59.4499999999999,36.9,21.7,27.5
"BOOI4","2020-06-10 03:00",63.0679999999999,96.8,0,0,7.7375755,351.1,-0.000354330708661417,70.43,72.806,68.1619999999999,59.4679999999999,36.9,21.7,27.5
"BOOI4","2020-06-10 04:00",61.7359999999999,96.7,0,0,9.272117,15.35,-0.000275590551181102,69.89,72.6619999999999,68.1439999999999,59.4859999999999,36.9,21.7,27.5
"BOOI4","2020-06-10 05:00",60.53,95.9,0,0,8.077591,351.3,-0.00031496062992126,69.3679999999999,72.4999999999999,68.1079999999999,59.522,36.9,21.7,27.6
"BOOI4","2020-06-10 06:00",59.864,94.2,362939.97,0,11.8557825,340.2,-3.93700787401575e-05,68.7739999999999,72.3199999999999,68.09,59.54,36.9,21.7,27.6
"BOOI4","2020-06-10 07:00",58.9819999999999,92.9,1924259.9,0,11.927363,334.5,0.00161417322834646,68.1439999999999,72.14,68.072,59.5579999999999,36.9,21.7,27.6
"BOOI4","2020-06-10 08:00",59.6659999999999,87.2,3842400.1,0,12.562655,341.4,0.00204724409448819,67.5499999999999,71.9599999999999,68.0359999999999,59.5939999999999,36.8,21.7,27.5
"BOOI4","2020-06-10 09:00",59.9359999999999,87,14133601,0,12.5291,335.5,0.00366141732283465,67.0099999999999,71.7439999999999,68.0179999999999,59.6119999999999,36.8,21.7,27.5
"BOOI4","2020-06-10 10:00",60.5839999999999,84.6,27650400,0,11.56498,329,0.00488188976377953,66.6859999999999,71.546,67.982,59.63,36.8,21.7,27.5
"BOOI4","2020-06-10 11:00",63.9859999999999,77.53,91272000,0,16.378874,336.1,0.0114566929133858,66.6499999999999,71.3119999999999,67.946,59.6659999999999,36.8,21.7,27.5
"BOOI4","2020-06-10 12:00",65.1739999999999,72.02,150390000,0,15.868852,333.9,0.0174015748031496,67.3159999999999,71.0779999999999,67.9099999999999,59.6839999999999,36.8,21.7,27.6
"BOOI4","2020-06-10 13:00",64.1119999999999,69.28,174690000,0,14.374577,326.1,0.0208267716535433,68.4319999999999,70.8619999999999,67.874,59.7019999999999,36.7,21.7,27.6
"BOOI4","2020-06-10 14:00",68.4859999999999,59.18,98130000,0,11.929602,319.1,0.0190157480314961,69.3499999999999,70.646,67.8199999999999,59.7199999999999,36.7,21.7,27.6
"BOOI4","2020-06-10 15:00",70.43,54.63,182550000,0,17.754593,309.8,0.0270472440944882,70.0699999999999,70.448,67.7839999999999,59.738,36.7,21.6,27.6
"BOOI4","2020-06-10 16:00",71.8339999999999,49.87,175080000,0,16.130575,310.7,0.0277952755905512,70.8079999999999,70.3039999999999,67.73,59.7739999999999,36.7,21.6,27.6
"BOOI4","2020-06-10 17:00",73.6339999999999,46.12,163110000,0,17.280361,306.4,0.0288188976377953,71.2939999999999,70.196,67.6759999999999,59.7739999999999,36.7,21.6,27.6
"BOOI4","2020-06-10 18:00",72.7159999999999,45.82,119358000,0,19.439007,304.1,0.0268897637795276,71.3839999999999,70.0699999999999,67.622,59.8099999999999,36.7,21.6,27.7
"BOOI4","2020-06-10 19:00",71.7439999999999,46.91,61842000,0,16.468351,304.5,0.0205511811023622,70.88,70.0159999999999,67.5499999999999,59.8279999999999,36.6,21.6,27.7
"BOOI4","2020-06-10 20:00",71.1859999999999,47.79,38682000,0,14.065879,301.8,0.0158661417322835,69.98,69.9619999999999,67.496,59.846,36.6,21.5,27.6
"BOOI4","2020-06-10 21:00",67.5499999999999,53.69,8621580,0,8.690512,297.5,0.00732283464566929,69.0079999999999,69.9259999999999,67.4419999999999,59.864,36.6,21.5,27.6
"BOOI4","2020-06-10 22:00",65.4439999999999,62.14,96360,0,8.392999,280.7,0.00271653543307087,67.946,69.9079999999999,67.3699999999999,59.8819999999999,36.6,21.5,27.6
"BOOI4","2020-06-10 23:00",60.422,79.89,0,0,7.3304524,265.4,0.00161417322834646,67.0279999999999,69.89,67.3159999999999,59.8999999999999,36.6,21.5,27.6
"BOOI4","2020-06-11 00:00",57.9199999999999,86.2,0,0,5.6259046,255.1,0.000393700787401575,66.2179999999999,69.8359999999999,67.2619999999999,59.9179999999999,36.6,21.5,27.6
"BOOI4","2020-06-11 01:00",56.9119999999999,86.7,0,0,6.1761913,258.4,0.000393700787401575,65.5159999999999,69.764,67.2079999999999,59.9179999999999,36.6,21.6,27.6
"BOOI4","2020-06-11 02:00",56.4259999999999,85.9,0,0,6.0978985,259.9,0.00031496062992126,64.8499999999999,69.6739999999999,67.172,59.9359999999999,36.6,21.5,27.6
"BOOI4","2020-06-11 03:00",55.6699999999999,85.6,0,0,6.9233294,261.8,0.000393700787401575,64.238,69.548,67.1179999999999,59.972,36.6,21.5,27.6
"BOOI4","2020-06-11 04:00",55.832,85.5,0,0,4.983902,258.2,0.00015748031496063,63.6619999999999,69.4039999999999,67.082,59.972,36.6,21.5,27.7
"BOOI4","2020-06-11 05:00",56.4079999999999,82.6,0,0,7.688363,255.7,0.000511811023622047,63.14,69.2419999999999,67.0279999999999,59.99,36.5,21.5,27.7
"BOOI4","2020-06-11 06:00",55.7239999999999,83,25920,0,7.976928,253.7,0.000590551181102362,62.6539999999999,69.0439999999999,66.9739999999999,60.0079999999999,36.5,21.5,27.7
"BOOI4","2020-06-11 07:00",58.8019999999999,76.15,354381.84,0,8.661431,255.8,0.00311023622047244,62.2579999999999,68.864,66.938,60.0079999999999,36.5,21.4,27.7
"BOOI4","2020-06-11 08:00",63.0679999999999,68.75,931545.4,0,10.898372,255.6,0.00862204724409449,62.2039999999999,68.648,66.8839999999999,60.0259999999999,36.5,21.4,27.7
"BOOI4","2020-06-11 09:00",67.964,60.77,1583272.7,0,12.994385,258,0.0154330708661417,62.7439999999999,68.4319999999999,66.848,60.0439999999999,36.4,21.4,27.8
"BOOI4","2020-06-11 10:00",72.6259999999999,48.55,2209272.7,0,13.197947,262.9,0.0229133858267717,63.932,68.2159999999999,66.7759999999999,60.0439999999999,36.4,21.4,27.7
"BOOI4","2020-06-11 11:00",76.082,42.54,2741182,0,13.276238,270.4,0.0295669291338583,65.606,68.0179999999999,66.722,60.0619999999999,36.4,21.4,27.7
"BOOI4","2020-06-11 12:00",78.8539999999999,35.61,3167272.7,0,15.425938,270.2,0.0363779527559055,67.496,67.838,66.6679999999999,60.08,36.4,21.4,27.7
"BOOI4","2020-06-11 13:00",80.0779999999999,30.94,3448182,0,18.029737,277.4,0.042755905511811,69.3499999999999,67.73,66.614,60.08,36.3,21.3,27.7
"BOOI4","2020-06-11 14:00",81.464,30.4,3477272.7,0,17.984997,280.9,0.0449212598425197,71.0599999999999,67.6579999999999,66.5419999999999,60.098,36.3,21.3,27.7
"BOOI4","2020-06-11 15:00",82.1659999999999,27.8,3322727.3,0,16.687572,290.8,0.0449606299212598,72.788,67.6759999999999,66.4699999999999,60.098,36.3,21.4,27.7
"BOOI4","2020-06-11 16:00",83.0119999999999,26.99,2984545.4,0,15.660817,285.4,0.0428740157480315,74.282,67.748,66.4159999999999,60.1159999999999,36.4,21.4,27.7
"BOOI4","2020-06-11 17:00",82.9759999999999,26.55,2493091,0,15.68766,288.3,0.0399212598425197,75.3259999999999,67.9099999999999,66.3259999999999,60.1159999999999,36.4,21.4,27.7
"BOOI4","2020-06-11 18:00",83.1739999999999,26.32,1859545.5,0,13.166629,288.8,0.0328740157480315,75.7759999999999,68.1079999999999,66.272,60.1339999999999,36.4,21.3,27.7
"BOOI4","2020-06-11 19:00",82.6519999999999,29.48,1136545.4,0,11.607482,288.5,0.025748031496063,75.6499999999999,68.3599999999999,66.2179999999999,60.1339999999999,36.4,21.3,27.7
"BOOI4","2020-06-11 20:00",80.0239999999999,33.05,633818.2,0,7.4154563,302.7,0.015,74.93,68.63,66.164,60.1339999999999,36.5,21.3,27.7
"BOOI4","2020-06-11 21:00",74.39,41.22,148119.1,0,1.344401,301.2,0.000196850393700787,73.7419999999999,68.9179999999999,66.1279999999999,60.1339999999999,36.5,21.3,27.7
"BOOI4","2020-06-11 22:00",71.4019999999999,44.74,1382.7271,0,0.120794766,298.5,-0.00188976377952756,72.356,69.188,66.0919999999999,60.1519999999999,36.5,21.3,27.7
"BOOI4","2020-06-11 23:00",70.538,44.96,0,0,0,0,-0.00208661417322835,71.0599999999999,69.422,66.056,60.1519999999999,36.6,21.3,27.7
"BOOI4","2020-06-12 00:00",68.8099999999999,52.31,0,0,0,0,-0.00208661417322835,69.9259999999999,69.6199999999999,66.038,60.1519999999999,36.6,21.3,27.8
"BOOI4","2020-06-12 01:00",67.4779999999999,48.16,0,0,0.03131716,331.7,-0.00188976377952756,68.9359999999999,69.764,66.0199999999999,60.1699999999999,36.5,21.3,27.8
"BOOI4","2020-06-12 02:00",65.9659999999999,53.03,0,0,0.04921268,339.7,-0.0018503937007874,68.072,69.8539999999999,66.0199999999999,60.1699999999999,36.6,21.3,27.8
"BOOI4","2020-06-12 03:00",64.1839999999999,56.65,0,0,0,0,-0.0018503937007874,67.2619999999999,69.89,66.0199999999999,60.1699999999999,36.5,21.3,27.8
"BOOI4","2020-06-12 04:00",61.088,61.5,0,0,0,0,-0.00177165354330709,66.506,69.89,66.038,60.1699999999999,36.5,21.2,27.8
"BOOI4","2020-06-12 05:00",62.096,60.68,0,0,0,0,-0.00181102362204724,65.84,69.8539999999999,66.038,60.1699999999999,36.5,21.2,27.8
"BOOI4","2020-06-12 06:00",63.0679999999999,58.19,25270.91,0,0,0,-0.00165354330708661,65.2279999999999,69.782,66.056,60.1699999999999,36.6,21.2,27.8
"BOOI4","2020-06-12 07:00",65.9659999999999,61.06,357809.08,0,0.21027236,213.3,0.000236220472440945,64.796,69.6739999999999,66.056,60.1699999999999,36.6,21.2,27.8
"BOOI4","2020-06-12 08:00",71.6359999999999,57.42,935454.6,0,0.02013246,219.5,0.00484251968503937,64.7779999999999,69.548,66.0739999999999,60.188,36.5,21.2,27.8
"BOOI4","2020-06-12 09:00",75.7039999999999,45.38,1590636.4,0,0.120794766,195.4,0.0107086614173228,65.606,69.422,66.0919999999999,60.188,36.5,21.2,27.8
"BOOI4","2020-06-12 10:00",79.88,40.25,2215636.2,0,0.32211936,208.8,0.0168110236220472,67.2259999999999,69.2599999999999,66.1099999999999,60.188,36.5,21.2,27.8
"BOOI4","2020-06-12 11:00",81.8239999999999,33.65,2749182,0,1.6508616,275.7,0.0235826771653543,69.548,69.1339999999999,66.0919999999999,60.188,36.5,21.2,27.8
"BOOI4","2020-06-12 12:00",82.706,29.21,3162727.3,0,2.0378523,314.5,0.0279527559055118,72.23,69.0259999999999,66.0919999999999,60.188,36.4,21.2,27.8
"BOOI4","2020-06-12 13:00",83.732,24.91,3430000,0,2.6216938,351.2,0.0313779527559055,75.056,68.99,66.0919999999999,60.188,36.4,21.2,27.8
"BOOI4","2020-06-12 14:00",84.9019999999999,25.73,3472727.3,0,2.5366898,77.13,0.0318503937007874,77.8279999999999,69.0079999999999,66.0919999999999,60.188,36.4,21.2,27.8
"BOOI4","2020-06-12 15:00",85.982,23.49,3311818,0,2.2570724,48.6,0.0304724409448819,80.2579999999999,69.1159999999999,66.0739999999999,60.188,36.5,21.1,27.8
"BOOI4","2020-06-12 16:00",87.4039999999999,24.31,2956182,0,1.3086098,61.38,0.0259842519685039,82.0759999999999,69.296,66.056,60.188,36.4,21.1,27.7
"BOOI4","2020-06-12 17:00",86.396,27.02,2467909.2,0,3.7558224,77.33,0.0259055118110236,83.138,69.548,66.038,60.188,36.5,21.1,27.7
"BOOI4","2020-06-12 18:00",87.1699999999999,24.26,1840181.9,0,1.7224437,76.28,0.017007874015748,83.4619999999999,69.872,66.038,60.206,36.5,21.1,27.7
"BOOI4","2020-06-12 19:00",86.2159999999999,22.9,1122181.9,0,1.6061229,84.9,0.0106299212598425,83.048,70.232,66.0199999999999,60.206,36.5,21.1,27.7
"BOOI4","2020-06-12 20:00",83.732,30.46,618545.5,0,0.58160436,116,0.00354330708661417,81.8779999999999,70.6279999999999,66.0199999999999,60.188,36.6,21.1,27.7
"BOOI4","2020-06-12 21:00",78.3499999999999,45.37,138652.73,0,1.3555857,138.9,0.000275590551181102,80.1319999999999,71.006,66.0199999999999,60.206,36.6,21.1,27.7
"BOOI4","2020-06-12 22:00",74.2099999999999,50.71,1177.2727,0,0.04250186,180.1,-0.00192913385826772,78.2419999999999,71.3659999999999,66.038,60.206,36.7,21.1,27.7
"BOOI4","2020-06-12 23:00",70.3039999999999,58.7,0,0,0,0,-0.00188976377952756,76.5859999999999,71.69,66.056,60.206,36.7,21.1,27.7
"BOOI4","2020-06-13 00:00",71.8339999999999,55.64,0,0,1.3667704,225.4,-0.000236220472440945,75.2179999999999,71.9419999999999,66.0919999999999,60.206,36.7,21.1,27.7
"BOOI4","2020-06-13 01:00",69.9079999999999,61.23,0,0,1.3578225,226.2,-0.000275590551181102,74.048,72.14,66.1279999999999,60.206,36.7,21.1,27.7
"BOOI4","2020-06-13 02:00",70.0159999999999,57.75,0,0,2.9236808,297.2,0.000748031496062992,73.0399999999999,72.2839999999999,66.1819999999999,60.206,36.7,21.1,27.7
"BOOI4","2020-06-13 03:00",63.0499999999999,84.2,0,0,2.2995744,34.74,-3.93700787401575e-05,72.122,72.356,66.2359999999999,60.206,36.7,21.1,27.7
"BOOI4","2020-06-13 04:00",62.564,87,0,0,0.10737312,60.69,-0.00141732283464567,71.3119999999999,72.374,66.2899999999999,60.2239999999999,36.7,21.1,27.7
"BOOI4","2020-06-13 05:00",60.5119999999999,92.8,0,0,0.8410894,54.86,-0.00106299212598425,70.538,72.356,66.3619999999999,60.206,36.7,21.1,27.7
"BOOI4","2020-06-13 06:00",61.196,94.4,17133.636,0,1.8723189,91.3,-0.000669291338582677,69.8539999999999,72.3199999999999,66.4159999999999,60.2239999999999,36.7,21.1,27.7
"BOOI4","2020-06-13 07:00",62.3839999999999,94.3,324772.7,0,7.140312,95.2,0.00094488188976378,69.332,72.23,66.4699999999999,60.2239999999999,36.7,21.1,27.7
"BOOI4","2020-06-13 08:00",63.2659999999999,83.8,860363.65,0,10.701521,96.2,0.00496062992125984,69.188,72.122,66.5239999999999,60.2239999999999,36.7,21.1,27.7
"BOOI4","2020-06-13 09:00",62.4019999999999,78.77,1237272.8,0,11.524714,104,0.00956692913385827,69.4759999999999,71.996,66.596,60.2239999999999,36.6,21.1,27.7
"BOOI4","2020-06-13 10:00",65.3179999999999,67.71,1604909.2,0,10.697047,105.1,0.0135433070866142,69.8359999999999,71.8519999999999,66.6319999999999,60.2419999999999,36.6,21.1,27.7
"BOOI4","2020-06-13 11:00",68.4319999999999,62.33,2601818,0,11.193648,103.5,0.0212204724409449,70.7359999999999,71.7079999999999,66.6859999999999,60.2419999999999,36.6,21.1,27.7
"BOOI4","2020-06-13 12:00",71.1499999999999,56.09,3060000,0,11.846834,100.6,0.0261417322834646,72.464,71.582,66.722,60.2419999999999,36.6,21.1,27.7
"BOOI4","2020-06-13 13:00",74.048,54.25,3343636.2,0,12.381462,103.2,0.0299606299212598,74.5339999999999,71.456,66.7579999999999,60.2419999999999,36.5,21.1,27.7
"BOOI4","2020-06-13 14:00",75.7759999999999,51.45,3434545.4,0,13.061493,104.7,0.0324015748031496,76.6939999999999,71.3839999999999,66.7759999999999,60.2599999999999,36.5,21.1,27.7
"BOOI4","2020-06-13 15:00",77.3599999999999,51.41,3088909,0,13.213605,105.7,0.0317716535433071,78.44,71.3659999999999,66.7939999999999,60.2599999999999,36.5,21.1,27.7
"BOOI4","2020-06-13 16:00",77.99,50.4,2853182,0,13.135312,107.2,0.0308661417322835,79.664,71.4019999999999,66.8119999999999,60.2599999999999,36.5,21.1,27.7
"BOOI4","2020-06-13 17:00",77.5939999999999,51,2353363.8,0,13.605068,105.7,0.0278740157480315,80.3839999999999,71.4919999999999,66.83,60.2599999999999,36.5,21,27.7
"BOOI4","2020-06-13 18:00",77.09,49.18,1819909,0,12.878063,108.9,0.0238188976377953,80.438,71.6179999999999,66.848,60.2779999999999,36.5,21,27.7
"BOOI4","2020-06-13 19:00",76.496,50.7,1136363.6,0,12.010131,118.1,0.018740157480315,79.9519999999999,71.798,66.848,60.2779999999999,36.6,21,27.7
"BOOI4","2020-06-13 20:00",74.5519999999999,54.28,641272.77,0,11.477739,111.2,0.0139370078740157,78.9619999999999,71.996,66.8659999999999,60.2779999999999,36.6,21,27.7
"BOOI4","2020-06-13 21:00",70.664,59.56,136203.63,0,9.213956,103.9,0.00740157480314961,77.63,72.2119999999999,66.8659999999999,60.296,36.6,21,27.7
"BOOI4","2020-06-13 22:00",67.946,57.43,1685.4545,0,11.92289,96.7,0.00322834645669291,76.19,72.3919999999999,66.8839999999999,60.314,36.6,21,27.7
"BOOI4","2020-06-13 23:00",65.1199999999999,58.19,0,0,12.186849,97.8,0.00303149606299213,74.822,72.5359999999999,66.9199999999999,60.314,36.6,21,27.7
"BOOI4","2020-06-14 00:00",63.6259999999999,57.7,0,0,12.578314,94.8,0.00291338582677165,73.598,72.6619999999999,66.938,60.332,36.6,21,27.7
"BOOI4","2020-06-14 01:00",61.7359999999999,62.45,0,0,12.249483,94.9,0.00251968503937008,72.5359999999999,72.7339999999999,66.9739999999999,60.332,36.6,21,27.7
"BOOI4","2020-06-14 02:00",60.5119999999999,65.19,0,0,10.511381,98.3,0.00196850393700787,71.564,72.7519999999999,67.0099999999999,60.332,36.6,21,27.7
"BOOI4","2020-06-14 03:00",60.2419999999999,65.46,0,0,10.73955,102.3,0.00188976377952756,70.6819999999999,72.7159999999999,67.046,60.3499999999999,36.6,21,27.7
"BOOI4","2020-06-14 04:00",59.1079999999999,67.56,0,0,13.048072,104.9,0.00196850393700787,69.9259999999999,72.6619999999999,67.082,60.3499999999999,36.6,21,27.7
"BOOI4","2020-06-14 05:00",57.6679999999999,71.5,0,0,11.920653,106.7,0.00161417322834646,69.2419999999999,72.5539999999999,67.1179999999999,60.3679999999999,36.6,21,27.7
"BOOI4","2020-06-14 06:00",56.6599999999999,75.13,21780.91,0,11.605246,106.9,0.00133858267716536,68.5579999999999,72.4279999999999,67.1539999999999,60.3679999999999,36.6,21,27.7
"BOOI4","2020-06-14 07:00",58.172,72.89,419427.28,0,11.189174,109,0.00503937007874016,68.0179999999999,72.2659999999999,67.19,60.3859999999999,36.6,21,27.7
"BOOI4","2020-06-14 08:00",59.9179999999999,72.59,833818.2,0,12.761743,115.1,0.0081496062992126,67.874,72.1039999999999,67.2259999999999,60.4039999999999,36.5,21,27.8
"BOOI4","2020-06-14 09:00",63.6259999999999,66.85,1305727.3,0,14.649719,124.7,0.0126771653543307,68.2159999999999,71.9239999999999,67.2619999999999,60.4039999999999,36.5,21,27.8
"BOOI4","2020-06-14 10:00",66.1099999999999,63.76,1136909.2,0,15.799508,130.4,0.0144881889763779,68.8279999999999,71.7259999999999,67.2619999999999,60.422,36.5,21,27.8
"BOOI4","2020-06-14 11:00",70.5739999999999,60.18,2576000,0,16.253605,130.1,0.0232677165354331,69.6739999999999,71.5279999999999,67.298,60.44,36.4,21,27.7
"BOOI4","2020-06-14 12:00",72.9859999999999,59.28,2979454.6,0,16.67415,127.3,0.0275984251968504,71.4019999999999,71.3659999999999,67.298,60.44,36.4,20.9,27.7
"BOOI4","2020-06-14 13:00",74.93,58.73,3232727.3,0,16.309528,125.7,0.0301574803149606,73.3819999999999,71.2039999999999,67.298,60.44,36.4,20.9,27.7
"BOOI4","2020-06-14 14:00",77.2159999999999,56.1,3314545.4,0,17.517477,126.1,0.0324803149606299,75.4339999999999,71.114,67.3159999999999,60.4579999999999,36.4,20.9,27.7
"BOOI4","2020-06-14 15:00",78.6019999999999,57.45,3120000,0,18.23106,124.9,0.0324409448818898,77.18,71.0599999999999,67.298,60.4759999999999,36.4,20.9,27.7
"BOOI4","2020-06-14 16:00",79.196,56.68,2874909.2,0,19.39427,125.4,0.0317716535433071,78.44,71.0779999999999,67.28,60.4759999999999,36.4,20.9,27.7
"BOOI4","2020-06-14 17:00",79.664,57.81,2401727.3,0,19.170574,126.9,0.0295669291338583,79.214,71.1319999999999,67.28,60.4939999999999,36.4,20.9,27.7
"BOOI4","2020-06-14 18:00",78.638,57.88,1491818.1,0,19.34953,126.1,0.0238976377952756,79.322,71.24,67.2619999999999,60.5119999999999,36.4,20.9,27.7
"BOOI4","2020-06-14 19:00",77.072,62.77,847636.35,0,17.311678,136.9,0.0180314960629921,78.6919999999999,71.4019999999999,67.2439999999999,60.5119999999999,36.4,20.9,27.7
"BOOI4","2020-06-14 20:00",74.948,64.93,290663.64,0,16.318478,135.8,0.0129527559055118,77.7019999999999,71.564,67.2259999999999,60.53,36.4,20.9,27.7
"BOOI4","2020-06-14 21:00",73.13,65.45,67222.725,0,15.49752,129.7,0.0103149606299213,76.5859999999999,71.7439999999999,67.2259999999999,60.53,36.4,20.9,27.7
"BOOI4","2020-06-14 22:00",71.69,63.47,716.3636,0,16.264791,130,0.00350393700787402,75.488,71.906,67.2259999999999,60.548,36.4,20.9,27.7
"BOOI4","2020-06-14 23:00",70.5199999999999,65.36,0,0,14.558005,131.9,0.00326771653543307,74.5339999999999,72.0499999999999,67.2259999999999,60.566,36.5,20.9,27.7
"BOOI4","2020-06-15 00:00",69.6019999999999,65.06,0,0,12.095135,131.6,0.0028740157480315,73.688,72.14,67.2259999999999,60.5839999999999,36.5,20.9,27.7
"BOOI4","2020-06-15 01:00",68.2339999999999,65.83,0,0,11.817754,130.9,0.00275590551181102,72.9679999999999,72.1939999999999,67.2439999999999,60.5839999999999,36.5,20.9,27.7
"BOOI4","2020-06-15 02:00",67.2439999999999,62.8,0,0,13.200183,131.5,0.0028740157480315,72.2839999999999,72.23,67.2619999999999,60.6019999999999,36.5,20.9,27.7
"BOOI4","2020-06-15 03:00",66.2899999999999,61.18,0,0,12.034738,133,0.0028740157480315,71.6179999999999,72.2119999999999,67.28,60.6019999999999,36.5,20.9,27.7
"BOOI4","2020-06-15 04:00",65.5339999999999,59.86,0,0,10.755208,131.7,0.00279527559055118,71.006,72.1759999999999,67.298,60.6199999999999,36.4,20.9,27.7
"BOOI4","2020-06-15 05:00",64.7419999999999,59.42,0,0,10.726128,134.7,0.0028740157480315,70.448,72.122,67.3159999999999,60.638,36.4,20.9,27.8
"BOOI4","2020-06-15 06:00",64.2739999999999,60.05,21971.819,0,9.983463,137,0.00275590551181102,69.98,72.032,67.3339999999999,60.638,36.4,20.9,27.8
"BOOI4","2020-06-15 07:00",64.94,59.27,297636.35,0,10.236238,134.5,0.00724409448818898,69.5839999999999,71.9419999999999,67.3519999999999,60.656,36.4,20.9,27.8
"BOOI4","2020-06-15 08:00",66.0019999999999,58.59,557909.06,0,11.520241,144.7,0.0108661417322835,69.4579999999999,71.8159999999999,67.3699999999999,60.656,36.4,20.9,27.8
"BOOI4","2020-06-15 09:00",68.846,58.29,890000,0,13.142022,149,0.0143700787401575,69.44,71.69,67.388,60.6739999999999,36.4,20.8,27.8
"BOOI4","2020-06-15 10:00",72.572,62.99,2023000.1,0,14.128513,148.6,0.0210236220472441,70.0519999999999,71.564,67.406,60.6919999999999,36.3,20.8,27.8
"BOOI4","2020-06-15 11:00",76.4239999999999,61.2,2687909,0,13.857843,147,0.0259842519685039,71.3119999999999,71.438,67.406,60.6919999999999,36.3,20.8,27.8
"BOOI4","2020-06-15 12:00",79.3039999999999,58.28,2782000,0,13.971927,142.3,0.0284645669291339,73.1119999999999,71.3119999999999,67.406,60.7099999999999,36.3,20.8,27.8
"BOOI4","2020-06-15 13:00",81.9319999999999,57.95,3363636.5,0,14.157594,150.5,0.0337795275590551,75.1819999999999,71.222,67.4239999999999,60.7279999999999,36.3,20.8,27.8
"BOOI4","2020-06-15 14:00",83.5159999999999,56.28,3303636.2,0,13.895871,147,0.0345669291338583,77.414,71.1859999999999,67.406,60.7279999999999,36.3,20.8,27.8
"BOOI4","2020-06-15 15:00",85.2259999999999,55.98,3164545.4,0,13.562568,150.1,0.034488188976378,79.4659999999999,71.1859999999999,67.406,60.746,36.2,20.8,27.8
"BOOI4","2020-06-15 16:00",86.2339999999999,55.54,2827545.4,0,13.739285,156.8,0.0328346456692913,81.032,71.2579999999999,67.388,60.746,36.2,20.8,27.8
"BOOI4","2020-06-15 17:00",85.8199999999999,58.5,2354454.6,0,14.587086,153.7,0.0298818897637795,81.896,71.3839999999999,67.388,60.764,36.3,20.8,27.8
"BOOI4","2020-06-15 18:00",85.4599999999999,59.65,1776091,0,14.117328,152.3,0.0249606299212599,82.1659999999999,71.564,67.3699999999999,60.764,36.2,20.7,27.8
"BOOI4","2020-06-15 19:00",82.7779999999999,63.59,845363.65,0,13.616254,143,0.0171259842519685,81.8419999999999,71.798,67.3699999999999,60.7819999999999,36.3,20.7,27.8
"BOOI4","2020-06-15 20:00",81.1579999999999,65.77,537000,0,12.808718,135.4,0.0127952755905512,80.8699999999999,72.0499999999999,67.3519999999999,60.7999999999999,36.3,20.7,27.8
"BOOI4","2020-06-15 21:00",77.8099999999999,69.16,120683.63,0,11.40392,132.6,0.00775590551181103,79.7539999999999,72.3019999999999,67.3699999999999,60.7999999999999,36.3,20.7,27.8
"BOOI4","2020-06-15 22:00",75.398,70.83,906.36367,0,9.851483,133.1,0.00263779527559055,78.5119999999999,72.5539999999999,67.3699999999999,60.8179999999999,36.3,20.7,27.8
"BOOI4","2020-06-15 23:00",73.3999999999999,73.63,0,0,9.019342,135,0.00216535433070866,77.396,72.7699999999999,67.388,60.8179999999999,36.4,20.7,27.8
"BOOI4","2020-06-16 00:00",71.2579999999999,76.61,0,0,7.838238,138.6,0.00165354330708661,76.3699999999999,72.9499999999999,67.406,60.8359999999999,36.4,20.7,27.8
"BOOI4","2020-06-16 01:00",69.6019999999999,79.09,0,0,7.1805773,139.5,0.0012992125984252,75.488,73.0759999999999,67.4239999999999,60.8539999999999,36.4,20.7,27.8
"BOOI4","2020-06-16 02:00",68.0179999999999,80.9,0,0,5.3082585,140.9,0.00078740157480315,74.6599999999999,73.1659999999999,67.4599999999999,60.8539999999999,36.4,20.7,27.8
"BOOI4","2020-06-16 03:00",67.0279999999999,80.4,0,0,4.5186186,145.5,0.000590551181102362,73.8859999999999,73.2199999999999,67.4779999999999,60.872,36.4,20.7,27.8
"BOOI4","2020-06-16 04:00",65.9119999999999,80.1,0,0,3.0690815,140.4,0.000275590551181102,73.1659999999999,73.2199999999999,67.532,60.872,36.4,20.7,27.8
"BOOI4","2020-06-16 05:00",64.7599999999999,79.27,0,0,4.733365,140,0.000669291338582677,72.4999999999999,73.2019999999999,67.5679999999999,60.89,36.4,20.7,27.8
"BOOI4","2020-06-16 06:00",64.346,76.11,13738.181,0,5.033115,140,0.000866141732283465,71.906,73.13,67.6039999999999,60.89,36.4,20.7,27.8
"BOOI4","2020-06-16 07:00",65.8939999999999,70.03,284100,0,5.8361764,137.8,0.00299212598425197,71.3839999999999,73.0579999999999,67.6579999999999,60.9079999999999,36.4,20.7,27.8
"BOOI4","2020-06-16 08:00",69.2419999999999,58.84,844727.23,0,9.873854,152.7,0.00996062992125984,71.114,72.9499999999999,67.6759999999999,60.9259999999999,36.4,20.7,27.8
"BOOI4","2020-06-16 09:00",72.7699999999999,56.87,1478909,0,13.403745,158,0.0183464566929134,71.33,72.8419999999999,67.7119999999999,60.9259999999999,36.3,20.7,27.8
"BOOI4","2020-06-16 10:00",75.5239999999999,55.16,2098818,0,14.645246,160,0.0240551181102362,71.9599999999999,72.7159999999999,67.748,60.9259999999999,36.3,20.7,27.8
"BOOI4","2020-06-16 11:00",78.2599999999999,56.03,2635636.2,0,13.857843,160.4,0.0281102362204724,73.13,72.572,67.7839999999999,60.9439999999999,36.3,20.7,27.8
"BOOI4","2020-06-16 12:00",80.9419999999999,58.2,3038545.7,0,12.93175,158.5,0.0309055118110236,74.9119999999999,72.482,67.8019999999999,60.9619999999999,36.2,20.7,27.8
"BOOI4","2020-06-16 13:00",83.1199999999999,55.4,3294545.4,0,13.15097,156.5,0.0338188976377953,77.0179999999999,72.3919999999999,67.8199999999999,60.9619999999999,36.2,20.6,27.8
"BOOI4","2020-06-16 14:00",84.2899999999999,52.64,3340909.2,0,13.473089,161.7,0.0359055118110236,79.124,72.356,67.838,60.98,36.2,20.6,27.8
"BOOI4","2020-06-16 15:00",84.398,54.55,3193636.2,0,12.710294,151.1,0.0351181102362205,80.9599999999999,72.3919999999999,67.838,60.98,36.2,20.6,27.8
"BOOI4","2020-06-16 16:00",84.8119999999999,51.96,2869182,0,12.517917,150,0.0328346456692913,82.346,72.464,67.856,60.998,36.2,20.6,27.8
"BOOI4","2020-06-16 17:00",84.3619999999999,54.14,2408909.2,0,12.947409,147.4,0.0296456692913386,83.1199999999999,72.6079999999999,67.856,60.998,36.2,20.6,27.8
"BOOI4","2020-06-16 18:00",83.732,52.46,1807545.4,0,12.198034,145.8,0.0247244094488189,83.3539999999999,72.788,67.874,61.0159999999999,36.2,20.6,27.8
"BOOI4","2020-06-16 19:00",82.3099999999999,48.75,1121181.9,0,12.860168,135.2,0.021259842519685,82.9579999999999,73.022,67.856,61.0339999999999,36.3,20.6,27.7
"BOOI4","2020-06-16 20:00",80.0599999999999,47.5,632181.8,0,12.385937,133.1,0.0171259842519685,81.9859999999999,73.256,67.874,61.0339999999999,36.2,20.6,27.7
"BOOI4","2020-06-16 21:00",76.28,50.02,145963.64,0,10.961006,130.4,0.0111023622047244,80.6359999999999,73.5079999999999,67.8919999999999,61.0519999999999,36.3,20.6,27.7
"BOOI4","2020-06-16 22:00",73.0939999999999,51.89,1357.2726,0,9.6412115,131,0.00405511811023622,79.1779999999999,73.7419999999999,67.9099999999999,61.0699999999999,36.3,20.6,27.7
"BOOI4","2020-06-16 23:00",70.6099999999999,58.79,0,0,7.164919,137,0.00271653543307087,77.8099999999999,73.94,67.9279999999999,61.0699999999999,36.3,20.6,27.7
"BOOI4","2020-06-17 00:00",68.6119999999999,62.44,0,0,7.4825644,135.1,0.00232283464566929,76.622,74.1019999999999,67.964,61.088,36.3,20.6,27.7
"BOOI4","2020-06-17 01:00",66.4339999999999,64.1,0,0,6.2432995,140.8,0.00173228346456693,75.5419999999999,74.1919999999999,67.9999999999999,61.106,36.3,20.6,27.7
"BOOI4","2020-06-17 02:00",63.8779999999999,69.79,0,0,6.697398,150.7,0.00145669291338583,74.5699999999999,74.264,68.0359999999999,61.106,36.3,20.6,27.7
"BOOI4","2020-06-17 03:00",64.3099999999999,68.24,0,0,6.3931746,155.5,0.00125984251968504,73.7239999999999,74.264,68.09,61.124,36.3,20.6,27.7
"BOOI4","2020-06-17 04:00",63.4819999999999,72.03,0,0,6.0934243,156.7,0.00118110236220473,72.9319999999999,74.2279999999999,68.1259999999999,61.124,36.3,20.6,27.7
"BOOI4","2020-06-17 05:00",62.7259999999999,75.26,0,0,5.81157,149.8,0.00094488188976378,72.23,74.156,68.18,61.1419999999999,36.3,20.6,27.7
"BOOI4","2020-06-17 06:00",61.2319999999999,78.04,23113.638,0,3.990701,151.5,0.000275590551181102,71.5999999999999,74.0659999999999,68.2159999999999,61.1599999999999,36.3,20.6,27.7
"BOOI4","2020-06-17 07:00",63.9859999999999,73.91,313609.1,0,5.543137,145.6,0.00263779527559055,71.0779999999999,73.922,68.2699999999999,61.1599999999999,36.3,20.6,27.7
"BOOI4","2020-06-17 08:00",68.5039999999999,66.49,835818.2,0,9.694899,152.8,0.00889763779527559,70.88,73.7779999999999,68.306,61.1779999999999,36.3,20.6,27.7
"BOOI4","2020-06-17 09:00",72.8419999999999,62.02,1457000,0,13.007806,159.5,0.016259842519685,71.1499999999999,73.6159999999999,68.3419999999999,61.1779999999999,36.2,20.6,27.7
"BOOI4","2020-06-17 10:00",75.7759999999999,62.09,2102000,0,12.383699,164,0.0212992125984252,71.9239999999999,73.4539999999999,68.3779999999999,61.196,36.2,20.5,27.7
"BOOI4","2020-06-17 11:00",78.0439999999999,62.59,2636363.5,0,12.658843,166.3,0.0257086614173228,73.238,73.2919999999999,68.396,61.214,36.2,20.5,27.7
"BOOI4","2020-06-17 12:00",80.096,62.27,3049091,0,13.278476,158.1,0.0298425196850394,75.0019999999999,73.148,68.4319999999999,61.2319999999999,36.1,20.5,27.7
"BOOI4","2020-06-17 13:00",82.1839999999999,57.86,3311818,0,13.477564,149.4,0.0332283464566929,76.9999999999999,73.0399999999999,68.4319999999999,61.2319999999999,36.1,20.5,27.7
"BOOI4","2020-06-17 14:00",83.3539999999999,55.68,3351818,0,13.958505,161.4,0.0350393700787402,78.98,72.9859999999999,68.4499999999999,61.2499999999999,36.1,20.5,27.7
"BOOI4","2020-06-17 15:00",83.48,55.37,3201818.4,0,14.880125,160.1,0.035,80.672,73.0039999999999,68.4499999999999,61.2679999999999,36.1,20.5,27.7
"BOOI4","2020-06-17 16:00",84.2899999999999,56.38,2885909.2,0,15.645158,153.7,0.0337007874015748,81.896,73.0579999999999,68.4499999999999,61.2679999999999,36.1,20.5,27.6
"BOOI4","2020-06-17 17:00",84.38,54.18,2418727.3,0,15.177637,156.6,0.0305511811023622,82.6339999999999,73.1839999999999,68.4499999999999,61.2859999999999,36.1,20.5,27.6
"BOOI4","2020-06-17 18:00",84.146,57.18,1810909,0,14.602744,160.1,0.0258661417322835,82.9759999999999,73.346,68.4499999999999,61.3039999999999,36.1,20.5,27.6
"BOOI4","2020-06-17 19:00",83.0119999999999,58.41,1106636.4,0,14.551295,150.7,0.0200787401574803,82.688,73.5439999999999,68.4499999999999,61.322,36,20.4,27.6
"BOOI4","2020-06-17 20:00",81.1039999999999,60.71,608727.23,0,13.956268,148.4,0.0151574803149606,81.914,73.7779999999999,68.4499999999999,61.3399999999999,36.1,20.4,27.6
"BOOI4","2020-06-17 21:00",77.8099999999999,61.78,139338.18,0,10.708232,150.1,0.00866141732283465,80.78,73.9939999999999,68.4499999999999,61.3399999999999,36.1,20.4,27.6
"BOOI4","2020-06-17 22:00",74.4439999999999,65.94,1172.7272,0,7.8136315,150.5,0.00248031496062992,79.4659999999999,74.2099999999999,68.4679999999999,61.3579999999999,36.1,20.4,27.6
"BOOI4","2020-06-17 23:00",72.6439999999999,68.29,0,0,7.460195,151.2,0.0021259842519685,78.2779999999999,74.39,68.4859999999999,61.3759999999999,36.2,20.4,27.6
"BOOI4","2020-06-18 00:00",70.7359999999999,72.23,0,0,5.816044,134.7,0.00141732283464567,77.198,74.5339999999999,68.5039999999999,61.3759999999999,36.2,20.4,27.6
"BOOI4","2020-06-18 01:00",69.3499999999999,77.44,0,0,5.9010477,148.3,0.00106299212598425,76.2619999999999,74.624,68.5399999999999,61.4119999999999,36.2,20.4,27.6
"BOOI4","2020-06-18 02:00",68.756,77.96,0,0,4.547699,142.8,0.00047244094488189,75.4339999999999,74.6779999999999,68.5759999999999,61.4119999999999,36.2,20.4,27.6
"BOOI4","2020-06-18 03:00",68.18,78.38,0,0,6.028553,151.4,0.000826771653543307,74.714,74.696,68.6119999999999,61.43,36.2,20.4,27.6
"BOOI4","2020-06-18 04:00",67.7659999999999,78.35,0,0,6.475941,151.1,0.000866141732283465,74.0659999999999,74.6599999999999,68.648,61.448,36.2,20.4,27.6
"BOOI4","2020-06-18 05:00",67.1359999999999,79.02,0,0,5.739988,149.1,0.00062992125984252,73.49,74.624,68.6839999999999,61.448,36.2,20.4,27.6
"BOOI4","2020-06-18 06:00",67.838,78.34,24831.82,0,7.191762,153.8,0.00106299212598425,72.9859999999999,74.5339999999999,68.7199999999999,61.4659999999999,36.2,20.4,27.6
"BOOI4","2020-06-18 07:00",68.9179999999999,77.32,303109.07,0,6.632527,152.7,0.00322834645669291,72.6079999999999,74.4259999999999,68.7739999999999,61.4839999999999,36.1,20.4,27.6
"BOOI4","2020-06-18 08:00",72.032,75.44,613454.5,0,8.104433,159.7,0.00700787401574803,72.4999999999999,74.2999999999999,68.8099999999999,61.5019999999999,36.1,20.4,27.6
"BOOI4","2020-06-18 09:00",74.822,72.76,1061363.6,0,8.077591,177.3,0.0109448818897638,72.788,74.1739999999999,68.8279999999999,61.5019999999999,36.1,20.4,27.6
"BOOI4","2020-06-18 10:00",76.1179999999999,73.48,1213272.7,0,8.61893,162.9,0.0129133858267717,73.4359999999999,74.048,68.864,61.5199999999999,36.1,20.4,27.6
"BOOI4","2020-06-18 11:00",78.9439999999999,70.36,1771818.2,0,10.05952,156.5,0.0179133858267717,74.2279999999999,73.9039999999999,68.8819999999999,61.538,36,20.4,27.6
"BOOI4","2020-06-18 12:00",81.788,67.04,2273363.8,0,10.171366,154.9,0.0230708661417323,75.4519999999999,73.796,68.8999999999999,61.556,36,20.4,27.6
"BOOI4","2020-06-18 13:00",83.8579999999999,62.63,2510636.2,0,11.198122,162.5,0.0263779527559055,76.9279999999999,73.706,68.9179999999999,61.5739999999999,36,20.3,27.6
"BOOI4","2020-06-18 14:00",84.488,61.02,2613818,0,12.701345,173.9,0.0290551181102362,78.3499999999999,73.6519999999999,68.9179999999999,61.5739999999999,36,20.3,27.6
"BOOI4","2020-06-18 15:00",84.9199999999999,61.82,2681272.7,0,12.788586,167.3,0.0297637795275591,79.646,73.6339999999999,68.9359999999999,61.5919999999999,35.9,20.3,27.5
"BOOI4","2020-06-18 16:00",86.3239999999999,60.11,2602818,0,14.851045,165.8,0.0304724409448819,80.69,73.6699999999999,68.9359999999999,61.6099999999999,35.9,20.3,27.5
"BOOI4","2020-06-18 17:00",84.83,59.59,1999091,0,14.766041,170.2,0.0265354330708662,81.5179999999999,73.7419999999999,68.9359999999999,61.6279999999999,35.9,20.3,27.6
"BOOI4","2020-06-18 18:00",84.7579999999999,59.07,1300000,0,13.694547,166.4,0.0211811023622047,81.806,73.8679999999999,68.9359999999999,61.6279999999999,35.9,20.3,27.6
"BOOI4","2020-06-18 19:00",82.9039999999999,64.58,435363.62,0,10.540461,166.7,0.0125984251968504,81.338,74.03,68.9359999999999,61.646,35.9,20.3,27.6
"BOOI4","2020-06-18 20:00",81.5179999999999,68.68,162054.53,0,9.026052,167.6,0.00874015748031496,80.5279999999999,74.1919999999999,68.9359999999999,61.664,36,20.3,27.6
"BOOI4","2020-06-18 21:00",80.1859999999999,70.52,21071.82,0,8.903021,163.2,0.00665354330708662,79.6819999999999,74.372,68.9539999999999,61.664,36,20.3,27.6
"BOOI4","2020-06-18 22:00",78.764,75.57,291.8182,0,6.856221,156.9,0.00248031496062992,78.8539999999999,74.5339999999999,68.9539999999999,61.682,36,20.3,27.6
"BOOI4","2020-06-18 23:00",71.1679999999999,96.1,0,0.010000001,5.440238,308.5,0.000826771653543307,78.0619999999999,74.6779999999999,68.972,61.6999999999999,36,20.3,27.6
"BOOI4","2020-06-19 00:00",69.2599999999999,99.2,5.4545454,0.09,3.5589714,32.6,3.93700787401575e-05,77.2519999999999,74.7859999999999,68.972,61.7179999999999,36,20.3,27.6
"BOOI4","2020-06-19 01:00",69.314,100,0,0.040000003,5.7220926,100.8,-3.93700787401575e-05,76.4419999999999,74.8579999999999,69.0079999999999,61.7359999999999,36.1,20.3,27.5
"BOOI4","2020-06-19 02:00",68.6119999999999,99.9,0,0.07,5.6438,72.87,-7.8740157480315e-05,75.6319999999999,74.8939999999999,69.0439999999999,61.7359999999999,36.1,20.3,27.5
"BOOI4","2020-06-19 03:00",68.648,100,0,0.020000001,2.5478747,59.88,-0.000118110236220472,75.0199999999999,74.8939999999999,69.0619999999999,61.7539999999999,36.1,20.3,27.5
"BOOI4","2020-06-19 04:00",68.8099999999999,99.7,0,0,2.5859027,49.96,-0.000118110236220472,74.4619999999999,74.8759999999999,69.098,61.772,36.1,20.3,27.5
"BOOI4","2020-06-19 05:00",68.6839999999999,100,0,0.010000001,0.9909644,74.79,-0.000118110236220472,74.03,74.822,69.1159999999999,61.772,36.1,20.3,27.5
"BOOI4","2020-06-19 06:00",68.648,100,3821.818,0,0,0,-0.00015748031496063,73.6699999999999,74.732,69.1519999999999,61.79,36,20.3,27.5
"BOOI4","2020-06-19 07:00",69.1339999999999,100,72739.1,0,0.04250186,302,0.000511811023622047,73.346,74.624,69.188,61.8259999999999,36,20.3,27.5
"BOOI4","2020-06-19 08:00",69.4759999999999,98.7,279918.18,0,1.6240184,315.7,0.00200787401574803,73.1839999999999,74.498,69.206,61.8439999999999,36,20.3,27.6
"BOOI4","2020-06-19 09:00",68.5939999999999,98.7,481363.65,0,4.47388,335,0.00354330708661417,73.2199999999999,74.372,69.2419999999999,61.8439999999999,36,20.3,27.6
"BOOI4","2020-06-19 10:00",68.1259999999999,95.9,574000,0,5.3932624,343.7,0.00421259842519685,73.2199999999999,74.246,69.2599999999999,61.8619999999999,36,20.3,27.6
"BOOI4","2020-06-19 11:00",71.114,88.5,1358363.6,0,3.65516,355.9,0.0101968503937008,73.4179999999999,74.1019999999999,69.2779999999999,61.88,36,20.3,27.6
"BOOI4","2020-06-19 12:00",72.23,86.5,1856272.7,0,5.489451,347.2,0.014251968503937,74.246,73.9759999999999,69.2779999999999,61.88,36,20.3,27.5
"BOOI4","2020-06-19 13:00",72.7699999999999,85.4,1331000,0,5.4603705,351.7,0.0112204724409449,74.9659999999999,73.8499999999999,69.296,61.898,35.9,20.3,27.5
"BOOI4","2020-06-19 14:00",72.3199999999999,85.8,718454.5,0,4.5633574,350.8,0.0068503937007874,75.146,73.7419999999999,69.296,61.9159999999999,35.9,20.3,27.5
"BOOI4","2020-06-19 15:00",74.1739999999999,80.9,1655545.4,0,5.6393256,359.7,0.0139370078740157,75.2179999999999,73.6519999999999,69.296,61.9159999999999,35.9,20.3,27.6
"BOOI4","2020-06-19 16:00",73.4359999999999,82.3,829727.3,0,5.0129824,344.6,0.00838582677165354,75.5419999999999,73.58,69.2779999999999,61.9339999999999,35.9,20.3,27.6
"BOOI4","2020-06-19 17:00",71.996,82,807909.06,0,6.2813277,348.7,0.00822834645669291,75.4339999999999,73.5259999999999,69.296,61.9519999999999,35.9,20.2,27.6
"BOOI4","2020-06-19 18:00",71.8519999999999,81.9,552090.9,0,5.865257,5.161,0.00641732283464567,75.056,73.49,69.2779999999999,61.9699999999999,35.9,20.2,27.6
"BOOI4","2020-06-19 19:00",71.456,81.6,351272.74,0,4.8966613,13.99,0.0047244094488189,74.5699999999999,73.4539999999999,69.2599999999999,61.988,35.9,20.2,27.6
"BOOI4","2020-06-19 20:00",71.33,83.8,164354.54,0,3.4448874,16.13,0.00271653543307087,74.048,73.4179999999999,69.2599999999999,61.988,35.9,20.2,27.6
"BOOI4","2020-06-19 21:00",70.232,87.2,47400,0,3.9974117,15.47,0.0015748031496063,73.5259999999999,73.364,69.2599999999999,62.006,35.9,20.2,27.5
"BOOI4","2020-06-19 22:00",69.7099999999999,94.3,379.0909,0,4.1271544,40.44,0.000551181102362205,72.9859999999999,73.3099999999999,69.2419999999999,62.0239999999999,35.9,20.2,27.5
"BOOI4","2020-06-19 23:00",68.738,95.5,0,0,5.6706433,57.59,0.000354330708661417,72.572,73.256,69.2239999999999,62.0419999999999,35.9,20.2,27.5
"BOOI4","2020-06-20 00:00",68.4679999999999,96.9,0,0,1.2929513,49.42,7.8740157480315e-05,72.2119999999999,73.1659999999999,69.206,62.0419999999999,35.9,20.2,27.5
"BOOI4","2020-06-20 01:00",68.5579999999999,98.3,0,0,0.46080965,33.66,0,71.9239999999999,73.0759999999999,69.206,62.0599999999999,35.9,20.2,27.5
"BOOI4","2020-06-20 02:00",68.4859999999999,98.6,0,0,0.5726567,16.78,0,71.7079999999999,72.9679999999999,69.188,62.0779999999999,35.8,20.2,27.5
"BOOI4","2020-06-20 03:00",67.388,96.1,0,0,2.2928634,9.9,0.000118110236220472,71.4919999999999,72.8779999999999,69.1699999999999,62.096,35.8,20.2,27.5
"BOOI4","2020-06-20 04:00",66.0739999999999,97.8,0,0,4.4403257,10.49,0.000275590551181102,71.2039999999999,72.7519999999999,69.1699999999999,62.114,35.8,20.2,27.5
"BOOI4","2020-06-20 05:00",64.8679999999999,99.5,0,0,3.462783,17.31,3.93700787401575e-05,70.8439999999999,72.6439999999999,69.1519999999999,62.114,35.8,20.2,27.5
"BOOI4","2020-06-20 06:00",64.58,98.8,146760.01,0,2.5948503,4.67,3.93700787401575e-05,70.5199999999999,72.5359999999999,69.1339999999999,62.1319999999999,35.8,20.1,27.5
"BOOI4","2020-06-20 07:00",64.688,98.7,4952280.3,0,2.8588092,8.37,0.000511811023622047,70.2499999999999,72.4279999999999,69.098,62.1499999999999,35.8,20.1,27.5
"BOOI4","2020-06-20 08:00",67.3699999999999,94.6,30324000,0,0.6218693,24.61,0.00279527559055118,70.1599999999999,72.3019999999999,69.08,62.1499999999999,35.8,20.1,27.5
"BOOI4","2020-06-20 09:00",69.206,91.3,67902000,0,1.5815166,51.85,0.00704724409448819,70.6279999999999,72.1759999999999,69.0619999999999,62.1679999999999,35.7,20.1,27.5
"BOOI4","2020-06-20 10:00",69.998,92.5,55776000,0,0.81648314,189.4,0.00661417322834646,71.4019999999999,72.032,69.0259999999999,62.1859999999999,35.7,20.1,27.5
"BOOI4","2020-06-20 11:00",70.8619999999999,90.6,63048000,0,7.393087,247.1,0.00767716535433071,71.8159999999999,71.906,69.0079999999999,62.1859999999999,35.7,20.1,27.5
"BOOI4","2020-06-20 12:00",72.9499999999999,86.2,142914000,0,9.838061,269.6,0.0160236220472441,72.374,71.8159999999999,68.972,62.2039999999999,35.8,20.1,27.5
"BOOI4","2020-06-20 13:00",73.346,84.2,108516000,0,9.278827,284.9,0.0175984251968504,73.4179999999999,71.7259999999999,68.9539999999999,62.222,35.7,20.1,27.4
"BOOI4","2020-06-20 14:00",75.1999999999999,78.08,193086000,0,7.7152057,290.7,0.0227952755905512,74.4439999999999,71.672,68.9179999999999,62.222,35.7,20.1,27.4
"BOOI4","2020-06-20 15:00",76.964,68.79,183300000,0,8.028378,295.1,0.0233858267716535,75.614,71.6359999999999,68.8819999999999,62.24,35.7,20,27.4
"BOOI4","2020-06-20 16:00",78.2779999999999,59.49,193926000,0,7.672704,286.5,0.0262204724409449,76.73,71.6539999999999,68.846,62.24,35.6,20,27.4
"BOOI4","2020-06-20 17:00",79.5739999999999,55.85,169854000,0,8.545111,280.3,0.0252755905511811,77.738,71.7079999999999,68.8099999999999,62.2579999999999,35.6,20,27.4
"BOOI4","2020-06-20 18:00",80.0419999999999,59.22,126504000,0,8.527215,283.3,0.0206692913385827,78.2779999999999,71.8159999999999,68.7919999999999,62.2579999999999,35.6,20,27.4
"BOOI4","2020-06-20 19:00",78.188,62.06,53652000,0,7.2476854,288.3,0.0121259842519685,78.1519999999999,71.9599999999999,68.756,62.2759999999999,35.6,20,27.4
"BOOI4","2020-06-20 20:00",77.0539999999999,67.38,33147000,0,0.17000744,342.8,0.00299212598425197,77.522,72.1579999999999,68.7199999999999,62.2759999999999,35.7,20,27.4
"BOOI4","2020-06-20 21:00",73.6519999999999,83.7,10529939,0,0,0,-0.000984251968503937,76.6579999999999,72.356,68.7019999999999,62.2939999999999,35.7,20,27.4
"BOOI4","2020-06-20 22:00",72.1579999999999,83.5,79080,0,0.0022369402,6.495,-0.000866141732283465,75.7579999999999,72.59,68.6839999999999,62.3119999999999,35.7,20,27.3
"BOOI4","2020-06-20 23:00",70.7539999999999,87.8,0,0,0.00671082,24.26,-0.000866141732283465,74.8759999999999,72.7699999999999,68.6659999999999,62.3119999999999,35.8,20,27.3
"BOOI4","2020-06-21 00:00",69.296,90.6,0,0,0,0,-0.000866141732283465,74.048,72.9319999999999,68.6659999999999,62.33,35.8,20,27.3
"BOOI4","2020-06-21 01:00",67.6759999999999,93.9,0,0,0,0,-0.000866141732283465,73.238,73.0579999999999,68.648,62.33,35.8,20,27.3
"BOOI4","2020-06-21 02:00",66.272,95.4,0,0,1.2415017,108.2,-0.000511811023622047,72.4999999999999,73.148,68.6659999999999,62.33,35.8,20,27.3
"BOOI4","2020-06-21 03:00",65.8579999999999,97.9,0,0,0,0,-0.000826771653543307,71.906,73.1839999999999,68.6839999999999,62.348,35.8,20,27.3
"BOOI4","2020-06-21 04:00",65.624,98.3,0,0,1.1005745,142.9,-0.00062992125984252,71.4019999999999,73.1839999999999,68.6839999999999,62.348,35.8,20,27.3
"BOOI4","2020-06-21 05:00",64.4179999999999,99.9,0,0,0,0,-0.000826771653543307,70.9699999999999,73.1659999999999,68.7019999999999,62.348,35.8,20,27.3
"BOOI4","2020-06-21 06:00",64.706,99.7,10834.546,0,0.41830778,165,-0.000708661417322835,70.538,73.0939999999999,68.7199999999999,62.3659999999999,35.8,20,27.3
"BOOI4","2020-06-21 07:00",65.9839999999999,98.5,292481.84,0,0.3377779,159.5,0.000236220472440945,70.1779999999999,73.022,68.738,62.3659999999999,35.8,20,27.3
"BOOI4","2020-06-21 08:00",72.0679999999999,89.8,867545.5,0,2.8856525,180.4,0.005,70.1419999999999,72.9319999999999,68.756,62.3659999999999,35.8,20,27.3
"BOOI4","2020-06-21 09:00",77.0359999999999,78.25,1516545.5,0,5.771305,222.6,0.0119685039370079,70.7359999999999,72.8239999999999,68.7739999999999,62.3839999999999,35.8,20,27.3
"BOOI4","2020-06-21 10:00",75.5779999999999,81.1,942090.94,0,6.308171,228.4,0.0097244094488189,71.5099999999999,72.698,68.7919999999999,62.3839999999999,35.7,20,27.3
"BOOI4","2020-06-21 11:00",78.0079999999999,73.46,1831636.4,0,6.317118,248.7,0.0160629921259842,72.1579999999999,72.59,68.8099999999999,62.4019999999999,35.7,20,27.3
"BOOI4","2020-06-21 12:00",79.8439999999999,63.75,2369909.2,0,4.719943,233.3,0.0216141732283465,73.364,72.5179999999999,68.8099999999999,62.4019999999999,35.7,20,27.3
"BOOI4","2020-06-21 13:00",83.9119999999999,60.27,3383636.5,0,3.760296,205.6,0.0301968503937008,74.8759999999999,72.446,68.8099999999999,62.4019999999999,35.7,20,27.3
"BOOI4","2020-06-21 14:00",85.1359999999999,51.63,2772454.3,0,6.889775,208.5,0.0290551181102362,76.7119999999999,72.446,68.8099999999999,62.4199999999999,35.6,19.9,27.3
"BOOI4","2020-06-21 15:00",85.1359999999999,54.06,1556091,0,6.977016,203.6,0.020236220472441,77.5759999999999,72.464,68.8099999999999,62.4199999999999,35.6,19.9,27.3
"BOOI4","2020-06-21 16:00",85.6579999999999,56.27,2276545.4,0,8.94776,195.5,0.0270472440944882,78.1699999999999,72.5359999999999,68.7919999999999,62.4199999999999,35.6,19.9,27.2
"BOOI4","2020-06-21 17:00",85.172,57.18,1820636.4,0,10.605333,184.1,0.0238188976377953,78.764,72.698,68.7919999999999,62.438,35.5,19.9,27.2
"BOOI4","2020-06-21 18:00",85.9279999999999,54.09,1361909,0,10.927452,202.9,0.021496062992126,79.0159999999999,72.8779999999999,68.7739999999999,62.438,35.5,19.9,27.2
"BOOI4","2020-06-21 19:00",83.2999999999999,60.77,574909.1,0,9.462256,202,0.0139370078740157,78.6919999999999,73.0759999999999,68.7739999999999,62.438,35.6,19.9,27.2
"BOOI4","2020-06-21 20:00",81.032,66.88,343809.1,0,6.2276406,203.6,0.00795275590551181,78.1159999999999,73.2919999999999,68.7739999999999,62.456,35.5,19.9,27.2
"BOOI4","2020-06-21 21:00",78.998,69.34,55306.366,0,3.3106713,207.8,0.00291338582677165,77.4499999999999,73.5079999999999,68.7739999999999,62.456,35.6,19.9,27.2
"BOOI4","2020-06-21 22:00",76.6039999999999,75.78,782.7273,0,3.0400014,236,0.00133858267716536,76.6579999999999,73.706,68.7739999999999,62.456,35.7,19.9,27.2
"BOOI4","2020-06-21 23:00",69.7279999999999,87.5,0,0,3.5321283,6.432,0.000708661417322835,75.8659999999999,73.8859999999999,68.7919999999999,62.4739999999999,35.6,19.8,27.2
"BOOI4","2020-06-22 00:00",67.7839999999999,94.4,0,0,0.28856525,51.78,-0.000354330708661417,75.0739999999999,74.0119999999999,68.8099999999999,62.4739999999999,35.7,19.8,27.1
"BOOI4","2020-06-22 01:00",67.6759999999999,97.2,0,0,2.3733933,59.91,-7.8740157480315e-05,74.3539999999999,74.1199999999999,68.8279999999999,62.4739999999999,35.7,19.8,27.1
"BOOI4","2020-06-22 02:00",66.722,97.7,0,0,2.4047105,65.85,-0.00015748031496063,73.7419999999999,74.1919999999999,68.864,62.4919999999999,35.7,19.8,27.1
"BOOI4","2020-06-22 03:00",68.0539999999999,95.2,0,0,3.9303036,79.12,0,73.2199999999999,74.2099999999999,68.8999999999999,62.4919999999999,35.7,19.8,27.1
"BOOI4","2020-06-22 04:00",67.298,98.3,0,0,2.6306415,24.69,-0.00015748031496063,72.8419999999999,74.2099999999999,68.9179999999999,62.5099999999999,35.7,19.8,27.1
"BOOI4","2020-06-22 05:00",66.146,100,0,0,0.61292154,17.85,-0.000354330708661417,72.464,74.1739999999999,68.972,62.5099999999999,35.7,19.8,27.1
"BOOI4","2020-06-22 06:00",66.1279999999999,100,4257.2727,0,0.09395148,71.61,-0.000354330708661417,72.014,74.1199999999999,68.99,62.5099999999999,35.7,19.8,27.1
"BOOI4","2020-06-22 07:00",67.7839999999999,94.7,104800.01,0,2.2682574,136.2,0.000511811023622047,71.7439999999999,74.048,69.0259999999999,62.5099999999999,35.7,19.8,27.1
"BOOI4","2020-06-22 08:00",67.7839999999999,95,140354.54,0,2.8431509,80.4,0.00141732283464567,71.672,73.9579999999999,69.0619999999999,62.5279999999999,35.7,19.8,27.1
"BOOI4","2020-06-22 09:00",67.6759999999999,95.3,233318.19,0,1.7962627,70.52,0.00204724409448819,71.69,73.8679999999999,69.098,62.5279999999999,35.7,19.8,27.1
"BOOI4","2020-06-22 10:00",66.398,100,109536.37,0.120000005,4.3463745,21.66,0.000905511811023622,71.5279999999999,73.7419999999999,69.1159999999999,62.5279999999999,35.7,19.8,27.1
"BOOI4","2020-06-22 11:00",62.9779999999999,100,120390.91,0.16000001,6.039738,59.26,0.000826771653543307,70.8619999999999,73.6519999999999,69.1339999999999,62.546,35.8,19.8,27.1
"BOOI4","2020-06-22 12:00",63.3919999999999,100,69972.725,0.1,2.1496994,176.4,0.000511811023622047,70.448,73.5619999999999,69.1699999999999,62.546,36.7,19.9,27.1
"BOOI4","2020-06-22 13:00",63.4279999999999,100,133727.28,0.060000002,1.5076976,184.2,0.00102362204724409,70.088,73.4359999999999,69.188,62.564,37.8,19.9,27.1
"BOOI4","2020-06-22 14:00",67.514,95.6,1085545.5,0.060000002,3.7759547,323.7,0.00767716535433071,69.998,73.3279999999999,69.188,62.582,39,20,27.1
"BOOI4","2020-06-22 15:00",70.8439999999999,87.3,1911818.2,0.040000003,6.8763533,335.4,0.0133858267716536,70.6819999999999,73.1839999999999,69.206,62.582,38.5,20.1,27.1
"BOOI4","2020-06-22 16:00",71.5279999999999,81.7,2468000,0.040000003,8.176016,1.473,0.0180314960629921,72.014,73.022,69.206,62.5999999999999,38.1,20.2,27.1
"BOOI4","2020-06-22 17:00",71.222,80.9,2326909.2,0.030000001,9.383964,9.57,0.0172834645669291,73.256,72.8779999999999,69.206,62.5999999999999,37.8,20.3,27.1
"BOOI4","2020-06-22 18:00",71.222,70.09,1847636.4,0.020000001,9.683713,13.64,0.0153543307086614,73.832,72.7519999999999,69.206,62.5999999999999,37.7,20.4,27.1
"BOOI4","2020-06-22 19:00",71.1679999999999,65.7,1141727.2,0.010000001,7.8740287,16.25,0.0115748031496063,73.9039999999999,72.6439999999999,69.206,62.6179999999999,37.6,20.5,27
"BOOI4","2020-06-22 20:00",69.098,66.41,521609.13,0.010000001,3.9839902,17.9,0.00562992125984252,73.58,72.572,69.206,62.6179999999999,37.5,20.5,27
"BOOI4","2020-06-22 21:00",65.93,80.4,92975.46,0.010000001,0,0,-0.000393700787401575,72.806,72.5179999999999,69.188,62.6359999999999,37.4,20.5,27
"BOOI4","2020-06-22 22:00",63.6259999999999,92.4,2608.182,0.010000001,0,0,-0.00153543307086614,71.996,72.482,69.1699999999999,62.6359999999999,37.4,20.5,27
"BOOI4","2020-06-22 23:00",62.5279999999999,96.7,0,0.010000001,0.0559235,203.5,-0.00145669291338583,71.2759999999999,72.4279999999999,69.1519999999999,62.6539999999999,37.3,20.6,27
"BOOI4","2020-06-23 00:00",61.9159999999999,94.3,0,0,0.6420018,248.6,-0.00118110236220473,70.6279999999999,72.356,69.1519999999999,62.6539999999999,37.3,20.6,27
"BOOI4","2020-06-23 01:00",60.6019999999999,95.4,0,0,1.6128337,246.8,-0.000905511811023622,70.0159999999999,72.2659999999999,69.1159999999999,62.672,37.3,20.6,27
"BOOI4","2020-06-23 02:00",61.6999999999999,92.8,0,0.010000001,5.4044466,265.3,-0.000354330708661417,69.422,72.1579999999999,69.098,62.672,37.2,20.6,27
"BOOI4","2020-06-23 03:00",61.322,96.4,0,0,4.945874,291.1,-0.000393700787401575,68.8819999999999,72.0499999999999,69.08,62.672,37.2,20.6,27
"BOOI4","2020-06-23 04:00",60.98,94,0,0,3.0534232,301.6,-0.000669291338582677,68.414,71.906,69.0619999999999,62.69,37.2,20.6,27
"BOOI4","2020-06-23 05:00",59.9359999999999,91.9,0,0,7.158208,300.1,-0.00015748031496063,67.946,71.7619999999999,69.0439999999999,62.7079999999999,37.1,20.6,27.1
"BOOI4","2020-06-23 06:00",58.5499999999999,91.5,936.12,0.010000001,7.0217547,304.9,-3.93700787401575e-05,67.4779999999999,71.5999999999999,69.0259999999999,62.7079999999999,37.1,20.6,27.1
"BOOI4","2020-06-23 07:00",59.3419999999999,87.6,16294.8,0,6.9814897,308.8,0.00094488188976378,67.0099999999999,71.4199999999999,68.99,62.7079999999999,37.1,20.6,27.1
"BOOI4","2020-06-23 08:00",60.3859999999999,83.4,33408,0,6.415544,314.4,0.00397637795275591,66.7039999999999,71.24,68.972,62.7259999999999,37,20.6,27.1
"BOOI4","2020-06-23 09:00",65.6419999999999,74.02,82194,0,5.78249,325.9,0.00889763779527559,66.74,71.0419999999999,68.9359999999999,62.7259999999999,37,20.6,27.1
"BOOI4","2020-06-23 10:00",68.8279999999999,66.39,125970.01,0,7.1380754,326.3,0.0152755905511811,67.3519999999999,70.8619999999999,68.8999999999999,62.7439999999999,36.9,20.6,27.1
"BOOI4","2020-06-23 11:00",69.8359999999999,65.79,144708.01,0,8.533926,325.2,0.0190944881889764,68.3239999999999,70.664,68.864,62.7439999999999,36.8,20.6,27.1
"BOOI4","2020-06-23 12:00",70.232,60.54,129504.01,0,9.189349,314.6,0.0182677165354331,69.2599999999999,70.4839999999999,68.8279999999999,62.7619999999999,36.8,20.6,27.1
"BOOI4","2020-06-23 13:00",70.3579999999999,69.64,97614,0,8.169305,317.4,0.0176771653543307,70.1419999999999,70.34,68.7919999999999,62.7619999999999,36.7,20.6,27.1
"BOOI4","2020-06-23 14:00",71.546,63.95,22608.002,0,7.527303,320.3,0.0169685039370079,70.7539999999999,70.2499999999999,68.738,62.7619999999999,36.7,20.6,27.1
"BOOI4","2020-06-23 15:00",71.2039999999999,65.59,121284.004,0,8.61893,319.2,0.0184251968503937,71.456,70.1779999999999,68.6839999999999,62.7619999999999,36.6,20.6,27.1
"BOOI4","2020-06-23 16:00",72.9859999999999,60.6,121086,0,7.3572955,315.9,0.0178346456692913,71.8699999999999,70.1419999999999,68.63,62.78,36.6,20.6,27.1
"BOOI4","2020-06-23 17:00",72.59,62.04,104939.995,0,8.94105,309.3,0.0171259842519685,72.374,70.124,68.5939999999999,62.78,36.6,20.6,27.1
"BOOI4","2020-06-23 18:00",73.0039999999999,63.6,90696,0,10.650072,304.9,0.0162204724409449,72.5539999999999,70.124,68.5399999999999,62.798,36.6,20.6,27.1
"BOOI4","2020-06-23 19:00",73.0939999999999,61.85,76062.004,0,10.493485,304.8,0.0146062992125984,72.6259999999999,70.1419999999999,68.4859999999999,62.798,36.5,20.6,27.1
"BOOI4","2020-06-23 20:00",71.7619999999999,65.04,42018,0,7.641387,306.2,0.00909448818897638,72.3919999999999,70.1779999999999,68.4319999999999,62.798,36.6,20.6,27.1
"BOOI4","2020-06-23 21:00",66.9019999999999,78.5,9594,0,1.5748057,304.1,3.93700787401575e-05,71.78,70.196,68.3779999999999,62.798,36.5,20.5,27.1
"BOOI4","2020-06-23 22:00",63.7699999999999,85.2,140.63999,0,0.035791043,289.1,-0.00153543307086614,71.006,70.232,68.3419999999999,62.816,36.6,20.5,27.1
"BOOI4","2020-06-23 23:00",61.772,87.2,0,0,0.2125093,302.4,-0.00141732283464567,70.214,70.2499999999999,68.288,62.816,36.6,20.5,27.1
"BOOI4","2020-06-24 00:00",60.6919999999999,91.7,0,0,0.0223694,303.3,-0.00153543307086614,69.44,70.2499999999999,68.2519999999999,62.816,36.6,20.5,27.1
"BOOI4","2020-06-24 01:00",57.956,95.8,0,0,0,0,-0.00149606299212598,68.738,70.232,68.2159999999999,62.8339999999999,36.6,20.5,27.1
"BOOI4","2020-06-24 02:00",56.9839999999999,97.5,0,0,0,0,-0.00145669291338583,68.0539999999999,70.1779999999999,68.198,62.8339999999999,36.6,20.5,27.1
"BOOI4","2020-06-24 03:00",57.4339999999999,96.9,0,0,0.36685818,259.9,-0.0012992125984252,67.4419999999999,70.106,68.1619999999999,62.8339999999999,36.5,20.5,27.1
"BOOI4","2020-06-24 04:00",57.056,95.7,0,0,1.7582349,265.9,-0.00094488188976378,66.9199999999999,69.998,68.1259999999999,62.8339999999999,36.5,20.5,27.1
"BOOI4","2020-06-24 05:00",57.5419999999999,96,0,0,4.0488615,274.7,-0.000511811023622047,66.4339999999999,69.89,68.1079999999999,62.8339999999999,36.5,20.4,27.1
"BOOI4","2020-06-24 06:00",57.9199999999999,94.3,21109.089,0,4.030966,274.3,-0.00047244094488189,65.9839999999999,69.746,68.072,62.8519999999999,36.5,20.4,27.1
"BOOI4","2020-06-24 07:00",59.7019999999999,91.7,315572.75,0,5.693012,276.7,0.000826771653543307,65.6419999999999,69.5839999999999,68.0539999999999,62.8519999999999,36.5,20.4,27.1
"BOOI4","2020-06-24 08:00",64.5259999999999,83.5,840545.4,0,6.1359267,285.7,0.00492125984251969,65.5159999999999,69.422,67.9999999999999,62.8339999999999,36.4,20.4,27.1
"BOOI4","2020-06-24 09:00",69.1519999999999,77.06,1419545.5,0,5.0420628,288,0.0103937007874016,65.8759999999999,69.2599999999999,67.982,62.8519999999999,36.4,20.4,27.1
"BOOI4","2020-06-24 10:00",72.464,64.76,1917636.4,0,4.366507,284,0.0153543307086614,66.7579999999999,69.08,67.946,62.8339999999999,36.3,20.4,27.1
"BOOI4","2020-06-24 11:00",74.138,58.42,2012181.9,0,5.999473,274.3,0.0178740157480315,67.838,68.9179999999999,67.9099999999999,62.8519999999999,36.3,20.4,27.1
"BOOI4","2020-06-24 12:00",75.3619999999999,51.6,2547727.3,0,7.3304524,286.2,0.0237795275590551,69.0079999999999,68.8099999999999,67.874,62.8519999999999,36.2,20.4,27.1
"BOOI4","2020-06-24 13:00",76.2439999999999,54.46,2712909.2,0,8.835913,284.7,0.0266535433070866,70.1599999999999,68.7199999999999,67.8199999999999,62.8339999999999,36.2,20.4,27.1
"BOOI4","2020-06-24 14:00",77.198,52.61,2905636.5,0,8.721828,290.8,0.0288188976377953,71.24,68.6839999999999,67.7659999999999,62.8519999999999,36.1,20.4,27.1
"BOOI4","2020-06-24 15:00",78.296,44.65,2249182,0,7.8650813,308.5,0.0247244094488189,72.248,68.7019999999999,67.73,62.8339999999999,36.1,20.3,27.1
"BOOI4","2020-06-24 16:00",79.4659999999999,42.68,2049181.6,0,7.088863,309.1,0.023503937007874,73.238,68.7739999999999,67.6759999999999,62.8339999999999,36.1,20.3,27.1
"BOOI4","2020-06-24 17:00",79.8619999999999,44.67,2288000,0,5.285889,314.4,0.0233464566929134,74.282,68.8819999999999,67.622,62.8519999999999,36,20.3,27.1
"BOOI4","2020-06-24 18:00",79.7539999999999,43.42,1767181.8,0,6.2701426,303.1,0.0203543307086614,74.7499999999999,69.0439999999999,67.5859999999999,62.8339999999999,36,20.3,27.1
"BOOI4","2020-06-24 19:00",79.538,46.62,1047818.1,0,3.0109212,320.6,0.0111811023622047,74.8579999999999,69.2419999999999,67.532,62.8339999999999,36,20.2,27.1
"BOOI4","2020-06-24 20:00",77.7739999999999,58.7,601818.1,0,1.6083598,271.8,0.005,74.5339999999999,69.4579999999999,67.496,62.8339999999999,36,20.2,27
"BOOI4","2020-06-24 21:00",71.546,72.96,150163.62,0,0,0,-0.00110236220472441,73.814,69.7099999999999,67.4599999999999,62.8339999999999,36.1,20.2,27
"BOOI4","2020-06-24 22:00",67.4779999999999,81.7,2284.5457,0,0,0,-0.00133858267716536,72.9319999999999,69.9619999999999,67.4419999999999,62.8339999999999,36.1,20.2,27
"BOOI4","2020-06-24 23:00",65.5339999999999,84.1,0,0,0.0044738804,222.1,-0.00137795275590551,72.014,70.196,67.406,62.8339999999999,36.1,20.2,27
"BOOI4","2020-06-25 00:00",63.932,84.3,0,0,0,0,-0.00133858267716536,71.1859999999999,70.3939999999999,67.406,62.8339999999999,36.2,20.2,27
"BOOI4","2020-06-25 01:00",63.9859999999999,82.7,0,0,1.7716565,240.3,-0.000433070866141732,70.4119999999999,70.538,67.388,62.8339999999999,36.2,20.2,27
"BOOI4","2020-06-25 02:00",60.4039999999999,87.7,0,0,0.15211193,249.6,-0.00125984251968504,69.6739999999999,70.646,67.406,62.8339999999999,36.2,20.2,27
"BOOI4","2020-06-25 03:00",58.9819999999999,90.1,0,0,0,0,-0.0012992125984252,68.99,70.6999999999999,67.406,62.8339999999999,36.2,20.2,27
"BOOI4","2020-06-25 04:00",58.4419999999999,91.5,0,0,0,0,-0.0012992125984252,68.3419999999999,70.7179999999999,67.4239999999999,62.816,36.2,20.2,27
"BOOI4","2020-06-25 05:00",57.6319999999999,91.8,0,0,1.9975874,251.4,-0.000590551181102362,67.748,70.6999999999999,67.4419999999999,62.816,36.2,20.2,27
"BOOI4","2020-06-25 06:00",57.1999999999999,91.6,14350.908,0,2.3465502,252.1,-0.00047244094488189,67.172,70.646,67.4599999999999,62.816,36.2,20.2,27
"BOOI4","2020-06-25 07:00",61.898,85.7,314309.08,0,1.190052,255.8,0.000354330708661417,66.722,70.5739999999999,67.4779999999999,62.798,36.2,20.2,27
"BOOI4","2020-06-25 08:00",68.2339999999999,71.15,847909.06,0,3.9638577,241.6,0.00578740157480315,66.596,70.4659999999999,67.496,62.798,36.2,20.1,27
"BOOI4","2020-06-25 09:00",73.2739999999999,66.7,1513454.6,0,6.0509224,239.9,0.0133070866141732,66.9199999999999,70.322,67.514,62.798,36.2,20.1,27
"BOOI4","2020-06-25 10:00",76.6759999999999,58.66,2108818.4,0,6.460283,241,0.0194094488188976,67.6579999999999,70.196,67.514,62.798,36.1,20.1,26.9
"BOOI4","2020-06-25 11:00",78.7099999999999,54.69,2657727.3,0,5.2389135,214.3,0.0243307086614173,68.7019999999999,70.0699999999999,67.532,62.78,36.1,20.1,26.9
"BOOI4","2020-06-25 12:00",80.4739999999999,46.29,3063636.2,0,6.073292,196.8,0.029251968503937,70.0339999999999,69.98,67.532,62.78,36,20.1,26.9
"BOOI4","2020-06-25 13:00",81.248,49.39,3280000,0,6.1068463,171.2,0.0318897637795276,71.564,69.9259999999999,67.532,62.78,35.9,20.1,26.9
"BOOI4","2020-06-25 14:00",82.4359999999999,44.31,3174545.4,0,7.941137,174.9,0.0331102362204724,73.0579999999999,69.9259999999999,67.514,62.78,35.9,20.1,26.9
"BOOI4","2020-06-25 15:00",83.5339999999999,49.87,3110909,0,7.8136315,167.3,0.0324409448818898,74.4079999999999,69.998,67.514,62.78,35.8,20.1,26.9
"BOOI4","2020-06-25 16:00",84.3439999999999,45.92,2778636.5,0,7.981402,175.9,0.0301968503937008,75.83,70.124,67.514,62.78,35.8,20.1,26.9
"BOOI4","2020-06-25 17:00",84.3619999999999,49.55,1614818.2,0,8.938812,169.9,0.0226771653543307,77.0359999999999,70.3039999999999,67.496,62.7619999999999,35.8,20.1,26.9
"BOOI4","2020-06-25 18:00",83.9839999999999,54.68,1626363.6,0,9.066318,168.5,0.0216929133858268,77.6119999999999,70.5199999999999,67.496,62.7619999999999,35.8,20,26.9
"BOOI4","2020-06-25 19:00",83.0119999999999,59.28,899545.4,0,8.334839,160.1,0.0150393700787402,77.6119999999999,70.7899999999999,67.4779999999999,62.7619999999999,35.7,20,26.9
"BOOI4","2020-06-25 20:00",81.572,67.85,487000.03,0,6.7622695,147.3,0.00925196850393701,77.1619999999999,71.0779999999999,67.4779999999999,62.7619999999999,35.8,20,26.9
"BOOI4","2020-06-25 21:00",77.7739999999999,73.51,74688.18,0,4.4067717,125.1,0.00326771653543307,76.514,71.3659999999999,67.4779999999999,62.7619999999999,35.8,20,26.9
"BOOI4","2020-06-25 22:00",75.848,79.15,941.8181,0,6.41107,125.7,0.00153543307086614,75.722,71.6359999999999,67.4779999999999,62.7619999999999,35.9,20,26.8
"BOOI4","2020-06-25 23:00",73.58,84.2,0,0,2.0468001,132,-3.93700787401575e-05,74.9839999999999,71.906,67.496,62.7439999999999,36,20,26.8
"BOOI4","2020-06-26 00:00",73.3279999999999,84.9,0,0,2.7603838,144.1,0.000118110236220472,74.3539999999999,72.122,67.514,62.7619999999999,36,19.9,26.8
"BOOI4","2020-06-26 01:00",72.6619999999999,87.6,0,0,0.36685818,131.3,-0.000826771653543307,73.7779999999999,72.3019999999999,67.5499999999999,62.7439999999999,36,19.9,26.8
"BOOI4","2020-06-26 02:00",71.4739999999999,92.3,0,0,3.1071098,152.4,-3.93700787401575e-05,73.3099999999999,72.4279999999999,67.5859999999999,62.7439999999999,36,19.9,26.8
"BOOI4","2020-06-26 03:00",71.5099999999999,92,0,0,1.7694196,237.6,-0.000393700787401575,72.896,72.5359999999999,67.64,62.7439999999999,36.1,19.9,26.8
"BOOI4","2020-06-26 04:00",70.664,95,0,0,0,0,-0.000984251968503937,72.5539999999999,72.59,67.6759999999999,62.7439999999999,36.1,19.9,26.8
"BOOI4","2020-06-26 05:00",72.374,91.6,0,0.030000001,1.6240184,149.4,-0.00047244094488189,72.2839999999999,72.6079999999999,67.73,62.7439999999999,36.1,19.9,26.8
"BOOI4","2020-06-26 06:00",71.7259999999999,90.5,7007.2722,0,3.2614584,223.4,-0.000118110236220472,72.032,72.6259999999999,67.7839999999999,62.7439999999999,36.1,19.9,26.8
"BOOI4","2020-06-26 07:00",74.3359999999999,86.9,330636.38,0,4.7534976,230.3,0.00204724409448819,71.78,72.6079999999999,67.8199999999999,62.7439999999999,36.1,20,26.8
"BOOI4","2020-06-26 08:00",73.238,87.6,291445.47,0.010000001,5.6259046,195.4,0.0034251968503937,71.7079999999999,72.572,67.874,62.7439999999999,36.1,20,26.8
"BOOI4","2020-06-26 09:00",75.272,83.6,672727.23,0,6.8718796,220.3,0.00688976377952756,71.8699999999999,72.5179999999999,67.9279999999999,62.7439999999999,36.1,20,26.8
"BOOI4","2020-06-26 10:00",75.956,84.6,594818.24,0,6.308171,232.9,0.00681102362204724,72.1039999999999,72.464,67.964,62.7439999999999,36.1,19.9,26.8
"BOOI4","2020-06-26 11:00",78.656,82.1,1142091,0,5.0286407,237.1,0.0107874015748031,72.464,72.3919999999999,67.9999999999999,62.7259999999999,36.1,19.9,26.8
"BOOI4","2020-06-26 12:00",79.4839999999999,78.03,1616000.1,0,8.433264,260.6,0.015748031496063,73.364,72.356,68.0539999999999,62.7259999999999,36.1,19.9,26.8
"BOOI4","2020-06-26 13:00",81.032,78.25,1606363.6,0.010000001,8.849335,266.8,0.0159842519685039,74.2099999999999,72.3019999999999,68.072,62.7259999999999,36,19.9,26.8
"BOOI4","2020-06-26 14:00",80.7619999999999,72.19,1574091,0,9.936487,287.5,0.0173622047244095,75.056,72.248,68.1079999999999,62.7259999999999,35.9,19.9,26.8
"BOOI4","2020-06-26 15:00",81.3199999999999,72.88,1484545.5,0,8.652484,270.8,0.0167716535433071,75.5239999999999,72.23,68.1259999999999,62.7439999999999,35.9,19.9,26.8
"BOOI4","2020-06-26 16:00",82.8679999999999,70.84,2094000.2,0,9.24751,257.1,0.0212992125984252,76.2439999999999,72.248,68.1439999999999,62.7439999999999,35.9,19.9,26.8
"BOOI4","2020-06-26 17:00",82.706,70.46,1478091,0,6.7577953,269.3,0.0161023622047244,77.0179999999999,72.2839999999999,68.1619999999999,62.7439999999999,35.8,19.9,26.8
"BOOI4","2020-06-26 18:00",82.8679999999999,71.3,1518818.2,0,7.131365,255.8,0.0163779527559055,77.5039999999999,72.338,68.18,62.7439999999999,35.8,19.8,26.7
"BOOI4","2020-06-26 19:00",83.588,70.36,912636.35,0,6.3976483,262.3,0.0115748031496063,77.6839999999999,72.4099999999999,68.198,62.7439999999999,35.7,19.8,26.7
"BOOI4","2020-06-26 20:00",82.4179999999999,72.3,579636.35,0,3.9772794,264.8,0.00653543307086614,77.5039999999999,72.4999999999999,68.2159999999999,62.7439999999999,35.8,19.8,26.7
"BOOI4","2020-06-26 21:00",79.0159999999999,80.7,209918.18,0,0.02013246,294.2,-0.000236220472440945,76.964,72.6079999999999,68.2339999999999,62.7619999999999,35.8,19.8,26.6
"BOOI4","2020-06-26 22:00",77.4679999999999,78.88,6394.545,0,0.68897754,300,-0.000551181102362205,76.298,72.7519999999999,68.2519999999999,62.7439999999999,35.9,19.8,26.6
"BOOI4","2020-06-26 23:00",73.832,89.6,0,0,0,0,-0.00102362204724409,75.5599999999999,72.8599999999999,68.2699999999999,62.7619999999999,35.8,19.8,26.6
"BOOI4","2020-06-27 00:00",74.4079999999999,90.3,0,0,0.26619586,123.9,-0.000866141732283465,74.8939999999999,72.9679999999999,68.306,62.7619999999999,35.9,19.8,26.6
"BOOI4","2020-06-27 01:00",72.9499999999999,91.6,0,0,0,0,-0.000984251968503937,74.264,73.0579999999999,68.3239999999999,62.7619999999999,35.9,19.8,26.5
"BOOI4","2020-06-27 02:00",72.9679999999999,92.4,0,0,0,0,-0.000984251968503937,73.706,73.0939999999999,68.3419999999999,62.78,35.9,19.8,26.5
"BOOI4","2020-06-27 03:00",69.746,97.6,0,0,0,0,-0.000984251968503937,73.238,73.13,68.3779999999999,62.78,36,19.8,26.5
"BOOI4","2020-06-27 04:00",68.1619999999999,98.9,0,0,0,0,-0.000984251968503937,72.7699999999999,73.13,68.414,62.78,36,19.8,26.5
"BOOI4","2020-06-27 05:00",69.3679999999999,100,0,0,0,0,-0.000984251968503937,72.3199999999999,73.1119999999999,68.4319999999999,62.78,36,19.8,26.5
"BOOI4","2020-06-27 06:00",68.5399999999999,100,26215.456,0,0.08276678,193.8,-0.00078740157480315,71.9419999999999,73.0579999999999,68.4679999999999,62.798,36,19.8,26.5
"BOOI4","2020-06-27 07:00",69.872,99.4,190581.83,0,0,0,0,71.672,73.0039999999999,68.4859999999999,62.798,35.9,19.8,26.5
"BOOI4","2020-06-27 08:00",73.0579999999999,96,657090.9,0,0,0,0.00401574803149606,71.7079999999999,72.9499999999999,68.522,62.798,35.9,19.8,26.5
"BOOI4","2020-06-27 09:00",76.406,88.7,1059363.6,0,0.597263,178.9,0.0078740157480315,72.248,72.8599999999999,68.5579999999999,62.798,35.9,19.8,26.4
"BOOI4","2020-06-27 10:00",77.3419999999999,78.39,1424909.2,0,4.2971616,203,0.0115748031496063,73.0579999999999,72.7699999999999,68.5759999999999,62.816,35.9,19.8,26.5
"BOOI4","2020-06-27 11:00",77.846,82.1,2156909,0,4.572305,130.3,0.0182677165354331,74.48,72.698,68.5939999999999,62.816,35.8,19.8,26.4
"BOOI4","2020-06-27 12:00",79.9159999999999,72.95,2920454.8,0,3.2793539,76,0.0242125984251969,76.5859999999999,72.6259999999999,68.6119999999999,62.8339999999999,35.7,19.7,26.5
"BOOI4","2020-06-27 13:00",82.346,63.61,2949818,0,3.619369,87.6,0.025748031496063,78.998,72.59,68.6119999999999,62.816,35.6,19.7,26.5
"BOOI4","2020-06-27 14:00",82.1839999999999,71.73,2787818,0,7.1559706,161.8,0.0261811023622047,81.3919999999999,72.59,68.63,62.8339999999999,35.6,19.7,26.5
"BOOI4","2020-06-27 15:00",84.74,61.16,2870908.7,0,5.180753,168.6,0.0264566929133858,83.1739999999999,72.6439999999999,68.648,62.8339999999999,35.5,19.7,26.5
"BOOI4","2020-06-27 16:00",83.8039999999999,68.29,2595454.3,0,5.3910255,224.6,0.0243307086614173,84.5419999999999,72.7159999999999,68.648,62.8519999999999,35.4,19.7,26.4
"BOOI4","2020-06-27 17:00",85.0279999999999,56.86,2333909,0,2.4114213,191.8,0.0209055118110236,85.622,72.8599999999999,68.648,62.8519999999999,35.4,19.6,26.4
"BOOI4","2020-06-27 18:00",85.1179999999999,59.64,1857727.3,0,3.1831656,179.7,0.0175984251968504,86.1259999999999,73.022,68.6659999999999,62.8519999999999,35.3,19.6,26.4
"BOOI4","2020-06-27 19:00",79.556,76.8,1126727.3,0,3.5500238,95.9,0.0118110236220472,85.8199999999999,73.2199999999999,68.6839999999999,62.8699999999999,35.3,19.6,26.4
"BOOI4","2020-06-27 20:00",78.8539999999999,82.3,551090.9,0,2.4472122,13.05,0.00464566929133858,84.7759999999999,73.4539999999999,68.6839999999999,62.8699999999999,35.3,19.6,26.4
"BOOI4","2020-06-27 21:00",77.0359999999999,86.7,110518.18,0,0.00671082,88.8,-0.000275590551181102,83.372,73.688,68.6839999999999,62.888,35.4,19.6,26.4
"BOOI4","2020-06-27 22:00",75.614,90.7,1971.8183,0,3.6596339,111.3,-7.8740157480315e-05,81.9499999999999,73.94,68.7019999999999,62.888,35.4,19.6,26.4
"BOOI4","2020-06-27 23:00",74.48,93.9,0,0,1.9528487,129.5,-0.000669291338582677,80.7439999999999,74.1739999999999,68.738,62.906,35.4,19.6,26.3
"BOOI4","2020-06-28 00:00",73.0399999999999,96,0,0,0.29080218,125.5,-0.00118110236220473,79.6819999999999,74.3539999999999,68.7739999999999,62.906,35.5,19.6,26.3
"BOOI4","2020-06-28 01:00",72.0679999999999,96.5,0,0,1.2392648,148,-0.00094488188976378,78.7279999999999,74.498,68.7919999999999,62.906,35.6,19.6,26.3
"BOOI4","2020-06-28 02:00",71.0419999999999,97.7,0,0,0.14092723,148.3,-0.00125984251968504,77.8999999999999,74.606,68.846,62.9239999999999,35.5,19.6,26.3
"BOOI4","2020-06-28 03:00",70.2859999999999,99.1,0,0,3.312908,123,-0.000708661417322835,77.1619999999999,74.6779999999999,68.8999999999999,62.9239999999999,35.6,19.6,26.3
"BOOI4","2020-06-28 04:00",69.1339999999999,100,0,0,0.12526864,177.3,-0.0012992125984252,76.4779999999999,74.696,68.9359999999999,62.9419999999999,35.6,19.6,26.3
"BOOI4","2020-06-28 05:00",68.3779999999999,100,15.454545,0,0,0,-0.00133858267716536,75.83,74.696,68.99,62.9419999999999,35.6,19.6,26.3
"BOOI4","2020-06-28 06:00",67.4419999999999,100,26488.182,0,0.01565858,83.6,-0.00118110236220473,75.2539999999999,74.6779999999999,69.0439999999999,62.9419999999999,35.6,19.6,26.2
"BOOI4","2020-06-28 07:00",68.9539999999999,100,94790.91,0,0.19685072,115.6,0.00031496062992126,74.7859999999999,74.624,69.098,62.9599999999999,35.6,19.6,26.2
"BOOI4","2020-06-28 08:00",69.8359999999999,99.1,87972.725,0,3.0467122,148.3,0.000708661417322835,74.48,74.5699999999999,69.1519999999999,62.9779999999999,35.6,19.6,26.2
"BOOI4","2020-06-28 09:00",71.3659999999999,95.3,395936.37,0,5.6438,159.6,0.0031496062992126,74.3539999999999,74.48,69.188,62.9779999999999,35.6,19.6,26.2
"BOOI4","2020-06-28 10:00",70.9699999999999,93,487272.74,0,11.611956,136.6,0.00405511811023622,74.4259999999999,74.39,69.2419999999999,62.9779999999999,35.6,19.6,26.2
"BOOI4","2020-06-28 11:00",77.0539999999999,71.52,1813272.7,0,6.5900254,185.1,0.0148818897637795,74.714,74.282,69.2779999999999,62.996,35.5,19.6,26.2
"BOOI4","2020-06-28 12:00",80.0419999999999,65.35,2338454.6,0,4.6013856,150.6,0.0209055118110236,76.28,74.1919999999999,69.314,62.996,35.4,19.6,26.2
"BOOI4","2020-06-28 13:00",81.572,66.36,2404273,0,6.896486,195.4,0.0228346456692913,78.2599999999999,74.1019999999999,69.332,62.996,35.3,19.6,26.1
"BOOI4","2020-06-28 14:00",84.5419999999999,67.22,3186545.7,0,9.401859,193.6,0.0301574803149606,80.348,74.0119999999999,69.3679999999999,63.014,35.2,19.5,26.1
"BOOI4","2020-06-28 15:00",85.622,64.71,3117272.7,0,14.15983,166.2,0.0325590551181102,82.8499999999999,73.9579999999999,69.3679999999999,63.014,35.1,19.5,26.1
"BOOI4","2020-06-28 16:00",85.2439999999999,70.42,2675363.8,0,15.101582,168.6,0.029251968503937,84.5419999999999,73.94,69.4039999999999,63.0319999999999,35,19.5,26.1
"BOOI4","2020-06-28 17:00",81.7339999999999,74.95,1807272.8,0,13.343348,171.3,0.020236220472441,85.3339999999999,73.9759999999999,69.4039999999999,63.0499999999999,34.9,19.5,26.1
"BOOI4","2020-06-28 18:00",82.7239999999999,76.42,1413636.4,0,12.817666,171.4,0.0164566929133858,85.0099999999999,74.0659999999999,69.422,63.0679999999999,34.9,19.4,26.1
"BOOI4","2020-06-28 19:00",82.9039999999999,78.88,1009818.1,0,12.155532,164.6,0.0124015748031496,84.5419999999999,74.1739999999999,69.422,63.0679999999999,34.9,19.4,26.1
"BOOI4","2020-06-28 20:00",82.3279999999999,78.95,478300.02,0,11.012455,162,0.00826771653543307,83.7679999999999,74.3179999999999,69.4579999999999,63.0679999999999,34.9,19.4,26.1
"BOOI4","2020-06-28 21:00",80.5099999999999,82.9,57112.73,0,10.578489,158.9,0.00488188976377953,82.7239999999999,74.4619999999999,69.4579999999999,63.0859999999999,34.9,19.4,26.1
"BOOI4","2020-06-28 22:00",78.4759999999999,87.4,1336.3637,0,7.0687304,148.1,0.000866141732283465,81.6259999999999,74.624,69.4759999999999,63.1039999999999,35,19.4,26.1
"BOOI4","2020-06-28 23:00",77.7199999999999,89.4,0,0,7.791262,153.2,0.000669291338582677,80.69,74.7499999999999,69.4939999999999,63.1039999999999,35,19.4,26
"BOOI4","2020-06-29 00:00",77.414,91.1,0,0,8.688275,155.1,0.000511811023622047,79.88,74.8759999999999,69.5119999999999,63.122,35,19.5,26
"BOOI4","2020-06-29 01:00",76.4599999999999,91.4,0,0,8.94105,154.2,0.000354330708661417,79.196,74.9659999999999,69.548,63.14,35,19.5,26
"BOOI4","2020-06-29 02:00",76.1359999999999,92.2,0,0,8.64801,158.2,0.000433070866141732,78.6019999999999,75.038,69.5659999999999,63.14,35.1,19.5,26
"BOOI4","2020-06-29 03:00",75.9739999999999,90.9,0,0,8.079827,166.9,0.000275590551181102,78.0439999999999,75.0739999999999,69.6019999999999,63.14,35.1,19.5,26
"BOOI4","2020-06-29 04:00",76.28,90.9,0,0,7.934426,174.1,0.000433070866141732,77.5399999999999,75.0739999999999,69.638,63.1579999999999,35.1,19.5,26
"BOOI4","2020-06-29 05:00",75.4519999999999,92.2,0,0,7.596648,175.3,0.000275590551181102,77.072,75.0739999999999,69.656,63.1759999999999,35.1,19.6,26
"BOOI4","2020-06-29 06:00",75.146,92.9,10873.636,0,9.017105,175.3,0.00031496062992126,76.6579999999999,75.056,69.7099999999999,63.1939999999999,35.1,19.6,26
"BOOI4","2020-06-29 07:00",76.046,91.4,250272.72,0,8.124566,178.3,0.00161417322834646,76.3159999999999,75.0019999999999,69.746,63.1939999999999,35.1,19.6,25.9
"BOOI4","2020-06-29 08:00",78.1699999999999,88,775818.2,0,8.285625,190.9,0.00614173228346457,76.19,74.9659999999999,69.764,63.2119999999999,35.1,19.7,25.9
"BOOI4","2020-06-29 09:00",80.1319999999999,82.8,1365636.4,0,10.325715,193.2,0.0117322834645669,76.4779999999999,74.8939999999999,69.7999999999999,63.2119999999999,35,19.7,25.9
"BOOI4","2020-06-29 10:00",79.9519999999999,83,1185818.2,0,9.421991,200,0.0118897637795276,77.1439999999999,74.84,69.8359999999999,63.23,34.9,19.6,25.9
"BOOI4","2020-06-29 11:00",80.3119999999999,82.7,835363.6,0,7.842712,183.7,0.00929133858267717,77.6839999999999,74.7679999999999,69.8539999999999,63.248,34.9,19.6,25.9
"BOOI4","2020-06-29 12:00",81.8599999999999,78.75,1571636.4,0,10.081888,167,0.0153937007874016,78.3499999999999,74.714,69.872,63.2659999999999,34.9,19.6,25.8
"BOOI4","2020-06-29 13:00",82.5079999999999,77.88,1663636.4,0,11.421816,164.8,0.0172834645669291,79.5019999999999,74.6779999999999,69.9079999999999,63.2659999999999,34.8,19.6,25.8
"BOOI4","2020-06-29 14:00",83.3179999999999,75.85,1852545.5,0,10.450984,174.1,0.0189763779527559,80.582,74.6599999999999,69.9079999999999,63.2839999999999,34.7,19.5,25.8
"BOOI4","2020-06-29 15:00",82.6339999999999,78.23,1507091,0,10.764154,174.1,0.0163779527559055,81.4999999999999,74.6419999999999,69.9259999999999,63.3019999999999,34.6,19.5,25.8
"BOOI4","2020-06-29 16:00",84.956,74.3,1806454.6,0,9.256457,169,0.0180314960629921,82.0039999999999,74.6419999999999,69.9439999999999,63.3019999999999,34.6,19.5,25.8
"BOOI4","2020-06-29 17:00",85.6759999999999,70.99,1940272.7,0,9.3436985,170.6,0.0202755905511811,83.1739999999999,74.6779999999999,69.9619999999999,63.3199999999999,34.5,19.4,25.8
"BOOI4","2020-06-29 18:00",86.972,71.08,1866909,0,9.10882,168.3,0.0198425196850394,84.2179999999999,74.732,69.98,63.338,34.4,19.4,25.8
"BOOI4","2020-06-29 19:00",85.3699999999999,71.55,956545.53,0,9.397386,171.4,0.0131102362204724,84.5239999999999,74.7859999999999,69.98,63.338,34.4,19.4,25.8
"BOOI4","2020-06-29 20:00",83.2099999999999,76.11,489681.82,0,7.6995473,170,0.00803149606299213,83.9119999999999,74.8759999999999,69.998,63.356,34.4,19.4,25.7
"BOOI4","2020-06-29 21:00",81.032,81.4,83578.18,0,1.9685072,170.3,0.00114173228346457,82.94,74.9659999999999,69.998,63.374,34.3,19.4,25.7
"BOOI4","2020-06-29 22:00",77.6659999999999,89,1100,0,3.8699062,148.4,0.000433070866141732,81.9679999999999,75.0739999999999,69.998,63.374,34.4,19.4,25.7
"BOOI4","2020-06-29 23:00",77.0359999999999,89.6,0,0,5.9905252,131.4,0.000393700787401575,80.996,75.1819999999999,70.0159999999999,63.3919999999999,34.5,19.4,25.7
"BOOI4","2020-06-30 00:00",77.3239999999999,89.6,0,0,5.9278913,133.9,0.000393700787401575,80.222,75.272,70.0519999999999,63.3919999999999,34.5,19.4,25.7
"BOOI4","2020-06-30 01:00",77.4499999999999,90.5,0,0,6.026316,148.4,0.000354330708661417,79.646,75.3439999999999,70.0519999999999,63.4279999999999,34.5,19.4,25.7
"BOOI4","2020-06-30 02:00",76.532,93.1,0,0,6.384227,142.7,0.000275590551181102,79.1599999999999,75.38,70.088,63.4279999999999,34.5,19.4,25.7
"BOOI4","2020-06-30 03:00",76.046,95,0,0,6.9837265,127.6,3.93700787401575e-05,78.6739999999999,75.398,70.106,63.446,34.5,19.4,25.7
"BOOI4","2020-06-30 04:00",74.48,98.2,0,0,5.261283,134.2,-0.000236220472440945,78.2239999999999,75.398,70.1419999999999,63.446,34.5,19.4,25.7
"BOOI4","2020-06-30 05:00",73.3999999999999,99.8,0,0,2.4561603,120.3,-0.00062992125984252,77.7199999999999,75.38,70.1599999999999,63.464,34.6,19.4,25.7
"BOOI4","2020-06-30 06:00",73.6519999999999,100,7518.182,0,6.5162063,123.4,-0.000433070866141732,77.3239999999999,75.3439999999999,70.196,63.4819999999999,34.6,19.4,25.7
"BOOI4","2020-06-30 07:00",74.048,98.4,212509.08,0,6.7868757,133.7,7.8740157480315e-05,77.0539999999999,75.3079999999999,70.214,63.4999999999999,34.6,19.4,25.7
"BOOI4","2020-06-30 08:00",75.38,95.5,639727.3,0,8.692749,135.1,0.00389763779527559,76.946,75.2539999999999,70.232,63.4999999999999,34.5,19.4,25.7
"BOOI4","2020-06-30 09:00",78.0079999999999,89.3,1283909,0,9.562919,140.4,0.00921259842519685,77.072,75.1999999999999,70.2499999999999,63.5179999999999,34.5,19.4,25.7
"BOOI4","2020-06-30 10:00",78.9439999999999,89.1,1254000,0,10.381639,134.9,0.010511811023622,77.7199999999999,75.1279999999999,70.2859999999999,63.5359999999999,34.4,19.4,25.7
"BOOI4","2020-06-30 11:00",79.8079999999999,86.9,1879909.2,0,11.153383,126.8,0.0152362204724409,78.6739999999999,75.056,70.2859999999999,63.5359999999999,34.4,19.3,25.7
"BOOI4","2020-06-30 12:00",78.782,89.4,1948909.2,0,12.632,124.9,0.0161811023622047,80.0599999999999,75.0019999999999,70.322,63.5539999999999,34.3,19.3,25.6
"BOOI4","2020-06-30 13:00",77.1439999999999,91.4,825090.9,0,13.213605,130.5,0.0081496062992126,80.7259999999999,74.9659999999999,70.322,63.572,34.3,19.3,25.6
"BOOI4","2020-06-30 14:00",79.7179999999999,88.1,1653727.2,0,13.490986,145.2,0.0138976377952756,80.9239999999999,74.93,70.34,63.572,34.2,19.3,25.6
"BOOI4","2020-06-30 15:00",79.9519999999999,86.8,1312091,0,13.175576,157.3,0.0122834645669291,81.446,74.93,70.34,63.5899999999999,34.1,19.3,25.6
"BOOI4","2020-06-30 16:00",82.0759999999999,83.2,2187000.2,0,11.421816,137.6,0.0188976377952756,82.0039999999999,74.948,70.34,63.6079999999999,34.1,19.2,25.6
"BOOI4","2020-06-30 17:00",81.9319999999999,80.3,1287727.3,0,11.757357,130.1,0.0136220472440945,82.9759999999999,74.9659999999999,70.3579999999999,63.6079999999999,34.1,19.2,25.6
"BOOI4","2020-06-30 18:00",80.9239999999999,81.5,1062818.2,0,12.461993,133.5,0.0119685039370079,83.1019999999999,75.0019999999999,70.3579999999999,63.6259999999999,34,19.2,25.6
"BOOI4","2020-06-30 19:00",78.5659999999999,84.6,506545.44,0,11.426289,120.7,0.00751968503937008,82.8859999999999,75.038,70.3759999999999,63.6259999999999,34,19.2,25.6
"BOOI4","2020-06-30 20:00",77.2159999999999,84.7,159809.08,0,8.012719,124.4,0.00425196850393701,82.148,75.0919999999999,70.3759999999999,63.6619999999999,34,19.2,25.5
"BOOI4","2020-06-30 21:00",75.596,90.1,43320.004,0,7.0284653,129.1,0.00228346456692913,81.248,75.146,70.3759999999999,63.6619999999999,34.1,19.2,25.5
"BOOI4","2020-06-30 22:00",75.3259999999999,90.5,711.8182,0,8.202859,131.2,0.00078740157480315,80.4199999999999,75.2179999999999,70.3939999999999,63.68,34,19.2,25.5
"BOOI4","2020-06-30 23:00",74.3179999999999,92,0,0,8.055222,136.7,0.00062992125984252,79.7179999999999,75.272,70.3939999999999,63.698,34.1,19.2,25.5
"BOOI4","2020-07-01 00:00",73.58,94.3,0,0,7.5519094,128.5,0.000433070866141732,79.0699999999999,75.3079999999999,70.4119999999999,63.698,34.1,19.2,25.5
"BOOI4","2020-07-01 01:00",72.7339999999999,96.7,0,0,6.4312024,131.8,0.000196850393700787,78.53,75.3259999999999,70.43,63.7159999999999,34.1,19.2,25.5
"BOOI4","2020-07-01 02:00",71.8699999999999,98.5,0,0,5.1874638,111.3,3.93700787401575e-05,77.99,75.3259999999999,70.448,63.7339999999999,34.1,19.2,25.5
"BOOI4","2020-07-01 03:00",71.006,98.9,0,0,5.6080084,121.7,-3.93700787401575e-05,77.5039999999999,75.2899999999999,70.448,63.7339999999999,34.2,19.2,25.5
"BOOI4","2020-07-01 04:00",70.232,99.8,0,0,0.9104346,106.5,-0.000236220472440945,77.0539999999999,75.272,70.4659999999999,63.7519999999999,34.2,19.2,25.4
"BOOI4","2020-07-01 05:00",70.772,99.9,0,0,1.7604718,262.5,-0.000196850393700787,76.6579999999999,75.2179999999999,70.4839999999999,63.7699999999999,34.2,19.2,25.4
"BOOI4","2020-07-01 06:00",70.9159999999999,98.5,15193.638,0,2.0714064,102.6,-7.8740157480315e-05,76.3519999999999,75.146,70.5019999999999,63.7699999999999,34.2,19.2,25.4
"BOOI4","2020-07-01 07:00",69.9439999999999,100,141272.74,0,3.1026356,108.7,7.8740157480315e-05,76.0099999999999,75.0739999999999,70.5199999999999,63.788,34.2,19.2,25.4
"BOOI4","2020-07-01 08:00",70.9339999999999,99.2,463454.53,0,7.3170304,104.4,0.00244094488188976,75.83,75.0019999999999,70.5199999999999,63.788,34.2,19.2,25.4
"BOOI4","2020-07-01 09:00",71.4919999999999,95.7,486818.15,0,12.983199,96.3,0.00346456692913386,75.7759999999999,74.93,70.538,63.806,34.1,19.2,25.4
"BOOI4","2020-07-01 10:00",74.4619999999999,88.3,1415636.4,0,9.29896,107,0.0101574803149606,75.9919999999999,74.84,70.556,63.8239999999999,34.1,19.2,25.4
"BOOI4","2020-07-01 11:00",76.838,80.3,2178090.8,0,7.1939993,69.08,0.0175196850393701,77.09,74.732,70.556,63.8239999999999,34.1,19.1,25.4
"BOOI4","2020-07-01 12:00",77.756,77.79,1805181.9,0,4.9749546,68.31,0.0157874015748031,78.548,74.6599999999999,70.556,63.8419999999999,33.9,19.1,25.3
"BOOI4","2020-07-01 13:00",78.5119999999999,76.71,1513727.3,0,2.606035,54,0.0133858267716536,79.8259999999999,74.588,70.556,63.8599999999999,33.8,19,25.3
"BOOI4","2020-07-01 14:00",79.9699999999999,75.07,2787454.3,0,4.999561,56.63,0.0238976377952756,81.23,74.5339999999999,70.556,63.8599999999999,33.8,19,25.3
"BOOI4","2020-07-01 15:00",81.3199999999999,71.19,2865272.7,0,7.460195,71.7,0.0256299212598425,83.4079999999999,74.498,70.556,63.8779999999999,33.6,18.9,25.3
"BOOI4","2020-07-01 16:00",81.9499999999999,71.68,2399545.7,0,7.1939993,64.15,0.0222834645669291,84.9919999999999,74.498,70.538,63.896,33.5,18.9,25.3
"BOOI4","2020-07-01 17:00",81.9859999999999,70.05,2276545.4,0,7.7577076,62.77,0.0214173228346457,86.18,74.5339999999999,70.538,63.896,33.5,18.8,25.3
"BOOI4","2020-07-01 18:00",82.1839999999999,71.68,1903363.4,0,8.697223,70.43,0.0191732283464567,86.846,74.588,70.5199999999999,63.914,33.4,18.8,25.3
"BOOI4","2020-07-01 19:00",80.69,74.23,683545.4,0,6.894249,79.68,0.0091732283464567,86.4679999999999,74.6779999999999,70.5199999999999,63.932,33.4,18.7,25.3
"BOOI4","2020-07-01 20:00",78.0439999999999,82.8,518709.1,0,2.6239305,85.2,0.00464566929133858,85.4779999999999,74.7859999999999,70.5199999999999,63.932,33.4,18.7,25.3
"BOOI4","2020-07-01 21:00",75.506,86.8,132099.98,0,0.0022369402,38.28,-0.000511811023622047,84.2179999999999,74.9119999999999,70.5019999999999,63.9499999999999,33.5,18.8,25.2
"BOOI4","2020-07-01 22:00",73.7779999999999,90.2,3784.5452,0,0.029080221,49.47,-0.000551181102362205,82.8499999999999,75.056,70.5019999999999,63.9499999999999,33.5,18.8,25.2
"BOOI4","2020-07-01 23:00",72.8779999999999,91.9,0,0,0.00671082,24.12,-0.000590551181102362,81.6079999999999,75.1819999999999,70.5019999999999,63.9679999999999,33.5,18.8,25.2
"BOOI4","2020-07-02 00:00",71.7259999999999,94.6,0,0,0.0044738804,26.46,-0.000590551181102362,80.564,75.2899999999999,70.5199999999999,63.9859999999999,33.5,18.8,25.2
"BOOI4","2020-07-02 01:00",71.006,96.3,0,0,0.07605597,33.13,-0.000590551181102362,79.664,75.3619999999999,70.5199999999999,63.9859999999999,33.5,18.8,25.2
"BOOI4","2020-07-02 02:00",69.89,97.6,0,0,0.02013246,21.86,-0.000590551181102362,78.9079999999999,75.398,70.538,64.0039999999999,33.5,18.8,25.2
"BOOI4","2020-07-02 03:00",69.872,98.5,0,0,0,0,-0.000590551181102362,78.206,75.4159999999999,70.556,64.0039999999999,33.5,18.9,25.2
"BOOI4","2020-07-02 04:00",69.782,99.5,0,0,0.0111847,8.93,-0.000590551181102362,77.5759999999999,75.398,70.5739999999999,64.022,33.5,18.9,25.2
"BOOI4","2020-07-02 05:00",68.7199999999999,100,0,0,0.14763804,5.509,-0.000551181102362205,77.0359999999999,75.3619999999999,70.5919999999999,64.0399999999999,33.5,18.9,25.2
"BOOI4","2020-07-02 06:00",68.1439999999999,100,599.88,0,1.0043861,28.2,-0.000433070866141732,76.532,75.3079999999999,70.6279999999999,64.0399999999999,33.5,18.9,25.2
"BOOI4","2020-07-02 07:00",70.214,99.1,19399.2,0,0.0223694,69.97,0.000393700787401575,76.0999999999999,75.2359999999999,70.646,64.0579999999999,33.5,18.9,25.2
"BOOI4","2020-07-02 08:00",73.364,96.9,50094,0,1.2280802,54.8,0.00437007874015748,75.9739999999999,75.164,70.664,64.0579999999999,33.5,18.9,25.2
"BOOI4","2020-07-02 09:00",77.4499999999999,85.8,93468,0,4.256897,83.7,0.0102755905511811,76.298,75.0739999999999,70.664,64.0759999999999,33.5,18.9,25.2
"BOOI4","2020-07-02 10:00",79.9339999999999,83.2,135312.01,0,5.140488,110.1,0.016496062992126,77.306,74.9839999999999,70.6819999999999,64.0759999999999,33.5,18.8,25.2
"BOOI4","2020-07-02 11:00",82.598,78.08,174420,0,2.8028858,128,0.0221653543307087,79.1779999999999,74.8759999999999,70.6999999999999,64.0939999999999,33.3,18.7,25.2
"BOOI4","2020-07-02 12:00",84.056,75.57,195228.01,0,4.357559,130.3,0.0257874015748032,81.7339999999999,74.8039999999999,70.6999999999999,64.1119999999999,33.1,18.7,25.2
"BOOI4","2020-07-02 13:00",85.046,73.73,178470,0,6.073292,124.9,0.0251181102362205,84.1099999999999,74.7499999999999,70.6999999999999,64.1119999999999,33.1,18.6,25.1
"BOOI4","2020-07-02 15:00",87.9259999999999,64.56,3168000,0,7.2780123,113.4,0.0305905511811024,88.322,74.7679999999999,NA,64.13,32.8,18.5,25.1
"BOOI4","2020-07-02 16:00",87.782,65.55,2835720,0,6.675011,112,0.0286614173228346,90.2659999999999,74.8579999999999,NA,64.1119999999999,32.7,18.4,25.1
"BOOI4","2020-07-02 17:00",86.522,66.18,1266480,0,6.11301,106,0.0159842519685039,90.7159999999999,74.948,NA,64.13,32.7,18.3,25.1
"BOOI4","2020-07-02 18:00",84.596,69.36,1001160.03,0,6.4220104,109.3,0.0133070866141732,90.0499999999999,75.1279999999999,NA,64.1659999999999,32.7,18.3,25.1
"BOOI4","2020-07-02 19:00",86.5399999999999,66.77,905760,0,4.5720077,116.8,0.0106692913385827,89.2759999999999,75.2539999999999,NA,64.1659999999999,32.7,18.2,25.1
"BOOI4","2020-07-02 20:00",84.164,71.39,632520,0,5.410009,106.5,0.00811023622047244,88.3579999999999,75.4339999999999,NA,64.2019999999999,32.6,18.2,25.1
"BOOI4","2020-07-02 21:00",79.664,82.2,138132,0,2.9380047,111.5,0.00114173228346457,87.0439999999999,75.5779999999999,NA,64.1839999999999,32.7,18.3,25.1
"BOOI4","2020-07-02 22:00",77.846,85.5,1296,0,2.1930037,109.1,-7.8740157480315e-05,85.6579999999999,75.7939999999999,NA,64.2199999999999,32.8,18.3,25.1
"BOOI4","2020-07-02 23:00",76.3519999999999,88.4,0,0,2.8170047,110.5,0,84.398,75.938,NA,64.2019999999999,32.8,18.3,25
"BOOI4","2020-07-03 00:00",75.5599999999999,89.6,0,0,0.45900077,108.7,-0.000905511811023622,83.3179999999999,76.0279999999999,NA,64.238,32.8,18.4,25
"BOOI4","2020-07-03 01:00",73.706,92,0,0,0.0070000114,107.9,-0.00110236220472441,82.346,76.1359999999999,NA,64.2199999999999,32.8,18.4,25
"BOOI4","2020-07-03 02:00",73.706,90.9,0,0,0,0,-0.00114173228346457,81.4279999999999,76.2079999999999,NA,64.2199999999999,32.8,18.4,25
"BOOI4","2020-07-03 03:00",71.7439999999999,94.6,0,0,0,0,-0.00114173228346457,80.6179999999999,76.19,NA,64.238,32.8,18.5,25
"BOOI4","2020-07-03 04:00",67.8199999999999,98.9,0,0,0,0,-0.00114173228346457,79.9159999999999,76.2259999999999,NA,64.256,32.8,18.5,25
"BOOI4","2020-07-03 05:00",70.3759999999999,94.8,0,0,0,0,-0.00114173228346457,79.232,76.19,NA,64.2739999999999,32.8,18.5,25
"BOOI4","2020-07-03 06:00",70.088,96,15642,0,0.062000103,21.03,-0.00102362204724409,78.5839999999999,76.1539999999999,NA,64.2739999999999,32.8,18.5,25
"BOOI4","2020-07-03 07:00",71.0239999999999,92.6,158832,0,1.0090017,8.44,0.000393700787401575,78.098,76.082,NA,64.2739999999999,32.8,18.5,24.9
"BOOI4","2020-07-03 08:00",73.0759999999999,91,453599.98,0,0.19600032,7.778,0.00303149606299213,77.972,75.9919999999999,NA,64.2739999999999,32.8,18.5,24.9
"BOOI4","2020-07-03 09:00",79.196,75.88,1353240,0,2.5340042,62.5,0.010511811023622,78.332,75.9019999999999,NA,64.3099999999999,32.8,18.5,24.9
"BOOI4","2020-07-03 10:00",82.5439999999999,64.07,2016720.1,0,7.227012,104.4,0.0196850393700787,79.2679999999999,75.83,NA,64.3099999999999,32.6,18.3,24.9
"BOOI4","2020-07-03 11:00",84.398,54.28,2586240,0,9.800016,95.8,0.0272047244094488,80.8519999999999,75.7039999999999,NA,64.3279999999999,32.5,18.2,24.9
"BOOI4","2020-07-03 12:00",86.5039999999999,54.3,2995200,0,10.430017,100.3,0.0328740157480315,82.8859999999999,75.596,NA,64.3099999999999,32.3,18.1,24.9
"BOOI4","2020-07-03 13:00",86.648,52.42,3297600,0,9.380016,113,0.0349606299212599,85.1179999999999,75.5419999999999,NA,64.346,32.2,18,24.9
"BOOI4","2020-07-03 14:00",86.9179999999999,51.89,3229200,0,8.020014,113.3,0.0340551181102362,87.44,75.506,NA,64.346,32,17.9,24.9
"BOOI4","2020-07-03 15:00",87.638,45.79,2880000,0,5.8790097,115.7,0.0301181102362205,89.2939999999999,75.5239999999999,NA,64.346,31.8,17.8,24.9
"BOOI4","2020-07-03 16:00",87.6199999999999,48.38,2610000,0,5.388009,121.8,0.0278346456692913,90.8419999999999,75.5599999999999,NA,64.3819999999999,31.8,17.7,24.9
"BOOI4","2020-07-03 17:00",85.298,54.36,1891440.1,0,5.548009,113.5,0.0218897637795276,91.4359999999999,75.6499999999999,NA,64.3819999999999,31.7,17.6,24.8
"BOOI4","2020-07-03 18:00",85.28,55.92,1503000,0,4.9230084,109.8,0.0175590551181102,91.2739999999999,75.7579999999999,NA,64.3999999999999,31.7,17.5,24.8
"BOOI4","2020-07-03 19:00",83.138,62.17,649079.96,0,1.9320031,95.2,0.00720472440944882,90.5359999999999,75.8659999999999,NA,64.3999999999999,31.7,17.5,24.8
"BOOI4","2020-07-03 20:00",82.9939999999999,67.28,514800,0,0.24900042,77.48,0.00295275590551181,89.3659999999999,76.0279999999999,NA,64.4179999999999,31.7,17.5,24.8
"BOOI4","2020-07-03 21:00",79.8619999999999,70.08,100836,0,0.016000027,75.79,-0.00145669291338583,88.0159999999999,76.2259999999999,NA,64.4179999999999,31.7,17.6,24.8
"BOOI4","2020-07-03 22:00",77.3419999999999,75.67,2754,0,0,0,-0.000669291338582677,86.4859999999999,76.3519999999999,NA,64.4359999999999,31.7,17.7,24.8
"BOOI4","2020-07-03 23:00",74.93,79.66,0,0,0,0,-0.000708661417322835,85.0999999999999,76.496,NA,64.4359999999999,31.8,17.8,24.8
"BOOI4","2020-07-04 00:00",74.1199999999999,83.4,0,0,0,0,-0.000708661417322835,83.8579999999999,76.6039999999999,NA,64.4539999999999,31.8,17.8,24.8
"BOOI4","2020-07-04 01:00",72.1759999999999,86.9,0,0,0,0,-0.000669291338582677,82.706,76.6939999999999,NA,64.472,31.8,17.8,24.8
"BOOI4","2020-07-04 02:00",70.106,89.8,0,0,0,0,-0.000669291338582677,81.698,76.6939999999999,NA,64.472,31.8,17.8,24.8
"BOOI4","2020-07-04 03:00",70.322,89.9,0,0,0,0,-0.000669291338582677,80.8519999999999,76.6939999999999,NA,64.49,31.8,17.8,24.8
"BOOI4","2020-07-04 04:00",69.4939999999999,90,0,0,0.7400012,8.69,-0.000393700787401575,80.0599999999999,76.7119999999999,NA,64.5079999999999,31.8,17.8,24.8
"BOOI4","2020-07-04 05:00",67.1359999999999,95.1,0,0,0.033000056,4.695,-0.000669291338582677,79.3579999999999,76.6579999999999,NA,64.5079999999999,31.8,17.9,24.8
"BOOI4","2020-07-04 06:00",67.838,94.6,9799.2,0,0.11200018,28.33,-0.000551181102362205,78.6739999999999,76.5679999999999,NA,64.5259999999999,31.8,17.9,24.8
"BOOI4","2020-07-04 07:00",71.0599999999999,87.2,255995.99,0,0.3720006,20.82,3.93700787401575e-05,78.1699999999999,76.496,NA,64.5079999999999,31.8,17.9,24.8
"BOOI4","2020-07-04 08:00",75.2899999999999,82.8,761760,0,0.608001,34.37,0.0047244094488189,77.972,76.388,NA,64.5439999999999,31.8,17.9,24.8
"BOOI4","2020-07-04 09:00",80.3839999999999,73.21,1418759.9,0,0.26900044,18.67,0.0105905511811024,78.332,76.2619999999999,NA,64.5619999999999,31.7,17.8,24.8
"BOOI4","2020-07-04 10:00",82.0759999999999,63.63,2049119.9,0,3.5550058,19.41,0.0180314960629921,79.3939999999999,76.1359999999999,NA,64.5439999999999,31.6,17.8,24.7
"BOOI4","2020-07-04 11:00",85.2439999999999,62.45,2586960,0,2.7480044,45.9,0.0231102362204724,81.2659999999999,75.9919999999999,NA,64.58,31.4,17.6,24.7
"BOOI4","2020-07-04 12:00",87.1519999999999,56.13,2423880.1,0,2.1130035,55.78,0.0224409448818898,83.48,75.9019999999999,NA,64.598,31.3,17.5,24.7
"BOOI4","2020-07-04 13:00",86.18,54.58,2534760,0,2.3590038,57.28,0.0239370078740157,85.4779999999999,75.8659999999999,NA,64.6159999999999,31.2,17.4,24.7
"BOOI4","2020-07-04 14:00",86.8999999999999,51.85,2490119.9,0,3.9050064,64.2,0.0251574803149606,87.0439999999999,75.7759999999999,NA,64.598,31.1,17.2,24.7
"BOOI4","2020-07-04 15:00",87.0259999999999,51.38,2658600,0,2.8070047,76.95,0.0257086614173228,88.88,75.83,NA,64.6339999999999,30.9,17.1,24.7
"BOOI4","2020-07-04 16:00",88.6999999999999,48.78,2874240,0,1.4810024,165.2,0.0261417322834646,90.5539999999999,75.83,NA,64.6159999999999,30.8,17,24.7
"BOOI4","2020-07-04 17:00",88.9159999999999,47.37,2546279.8,0,1.7460029,149.2,0.023503937007874,91.9759999999999,75.8839999999999,NA,64.6519999999999,30.7,16.8,24.7
"BOOI4","2020-07-04 18:00",88.772,47.14,1893960,0,3.7700062,140.1,0.0198031496062992,92.5339999999999,75.956,NA,64.6519999999999,30.6,16.6,24.7
"BOOI4","2020-07-04 19:00",86.6119999999999,53.39,1079640,0,5.137008,137.5,0.0141338582677165,92.1379999999999,76.064,NA,64.6519999999999,30.5,16.7,24.7
"BOOI4","2020-07-04 20:00",83.5699999999999,62.48,611280,0,4.687008,134.7,0.00838582677165354,90.9679999999999,76.19,NA,64.688,30.6,16.7,24.6
"BOOI4","2020-07-04 21:00",79.232,69.55,136944,0,0.56200093,155.3,-0.000590551181102362,89.24,76.3699999999999,NA,64.688,30.6,16.7,24.6
"BOOI4","2020-07-04 22:00",78.422,67.15,1227.6,0,0.034000058,106.4,-0.00165354330708661,87.5119999999999,76.5499999999999,NA,64.688,30.7,16.8,24.6
"BOOI4","2020-07-04 23:00",76.64,70.12,0,0,0,0,-0.00173228346456693,85.982,76.6759999999999,NA,64.688,30.7,16.9,24.6
"BOOI4","2020-07-05 00:00",74.372,74.65,0,0,0,0,-0.00169291338582677,84.6319999999999,76.7839999999999,NA,64.706,30.7,17,24.6
"BOOI4","2020-07-05 01:00",72.4279999999999,78.95,0,0,0,0,-0.00165354330708661,83.498,76.838,NA,64.7599999999999,30.7,17,24.6
"BOOI4","2020-07-05 02:00",72.1939999999999,82.3,0,0,0,0,-0.00161417322834646,82.472,76.874,NA,64.7419999999999,30.7,17,24.6
"BOOI4","2020-07-05 03:00",71.24,85.5,0,0,0,0,-0.0015748031496063,81.6079999999999,76.874,NA,64.7599999999999,30.7,17.1,24.6
"BOOI4","2020-07-05 04:00",69.0439999999999,88.7,0,0,0,0,-0.00153543307086614,80.8159999999999,76.8199999999999,NA,64.7779999999999,30.7,17.1,24.6
"BOOI4","2020-07-05 05:00",68.5579999999999,89.7,0,0,0,0,-0.00153543307086614,80.096,76.8019999999999,NA,64.7599999999999,30.7,17.2,24.6
"BOOI4","2020-07-05 06:00",68.5759999999999,89.6,8236.8,0,0,0,-0.00149606299212598,79.43,76.7119999999999,NA,64.796,30.7,17.2,24.5
"BOOI4","2020-07-05 07:00",75.938,77.86,247392,0,0,0,-0.000118110236220472,78.9259999999999,76.5859999999999,NA,64.814,30.7,17.2,24.5
"BOOI4","2020-07-05 08:00",80.798,71.09,739440,0,0,0,0.00456692913385827,78.764,76.496,NA,64.796,30.7,17.2,24.5
"BOOI4","2020-07-05 09:00",81.1039999999999,73.24,1039680,0,0,0,0.00799212598425197,79.0699999999999,76.388,NA,64.814,30.6,17.1,24.5
"BOOI4","2020-07-05 10:00",83.498,66.09,1927080.1,0,0,0,0.0157086614173228,80.2039999999999,76.2619999999999,NA,64.814,30.5,17,24.5
"BOOI4","2020-07-05 11:00",84.6499999999999,64.18,2486160.2,0,3.1810052,125.2,0.0225590551181102,82.0939999999999,76.1179999999999,NA,64.832,30.4,16.7,24.5
"BOOI4","2020-07-05 12:00",85.7659999999999,62.7,2779920.2,0,6.14601,131.6,0.0269685039370079,84.3259999999999,76.0099999999999,NA,64.8499999999999,30.2,16.6,24.5
"BOOI4","2020-07-05 13:00",86.09,59.21,2594880.1,0,5.4440093,149.6,0.0257086614173228,86.3599999999999,75.938,NA,64.8679999999999,30.1,16.4,24.5
"BOOI4","2020-07-05 14:00",86.864,56.52,3448800,0,4.090007,168.9,0.0328740157480315,88.646,75.8659999999999,NA,64.8679999999999,29.9,16.2,24.5
"BOOI4","2020-07-05 15:00",88.664,54.08,2794680.2,0,5.418009,154.6,0.0286220472440945,90.698,75.9019999999999,NA,64.8859999999999,29.8,15.9,24.5
"BOOI4","2020-07-05 16:00",88.7899999999999,52.86,2846160,0,5.555009,152.3,0.0294094488188976,92.246,75.956,NA,64.8859999999999,29.6,15.6,24.4
"BOOI4","2020-07-05 17:00",88.3759999999999,55.26,2290680,0,5.393009,169.7,0.0246850393700787,93.2539999999999,76.0099999999999,NA,64.8679999999999,29.5,15.4,24.5
"BOOI4","2020-07-05 18:00",88.5019999999999,55.01,1720440.1,0,3.4020054,155.1,0.0178346456692913,93.4159999999999,76.1179999999999,NA,64.9039999999999,29.4,15.3,24.4
"BOOI4","2020-07-05 19:00",88.2499999999999,54.5,1040760,0,2.2290037,141.6,0.0105905511811024,93.0739999999999,76.2259999999999,NA,64.922,29.5,15.2,24.4
"BOOI4","2020-07-05 20:00",85.856,62.26,565199.95,0,1.4070023,131.9,0.00460629921259843,91.9939999999999,76.388,NA,64.94,29.5,15.2,24.4
"BOOI4","2020-07-05 21:00",81.2839999999999,70.83,119376,0,0,0,-0.00114173228346457,90.4099999999999,76.5679999999999,NA,64.9579999999999,29.5,15.3,24.4
"BOOI4","2020-07-05 22:00",78.332,76.78,993.6,0,0,0,-0.00149606299212598,88.772,76.73,NA,64.9759999999999,29.5,15.4,24.4
"BOOI4","2020-07-05 23:00",76.082,80.2,0,0,0,0,-0.00149606299212598,87.2779999999999,76.8919999999999,NA,64.9579999999999,29.6,15.5,24.4
"BOOI4","2020-07-06 00:00",75.0199999999999,79.68,0,0,0,0,-0.00145669291338583,86.0359999999999,77.0179999999999,NA,64.9579999999999,29.6,15.6,24.4
"BOOI4","2020-07-06 01:00",72.3019999999999,83.7,0,0,1.8280029,156.7,-0.000354330708661417,84.9199999999999,77.072,NA,64.9759999999999,29.7,15.7,24.5
"BOOI4","2020-07-06 02:00",71.8699999999999,82.8,0,0,0,0,-0.00153543307086614,83.9119999999999,77.1079999999999,NA,64.9579999999999,29.7,15.7,24.4
"BOOI4","2020-07-06 03:00",70.7359999999999,85.5,0,0,0,0,-0.00153543307086614,83.048,77.1079999999999,NA,64.9759999999999,29.7,15.8,24.4
"BOOI4","2020-07-06 04:00",70.0699999999999,89.5,0,0,0,0,-0.00145669291338583,82.2199999999999,77.1259999999999,NA,65.03,29.7,15.9,24.4
"BOOI4","2020-07-06 05:00",68.63,93.2,0,0,0,0,-0.00145669291338583,81.4999999999999,77.09,NA,65.03,29.7,15.9,24.4
"BOOI4","2020-07-06 06:00",68.4859999999999,95.7,8373.6,0,0,0,-0.00137795275590551,80.798,77.0539999999999,NA,65.048,29.7,16,24.4
"BOOI4","2020-07-06 07:00",71.888,91.2,237672,0,0,0,-7.8740157480315e-05,80.2579999999999,76.946,NA,65.048,29.6,16.1,24.4
"BOOI4","2020-07-06 08:00",75.722,86.7,651240,0,1.9710033,263.7,0.00452755905511811,80.0779999999999,76.874,NA,65.03,29.6,16,24.4
"BOOI4","2020-07-06 09:00",80.798,75.97,980640,0,3.9360065,272.9,0.00897637795275591,80.2579999999999,76.7119999999999,NA,65.0659999999999,29.5,15.9,24.4
"BOOI4","2020-07-06 10:00",80.24,70.55,1701000,0,6.659011,345.6,0.0161417322834646,80.888,76.64,NA,65.0659999999999,29.5,15.7,24.4
"BOOI4","2020-07-06 11:00",80.798,63.37,2399400,0,8.170013,4.841,0.0230314960629921,82.1119999999999,76.496,NA,65.0659999999999,29.3,15.3,24.4
"BOOI4","2020-07-06 12:00",83.0119999999999,63.78,2916000,0,6.18201,39.53,0.0271653543307087,83.8579999999999,76.406,NA,65.0839999999999,29.2,15.1,24.4
"BOOI4","2020-07-06 13:00",86.6659999999999,57.63,3193200.2,0,1.6190027,74.75,0.0282283464566929,86.522,76.298,NA,65.0839999999999,29.1,14.8,24.4
"BOOI4","2020-07-06 14:00",87.2779999999999,56.99,3182400,0,1.5040025,199.6,0.0286614173228346,89.0599999999999,76.2619999999999,NA,65.1019999999999,28.9,14.5,24.3
"BOOI4","2020-07-06 15:00",88.6999999999999,50.15,2926800,0,0.98900163,151,0.00173228346456693,91.1659999999999,76.2259999999999,NA,65.1199999999999,28.8,14.1,24.3
"BOOI4","2020-07-06 16:00",88.5739999999999,50.37,2531880,0,3.8890064,192.2,0.0255905511811024,92.6779999999999,76.2439999999999,NA,65.1199999999999,28.7,13.9,24.3
"BOOI4","2020-07-06 17:00",89.1499999999999,52.31,2310120,0,4.206007,228.5,0.0241732283464567,93.5779999999999,76.3159999999999,NA,65.138,28.5,13.6,24.3
"BOOI4","2020-07-06 18:00",88.772,54.11,1606320.1,0,3.9340065,215.9,0.0175984251968504,93.722,76.406,NA,65.138,28.5,13.4,24.3
"BOOI4","2020-07-06 19:00",89.0419999999999,57.08,1127880,0,2.2230036,219.3,0.0111811023622047,93.3439999999999,76.5499999999999,NA,65.138,28.5,13.2,24.3
"BOOI4","2020-07-06 20:00",85.622,69.39,483480,0,0.07900014,243.1,0.00283464566929134,92.372,76.6939999999999,NA,65.156,28.5,13.2,24.3
"BOOI4","2020-07-06 21:00",80.7079999999999,78.95,40031.998,0,0,0,-0.00015748031496063,90.806,76.856,NA,65.1919999999999,28.5,13.4,24.3
"BOOI4","2020-07-06 22:00",78.8359999999999,82.1,885.6,0,0,0,-0.00153543307086614,89.2939999999999,76.9999999999999,NA,65.2099999999999,28.6,13.4,24.3
"BOOI4","2020-07-06 23:00",77.414,84.8,0,0,0,0,-0.0015748031496063,87.9619999999999,77.1619999999999,NA,65.1919999999999,28.7,13.6,24.3
"BOOI4","2020-07-07 00:00",74.606,91.3,0,0,0,0,-0.00153543307086614,86.8279999999999,77.2699999999999,NA,65.2099999999999,28.7,13.7,24.3
"BOOI4","2020-07-07 01:00",73.472,92.8,0,0,0,0,-0.00149606299212598,85.8019999999999,77.3779999999999,NA,65.2279999999999,28.7,13.7,24.2
"BOOI4","2020-07-07 02:00",72.572,94.7,0,0,0,0,-0.00153543307086614,84.9019999999999,77.4319999999999,NA,65.246,28.6,13.9,24.2
"BOOI4","2020-07-07 03:00",69.9079999999999,96.3,0,0,0,0,-0.00153543307086614,84.0739999999999,77.4319999999999,NA,65.246,28.7,14,24.2
"BOOI4","2020-07-07 04:00",71.348,96.1,0,0,0,0,-0.00153543307086614,83.2999999999999,77.4499999999999,NA,65.246,28.7,14,24.2
"BOOI4","2020-07-07 05:00",70.6099999999999,98,0,0,0,0,-0.00153543307086614,82.6339999999999,77.414,NA,65.282,28.7,14.1,24.2
"BOOI4","2020-07-07 06:00",71.7259999999999,95.3,5522.4,0,1.517,275.8,-0.00102362204724409,82.022,77.3419999999999,NA,65.282,28.7,14.2,24.2
"BOOI4","2020-07-07 07:00",71.8339999999999,96.1,119232,0,0.037,258.2,0.000275590551181102,81.6079999999999,77.306,NA,65.264,28.7,14.3,24.2
"BOOI4","2020-07-07 08:00",75.038,83.6,632520,0,3.958,261.8,0.0047244094488189,81.338,77.2159999999999,NA,65.2999999999999,28.7,14.3,24.2
"BOOI4","2020-07-07 09:00",80.69,71.45,1379880,0,5.108,295.1,0.012244094488189,81.4279999999999,77.1079999999999,NA,65.3179999999999,28.6,14,24.2
"BOOI4","2020-07-07 10:00",81.338,69.76,1851120,0,2.001,264.4,0.0156692913385827,82.256,77.0359999999999,NA,65.2999999999999,28.5,13.8,24.2
"BOOI4","2020-07-07 11:00",80.906,73.38,1154880,0,1.978,176.9,0.0111023622047244,83.3539999999999,76.9279999999999,NA,65.3179999999999,28.5,13.6,24.2
"BOOI4","2020-07-07 12:00",84.164,71.43,1498320,0,4.193,185.4,0.0148425196850394,83.9119999999999,76.8199999999999,NA,65.3179999999999,28.4,13.4,24.1
"BOOI4","2020-07-07 13:00",86.09,69.65,1954080,0,5.706,205.2,0.0196456692913386,84.956,76.7659999999999,NA,65.3539999999999,28.4,13.1,24.1
"BOOI4","2020-07-07 14:00",88.646,59.21,3153600,0,8.82,234.7,0.032007874015748,86.7739999999999,76.6759999999999,NA,65.372,28.2,12.8,24.1
"BOOI4","2020-07-07 15:00",89.4019999999999,60.05,2852280,0,8.48,239.6,0.0305511811023622,88.664,76.622,NA,65.3539999999999,28,12.4,24.1
"BOOI4","2020-07-07 16:00",89.996,57.98,2474640,0,9.15,258.6,0.0203937007874016,89.906,76.64,NA,65.372,27.9,12,24.1
"BOOI4","2020-07-07 17:00",90.2659999999999,57.55,2263680,0,9.29,253.6,0.0272834645669291,90.914,76.64,NA,65.3539999999999,27.8,11.8,24.1
"BOOI4","2020-07-07 18:00",90.464,55.21,1575360,0,7.538,251.5,0.0205511811023622,91.3279999999999,76.6939999999999,NA,65.39,27.8,11.6,24.1
"BOOI4","2020-07-07 19:00",89.1679999999999,61.41,961560,0,4.891,248.3,0.0127165354330709,91.0759999999999,76.7839999999999,NA,65.4079999999999,27.7,11.3,24.1
"BOOI4","2020-07-07 20:00",86.5759999999999,71.95,509040,0,1.394,231.9,0.00440944881889764,90.464,76.856,NA,65.4079999999999,27.8,11.3,24.1
"BOOI4","2020-07-07 21:00",82.6519999999999,81.6,114660,0,0.006,208.5,-0.000866141732283465,89.33,77.0359999999999,NA,65.4259999999999,27.8,11.4,24.1
"BOOI4","2020-07-07 22:00",79.9519999999999,83.1,1011.6,0,0.066,157,-0.00114173228346457,88.106,77.1259999999999,NA,65.4439999999999,27.8,11.5,24
"BOOI4","2020-07-07 23:00",77.7199999999999,88.5,0,0,0,0,-0.00118110236220473,86.8999999999999,77.2339999999999,NA,65.4439999999999,27.9,11.6,24
"BOOI4","2020-07-08 00:00",76.082,90.6,0,0,0,0,-0.00118110236220473,85.9279999999999,77.3239999999999,NA,65.4619999999999,27.9,11.6,24
"BOOI4","2020-07-08 01:00",76.388,89,0,0,0.416,231.8,-0.00102362204724409,85.046,77.414,NA,65.4619999999999,27.9,11.8,24
"BOOI4","2020-07-08 02:00",73.4179999999999,94.5,0,0,0,0,-0.00122047244094488,84.2539999999999,77.4319999999999,NA,65.48,27.9,11.8,24
"BOOI4","2020-07-08 03:00",72.23,96,0,0,0.032,197.2,-0.00118110236220473,83.498,77.4859999999999,NA,65.48,27.9,11.8,24
"BOOI4","2020-07-08 04:00",71.348,97.4,0,0,0,0,-0.00122047244094488,82.8499999999999,77.4319999999999,NA,65.498,27.9,12,24
"BOOI4","2020-07-08 05:00",70.88,97.9,0,0,0,0,-0.00122047244094488,82.1839999999999,77.396,NA,65.5159999999999,27.9,12.1,24
"BOOI4","2020-07-08 06:00",72.3019999999999,97,7110,0,0.379,154.5,-0.00106299212598425,81.59,77.3599999999999,NA,65.498,27.9,12.1,24
"BOOI4","2020-07-08 07:00",73.9759999999999,92.2,236016,0,0.591,156.8,0.000118110236220472,81.14,77.288,NA,65.5159999999999,27.9,12.2,24
"BOOI4","2020-07-08 08:00",78.1699999999999,88.4,744120,0,1.347,164.2,0.00488188976377953,80.9779999999999,77.2159999999999,NA,65.5159999999999,27.9,12.2,24
"BOOI4","2020-07-08 09:00",82.7419999999999,78.98,1341000,0,4.749,192.8,0.0114566929133858,81.3019999999999,77.1079999999999,NA,65.5699999999999,27.8,12.1,24
"BOOI4","2020-07-08 10:00",86.1619999999999,69.35,1932120,0,5.551,212.3,0.0183858267716536,82.2739999999999,77.0539999999999,NA,65.5519999999999,27.8,11.8,23.9
"BOOI4","2020-07-08 11:00",88.34,63.74,2471760,0,7.085,208.6,0.0248818897637795,83.84,76.9099999999999,NA,65.5699999999999,27.6,11.5,23.9
"BOOI4","2020-07-08 12:00",90.0679999999999,60.27,2867760,0,8.21,231.3,0.0300787401574803,85.7119999999999,76.8199999999999,NA,65.5519999999999,27.5,11.1,24
"BOOI4","2020-07-08 13:00",89.7079999999999,59.26,2984400,0,7.392,220,0.0318110236220472,87.746,76.7659999999999,NA,65.5699999999999,27.3,10.6,24
"BOOI4","2020-07-08 14:00",91.3099999999999,56.48,3168000,0,7.591,202.7,0.0339370078740157,89.762,76.7119999999999,NA,65.5699999999999,27.2,10.3,23.9
"BOOI4","2020-07-08 15:00",92.7499999999999,54.33,2980800,0,7.528,179.6,0.0331102362204724,91.706,76.73,NA,65.5699999999999,27.1,10,24
"BOOI4","2020-07-08 16:00",92.372,55.83,2890800,0,6.437,185.9,0.0316929133858268,93.3439999999999,76.7839999999999,NA,65.624,26.9,9.6,24
"BOOI4","2020-07-08 17:00",92.2099999999999,53.13,2253960,0,8.02,192.5,0.0277165354330709,94.2439999999999,76.874,NA,65.588,26.8,9.4,24
"BOOI4","2020-07-08 18:00",91.814,55.13,1682280,0,6.763,208.3,0.0214566929133858,94.3879999999999,76.982,NA,65.624,26.8,9.2,23.9
"BOOI4","2020-07-08 19:00",90.482,61.11,1013400,0,5.749,211.1,0.0142913385826772,93.9379999999999,77.09,NA,65.624,26.8,9.1,24
"BOOI4","2020-07-08 20:00",86.7739999999999,70.54,470880,0,2.372,204.3,0.00519685039370079,92.84,77.2699999999999,NA,65.6419999999999,26.8,9.1,24
"BOOI4","2020-07-08 21:00",81.2839999999999,81.9,97776,0,0.19,176.3,-0.000866141732283465,91.3819999999999,77.4319999999999,NA,65.6779999999999,26.9,9.2,23.9
"BOOI4","2020-07-08 22:00",78.5659999999999,84.5,795.6,0,0.568,176.1,-0.00094488188976378,89.9599999999999,77.5939999999999,NA,65.6779999999999,26.9,9.2,23.9
"BOOI4","2020-07-08 23:00",78.3859999999999,84,0,0,0,0,-0.00133858267716536,88.6279999999999,77.7199999999999,NA,65.6779999999999,26.9,9.3,23.9
"BOOI4","2020-07-09 00:00",77.2519999999999,85,0,0,0.127,144,-0.00125984251968504,87.5119999999999,77.846,NA,65.6779999999999,27,9.4,23.9
"BOOI4","2020-07-09 01:00",75.2539999999999,89.5,0,0,2.486,127.3,-0.00031496062992126,86.5039999999999,77.9539999999999,NA,65.6599999999999,27,9.4,23.9
"BOOI4","2020-07-09 02:00",73.256,94.1,0,0,0.466,157.2,-0.00114173228346457,85.6039999999999,78.0079999999999,NA,65.6599999999999,27,9.4,23.9
"BOOI4","2020-07-09 03:00",73.4539999999999,94,0,0,0.81,198.2,-0.00102362204724409,84.848,77.972,NA,65.714,27.1,9.5,23.9
"BOOI4","2020-07-09 04:00",74.156,91.9,0,0,0,0,-0.00133858267716536,84.164,77.99,NA,65.714,27.1,9.6,23.9
"BOOI4","2020-07-09 05:00",74.0659999999999,92.8,0,0,1.151,115.6,-0.000866141732283465,83.5699999999999,77.9539999999999,NA,65.732,27.1,9.6,23.9
"BOOI4","2020-07-09 06:00",73.94,93.2,8236.8,0,5.317,115.1,-0.000118110236220472,83.1019999999999,77.8999999999999,NA,65.732,27,9.6,23.9
"BOOI4","2020-07-09 07:00",73.4179999999999,94.6,99468,0,5.991,120.4,0.00114173228346457,82.6339999999999,77.864,NA,65.7499999999999,27,9.7,23.9
"BOOI4","2020-07-09 08:00",77.6659999999999,87.3,788760,0,7.224,117.1,0.00566929133858268,82.364,77.7739999999999,NA,65.7499999999999,27,9.7,23.9
"BOOI4","2020-07-09 09:00",77.522,85,762120,0,5.667,183.1,0.00728346456692913,82.472,77.6839999999999,NA,65.7499999999999,27,9.7,23.9
"BOOI4","2020-07-09 10:00",76.1179999999999,88,385200,0,1.71,212.8,0.00389763779527559,82.58,77.5939999999999,NA,65.7679999999999,26.9,9.6,23.8
"BOOI4","2020-07-09 11:00",74.246,88.4,437760,0,2.338,179.8,0.00433070866141732,82.4539999999999,77.5039999999999,NA,65.7859999999999,26.9,9.7,23.8
"BOOI4","2020-07-09 12:00",76.19,80.3,695520,0,1.85,226.3,0.00661417322834646,82.3099999999999,77.414,NA,65.8039999999999,26.9,9.7,23.8
"BOOI4","2020-07-09 13:00",78.332,74.94,1104120,0,4.263,288.5,0.0109842519685039,82.2019999999999,77.3239999999999,NA,65.7859999999999,26.9,9.7,23.8
"BOOI4","2020-07-09 14:00",72.3919999999999,85.8,670680,0,6.69,356.8,0.00744094488188976,82.2199999999999,77.2339999999999,NA,65.8039999999999,26.9,9.6,23.8
"BOOI4","2020-07-09 15:00",72.338,87.3,529920,0,5.711,346.9,0.00555118110236221,81.896,77.1619999999999,NA,65.8039999999999,26.9,9.6,23.8
"BOOI4","2020-07-09 16:00",75.9199999999999,86.8,1589400,0,5.999,8.49,0.0131102362204724,81.806,77.072,NA,65.822,26.8,9.4,23.8
"BOOI4","2020-07-09 17:00",77.414,78.43,2328840,0,7.623,3.132,0.0190551181102362,83.03,76.9999999999999,NA,65.84,26.8,9.3,23.8
"BOOI4","2020-07-09 18:00",74.8579999999999,82,1623240,0,7.642,9.5,0.0144488188976378,84.2359999999999,76.9099999999999,NA,65.822,26.8,9.1,23.8
"BOOI4","2020-07-09 19:00",75.6859999999999,78.9,947160,0,5.344,20.3,0.00885826771653543,84.506,76.838,NA,65.8939999999999,26.7,9,23.8
"BOOI4","2020-07-09 20:00",76.0279999999999,78.01,490320,0,2.907,3.252,0.00413385826771654,84.0739999999999,76.8199999999999,NA,65.8579999999999,26.7,9.1,23.8
"BOOI4","2020-07-09 21:00",70.2859999999999,89.5,136584,0,1.345,348.6,-0.000393700787401575,83.246,76.7839999999999,NA,65.8939999999999,26.7,9.1,23.8
"BOOI4","2020-07-09 22:00",67.964,91.2,1274.4,0,0.656,296,-0.000984251968503937,82.2019999999999,76.7119999999999,NA,65.8939999999999,26.7,9.2,23.7
"BOOI4","2020-07-09 23:00",64.9579999999999,94.3,0,0,0,0,-0.0012992125984252,81.0679999999999,76.6759999999999,NA,65.8939999999999,26.7,9.3,23.7
"BOOI4","2020-07-10 00:00",64.7239999999999,94.2,0,0,0,0,-0.0012992125984252,80.114,76.622,NA,65.9119999999999,26.7,9.3,23.7
"BOOI4","2020-07-10 01:00",62.78,97.5,0,0,0,0,-0.0012992125984252,79.232,76.5679999999999,NA,65.9119999999999,26.7,9.3,23.7
"BOOI4","2020-07-10 02:00",62.2939999999999,98.8,0,0,0.80800134,258.1,-0.00106299212598425,78.5119999999999,76.4779999999999,NA,65.93,26.7,9.4,23.7
"BOOI4","2020-07-10 03:00",65.498,94.3,0,0,3.9560065,280.7,-0.00047244094488189,77.9179999999999,76.3699999999999,NA,65.9659999999999,26.7,9.4,23.7
"BOOI4","2020-07-10 04:00",64.9939999999999,95.2,0,0,6.684011,277.1,-0.000118110236220472,77.414,76.2439999999999,NA,65.93,26.7,9.5,23.7
"BOOI4","2020-07-10 05:00",64.9579999999999,95.3,0,0,6.6170106,277.1,-0.00015748031496063,76.964,76.1359999999999,NA,65.948,26.7,9.5,23.7
"BOOI4","2020-07-10 06:00",66.146,93.5,6703.2,0,6.7330112,281.4,-3.93700787401575e-05,76.6039999999999,75.9919999999999,NA,65.9659999999999,26.7,9.5,23.7
"BOOI4","2020-07-10 07:00",67.7659999999999,92,251568,0,6.03101,280.4,0.000748031496062992,76.28,75.848,NA,65.948,26.6,9.6,23.7
"BOOI4","2020-07-10 08:00",73.8859999999999,81.4,784080,0,2.972005,306.2,0.00496062992125984,76.172,75.6679999999999,NA,65.9659999999999,26.6,9.6,23.7
"BOOI4","2020-07-10 09:00",77.7199999999999,67.73,1404000,0,3.627006,349.9,0.011496062992126,76.514,75.5599999999999,NA,65.9659999999999,26.5,9.5,23.7
"BOOI4","2020-07-10 10:00",79.214,61.03,2018879.9,0,3.6880062,15.28,0.017755905511811,77.4859999999999,75.398,NA,65.9839999999999,26.5,9.2,23.7
"BOOI4","2020-07-10 11:00",81.1759999999999,57.63,2548440,0,2.6720045,12.12,0.0223622047244094,79.232,75.2359999999999,NA,66.0199999999999,26.4,8.9,23.6
"BOOI4","2020-07-10 12:00",83.372,58.06,2955600,0,1.5810026,12.16,0.0256299212598425,81.5539999999999,75.1279999999999,NA,66.0019999999999,26.3,8.7,23.6
"BOOI4","2020-07-10 13:00",85.406,52.61,3243599.9,0,1.6350027,355.1,0.0286220472440945,84.146,75.0199999999999,NA,66.0199999999999,26.1,8.4,23.6
"BOOI4","2020-07-10 14:00",85.4419999999999,53.22,3265200,0,4.363007,273.8,0.0310629921259843,86.648,74.9659999999999,NA,66.0199999999999,26.1,8.1,23.6
"BOOI4","2020-07-10 15:00",87.656,54.66,3121200.2,0,4.6760077,266.7,0.0303543307086614,88.7179999999999,74.93,NA,66.038,26,7.8,23.6
"BOOI4","2020-07-10 16:00",87.4939999999999,56.99,2764080,0,6.2730103,259.9,0.0287007874015748,90.3199999999999,74.9659999999999,NA,66.0199999999999,25.9,7.6,23.6
"BOOI4","2020-07-10 17:00",87.6919999999999,55.3,2116080,0,5.8070097,282.6,0.0233070866141732,91.0939999999999,75.0199999999999,NA,66.056,25.9,7.5,23.6
"BOOI4","2020-07-10 18:00",88.5199999999999,58.68,1396080.1,0,5.1240087,271.3,0.016496062992126,91.0759999999999,75.1279999999999,NA,66.056,25.9,7.4,23.6
"BOOI4","2020-07-10 19:00",87.4759999999999,58.26,1056240,0,4.5300074,263.6,0.0130314960629921,90.7159999999999,75.2539999999999,NA,66.056,25.9,7.4,23.5
"BOOI4","2020-07-10 20:00",82.6699999999999,68.34,473400,0,2.0460033,273,0.0047244094488189,89.8339999999999,75.38,NA,66.0739999999999,25.9,7.4,23.5
"BOOI4","2020-07-10 21:00",79.3939999999999,73.2,103140,0,0.058000095,244.7,-0.00122047244094488,88.538,75.5599999999999,NA,66.0919999999999,26,7.4,23.5
"BOOI4","2020-07-10 22:00",72.8239999999999,86.7,892.8,0,0.057000093,244.8,-0.00145669291338583,87.1519999999999,75.7039999999999,NA,66.0739999999999,26,7.5,23.6
"BOOI4","2020-07-10 23:00",71.9599999999999,84.2,0,0,0,0,-0.00153543307086614,85.748,75.848,NA,66.0919999999999,26.1,7.5,23.6
"BOOI4","2020-07-11 00:00",71.78,80.5,0,0,0,0,-0.0015748031496063,84.506,75.956,NA,66.0739999999999,26.1,7.5,23.6
"BOOI4","2020-07-11 01:00",70.6099999999999,81.3,0,0,0,0,-0.00165354330708661,83.4079999999999,76.0279999999999,NA,66.0919999999999,26.1,7.6,23.6
"BOOI4","2020-07-11 02:00",68.63,86.9,0,0,0,0,-0.00161417322834646,82.4539999999999,76.082,NA,66.1099999999999,26.1,7.6,23.6
"BOOI4","2020-07-11 03:00",67.856,91.5,0,0,0,0,-0.0015748031496063,81.6439999999999,76.064,NA,66.1099999999999,26.1,7.6,23.6
"BOOI4","2020-07-11 04:00",69.2779999999999,90,0,0,0.45800078,220.1,-0.0012992125984252,81.0859999999999,76.064,NA,66.1099999999999,26.1,7.6,23.6
"BOOI4","2020-07-11 05:00",69.548,91,0,0,0,0,-0.00153543307086614,80.6359999999999,76.0279999999999,NA,66.0919999999999,26.1,7.6,23.6
"BOOI4","2020-07-11 06:00",67.7659999999999,95,8100,0,0.01200002,92,-0.00145669291338583,80.1499999999999,75.938,NA,66.1279999999999,26.1,7.7,23.6
"BOOI4","2020-07-11 07:00",70.3039999999999,89.8,253439.99,0,0.042000066,162.7,-3.93700787401575e-05,79.646,75.9199999999999,NA,66.1099999999999,26.1,7.7,23.5
"BOOI4","2020-07-11 08:00",75.9919999999999,77.84,790560,0,0.78700125,246.2,0.00488188976377953,79.3939999999999,75.8119999999999,NA,66.1099999999999,26.1,7.7,23.5
"BOOI4","2020-07-11 09:00",79.7899999999999,68.38,1397880,0,5.325009,275.3,0.0127952755905512,79.6099999999999,75.722,NA,66.1819999999999,26,7.7,23.5
"BOOI4","2020-07-11 10:00",82.0039999999999,60.07,1984320.1,0,8.140014,298.5,0.0208267716535433,80.4199999999999,75.614,NA,66.1099999999999,25.9,7.4,23.5
"BOOI4","2020-07-11 11:00",83.8939999999999,57.56,2528640.1,0,8.660014,297.6,0.0266535433070866,81.7339999999999,75.506,NA,66.1279999999999,25.9,7.3,23.5
"BOOI4","2020-07-11 12:00",85.082,58.51,2941200,0,8.210013,290.1,0.0298031496062992,83.5699999999999,75.4159999999999,NA,66.1279999999999,25.8,7.1,23.5
"BOOI4","2020-07-11 13:00",86.738,57.95,3178800,0,4.5330076,309.4,0.0301574803149606,85.7839999999999,75.3439999999999,NA,66.1279999999999,25.7,6.9,23.5
"BOOI4","2020-07-11 14:00",87.206,61.86,2937599.9,0,3.603006,315.5,0.0281102362204724,88.196,75.3259999999999,NA,66.1279999999999,25.6,6.8,23.5
"BOOI4","2020-07-11 15:00",87.4579999999999,64.15,1627920,0,2.8500047,278.8,0.0166929133858268,89.348,75.3079999999999,NA,66.1279999999999,25.6,6.7,23.5
"BOOI4","2020-07-11 16:00",88.214,59.12,2694240,0,10.410018,265.6,0.0290944881889764,90.0859999999999,75.3439999999999,NA,66.1279999999999,25.5,6.6,23.5
"BOOI4","2020-07-11 17:00",88.6099999999999,55.87,2693160.2,0,12.29002,268.7,0.031496062992126,90.8779999999999,75.4519999999999,NA,66.1279999999999,25.5,6.5,23.4
"BOOI4","2020-07-11 18:00",73.0039999999999,80.2,645120,0,12.960021,320.1,0.0156692913385827,90.482,75.5239999999999,NA,66.146,25.5,6.6,23.4
"BOOI4","2020-07-11 19:00",70.9699999999999,93.8,380880,0.28,6.9370112,334.2,0.00456692913385827,87.4759999999999,75.6859999999999,NA,66.146,25.6,6.6,23.4
"BOOI4","2020-07-11 20:00",75.4159999999999,82,502560.03,0.1,5.7380095,304.1,0.00393700787401575,85.28,75.848,NA,66.1819999999999,25.5,6.6,23.5
"BOOI4","2020-07-11 21:00",70.664,92.1,139824,0,2.516004,357.1,0,83.6779999999999,75.956,NA,66.164,25.6,6.6,23.4
"BOOI4","2020-07-11 22:00",68.63,94,1324.8,0,0.08900014,340.3,-0.000118110236220472,82.2199999999999,76.064,NA,66.1819999999999,25.6,6.6,23.4
"BOOI4","2020-07-11 23:00",67.496,94.9,0,0,0.027000045,340.7,-0.000118110236220472,80.9599999999999,76.0999999999999,NA,66.1819999999999,25.7,6.6,23.4
"BOOI4","2020-07-12 00:00",67.9099999999999,91.7,0,0,1.4910024,314.7,0.000118110236220472,79.8439999999999,76.1179999999999,NA,66.1819999999999,25.7,6.7,23.4
"BOOI4","2020-07-12 01:00",67.7119999999999,91.4,0,0,2.9790049,336.5,0.000236220472440945,78.8179999999999,76.064,NA,66.164,25.7,6.7,23.4
"BOOI4","2020-07-12 02:00",66.722,90.4,0,0,6.2170105,341.4,0.000551181102362205,77.864,76.0279999999999,NA,66.1819999999999,25.7,6.7,23.4
"BOOI4","2020-07-12 03:00",64.796,94.1,0,0,4.189007,343.1,0.000354330708661417,76.946,75.9739999999999,NA,66.164,25.7,6.8,23.4
"BOOI4","2020-07-12 04:00",63.932,95.8,0,0,2.0400033,340,7.8740157480315e-05,76.1179999999999,75.8659999999999,NA,66.1819999999999,25.6,6.8,23.4
"BOOI4","2020-07-12 05:00",63.1579999999999,97.7,0,0,1.3280022,309.9,-3.93700787401575e-05,75.38,75.74,NA,66.146,25.6,6.8,23.4
"BOOI4","2020-07-12 06:00",63.7519999999999,97.4,7495.1997,0,1.3340023,300,0,74.7499999999999,75.596,NA,66.1999999999999,25.6,6.8,23.4
"BOOI4","2020-07-12 07:00",65.0839999999999,96,248256,0,5.3790092,304.8,0.000236220472440945,74.246,75.4519999999999,NA,66.1819999999999,25.6,6.8,23.4
"BOOI4","2020-07-12 08:00",68.306,90.8,737640,0,4.6290073,347.4,0.00409448818897638,73.9939999999999,75.2899999999999,NA,66.1819999999999,25.6,6.8,23.4
"BOOI4","2020-07-12 09:00",71.348,85.7,1356840,0,6.09801,342.5,0.00933070866141732,74.264,75.0919999999999,NA,66.1999999999999,25.5,6.8,23.4
"BOOI4","2020-07-12 10:00",74.3539999999999,78.17,1962000,0,5.2220087,355.3,0.0151181102362205,75.272,74.9119999999999,NA,66.1819999999999,25.5,6.8,23.3
"BOOI4","2020-07-12 11:00",77.8999999999999,68.79,2500920.2,0,5.2750087,4.235,0.0209842519685039,76.9999999999999,74.732,NA,66.1819999999999,25.4,6.7,23.3
"BOOI4","2020-07-12 12:00",78.9439999999999,63.09,2901599.9,0,5.2380085,350.3,0.0256692913385827,79.0699999999999,74.5519999999999,NA,66.1999999999999,25.4,6.6,23.3
"BOOI4","2020-07-12 13:00",80.8159999999999,58.93,3157200.2,0,5.608009,344.6,0.0288188976377953,81.122,74.4619999999999,NA,66.2179999999999,25.3,6.5,23.3
"BOOI4","2020-07-12 14:00",81.356,56.57,3344400,0,5.636009,352.3,0.0309055118110236,82.94,74.3359999999999,NA,66.2179999999999,25.3,6.4,23.3
"BOOI4","2020-07-12 15:00",82.7599999999999,54.48,2890800,0,6.0420103,351.7,0.0278740157480315,84.596,74.246,NA,66.1999999999999,25.2,6.4,23.3
"BOOI4","2020-07-12 16:00",83.6419999999999,53.51,2566440.2,0,5.469009,0.208,0.0257086614173228,85.532,74.2279999999999,NA,66.2179999999999,25.1,6.3,23.3
"BOOI4","2020-07-12 17:00",83.8759999999999,54.16,2509200.2,0,4.943008,17.87,0.0246062992125984,86.5759999999999,74.1919999999999,NA,66.2179999999999,25.1,6.3,23.2
"BOOI4","2020-07-12 18:00",82.94,53.74,1218960.1,0,3.7460063,6.591,0.0138188976377953,86.7919999999999,74.2279999999999,NA,66.1999999999999,25.1,6.3,23.2
"BOOI4","2020-07-12 19:00",81.7519999999999,59.54,740880,0,2.6760044,28.03,0.00846456692913386,85.73,74.282,NA,66.2179999999999,25.1,6.3,23.2
"BOOI4","2020-07-12 20:00",79.43,66.17,503639.98,0,1.7300029,35.89,0.00409448818897638,84.722,74.3179999999999,NA,66.2359999999999,25.1,6.3,23.2
"BOOI4","2020-07-12 21:00",71.5279999999999,87,81252,0,0.07200012,37.92,-0.0015748031496063,83.3179999999999,74.372,NA,66.2179999999999,25.2,6.3,23.3
"BOOI4","2020-07-12 22:00",69.9079999999999,86.2,1324.8,0,0.058000095,57.26,-0.000866141732283465,81.806,74.4259999999999,NA,66.2179999999999,25.2,6.3,23.2
"BOOI4","2020-07-12 23:00",69.764,83,0,0,0,0,-0.000905511811023622,80.438,74.48,NA,66.2359999999999,25.2,6.3,23.2
"BOOI4","2020-07-13 00:00",69.5839999999999,83.8,0,0,0,0,-0.000905511811023622,79.2499999999999,74.498,NA,66.1999999999999,25.2,6.4,23.2
"BOOI4","2020-07-13 01:00",69.0079999999999,83.4,0,0,0,0,-0.00094488188976378,78.2599999999999,74.498,NA,66.2359999999999,25.2,6.4,23.2
"BOOI4","2020-07-13 02:00",67.1359999999999,88.4,0,0,0.009000015,164.1,-0.000905511811023622,77.3779999999999,74.4259999999999,NA,66.2359999999999,25.2,6.4,23.2
"BOOI4","2020-07-13 03:00",66.9919999999999,89.3,0,0,0,0,-0.000905511811023622,76.6039999999999,74.4079999999999,NA,66.2179999999999,25.2,6.4,23.2
"BOOI4","2020-07-13 04:00",63.9859999999999,94.9,0,0,0,0,-0.000905511811023622,75.8839999999999,74.3359999999999,NA,66.2359999999999,25.2,6.4,23.2
"BOOI4","2020-07-13 05:00",64.9759999999999,93.6,0,0,0,0,-0.000866141732283465,75.1999999999999,74.2279999999999,NA,66.2179999999999,25.2,6.4,23.2
"BOOI4","2020-07-13 06:00",64.238,95.1,7650,0,0,0,-0.000826771653543307,74.5699999999999,74.1199999999999,NA,66.2359999999999,25.2,6.4,23.2
"BOOI4","2020-07-13 07:00",66.5239999999999,93.3,244512.01,0,0,0,-0.000236220472440945,74.1019999999999,73.9939999999999,NA,66.2359999999999,25.1,6.4,23.2
"BOOI4","2020-07-13 08:00",70.124,88.3,761399.96,0,0.5460009,126,0.00413385826771654,73.9579999999999,73.8679999999999,NA,66.2359999999999,25.1,6.4,23.2
"BOOI4","2020-07-13 09:00",74.4619999999999,79.74,1365120,0,5.1630087,151.1,0.0102755905511811,74.48,73.7599999999999,NA,66.2179999999999,25.1,6.4,23.2
"BOOI4","2020-07-13 10:00",78.2419999999999,72.4,1873080,0,7.869013,167.4,0.016496062992126,75.6679999999999,73.6159999999999,NA,66.2179999999999,25.1,6.4,23.2
"BOOI4","2020-07-13 11:00",80.564,65.34,2434320,0,9.100016,172.5,0.0229133858267717,77.3239999999999,73.472,NA,66.2539999999999,25,6.3,23.2
"BOOI4","2020-07-13 12:00",82.148,63.45,2670840,0,9.620016,176.6,0.0266141732283465,79.3759999999999,73.3819999999999,NA,66.2359999999999,24.9,6.3,23.1
"BOOI4","2020-07-13 13:00",82.8859999999999,61.84,3121200.2,0,11.95002,162.9,0.0313385826771654,81.464,73.2739999999999,NA,66.1999999999999,24.9,6.2,23.1
"BOOI4","2020-07-13 14:00",84.38,59.53,3142800,0,12.05002,162.4,0.0325590551181102,83.5519999999999,73.1839999999999,NA,66.2179999999999,24.8,6.1,23.1
"BOOI4","2020-07-13 15:00",85.28,58.57,2647079.8,0,11.90002,164.6,0.0296456692913386,85.046,73.1659999999999,NA,66.2359999999999,24.7,6,23.1
"BOOI4","2020-07-13 16:00",85.082,56.43,2692800,0,12.50002,166.5,0.0308661417322835,86.4679999999999,73.1839999999999,NA,66.2359999999999,24.7,6,23.1
"BOOI4","2020-07-13 17:00",85.856,58.19,2221200,0,12.620021,161.1,0.0278346456692913,87.2239999999999,73.2019999999999,NA,66.2539999999999,24.7,6,23.1
"BOOI4","2020-07-13 18:00",85.2259999999999,58.34,1704960,0,12.59002,164.6,0.023740157480315,87.3499999999999,73.256,NA,66.2359999999999,24.7,6,23
"BOOI4","2020-07-13 19:00",84.3079999999999,61.46,957600,0,10.550017,163.8,0.0164173228346457,86.8099999999999,73.346,NA,66.2359999999999,24.7,6,23
"BOOI4","2020-07-13 20:00",81.68,65.13,438479.98,0,9.160015,161.1,0.0103149606299213,85.7119999999999,73.4359999999999,NA,66.2359999999999,24.7,6,23
"BOOI4","2020-07-13 21:00",77.4679999999999,74.36,72648,0,7.9700136,157.1,0.00488188976377953,84.3619999999999,73.5619999999999,NA,66.2359999999999,24.7,6,23
"BOOI4","2020-07-13 22:00",74.246,83.7,705.6,0,4.767008,151.9,0.000669291338582677,82.9939999999999,73.6699999999999,NA,66.2359999999999,24.8,6,23
"BOOI4","2020-07-13 23:00",72.1939999999999,87.9,0,0,3.8280065,158,0.000118110236220472,81.8599999999999,73.7419999999999,NA,66.2359999999999,24.8,6,23
"BOOI4","2020-07-14 00:00",71.6539999999999,88.5,0,0,4.1200066,155.8,-3.93700787401575e-05,80.8519999999999,73.814,NA,66.2179999999999,24.8,6,23
"BOOI4","2020-07-14 01:00",70.5919999999999,90,0,0,4.0010066,158.8,-0.000118110236220472,79.988,73.8499999999999,NA,66.2359999999999,24.8,6.1,23
"BOOI4","2020-07-14 02:00",69.4759999999999,92.4,0,0,0.41400066,159.4,-0.00114173228346457,79.214,73.8679999999999,NA,66.1999999999999,24.9,6.1,22.9
"BOOI4","2020-07-14 03:00",69.3679999999999,92.8,0,0,0.6600011,165.9,-0.00102362204724409,78.53,73.8859999999999,NA,66.2179999999999,24.9,6.1,22.9
"BOOI4","2020-07-14 04:00",68.3779999999999,95,0,0,0.02300004,168.1,-0.0012992125984252,77.9539999999999,73.8499999999999,NA,66.2179999999999,24.9,6.1,22.9
"BOOI4","2020-07-14 05:00",69.0619999999999,93.8,0,0,0.23300038,172.1,-0.00122047244094488,77.4679999999999,73.8499999999999,NA,66.2359999999999,24.9,6.1,22.9
"BOOI4","2020-07-14 06:00",69.2419999999999,93.3,1825.2001,0,5.8750095,157.2,-7.8740157480315e-05,76.982,73.796,NA,66.2359999999999,24.8,6.1,22.9
"BOOI4","2020-07-14 07:00",69.9439999999999,93.3,103032,0,2.5100043,157.1,0.000433070866141732,76.5679999999999,73.706,NA,66.2359999999999,24.8,6.1,22.9
"BOOI4","2020-07-14 08:00",73.7239999999999,84.9,530279.97,0,6.408011,160.9,0.00437007874015748,76.514,73.6699999999999,NA,66.1819999999999,24.8,6.1,22.9
"BOOI4","2020-07-14 09:00",74.948,82.2,810360,0,8.270014,157.6,0.00811023622047244,76.7839999999999,73.6159999999999,NA,66.1999999999999,24.8,6.1,22.9
"BOOI4","2020-07-14 10:00",77.6119999999999,78.53,885240,0,4.371007,164.9,0.00866141732283465,77.2519999999999,73.5259999999999,NA,66.2179999999999,24.8,6.1,22.9
"BOOI4","2020-07-14 11:00",79.196,76.52,1856880,0,6.0880103,159.4,0.0167322834645669,78.3499999999999,73.4539999999999,NA,66.1999999999999,24.8,6.1,22.9
"BOOI4","2020-07-14 12:00",81.5359999999999,75.83,2088720,0,6.05001,159,0.0189370078740158,79.8439999999999,73.364,NA,66.1819999999999,24.7,6,23
"BOOI4","2020-07-14 13:00",83.2279999999999,73.82,2880000,0,7.0260115,183.6,0.0264173228346457,82.2019999999999,73.3279999999999,NA,66.1819999999999,24.6,5.9,22.9
"BOOI4","2020-07-14 14:00",82.256,75.35,1913759.9,0,6.3060107,186.4,0.0190157480314961,83.9839999999999,73.256,NA,66.1819999999999,24.6,5.9,22.9
"BOOI4","2020-07-14 15:00",84.8119999999999,73.07,2132280,0,6.3700104,181.4,0.0203149606299213,84.7759999999999,73.2739999999999,NA,66.164,24.5,5.9,22.9
"BOOI4","2020-07-14 16:00",85.946,73.63,2651400.1,0,6.476011,181.5,0.0247637795275591,86.6659999999999,73.2739999999999,NA,66.1819999999999,24.6,5.9,22.9
"BOOI4","2020-07-14 17:00",84.7039999999999,77.38,1791720.1,0,6.461011,170.7,0.0184251968503937,88.0699999999999,73.3099999999999,NA,66.1819999999999,24.6,5.9,22.9
"BOOI4","2020-07-14 18:00",83.0659999999999,79.82,1161360,0,8.100013,154.9,0.0133858267716536,88.124,73.3819999999999,NA,66.1819999999999,24.5,5.9,22.8
"BOOI4","2020-07-14 19:00",71.456,97.6,319680,0.060000002,10.360017,119.2,0.00566929133858268,87.0439999999999,73.5619999999999,NA,66.1819999999999,25.5,5.9,22.8
"BOOI4","2020-07-14 20:00",74.48,97.4,386640,0.23,8.030013,86.2,0.0021259842519685,81.6259999999999,73.9939999999999,NA,66.146,32.1,5.9,23.4
"BOOI4","2020-07-14 21:00",69.08,88,188640,0.11,7.211012,354.7,0.00094488188976378,80.69,74.0119999999999,NA,66.146,32.4,5.9,23.6
"BOOI4","2020-07-14 22:00",68.864,88.5,475.2,0.07,6.2140107,25.03,0.000748031496062992,79.5019999999999,74.03,NA,66.1999999999999,32.5,5.9,23.6
"BOOI4","2020-07-14 23:00",68.414,89.2,0,0.05,5.88801,18.15,0.000748031496062992,78.3859999999999,74.0659999999999,NA,66.2179999999999,32.6,5.9,23.6
"BOOI4","2020-07-15 00:00",67.622,82.4,0,0.030000001,7.687013,21.67,0.00106299212598425,77.414,74.0659999999999,NA,66.2179999999999,32.6,5.9,23.5
"BOOI4","2020-07-15 01:00",65.948,86.1,0,0.030000001,6.1850104,27.62,0.00106299212598425,76.4239999999999,74.0119999999999,NA,66.2359999999999,32.6,6,23.5
"BOOI4","2020-07-15 02:00",64.8499999999999,86.1,0,0.030000001,5.6710095,22.8,0.000748031496062992,75.5239999999999,73.9939999999999,NA,66.1999999999999,32.6,6,23.4
"BOOI4","2020-07-15 03:00",64.0759999999999,89.8,0,0.020000001,6.09201,27.74,0.000669291338582677,74.696,73.922,NA,66.2359999999999,32.6,6,23.4
"BOOI4","2020-07-15 04:00",64.7779999999999,88.4,0,0.020000001,5.4970093,30.67,0.00062992125984252,73.9939999999999,73.832,NA,66.2359999999999,32.6,6,23.4
"BOOI4","2020-07-15 05:00",65.0659999999999,87.4,0,0.010000001,3.1620052,28.31,0.000511811023622047,73.5439999999999,73.7599999999999,NA,66.1999999999999,32.6,6,23.4
"BOOI4","2020-07-15 06:00",62.7619999999999,95.3,759.60004,0.020000001,5.5880094,24.04,0.000708661417322835,73.0939999999999,73.6159999999999,NA,66.2179999999999,32.6,6,23.4
"BOOI4","2020-07-15 07:00",63.1759999999999,95.1,26035.2,0,4.4280076,47.55,0.000708661417322835,72.446,73.49,NA,66.1999999999999,32.6,6,23.3
"BOOI4","2020-07-15 08:00",63.7699999999999,95.8,70668,0.010000001,4.224007,29.28,0.00094488188976378,72.0679999999999,73.3819999999999,NA,66.1999999999999,32.6,6,23.3
"BOOI4","2020-07-15 09:00",63.8239999999999,96.4,83988.01,0,3.4880056,22.08,0.000905511811023622,71.8159999999999,73.2199999999999,NA,66.1819999999999,32.6,6.1,23.3
"BOOI4","2020-07-15 10:00",64.3099999999999,96.4,268272,0.010000001,5.155009,34.16,0.00216535433070866,71.6179999999999,73.0759999999999,NA,66.1999999999999,32.6,6.1,23.3
"BOOI4","2020-07-15 11:00",66.5779999999999,94,951839.97,0,8.350014,51.81,0.00637795275590551,71.8339999999999,72.914,NA,66.1999999999999,32.6,6.1,23.3
"BOOI4","2020-07-15 12:00",69.89,91.1,1840680,0.010000001,7.201012,32.72,0.0130314960629921,73.0399999999999,72.7519999999999,NA,66.1819999999999,32.6,6.1,23.3
"BOOI4","2020-07-15 13:00",70.8619999999999,89.6,934560,0,5.7910094,21.38,0.0078740157480315,73.8679999999999,72.6079999999999,NA,66.1999999999999,32.6,6.1,23.2
"BOOI4","2020-07-15 14:00",70.898,89.2,829440,0,2.8930047,29.73,0.00724409448818898,74.5339999999999,72.4999999999999,NA,66.146,32.6,6.1,23.2
"BOOI4","2020-07-15 15:00",72.8419999999999,85.7,1120320,0.010000001,3.0600052,3.089,0.00933070866141732,74.822,72.356,NA,66.1819999999999,32.6,6.1,23.2
"BOOI4","2020-07-15 16:00",76.28,82,1587240,0,3.3550055,354.6,0.0131102362204724,75.938,72.2839999999999,NA,66.164,32.5,6.1,23.2
"BOOI4","2020-07-15 17:00",75.9919999999999,79.71,1739880,0,3.4340057,352.8,0.0146456692913386,77.414,72.1759999999999,NA,66.164,32.5,6.2,23.1
"BOOI4","2020-07-15 18:00",76.5679999999999,77.6,1512720,0.010000001,5.6240096,356.2,0.0131496062992126,78.0259999999999,72.122,NA,66.164,32.5,6.2,23.1
"BOOI4","2020-07-15 19:00",76.6039999999999,76.65,1027799.9,0,5.2620087,1.453,0.00933070866141732,78.2779999999999,72.0679999999999,NA,66.164,32.5,6.2,23.1
"BOOI4","2020-07-15 20:00",73.0399999999999,82.8,513360.05,0.010000001,4.142007,8,0.00425196850393701,77.846,72.014,NA,66.1999999999999,32.5,6.2,23.1
"BOOI4","2020-07-15 21:00",68.5759999999999,93.4,76464,0,1.1830019,14.49,-0.00114173228346457,76.8019999999999,72.032,NA,66.1819999999999,32.5,6.2,23
"BOOI4","2020-07-15 22:00",66.8119999999999,95.6,968.4,0,0.003000005,20.64,-0.00145669291338583,75.6319999999999,71.996,NA,66.1819999999999,32.5,6.2,23
"BOOI4","2020-07-15 23:00",64.8859999999999,98.1,0,0,0.9110015,9.42,-0.00114173228346457,74.5339999999999,72.014,NA,66.164,32.5,6.2,23
"BOOI4","2020-07-16 00:00",63.4819999999999,99.2,0,0.010000001,0.4690008,2.878,-0.0012992125984252,73.58,71.9779999999999,NA,66.164,32.5,6.2,23
"BOOI4","2020-07-16 01:00",61.646,100,0,0,0.07200012,337.8,-0.00145669291338583,72.68,71.9779999999999,NA,66.164,32.5,6.2,23.1
"BOOI4","2020-07-16 02:00",61.0699999999999,100,0,0,0.057000093,348.1,-0.00145669291338583,71.8339999999999,71.9419999999999,NA,66.164,32.5,6.2,23
"BOOI4","2020-07-16 03:00",59.5939999999999,100,0,0,0.05500009,347.1,-0.00145669291338583,71.0779999999999,71.888,NA,66.146,32.5,6.2,23
"BOOI4","2020-07-16 04:00",58.856,100,0,0,0.35600057,10.4,-0.00133858267716536,70.3039999999999,71.8519999999999,NA,66.164,32.5,6.2,23
"BOOI4","2020-07-16 05:00",56.6599999999999,100,0,0.010000001,0,0,-0.00149606299212598,69.5659999999999,71.798,NA,66.1819999999999,32.5,6.3,22.9
"BOOI4","2020-07-16 06:00",56.3359999999999,100,6825.5997,0,0,0,-0.00145669291338583,68.8279999999999,71.672,NA,66.146,32.5,6.3,23
"BOOI4","2020-07-16 07:00",60.3679999999999,99.3,269568,0,0,0,-0.00015748031496063,68.18,71.546,NA,66.1279999999999,32.4,6.3,22.9
"BOOI4","2020-07-16 08:00",64.6339999999999,92.4,856440,0,0.051000085,221.8,0.0044488188976378,68.0179999999999,71.456,NA,66.1279999999999,32.4,6.3,22.9
"BOOI4","2020-07-16 09:00",67.3159999999999,86.3,1491840,0,0.54800093,181.8,0.00976377952755906,68.756,71.33,NA,66.146,32.5,6.3,23
"BOOI4","2020-07-16 10:00",69.422,84.4,2089440.2,0.010000001,2.1550035,206.3,0.0148031496062992,70.3039999999999,71.1859999999999,NA,66.1279999999999,32.3,6.3,22.9
"BOOI4","2020-07-16 11:00",72.356,77.92,2492280,0,1.4170023,245.8,0.0188582677165354,72.482,71.0419999999999,NA,66.1099999999999,32.3,6.3,22.9
"BOOI4","2020-07-16 12:00",75.2179999999999,73.02,2878920.2,0,2.1600037,230.6,0.022755905511811,74.84,70.9159999999999,NA,66.146,32.3,6.3,23
"BOOI4","2020-07-16 13:00",77.522,74.78,3261600,0.010000001,1.4780024,228.3,0.0265354330708662,77.5399999999999,70.8079999999999,NA,66.1099999999999,32.2,6.3,22.9
"BOOI4","2020-07-16 14:00",79.6819999999999,64.44,3402000,0,2.3110037,192.8,0.0283464566929134,80.1859999999999,70.7179999999999,NA,66.1279999999999,32.1,6.3,22.9
"BOOI4","2020-07-16 15:00",80.0419999999999,65.33,3236400,0,2.478004,166.5,0.0277165354330709,82.4359999999999,70.7179999999999,NA,66.0919999999999,32.1,6.3,22.9
"BOOI4","2020-07-16 16:00",82.1119999999999,60.7,2867040,0.010000001,3.9910066,181.9,0.0257086614173228,83.9839999999999,70.7179999999999,NA,66.1279999999999,32,6.3,22.9
"BOOI4","2020-07-16 17:00",82.256,61.97,2410200.2,0,4.707008,148,0.0224803149606299,84.8839999999999,70.772,NA,66.0919999999999,31.9,6.3,22.8
"BOOI4","2020-07-16 18:00",82.7599999999999,60.25,1828799.9,0,4.5150075,167.2,0.0177952755905512,85.1179999999999,70.8619999999999,NA,66.1099999999999,31.9,6.3,22.8
"BOOI4","2020-07-16 19:00",81.788,66.07,1071720,0.010000001,4.389007,169.1,0.0114173228346457,84.4699999999999,70.9159999999999,NA,66.1099999999999,31.9,6.3,22.8
"BOOI4","2020-07-16 20:00",78.5659999999999,77.24,572399.96,0,4.315007,132.8,0.00594488188976378,83.264,71.006,NA,66.0739999999999,31.9,6.3,22.8
"BOOI4","2020-07-16 21:00",73.13,87.3,106812,0,2.431004,148.2,3.93700787401575e-05,81.6259999999999,71.1319999999999,NA,66.0919999999999,31.9,6.3,22.8
"BOOI4","2020-07-16 22:00",71.9599999999999,88.8,748.8,0,1.0040016,147.9,-0.00106299212598425,79.9699999999999,71.2579999999999,NA,66.0739999999999,31.9,6.3,22.8
"BOOI4","2020-07-16 23:00",70.0519999999999,93.8,0,0,0,0,-0.00153543307086614,78.656,71.3659999999999,NA,66.056,31.9,6.3,22.8
"BOOI4","2020-07-17 00:00",69.08,96.3,0,0,0.613001,196.2,-0.0012992125984252,77.5399999999999,71.4739999999999,NA,66.056,31.9,6.3,22.8
"BOOI4","2020-07-17 01:00",70.3039999999999,95.1,0,0,0.8990015,200,-0.00118110236220473,76.5679999999999,71.5279999999999,NA,66.0739999999999,31.9,6.4,22.8
"BOOI4","2020-07-17 02:00",68.8819999999999,97.5,0,0.010000001,0.033000056,196,-0.00149606299212598,75.7579999999999,71.582,NA,66.056,32,6.4,22.8
"BOOI4","2020-07-17 03:00",67.4239999999999,99.3,0,0,0.019000031,133.8,-0.00149606299212598,75.0199999999999,71.6179999999999,NA,66.056,32,6.4,22.8
"BOOI4","2020-07-17 04:00",65.8579999999999,99.9,0,0,0.30200052,148.3,-0.00141732283464567,74.282,71.6359999999999,NA,66.0019999999999,32,6.4,22.8
"BOOI4","2020-07-17 05:00",66.2179999999999,100,0,0,0.12800021,159,-0.00145669291338583,73.688,71.6179999999999,NA,66.038,31.9,6.4,22.8
"BOOI4","2020-07-17 06:00",66.2179999999999,100,5320.8,0,0.49500084,161.3,-0.00133858267716536,73.1659999999999,71.582,NA,66.038,31.9,6.4,22.7
"BOOI4","2020-07-17 07:00",68.5039999999999,100,222372,0,1.5310026,162.5,-0.000236220472440945,72.7519999999999,71.5279999999999,NA,66.0019999999999,31.9,6.4,22.7
"BOOI4","2020-07-17 08:00",72.8419999999999,96.7,689760,0,2.2810037,164.4,0.00381889763779528,72.8779999999999,71.4919999999999,NA,66.0199999999999,31.9,6.4,22.7
"BOOI4","2020-07-17 09:00",77.5759999999999,89.4,1239120,0.010000001,4.652008,176,0.00893700787401575,73.7239999999999,71.456,NA,65.9839999999999,31.9,6.4,22.7
"BOOI4","2020-07-17 10:00",80.24,84.8,1817280,0,5.8620095,181.1,0.0147637795275591,75.2899999999999,71.3839999999999,NA,65.9839999999999,31.8,6.4,22.7
"BOOI4","2020-07-17 11:00",81.4999999999999,81.8,2196000,0,6.654011,179.1,0.0188582677165354,77.306,71.33,NA,66.0199999999999,31.8,6.4,22.7
"BOOI4","2020-07-17 12:00",83.4079999999999,77.68,2272320,0,6.3100104,159.5,0.0203937007874016,79.232,71.2939999999999,NA,65.9659999999999,31.7,6.4,22.7
"BOOI4","2020-07-17 13:00",85.3519999999999,76.68,2261880,0,7.137012,150.4,0.0214566929133858,81.032,71.2579999999999,NA,65.9659999999999,31.6,6.4,22.7
"BOOI4","2020-07-17 14:00",85.298,77.57,2322000,0,8.930015,140.4,0.0226377952755905,82.598,71.24,NA,65.9659999999999,31.6,6.4,22.7
"BOOI4","2020-07-17 15:00",86.9539999999999,74.24,2512800,0,10.6400175,141.8,0.0248031496062992,83.8579999999999,71.2579999999999,NA,65.9659999999999,31.5,6.4,22.7
"BOOI4","2020-07-17 16:00",87.5659999999999,74.48,1920960,0.010000001,11.670019,133.4,0.0207874015748032,84.4519999999999,71.3119999999999,NA,65.948,31.5,6.4,22.7
"BOOI4","2020-07-17 17:00",87.3679999999999,78.59,1930320.1,0,11.340019,145.5,0.0205905511811024,84.9739999999999,71.4019999999999,NA,65.93,31.4,6.4,22.7
"BOOI4","2020-07-17 18:00",88.1599999999999,75.31,1333080.1,0,9.580016,158,0.0154724409448819,84.9919999999999,71.4919999999999,NA,65.9659999999999,31.3,6.4,22.7
"BOOI4","2020-07-17 19:00",87.4579999999999,78.5,978120.06,0,9.810016,157.9,0.0126377952755906,84.8119999999999,71.5999999999999,NA,65.93,31.3,6.4,22.6
"BOOI4","2020-07-17 20:00",85.5499999999999,83.7,407880,0,7.943013,160.6,0.00622047244094488,84.0919999999999,71.7439999999999,NA,65.8939999999999,31.3,6.4,22.6
"BOOI4","2020-07-17 21:00",83.498,86.5,82332,0.010000001,7.742013,160.2,0.00216535433070866,83.048,71.8699999999999,NA,65.8939999999999,31.3,6.4,22.6
"BOOI4","2020-07-17 22:00",81.9499999999999,90,648,0,6.16101,163.4,0.000511811023622047,81.9679999999999,71.9779999999999,NA,65.93,31.4,6.4,22.6
"BOOI4","2020-07-17 23:00",80.114,94.2,0,0,4.847008,172.6,-3.93700787401575e-05,81.0679999999999,72.122,NA,65.8939999999999,31.4,6.4,22.6
"BOOI4","2020-07-18 00:00",79.988,92.1,0,0,6.1660104,178.5,0.00015748031496063,80.3119999999999,72.23,NA,65.8939999999999,31.4,6.4,22.6
"BOOI4","2020-07-18 01:00",78.1519999999999,95.6,0,0,5.8620095,188.1,-3.93700787401575e-05,79.6279999999999,72.356,NA,65.8579999999999,31.4,6.4,22.6
"BOOI4","2020-07-18 02:00",76.6579999999999,97.6,0,0,1.9710033,189.3,-0.000748031496062992,79.0159999999999,72.4279999999999,NA,65.8579999999999,31.4,6.5,22.6
"BOOI4","2020-07-18 03:00",75.9739999999999,97.3,0,0.010000001,1.6510028,183,-0.000826771653543307,78.422,72.482,NA,65.8579999999999,31.4,6.5,22.6
"BOOI4","2020-07-18 04:00",75.74,96,0,0,5.032008,178,-0.000393700787401575,77.8819999999999,72.572,NA,65.8939999999999,31.4,6.5,22.6
"BOOI4","2020-07-18 05:00",75.722,95.7,0,0,3.9410067,180.7,-0.00047244094488189,77.4499999999999,72.6079999999999,NA,65.8579999999999,31.4,6.4,22.6
"BOOI4","2020-07-18 06:00",76.0279999999999,94.9,1281.6,0,6.493011,178.8,-0.000196850393700787,77.1259999999999,72.6439999999999,NA,65.84,31.4,6.4,22.6
"BOOI4","2020-07-18 07:00",77.1079999999999,93.4,146663.99,0,7.1780114,192.1,0.000669291338582677,76.838,72.6619999999999,NA,65.8579999999999,31.4,6.4,22.6
"BOOI4","2020-07-18 08:00",78.6919999999999,89.4,442080,0,8.010013,206,0.00417322834645669,76.8199999999999,72.7159999999999,NA,65.84,31.4,6.4,22.6
"BOOI4","2020-07-18 09:00",79.7179999999999,88.1,869040.04,0,8.210013,203.1,0.00822834645669291,77.09,72.68,NA,65.84,31.4,6.4,22.6
"BOOI4","2020-07-18 10:00",83.1919999999999,80.1,1886039.9,0.010000001,8.130013,177.9,0.0166141732283465,78.098,72.68,NA,65.822,31.4,6.5,22.5
"BOOI4","2020-07-18 11:00",85.298,79.49,2376359.9,0,9.290016,190.6,0.0211023622047244,79.6999999999999,72.6619999999999,NA,65.8039999999999,31.2,6.4,22.5
"BOOI4","2020-07-18 12:00",86.8819999999999,76.38,2789280,0,9.550015,192.6,0.0258661417322835,81.6079999999999,72.6259999999999,NA,65.8579999999999,31.2,6.4,22.5
"BOOI4","2020-07-18 13:00",87.9259999999999,75.51,3031200,0,9.700016,198.6,0.0288188976377953,83.498,72.6259999999999,NA,65.822,31.1,6.4,22.5
"BOOI4","2020-07-18 14:00",88.7899999999999,72.96,3020400.1,0,10.760018,200.3,0.0296062992125984,85.1359999999999,72.6079999999999,NA,65.822,31,6.4,22.4
"BOOI4","2020-07-18 15:00",89.1859999999999,72.7,2934000,0.010000001,11.240019,196.7,0.0296850393700787,86.4679999999999,72.68,NA,65.822,30.9,6.3,22.4
"BOOI4","2020-07-18 16:00",89.4199999999999,72.31,2729880.1,0,10.4700165,201.4,0.0280314960629921,87.7279999999999,72.7159999999999,NA,65.7859999999999,30.9,6.3,22.4
"BOOI4","2020-07-18 17:00",89.8339999999999,72.65,2185920,0,10.060017,206.5,0.0232677165354331,88.4839999999999,72.788,NA,65.7679999999999,30.8,6.3,22.4
"BOOI4","2020-07-18 18:00",88.4659999999999,72.06,1244160,0,9.650017,220,0.0160236220472441,88.34,72.896,NA,65.7859999999999,30.8,6.3,22.4
"BOOI4","2020-07-18 19:00",88.772,76.36,666720,0,7.491012,223.8,0.0100787401574803,87.4939999999999,73.0039999999999,NA,65.8039999999999,30.8,6.3,22.4
"BOOI4","2020-07-18 20:00",85.874,81.7,412560,0.010000001,6.9710116,215,0.00661417322834646,86.6659999999999,73.13,NA,65.7859999999999,30.8,6.3,22.4
"BOOI4","2020-07-18 21:00",83.1919999999999,88.2,59940,0,4.1840067,208.4,0.00094488188976378,85.4779999999999,73.238,NA,65.7859999999999,30.8,6.3,22.4
"BOOI4","2020-07-18 22:00",82.3099999999999,90.5,450,0,2.7070043,196.3,7.8740157480315e-05,84.2899999999999,73.3279999999999,NA,65.7679999999999,30.8,6.3,22.4
"BOOI4","2020-07-18 23:00",81.122,92.8,0,0,2.320004,201.7,0,83.3179999999999,73.472,NA,65.7499999999999,30.8,6.3,22.4
"BOOI4","2020-07-19 00:00",81.14,93.2,0,0,2.6320043,219.9,-7.8740157480315e-05,82.5259999999999,73.5439999999999,NA,65.7679999999999,30.8,6.3,22.4
"BOOI4","2020-07-19 01:00",80.4019999999999,95.5,0,0,5.395009,233.3,0.00015748031496063,81.8599999999999,73.6339999999999,NA,65.7679999999999,30.8,6.4,22.4
"BOOI4","2020-07-19 02:00",80.456,94.8,0,0.010000001,7.5340123,261.1,0.000196850393700787,81.338,73.706,NA,65.7679999999999,30.8,6.4,22.4
"BOOI4","2020-07-19 03:00",77.6119999999999,88.5,0,0,8.140014,329.6,0.000669291338582677,80.8519999999999,73.7599999999999,NA,65.7679999999999,30.8,6.4,22.4
"BOOI4","2020-07-19 04:00",76.4239999999999,87.3,0,0,8.370014,338.6,0.000905511811023622,80.1859999999999,73.796,NA,65.7679999999999,30.8,6.4,22.4
"BOOI4","2020-07-19 05:00",75.5419999999999,82.2,0,0,9.940017,341.3,0.00137795275590551,79.4839999999999,73.796,NA,65.732,30.8,6.4,22.4
"BOOI4","2020-07-19 06:00",71.996,88.2,2829.5999,0,5.5500093,338.9,0.000748031496062992,78.6919999999999,73.832,NA,65.7679999999999,30.8,6.4,22.4
"BOOI4","2020-07-19 07:00",71.9779999999999,87.2,166428,0,6.1270103,306.8,0.000905511811023622,77.8819999999999,73.832,NA,65.7499999999999,30.8,6.4,22.4
"BOOI4","2020-07-19 08:00",73.4359999999999,80.9,756360,0,5.205009,323,0.00574803149606299,77.3599999999999,73.814,NA,65.7499999999999,30.8,6.4,22.3
"BOOI4","2020-07-19 09:00",74.7679999999999,72.11,1232280,0,8.140014,340.8,0.0120472440944882,77.414,73.796,NA,65.7679999999999,30.7,6.4,22.3
"BOOI4","2020-07-19 10:00",76.6579999999999,69.19,1564200.1,0,8.410014,341.6,0.0153149606299213,77.8279999999999,73.7239999999999,NA,65.7499999999999,30.6,6.4,22.3
"BOOI4","2020-07-19 11:00",78.548,60.44,2441160,0.010000001,10.100017,342.2,0.0238582677165354,78.89,73.6699999999999,NA,65.732,30.6,6.4,22.3
"BOOI4","2020-07-19 12:00",79.5739999999999,56.91,2973599.9,0,7.8110127,347.6,0.0281102362204724,80.7439999999999,73.598,NA,65.7499999999999,30.5,6.4,22.3
"BOOI4","2020-07-19 13:00",82.238,46.02,3366000,0,5.84301,348.8,0.0315354330708661,82.922,73.5619999999999,NA,65.732,30.4,6.3,22.2
"BOOI4","2020-07-19 14:00",81.5539999999999,47.01,3013200,0,4.194007,338.4,0.0287007874015748,85.4779999999999,73.4539999999999,NA,65.714,30.4,6.3,22.2
"BOOI4","2020-07-19 15:00",82.1119999999999,52.01,2377800,0,2.7690046,0.837,0.0228346456692913,86.522,73.4359999999999,NA,65.7679999999999,30.2,6.3,22.2
"BOOI4","2020-07-19 16:00",81.896,55.61,2493360,0,3.631006,285.5,0.0239370078740157,87.782,73.364,NA,65.732,30.2,6.3,22.2
"BOOI4","2020-07-19 17:00",83.372,54.73,2178000,0,7.5050125,251,0.0237795275590551,88.646,73.346,NA,65.732,30.1,6.3,22.2
"BOOI4","2020-07-19 18:00",84.164,56.24,1807919.9,0,5.2400084,241.5,0.0191732283464567,88.988,73.346,NA,65.732,30.1,6.3,22.2
"BOOI4","2020-07-19 19:00",83.624,50.38,1043280,0,6.8290114,283.1,0.0149212598425197,88.646,73.3819999999999,NA,65.714,30,6.3,22.2
"BOOI4","2020-07-19 20:00",81.59,59.04,549000,0,0.591001,329,0.00307086614173228,87.44,73.3999999999999,NA,65.732,30,6.3,22.2
"BOOI4","2020-07-19 21:00",72.8239999999999,80.9,77147.995,0,0.0070000114,270.5,-0.00177165354330709,85.8199999999999,73.4179999999999,NA,65.732,30,6.3,22.2
"BOOI4","2020-07-19 22:00",71.1499999999999,83.8,363.60002,0,0,0,-0.00161417322834646,84.146,73.4539999999999,NA,65.732,30.1,6.3,22.2
"BOOI4","2020-07-19 23:00",72.5359999999999,74.49,0,0,0,0,-0.00173228346456693,82.7599999999999,73.472,NA,65.714,30.1,6.3,22.2
"BOOI4","2020-07-20 00:00",68.972,85.3,0,0,0.042000066,277,-0.00169291338582677,81.5179999999999,73.472,NA,65.7679999999999,30.1,6.3,22.2
"BOOI4","2020-07-20 01:00",68.3599999999999,88.9,0,0,0,0,-0.0015748031496063,80.438,73.472,NA,65.7679999999999,30,6.3,22.2
"BOOI4","2020-07-20 02:00",68.846,87,0,0,0,0,-0.0015748031496063,79.538,73.4359999999999,NA,65.7499999999999,30,6.3,22.2
"BOOI4","2020-07-20 03:00",69.98,80.7,0,0,0,0,-0.00169291338582677,78.8539999999999,73.3819999999999,NA,65.7499999999999,30,6.3,22.1
"BOOI4","2020-07-20 04:00",67.874,91.2,0,0,0,0,-0.00161417322834646,78.1339999999999,73.3279999999999,NA,65.7499999999999,30,6.3,22.2
"BOOI4","2020-07-20 05:00",67.6579999999999,91.3,0,0,0,0,-0.00153543307086614,77.4859999999999,73.2919999999999,NA,65.7499999999999,30,6.3,22.2
"BOOI4","2020-07-20 06:00",69.0439999999999,86.5,3895.2,0,0.009000015,44.8,-0.0015748031496063,76.946,73.2199999999999,NA,65.7499999999999,30,6.3,22.2
"BOOI4","2020-07-20 07:00",68.8099999999999,87.4,124704,0,0.020000033,327.3,-0.000590551181102362,76.514,73.13,NA,65.7499999999999,30,6.3,22.2
"BOOI4","2020-07-20 08:00",69.764,81.7,183420,0,0.15400025,12.67,0.0015748031496063,76.28,73.0039999999999,NA,65.7859999999999,30,6.3,22.2
"BOOI4","2020-07-20 09:00",69.1519999999999,88.4,158832,0,0.00600001,36,0.00133858267716536,76.1359999999999,72.9499999999999,NA,65.7499999999999,30,6.3,22.1
"BOOI4","2020-07-20 10:00",71.0779999999999,86.6,422280,0,0,0,0.00354330708661417,76.0999999999999,72.8599999999999,NA,65.7679999999999,29.9,6.3,22.1
"BOOI4","2020-07-20 11:00",71.7439999999999,88.1,451440,0,0,0,0.00381889763779528,76.4239999999999,72.7519999999999,NA,65.7679999999999,29.9,6.3,22.1
"BOOI4","2020-07-20 12:00",71.4919999999999,90.8,501840,0.010000001,0.37700063,271.4,0.00433070866141732,76.5499999999999,72.6619999999999,NA,65.7499999999999,29.9,6.4,22.1
"BOOI4","2020-07-20 13:00",72.7159999999999,85.9,854640,0,0.21100034,300.6,0.00724409448818898,76.8019999999999,72.572,NA,65.7679999999999,29.8,6.3,22.1
"BOOI4","2020-07-20 14:00",76.0999999999999,81.7,1783440,0.010000001,0.43800074,67.14,0.0145275590551181,77.5939999999999,72.482,NA,65.8039999999999,29.9,6.3,22.1
"BOOI4","2020-07-20 15:00",77.846,75.57,3070800,0,0.53500086,110.8,0.0250787401574803,79.9699999999999,72.3919999999999,NA,65.7679999999999,29.8,6.3,22.1
"BOOI4","2020-07-20 16:00",79.196,70.72,2814480,0,2.922005,129.7,0.0235826771653543,82.9579999999999,72.356,NA,65.7859999999999,29.7,6.3,22.1
"BOOI4","2020-07-20 17:00",79.7899999999999,68.31,2403000,0,4.4900074,141.5,0.0209448818897638,84.74,72.2839999999999,NA,65.822,29.7,6.3,22.1
"BOOI4","2020-07-20 18:00",78.0439999999999,71.54,1695960.1,0,6.3360105,128,0.0162204724409449,85.9099999999999,72.248,NA,65.7679999999999,29.6,6.3,22
"BOOI4","2020-07-20 19:00",78.4759999999999,68.11,1030679.9,0,5.98901,134.7,0.0109842519685039,85.73,72.2659999999999,NA,65.7859999999999,29.6,6.3,22
"BOOI4","2020-07-20 20:00",75.9739999999999,75.62,542880,0,6.05701,129.8,0.00633858267716536,84.722,72.2839999999999,NA,65.7859999999999,29.6,6.3,22
"BOOI4","2020-07-20 21:00",72.248,83.7,72576.004,0,2.6040044,130.6,-0.000196850393700787,83.1919999999999,72.3199999999999,NA,65.8039999999999,29.6,6.3,22
"BOOI4","2020-07-20 22:00",70.772,85,298.8,0,0.1880003,124.3,-0.00145669291338583,81.572,72.338,NA,65.7859999999999,29.5,6.3,22
"BOOI4","2020-07-20 23:00",69.638,88.5,0,0,0.2930005,129.7,-0.00141732283464567,80.222,72.338,NA,65.8039999999999,29.6,6.3,22
"BOOI4","2020-07-21 00:00",68.306,93.6,0,0,1.0070016,124.5,-0.00106299212598425,79.0519999999999,72.3919999999999,NA,65.7859999999999,29.6,6.3,22
"BOOI4","2020-07-21 01:00",67.082,96.1,0,0,0.18300031,105.8,-0.00145669291338583,78.0619999999999,72.3919999999999,NA,65.8039999999999,29.6,6.3,22
"BOOI4","2020-07-21 02:00",67.5859999999999,91.2,0,0,0,0,-0.00153543307086614,77.3599999999999,72.374,NA,65.8039999999999,29.6,6.3,22
"BOOI4","2020-07-21 03:00",65.732,95.7,0,0,1.203002,120.3,-0.00106299212598425,76.622,72.356,NA,65.84,29.6,6.3,22
"BOOI4","2020-07-21 04:00",64.2739999999999,97.6,0,0,0.75100124,131.7,-0.00125984251968504,75.938,72.2839999999999,NA,65.84,29.6,6.3,22
"BOOI4","2020-07-21 05:00",64.2019999999999,98.8,0,0,0,0,-0.00153543307086614,75.3619999999999,72.2659999999999,NA,65.822,29.6,6.3,22
"BOOI4","2020-07-21 06:00",64.7239999999999,99,3405.6,0,0.0040000067,142.7,-0.00149606299212598,74.9119999999999,72.1939999999999,NA,65.8039999999999,29.6,6.3,22
"BOOI4","2020-07-21 07:00",66.4519999999999,99,60048,0,0.09700016,127.2,7.8740157480315e-05,74.5519999999999,72.0859999999999,NA,65.822,29.6,6.3,22
"BOOI4","2020-07-21 08:00",67.19,99,198791.99,0,0.5390009,124.4,0.00153543307086614,74.48,72.032,NA,65.822,29.5,6.3,22
"BOOI4","2020-07-21 09:00",70.3759999999999,95.4,660960,0,0,0,0.00480314960629921,74.6599999999999,71.9419999999999,NA,65.822,29.5,6.3,22
"BOOI4","2020-07-21 10:00",71.33,94.7,792000,0,3.2060053,177.2,0.00606299212598425,75.3619999999999,71.906,NA,65.7859999999999,29.5,6.3,22
"BOOI4","2020-07-21 11:00",73.1839999999999,90.7,985319.95,0,3.4250057,186.8,0.00795275590551181,76.0099999999999,71.798,NA,65.7859999999999,29.4,6.3,21.9
"BOOI4","2020-07-21 12:00",74.1919999999999,87.8,1332360,0,3.4720056,191.4,0.0109842519685039,76.982,71.7079999999999,NA,65.7859999999999,29.5,6.3,21.9
"BOOI4","2020-07-21 13:00",76.064,87.1,1770480,0,4.870008,210.1,0.0144881889763779,78.0619999999999,71.6539999999999,NA,65.7679999999999,29.4,6.4,21.9
"BOOI4","2020-07-21 14:00",78.2779999999999,81,2200680,0,5.3170085,208.4,0.0182283464566929,79.772,71.582,NA,65.8039999999999,29.3,6.4,21.9
"BOOI4","2020-07-21 15:00",78.6199999999999,76.99,2984400.1,0,6.1410103,216.1,0.0248031496062992,81.9679999999999,71.5279999999999,NA,65.7859999999999,29.3,6.3,21.9
"BOOI4","2020-07-21 16:00",80.78,70.88,2568240,0,5.337009,218,0.0224803149606299,84.1999999999999,71.5099999999999,NA,65.7859999999999,29.2,6.3,21.8
"BOOI4","2020-07-21 17:00",80.1859999999999,73.1,1921679.9,0,4.8330083,214.7,0.0177952755905512,85.6939999999999,71.4919999999999,NA,65.8039999999999,29.2,6.2,21.8
"BOOI4","2020-07-21 18:00",80.6179999999999,74.37,597960,0,1.2740021,226.3,0.00594488188976378,85.4419999999999,71.4919999999999,NA,65.822,29.1,6.2,21.8
"BOOI4","2020-07-21 19:00",81.6259999999999,70.96,1128600,0,5.85501,246.7,0.0111023622047244,85.082,71.5279999999999,NA,65.822,29.1,6.2,21.8
"BOOI4","2020-07-21 20:00",74.1199999999999,82.5,329039.98,0,2.5890043,250.2,0.00338582677165354,84.398,71.564,NA,65.822,29.1,6.2,21.8
"BOOI4","2020-07-21 21:00",71.546,95.6,73656,0.13,3.027005,303,-0.00094488188976378,82.7239999999999,71.6179999999999,NA,65.8039999999999,29.2,6.3,21.8
"BOOI4","2020-07-21 22:00",71.1679999999999,98.2,406.8,0,0.0020000034,314,-0.00165354330708661,81.1939999999999,71.672,NA,65.7859999999999,29.2,6.3,21.8
"BOOI4","2020-07-21 23:00",70.1419999999999,97.8,0,0,0.629001,342.7,-0.00145669291338583,79.898,71.7079999999999,NA,65.8039999999999,29.2,6.3,21.8
"BOOI4","2020-07-22 00:00",69.0259999999999,97.1,0,0,2.0710034,350.2,-0.00106299212598425,78.6199999999999,71.7439999999999,NA,65.8039999999999,29.2,6.3,21.8
"BOOI4","2020-07-22 01:00",67.946,96.2,0,0,0.010000017,357.2,-0.00173228346456693,77.5399999999999,71.7619999999999,NA,65.8039999999999,29.2,6.3,21.8
"BOOI4","2020-07-22 02:00",66.956,91.7,0,0,0.19600032,6.928,-0.00169291338582677,76.532,71.7619999999999,NA,65.8039999999999,29.1,6.3,21.8
"BOOI4","2020-07-22 03:00",64.3279999999999,94.7,0,0,0.04300007,21.64,-0.00181102362204724,75.5599999999999,71.78,NA,65.7859999999999,29.1,6.3,21.8
"BOOI4","2020-07-22 04:00",63.446,94,0,0,0.2390004,340.6,-0.00169291338582677,74.5699999999999,71.7619999999999,NA,65.7679999999999,29.2,6.3,21.8
"BOOI4","2020-07-22 05:00",62.4019999999999,95.8,0,0,0.032000054,295.1,-0.00181102362204724,73.6339999999999,71.7079999999999,NA,65.8039999999999,29.1,6.3,21.8
"BOOI4","2020-07-22 06:00",61.556,97.1,4233.6,0,0.017000029,289.2,-0.00177165354330709,72.806,71.6539999999999,NA,65.8039999999999,29.2,6.3,21.8
"BOOI4","2020-07-22 07:00",64.6519999999999,94.2,281664,0,0.594001,306.3,7.8740157480315e-05,72.122,71.6179999999999,NA,65.7679999999999,29.2,6.3,21.8
"BOOI4","2020-07-22 08:00",65.6779999999999,93.7,626040,0,2.1420035,333.6,0.00326771653543307,71.9419999999999,71.5279999999999,NA,65.8039999999999,29.1,6.3,21.8
"BOOI4","2020-07-22 09:00",68.8819999999999,87.3,1343160,0,4.280007,345.8,0.00862204724409449,72.23,71.4739999999999,NA,65.7859999999999,29.1,6.3,21.8
"BOOI4","2020-07-22 10:00",73.0039999999999,79.08,2000520,0,2.4380043,344.4,0.0146062992125984,73.5079999999999,71.348,NA,65.7859999999999,29,6.3,21.8
"BOOI4","2020-07-22 11:00",74.0119999999999,75.3,2554560,0,4.646008,357.9,0.0200393700787402,75.4159999999999,71.2759999999999,NA,65.7499999999999,29,6.3,21.8
"BOOI4","2020-07-22 12:00",75.164,72.71,2696039.8,0,4.293007,350.1,0.0218897637795276,77.4319999999999,71.1679999999999,NA,65.7679999999999,28.9,6.3,21.7
"BOOI4","2020-07-22 13:00",77.2699999999999,64.14,3189600,0,4.857008,2.304,0.0266141732283465,79.538,71.0599999999999,NA,65.7679999999999,28.9,6.2,21.7
"BOOI4","2020-07-22 14:00",79.34,65.02,3006000,0,3.3820057,351.1,0.0255905511811024,81.698,71.0419999999999,NA,65.7679999999999,28.8,6.2,21.7
"BOOI4","2020-07-22 15:00",79.556,64.51,2752559.8,0,3.2250054,349.7,0.0240944881889764,83.498,70.988,NA,65.7679999999999,28.7,6.2,21.6
"BOOI4","2020-07-22 16:00",81.464,64.22,2619000,0,2.437004,332.6,0.0228346456692913,84.9019999999999,70.9339999999999,NA,65.7499999999999,28.7,6.2,21.6
"BOOI4","2020-07-22 17:00",80.222,58.17,2179800,0,3.2920055,319.7,0.0199606299212599,86.1619999999999,70.9699999999999,NA,65.7679999999999,28.7,6.2,21.6
"BOOI4","2020-07-22 18:00",80.9779999999999,56.51,1638360,0,3.4380057,339.8,0.0156299212598425,86.288,70.988,NA,65.7499999999999,28.6,6.2,21.5
"BOOI4","2020-07-22 19:00",80.9419999999999,58.35,1039320,0,2.8650048,342.7,0.0101574803149606,85.9099999999999,71.0239999999999,NA,65.7499999999999,28.6,6.2,21.5
"BOOI4","2020-07-22 20:00",75.6319999999999,79.21,461880,0,1.2570021,347.6,0.00307086614173228,84.7039999999999,71.0779999999999,NA,65.7499999999999,28.6,6.2,21.5
"BOOI4","2020-07-22 21:00",72.5359999999999,81.8,111852,0,0.12400021,51.66,-0.00122047244094488,83.1019999999999,71.1499999999999,NA,65.732,28.6,6.2,21.5
"BOOI4","2020-07-22 22:00",70.232,85.1,500.4,0,0.052000087,32.16,-0.00161417322834646,81.482,71.2039999999999,NA,65.7499999999999,28.6,6.2,21.5
"BOOI4","2020-07-22 23:00",68.4319999999999,89.8,0,0,0,0,-0.00161417322834646,80.006,71.2579999999999,NA,65.7499999999999,28.6,6.2,21.5
"BOOI4","2020-07-23 00:00",67.9279999999999,88.1,0,0,0,0,-0.00161417322834646,78.7099999999999,71.2579999999999,NA,65.7499999999999,28.6,6.2,21.5
"BOOI4","2020-07-23 01:00",66.5779999999999,90.8,0,0,0.029000048,114.6,-0.00161417322834646,77.648,71.2939999999999,NA,65.732,28.6,6.2,21.5
"BOOI4","2020-07-23 02:00",65.0839999999999,94.1,0,0,0,0,-0.0015748031496063,76.6759999999999,71.2579999999999,69.3859999999999,65.714,28.6,6.2,21.5
"BOOI4","2020-07-23 03:00",63.7339999999999,96.7,0,0,0,0,-0.0015748031496063,75.7939999999999,71.2939999999999,69.3859999999999,65.7499999999999,28.6,6.2,21.5
"BOOI4","2020-07-23 04:00",61.88,98.1,0,0,0.00600001,33.78,-0.0015748031496063,74.9839999999999,71.2039999999999,69.3679999999999,65.714,28.6,6.2,21.5
"BOOI4","2020-07-23 05:00",61.0699999999999,99.3,0,0,0.068000115,55.54,-0.00153543307086614,74.1919999999999,71.1859999999999,69.3679999999999,65.696,28.6,6.2,21.5
"BOOI4","2020-07-23 06:00",60.0439999999999,99.8,3105.899,0,0,0,-0.00153543307086614,73.49,71.1499999999999,69.3499999999999,65.732,28.6,6.2,21.6
"BOOI4","2020-07-23 07:00",62.78,95.7,169128.34,0,1.6050026,90,-0.000748031496062992,72.8599999999999,71.0419999999999,69.3679999999999,65.732,28.6,6.2,21.5
"BOOI4","2020-07-23 08:00",65.9659999999999,90.6,668465.94,0,5.2780085,94.1,0.00346456692913386,72.59,70.988,69.332,65.714,28.5,6.2,21.5
"BOOI4","2020-07-23 09:00",69.314,87.5,1252559.8,0,4.962008,109.9,0.00838582677165354,73.0039999999999,70.898,69.332,65.696,28.6,6.2,21.5
"BOOI4","2020-07-23 10:00",72.8599999999999,79.84,1834674,0,7.2300124,122.2,0.0137007874015748,74.2999999999999,70.8079999999999,69.314,65.696,28.5,6.2,21.5
"BOOI4","2020-07-23 11:00",76.4239999999999,76.12,2349636.2,0,6.9740114,130.1,0.0188188976377953,76.388,70.7359999999999,69.314,65.696,28.4,6.2,21.5
"BOOI4","2020-07-23 12:00",78.2239999999999,76.45,2376204,0,6.02501,149.2,0.0201574803149606,78.89,70.5919999999999,69.2779999999999,65.6779999999999,28.4,6.2,21.5
"BOOI4","2020-07-23 13:00",77.7019999999999,76.59,1571052,0,6.3180103,149.7,0.0151968503937008,80.69,70.556,69.2599999999999,65.6779999999999,28.3,6.2,21.5
"BOOI4","2020-07-23 14:00",76.748,82.3,417785.34,0,3.0930052,137.6,0.00515748031496063,80.69,70.5019999999999,69.2419999999999,65.6599999999999,28.3,6.2,21.5
"BOOI4","2020-07-23 15:00",80.69,75.71,1737571,0,5.6270094,105.2,0.0158661417322835,80.5099999999999,70.4659999999999,69.2239999999999,65.6779999999999,28.3,6.2,21.4
"BOOI4","2020-07-23 16:00",81.572,73.47,2653338,0,8.540014,114,0.0240157480314961,82.7599999999999,70.448,69.206,65.6779999999999,28.2,6.1,21.4
"BOOI4","2020-07-23 17:00",82.3819999999999,72,1817256.2,0,7.4940124,124,0.017992125984252,84.596,70.4659999999999,69.1699999999999,65.6419999999999,28.2,6.1,21.4
"BOOI4","2020-07-23 18:00",83.048,71.2,1627080,0,8.110014,131,0.0170472440944882,85.4419999999999,70.4839999999999,69.1519999999999,65.6599999999999,28.2,6.1,21.3
"BOOI4","2020-07-23 19:00",82.0759999999999,75.73,919438.8,0,8.100013,127.3,0.0112992125984252,85.5499999999999,70.4839999999999,69.1339999999999,65.6599999999999,28.2,6.1,21.3
"BOOI4","2020-07-23 20:00",79.34,81,467908.72,0,6.8820114,120.7,0.00574803149606299,84.74,70.556,69.098,65.6599999999999,28.2,6.1,21.3
"BOOI4","2020-07-23 21:00",75.9739999999999,87.4,58840.14,0,5.7890096,119.4,0.000866141732283465,83.4079999999999,70.5919999999999,69.08,65.6419999999999,28.2,6.1,21.3
"BOOI4","2020-07-23 22:00",73.8859999999999,92.1,253.44002,0,4.830008,118.8,3.93700787401575e-05,82.022,70.6819999999999,69.098,65.6419999999999,28.2,6.1,21.3
"BOOI4","2020-07-23 23:00",73.2739999999999,92,0,0,5.8590097,124.9,-3.93700787401575e-05,80.78,70.7359999999999,69.0619999999999,65.6599999999999,28.2,6.1,21.3
"BOOI4","2020-07-24 00:00",72.23,93.3,0,0,6.3080106,134.2,3.93700787401575e-05,79.772,70.8079999999999,69.0439999999999,65.624,28.2,6.1,21.3
"BOOI4","2020-07-24 01:00",71.096,95.9,0,0,4.302007,146.5,-0.000354330708661417,78.872,70.8079999999999,69.0439999999999,65.624,28.2,6.1,21.3
"BOOI4","2020-07-24 02:00",70.4119999999999,96.9,0,0,6.0190096,137.1,-0.00031496062992126,78.098,70.88,69.0259999999999,65.624,28.2,6.1,21.3
"BOOI4","2020-07-24 03:00",69.53,97.5,0,0,4.980008,140,-0.00047244094488189,77.396,70.9159999999999,69.0259999999999,65.606,28.2,6.1,21.3
"BOOI4","2020-07-24 04:00",68.756,97.9,0,0,5.1290083,143.6,-0.00047244094488189,76.748,70.898,69.0079999999999,65.6599999999999,28.2,6.1,21.3
"BOOI4","2020-07-24 05:00",67.946,98.6,0,0,3.1600053,140.4,-0.000708661417322835,76.1539999999999,70.9159999999999,69.0079999999999,65.624,28.2,6.1,21.3
"BOOI4","2020-07-24 06:00",67.388,98.7,2373.6582,0,5.545009,132.7,-0.00047244094488189,75.614,70.88,69.0079999999999,65.606,28.2,6.2,21.3
"BOOI4","2020-07-24 07:00",68.8279999999999,96.9,164370.85,0,4.8610077,136.1,-0.000433070866141732,75.164,70.88,69.0259999999999,65.606,28.2,6.2,21.3
"BOOI4","2020-07-24 08:00",71.2039999999999,92.9,663204.04,0,5.9650097,151.2,0.0037007874015748,75.0019999999999,70.8619999999999,69.0079999999999,65.624,28.2,6.2,21.3
"BOOI4","2020-07-24 09:00",75.7579999999999,87.7,1271544.4,0,7.5770125,156.6,0.00905511811023622,75.38,70.8259999999999,69.0079999999999,65.5699999999999,28.1,6.2,21.3
"BOOI4","2020-07-24 10:00",79.556,81.1,1871315.9,0,7.9250135,154.4,0.0152755905511811,76.6759999999999,70.7539999999999,68.99,65.606,28.1,6.2,21.3
"BOOI4","2020-07-24 11:00",82.6159999999999,77.06,2407128.2,0,7.952013,157.9,0.0209448818897638,78.782,70.7179999999999,69.0079999999999,65.606,28.1,6.1,21.3
"BOOI4","2020-07-24 12:00",84.7759999999999,74.52,2820473.9,0,7.6160126,162.1,0.0253149606299213,81.4279999999999,70.6999999999999,68.99,65.606,28,6.2,21.2
"BOOI4","2020-07-24 13:00",86.9359999999999,73.4,3055842.3,0,7.7590127,154.5,0.0281496062992126,84.3079999999999,70.664,68.972,65.606,27.9,6.1,21.2
"BOOI4","2020-07-24 14:00",87.9259999999999,72.7,3110363.8,0,8.690014,147.3,0.0293700787401575,87.0079999999999,70.664,68.972,65.588,27.9,6.1,21.2
"BOOI4","2020-07-24 15:00",89.2759999999999,71.96,2520108.2,0,9.060015,147,0.0253543307086614,88.988,70.6819999999999,68.972,65.5699999999999,27.8,6,21.1
"BOOI4","2020-07-24 16:00",89.8879999999999,66.42,2320098.1,0,9.850017,161.2,0.0257874015748032,90.1939999999999,70.6819999999999,68.9539999999999,65.5699999999999,27.8,6,21.1
"BOOI4","2020-07-24 17:00",89.906,69.46,1917642,0,9.410016,147.5,0.0216141732283465,90.68,70.772,68.9359999999999,65.5699999999999,27.8,6,21.1
"BOOI4","2020-07-24 18:00",89.24,67.06,1584168.3,0,9.110016,160,0.0191732283464567,91.022,70.88,68.8999999999999,65.5519999999999,27.8,6,21.1
"BOOI4","2020-07-24 19:00",87.098,72.04,904974,0,6.780011,163.3,0.0121259842519685,90.662,70.9699999999999,68.8999999999999,65.5519999999999,27.8,6,21.1
"BOOI4","2020-07-24 20:00",84.2899999999999,79.04,467799.6,0,5.2860084,156.2,0.00598425196850394,89.546,71.114,68.8999999999999,65.5699999999999,27.7,6,21.1
"BOOI4","2020-07-24 21:00",79.7539999999999,89.5,71203.51,0,3.3730056,151.9,0.000393700787401575,87.9259999999999,71.222,68.8999999999999,65.5519999999999,27.7,6,21
"BOOI4","2020-07-24 22:00",78.9259999999999,94.1,202.68002,0,3.8170063,148.7,-0.00015748031496063,86.396,71.348,68.8999999999999,65.5339999999999,27.8,6,21
"BOOI4","2020-07-24 23:00",77.8819999999999,96.5,0,0,2.449004,148.9,-0.000551181102362205,85.064,71.4739999999999,68.9359999999999,65.5339999999999,27.8,6,21.1
"BOOI4","2020-07-25 00:00",77.0359999999999,98,0,0,4.908008,153.2,-0.000393700787401575,84.0019999999999,71.582,68.9179999999999,65.5159999999999,27.8,6,21.1
"BOOI4","2020-07-25 01:00",75.2539999999999,98.8,0,0,1.4490025,163,-0.000826771653543307,83.048,71.672,68.9539999999999,65.5159999999999,27.9,6,21.1
"BOOI4","2020-07-25 02:00",74.264,98.3,0,0,2.0630035,159,-0.00078740157480315,82.148,71.7259999999999,68.972,65.5159999999999,27.9,6,21.1
"BOOI4","2020-07-25 03:00",73.3819999999999,97.4,0,0,2.351004,155.3,-0.000708661417322835,81.356,71.798,68.99,65.498,27.9,6,21.1
"BOOI4","2020-07-25 04:00",72.8599999999999,97.9,0,0,1.4260024,155.2,-0.000866141732283465,80.5999999999999,71.8519999999999,68.972,65.48,27.9,6,21.1
"BOOI4","2020-07-25 05:00",72.6619999999999,98.7,0,0,1.4200023,150.6,-0.000905511811023622,79.9339999999999,71.8699999999999,69.0079999999999,65.498,27.9,6.1,21.1
"BOOI4","2020-07-25 06:00",72.788,98.6,3986.0382,0,4.5200076,156.1,-0.000551181102362205,79.34,71.888,69.0439999999999,65.48,27.9,6.1,21.1
"BOOI4","2020-07-25 07:00",73.1839999999999,99.2,84596.115,0,0.60500103,165.3,-0.000275590551181102,78.9079999999999,71.9239999999999,69.0619999999999,65.5159999999999,27.9,6.1,21.1
"BOOI4","2020-07-25 08:00",75.6319999999999,96.3,398167.82,0,2.4360042,170.3,0.00255905511811024,78.764,71.906,69.0619999999999,65.498,27.9,6.1,21.1
"BOOI4","2020-07-25 09:00",78.782,90.7,856476,0,4.545007,183.4,0.00661417322834646,79.088,71.888,69.08,65.498,27.9,6.1,21.1
"BOOI4","2020-07-25 10:00",81.464,85,1404630,0,6.4590106,183.9,0.0120472440944882,79.9339999999999,71.8699999999999,69.08,65.48,27.8,6.1,21
"BOOI4","2020-07-25 11:00",84.7039999999999,78.41,1980575.6,0,5.198009,195.5,0.0175196850393701,81.374,71.8699999999999,69.1159999999999,65.48,27.7,6.1,21
"BOOI4","2020-07-25 12:00",86.5039999999999,76.16,2500452.1,0,6.3850102,182.8,0.0228740157480315,83.606,71.8339999999999,69.1519999999999,65.4619999999999,27.7,6.1,21
"BOOI4","2020-07-25 13:00",88.9699999999999,72.89,2505780.3,0,7.0390115,188,0.0245275590551181,85.6759999999999,71.8159999999999,69.1519999999999,65.48,27.7,6,20.9
"BOOI4","2020-07-25 14:00",90.7519999999999,64.94,3066186,0,8.0900135,197.9,0.0307086614173228,87.9619999999999,71.8339999999999,69.1339999999999,65.4619999999999,27.6,6,20.9
"BOOI4","2020-07-25 15:00",91.2019999999999,61.03,2981442,0,8.240013,202.3,0.0312992125984252,90.212,71.8159999999999,69.1699999999999,65.498,27.6,6,20.8
"BOOI4","2020-07-25 16:00",90.8779999999999,63.27,2487521.7,0,8.580014,198.5,0.0279527559055118,91.796,71.8519999999999,69.1519999999999,65.4619999999999,27.5,5.9,20.8
"BOOI4","2020-07-25 17:00",90.7879999999999,63.11,2180382,0,7.7080126,201,0.0247637795275591,92.7679999999999,71.9239999999999,69.188,65.4439999999999,27.4,5.9,20.8
"BOOI4","2020-07-25 18:00",89.762,63.93,1638504.3,0,8.260014,192.4,0.0202755905511811,93.0199999999999,71.9599999999999,69.188,65.48,27.4,5.9,20.7
"BOOI4","2020-07-25 19:00",88.448,65.1,941898.8,0,7.718013,200.7,0.0140157480314961,92.462,72.0679999999999,69.206,65.48,27.4,5.9,20.7
"BOOI4","2020-07-25 20:00",85.622,75.05,411864.04,0,5.8230095,197.9,0.0068503937007874,91.2379999999999,72.1579999999999,69.206,65.4619999999999,27.4,5.9,20.7
"BOOI4","2020-07-25 21:00",81.8239999999999,84.8,75754.196,0,4.926008,186.5,0.00165354330708661,89.6359999999999,72.2659999999999,69.2239999999999,65.4619999999999,27.4,5.9,20.7
"BOOI4","2020-07-25 22:00",80.114,87,212.88003,0,2.8190045,185.6,-0.000118110236220472,88.1419999999999,72.374,69.2419999999999,65.4439999999999,27.5,5.9,20.7
"BOOI4","2020-07-25 23:00",78.2599999999999,90.6,0,0,1.2880021,188.5,-0.000669291338582677,86.7919999999999,72.464,69.2599999999999,65.4439999999999,27.5,6,20.7
"BOOI4","2020-07-26 00:00",78.7999999999999,90.7,0,0,1.6550027,187.8,-0.00062992125984252,85.73,72.5539999999999,69.2599999999999,65.4439999999999,27.5,6,20.7
"BOOI4","2020-07-26 01:00",78.98,90.5,0,0,3.5150058,193.6,-0.000196850393700787,84.938,72.59,69.296,65.4439999999999,27.5,6,20.7
"BOOI4","2020-07-26 02:00",78.0619999999999,91.2,0,0,3.9700067,201.2,-7.8740157480315e-05,84.1999999999999,72.68,69.296,65.4439999999999,27.5,6,20.7
"BOOI4","2020-07-26 03:00",77.1439999999999,93.6,0,0,4.610008,216.4,-0.000118110236220472,83.4619999999999,72.68,69.332,65.4439999999999,27.5,6,20.7
"BOOI4","2020-07-26 04:00",75.848,97.1,0,0,3.2390053,191.8,-0.000551181102362205,82.7779999999999,72.698,69.3679999999999,65.4259999999999,27.5,6,20.7
"BOOI4","2020-07-26 05:00",75.7759999999999,96.8,0,0,4.939008,196.6,-0.000433070866141732,82.148,72.7339999999999,69.3859999999999,65.4619999999999,27.5,6,20.7
"BOOI4","2020-07-26 06:00",75.2899999999999,96.7,1394.46,0,4.5240073,206,-0.000433070866141732,81.59,72.7699999999999,69.4039999999999,65.4439999999999,27.5,5.9,20.7
"BOOI4","2020-07-26 07:00",77.09,93.2,186223.04,0,4.297007,206.5,0.000275590551181102,81.14,72.7159999999999,69.4579999999999,65.4439999999999,27.5,5.9,20.7
"BOOI4","2020-07-26 08:00",79.646,86.3,707352.05,0,6.620011,213.3,0.00570866141732283,81.0679999999999,72.7519999999999,69.4579999999999,65.4439999999999,27.5,6,20.7
"BOOI4","2020-07-26 09:00",79.538,87.8,378646.24,0,6.3700104,234.8,0.00492125984251969,81.1939999999999,72.7339999999999,69.4939999999999,65.4439999999999,27.5,5.9,20.6
"BOOI4","2020-07-26 10:00",77.6659999999999,94.7,415086.55,0,7.9880133,272.5,0.00468503937007874,81.1759999999999,72.7159999999999,69.5119999999999,65.4439999999999,27.5,6,20.6
"BOOI4","2020-07-26 11:00",74.696,99.8,241924.21,0.25,8.820015,255,0.00232283464566929,80.9239999999999,72.698,69.53,65.4439999999999,27.4,6,20.6
"BOOI4","2020-07-26 12:00",74.4079999999999,100,125493.614,0.060000002,4.0520067,210.1,0.000984251968503937,80.1499999999999,72.698,69.548,65.4439999999999,27.4,6,20.6
"BOOI4","2020-07-26 13:00",77.2159999999999,93.4,965592.04,0,4.2940073,175.6,0.00775590551181103,80.1499999999999,72.6619999999999,69.5659999999999,65.4259999999999,27.4,6,20.6
"BOOI4","2020-07-26 14:00",76.9999999999999,93.7,875238.04,0,3.114005,211,0.00775590551181103,80.906,72.6619999999999,69.5659999999999,65.4619999999999,27.4,6,20.6
"BOOI4","2020-07-26 15:00",75.9739999999999,95,341957.43,0,4.3780074,211.3,0.00330708661417323,80.798,72.6619999999999,69.5839999999999,65.4439999999999,27.5,6,20.6
"BOOI4","2020-07-26 16:00",76.982,93.6,779124.1,0,6.3360105,226,0.00677165354330709,80.6359999999999,72.6619999999999,69.6199999999999,65.4439999999999,27.5,6,20.6
"BOOI4","2020-07-26 17:00",76.8919999999999,93.9,866261.96,0,7.8820133,260.4,0.00728346456692913,80.8159999999999,72.6439999999999,69.6019999999999,65.4259999999999,27.5,6,20.6
"BOOI4","2020-07-26 18:00",77.1439999999999,94.3,627126,0,8.220014,262.1,0.00539370078740158,80.7079999999999,72.6439999999999,69.6199999999999,65.4439999999999,27.6,6,20.6
"BOOI4","2020-07-26 19:00",77.7919999999999,92.9,647148,0,9.120015,262.5,0.00547244094488189,80.6539999999999,72.6259999999999,69.638,65.4259999999999,27.6,6,20.6
"BOOI4","2020-07-26 20:00",76.8919999999999,93.7,201656.42,0,7.6810126,275.2,0.00248031496062992,80.2759999999999,72.6439999999999,69.638,65.4619999999999,27.6,6,20.6
"BOOI4","2020-07-26 21:00",75.8119999999999,97.2,31624.134,0,0.65300107,293.7,-0.000669291338582677,79.7179999999999,72.6259999999999,69.656,65.4619999999999,27.6,6,20.6
"BOOI4","2020-07-26 22:00",75.0199999999999,98.7,212.94002,0,0,0,-0.000708661417322835,79.1419999999999,72.6619999999999,69.6739999999999,65.4619999999999,27.6,6,20.6
"BOOI4","2020-07-26 23:00",74.0659999999999,100,0,0,0.0020000034,275.2,-0.000708661417322835,78.638,72.6439999999999,69.6919999999999,65.4619999999999,27.7,6,20.6
"BOOI4","2020-07-27 00:00",75.0919999999999,99.9,0,0,0.8900015,279.7,-0.000590551181102362,78.2239999999999,72.6619999999999,69.6919999999999,65.4619999999999,27.7,6,20.6
"BOOI4","2020-07-27 01:00",74.624,100,0,0,0.6960012,278.2,-0.000590551181102362,77.9179999999999,72.6439999999999,69.7279999999999,65.4439999999999,27.7,6,20.6
"BOOI4","2020-07-27 02:00",74.2279999999999,94.4,0,0,3.9640067,0.52,-0.000196850393700787,77.5759999999999,72.6259999999999,69.7099999999999,65.48,27.7,6,20.7
"BOOI4","2020-07-27 03:00",71.9599999999999,94.7,0,0,4.792008,8.69,0.00015748031496063,77.09,72.6259999999999,69.7099999999999,65.4619999999999,27.7,6,20.7
"BOOI4","2020-07-27 04:00",70.5739999999999,89.7,0,0,2.1350036,5.511,-0.00031496062992126,76.5499999999999,72.59,69.7279999999999,65.4439999999999,27.7,6,20.7
"BOOI4","2020-07-27 05:00",68.5759999999999,89.1,0,0,5.464009,11.75,0.000354330708661417,75.9019999999999,72.572,69.7279999999999,65.4619999999999,27.8,6,20.7
"BOOI4","2020-07-27 06:00",67.3699999999999,89,654.1201,0,4.698008,13.56,0.000236220472440945,75.146,72.5359999999999,69.7279999999999,65.4619999999999,27.8,6,20.7
"BOOI4","2020-07-27 07:00",67.064,86.4,73762.46,0,2.5480042,8.63,0.00015748031496063,74.4619999999999,72.4999999999999,69.7279999999999,65.48,27.8,6,20.6
"BOOI4","2020-07-27 08:00",67.964,84.9,398584.17,0,2.478004,12.12,0.0028740157480315,73.9759999999999,72.446,69.746,65.4619999999999,27.8,6,20.6
"BOOI4","2020-07-27 09:00",73.5439999999999,72.04,995796.1,0,0.27100044,18.49,0.0068503937007874,73.9759999999999,72.446,69.746,65.48,27.8,6,20.6
"BOOI4","2020-07-27 10:00",75.2899999999999,66.2,1723920,0,2.475004,22.63,0.0139370078740157,74.93,72.338,69.746,65.48,27.8,6,20.6
"BOOI4","2020-07-27 11:00",77.7739999999999,63.76,2492628.2,0,3.8810065,23.06,0.0211417322834646,76.6759999999999,72.2839999999999,69.746,65.48,27.7,6,20.6
"BOOI4","2020-07-27 12:00",79.34,57.49,2873142.3,0,2.8170047,31.24,0.0245669291338583,78.9619999999999,72.1579999999999,69.746,65.498,27.7,6,20.6
"BOOI4","2020-07-27 13:00",80.8699999999999,58.22,3177960.2,0,3.3740056,10.43,0.0280708661417323,81.3199999999999,72.0859999999999,69.7099999999999,65.498,27.7,6,20.6
"BOOI4","2020-07-27 14:00",82.688,55.33,3232140.1,0,2.7870047,349.4,0.0286614173228346,83.5159999999999,72.032,69.7279999999999,65.48,27.6,6,20.5
"BOOI4","2020-07-27 15:00",83.4439999999999,47.55,3087480.2,0,3.9850068,351.8,0.0292125984251969,85.2259999999999,71.9779999999999,69.7099999999999,65.498,27.6,6,20.4
"BOOI4","2020-07-27 16:00",84.4159999999999,39.83,2782608,0,5.0110087,347.9,0.0281496062992126,86.1259999999999,71.9599999999999,69.6919999999999,65.498,27.5,6,20.4
"BOOI4","2020-07-27 17:00",85.2619999999999,40.76,2312484.1,0,3.4390056,347.4,0.0228346456692913,86.5579999999999,71.9599999999999,69.6919999999999,65.5159999999999,27.5,6,20.3
"BOOI4","2020-07-27 18:00",85.0999999999999,46.59,1734629.8,0,5.319009,358,0.0201968503937008,86.3599999999999,71.9419999999999,69.6739999999999,65.5159999999999,27.4,6,20.3
"BOOI4","2020-07-27 19:00",84.1819999999999,48.31,1013913,0,2.424004,9.04,0.0101574803149606,85.6039999999999,71.996,69.656,65.498,27.4,6,20.3
"BOOI4","2020-07-27 20:00",81.4099999999999,59.24,517645.14,0,0.15300025,342.3,0.00216535433070866,84.3619999999999,72.0499999999999,69.656,65.498,27.5,6,20.3
"BOOI4","2020-07-27 21:00",75.4339999999999,66.63,80557.45,0,0.0020000034,302.6,-0.00177165354330709,82.6699999999999,72.0499999999999,69.656,65.498,27.5,6,20.3
"BOOI4","2020-07-27 22:00",74.138,65.25,299.16,0,0,0,-0.00192913385826772,81.014,72.0679999999999,69.638,65.5159999999999,27.5,6,20.3
"BOOI4","2020-07-27 23:00",73.0939999999999,69.09,0,0,0,0,-0.00188976377952756,79.5019999999999,72.0859999999999,69.638,65.5159999999999,27.6,6,20.3
"BOOI4","2020-07-28 00:00",66.4519999999999,89.1,0,0,0.07000011,199.7,-0.00173228346456693,78.188,72.0859999999999,69.6199999999999,65.5159999999999,27.6,6,20.3
"BOOI4","2020-07-28 01:00",64.49,90.9,0,0,0,0,-0.00165354330708661,77.0179999999999,72.0859999999999,69.6199999999999,65.5339999999999,27.6,6,20.3
"BOOI4","2020-07-28 02:00",62.9239999999999,95.5,0,0,0.626001,256.8,-0.00133858267716536,75.956,72.0679999999999,69.6199999999999,65.498,27.6,5.9,20.3
"BOOI4","2020-07-28 03:00",61.988,96.3,0,0,0.65400106,254.5,-0.00133858267716536,75.0019999999999,72.032,69.6199999999999,65.5159999999999,27.6,6,20.3
"BOOI4","2020-07-28 04:00",62.3119999999999,94.7,0,0,2.0760036,254.5,-0.000905511811023622,74.138,71.9599999999999,69.6199999999999,65.5339999999999,27.6,6,20.3
"BOOI4","2020-07-28 05:00",60.7099999999999,96.4,0,0,0.5060008,251.9,-0.00137795275590551,73.3819999999999,71.8699999999999,69.6019999999999,65.5159999999999,27.6,6,20.3
"BOOI4","2020-07-28 06:00",60.548,96.4,1725.48,0,0.2380004,251.8,-0.00149606299212598,72.6439999999999,71.8159999999999,69.6199999999999,65.498,27.6,6,20.3
"BOOI4","2020-07-28 07:00",64.8859999999999,91.4,174663.35,0,0.0040000067,222.8,-0.000826771653543307,72.032,71.7079999999999,69.6199999999999,65.5519999999999,27.5,5.9,20.3
"BOOI4","2020-07-28 08:00",69.746,85.1,696798.1,0,1.9410032,248.3,0.00366141732283465,71.8699999999999,71.5999999999999,69.6019999999999,65.5159999999999,27.5,6,20.3
"BOOI4","2020-07-28 09:00",74.3179999999999,75.89,1326876.1,0,3.7980065,233,0.00992125984251969,72.5359999999999,71.4919999999999,69.6019999999999,65.5339999999999,27.5,6,20.3
"BOOI4","2020-07-28 10:00",78.0259999999999,68.9,1946088.1,0,6.6730113,235.9,0.0170472440944882,74.0119999999999,71.3659999999999,69.6019999999999,65.5339999999999,27.4,6,20.3
"BOOI4","2020-07-28 11:00",80.5279999999999,62.3,2481306.4,0,7.999013,226.6,0.0235433070866142,75.9199999999999,71.24,69.5659999999999,65.5339999999999,27.4,6,20.2
"BOOI4","2020-07-28 12:00",82.4359999999999,51.34,2898024.2,0,9.880016,230.9,0.029488188976378,78.098,71.1319999999999,69.548,65.5339999999999,27.3,5.9,20.2
"BOOI4","2020-07-28 13:00",83.8579999999999,53.28,3153539.8,0,10.100017,227.2,0.0333070866141732,80.2939999999999,71.0419999999999,69.53,65.5339999999999,27.3,5.9,20.1
"BOOI4","2020-07-28 14:00",84.164,51.29,3215639.2,0,10.080016,223.8,0.0340157480314961,82.5259999999999,70.9519999999999,69.4939999999999,65.5159999999999,27.2,5.8,20
"BOOI4","2020-07-28 15:00",85.5859999999999,51.05,3070740,0,11.080018,229.2,0.0341732283464567,84.4699999999999,70.9159999999999,69.4579999999999,65.5339999999999,27.1,5.8,20
"BOOI4","2020-07-28 16:00",85.6939999999999,49.47,2747346,0,10.230017,222,0.0316535433070866,85.946,70.9159999999999,69.422,65.5159999999999,27.1,5.8,20
"BOOI4","2020-07-28 17:00",85.8919999999999,50.83,2263086.4,0,8.270014,222.1,0.0263385826771654,87.0079999999999,70.88,69.3859999999999,65.5159999999999,27.1,5.8,19.9
"BOOI4","2020-07-28 18:00",85.3519999999999,51.17,1721015.9,0,8.320014,226.4,0.0216929133858268,87.4039999999999,70.88,69.3859999999999,65.5339999999999,27.1,5.8,19.8
"BOOI4","2020-07-28 19:00",81.4279999999999,61.18,716309.94,0,6.735011,231.5,0.0120472440944882,86.648,70.9339999999999,69.3499999999999,65.5339999999999,27.1,5.8,19.8
"BOOI4","2020-07-28 20:00",77.3599999999999,73.45,216612.64,0,2.350004,223.1,0.00326771653543307,85.19,70.9699999999999,69.332,65.5339999999999,27.1,5.8,19.8
"BOOI4","2020-07-28 21:00",74.93,77.25,20462.7,0,0,0,-0.000590551181102362,83.6419999999999,71.006,69.296,65.5519999999999,27.1,5.8,19.8
"BOOI4","2020-07-28 22:00",73.9579999999999,83.4,86.160004,0,0.03600006,228.3,-0.000984251968503937,82.2739999999999,71.0599999999999,69.2779999999999,65.5339999999999,27.1,5.8,19.8
"BOOI4","2020-07-28 23:00",73.5259999999999,83.5,0,0,0.08500014,234.1,-0.00094488188976378,81.1579999999999,71.096,69.2779999999999,65.5519999999999,27.1,5.8,19.8
"BOOI4","2020-07-29 00:00",72.6079999999999,85.2,0,0,0.69700116,225.4,-0.000590551181102362,80.222,71.1319999999999,69.2419999999999,65.5159999999999,27.1,5.8,19.8
"BOOI4","2020-07-29 01:00",71.438,87.8,0,0,0.07800013,232.5,-0.00094488188976378,79.3579999999999,71.1679999999999,69.2419999999999,65.5159999999999,27.1,5.8,19.8
"BOOI4","2020-07-29 02:00",70.43,89.7,0,0,1.765003,235.5,-0.00031496062992126,78.5659999999999,71.1859999999999,69.2419999999999,65.5339999999999,27.1,5.8,19.8
"BOOI4","2020-07-29 03:00",70.6279999999999,90.8,0,0,0.07500012,239.7,-0.000905511811023622,77.7739999999999,71.1859999999999,69.2239999999999,65.5339999999999,27.1,5.9,19.8
"BOOI4","2020-07-29 04:00",69.98,92.5,0,0,0.008000013,244.5,-0.00094488188976378,77.2519999999999,71.1499999999999,69.206,65.5339999999999,27.1,5.8,19.8
"BOOI4","2020-07-29 05:00",67.532,96.1,0,0,0.0020000034,212.9,-0.00094488188976378,76.7119999999999,71.1499999999999,69.206,65.5339999999999,27.1,5.8,19.8
"BOOI4","2020-07-29 06:00",67.6759999999999,95.7,1425.18,0,0,0,-0.00094488188976378,76.1539999999999,71.114,69.206,65.498,27.1,5.9,19.8
"BOOI4","2020-07-29 07:00",70.088,93.4,123085.52,0,0.027000045,226.2,-0.00106299212598425,75.6679999999999,71.0779999999999,69.206,65.5339999999999,27.1,5.9,19.8
"BOOI4","2020-07-29 08:00",74.0839999999999,87.9,622734.13,0,0.025000041,234.1,0.00322834645669291,75.596,71.0779999999999,69.188,65.5159999999999,27.1,5.9,19.8
"BOOI4","2020-07-29 09:00",79.088,82.5,1351968,0,1.0910017,260.2,0.0100393700787402,76.28,71.006,69.206,65.5339999999999,27.1,5.8,19.8
"BOOI4","2020-07-29 10:00",81.806,81.1,1851300.4,0,4.310007,277.5,0.0155511811023622,77.8099999999999,70.9699999999999,69.206,65.5159999999999,27.1,5.8,19.8
"BOOI4","2020-07-29 11:00",85.0279999999999,72.19,2195286.1,0,1.3730023,308.9,0.0189370078740158,80.006,70.88,69.188,65.5159999999999,27,5.9,19.8
"BOOI4","2020-07-29 12:00",86.3779999999999,66.43,2316720,0,0.24800041,306,0.020236220472441,82.3099999999999,70.8619999999999,69.1519999999999,65.5339999999999,27,5.8,19.7
"BOOI4","2020-07-29 13:00",87.2239999999999,68.32,2572967.8,0,1.811003,164.7,0.0234251968503937,84.9019999999999,70.8439999999999,69.1699999999999,65.5519999999999,27,5.8,19.7
"BOOI4","2020-07-29 14:00",86.6119999999999,69.5,3144750,0,3.4940057,156.2,0.0290157480314961,87.4759999999999,70.8259999999999,69.1159999999999,65.5339999999999,26.9,5.7,19.6
"BOOI4","2020-07-29 15:00",87.548,64.05,3267881.6,0,5.2710085,160.4,0.0309448818897638,90.122,70.8259999999999,69.1159999999999,65.5159999999999,26.9,5.7,19.5
"BOOI4","2020-07-29 16:00",86.648,66.13,2753130.4,0,4.0860066,173.2,0.0266141732283465,92.2279999999999,70.8619999999999,69.1159999999999,65.5159999999999,26.8,5.7,19.5
"BOOI4","2020-07-29 17:00",80.672,80.1,1173684.1,0,5.743009,6.03,0.0119685039370079,91.796,70.898,69.08,65.5159999999999,26.8,5.7,19.5
"BOOI4","2020-07-29 18:00",80.3839999999999,83.7,817866,0,3.8290064,55.53,0.00826771653543307,90.4999999999999,71.006,69.0619999999999,65.498,26.8,5.7,19.4
"BOOI4","2020-07-29 19:00",80.0779999999999,78.9,478223.42,0,2.1250036,61.01,0.00488188976377953,89.2939999999999,71.0779999999999,69.0619999999999,65.5159999999999,26.9,5.7,19.4
"BOOI4","2020-07-29 20:00",72.374,90.8,157092.71,0.05,5.7240095,100.8,0.00362204724409449,87.8539999999999,71.2039999999999,69.0619999999999,65.498,26.9,5.7,19.4
"BOOI4","2020-07-29 21:00",72.9499999999999,86.8,6473.5203,0,3.1860054,188.6,0.000984251968503937,85.946,71.2939999999999,69.0439999999999,65.498,26.9,5.7,19.4
"BOOI4","2020-07-29 22:00",73.49,87.5,10.2,0,1.9100031,349.8,0.000118110236220472,84.164,71.3839999999999,69.0619999999999,65.498,27,5.7,19.5
"BOOI4","2020-07-29 23:00",72.788,89,0,0,0.98800164,21.89,-3.93700787401575e-05,82.7599999999999,71.4739999999999,69.0259999999999,65.5159999999999,26.9,5.7,19.5
"BOOI4","2020-07-30 00:00",72.572,81.4,0,0,0.3510006,349.5,-0.00031496062992126,81.6439999999999,71.5099999999999,69.0619999999999,65.498,26.9,5.7,19.5
"BOOI4","2020-07-30 01:00",71.1319999999999,84.1,0,0,0.620001,4.339,-0.00015748031496063,80.5999999999999,71.5279999999999,69.0619999999999,65.498,26.9,5.7,19.5
"BOOI4","2020-07-30 02:00",71.0419999999999,85.3,0,0,0.46800077,8.63,-0.000275590551181102,79.772,71.582,69.08,65.5159999999999,26.9,5.7,19.5
"BOOI4","2020-07-30 03:00",70.088,89,0,0,9.040015,45.31,0.000984251968503937,78.998,71.564,69.0619999999999,65.498,26.9,5.7,19.5
"BOOI4","2020-07-30 04:00",68.3239999999999,96.6,0,0,7.5700126,47.7,0.000236220472440945,78.1339999999999,71.546,69.1159999999999,65.5159999999999,26.9,5.7,19.5
"BOOI4","2020-07-30 05:00",67.8199999999999,95.3,0,0.010000001,3.196005,3.358,-3.93700787401575e-05,77.414,71.546,69.1159999999999,65.4619999999999,26.9,5.7,19.5
"BOOI4","2020-07-30 06:00",67.1179999999999,96.8,1861.3199,0,0.75500125,16.65,-0.00031496062992126,76.7839999999999,71.5279999999999,69.098,65.48,26.9,5.7,19.5
"BOOI4","2020-07-30 07:00",67.19,94.7,64506.02,0,2.8680048,9.99,-0.000236220472440945,76.2259999999999,71.4919999999999,69.1159999999999,65.48,27,5.7,19.5
"BOOI4","2020-07-30 08:00",68.0359999999999,88.8,344340.06,0,6.559011,14.24,0.00279527559055118,75.7759999999999,71.438,69.1159999999999,65.48,26.9,5.7,19.5
"BOOI4","2020-07-30 09:00",70.124,84.3,663288.15,0,6.34001,20.49,0.00574803149606299,75.6319999999999,71.3839999999999,69.1339999999999,65.498,26.9,5.7,19.5
"BOOI4","2020-07-30 10:00",74.948,73.45,1542174.1,0,7.0280113,23.75,0.0127952755905512,76.0099999999999,71.3119999999999,69.1519999999999,65.48,26.9,5.7,19.4
"BOOI4","2020-07-30 11:00",77.4499999999999,67.59,2135292,0,9.410016,27.96,0.0197244094488189,77.18,71.2759999999999,69.1519999999999,65.48,26.8,5.7,19.4
"BOOI4","2020-07-30 12:00",79.8439999999999,63.65,2974596,0,10.620018,32.22,0.0275590551181102,78.872,71.2039999999999,69.1339999999999,65.48,26.7,5.7,19.3
"BOOI4","2020-07-30 13:00",81.0679999999999,58.18,3272880.1,0,10.860019,30.39,0.0316535433070866,81.032,71.114,69.1519999999999,65.4619999999999,26.7,5.7,19.2
"BOOI4","2020-07-30 14:00",81.6439999999999,58.15,2806895.8,0,10.840017,31.23,0.0288582677165354,82.922,71.0599999999999,69.1159999999999,65.4619999999999,26.7,5.7,19.2
"BOOI4","2020-07-30 15:00",81.0679999999999,57.55,2656002.2,0,9.910016,31.58,0.0279133858267717,84.398,71.006,69.098,65.4439999999999,26.6,5.6,19.1
"BOOI4","2020-07-30 16:00",80.456,59.54,2188578.4,0,9.100016,27.72,0.0241338582677165,85.064,70.988,69.098,65.4619999999999,26.6,5.6,19
"BOOI4","2020-07-30 17:00",81.3199999999999,58.63,1717403.9,0,8.900015,28.67,0.0201574803149606,85.496,70.988,69.08,65.48,26.6,5.6,19
"BOOI4","2020-07-30 18:00",80.222,58.94,1862058.1,0,9.050015,24.23,0.0210236220472441,85.7659999999999,70.9519999999999,69.0619999999999,65.4439999999999,26.5,5.6,18.9
"BOOI4","2020-07-30 19:00",78.7279999999999,62,987287.84,0,8.210013,18.98,0.0133464566929134,85.406,70.9699999999999,69.08,65.4619999999999,26.5,5.6,18.9
"BOOI4","2020-07-30 20:00",75.4699999999999,68.19,361888.76,0,6.7000113,12.92,0.00677165354330709,84.3259999999999,70.9699999999999,69.0619999999999,65.4439999999999,26.5,5.6,18.9
"BOOI4","2020-07-30 21:00",72.0499999999999,73.72,48846.84,0,5.8740096,11.32,0.00145669291338583,82.8499999999999,70.988,69.0439999999999,65.4439999999999,26.5,5.6,18.9
"BOOI4","2020-07-30 22:00",69.9259999999999,79.23,106.5,0,4.7810082,12.11,0.00047244094488189,81.3919999999999,70.988,69.0619999999999,65.4439999999999,26.5,5.6,18.9
"BOOI4","2020-07-30 23:00",68.6119999999999,80.6,0,0,6.8670115,13.03,0.000748031496062992,80.1499999999999,70.9699999999999,69.0259999999999,65.4619999999999,26.5,5.6,18.9
"BOOI4","2020-07-31 00:00",66.8839999999999,85,0,0,4.9440084,12.05,0.000118110236220472,79.0339999999999,70.988,69.0259999999999,65.4259999999999,26.5,5.6,19
"BOOI4","2020-07-31 01:00",65.9839999999999,87.9,0,0,3.7370062,9.18,-0.000354330708661417,78.1339999999999,70.988,69.0259999999999,65.4619999999999,26.5,5.6,19
"BOOI4","2020-07-31 02:00",65.5519999999999,89.4,0,0,4.810008,11.33,-0.000236220472440945,77.3779999999999,70.9339999999999,69.0439999999999,65.4259999999999,26.5,5.6,18.9
"BOOI4","2020-07-31 03:00",65.1019999999999,89,0,0,5.5350094,10.91,-0.00015748031496063,76.64,70.88,69.0079999999999,65.4619999999999,26.5,5.6,19
"BOOI4","2020-07-31 04:00",63.5359999999999,91.3,5.1,0,3.7620063,15.45,-0.000511811023622047,75.956,70.8439999999999,69.0259999999999,65.4079999999999,26.5,5.6,18.9
"BOOI4","2020-07-31 05:00",62.2579999999999,92.6,0,0,3.0120049,10.22,-0.000748031496062992,75.2359999999999,70.7899999999999,69.0079999999999,65.4619999999999,26.5,5.6,19
"BOOI4","2020-07-31 06:00",61.772,92.9,1161.8998,0,2.449004,11.5,-0.000905511811023622,74.5519999999999,70.7179999999999,69.0079999999999,65.4619999999999,26.4,5.6,19
"BOOI4","2020-07-31 07:00",62.582,91.3,96873.245,0,3.6190062,10.54,-0.000708661417322835,74.048,70.6279999999999,68.99,65.4259999999999,26.4,5.6,19
"BOOI4","2020-07-31 08:00",66.7939999999999,82.8,850359.6,0,4.836008,12.4,0.00523622047244095,73.796,70.538,68.972,65.4439999999999,26.4,5.6,18.9
"BOOI4","2020-07-31 09:00",70.8079999999999,79.43,1402301.8,0,3.9800065,32.28,0.01,74.3539999999999,70.4839999999999,68.972,65.4439999999999,26.4,5.6,18.9
"BOOI4","2020-07-31 10:00",73.1119999999999,77.57,1673615.7,0,1.2670021,42.55,0.0126377952755906,75.6679999999999,70.3939999999999,68.9539999999999,65.4439999999999,26.4,5.6,18.9
"BOOI4","2020-07-31 11:00",76.28,67.21,2225208.5,0,1.4340024,42.8,0.0178740157480315,77.522,70.2859999999999,68.9539999999999,65.4259999999999,26.3,5.6,18.8
"BOOI4","2020-07-31 12:00",77.6839999999999,67.53,2128451.7,0,2.0050035,20.99,0.0179527559055118,79.34,70.196,68.9179999999999,65.4079999999999,26.3,5.6,18.7
"BOOI4","2020-07-31 13:00",78.9439999999999,55.95,2454545.7,0,5.244009,14.48,0.0229527559055118,81.2659999999999,70.106,68.9359999999999,65.4259999999999,26.2,5.6,18.7
"BOOI4","2020-07-31 14:00",78.8179999999999,54.93,2370138,0,6.24801,31.07,0.023740157480315,82.8859999999999,70.0699999999999,68.8819999999999,65.4259999999999,26.1,5.6,18.6
"BOOI4","2020-07-31 15:00",79.538,51.56,2935494.4,0,5.8590097,37.75,0.0279527559055118,84.4159999999999,70.0159999999999,68.864,65.4439999999999,26.1,5.6,18.6
"BOOI4","2020-07-31 16:00",80.78,46.57,2877888.2,0,5.434009,33.85,0.0276377952755906,86.2159999999999,69.98,68.8279999999999,65.4259999999999,26.1,5.5,18.5
"BOOI4","2020-07-31 17:00",80.5999999999999,47.51,1974996.1,0,3.5410058,57.15,0.0193307086614173,87.53,69.9619999999999,68.7919999999999,65.4259999999999,26.1,5.5,18.4
"BOOI4","2020-07-31 18:00",79.6999999999999,54.09,1261008,0,2.2790039,54.25,0.012244094488189,87.5659999999999,69.998,68.7739999999999,65.4079999999999,26,5.5,18.3
"BOOI4","2020-07-31 19:00",78.3679999999999,55.8,776718,0,0.08200014,352.5,0.0052755905511811,86.864,70.0339999999999,68.738,65.4259999999999,26,5.5,18.3
"BOOI4","2020-07-31 20:00",77.864,58.75,541967.4,0,1.3540022,12.04,0.00366141732283465,85.748,70.0339999999999,68.7199999999999,65.39,26,5.5,18.4
"BOOI4","2020-07-31 21:00",71.888,69.16,77811.775,0,0.2510004,16.45,-0.000551181102362205,84.1999999999999,70.124,68.7019999999999,65.4259999999999,26,5.5,18.3
"BOOI4","2020-07-31 22:00",68.5579999999999,76.63,76.079994,0,0.027000045,7.303,-0.00125984251968504,82.5079999999999,70.1419999999999,68.6839999999999,65.39,26,5.5,18.3
"BOOI4","2020-07-31 23:00",64.9039999999999,84.2,0,0,0.14200023,341.4,-0.00114173228346457,80.996,70.1779999999999,68.7019999999999,65.39,26.1,5.5,18.4
"BOOI4","2020-08-01 00:00",65.5159999999999,82.7,0,0,0,0,-0.00118110236220473,79.646,70.1779999999999,68.6659999999999,65.39,26.1,5.5,18.4
"BOOI4","2020-08-01 01:00",64.238,83.8,0,0,0.0020000034,321.3,-0.00122047244094488,78.4579999999999,70.1779999999999,68.648,65.372,26.1,5.5,18.4
"BOOI4","2020-08-01 02:00",63.4099999999999,83.4,0,0,0,0,-0.00125984251968504,77.3779999999999,70.1779999999999,68.648,65.4259999999999,26.1,5.5,18.4
"BOOI4","2020-08-01 03:00",61.5019999999999,85.1,0,0,0.38400063,302.8,-0.000984251968503937,76.4239999999999,70.124,68.648,65.39,26.1,5.5,18.4
"BOOI4","2020-08-01 04:00",59.738,90.9,0,0,1.0730017,306.1,-0.000708661417322835,75.5239999999999,70.106,68.5939999999999,65.372,26,5.5,18.5
"BOOI4","2020-08-01 05:00",57.7759999999999,94.4,0,0,0,0,-0.00118110236220473,74.6779999999999,70.0339999999999,68.63,65.39,26,5.5,18.5
"BOOI4","2020-08-01 06:00",57.5599999999999,94.8,933.59995,0,0.46100077,344.5,-0.000984251968503937,73.8859999999999,69.9619999999999,68.5939999999999,65.39,26,5.5,18.5
"BOOI4","2020-08-01 07:00",60.746,89,141671.75,0,0.0050000083,333.4,-0.00118110236220473,73.2199999999999,69.89,68.5939999999999,65.39,26,5.5,18.5
"BOOI4","2020-08-01 08:00",66.1819999999999,85.2,683676,0,0.15000024,337.7,0.00307086614173228,72.8419999999999,69.7999999999999,68.5939999999999,65.372,26,5.5,18.5
"BOOI4","2020-08-01 09:00",72.23,75.39,1329504.3,0,0,0,0.0087007874015748,73.1839999999999,69.7099999999999,68.5759999999999,65.372,25.9,5.5,18.5
"BOOI4","2020-08-01 10:00",75.614,67.61,1967106.2,0,1.897003,319.2,0.0151574803149606,74.5339999999999,69.6019999999999,68.5399999999999,65.372,25.9,5.5,18.4
"BOOI4","2020-08-01 11:00",75.596,69.52,2251361.8,0,3.2480054,318.1,0.0189370078740158,76.6579999999999,69.4939999999999,68.5399999999999,65.3539999999999,25.8,5.5,18.3
"BOOI4","2020-08-01 12:00",77.648,62.78,1990656,0,4.3650074,320,0.0181889763779528,78.53,69.422,68.5039999999999,65.372,25.7,5.5,18.3
"BOOI4","2020-08-01 13:00",79.8079999999999,52.05,3036342.3,0,3.9630067,306.2,0.026496062992126,80.6179999999999,69.332,68.4679999999999,65.372,25.8,5.4,18.2
"BOOI4","2020-08-01 14:00",78.0619999999999,55.74,2946444,0,5.1570086,307.7,0.0277165354330709,83.1019999999999,69.2419999999999,68.4679999999999,65.372,25.7,5.5,18
"BOOI4","2020-08-01 15:00",80.8699999999999,56.89,2978999.8,0,4.0120068,323.8,0.0271653543307087,85.19,69.2239999999999,68.414,65.372,25.6,5.4,18
"BOOI4","2020-08-01 16:00",82.3279999999999,56.77,2619900,0,2.6670046,339.4,0.0235433070866142,87.0079999999999,69.188,68.414,65.372,25.5,5.4,17.9
"BOOI4","2020-08-01 17:00",79.8619999999999,57.76,1343393.8,0,3.001005,327.9,0.0138976377952756,87.6199999999999,69.188,68.3779999999999,65.3539999999999,25.6,5.4,17.8
"BOOI4","2020-08-01 18:00",79.322,59.96,731448.1,0,1.3560022,12.69,0.00736220472440945,87.0079999999999,69.206,68.3419999999999,65.3539999999999,25.6,5.4,17.8
"BOOI4","2020-08-01 19:00",74.8579999999999,73.55,641527.7,0,1.8920032,328.3,0.00637795275590551,86.18,69.2599999999999,68.3239999999999,65.3359999999999,25.6,5.4,17.8
"BOOI4","2020-08-01 20:00",73.0939999999999,78.35,298811.46,0,2.9230049,288.1,0.00291338582677165,84.8839999999999,69.314,68.288,65.3179999999999,25.5,5.4,17.8
"BOOI4","2020-08-01 21:00",71.78,81.2,17952.839,0,1.237002,293.9,0.000275590551181102,83.5159999999999,69.3859999999999,68.2699999999999,65.3179999999999,25.5,5.4,17.8
"BOOI4","2020-08-01 22:00",70.43,87.1,25.38,0,5.4300094,292.6,0.000984251968503937,82.3099999999999,69.422,68.2519999999999,65.3179999999999,25.5,5.4,17.8
"BOOI4","2020-08-01 23:00",69.2779999999999,89.6,0,0,3.9570065,293.4,0.000433070866141732,81.1939999999999,69.4579999999999,68.2339999999999,65.2999999999999,25.5,5.4,17.8
"BOOI4","2020-08-02 00:00",69.4759999999999,90.6,0,0,4.5900073,308.6,0.000354330708661417,80.1679999999999,69.4939999999999,68.2519999999999,65.2999999999999,25.5,5.4,17.8
"BOOI4","2020-08-02 01:00",68.8279999999999,93.1,0,0,4.6380076,340,0.00031496062992126,79.3939999999999,69.4939999999999,68.2339999999999,65.3179999999999,25.5,5.4,17.9
"BOOI4","2020-08-02 02:00",68.6839999999999,94.5,0,0,3.9850068,336.5,0.00015748031496063,78.7099999999999,69.548,68.198,65.264,25.5,5.4,17.9
"BOOI4","2020-08-02 03:00",68.3239999999999,96,0,0,5.79901,339.6,0.00015748031496063,78.1339999999999,69.53,68.1619999999999,65.282,25.6,5.4,17.9
"BOOI4","2020-08-02 04:00",67.946,97.1,0,0.030000001,4.2860074,348.6,0,77.5579999999999,69.53,68.1619999999999,65.282,25.6,5.4,17.9
"BOOI4","2020-08-02 05:00",66.5599999999999,97.6,0,0,2.8740048,342,-0.000118110236220472,76.8919999999999,69.5119999999999,68.18,65.2999999999999,25.6,5.4,17.9
"BOOI4","2020-08-02 06:00",66.0199999999999,99.4,573.12006,0,4.229007,341.8,-0.000118110236220472,76.1359999999999,69.548,68.1619999999999,65.2999999999999,25.6,5.4,17.9
"BOOI4","2020-08-02 07:00",66.398,97.9,95343.47,0,3.631006,342.8,-0.00110236220472441,75.5239999999999,69.4759999999999,68.1439999999999,65.282,25.6,5.4,18
"BOOI4","2020-08-02 08:00",67.4239999999999,94.9,528098.4,0,4.6730075,341.8,0.00251968503937008,75.164,69.44,68.18,65.246,25.6,5.4,18
"BOOI4","2020-08-02 09:00",69.6019999999999,87.7,1150176,0,6.456011,343.5,0.00755905511811024,75.164,69.4039999999999,68.1439999999999,65.246,25.6,5.4,17.9
"BOOI4","2020-08-02 10:00",71.9779999999999,82.7,1544700.2,0,7.2750125,350.8,0.0113385826771653,75.506,69.3679999999999,68.1439999999999,65.264,25.5,5.4,17.8
"BOOI4","2020-08-02 11:00",72.8419999999999,78.49,2327730.5,0,8.980015,6.559,0.017755905511811,76.3699999999999,69.332,68.1079999999999,65.282,25.4,5.4,17.8
"BOOI4","2020-08-02 12:00",73.598,70.54,2949660.2,0,9.700016,5.494,0.0234645669291339,77.756,69.2779999999999,68.1259999999999,65.246,25.4,5.4,17.7
"BOOI4","2020-08-02 13:00",76.7659999999999,64.64,2875926.3,0,8.850015,356.7,0.0248818897637795,79.34,69.2419999999999,68.1079999999999,65.264,25.4,5.3,17.6
"BOOI4","2020-08-02 14:00",76.4779999999999,55.81,2624832,0,9.630015,341.5,0.0248425196850394,80.672,69.2419999999999,68.09,65.246,25.3,5.3,17.4
"BOOI4","2020-08-02 15:00",76.046,55.45,3026579.8,0,10.070017,340.9,0.0290551181102362,81.896,69.206,68.072,65.2279999999999,25.3,5.3,17.4
"BOOI4","2020-08-02 16:00",76.5499999999999,55.27,2460929.7,0,9.900016,348.1,0.0248818897637795,82.9579999999999,69.188,68.0539999999999,65.2279999999999,25.2,5.3,17.3
"BOOI4","2020-08-02 17:00",76.064,52.48,2183832.5,0,10.4700165,4.783,0.0236220472440945,83.606,69.188,68.0359999999999,65.246,25.2,5.2,17.2
"BOOI4","2020-08-02 18:00",75.146,55.82,1273859.9,0,9.050015,359.3,0.0165748031496063,83.5159999999999,69.188,68.0539999999999,65.2279999999999,25.2,5.2,17.1
"BOOI4","2020-08-02 19:00",72.9499999999999,60.69,814251.46,0,8.530014,10.49,0.0122834645669291,82.796,69.1699999999999,67.9999999999999,65.2279999999999,25.2,5.2,17.1
"BOOI4","2020-08-02 20:00",69.8179999999999,69.6,367749.05,0,6.357011,16.63,0.00570866141732283,81.7699999999999,69.188,68.0179999999999,65.2279999999999,25.2,5.2,17.1
"BOOI4","2020-08-02 21:00",65.8939999999999,77.47,48218.163,0,4.712008,10.93,0.00118110236220473,80.456,69.206,67.9999999999999,65.1919999999999,25.2,5.2,17.1
"BOOI4","2020-08-02 22:00",63.6259999999999,81.9,76.14,0,3.173005,30.71,0.00015748031496063,79.088,69.188,67.982,65.2099999999999,25.1,5.3,17.1
"BOOI4","2020-08-02 23:00",61.2319999999999,87.5,0,0,1.8890032,16.09,-0.000393700787401575,77.7919999999999,69.188,67.964,65.1919999999999,25.2,5.3,17.2
"BOOI4","2020-08-03 00:00",59.7739999999999,89.8,0,0,2.6220045,12.13,-0.00031496062992126,76.6579999999999,69.188,67.964,65.1739999999999,25.2,5.3,17.2
"BOOI4","2020-08-03 01:00",57.4519999999999,93.9,0,0,0.8560014,1.022,-0.000866141732283465,75.6319999999999,69.1519999999999,67.946,65.1739999999999,25.2,5.3,17.2
"BOOI4","2020-08-03 02:00",56.3359999999999,95.8,0,0,1.3170022,342.6,-0.000748031496062992,74.6599999999999,69.1339999999999,67.964,65.1739999999999,25.2,5.3,17.3
"BOOI4","2020-08-03 03:00",56.03,96,0,0,3.5180056,343.3,-0.000433070866141732,73.796,69.08,67.946,65.156,25.2,5.3,17.3
"BOOI4","2020-08-03 04:00",55.0759999999999,96.6,0,0,4.183007,341.9,-0.000393700787401575,73.0579999999999,69.0259999999999,67.9279999999999,65.1739999999999,25.2,5.3,17.3
"BOOI4","2020-08-03 05:00",54.5359999999999,95.6,0,0,4.595008,343,-0.000354330708661417,72.2839999999999,68.9539999999999,67.9099999999999,65.1739999999999,25.1,5.3,17.3
"BOOI4","2020-08-03 06:00",53.456,96.1,796.8001,0,3.8090062,346,-0.000393700787401575,71.564,68.864,67.9279999999999,65.1739999999999,25.1,5.3,17.3
"BOOI4","2020-08-03 07:00",54.4279999999999,93.3,142822.83,0,2.928005,3.135,-0.00078740157480315,70.898,68.7739999999999,67.8919999999999,65.138,25.1,5.3,17.4
"BOOI4","2020-08-03 08:00",58.1539999999999,85.5,664979.86,0,5.491009,11.83,0.00307086614173228,70.448,68.6659999999999,67.874,65.1739999999999,25.1,5.3,17.4
"BOOI4","2020-08-03 09:00",61.7539999999999,75.33,1316009.9,0,6.648011,15.61,0.00846456692913386,70.5199999999999,68.5579999999999,67.874,65.156,25,5.3,17.3
"BOOI4","2020-08-03 10:00",65.7859999999999,65.23,1959174.2,0,7.691013,16.56,0.0145669291338583,71.3119999999999,68.4319999999999,67.8199999999999,65.138,25,5.3,17.2
"BOOI4","2020-08-03 11:00",67.4419999999999,57.72,2526570.3,0,8.460014,27.98,0.0205511811023622,72.7339999999999,68.306,67.838,65.138,24.9,5.3,17.1
"BOOI4","2020-08-03 12:00",69.5119999999999,49.32,2977392.6,0,8.230014,23.82,0.0255118110236221,74.6779999999999,68.198,67.7839999999999,65.138,24.8,5.2,17
"BOOI4","2020-08-03 13:00",72.1759999999999,46.21,3121230,0,8.700014,37.73,0.027992125984252,76.874,68.09,67.7839999999999,65.1019999999999,24.8,5.2,16.8
"BOOI4","2020-08-03 14:00",70.5199999999999,47.43,2360382.3,0,7.262012,26.24,0.0227952755905512,78.6019999999999,67.9999999999999,67.748,65.1199999999999,24.8,5.2,16.8
"BOOI4","2020-08-03 15:00",69.98,50.77,2185854,0,7.898013,10.48,0.0221653543307087,79.7179999999999,67.9279999999999,67.73,65.1019999999999,24.7,5.2,16.7
"BOOI4","2020-08-03 16:00",69.7279999999999,52.97,1929810.2,0,7.2900124,10.74,0.0197244094488189,80.3839999999999,67.8919999999999,67.6939999999999,65.1199999999999,24.6,5.2,16.5
"BOOI4","2020-08-03 17:00",68.7739999999999,56.02,1169825.9,0,7.3740125,5.768,0.0144488188976378,80.348,67.838,67.6579999999999,65.1199999999999,24.6,5.2,16.5
"BOOI4","2020-08-03 18:00",71.1679999999999,51.45,1409903.9,0,6.3630104,13.61,0.0145275590551181,80.006,67.8019999999999,67.622,65.1019999999999,24.6,5.1,16.5
"BOOI4","2020-08-03 19:00",69.5839999999999,57.2,914742.6,0,4.963008,21.62,0.00984251968503937,79.9339999999999,67.8019999999999,67.5679999999999,65.0839999999999,24.6,5.1,16.4
"BOOI4","2020-08-03 20:00",65.498,70.9,459932.98,0,3.1280053,45.38,0.00377952755905512,79.2499999999999,67.7839999999999,67.5499999999999,65.0839999999999,24.6,5.1,16.5
"BOOI4","2020-08-03 21:00",61.0699999999999,80.9,46466.465,0,0,0,-0.00125984251968504,77.9539999999999,67.748,67.532,65.0839999999999,24.6,5.1,16.5
"BOOI4","2020-08-03 22:00",60.7819999999999,79.55,10.2,0,0.026000043,66.32,-0.00149606299212598,76.622,67.7659999999999,67.496,65.0839999999999,24.6,5.1,16.5
"BOOI4","2020-08-03 23:00",60.6019999999999,77.71,0,0,0,0,-0.00149606299212598,75.5599999999999,67.748,67.4599999999999,65.0839999999999,24.6,5.1,16.5
"BOOI4","2020-08-04 00:00",60.9259999999999,77.98,0,0,0.0020000034,343.5,-0.00149606299212598,74.732,67.73,67.4239999999999,65.0659999999999,24.6,5.1,16.6
"BOOI4","2020-08-04 01:00",57.398,84.5,0,0,0.032000054,41.88,-0.00145669291338583,73.94,67.6759999999999,67.388,65.048,24.6,5.1,16.6
"BOOI4","2020-08-04 02:00",57.6679999999999,82.8,0,0,0,0,-0.00145669291338583,73.0579999999999,67.64,67.3699999999999,65.0659999999999,24.6,5.1,16.6
"BOOI4","2020-08-04 03:00",55.3819999999999,86.6,0,0,0,0,-0.00145669291338583,72.248,67.5859999999999,67.3699999999999,65.048,24.6,5.1,16.7
"BOOI4","2020-08-04 04:00",54.122,87.9,0,0,0,0,-0.00141732283464567,71.4019999999999,67.532,67.3339999999999,65.0119999999999,24.6,5.1,16.7
"BOOI4","2020-08-04 05:00",52.2319999999999,89.3,0,0,0.0020000034,28.32,-0.00137795275590551,70.6279999999999,67.4599999999999,67.28,65.03,24.5,5.1,16.7
"BOOI4","2020-08-04 06:00",51.422,91.2,645.18017,0,0.038000062,344.3,-0.00133858267716536,69.89,67.388,67.28,65.03,24.5,5.1,16.7
"BOOI4","2020-08-04 07:00",52.3039999999999,87.9,136305.39,0,0.037000064,339.9,-0.00125984251968504,69.2239999999999,67.28,67.2439999999999,65.03,24.5,5.1,16.7
"BOOI4","2020-08-04 08:00",57.938,78.56,653747.86,0,0.33100057,18.39,0.00244094488188976,68.7919999999999,67.172,67.2079999999999,65.0119999999999,24.5,5.1,16.7
"BOOI4","2020-08-04 09:00",63.4999999999999,73.26,1309799.8,0,0.14500025,19.91,0.00755905511811024,69.0439999999999,67.082,67.172,64.9939999999999,24.5,5.1,16.7
"BOOI4","2020-08-04 10:00",67.2079999999999,63.9,1963776,0,0.4880008,37.74,0.0131889763779528,70.214,67.0099999999999,67.1539999999999,64.9939999999999,24.5,5.1,16.6
"BOOI4","2020-08-04 11:00",67.3519999999999,50.6,2465280,0,1.3500023,25.7,0.0181496062992126,72.0679999999999,66.8659999999999,67.1539999999999,65.0119999999999,24.4,5.1,16.5
"BOOI4","2020-08-04 12:00",67.622,51.84,2874461.4,0,3.594006,50.11,0.0229527559055118,74.282,66.7939999999999,67.0999999999999,64.9759999999999,24.3,5.1,16.4
"BOOI4","2020-08-04 13:00",70.124,46.38,3173046.1,0,3.8340063,51.92,0.0255118110236221,76.6039999999999,66.7039999999999,67.064,64.9759999999999,24.3,5.1,16.2
"BOOI4","2020-08-04 14:00",72.68,47.26,3404759.5,0,2.0890036,29.43,0.0269291338582677,79.106,66.6319999999999,67.0279999999999,64.9759999999999,24.2,5.1,16.1
"BOOI4","2020-08-04 15:00",71.9419999999999,48.36,2484138.2,0,1.5740025,34.67,0.0201181102362205,81.248,66.614,66.9739999999999,64.9759999999999,24.1,5,16
"BOOI4","2020-08-04 16:00",73.7419999999999,53.31,2333622.3,0,1.4460024,155.7,0.0188188976377953,82.3279999999999,66.5419999999999,66.956,64.9579999999999,24.1,5,16
"BOOI4","2020-08-04 17:00",72.6079999999999,48.39,2465112.3,0,2.5050042,155.7,0.0203543307086614,83.606,66.5599999999999,66.9199999999999,64.94,24.1,5,15.8
"BOOI4","2020-08-04 18:00",73.832,48.58,1341048.6,0,1.0310017,170.8,0.0104724409448819,83.7679999999999,66.596,66.8659999999999,64.94,24.1,5,15.8
"BOOI4","2020-08-04 19:00",71.7259999999999,51.72,1041841.2,0,3.2520053,159.6,0.00948818897637795,83.5159999999999,66.614,66.83,64.94,24.1,5,15.7
"BOOI4","2020-08-04 20:00",67.748,66.26,311718.63,0,0.43700072,176.3,0.00102362204724409,82.5079999999999,66.6679999999999,66.8119999999999,64.94,24.1,5,15.8
"BOOI4","2020-08-04 21:00",65.498,63.6,29790.361,0,0,0,-0.00137795275590551,80.8159999999999,66.722,66.7939999999999,64.9039999999999,24.1,5,15.8
"BOOI4","2020-08-04 22:00",62.4919999999999,72.05,10.14,0,0,0,-0.00153543307086614,79.0699999999999,66.7579999999999,66.74,64.8859999999999,24.1,5,15.9
"BOOI4","2020-08-04 23:00",59.7919999999999,78.44,0,0,0.0040000067,198.8,-0.00141732283464567,77.5399999999999,66.8119999999999,66.722,64.9039999999999,24.1,5,15.9
"BOOI4","2020-08-05 00:00",57.506,82.9,0,0,0,0,-0.00137795275590551,76.1539999999999,66.83,66.6679999999999,64.8679999999999,24.1,5,15.9
"BOOI4","2020-08-05 01:00",56.1739999999999,85.5,0,0,0,0,-0.00133858267716536,75.0019999999999,66.8839999999999,66.6679999999999,64.8859999999999,24.1,5,15.9
"BOOI4","2020-08-05 02:00",55.3279999999999,86.5,0,0,0.029000048,252.6,-0.0012992125984252,73.94,66.848,66.614,64.8499999999999,24.1,5,15.9
"BOOI4","2020-08-05 03:00",55.2199999999999,86.4,0,0,0,0,-0.00133858267716536,73.0039999999999,66.8119999999999,66.6319999999999,64.8499999999999,24.1,5,16
"BOOI4","2020-08-05 04:00",53.096,92.2,0,0,0,0,-0.0012992125984252,72.1939999999999,66.7759999999999,66.596,64.8499999999999,24.1,5,16
"BOOI4","2020-08-05 05:00",52.646,93.7,0,0,0,0,-0.00125984251968504,71.456,66.6859999999999,66.5779999999999,64.832,24.1,5,16
"BOOI4","2020-08-05 06:00",54.1039999999999,93.1,792.5403,0,0,0,-0.00125984251968504,70.8439999999999,66.6319999999999,66.596,64.814,24.1,5,16.1
"BOOI4","2020-08-05 07:00",56.4259999999999,90.8,100064.354,0,0,0,-0.00153543307086614,70.4659999999999,66.5419999999999,66.5779999999999,64.832,24.1,5,16.1
"BOOI4","2020-08-05 08:00",57.6499999999999,91.5,145353.59,0,0.0600001,234.9,0.00110236220472441,70.322,66.4519999999999,66.5419999999999,64.796,24.1,5,16.1
"BOOI4","2020-08-05 09:00",61.1599999999999,87.4,464404.82,0,0.33400056,220.4,0.00318897637795276,70.3759999999999,66.3619999999999,66.5239999999999,64.796,24,5,16.1
"BOOI4","2020-08-05 10:00",66.488,76.07,1375823.9,0,0.9690016,163.7,0.0094488188976378,71.0779999999999,66.2539999999999,66.4699999999999,64.796,24,5,16
"BOOI4","2020-08-05 11:00",69.53,67.3,2237652.3,0,5.90201,188.2,0.0176377952755906,72.68,66.1819999999999,66.4699999999999,64.7779999999999,23.9,5,15.9
"BOOI4","2020-08-05 12:00",70.8079999999999,63.59,2106216,0,6.23601,214.3,0.0183070866141732,74.3539999999999,66.0919999999999,66.4519999999999,64.7779999999999,23.9,5,15.7
"BOOI4","2020-08-05 13:00",73.13,59.23,2674962,0,7.3770123,218,0.0234251968503937,75.9919999999999,66.038,66.4159999999999,64.7419999999999,23.8,5,15.6
"BOOI4","2020-08-05 14:00",72.9859999999999,62.03,2432153.8,0,5.94601,202.4,0.0218503937007874,77.8819999999999,65.9659999999999,66.4159999999999,64.7599999999999,23.8,4.9,15.5
"BOOI4","2020-08-05 15:00",72.68,60.66,2106318.4,0,6.04801,193.2,0.0200393700787402,79.2499999999999,65.93,66.3619999999999,64.7239999999999,23.8,4.9,15.4
"BOOI4","2020-08-05 16:00",72.9319999999999,60.1,1566599.7,0,5.498009,195.3,0.0157874015748031,80.0599999999999,65.93,66.3259999999999,64.7239999999999,23.8,4.9,15.3
"BOOI4","2020-08-05 17:00",73.7419999999999,56.83,1863576,0,5.5650096,165,0.0176377952755906,80.6359999999999,65.93,66.272,64.7239999999999,23.7,4.8,15.2
"BOOI4","2020-08-05 18:00",72.9859999999999,60.75,1045127.9,0,6.9020114,149.1,0.0129527559055118,81.032,65.93,66.2899999999999,64.688,23.7,4.9,15.1
"BOOI4","2020-08-05 19:00",71.9419999999999,65.31,769756.84,0,6.9650116,151.7,0.0100787401574803,80.78,65.9659999999999,66.2539999999999,64.706,23.7,4.8,15.2
"BOOI4","2020-08-05 20:00",69.7099999999999,74.09,221784,0,2.6920047,158.5,0.00263779527559055,80.006,66.0019999999999,66.2179999999999,64.6699999999999,23.7,4.8,15.1
"BOOI4","2020-08-05 21:00",66.2899999999999,82.6,15958.86,0,2.6200042,155,0.000393700787401575,79.0159999999999,66.056,66.164,64.688,23.7,4.9,15.2
"BOOI4","2020-08-05 22:00",66.38,81.6,0,0,0,0,-0.00094488188976378,78.0079999999999,66.0919999999999,66.146,64.6699999999999,23.7,4.9,15.2
"BOOI4","2020-08-05 23:00",66.0019999999999,83,0,0,0,0,-0.00094488188976378,77.198,66.146,66.0919999999999,64.6519999999999,23.7,4.9,15.3
"BOOI4","2020-08-06 00:00",65.4439999999999,85.7,0,0,0,0,-0.00094488188976378,76.4599999999999,66.1999999999999,66.0739999999999,64.6519999999999,23.8,4.9,15.3
"BOOI4","2020-08-06 01:00",64.13,87.4,0,0,2.1180036,133.8,-0.000118110236220472,75.7939999999999,66.2179999999999,66.0919999999999,64.6159999999999,23.7,4.9,15.4
"BOOI4","2020-08-06 02:00",62.7619999999999,90.2,0,0,2.6210046,136.7,-0.000118110236220472,75.056,66.2359999999999,66.038,64.6159999999999,23.7,4.9,15.4
"BOOI4","2020-08-06 03:00",60.7999999999999,93.8,0,0,1.9520032,151.6,-0.000354330708661417,74.372,66.2179999999999,66.056,64.598,23.7,4.9,15.4
"BOOI4","2020-08-06 04:00",61.43,93.5,0,0,2.2600038,146.6,-0.000354330708661417,73.6699999999999,66.2359999999999,66.0199999999999,64.598,23.7,4.9,15.5
"BOOI4","2020-08-06 05:00",62.348,91.5,0,0,5.6680093,140.4,0.000118110236220472,73.148,66.2179999999999,66.0199999999999,64.58,23.8,4.9,15.5
"BOOI4","2020-08-06 06:00",62.6179999999999,90.3,223.14002,0,3.678006,142,-7.8740157480315e-05,72.788,66.2179999999999,66.0199999999999,64.58,23.8,4.9,15.5
"BOOI4","2020-08-06 07:00",62.1859999999999,90.7,38420.628,0,5.99201,128,0.000708661417322835,72.5179999999999,66.1819999999999,66.0019999999999,64.5619999999999,23.7,4.9,15.5
"BOOI4","2020-08-06 08:00",64.0399999999999,86.1,267574.2,0,6.566011,137,0.00271653543307087,72.3199999999999,66.1819999999999,65.9839999999999,64.5619999999999,23.7,4.9,15.5
"BOOI4","2020-08-06 09:00",68.5939999999999,75.23,1028952,0,8.610014,146,0.0081496062992126,72.4999999999999,66.146,65.9839999999999,64.5439999999999,23.7,4.9,15.4
"BOOI4","2020-08-06 10:00",70.0339999999999,71.47,1523633.9,0,11.760019,157.4,0.0137007874015748,73.3999999999999,66.1279999999999,65.9839999999999,64.5259999999999,23.6,4.9,15.2
"BOOI4","2020-08-06 11:00",72.0679999999999,69.45,2233937.7,0,13.240022,155,0.0196062992125984,74.5159999999999,66.1279999999999,65.948,64.5439999999999,23.6,4.9,15.1
"BOOI4","2020-08-06 12:00",75.7039999999999,65.2,2691119.9,0,11.850019,160.6,0.0239370078740157,76.064,66.0739999999999,65.948,64.5259999999999,23.5,4.9,15
"BOOI4","2020-08-06 13:00",73.6339999999999,72.72,1845426,0,11.330019,164.6,0.0188976377952756,77.5759999999999,66.038,65.93,64.5259999999999,23.6,4.8,14.9
"BOOI4","2020-08-06 14:00",69.6739999999999,81,1340160,0,10.380016,168.7,0.0130708661417323,78.5659999999999,66.0199999999999,65.8939999999999,64.49,23.5,4.8,14.8
"BOOI4","2020-08-06 15:00",68.5579999999999,85.8,313855.26,0,9.380016,156.6,0.0052755905511811,78.3679999999999,66.0199999999999,65.9119999999999,64.472,23.5,4.8,14.9
"BOOI4","2020-08-06 16:00",65.7679999999999,97.7,373854.55,0.080000006,7.801013,163.6,0.00362204724409449,77.756,66.056,65.8759999999999,64.472,23.5,4.8,14.9
"BOOI4","2020-08-06 17:00",66.1279999999999,97.7,523369.93,0.05,9.170015,110.1,0.00358267716535433,76.9279999999999,66.056,65.8759999999999,64.4539999999999,23.5,4.8,15
"BOOI4","2020-08-06 18:00",70.3939999999999,84.7,1343265.5,0,12.68002,138.5,0.00976377952755906,76.64,66.0919999999999,65.8759999999999,64.4539999999999,23.5,4.8,14.9
"BOOI4","2020-08-06 19:00",71.8519999999999,81.8,905363.95,0,9.690016,131.7,0.00822834645669291,76.7119999999999,66.1099999999999,65.822,64.4539999999999,23.4,4.8,14.9
"BOOI4","2020-08-06 20:00",70.3039999999999,81.9,373696.78,0,8.770015,127.2,0.00413385826771654,76.3339999999999,66.146,65.822,64.4359999999999,23.4,4.8,14.9
"BOOI4","2020-08-06 21:00",69.0079999999999,84.7,17400.18,0,6.500011,136.5,0.000748031496062992,75.4699999999999,66.1819999999999,65.8039999999999,64.3999999999999,23.4,4.8,14.9
"BOOI4","2020-08-06 22:00",67.7659999999999,86.8,0,0,6.848011,134.2,0.00047244094488189,74.606,66.2179999999999,65.822,64.3999999999999,23.4,4.8,14.9
"BOOI4","2020-08-06 23:00",67.6939999999999,87.1,0,0,7.5730124,132.4,0.000433070866141732,73.8499999999999,66.1999999999999,65.822,64.4179999999999,23.4,4.8,15
"BOOI4","2020-08-07 00:00",66.1099999999999,91.7,0,0,7.702013,148.1,0.00031496062992126,73.238,66.2359999999999,65.822,64.3819999999999,23.4,4.8,15
"BOOI4","2020-08-07 01:00",64.3999999999999,96.2,0,0,4.0000067,141.4,-0.000433070866141732,72.59,66.2539999999999,65.8039999999999,64.3999999999999,23.4,4.8,15.1
"BOOI4","2020-08-07 02:00",63.8239999999999,96.8,0,0,2.6070044,148.9,-0.000708661417322835,71.9779999999999,66.2539999999999,65.8039999999999,64.364,23.4,4.8,15.1
"BOOI4","2020-08-07 03:00",63.4099999999999,97.8,0,0,0.63700104,140.7,-0.00114173228346457,71.3659999999999,66.2899999999999,65.7859999999999,64.346,23.4,4.8,15.1
"BOOI4","2020-08-07 04:00",64.5079999999999,96.1,0,0,3.9160066,149.1,-0.000511811023622047,70.9159999999999,66.272,65.7859999999999,64.346,23.4,4.8,15.2
"BOOI4","2020-08-07 05:00",63.9859999999999,96.5,0,0,3.5840058,144.3,-0.000511811023622047,70.664,66.2539999999999,65.7679999999999,64.346,23.4,4.8,15.2
"BOOI4","2020-08-07 06:00",63.5179999999999,96,552.9,0,4.4560075,136.8,-0.00047244094488189,70.3579999999999,66.2359999999999,65.7499999999999,64.3279999999999,23.4,4.8,15.2
"BOOI4","2020-08-07 07:00",63.6259999999999,94.7,97186.85,0,4.336007,135.8,-0.000866141732283465,69.9619999999999,66.2179999999999,65.7679999999999,64.3099999999999,23.4,4.8,15.2
"BOOI4","2020-08-07 08:00",65.9659999999999,90.2,534753.6,0,5.8280096,140.1,0.00275590551181102,69.8179999999999,66.1819999999999,65.7679999999999,64.2919999999999,23.4,4.8,15.2
"BOOI4","2020-08-07 09:00",69.4579999999999,86.2,1210566,0,8.180014,151.3,0.0081496062992126,70.232,66.1819999999999,65.714,64.2919999999999,23.4,4.8,15.2
"BOOI4","2020-08-07 10:00",72.5179999999999,82.8,1830426,0,10.030017,156.1,0.0135826771653543,71.33,66.1279999999999,65.714,64.2919999999999,23.4,4.8,15
"BOOI4","2020-08-07 11:00",75.83,80.2,2391953.9,0,9.650017,160.2,0.0186614173228347,72.896,66.1279999999999,65.7679999999999,64.2919999999999,23.3,4.8,14.9
"BOOI4","2020-08-07 12:00",78.5659999999999,76.17,2741909.7,0,10.570017,155,0.022755905511811,74.84,66.1099999999999,65.714,64.238,23.3,4.8,14.7
"BOOI4","2020-08-07 13:00",80.5279999999999,74.86,3070067.9,0,13.160023,150.3,0.0266535433070866,76.946,66.0739999999999,65.714,64.2739999999999,23.2,4.8,14.6
"BOOI4","2020-08-07 14:00",82.7779999999999,73.41,2707728.3,0,13.020021,156.6,0.0253149606299213,79.0699999999999,66.0739999999999,65.696,64.238,23.2,4.8,14.5
"BOOI4","2020-08-07 15:00",82.8859999999999,73.03,2392314.2,0,12.460021,160.4,0.0234645669291339,80.6179999999999,66.1099999999999,65.6779999999999,64.256,23.2,4.8,14.3
"BOOI4","2020-08-07 16:00",82.9939999999999,74.69,1811393.9,0,11.99002,164.5,0.0193700787401575,81.6079999999999,66.164,65.696,64.238,23.2,4.8,14.2
"BOOI4","2020-08-07 17:00",84.0019999999999,74.13,1958412.1,0,11.97002,166,0.0201968503937008,82.3279999999999,66.2179999999999,65.6599999999999,64.238,23.2,4.7,14.2
"BOOI4","2020-08-07 18:00",83.588,74.95,1211652.1,0,10.840017,165,0.0144881889763779,82.6699999999999,66.272,65.6419999999999,64.238,23.1,4.7,14.1
"BOOI4","2020-08-07 19:00",82.5259999999999,76.88,847619.93,0,11.040019,158.2,0.0113385826771653,82.5259999999999,66.38,65.606,64.2019999999999,23.1,4.7,14
"BOOI4","2020-08-07 20:00",79.2499999999999,84.8,284707.18,0,7.9700136,147.4,0.00484251968503937,81.896,66.5239999999999,65.624,64.1839999999999,23.2,4.8,14.1
"BOOI4","2020-08-07 21:00",76.622,90.2,15792.843,0,5.6860094,147.3,0.000511811023622047,80.7619999999999,66.6319999999999,65.6419999999999,64.2019999999999,23.2,4.8,14.1
"BOOI4","2020-08-07 22:00",76.172,90,0,0,6.574011,149,0.000275590551181102,79.7359999999999,66.7759999999999,65.6419999999999,64.148,23.2,4.8,14.1
"BOOI4","2020-08-07 23:00",74.6599999999999,92.6,0,0,8.930015,153.5,0.000433070866141732,78.8359999999999,66.83,65.6419999999999,64.1659999999999,23.1,4.8,14.1
"BOOI4","2020-08-08 00:00",73.256,95.5,0,0,7.5150127,153.5,3.93700787401575e-05,77.99,66.956,65.6599999999999,64.1839999999999,23.2,4.8,14.2
"BOOI4","2020-08-08 01:00",72.446,97.3,0,0,6.15501,155.2,-0.000236220472440945,77.2699999999999,67.046,65.6599999999999,64.1659999999999,23.2,4.8,14.2
"BOOI4","2020-08-08 02:00",72.338,98,0,0,2.297004,150.8,-0.000669291338582677,76.6759999999999,67.1359999999999,65.6779999999999,64.148,23.2,4.8,14.3
"BOOI4","2020-08-08 03:00",71.0599999999999,99.6,0,0,5.8210096,154.6,-0.000393700787401575,76.2259999999999,67.19,65.696,64.148,23.2,4.8,14.3
"BOOI4","2020-08-08 04:00",70.322,95.2,0,0,4.8160076,172.3,-0.000433070866141732,75.6679999999999,67.28,65.714,64.148,23.2,4.8,14.3
"BOOI4","2020-08-08 05:00",69.7099999999999,92.4,0,0,5.344009,179.2,-0.000118110236220472,75.0739999999999,67.3159999999999,65.714,64.1119999999999,23.2,4.8,14.4
"BOOI4","2020-08-08 06:00",68.1079999999999,95.9,284.04006,0,1.3110023,177.4,-0.000748031496062992,74.48,67.388,65.732,64.1119999999999,23.3,4.8,14.4
"BOOI4","2020-08-08 07:00",69.1519999999999,96,77448.78,0,2.6730044,157.8,-0.00110236220472441,74.0119999999999,67.4239999999999,65.7679999999999,64.0939999999999,23.3,4.8,14.4
"BOOI4","2020-08-08 08:00",72.9319999999999,90.4,511020.66,0,2.2960036,165.7,0.00263779527559055,73.8679999999999,67.4419999999999,65.8039999999999,64.13,23.3,4.8,14.4
"BOOI4","2020-08-08 09:00",75.7579999999999,84,1195074.1,0,6.9060116,179.7,0.0091732283464567,74.282,67.4239999999999,65.8039999999999,64.0939999999999,23.2,4.7,14.3
"BOOI4","2020-08-08 10:00",78.9439999999999,79.93,1764096.2,0,7.5110126,184,0.0145669291338583,75.2179999999999,67.4779999999999,65.822,64.0939999999999,23.2,4.8,14.2
"BOOI4","2020-08-08 11:00",82.49,74,2297124,0,7.936013,201.3,0.0205118110236221,76.6039999999999,67.4779999999999,65.84,64.0579999999999,23.1,4.8,14
"BOOI4","2020-08-08 12:00",83.6599999999999,71.19,2748708,0,8.880014,193.2,0.0255905511811024,78.2419999999999,67.4599999999999,65.8579999999999,64.0939999999999,23.1,4.8,13.9
"BOOI4","2020-08-08 13:00",85.73,68.71,2998026,0,8.960014,207.3,0.028503937007874,80.1499999999999,67.4779999999999,65.84,64.0579999999999,23.1,4.7,13.7
"BOOI4","2020-08-08 14:00",86.3419999999999,64.94,3028176,0,8.900015,191.5,0.0296850393700787,82.0039999999999,67.514,65.8939999999999,64.0579999999999,23.1,4.6,13.5
"BOOI4","2020-08-08 15:00",87.746,63.22,2599560,0,7.930013,191.1,0.0266535433070866,83.7679999999999,67.5499999999999,65.8759999999999,64.0579999999999,23,4.6,13.4
"BOOI4","2020-08-08 16:00",86.846,65.59,2552286.1,0,7.7200127,183.7,0.0266535433070866,85.1359999999999,67.5859999999999,65.9119999999999,64.022,23,4.6,13.2
"BOOI4","2020-08-08 17:00",87.0439999999999,67.05,2034360,0,8.440014,171.2,0.0222047244094488,86.1619999999999,67.6579999999999,65.9119999999999,64.0399999999999,23,4.6,13.1
"BOOI4","2020-08-08 18:00",86.5579999999999,66.25,1499520,0,8.680015,162.8,0.0177952755905512,86.6119999999999,67.7839999999999,65.93,64.0399999999999,23,4.6,13.1
"BOOI4","2020-08-08 19:00",84.488,70.93,627378,0,3.644006,162.4,0.00775590551181103,86.396,67.874,65.9659999999999,64.0039999999999,23,4.6,13
"BOOI4","2020-08-08 20:00",82.814,75.78,105168.01,0,2.4660041,132,0.00259842519685039,85.4599999999999,67.982,65.9659999999999,64.0039999999999,23,4.6,13.1
"BOOI4","2020-08-08 21:00",80.69,80.4,8173.8,0,3.1860054,118.5,0.000393700787401575,84.38,68.1259999999999,65.9839999999999,64.022,23,4.6,13.1
"BOOI4","2020-08-08 22:00",79.2859999999999,82.8,0,0,3.8700066,130.1,0.000354330708661417,83.3359999999999,68.2519999999999,66.0199999999999,64.0039999999999,23.1,4.6,13.1
"BOOI4","2020-08-08 23:00",77.972,86.4,0,0,3.2260053,133.7,0,82.3999999999999,68.3779999999999,66.0199999999999,64.0039999999999,23.1,4.6,13.1
"BOOI4","2020-08-09 00:00",75.488,91.7,0,0,4.5780077,143.6,0,81.5359999999999,68.4499999999999,66.056,64.0039999999999,23.1,4.6,13.2
"BOOI4","2020-08-09 01:00",74.2099999999999,96,0,0,4.8780084,160.6,-0.000393700787401575,80.6359999999999,68.5579999999999,66.0919999999999,64.0039999999999,23.1,4.6,13.2
"BOOI4","2020-08-09 02:00",72.9679999999999,98.3,0,0,2.6070044,154,-0.000826771653543307,79.7899999999999,68.6119999999999,66.1279999999999,63.9859999999999,23.1,4.6,13.2
"BOOI4","2020-08-09 03:00",71.9779999999999,99.8,0,0,0.26300043,135.2,-0.00137795275590551,79.0339999999999,68.6839999999999,66.1099999999999,63.9859999999999,23.1,4.6,13.3
"BOOI4","2020-08-09 04:00",72.338,100,0,0,1.9180032,129.8,-0.00106299212598425,78.3859999999999,68.7199999999999,66.1999999999999,64.0039999999999,23.1,4.6,13.3
"BOOI4","2020-08-09 05:00",72.6079999999999,100,0,0,6.594011,135.2,-0.00062992125984252,77.99,68.7739999999999,66.1999999999999,63.9679999999999,23.1,4.6,13.3
"BOOI4","2020-08-09 06:00",73.0579999999999,100,131.82001,0,6.409011,157.4,-0.00062992125984252,77.6659999999999,68.8099999999999,66.2179999999999,63.9679999999999,23.1,4.6,13.4
"BOOI4","2020-08-09 07:00",68.4499999999999,98.9,9757.316,0.010000001,6.591011,13.9,0.00031496062992126,77.306,68.8279999999999,66.2899999999999,63.9679999999999,23.1,4.6,13.4
"BOOI4","2020-08-09 08:00",69.3499999999999,98.3,180438.61,0.010000001,4.4470077,109.2,0.00125984251968504,76.838,68.846,66.3079999999999,63.9679999999999,23.1,4.7,13.4
"BOOI4","2020-08-09 09:00",70.106,96.7,152244.6,0,6.773011,143.9,0.00149606299212598,76.6039999999999,68.864,66.3439999999999,63.9679999999999,23.1,4.7,13.4
"BOOI4","2020-08-09 10:00",76.4419999999999,83.6,1357993.4,0,7.304012,102.6,0.0103543307086614,76.874,68.864,66.38,63.932,23.1,4.7,13.4
"BOOI4","2020-08-09 11:00",77.972,88.4,1846392.1,0,7.4750123,120.7,0.0154330708661417,78.44,68.8819999999999,66.4159999999999,63.9499999999999,23.1,4.7,13.3
"BOOI4","2020-08-09 12:00",79.538,86.8,913914.06,0,4.5830073,116.6,0.00881889763779528,79.106,68.864,66.4159999999999,63.9499999999999,23.1,4.7,13.2
"BOOI4","2020-08-09 13:00",82.4539999999999,78.41,2547341.6,0,9.380016,122,0.0221653543307087,80.1499999999999,68.846,66.4519999999999,63.9499999999999,23,4.6,13.1
"BOOI4","2020-08-09 14:00",85.7659999999999,62.87,3156300.5,0,9.550015,147.9,0.0293307086614173,81.914,68.846,66.4699999999999,63.9679999999999,23,4.6,12.9
"BOOI4","2020-08-09 15:00",87.3499999999999,60.06,2980668.7,0,7.2780123,182.4,0.03,83.624,68.8279999999999,66.4699999999999,63.9499999999999,22.9,4.6,12.7
"BOOI4","2020-08-09 16:00",88.34,61.2,2637438.2,0,6.9160113,185,0.0274409448818898,85.046,68.8819999999999,66.5239999999999,63.9499999999999,22.9,4.6,12.6
"BOOI4","2020-08-09 17:00",89.2939999999999,62.55,2145408.2,0,8.370014,170.6,0.0244094488188976,86.2339999999999,68.8819999999999,66.5419999999999,63.932,22.9,4.6,12.5
"BOOI4","2020-08-09 18:00",88.0519999999999,62.51,1574280.3,0,8.250014,184.4,0.0200393700787402,86.756,68.9539999999999,66.5419999999999,63.9499999999999,22.9,4.6,12.4
"BOOI4","2020-08-09 19:00",85.946,69.67,886689,0,5.6650095,193,0.0111811023622047,86.5939999999999,69.0259999999999,66.5419999999999,63.9499999999999,22.9,4.6,12.3
"BOOI4","2020-08-09 20:00",81.806,77.79,274986,0,4.181007,195.4,0.00393700787401575,85.8019999999999,69.1159999999999,66.5779999999999,63.9499999999999,22.9,4.6,12.3
"BOOI4","2020-08-09 21:00",76.406,90.8,23434.5,0,0.28200048,200.5,-0.00125984251968504,84.4699999999999,69.206,66.614,63.9679999999999,22.8,4.6,12.4
"BOOI4","2020-08-09 22:00",74.7859999999999,93.6,0,0,0,0,-0.0015748031496063,83.1919999999999,69.314,66.6319999999999,63.932,22.8,4.6,12.4
"BOOI4","2020-08-09 23:00",73.7419999999999,94.7,0,0,0,0,-0.0015748031496063,82.022,69.422,66.6499999999999,63.9499999999999,22.9,4.6,12.5
"BOOI4","2020-08-10 00:00",73.238,96.1,0,0,0.23200038,190.8,-0.00149606299212598,81.014,69.4939999999999,66.6859999999999,63.9499999999999,22.9,4.6,12.6
"BOOI4","2020-08-10 01:00",72.6439999999999,97.5,0,0,0.8380014,201.3,-0.0012992125984252,80.1859999999999,69.5659999999999,66.7039999999999,63.9499999999999,22.9,4.6,12.6
"BOOI4","2020-08-10 02:00",71.9779999999999,98.7,0,0,0.45200077,163.5,-0.00145669291338583,79.43,69.6199999999999,66.722,63.9499999999999,22.9,4.6,12.6
"BOOI4","2020-08-10 03:00",70.7899999999999,99.5,0,0,0.14400025,167.5,-0.00153543307086614,78.8179999999999,69.638,66.7759999999999,63.932,22.9,4.6,12.6
"BOOI4","2020-08-10 04:00",71.348,99.9,0,0,1.0360018,155.7,-0.0012992125984252,78.2419999999999,69.6739999999999,66.7759999999999,63.9679999999999,22.9,4.6,12.6
"BOOI4","2020-08-10 05:00",71.7259999999999,100,0,0,1.3870022,178.9,-0.00122047244094488,77.7739999999999,69.6919999999999,66.8119999999999,63.9499999999999,22.9,4.6,12.6
"BOOI4","2020-08-10 06:00",70.8439999999999,100,268.74003,0,0.026000043,172.9,-0.0015748031496063,77.3779999999999,69.656,66.8659999999999,63.9499999999999,22.9,4.6,12.7
"BOOI4","2020-08-10 07:00",72.0859999999999,100,93603.48,0,0.026000043,184.9,-0.00114173228346457,76.982,69.656,66.8659999999999,63.932,22.9,4.6,12.7
"BOOI4","2020-08-10 08:00",74.264,97.9,425017.18,0,0.14700024,353.7,0.00220472440944882,76.8199999999999,69.656,66.8659999999999,63.9499999999999,22.9,4.6,12.7
"BOOI4","2020-08-10 09:00",78.1339999999999,91.6,869950.7,0,0.13800022,243.7,0.00637795275590551,77.072,69.656,66.938,63.9499999999999,22.9,4.6,12.7
"BOOI4","2020-08-10 10:00",77.9539999999999,92,1171709.6,0,2.5550044,288.1,0.00956692913385827,77.846,69.6199999999999,66.9919999999999,63.9679999999999,22.8,4.6,12.7
"BOOI4","2020-08-10 11:00",64.0039999999999,97.4,200115.13,0.1,11.480019,9.45,0.00255905511811024,78.0079999999999,69.6019999999999,66.9919999999999,63.9679999999999,22.9,4.6,12.6
"BOOI4","2020-08-10 12:00",63.14,90.4,5553.959,0.62,20.230034,349.3,0.000511811023622047,73.49,69.6199999999999,67.0099999999999,63.9679999999999,23.7,4.6,12.8
"BOOI4","2020-08-10 13:00",63.6619999999999,80.7,30616.45,0,17.750029,14.84,0.00488188976377953,72.5539999999999,69.638,66.9919999999999,63.9679999999999,23.8,4.6,12.7
"BOOI4","2020-08-10 14:00",69.746,72.92,1020970.1,0,13.710022,73.18,0.0111023622047244,72.0499999999999,69.5839999999999,67.046,63.9679999999999,23.8,4.6,12.7
"BOOI4","2020-08-10 15:00",70.1419999999999,76.63,2055588,0,10.460017,147.3,0.017244094488189,73.7419999999999,69.548,67.064,63.9499999999999,23.8,4.6,12.6
"BOOI4","2020-08-10 16:00",73.5439999999999,72.27,2220054.7,0,9.090014,277.5,0.0186614173228347,75.3439999999999,69.4759999999999,67.064,63.9859999999999,23.8,4.6,12.6
"BOOI4","2020-08-10 17:00",76.982,68.84,2321249.8,0,12.640021,290.2,0.0214173228346457,76.496,69.4039999999999,67.1179999999999,63.9859999999999,23.8,4.6,12.5
"BOOI4","2020-08-10 18:00",75.038,70.91,1507601.8,0,10.830018,291.4,0.0155511811023622,77.2699999999999,69.314,67.1179999999999,63.9859999999999,23.7,4.6,12.4
"BOOI4","2020-08-10 19:00",74.4439999999999,70.4,753264.1,0,5.6700096,342.4,0.00850393700787402,77.1619999999999,69.2419999999999,67.1359999999999,64.0039999999999,23.7,4.6,12.4
"BOOI4","2020-08-10 20:00",70.8259999999999,75.58,373391.4,0,2.6120043,353.8,0.00259842519685039,76.6759999999999,69.188,67.1359999999999,63.9859999999999,23.7,4.6,12.5
"BOOI4","2020-08-10 21:00",66.056,82.9,32670,0,1.6090026,11.62,-0.000511811023622047,75.614,69.1339999999999,67.1539999999999,64.022,23.7,4.6,12.5
"BOOI4","2020-08-10 22:00",64.3819999999999,85.4,0,0,0.4400007,337.2,-0.00145669291338583,74.4079999999999,69.098,67.1539999999999,64.022,23.7,4.6,12.6
"BOOI4","2020-08-10 23:00",63.0319999999999,86.3,0,0,1.848003,338.8,-0.00078740157480315,73.2739999999999,69.08,67.1539999999999,64.022,23.8,4.6,12.6
"BOOI4","2020-08-11 00:00",61.7179999999999,88.6,0,0,0.003000005,332.8,-0.00177165354330709,72.2659999999999,69.0439999999999,67.1359999999999,64.022,23.8,4.6,12.6
"BOOI4","2020-08-11 01:00",61.4119999999999,88.3,0,0,0.10700017,355.7,-0.00169291338582677,71.3839999999999,68.99,67.1359999999999,64.022,23.8,4.6,12.6
"BOOI4","2020-08-11 02:00",60.638,89.4,0,0,0,0,-0.00173228346456693,70.5919999999999,68.9179999999999,67.1539999999999,64.022,23.8,4.6,12.7
"BOOI4","2020-08-11 03:00",61.9339999999999,84.5,0,0,0.028000046,339.5,-0.00173228346456693,69.8359999999999,68.8819999999999,67.1359999999999,64.022,23.8,4.6,12.7
"BOOI4","2020-08-11 04:00",59.63,88.4,0,0,0.3120005,338.8,-0.00153543307086614,69.1699999999999,68.8099999999999,67.1359999999999,64.022,23.8,4.6,12.7
"BOOI4","2020-08-11 05:00",56.3359999999999,95.3,0,0,0,0,-0.00173228346456693,68.5399999999999,68.7199999999999,67.1179999999999,64.0399999999999,23.8,4.6,12.8
"BOOI4","2020-08-11 06:00",56.3359999999999,95.4,329.7,0,0,0,-0.00165354330708661,67.946,68.5939999999999,67.1179999999999,64.0399999999999,23.8,4.6,12.8
"BOOI4","2020-08-11 07:00",59.396,90.9,109834.09,0,0,0,-0.00141732283464567,67.3519999999999,68.4859999999999,67.1179999999999,64.0399999999999,23.8,4.6,12.9
"BOOI4","2020-08-11 08:00",65.0119999999999,85.9,592344.06,0,0,0,0.00224409448818898,67.082,68.3419999999999,67.1179999999999,64.0579999999999,23.7,4.6,12.9
"BOOI4","2020-08-11 09:00",69.5119999999999,72.04,1232867.9,0,0.0020000034,164.8,0.00763779527559055,67.514,68.2519999999999,67.0999999999999,64.0579999999999,23.7,4.6,12.9
"BOOI4","2020-08-11 10:00",71.78,70.94,1875846.2,0,3.1970053,137.7,0.0144094488188976,68.8819999999999,68.1259999999999,67.082,64.0399999999999,23.7,4.6,12.8
"BOOI4","2020-08-11 11:00",73.2019999999999,59.85,2436204,0,6.1670103,147.7,0.0203149606299213,70.8439999999999,67.946,67.064,64.0579999999999,23.7,4.6,12.8
"BOOI4","2020-08-11 12:00",76.082,60.18,2861064.2,0,7.191012,136,0.0252755905511811,72.9499999999999,67.838,67.046,64.0579999999999,23.6,4.6,12.6
"BOOI4","2020-08-11 13:00",77.198,50.07,3127559.8,0,6.699011,130.6,0.0283858267716535,75.164,67.748,67.0279999999999,64.0579999999999,23.6,4.6,12.5
"BOOI4","2020-08-11 14:00",78.6019999999999,46.48,3184559.6,0,6.3310103,123.8,0.0293307086614173,77.1079999999999,67.622,67.0099999999999,64.0939999999999,23.5,4.6,12.4
"BOOI4","2020-08-11 15:00",79.988,53.01,3038879.6,0,6.469011,121,0.0290944881889764,78.746,67.5859999999999,66.9739999999999,64.0759999999999,23.5,4.5,12.3
"BOOI4","2020-08-11 16:00",80.0599999999999,51.06,2697342.3,0,6.08601,130.1,0.0263385826771654,80.0419999999999,67.532,66.9199999999999,64.0759999999999,23.5,4.5,12.1
"BOOI4","2020-08-11 17:00",81.014,53.39,2209505.9,0,5.243009,137.1,0.0220866141732283,80.906,67.5859999999999,66.9019999999999,64.0759999999999,23.5,4.6,12.1
"BOOI4","2020-08-11 18:00",80.78,54.75,1615476.1,0,5.1860085,138.6,0.017007874015748,81.3019999999999,67.5499999999999,66.8659999999999,64.0939999999999,23.5,4.6,12.1
"BOOI4","2020-08-11 19:00",78.782,64.38,905374.15,0,5.683009,134.6,0.0109842519685039,81.0679999999999,67.622,66.8659999999999,64.0759999999999,23.5,4.6,12.1
"BOOI4","2020-08-11 20:00",73.6699999999999,76.65,297407.44,0,1.7450029,133.4,0.00169291338582677,80.114,67.6759999999999,66.8119999999999,64.0759999999999,23.5,4.6,12.1
"BOOI4","2020-08-11 21:00",70.5919999999999,80.8,20662.92,0,0.9810016,135.4,-0.00106299212598425,78.638,67.73,66.7759999999999,64.0939999999999,23.5,4.6,12.1
"BOOI4","2020-08-11 22:00",68.1259999999999,85.2,0,0,5.7230096,130,0.000354330708661417,77.2159999999999,67.8019999999999,66.7759999999999,64.0939999999999,23.5,4.6,12.1
"BOOI4","2020-08-11 23:00",67.3699999999999,85.5,0,0,3.9850068,129,-0.00015748031496063,75.956,67.856,66.74,64.0759999999999,23.5,4.6,12.2
"BOOI4","2020-08-12 00:00",65.3539999999999,90.9,0,0,1.1250018,156.1,-0.00122047244094488,74.8939999999999,67.9099999999999,66.722,64.0759999999999,23.5,4.6,12.2
"BOOI4","2020-08-12 01:00",63.356,94.8,0,0,0.011000019,159.9,-0.0018503937007874,73.9939999999999,67.946,66.7039999999999,64.0939999999999,23.5,4.6,12.3
"BOOI4","2020-08-12 02:00",65.2999999999999,91.2,0,0,0,0,-0.0018503937007874,73.1839999999999,67.982,66.7039999999999,64.1119999999999,23.5,4.6,12.3
"BOOI4","2020-08-12 03:00",64.1119999999999,94,0,0,0,0,-0.0018503937007874,72.4999999999999,67.964,66.7039999999999,64.0939999999999,23.5,4.6,12.3
"BOOI4","2020-08-12 04:00",63.4099999999999,95.8,0,0,0.21000035,113.9,-0.00169291338582677,71.9779999999999,67.964,66.6859999999999,64.0759999999999,23.6,4.6,12.3
"BOOI4","2020-08-12 05:00",63.8779999999999,96.3,0,0,2.958005,109.4,-0.000905511811023622,71.4919999999999,67.8919999999999,66.6859999999999,64.0939999999999,23.6,4.6,12.3
"BOOI4","2020-08-12 06:00",63.7159999999999,97.8,223.08001,0,4.8720083,124.8,-0.000669291338582677,71.096,67.8919999999999,66.6859999999999,64.0939999999999,23.5,4.6,12.3
"BOOI4","2020-08-12 07:00",65.1739999999999,96.7,51911.82,0,4.909008,130.6,-0.00122047244094488,70.88,67.838,66.6859999999999,64.0939999999999,23.5,4.6,12.4
"BOOI4","2020-08-12 08:00",68.5399999999999,94.1,553734.2,0,6.20301,142.5,0.00263779527559055,70.8619999999999,67.7839999999999,66.6679999999999,64.1119999999999,23.5,4.6,12.4
"BOOI4","2020-08-12 09:00",72.0859999999999,90.8,1220489.9,0,6.2440104,147.2,0.00795275590551181,71.348,67.748,66.6499999999999,64.1119999999999,23.5,4.6,12.4
"BOOI4","2020-08-12 10:00",74.1199999999999,90,1215851.8,0,7.351012,152.8,0.00925196850393701,72.3919999999999,67.6759999999999,66.6679999999999,64.0759999999999,23.5,4.6,12.4
"BOOI4","2020-08-12 11:00",78.6199999999999,86.9,1864710.2,0,7.8880134,158.8,0.0146062992125984,73.688,67.64,66.6499999999999,64.0759999999999,23.5,4.6,12.4
"BOOI4","2020-08-12 12:00",79.88,82,2018976.4,0,6.9070115,166.9,0.017007874015748,75.164,67.5859999999999,66.6499999999999,64.0759999999999,23.4,4.6,12.2
"BOOI4","2020-08-12 13:00",81.0859999999999,81,2443235.8,0,9.610016,164.4,0.0210236220472441,76.8019999999999,67.532,66.6319999999999,64.0759999999999,23.4,4.6,12.1
"BOOI4","2020-08-12 14:00",82.814,76.15,1937849.6,0,7.0320115,171.6,0.0183858267716536,77.972,67.532,66.614,64.0939999999999,23.4,4.5,12
"BOOI4","2020-08-12 15:00",84.1999999999999,74.15,1481202,0,7.119012,151.7,0.015748031496063,78.9259999999999,67.5499999999999,66.596,64.0939999999999,23.4,4.5,12
"BOOI4","2020-08-12 16:00",84.3079999999999,72.88,1674791.7,0,6.3090105,135.5,0.0171653543307087,79.7179999999999,67.5859999999999,66.596,64.0939999999999,23.4,4.5,11.9
"BOOI4","2020-08-12 17:00",85.046,73.1,2028438.1,0,8.380014,141.6,0.0199606299212599,80.4739999999999,67.64,66.5419999999999,64.0759999999999,23.4,4.5,11.8
"BOOI4","2020-08-12 18:00",82.94,79.36,1185864,0,8.030013,148.4,0.0132283464566929,81.014,67.73,66.5779999999999,64.0939999999999,23.4,4.5,11.8
"BOOI4","2020-08-12 19:00",81.4099999999999,84.8,442283.97,0,3.9140067,137.7,0.00511811023622047,80.69,67.8199999999999,66.5419999999999,64.0939999999999,23.4,4.5,11.8
"BOOI4","2020-08-12 20:00",79.3579999999999,88.7,197123.41,0,5.2250085,124.6,0.00232283464566929,80.114,67.9099999999999,66.5599999999999,64.0759999999999,23.4,4.5,11.9
"BOOI4","2020-08-12 21:00",77.4319999999999,92.9,17152.319,0,5.435009,130.4,0.00031496062992126,79.2859999999999,68.0179999999999,66.5239999999999,64.0759999999999,23.4,4.5,11.9
"BOOI4","2020-08-12 22:00",75.6499999999999,97.4,0,0,0.017000029,125.4,-0.00102362204724409,78.4759999999999,68.1259999999999,66.506,64.0759999999999,23.4,4.5,12
"BOOI4","2020-08-12 23:00",74.8579999999999,97.9,0,0,1.225002,112.7,-0.00078740157480315,77.7919999999999,68.2519999999999,66.506,64.0759999999999,23.4,4.5,12
"BOOI4","2020-08-13 00:00",75.038,98.1,0,0,5.840009,123.9,-0.000354330708661417,77.2339999999999,68.3239999999999,66.488,64.0759999999999,23.5,4.5,12
"BOOI4","2020-08-13 01:00",74.246,99,0,0,6.1690106,121.2,-0.000354330708661417,76.7659999999999,68.414,66.5239999999999,64.0759999999999,23.5,4.5,12.1
"BOOI4","2020-08-13 02:00",73.6699999999999,99.3,0,0,6.23501,131.9,-0.000433070866141732,76.3159999999999,68.4859999999999,66.5419999999999,64.0939999999999,23.5,4.5,12.1
"BOOI4","2020-08-13 03:00",72.914,100,0,0,4.4710073,148.7,-0.000551181102362205,75.848,68.5759999999999,66.5779999999999,64.0579999999999,23.5,4.6,12.1
"BOOI4","2020-08-13 04:00",71.9599999999999,100,0,0,0.0610001,114.5,-0.00106299212598425,75.4159999999999,68.5939999999999,66.5599999999999,64.0939999999999,23.5,4.6,12.1
"BOOI4","2020-08-13 05:00",71.6359999999999,100,0,0,2.0640035,118.1,-0.00078740157480315,74.9839999999999,68.648,66.5599999999999,64.0759999999999,23.5,4.6,12.1
"BOOI4","2020-08-13 06:00",72.0859999999999,100,76.139994,0,5.108009,128.2,-0.000551181102362205,74.696,68.7019999999999,66.5599999999999,64.0579999999999,23.5,4.6,12.1
"BOOI4","2020-08-13 07:00",72.14,100,19874.708,0,5.5640097,131.1,-0.000196850393700787,74.5519999999999,68.738,66.614,64.0579999999999,23.5,4.6,12.2
"BOOI4","2020-08-13 08:00",72.23,100,221183.99,0,6.408011,133.5,0.00118110236220473,74.498,68.756,66.596,64.0579999999999,23.6,4.6,12.2
"BOOI4","2020-08-13 09:00",76.2439999999999,92.3,1067477.9,0,6.893011,150.7,0.00681102362204724,74.8039999999999,68.7739999999999,66.614,64.0399999999999,23.6,4.6,12.2
"BOOI4","2020-08-13 10:00",78.764,87.9,1857498,0,7.345012,161.6,0.014251968503937,75.5599999999999,68.8099999999999,66.6319999999999,64.0399999999999,23.6,4.6,12.1
"BOOI4","2020-08-13 11:00",80.7439999999999,84.2,1239690.1,0,6.8280115,165.9,0.0111023622047244,76.4779999999999,68.8099999999999,66.6679999999999,64.0399999999999,23.5,4.6,12.1
"BOOI4","2020-08-13 12:00",84.488,77.01,2765148,0,7.4940124,174.3,0.0240551181102362,77.5399999999999,68.8099999999999,66.6679999999999,64.022,23.5,4.6,11.9
"BOOI4","2020-08-13 13:00",84.1819999999999,74.8,2195297.9,0,7.135012,171.8,0.0211023622047244,79.088,68.8279999999999,66.6859999999999,64.0399999999999,23.5,4.5,11.8
"BOOI4","2020-08-13 14:00",85.046,71.35,2178708.3,0,7.930013,168.2,0.0218110236220472,80.4199999999999,68.8279999999999,66.722,64.0579999999999,23.5,4.5,11.8
"BOOI4","2020-08-13 15:00",85.6759999999999,63.67,2840309.8,0,8.080013,160.4,0.027755905511811,81.914,68.8819999999999,66.722,64.022,23.5,4.5,11.6
"BOOI4","2020-08-13 16:00",85.982,70.13,2432670.2,0,8.420013,159.9,0.0253937007874016,83.4259999999999,68.9539999999999,66.722,64.0399999999999,23.4,4.5,11.4
"BOOI4","2020-08-13 17:00",85.6579999999999,72.08,2198970.2,0,8.400014,140.9,0.0220472440944882,84.8119999999999,69.0079999999999,66.74,64.0399999999999,23.4,4.5,11.4
"BOOI4","2020-08-13 18:00",84.1099999999999,71.96,936852.1,0,7.7380133,137.1,0.012007874015748,85.406,69.098,66.74,64.0399999999999,23.4,4.5,11.3
"BOOI4","2020-08-13 19:00",83.0119999999999,76.12,800741.9,0,6.5560107,114.6,0.00952755905511811,85.0099999999999,69.206,66.7579999999999,64.0399999999999,23.4,4.5,11.3
"BOOI4","2020-08-13 20:00",79.1599999999999,85.2,263460.02,0,5.4300094,111.7,0.00326771653543307,84.2359999999999,69.314,66.7939999999999,64.0579999999999,23.5,4.5,11.4
"BOOI4","2020-08-13 21:00",76.532,86.6,12849.6,0,3.8500063,116.8,0.00047244094488189,82.922,69.44,66.83,64.022,23.5,4.5,11.4
"BOOI4","2020-08-13 22:00",75.398,90.1,0,0,4.797008,115,0.000433070866141732,81.6079999999999,69.548,66.848,64.0399999999999,23.5,4.5,11.4
"BOOI4","2020-08-13 23:00",73.8499999999999,94.6,0,0,5.1720085,112.8,0.000118110236220472,80.4739999999999,69.6199999999999,66.8659999999999,64.0399999999999,23.5,4.5,11.4
"BOOI4","2020-08-14 00:00",74.1199999999999,93.3,0,0,6.5710106,121.7,0.00015748031496063,79.538,69.7099999999999,66.9019999999999,64.0039999999999,23.5,4.5,11.4
"BOOI4","2020-08-14 01:00",72.4279999999999,97.4,0,0,6.2600107,145.8,0,78.7279999999999,69.7279999999999,66.9199999999999,64.0399999999999,23.5,4.5,11.5
"BOOI4","2020-08-14 02:00",71.114,99.5,0,0,0.51300085,149.3,-0.000669291338582677,78.0259999999999,69.7999999999999,66.9199999999999,64.022,23.6,4.5,11.5
"BOOI4","2020-08-14 03:00",70.9159999999999,99.9,0,0,1.2100021,134.7,-0.00062992125984252,77.3599999999999,69.8359999999999,66.956,64.0399999999999,23.6,4.5,11.5
"BOOI4","2020-08-14 04:00",69.782,100,0,0,0.6770011,126,-0.000669291338582677,76.748,69.89,66.9919999999999,64.0399999999999,23.6,4.5,11.6
"BOOI4","2020-08-14 05:00",69.188,100,0,0,1.252002,122.9,-0.00062992125984252,76.19,69.89,66.9919999999999,64.0399999999999,23.6,4.6,11.6
"BOOI4","2020-08-14 06:00",68.3779999999999,100,172.44,0,0.21500036,124.8,-0.000748031496062992,75.6679999999999,69.89,67.064,64.022,23.6,4.6,11.6
"BOOI4","2020-08-14 07:00",67.7839999999999,100,41480.41,0,0.5380009,121.1,-0.00141732283464567,75.1999999999999,69.872,67.064,64.0399999999999,23.6,4.6,11.6
"BOOI4","2020-08-14 08:00",70.3939999999999,100,329079,0,2.2250037,146.2,0.00149606299212598,74.9659999999999,69.8539999999999,67.082,64.022,23.5,4.6,11.7
"BOOI4","2020-08-14 09:00",72.788,100,958625.9,0,4.6630077,155.3,0.00578740157480315,75.272,69.8359999999999,67.1539999999999,64.022,23.5,4.6,11.6
"BOOI4","2020-08-14 10:00",77.2339999999999,90,1729055.7,0,5.8690095,158.6,0.0121653543307087,76.064,69.8359999999999,67.1539999999999,64.022,23.5,4.6,11.6
"BOOI4","2020-08-14 11:00",78.746,87.7,2057297.9,0,6.5050106,153.7,0.0163385826771654,77.4859999999999,69.782,67.19,64.0039999999999,23.5,4.5,11.5
"BOOI4","2020-08-14 12:00",81.68,80.8,2530272.2,0,8.430015,153.6,0.0214173228346457,79.1779999999999,69.7279999999999,67.19,64.0399999999999,23.5,4.5,11.5
"BOOI4","2020-08-14 13:00",83.1019999999999,77.01,2215998,0,9.180015,154.3,0.0207086614173228,80.906,69.7279999999999,67.2079999999999,64.0399999999999,23.4,4.6,11.3
"BOOI4","2020-08-14 14:00",83.8039999999999,70.43,2289161.9,0,9.230016,156.9,0.0226377952755905,82.6339999999999,69.6919999999999,67.2439999999999,64.0579999999999,23.5,4.5,11.1
"BOOI4","2020-08-14 15:00",84.956,67.22,2763396.5,0,10.310018,163.6,0.0277952755905512,84.3619999999999,69.7279999999999,67.2439999999999,64.0399999999999,23.5,4.5,11.1
"BOOI4","2020-08-14 16:00",84.8659999999999,67.08,2316779.5,0,9.2600155,165.9,0.0246456692913386,86.0179999999999,69.746,67.2439999999999,64.0399999999999,23.4,4.5,10.9
"BOOI4","2020-08-14 17:00",86.09,67.58,1808705.8,0,8.730015,167.4,0.0203937007874016,87.08,69.782,67.2259999999999,64.0399999999999,23.4,4.4,10.9
"BOOI4","2020-08-14 18:00",86.288,67,1324811.8,0,4.2410073,197.2,0.0137795275590551,87.3859999999999,69.8359999999999,67.2619999999999,64.0399999999999,23.4,4.4,10.9
"BOOI4","2020-08-14 19:00",81.7339999999999,77.75,527338.8,0,6.641011,172.4,0.00807086614173229,86.864,69.9259999999999,67.2619999999999,64.0399999999999,23.4,4.5,10.9
"BOOI4","2020-08-14 20:00",79.34,81.1,84284.75,0,4.240007,178.8,0.00303149606299213,85.6039999999999,70.0159999999999,67.298,64.0399999999999,23.4,4.5,10.9
"BOOI4","2020-08-14 21:00",77.306,86.5,16533.9,0,0,0,-0.00125984251968504,84.2359999999999,70.124,67.28,64.0579999999999,23.4,4.5,10.9
"BOOI4","2020-08-14 22:00",76.4419999999999,86.7,0,0,0.031000052,226.6,-0.00133858267716536,83.03,70.196,67.3339999999999,64.0579999999999,23.4,4.5,10.8
"BOOI4","2020-08-14 23:00",74.282,92.7,0,0,0.0020000034,226.4,-0.00137795275590551,81.9679999999999,70.2499999999999,67.3339999999999,64.0579999999999,23.4,4.5,10.8
"BOOI4","2020-08-15 00:00",74.2279999999999,97.7,0,0.19000001,1.5880027,234.5,-0.000826771653543307,81.0499999999999,70.3039999999999,67.3699999999999,64.0759999999999,23.4,4.5,10.9
"BOOI4","2020-08-15 01:00",74.822,88.3,0,0,3.771006,357.6,-0.000393700787401575,80.0599999999999,70.3579999999999,67.3699999999999,64.0759999999999,23.4,4.5,10.9
"BOOI4","2020-08-15 02:00",71.222,92,0,0,8.280013,13.81,0.000275590551181102,79.0699999999999,70.3759999999999,67.4239999999999,64.0579999999999,23.4,4.5,10.9
"BOOI4","2020-08-15 03:00",69.3859999999999,92.5,0,0,4.7760077,8.17,-0.000354330708661417,77.99,70.448,67.4599999999999,64.0579999999999,23.4,4.5,11
"BOOI4","2020-08-15 04:00",65.5339999999999,89.1,0,0,7.021012,347.3,0.000236220472440945,76.856,70.448,67.4599999999999,64.0939999999999,23.4,4.5,11
"BOOI4","2020-08-15 05:00",63.788,90.5,0,0,7.346012,343.4,7.8740157480315e-05,75.5599999999999,70.43,67.4599999999999,64.0759999999999,23.4,4.5,11.1
"BOOI4","2020-08-15 06:00",61.7179999999999,92.3,142.02,0,6.2310104,349,-7.8740157480315e-05,74.264,70.4119999999999,67.496,64.0759999999999,23.4,4.5,11.1
"BOOI4","2020-08-15 07:00",61.2499999999999,93.3,80264.16,0,5.696009,345.3,-0.000551181102362205,73.1119999999999,70.4119999999999,67.532,64.0939999999999,23.4,4.5,11.1
"BOOI4","2020-08-15 08:00",63.806,88.8,582282,0,7.4790125,344.4,0.00307086614173228,72.1939999999999,70.34,67.532,64.0939999999999,23.3,4.5,11.1
"BOOI4","2020-08-15 09:00",66.272,79.81,1236354.1,0,9.160015,344.6,0.00862204724409449,71.7439999999999,70.3039999999999,67.5859999999999,64.0939999999999,23.3,4.5,11.1
"BOOI4","2020-08-15 10:00",69.7999999999999,71.5,1869900,0,9.030015,346.5,0.0146062992125984,71.8699999999999,70.214,67.5859999999999,64.0939999999999,23.3,4.5,11.1
"BOOI4","2020-08-15 11:00",72.806,66.21,2418360,0,6.8270116,357.2,0.0198818897637795,72.8599999999999,70.124,67.6039999999999,64.1119999999999,23.3,4.5,11
"BOOI4","2020-08-15 12:00",74.9119999999999,58.02,2847498.5,0,7.219012,358.2,0.0248818897637795,74.4259999999999,70.0339999999999,67.5859999999999,64.1119999999999,23.3,4.5,10.8
"BOOI4","2020-08-15 13:00",76.748,53.17,3109798.8,0,7.884013,5.465,0.0288582677165354,76.082,69.9439999999999,67.622,64.1119999999999,23.2,4.5,10.9
"BOOI4","2020-08-15 14:00",77.4499999999999,49.96,3160619.9,0,8.110014,11.38,0.03,77.7919999999999,69.8539999999999,67.622,64.1119999999999,23.1,4.5,10.6
"BOOI4","2020-08-15 15:00",79.214,50.51,2993076.4,0,7.743013,11.62,0.0292913385826772,79.43,69.764,67.622,64.13,23.1,4.5,10.6
"BOOI4","2020-08-15 16:00",79.538,50.13,2662602.3,0,5.7090096,15.73,0.0259842519685039,80.9779999999999,69.7279999999999,67.64,64.13,23.1,4.5,10.6
"BOOI4","2020-08-15 17:00",80.1499999999999,44.03,2191620,0,5.388009,23.34,0.0223228346456693,82.1659999999999,69.7099999999999,67.622,64.1119999999999,23.1,4.4,10.5
"BOOI4","2020-08-15 18:00",79.7539999999999,47.72,1472687.9,0,2.350004,22.92,0.0133858267716536,82.6519999999999,69.7099999999999,67.64,64.13,23,4.5,10.5
"BOOI4","2020-08-15 19:00",78.314,54.34,744826.05,0,0.076000124,22.6,0.0044488188976378,82.3099999999999,69.7099999999999,67.64,64.148,23,4.5,10.5
"BOOI4","2020-08-15 20:00",72.7699999999999,80.9,221484.59,0,0,0,-0.000275590551181102,81.1759999999999,69.7279999999999,67.622,64.148,23,4.5,10.6
"BOOI4","2020-08-15 21:00",68.288,79.55,11929.62,0,0,0,-0.00173228346456693,79.5199999999999,69.764,67.622,64.13,23,4.5,10.6
"BOOI4","2020-08-15 22:00",67.1539999999999,80.4,0,0,0.015000025,213.9,-0.00188976377952756,77.8819999999999,69.7999999999999,67.64,64.1659999999999,23,4.5,10.6
"BOOI4","2020-08-15 23:00",66.1279999999999,78.87,0,0,0,0,-0.00181102362204724,76.4599999999999,69.8179999999999,67.622,64.1659999999999,23,4.5,10.6
"BOOI4","2020-08-16 00:00",66.1999999999999,79.27,0,0,0,0,-0.0018503937007874,75.1999999999999,69.8179999999999,67.6039999999999,64.1839999999999,23,4.5,10.5
"BOOI4","2020-08-16 01:00",60.7999999999999,91.5,0,0,0,0,-0.00177165354330709,74.0839999999999,69.764,67.64,64.1839999999999,23,4.5,10.5
"BOOI4","2020-08-16 02:00",62.222,90.1,0,0,0.04300007,243.1,-0.00173228346456693,73.1659999999999,69.746,67.622,64.1659999999999,23,4.5,10.6
"BOOI4","2020-08-16 03:00",59.3419999999999,95.7,0,0,0.7920013,244,-0.0012992125984252,72.3199999999999,69.6739999999999,67.64,64.1839999999999,23,4.5,10.6
"BOOI4","2020-08-16 04:00",58.3699999999999,96.5,0,0,0.37300062,249.9,-0.00149606299212598,71.456,69.6019999999999,67.622,64.2019999999999,22.9,4.5,10.6
"BOOI4","2020-08-16 05:00",57.938,96.5,0,0,1.260002,253.8,-0.00118110236220473,70.646,69.53,67.6039999999999,64.1839999999999,22.9,4.5,10.7
"BOOI4","2020-08-16 06:00",58.2079999999999,96,116.64,0,0.66100115,251.1,-0.00137795275590551,69.9439999999999,69.4039999999999,67.622,64.1659999999999,22.9,4.5,10.7
"BOOI4","2020-08-16 07:00",61.1779999999999,91.4,59596.912,0,1.5750026,257.9,-0.00149606299212598,69.3499999999999,69.296,67.64,64.1839999999999,23,4.5,10.8
"BOOI4","2020-08-16 08:00",63.5539999999999,90.5,334237.18,0,6.6090107,260.1,0.00220472440944882,69.1339999999999,69.188,67.6039999999999,64.2019999999999,22.9,4.5,10.8
"BOOI4","2020-08-16 09:00",70.196,77.07,815342.47,0,6.560011,264.7,0.00606299212598425,69.3499999999999,69.0619999999999,67.6039999999999,64.2199999999999,22.9,4.5,10.8
"BOOI4","2020-08-16 10:00",75.0199999999999,67.28,1479924.3,0,7.9810133,278.5,0.0140157480314961,70.106,68.9179999999999,67.5859999999999,64.238,22.8,4.5,10.7
"BOOI4","2020-08-16 11:00",75.7039999999999,69.17,1401522,0,4.746008,268.5,0.0135826771653543,71.3839999999999,68.8099999999999,67.5859999999999,64.238,22.8,4.5,10.6
"BOOI4","2020-08-16 12:00",78.7279999999999,63.79,2102496.3,0,5.356009,266.2,0.0191732283464567,72.9859999999999,68.7019999999999,67.5499999999999,64.2199999999999,22.8,4.5,10.6
"BOOI4","2020-08-16 13:00",82.832,60.94,3036648.2,0,2.7050045,244.5,0.0263385826771654,75.4159999999999,68.5939999999999,67.5679999999999,64.238,22.7,4.4,10.5
"BOOI4","2020-08-16 14:00",83.822,55,2769522.7,0,4.5300074,262.7,0.026259842519685,78.1159999999999,68.5039999999999,67.496,64.238,22.7,4.4,10.4
"BOOI4","2020-08-16 15:00",84.9739999999999,49.38,3023993.7,0,5.2090087,248.1,0.029488188976378,80.6539999999999,68.4679999999999,67.496,64.2199999999999,22.6,4.4,10.3
"BOOI4","2020-08-16 16:00",85.748,48.91,2569908,0,6.8230114,254.8,0.0277952755905512,82.706,68.4499999999999,67.496,64.238,22.6,4.4,10.2
"BOOI4","2020-08-16 17:00",85.838,47.49,1995792.1,0,5.250009,259.1,0.0220472440944882,84.0919999999999,68.4319999999999,67.4239999999999,64.256,22.6,4.4,10.1
"BOOI4","2020-08-16 18:00",85.874,47.88,1516961.9,0,3.8210065,255,0.0161811023622047,84.7579999999999,68.522,67.388,64.238,22.6,4.4,10
"BOOI4","2020-08-16 19:00",80.33,61.98,618541.75,0,3.5100057,252.4,0.00803149606299213,84.3439999999999,68.5759999999999,67.3699999999999,64.256,22.6,4.4,10
"BOOI4","2020-08-16 20:00",77.8099999999999,71.72,164100,0,0.40800068,240.1,0.000433070866141732,82.9939999999999,68.648,67.3699999999999,64.238,22.6,4.4,10.1
"BOOI4","2020-08-16 21:00",71.1859999999999,85.1,18739.439,0,0.2420004,245.5,-0.00153543307086614,81.4999999999999,68.738,67.3519999999999,64.2739999999999,22.6,4.4,10.1
"BOOI4","2020-08-16 22:00",67.4239999999999,90.2,0,0,0.1180002,246.4,-0.00173228346456693,79.9519999999999,68.7919999999999,67.3339999999999,64.256,22.6,4.4,10.1
"BOOI4","2020-08-16 23:00",65.4079999999999,94.3,0,0,0.28500047,246.6,-0.00165354330708661,78.53,68.8819999999999,67.3159999999999,64.256,22.6,4.4,10.2
"BOOI4","2020-08-17 00:00",66.0919999999999,90.3,0,0,1.818003,251.9,-0.00106299212598425,77.288,68.9539999999999,67.298,64.238,22.6,4.4,10.2
"BOOI4","2020-08-17 01:00",64.2199999999999,93.6,0,0,0.56200093,243.2,-0.00153543307086614,76.172,68.972,67.298,64.256,22.6,4.4,10.2
"BOOI4","2020-08-17 02:00",65.156,93.7,0,0,0.28000045,247.2,-0.00165354330708661,75.1819999999999,68.972,67.2619999999999,64.2739999999999,22.6,4.4,10.2
"BOOI4","2020-08-17 03:00",63.0679999999999,97.3,0,0,1.8870031,246.8,-0.00110236220472441,74.3539999999999,68.99,67.3159999999999,64.238,22.6,4.4,10.3
"BOOI4","2020-08-17 04:00",63.7339999999999,98.1,0,0,4.3790073,265.3,-0.00078740157480315,73.6339999999999,68.99,67.2619999999999,64.256,22.6,4.4,10.3
"BOOI4","2020-08-17 05:00",63.5899999999999,95.9,0,0,5.3990088,277.3,-0.000590551181102362,72.9859999999999,68.972,67.28,64.2739999999999,22.6,4.4,10.3
"BOOI4","2020-08-17 06:00",63.572,92.5,101.459995,0,6.8270116,291.8,-0.000275590551181102,72.338,68.8999999999999,67.28,64.2739999999999,22.6,4.4,10.3
"BOOI4","2020-08-17 07:00",63.7519999999999,91.1,55778.21,0,8.130013,303.3,7.8740157480315e-05,71.7619999999999,68.8819999999999,67.2619999999999,64.238,22.6,4.4,10.3
"BOOI4","2020-08-17 08:00",66.3079999999999,87.2,330399.02,0,6.1840105,315.8,0.00228346456692913,71.3659999999999,68.7919999999999,67.2619999999999,64.2739999999999,22.6,4.4,10.3
"BOOI4","2020-08-17 09:00",69.422,81,994296.1,0,6.6700106,326.2,0.00736220472440945,71.4739999999999,68.7199999999999,67.2619999999999,64.2739999999999,22.6,4.4,10.3
"BOOI4","2020-08-17 10:00",70.6999999999999,78.27,1451328,0,8.070013,327.9,0.0118503937007874,72.248,68.648,67.2619999999999,64.2739999999999,22.6,4.4,10.3
"BOOI4","2020-08-17 11:00",73.6159999999999,75.6,2460852.3,0,10.490018,329.6,0.0196850393700787,73.5619999999999,68.5759999999999,67.2439999999999,64.256,22.6,4.4,10.2
"BOOI4","2020-08-17 12:00",75.0199999999999,74.05,2758781.2,0,12.09002,343.4,0.0227165354330709,75.38,68.5039999999999,67.2439999999999,64.2919999999999,22.5,4.4,10.1
"BOOI4","2020-08-17 13:00",77.0179999999999,67.53,3048149.2,0,12.790022,349.1,0.0261417322834646,77.2339999999999,68.4319999999999,67.2259999999999,64.2739999999999,22.4,4.4,10
"BOOI4","2020-08-17 14:00",78.5659999999999,54.7,3108683.6,0,12.18002,353.8,0.0293700787401575,79.0699999999999,68.3779999999999,67.2079999999999,64.256,22.4,4.3,9.9
"BOOI4","2020-08-17 15:00",79.0339999999999,49.19,2951081.8,0,11.510019,357.4,0.0307086614173228,80.7079999999999,68.3419999999999,67.172,64.2739999999999,22.4,4.3,9.8
"BOOI4","2020-08-17 16:00",78.332,48.18,2624345.5,0,11.320019,0.213,0.0288976377952756,82.0579999999999,68.3239999999999,67.19,64.2739999999999,22.4,4.3,9.8
"BOOI4","2020-08-17 17:00",78.6739999999999,47.3,2123670.2,0,9.380016,354.2,0.0247637795275591,82.922,68.3239999999999,67.172,64.2739999999999,22.4,4.3,9.7
"BOOI4","2020-08-17 18:00",77.3779999999999,49.52,1528451.9,0,9.110016,350.3,0.0197244094488189,83.0839999999999,68.3419999999999,67.1539999999999,64.2919999999999,22.4,4.2,9.7
"BOOI4","2020-08-17 19:00",76.0279999999999,53.14,848830.14,0,8.680015,344.3,0.013740157480315,82.5259999999999,68.3779999999999,67.1359999999999,64.256,22.3,4.3,9.7
"BOOI4","2020-08-17 20:00",71.096,65.93,275079,0,3.2700055,353,0.00311023622047244,81.338,68.3779999999999,67.1179999999999,64.256,22.3,4.2,9.6
"BOOI4","2020-08-17 21:00",66.956,74.72,9979.441,0,0.37400064,343.4,-0.00161417322834646,79.7359999999999,68.4319999999999,67.1359999999999,64.2739999999999,22.3,4.3,9.7
"BOOI4","2020-08-17 22:00",65.6419999999999,76.37,0,0,0.3670006,350,-0.00169291338582677,78.1699999999999,68.4859999999999,67.0999999999999,64.2739999999999,22.3,4.3,9.7
"BOOI4","2020-08-17 23:00",63.698,80.2,0,0,0.9110015,341.7,-0.00125984251968504,76.8019999999999,68.5039999999999,67.082,64.256,22.3,4.3,9.7
"BOOI4","2020-08-18 00:00",62.33,83.3,0,0,0.99300164,342.6,-0.00122047244094488,75.5779999999999,68.4859999999999,67.082,64.2739999999999,22.3,4.2,9.7
"BOOI4","2020-08-18 01:00",60.9079999999999,86.5,0,0,2.2880037,339.7,-0.000708661417322835,74.498,68.4859999999999,67.064,64.2919999999999,22.3,4.2,9.8
"BOOI4","2020-08-18 02:00",59.8099999999999,89.2,0,0,0.09700016,334.5,-0.00181102362204724,73.5619999999999,68.4499999999999,67.082,64.256,22.3,4.3,9.7
"BOOI4","2020-08-18 03:00",59.6119999999999,88.6,0,0,0.8940015,340.3,-0.00133858267716536,72.6619999999999,68.4319999999999,67.046,64.256,22.3,4.2,9.7
"BOOI4","2020-08-18 04:00",58.5499999999999,90.9,0,0,0.99600166,345.6,-0.0012992125984252,71.8519999999999,68.3599999999999,67.082,64.238,22.3,4.2,9.7
"BOOI4","2020-08-18 05:00",57.8119999999999,92.6,0,0,1.6300026,339.9,-0.00106299212598425,71.096,68.306,67.046,64.2739999999999,22.3,4.2,9.8
"BOOI4","2020-08-18 06:00",56.6419999999999,94.9,142.02,0,0.105000176,340.5,-0.00177165354330709,70.3939999999999,68.2159999999999,67.046,64.2739999999999,22.2,4.3,9.8
"BOOI4","2020-08-18 07:00",57.9019999999999,92,72346.62,0,0.6870011,336.9,-0.00110236220472441,69.764,68.1079999999999,67.046,64.256,22.2,4.3,9.9
"BOOI4","2020-08-18 08:00",62.7079999999999,83.8,536074.77,0,0.07300012,339.7,0.00177165354330709,69.332,67.9999999999999,67.0099999999999,64.238,22.2,4.3,9.9
"BOOI4","2020-08-18 09:00",67.5499999999999,74.81,1167852,0,0.7390012,355.9,0.00708661417322835,69.4759999999999,67.9279999999999,67.0099999999999,64.256,22.3,4.3,9.9
"BOOI4","2020-08-18 10:00",70.6819999999999,62.24,1811969.7,0,2.6800044,8.74,0.0135826771653543,70.5199999999999,67.838,66.956,64.238,22.2,4.3,9.8
"BOOI4","2020-08-18 11:00",72.6259999999999,55.96,2384292.5,0,2.4950042,1.959,0.0188188976377953,72.338,67.73,66.9739999999999,64.256,22.1,4.3,9.8
"BOOI4","2020-08-18 12:00",73.9039999999999,55.29,2845667,0,4.4740076,9.16,0.0238976377952756,74.714,67.6039999999999,66.9739999999999,64.2739999999999,22.1,4.3,9.7
"BOOI4","2020-08-18 13:00",75.0919999999999,54.18,2596716.3,0,5.244009,21.15,0.0232677165354331,76.9279999999999,67.532,66.938,64.238,22.1,4.3,9.6
"BOOI4","2020-08-18 14:00",77.5039999999999,47.3,3088482,0,4.955008,14.57,0.0273622047244095,79.088,67.496,66.9019999999999,64.256,22.1,4.2,9.5
"BOOI4","2020-08-18 15:00",77.6659999999999,48.04,2948429.7,0,4.281007,35.66,0.0263385826771654,81.374,67.4419999999999,66.8839999999999,64.238,22,4.2,9.5
"BOOI4","2020-08-18 16:00",79.6819999999999,45.58,2597862,0,3.7920063,19.48,0.0238582677165354,83.2999999999999,67.406,66.848,64.256,22,4.1,9.3
"BOOI4","2020-08-18 17:00",79.196,44.21,2108748,0,4.0070066,15.62,0.0203937007874016,84.4519999999999,67.4239999999999,66.8119999999999,64.256,22,4.1,9.3
"BOOI4","2020-08-18 18:00",78.9439999999999,45.04,1505387.7,0,3.7060063,44.86,0.015,84.848,67.4599999999999,66.8119999999999,64.256,21.9,4.2,9.2
"BOOI4","2020-08-18 19:00",77.7019999999999,52.41,839806.8,0,0.9510016,55.45,0.00574803149606299,84.4699999999999,67.514,66.7579999999999,64.238,21.9,4.1,9.2
"BOOI4","2020-08-18 20:00",72.788,66.99,252357.04,0,0,0,-0.000511811023622047,83.3179999999999,67.5499999999999,66.7039999999999,64.238,21.9,4.2,9.3
"BOOI4","2020-08-18 21:00",69.3499999999999,68.64,8926.86,0,0,0,-0.00204724409448819,81.572,67.64,66.7579999999999,64.238,22,4.2,9.3
"BOOI4","2020-08-18 22:00",66.9019999999999,74.32,0,0,0,0,-0.00208661417322835,79.7899999999999,67.73,66.7039999999999,64.2199999999999,22,4.2,9.3
"BOOI4","2020-08-18 23:00",64.7599999999999,79.45,0,0,0,0,-0.00200787401574803,78.2599999999999,67.7839999999999,66.6859999999999,64.2019999999999,22,4.2,9.3
"BOOI4","2020-08-19 00:00",62.4199999999999,84,0,0,0,0,-0.00196850393700787,76.874,67.7839999999999,66.7039999999999,64.2019999999999,22,4.2,9.4
"BOOI4","2020-08-19 01:00",60.4939999999999,88.4,0,0,0,0,-0.00192913385826772,75.7039999999999,67.8199999999999,66.6679999999999,64.2019999999999,22,4.1,9.4
"BOOI4","2020-08-19 02:00",60.422,92.9,0,0,0,0,-0.0018503937007874,74.606,67.838,66.6499999999999,64.2199999999999,22,4.1,9.4
"BOOI4","2020-08-19 03:00",58.64,95.5,0,0,0,0,-0.00181102362204724,73.598,67.7839999999999,66.6499999999999,64.238,22,4.1,9.4
"BOOI4","2020-08-19 04:00",58.4599999999999,95.2,0,0,0,0,-0.00181102362204724,72.7339999999999,67.748,66.6499999999999,64.2199999999999,21.9,4.1,9.4
"BOOI4","2020-08-19 05:00",57.9019999999999,92.2,0,0,0,0,-0.0018503937007874,71.9239999999999,67.6939999999999,66.6679999999999,64.2199999999999,21.9,4.1,9.4
"BOOI4","2020-08-19 06:00",57.2539999999999,93.8,116.699986,0,0.0020000034,185.9,-0.00181102362204724,71.1859999999999,67.622,66.6319999999999,64.2019999999999,21.9,4.1,9.4
"BOOI4","2020-08-19 07:00",57.3619999999999,94.4,65441.28,0,0.038000062,210,-0.00137795275590551,70.4839999999999,67.532,66.6499999999999,64.2019999999999,21.9,4.1,9.4
"BOOI4","2020-08-19 08:00",63.7339999999999,85.1,522733.8,0,0.01800003,194.3,0.00169291338582677,69.998,67.4599999999999,66.6319999999999,64.2019999999999,21.9,4.1,9.4
"BOOI4","2020-08-19 09:00",68.3779999999999,76.3,1149726.2,0,0.46700078,216.9,0.00700787401574803,70.214,67.3339999999999,66.614,64.1839999999999,21.9,4.1,9.4
"BOOI4","2020-08-19 10:00",72.3919999999999,65.02,1788179.9,0,3.4750059,193.2,0.013740157480315,71.24,67.2619999999999,66.596,64.1839999999999,21.8,4.1,9.4
"BOOI4","2020-08-19 11:00",74.4439999999999,60.48,2351010.3,0,5.289009,183,0.020236220472441,72.9499999999999,67.1359999999999,66.614,64.2199999999999,21.8,4.2,9.4
"BOOI4","2020-08-19 12:00",76.2619999999999,57.57,2779631.3,0,5.5740094,186.9,0.0245669291338583,75.2359999999999,67.046,66.5599999999999,64.1839999999999,21.7,4.2,9.3
"BOOI4","2020-08-19 13:00",78.08,56.58,3033900,0,5.342009,180.2,0.027007874015748,77.8279999999999,66.938,66.5779999999999,64.1839999999999,21.8,4.1,9.2
"BOOI4","2020-08-19 14:00",78.7099999999999,53.82,3089879.4,0,5.6730094,167.3,0.0282677165354331,80.5279999999999,66.8839999999999,66.5599999999999,64.1839999999999,21.7,4.1,9.1
"BOOI4","2020-08-19 15:00",80.7079999999999,52.73,2931978.3,0,5.5340095,172.2,0.0275590551181102,82.9039999999999,66.848,66.5239999999999,64.1659999999999,21.6,4,9
"BOOI4","2020-08-19 16:00",80.564,49.09,2644895.8,0,6.674011,162.8,0.0264173228346457,84.6859999999999,66.83,66.4699999999999,64.2019999999999,21.6,4,9
"BOOI4","2020-08-19 17:00",80.348,49.76,2168028,0,8.130013,156.3,0.0240157480314961,85.7839999999999,66.83,66.4519999999999,64.1659999999999,21.6,4,8.9
"BOOI4","2020-08-19 18:00",80.2579999999999,50.86,1471374,0,6.752011,166.5,0.0175984251968504,85.964,66.9199999999999,66.398,64.1839999999999,21.6,4,8.9
"BOOI4","2020-08-19 19:00",78.422,57.29,851311.8,0,4.244007,176.4,0.00960629921259843,85.406,67.0099999999999,66.4159999999999,64.1659999999999,21.6,4,8.9
"BOOI4","2020-08-19 20:00",73.1839999999999,67.99,243430.88,0,0.7380012,166.6,0.000275590551181102,84.1099999999999,67.046,66.3259999999999,64.1659999999999,21.6,4,8.9
"BOOI4","2020-08-19 21:00",69.656,75.46,5814.6,0,1.6610028,151.3,-0.000551181102362205,82.3999999999999,67.19,66.3619999999999,64.148,21.6,4,8.9
"BOOI4","2020-08-19 22:00",66.0199999999999,83,0,0,0.08200014,161.8,-0.0018503937007874,80.69,67.2619999999999,66.3439999999999,64.1839999999999,21.6,4,9
"BOOI4","2020-08-19 23:00",63.6439999999999,88,0,0,0.02300004,175.4,-0.00188976377952756,79.232,67.3519999999999,66.3259999999999,64.1659999999999,21.6,4,9
"BOOI4","2020-08-20 00:00",63.7339999999999,89,0,0,0.019000031,205.8,-0.0018503937007874,77.9539999999999,67.406,66.3079999999999,64.13,21.6,4,9
"BOOI4","2020-08-20 01:00",61.1779999999999,94.1,0,0,0,0,-0.00181102362204724,76.8199999999999,67.4599999999999,66.3079999999999,64.13,21.7,4,9
"BOOI4","2020-08-20 02:00",60.6919999999999,95,0,0,0,0,-0.00181102362204724,75.8119999999999,67.496,66.2899999999999,64.148,21.7,4,9
"BOOI4","2020-08-20 03:00",58.514,97.9,0,0,0,0,-0.00177165354330709,74.8759999999999,67.496,66.272,64.13,21.7,4,9
"BOOI4","2020-08-20 04:00",61.1419999999999,93.5,0,0,1.0140017,203,-0.00133858267716536,74.03,67.4779999999999,66.2899999999999,64.13,21.6,4,9
"BOOI4","2020-08-20 05:00",60.8539999999999,93.9,0,0,2.3880038,216.1,-0.000905511811023622,73.3099999999999,67.4599999999999,66.3079999999999,64.1119999999999,21.6,4,9
"BOOI4","2020-08-20 06:00",58.4419999999999,96.5,50.759997,0,0.4760008,214.2,-0.00153543307086614,72.6619999999999,67.406,66.3079999999999,64.1119999999999,21.6,4,9
"BOOI4","2020-08-20 07:00",58.964,94.8,61155.4,0,0.3050005,200.8,-0.00125984251968504,71.996,67.3699999999999,66.2899999999999,64.0939999999999,21.6,4,9
"BOOI4","2020-08-20 08:00",63.4279999999999,86.3,409737.03,0,0.27300045,200.5,0.00110236220472441,71.5279999999999,67.3159999999999,66.272,64.1119999999999,21.6,4,9
"BOOI4","2020-08-20 09:00",67.748,71.88,1130442.1,0,4.435007,209.6,0.00791338582677165,71.546,67.2439999999999,66.2899999999999,64.1119999999999,21.6,4,9
"BOOI4","2020-08-20 10:00",72.23,65.74,1803720.2,0,7.4100127,207.4,0.0153937007874016,72.248,67.172,66.3079999999999,64.0939999999999,21.6,4,9
"BOOI4","2020-08-20 11:00",74.2099999999999,65.93,2358017,0,8.240013,196.1,0.020748031496063,73.7419999999999,67.1179999999999,66.2539999999999,64.0579999999999,21.5,4,9
"BOOI4","2020-08-20 12:00",77.2699999999999,63.54,2721186.3,0,7.604013,209.3,0.0241732283464567,75.7579999999999,67.046,66.2539999999999,64.0759999999999,21.5,4,8.9
"BOOI4","2020-08-20 13:00",79.448,60.97,2955612.3,0,8.290014,214.7,0.0272047244094488,78.0259999999999,67.0099999999999,66.272,64.0759999999999,21.4,4,8.8
"BOOI4","2020-08-20 14:00",81.59,57.44,3141342.3,0,7.453012,203.7,0.0297244094488189,80.4199999999999,66.9199999999999,66.2359999999999,64.0759999999999,21.4,3.9,8.7
"BOOI4","2020-08-20 15:00",82.706,55.74,2594010.3,0,7.0500116,189.3,0.0261023622047244,82.5079999999999,66.9019999999999,66.2179999999999,64.0759999999999,21.4,3.9,8.7
"BOOI4","2020-08-20 16:00",82.4359999999999,50.81,2569631.8,0,6.644011,190.3,0.0263779527559055,84.1999999999999,66.9019999999999,66.1999999999999,64.0759999999999,21.3,3.9,8.6
"BOOI4","2020-08-20 17:00",82.2019999999999,53.67,1884852,0,6.699011,184.3,0.0213779527559055,85.2259999999999,66.938,66.2179999999999,64.0939999999999,21.3,3.9,8.6
"BOOI4","2020-08-20 18:00",81.7159999999999,59.5,1300937.6,0,6.1470103,171.5,0.0154330708661417,85.28,67.0099999999999,66.1819999999999,64.0579999999999,21.3,3.9,8.6
"BOOI4","2020-08-20 19:00",78.9259999999999,64.38,922536,0,7.5790124,160,0.0125984251968504,84.8839999999999,67.082,66.164,64.0759999999999,21.3,3.9,8.6
"BOOI4","2020-08-20 20:00",73.814,76.05,230066.64,0,5.032008,155,0.00350393700787402,83.8039999999999,67.172,66.146,64.0939999999999,21.3,3.9,8.6
"BOOI4","2020-08-20 21:00",69.1519999999999,83.9,3431.94,0,0.8330014,168.5,-0.000984251968503937,82.2739999999999,67.28,66.164,64.0399999999999,21.4,3.9,8.6
"BOOI4","2020-08-20 22:00",67.4779999999999,84.9,0,0,0.09700016,184.9,-0.00153543307086614,80.7439999999999,67.3699999999999,66.146,64.0399999999999,21.4,3.9,8.6
"BOOI4","2020-08-20 23:00",65.2279999999999,87.5,0,0,2.433004,182.6,-0.000393700787401575,79.3939999999999,67.4419999999999,66.1279999999999,64.0399999999999,21.4,3.9,8.6
"BOOI4","2020-08-21 00:00",62.9779999999999,90.8,0,0,0.020000033,204.6,-0.0015748031496063,78.206,67.532,66.1099999999999,64.022,21.4,3.9,8.6
"BOOI4","2020-08-21 01:00",62.5279999999999,91.8,0,0,0.02300004,196.1,-0.0015748031496063,77.1079999999999,67.5859999999999,66.146,64.0399999999999,21.4,3.9,8.6
"BOOI4","2020-08-21 02:00",62.348,90.9,0,0,0.7220012,193.3,-0.00122047244094488,76.1359999999999,67.622,66.1279999999999,64.022,21.4,3.9,8.7
"BOOI4","2020-08-21 03:00",62.7619999999999,90.6,0,0,0.39600065,206.4,-0.00137795275590551,75.272,67.6579999999999,66.1279999999999,64.0039999999999,21.4,3.9,8.7
"BOOI4","2020-08-21 04:00",62.096,92.4,0,0,0.7990013,220.7,-0.00118110236220473,74.5339999999999,67.6579999999999,66.146,64.0039999999999,21.4,3.9,8.7
"BOOI4","2020-08-21 05:00",60.1699999999999,95.8,0,0,0.029000048,202.2,-0.00153543307086614,73.8859999999999,67.64,66.146,64.0039999999999,21.4,3.9,8.7
"BOOI4","2020-08-21 06:00",59.432,96.6,15.240001,0,0.003000005,201.7,-0.00153543307086614,73.256,67.6039999999999,66.1819999999999,64.0039999999999,21.4,3.9,8.7
"BOOI4","2020-08-21 07:00",60.3499999999999,95.8,42796.673,0,0.0020000034,213.4,-0.00125984251968504,72.6619999999999,67.5499999999999,66.1819999999999,64.0039999999999,21.4,3.9,8.7
"BOOI4","2020-08-21 08:00",64.472,90.3,378863.98,0,0.9690016,173.5,0.00114173228346457,72.2839999999999,67.514,66.1999999999999,63.9679999999999,21.4,3.9,8.7
"BOOI4","2020-08-21 09:00",70.124,78.52,1031663.8,0,2.8730047,181,0.00688976377952756,72.3919999999999,67.4779999999999,66.2179999999999,63.9499999999999,21.4,3.9,8.8
"BOOI4","2020-08-21 10:00",75.956,69.12,1707300.2,0,5.1780086,191.5,0.0140551181102362,73.2739999999999,67.388,66.1999999999999,63.9859999999999,21.3,3.9,8.7
"BOOI4","2020-08-21 11:00",78.0079999999999,63.86,2201633.8,0,6.6400113,207.6,0.0203543307086614,74.8939999999999,67.3519999999999,66.2179999999999,63.9679999999999,21.3,3.9,8.6
"BOOI4","2020-08-21 12:00",81.464,58.09,2505522.5,0,7.1760116,190.3,0.0241732283464567,76.9279999999999,67.28,66.1819999999999,63.9679999999999,21.2,3.9,8.6
"BOOI4","2020-08-21 13:00",83.2999999999999,59.06,2970779.8,0,7.092012,180.5,0.0288188976377953,79.34,67.2259999999999,66.1819999999999,63.9679999999999,21.2,3.8,8.5
"BOOI4","2020-08-21 14:00",84.7579999999999,56.74,3068460.2,0,7.4650126,173.7,0.0306299212598425,81.9859999999999,67.2259999999999,66.1819999999999,63.9499999999999,21.1,3.8,8.4
"BOOI4","2020-08-21 15:00",86.4319999999999,51.06,2865108,0,7.5480123,172.5,0.0301968503937008,84.3619999999999,67.172,66.1819999999999,63.9499999999999,21.1,3.8,8.4
"BOOI4","2020-08-21 16:00",86.1619999999999,52.98,2495939.7,0,7.254012,170,0.0274409448818898,86.1079999999999,67.19,66.1819999999999,63.9679999999999,21,3.8,8.3
"BOOI4","2020-08-21 17:00",86.738,53.06,2008085.9,0,8.260014,165.2,0.0245275590551181,87.1159999999999,67.2619999999999,66.146,63.9679999999999,21,3.8,8.2
"BOOI4","2020-08-21 18:00",85.2619999999999,54.59,1417529.9,0,8.390014,158.7,0.0196062992125984,87.296,67.3519999999999,66.146,63.9679999999999,21,3.8,8.2
"BOOI4","2020-08-21 19:00",82.2199999999999,63.52,714895.2,0,6.20801,156.6,0.0107874015748031,86.7199999999999,67.4419999999999,66.164,63.9499999999999,21,3.8,8.2
"BOOI4","2020-08-21 20:00",77.2159999999999,75.45,206772.45,0,5.032008,151.3,0.00362204724409449,85.496,67.5859999999999,66.146,63.932,21,3.8,8.3
"BOOI4","2020-08-21 21:00",72.1039999999999,82.6,3401.34,0,3.3100054,158.8,3.93700787401575e-05,83.9119999999999,67.7119999999999,66.1279999999999,63.932,21.1,3.8,8.3
"BOOI4","2020-08-21 22:00",70.664,81.1,0,0,0.2530004,174.3,-0.00165354330708661,82.3999999999999,67.8199999999999,66.146,63.932,21.1,3.8,8.3
"BOOI4","2020-08-21 23:00",68.7019999999999,87.6,0,0,0.1190002,181,-0.00177165354330709,81.0499999999999,67.964,66.146,63.932,21.2,3.8,8.3
"BOOI4","2020-08-22 00:00",68.7739999999999,89.4,0,0,1.180002,200,-0.00114173228346457,79.88,68.0359999999999,66.146,63.932,21.2,3.8,8.3
"BOOI4","2020-08-22 01:00",68.8819999999999,90.4,0,0,1.0650018,210.5,-0.00122047244094488,78.89,68.1259999999999,66.164,63.932,21.2,3.8,8.4
"BOOI4","2020-08-22 02:00",67.514,92.6,0,0,0.9370015,215.8,-0.0012992125984252,78.0439999999999,68.1619999999999,66.1819999999999,63.932,21.2,3.8,8.4
"BOOI4","2020-08-22 03:00",68.414,90.8,0,0,2.2310038,212.5,-0.000905511811023622,77.3239999999999,68.198,66.164,63.914,21.2,3.8,8.4
"BOOI4","2020-08-22 04:00",68.09,91.6,0,0,2.8010046,217.2,-0.000708661417322835,76.6939999999999,68.2159999999999,66.2179999999999,63.914,21.2,3.8,8.4
"BOOI4","2020-08-22 05:00",66.3619999999999,95.1,0,0,0.16800027,221.1,-0.00165354330708661,76.2259999999999,68.2159999999999,66.1999999999999,63.932,21.2,3.8,8.4
"BOOI4","2020-08-22 06:00",68.1439999999999,93,0,0,4.5370073,44.17,-0.000590551181102362,75.7759999999999,68.2159999999999,66.272,63.914,21.2,3.8,8.4
"BOOI4","2020-08-22 07:00",68.18,90.7,15149.459,0,6.6700106,73.36,-7.8740157480315e-05,75.38,68.198,66.2539999999999,63.896,21.2,3.8,8.4
"BOOI4","2020-08-22 08:00",67.7659999999999,91.9,56098.797,0.05,3.1340053,79.92,0.00110236220472441,75.056,68.18,66.2899999999999,63.914,21.2,3.8,8.4
"BOOI4","2020-08-22 09:00",66.038,97.7,52172.405,0.31,5.6710095,96,0.00110236220472441,74.7679999999999,68.18,66.272,63.914,21.1,3.8,8.5
"BOOI4","2020-08-22 10:00",70.0519999999999,89.5,983348.27,0,9.770017,107,0.00649606299212599,74.5339999999999,68.1259999999999,66.2899999999999,63.914,21.1,3.8,8.5
"BOOI4","2020-08-22 11:00",72.5179999999999,87.4,1430268.2,0,9.340015,130.9,0.010511811023622,74.948,68.1079999999999,66.2899999999999,63.896,21.1,3.8,8.4
"BOOI4","2020-08-22 12:00",77.072,80.7,1950390.4,0,9.420015,170.4,0.0159055118110236,76.1539999999999,68.09,66.3439999999999,63.896,21.1,3.8,8.4
"BOOI4","2020-08-22 13:00",78.2239999999999,76.48,1069259.9,0,3.9160066,199.3,0.0108267716535433,76.982,68.0179999999999,66.3439999999999,63.8779999999999,21,3.8,8.5
"BOOI4","2020-08-22 14:00",81.788,74.46,1382525.9,0,4.163007,175.8,0.0128740157480315,77.198,68.0359999999999,66.3259999999999,63.8599999999999,21,3.8,8.4
"BOOI4","2020-08-22 15:00",86.522,63.59,2883744,0,9.380016,187.2,0.0282283464566929,78.98,67.9999999999999,66.3439999999999,63.8599999999999,21,3.8,8.3
"BOOI4","2020-08-22 16:00",88.0339999999999,60.52,2516076.2,0,8.640015,199,0.0274015748031496,81.0499999999999,67.982,66.3619999999999,63.8779999999999,20.9,3.8,8.3
"BOOI4","2020-08-22 17:00",87.6739999999999,58.31,1872210.1,0,7.826013,202.5,0.0224803149606299,82.5259999999999,67.982,66.3259999999999,63.8779999999999,20.9,3.7,8.2
"BOOI4","2020-08-22 18:00",85.2079999999999,64.21,777108.1,0,4.901008,205.6,0.0112204724409449,82.922,68.0179999999999,66.3259999999999,63.896,20.9,3.7,8.2
"BOOI4","2020-08-22 19:00",83.606,70.52,417234,0,2.5970044,220,0.0052755905511811,82.49,68.072,66.38,63.8779999999999,20.9,3.8,8.2
"BOOI4","2020-08-22 20:00",78.8359999999999,79.33,295521.67,0,4.3120074,248.8,0.00401574803149606,81.8599999999999,68.1439999999999,66.3619999999999,63.8779999999999,20.9,3.8,8.2
"BOOI4","2020-08-22 21:00",76.622,81.6,3654.2997,0,3.3640056,243.1,0.00094488188976378,80.9419999999999,68.2159999999999,66.3619999999999,63.8599999999999,20.9,3.8,8.3
"BOOI4","2020-08-22 22:00",75.83,82.7,0,0,3.2820053,244.5,0.000590551181102362,79.988,68.306,66.3619999999999,63.8599999999999,21,3.8,8.3
"BOOI4","2020-08-22 23:00",75.0739999999999,83.9,0,0,2.9010048,231,0.00047244094488189,79.1779999999999,68.396,66.398,63.8599999999999,21,3.8,8.3
"BOOI4","2020-08-23 00:00",74.7499999999999,85.3,0,0,5.0200086,244,0.000708661417322835,78.422,68.4319999999999,66.38,63.8599999999999,21,3.8,8.2
"BOOI4","2020-08-23 01:00",71.456,92.5,0,0,5.0130086,252.9,0.00047244094488189,77.738,68.5039999999999,66.3619999999999,63.8599999999999,21,3.8,8.2
"BOOI4","2020-08-23 02:00",68.7019999999999,95.8,0,0,1.7100028,264.4,-0.000354330708661417,77.072,68.522,66.398,63.8599999999999,21,3.8,8.3
"BOOI4","2020-08-23 03:00",67.0279999999999,98,0,0,1.6540027,255.1,-0.000393700787401575,76.3339999999999,68.5399999999999,66.4159999999999,63.8599999999999,21,3.8,8.4
"BOOI4","2020-08-23 04:00",66.9199999999999,98.7,0,0,0.33800057,230.3,-0.00062992125984252,75.6499999999999,68.5759999999999,66.4159999999999,63.8599999999999,21,3.8,8.4
"BOOI4","2020-08-23 05:00",64.6519999999999,100,0,0,0.15500025,241,-0.000669291338582677,75.0019999999999,68.5759999999999,66.4699999999999,63.8599999999999,21,3.8,8.4
"BOOI4","2020-08-23 06:00",64.3999999999999,100,0,0,0.54800093,252.3,-0.00062992125984252,74.372,68.5759999999999,66.488,63.8779999999999,21.1,3.8,8.4
"BOOI4","2020-08-23 07:00",64.6519999999999,100,45391.064,0,0.0070000114,269.6,-0.000393700787401575,73.814,68.5579999999999,66.488,63.8599999999999,21,3.8,8.4
"BOOI4","2020-08-23 08:00",71.996,97.3,467558.4,0,0.46000075,253.7,0.00177165354330709,73.5439999999999,68.5579999999999,66.506,63.8599999999999,21,3.8,8.5
"BOOI4","2020-08-23 09:00",78.3499999999999,85.2,1040057.9,0,1.182002,269.7,0.00708661417322835,73.9039999999999,68.5399999999999,66.5419999999999,63.8779999999999,21,3.8,8.4
"BOOI4","2020-08-23 10:00",82.4539999999999,78.62,1663332,0,0.014000023,98.6,0.0131496062992126,75.0919999999999,68.5039999999999,66.5239999999999,63.8599999999999,21,3.8,8.4
"BOOI4","2020-08-23 11:00",84.614,69.75,2222532.5,0,0.9510016,101.5,0.0188188976377953,77.09,68.4499999999999,66.5419999999999,63.8599999999999,20.9,3.8,8.4
"BOOI4","2020-08-23 12:00",87.4939999999999,64.62,2587806,0,0.45900077,102.8,0.0225196850393701,79.7179999999999,68.3779999999999,66.5419999999999,63.8599999999999,20.9,3.8,8.3
"BOOI4","2020-08-23 13:00",91.364,54.56,2861838.1,0,0.3080005,233.7,0.0253543307086614,82.6159999999999,68.3599999999999,66.5779999999999,63.8599999999999,20.8,3.8,8.3
"BOOI4","2020-08-23 14:00",92.1019999999999,49.28,3025254,0,1.1230018,238.2,0.0277952755905512,85.496,68.3239999999999,66.5779999999999,63.8779999999999,20.7,3.7,8.1
"BOOI4","2020-08-23 15:00",92.1019999999999,49.65,2623955.8,0,5.1340084,49.92,0.0280708661417323,87.6919999999999,68.3599999999999,66.5779999999999,63.8599999999999,20.7,3.7,8.1
"BOOI4","2020-08-23 16:00",93.7939999999999,49.63,1945350.1,0,1.9420031,101.3,0.0196062992125984,89.006,68.414,66.5419999999999,63.8779999999999,20.7,3.7,8.1
"BOOI4","2020-08-23 17:00",92.1379999999999,49.19,1854383.9,0,1.5620025,65.44,0.0178740157480315,89.9419999999999,68.4679999999999,66.5779999999999,63.8599999999999,20.7,3.6,8
"BOOI4","2020-08-23 18:00",91.6879999999999,50.9,1335863.9,0,1.9140033,64.99,0.0131889763779528,90.248,68.5759999999999,66.5599999999999,63.8599999999999,20.7,3.6,7.9
"BOOI4","2020-08-23 19:00",89.2039999999999,57.36,653220,0,0,0,0.00413385826771654,89.672,68.738,66.5599999999999,63.8599999999999,20.7,3.6,8
"BOOI4","2020-08-23 20:00",83.5339999999999,66.68,140755.74,0,0,0,-0.000826771653543307,88.214,68.864,66.5779999999999,63.8779999999999,20.8,3.6,8.1
"BOOI4","2020-08-23 21:00",80.8699999999999,68.3,2290.26,0,0.009000015,174.5,-0.00177165354330709,86.5399999999999,69.0259999999999,66.5779999999999,63.8599999999999,20.8,3.7,8.1
"BOOI4","2020-08-23 22:00",81.482,63.63,0,0,1.0540018,149.5,-0.000708661417322835,85.0279999999999,69.1339999999999,66.596,63.8599999999999,20.8,3.6,8
"BOOI4","2020-08-23 23:00",79.7899999999999,67.89,0,0,0.03600006,143.3,-0.0018503937007874,83.7499999999999,69.2779999999999,66.6319999999999,63.8779999999999,20.8,3.6,8
"BOOI4","2020-08-24 00:00",78.2419999999999,74.03,0,0,0.16600028,139.3,-0.00165354330708661,82.688,69.3679999999999,66.614,63.8599999999999,20.9,3.6,8.1
"BOOI4","2020-08-24 01:00",71.69,89.3,0,0,0.2880005,175.2,-0.00149606299212598,81.698,69.422,66.6679999999999,63.8779999999999,20.9,3.7,8.2
"BOOI4","2020-08-24 02:00",72.8419999999999,87.7,0,0,0.04600008,207.5,-0.00165354330708661,80.8339999999999,69.4939999999999,66.6679999999999,63.8599999999999,20.9,3.7,8.2
"BOOI4","2020-08-24 03:00",69.1159999999999,96,0,0,0.44400075,244,-0.00141732283464567,80.0419999999999,69.53,66.7039999999999,63.8599999999999,20.9,3.7,8.1
"BOOI4","2020-08-24 04:00",68.4859999999999,96.8,0,0,0.7000011,244.9,-0.00133858267716536,79.3579999999999,69.548,66.74,63.8599999999999,20.9,3.7,8.1
"BOOI4","2020-08-24 05:00",70.3939999999999,95.1,0,0,2.6600044,246.7,-0.000866141732283465,78.7099999999999,69.5659999999999,66.7579999999999,63.8599999999999,20.9,3.7,8.1
"BOOI4","2020-08-24 06:00",70.6099999999999,94.8,0,0,4.123007,244,-0.000551181102362205,78.188,69.5659999999999,66.7939999999999,63.8779999999999,20.8,3.7,8.1
"BOOI4","2020-08-24 07:00",70.556,95.4,25253.828,0,0.40600067,233.3,-0.00125984251968504,77.6839999999999,69.5659999999999,66.83,63.8599999999999,20.9,3.7,8.1
"BOOI4","2020-08-24 08:00",71.7619999999999,94.9,219358.76,0,0.5740009,223.8,0.00102362204724409,77.3239999999999,69.53,66.848,63.8779999999999,20.9,3.7,8.1
"BOOI4","2020-08-24 09:00",75.722,86.2,654113.95,0,0.44700074,233,0.00464566929133858,77.3779999999999,69.4939999999999,66.9019999999999,63.8779999999999,20.9,3.7,8.1
"BOOI4","2020-08-24 10:00",80.8519999999999,75.49,1252410,0,3.503006,225.7,0.0109055118110236,77.9359999999999,69.4759999999999,66.9199999999999,63.8779999999999,20.9,3.7,8.1
"BOOI4","2020-08-24 11:00",84.3259999999999,67.98,1993782,0,4.2820067,243.4,0.0183858267716536,79.214,69.4579999999999,66.9199999999999,63.8779999999999,20.8,3.7,8.1
"BOOI4","2020-08-24 12:00",87.9079999999999,62.43,2400036.1,0,3.6640062,253.1,0.0227952755905512,81.2119999999999,69.4039999999999,66.9199999999999,63.8779999999999,20.7,3.7,8
"BOOI4","2020-08-24 13:00",90.7879999999999,56.64,2656086.4,0,5.0300083,266.1,0.027244094488189,83.48,69.3859999999999,66.9199999999999,63.8599999999999,20.7,3.6,7.9
"BOOI4","2020-08-24 14:00",92.5159999999999,49.17,2782428.2,0,2.9790049,223.3,0.0277165354330709,85.982,69.3679999999999,66.9739999999999,63.8779999999999,20.6,3.6,7.9
"BOOI4","2020-08-24 15:00",93.2179999999999,44.58,2637762.5,0,5.601009,233.2,0.0298031496062992,88.088,69.3859999999999,66.956,63.896,20.6,3.6,7.8
"BOOI4","2020-08-24 16:00",94.874,43.62,2281710.4,0,6.12901,195.7,0.0281102362204724,89.672,69.4039999999999,66.9739999999999,63.896,20.7,3.6,7.8
"BOOI4","2020-08-24 17:00",93.8659999999999,43.77,1801944.2,0,6.9730115,204.6,0.0252755905511811,90.356,69.44,66.956,63.8779999999999,20.6,3.6,7.7
"BOOI4","2020-08-24 18:00",91.832,48.22,1177955.7,0,5.645009,205.5,0.0174803149606299,90.3019999999999,69.5119999999999,67.0099999999999,63.896,20.6,3.6,7.7
"BOOI4","2020-08-24 19:00",87.782,57.28,587716.25,0,2.6970046,206.6,0.00740157480314961,89.5099999999999,69.656,67.0279999999999,63.896,20.6,3.6,7.7
"BOOI4","2020-08-24 20:00",82.9939999999999,64.58,130318.33,0,0.3550006,223.2,-0.000511811023622047,88.214,69.782,67.046,63.8779999999999,20.6,3.6,7.7
"BOOI4","2020-08-24 21:00",78.872,70.9,1758.42,0,0.5110009,220.8,-0.000984251968503937,86.6839999999999,69.9079999999999,67.0279999999999,63.896,20.6,3.6,7.7
"BOOI4","2020-08-24 22:00",77.8999999999999,71.58,0,0,1.0800018,225.5,-0.000590551181102362,85.2439999999999,69.998,67.064,63.914,20.6,3.6,7.7
"BOOI4","2020-08-24 23:00",73.688,81.6,0,0,1.2530022,237.4,-0.000551181102362205,84.0019999999999,70.124,67.064,63.914,20.7,3.6,7.8
"BOOI4","2020-08-25 00:00",72.806,84.5,0,0,0.0050000083,219.1,-0.00149606299212598,82.8679999999999,70.1779999999999,67.1179999999999,63.932,20.7,3.6,7.8
"BOOI4","2020-08-25 01:00",71.5999999999999,87.6,0,0,0.33900055,226.8,-0.00122047244094488,81.914,70.2499999999999,67.1539999999999,63.914,20.7,3.6,7.8
"BOOI4","2020-08-25 02:00",72.68,86.9,0,0,2.2540038,209.7,-0.000433070866141732,81.0679999999999,70.2679999999999,67.1539999999999,63.914,20.7,3.6,7.8
"BOOI4","2020-08-25 03:00",72.788,86.9,0,0,4.3140073,221.3,0,80.348,70.3039999999999,67.172,63.914,20.7,3.6,7.8
"BOOI4","2020-08-25 04:00",71.438,89.8,0,0,4.4670076,234.2,0,79.664,70.2859999999999,67.2079999999999,63.932,20.7,3.6,7.9
"BOOI4","2020-08-25 05:00",70.3579999999999,91.7,0,0,4.5890074,232.6,-0.000196850393700787,79.0159999999999,70.2679999999999,67.2619999999999,63.914,20.7,3.6,7.9
"BOOI4","2020-08-25 06:00",69.6919999999999,92.4,0,0,3.4790058,233.9,-0.000393700787401575,78.422,70.2499999999999,67.28,63.9499999999999,20.7,3.6,7.9
"BOOI4","2020-08-25 07:00",70.0339999999999,90,19894.032,0,2.3120039,230.9,-0.000511811023622047,77.846,70.2679999999999,67.3159999999999,63.932,20.7,3.6,7.8
"BOOI4","2020-08-25 08:00",71.9239999999999,89.1,335313.02,0,0.16500027,216.4,0.00102362204724409,77.4679999999999,70.214,67.3519999999999,63.932,20.7,3.6,7.8
"BOOI4","2020-08-25 09:00",77.414,77.91,900503.85,0,2.0770035,218.7,0.0065748031496063,77.522,70.196,67.3699999999999,63.9499999999999,20.6,3.6,7.8
"BOOI4","2020-08-25 10:00",82.706,65.62,1558367.8,0,4.5730076,220.3,0.0141338582677165,78.2599999999999,70.124,67.3519999999999,63.9499999999999,20.6,3.6,7.9
"BOOI4","2020-08-25 11:00",85.172,62.86,2144099.9,0,7.1220117,231.1,0.0219685039370079,79.646,70.088,67.388,63.9499999999999,20.6,3.6,7.8
"BOOI4","2020-08-25 12:00",88.2859999999999,55.06,2549819.8,0,7.5300126,226.4,0.0273228346456693,81.572,70.0339999999999,67.406,63.9679999999999,20.6,3.6,7.7
"BOOI4","2020-08-25 13:00",91.2199999999999,49.04,2777279.8,0,8.490014,227,0.0318503937007874,83.696,69.9619999999999,67.4239999999999,63.9679999999999,20.5,3.6,7.7
"BOOI4","2020-08-25 14:00",93.2539999999999,44.75,2806230.2,0,8.690014,222.6,0.0340944881889764,85.7659999999999,69.9619999999999,67.4419999999999,63.9679999999999,20.5,3.6,7.7
"BOOI4","2020-08-25 15:00",93.812,39.13,2647037.6,0,8.510014,214.9,0.0339763779527559,87.6199999999999,69.9619999999999,67.406,63.9679999999999,20.5,3.5,7.6
"BOOI4","2020-08-25 16:00",94.0999999999999,40.18,2301114.3,0,7.8430133,210.8,0.0308661417322835,88.988,69.9619999999999,67.4419999999999,63.9859999999999,20.5,3.5,7.5
"BOOI4","2020-08-25 17:00",92.93,42.21,1788516.1,0,7.6230125,194.9,0.0261023622047244,89.69,70.0339999999999,67.4419999999999,63.9859999999999,20.5,3.5,7.5
"BOOI4","2020-08-25 18:00",89.906,51.9,1197054.1,0,7.1280117,178.6,0.0191338582677165,89.672,70.088,67.4599999999999,63.9679999999999,20.5,3.5,7.5
"BOOI4","2020-08-25 19:00",86.5039999999999,57.64,586416.56,0,4.736008,180.5,0.00964566929133858,88.9519999999999,70.196,67.4599999999999,63.9859999999999,20.5,3.5,7.5
"BOOI4","2020-08-25 20:00",79.8439999999999,70.83,125358.284,0,1.9840033,187.5,0.00102362204724409,87.6919999999999,70.3039999999999,67.4599999999999,63.9859999999999,20.5,3.5,7.5
"BOOI4","2020-08-25 21:00",75.7039999999999,78.65,1854.7801,0,0.36800063,188.4,-0.00122047244094488,86.198,70.4119999999999,67.4599999999999,64.022,20.5,3.5,7.5
"BOOI4","2020-08-25 22:00",75.272,80.4,0,0,0.28000045,199.2,-0.0012992125984252,84.848,70.5199999999999,67.496,64.0039999999999,20.5,3.5,7.5
"BOOI4","2020-08-25 23:00",72.68,85.8,0,0,0,0,-0.00153543307086614,83.6599999999999,70.5919999999999,67.514,64.022,20.5,3.5,7.5
"BOOI4","2020-08-26 00:00",70.9159999999999,89.8,0,0,0.1180002,200.6,-0.00141732283464567,82.6159999999999,70.6819999999999,67.532,64.0039999999999,20.5,3.5,7.5
"BOOI4","2020-08-26 01:00",72.68,85.6,0,0,1.4920025,208.8,-0.000708661417322835,81.698,70.7359999999999,67.5499999999999,64.0399999999999,20.5,3.5,7.5
"BOOI4","2020-08-26 02:00",70.124,90.5,0,0,0.17900029,203.1,-0.00137795275590551,80.8519999999999,70.7539999999999,67.5679999999999,64.022,20.5,3.5,7.5
"BOOI4","2020-08-26 03:00",68.972,93.1,0,0,0.09600016,196.2,-0.00141732283464567,80.096,70.772,67.6039999999999,64.0039999999999,20.5,3.5,7.6
"BOOI4","2020-08-26 04:00",67.64,95.3,0,0,0,0,-0.00145669291338583,79.3939999999999,70.772,67.6039999999999,64.0579999999999,20.5,3.6,7.6
"BOOI4","2020-08-26 05:00",67.406,95.4,0,0,0.11700019,203.7,-0.00141732283464567,78.7099999999999,70.772,67.622,64.022,20.5,3.6,7.6
"BOOI4","2020-08-26 06:00",68.5939999999999,94.4,0,0,0.7140012,200.4,-0.00118110236220473,78.1159999999999,70.7539999999999,67.6759999999999,64.0399999999999,20.5,3.6,7.6
"BOOI4","2020-08-26 07:00",67.3699999999999,96.2,24217.749,0,0.2530004,206.2,-0.00118110236220473,77.5759999999999,70.7359999999999,67.6939999999999,64.0399999999999,20.5,3.6,7.6
"BOOI4","2020-08-26 08:00",71.582,91.1,341771.9,0,0.16600028,198.3,0.00094488188976378,77.18,70.664,67.748,64.0399999999999,20.5,3.6,7.7
"BOOI4","2020-08-26 09:00",77.3779999999999,80.1,919632,0,4.253007,207.8,0.00704724409448819,77.2519999999999,70.5919999999999,67.73,64.0579999999999,20.4,3.6,7.7
"BOOI4","2020-08-26 10:00",82.5439999999999,66.52,1549194.2,0,7.3770123,222.5,0.0154330708661417,77.972,70.556,67.7659999999999,64.0399999999999,20.4,3.6,7.7
"BOOI4","2020-08-26 11:00",85.496,61.57,2120442,0,9.980017,231.9,0.0234251968503937,79.2859999999999,70.5019999999999,67.7839999999999,64.0759999999999,20.4,3.5,7.6
"BOOI4","2020-08-26 12:00",88.988,54.58,2561633.8,0,9.450015,225.8,0.0290157480314961,81.0679999999999,70.43,67.748,64.0759999999999,20.4,3.5,7.5
"BOOI4","2020-08-26 13:00",91.472,44.51,2823216,0,10.900018,227.4,0.035,83.1019999999999,70.3939999999999,67.7839999999999,64.0759999999999,20.4,3.5,7.5
"BOOI4","2020-08-26 14:00",92.498,41.15,2856546.1,0,11.020018,222.8,0.0375590551181102,85.0999999999999,70.3579999999999,67.7659999999999,64.0759999999999,20.3,3.5,7.4
"BOOI4","2020-08-26 15:00",94.4779999999999,40.51,2725830.3,0,11.420019,220,0.0378740157480315,86.864,70.34,67.7839999999999,64.0759999999999,20.3,3.5,7.3
"BOOI4","2020-08-26 16:00",93.38,39.88,2392319.8,0,9.780016,217.8,0.0335826771653543,88.3039999999999,70.3759999999999,67.7839999999999,64.0939999999999,20.3,3.5,7.4
"BOOI4","2020-08-26 17:00",93.1279999999999,42.74,1870926,0,10.190017,215.1,0.0298425196850394,89.0599999999999,70.4119999999999,67.7839999999999,64.0759999999999,20.3,3.4,7.3
"BOOI4","2020-08-26 18:00",91.598,43,1274243.9,0,8.720015,217.1,0.0225984251968504,89.114,70.5019999999999,67.7839999999999,64.1119999999999,20.3,3.4,7.3
"BOOI4","2020-08-26 19:00",88.4659999999999,49.18,681678,0,6.6930113,213.2,0.0135433070866142,88.538,70.5919999999999,67.8199999999999,64.1119999999999,20.3,3.4,7.3
"BOOI4","2020-08-26 20:00",82.2919999999999,58.84,147453.93,0,4.809008,219.6,0.00523622047244095,87.44,70.6999999999999,67.8019999999999,64.1119999999999,20.3,3.4,7.3
"BOOI4","2020-08-26 21:00",76.7659999999999,71.15,1510.0801,0,0.32400054,207.5,-0.00149606299212598,85.9999999999999,70.8259999999999,67.8199999999999,64.1119999999999,20.3,3.4,7.3
"BOOI4","2020-08-26 22:00",73.5079999999999,80.4,0,0,0.009000015,196,-0.00177165354330709,84.6859999999999,70.9159999999999,67.8199999999999,64.13,20.3,3.5,7.3
"BOOI4","2020-08-26 23:00",72.806,82,0,0,0.08500014,185.7,-0.00165354330708661,83.48,70.988,67.838,64.13,20.3,3.5,7.3
"BOOI4","2020-08-27 00:00",72.0679999999999,85.3,0,0,0.07300012,191.6,-0.00165354330708661,82.472,71.096,67.8919999999999,64.13,20.3,3.5,7.3
"BOOI4","2020-08-27 01:00",73.238,87.2,0,0,0.45000073,207.8,-0.00137795275590551,81.6259999999999,71.1319999999999,67.874,64.148,20.3,3.5,7.3
"BOOI4","2020-08-27 02:00",73.472,89.1,0,0,1.3050022,212.6,-0.00094488188976378,80.906,71.1499999999999,67.8919999999999,64.148,20.3,3.5,7.3
"BOOI4","2020-08-27 03:00",73.022,91.2,0,0,3.7170062,216.1,-0.000354330708661417,80.2939999999999,71.1499999999999,67.9099999999999,64.1659999999999,20.3,3.4,7.3
"BOOI4","2020-08-27 04:00",72.4099999999999,93.5,0,0,3.573006,213.6,-0.00047244094488189,79.772,71.1499999999999,67.946,64.13,20.3,3.4,7.3
"BOOI4","2020-08-27 05:00",71.114,96.4,0,0,1.814003,211.5,-0.00094488188976378,79.2499999999999,71.1319999999999,67.982,64.1659999999999,20.3,3.4,7.4
"BOOI4","2020-08-27 06:00",70.34,97.4,0,0,2.0220034,219.7,-0.00094488188976378,78.764,71.114,67.9999999999999,64.1839999999999,20.3,3.4,7.4
"BOOI4","2020-08-27 07:00",71.5279999999999,96.8,25127.108,0,2.1900036,222.4,-0.000826771653543307,78.3499999999999,71.0779999999999,68.0179999999999,64.1839999999999,20.3,3.4,7.4
"BOOI4","2020-08-27 08:00",73.9939999999999,93.3,321225.56,0,3.556006,208.3,0.00125984251968504,78.098,71.096,68.0359999999999,64.1839999999999,20.3,3.5,7.4
"BOOI4","2020-08-27 09:00",78.6739999999999,84.4,925716,0,6.20301,228.7,0.00716535433070866,78.2239999999999,70.9699999999999,68.0539999999999,64.2019999999999,20.2,3.5,7.4
"BOOI4","2020-08-27 10:00",81.6619999999999,75.22,1560408.1,0,8.270014,232.8,0.0143700787401575,78.9259999999999,70.9159999999999,68.0539999999999,64.2199999999999,20.2,3.4,7.4
"BOOI4","2020-08-27 11:00",84.956,72.64,2019192,0,6.6160107,222.1,0.0192125984251969,80.222,70.898,68.072,64.2019999999999,20.2,3.4,7.4
"BOOI4","2020-08-27 12:00",87.7099999999999,62.32,2509692.4,0,6.476011,210.7,0.0246850393700787,82.13,70.8619999999999,68.09,64.2019999999999,20.2,3.4,7.3
"BOOI4","2020-08-27 13:00",90.8419999999999,56.67,2774190.7,0,6.995012,218.8,0.0290157480314961,84.3259999999999,70.8259999999999,68.1259999999999,64.238,20.2,3.4,7.3
"BOOI4","2020-08-27 14:00",92.462,51.88,2823959.5,0,7.1780114,214.7,0.0315748031496063,86.5759999999999,70.8259999999999,68.1079999999999,64.2199999999999,20.2,3.4,7.2
"BOOI4","2020-08-27 15:00",92.732,51.53,2655827.4,0,7.741013,196.6,0.0318897637795276,88.538,70.8079999999999,68.1259999999999,64.2199999999999,20.2,3.4,7.1
"BOOI4","2020-08-27 16:00",93.2539999999999,46.38,2393790.3,0,9.210015,181.7,0.030748031496063,89.9779999999999,70.8259999999999,68.1079999999999,64.238,20.1,3.4,7.1
"BOOI4","2020-08-27 17:00",93.2539999999999,46.06,1812269.8,0,7.5030127,199,0.025236220472441,90.7339999999999,70.898,68.1259999999999,64.256,20.1,3.3,7.1
"BOOI4","2020-08-27 18:00",92.372,49.54,1219824,0,6.00301,191,0.0177165354330709,90.8419999999999,70.988,68.1259999999999,64.238,20.2,3.3,7.1
"BOOI4","2020-08-27 19:00",89.8699999999999,54.28,642713.87,0,2.8550048,205.8,0.0078740157480315,90.2659999999999,71.0599999999999,68.1619999999999,64.256,20.2,3.3,7
"BOOI4","2020-08-27 20:00",82.2739999999999,71.81,127940.1,0,0.032000054,195.8,-0.00110236220472441,89.0239999999999,71.1679999999999,68.1259999999999,64.2739999999999,20.2,3.3,7.1
"BOOI4","2020-08-27 21:00",78.4579999999999,80.2,1327.6801,0,0.0040000067,220.5,-0.0015748031496063,87.5839999999999,71.33,68.1259999999999,64.2739999999999,20.2,3.3,7.1
"BOOI4","2020-08-27 22:00",76.4239999999999,84.5,0,0,0,0,-0.0015748031496063,86.2519999999999,71.4199999999999,68.1439999999999,64.2739999999999,20.2,3.3,7.1
"BOOI4","2020-08-27 23:00",75.4339999999999,87.6,0,0,0.2400004,198.7,-0.00137795275590551,85.1179999999999,71.5279999999999,68.1619999999999,64.256,20.2,3.3,7.1
"BOOI4","2020-08-28 00:00",73.8499999999999,91.4,0,0,0.13700023,200.5,-0.00141732283464567,84.056,71.5999999999999,68.198,64.2739999999999,20.2,3.4,7.1
"BOOI4","2020-08-28 01:00",72.7519999999999,93.8,0,0,0.010000017,234.8,-0.00149606299212598,83.156,71.672,68.198,64.2919999999999,20.2,3.4,7.1
"BOOI4","2020-08-28 02:00",72.914,94.1,0,0,1.193002,197.5,-0.00106299212598425,82.3819999999999,71.7079999999999,68.2339999999999,64.2919999999999,20.2,3.4,7.1
"BOOI4","2020-08-28 03:00",73.6339999999999,92.1,0,0,3.7930062,202,-0.000433070866141732,81.698,71.7079999999999,68.2519999999999,64.3099999999999,20.2,3.4,7.1
"BOOI4","2020-08-28 04:00",72.23,94.4,0,0,3.8390062,210.6,-0.000393700787401575,81.122,71.7259999999999,68.2699999999999,64.2919999999999,20.2,3.4,7.1
"BOOI4","2020-08-28 05:00",70.3759999999999,96.8,0,0,0.7950013,195.5,-0.00122047244094488,80.546,71.7259999999999,68.306,64.2919999999999,20.2,3.4,7.1
"BOOI4","2020-08-28 06:00",70.0159999999999,96.2,0,0,0.57800096,203.4,-0.0012992125984252,79.9339999999999,71.7079999999999,68.3419999999999,64.2919999999999,20.2,3.4,7.1
"BOOI4","2020-08-28 07:00",69.872,94.9,21982.69,0,4.235007,247.7,-0.00047244094488189,79.3579999999999,71.69,68.3599999999999,64.3279999999999,20.2,3.4,7.2
"BOOI4","2020-08-28 08:00",74.3359999999999,85.8,275068.2,0,5.682009,264.6,0.00181102362204724,78.998,71.6359999999999,68.396,64.3279999999999,20.2,3.4,7.2
"BOOI4","2020-08-28 09:00",78.7279999999999,79.47,982746.03,0,9.070015,293.9,0.00881889763779528,79.088,71.6179999999999,68.396,64.346,20.1,3.4,7.2
"BOOI4","2020-08-28 10:00",82.3279999999999,76.29,1551570.1,0,8.050014,277.8,0.0145669291338583,79.7539999999999,71.546,68.4319999999999,64.3279999999999,20.1,3.4,7.2
"BOOI4","2020-08-28 11:00",84.1279999999999,72.59,1988915.8,0,9.9700165,260.8,0.020236220472441,81.032,71.5099999999999,68.4499999999999,64.364,20.1,3.4,7.1
"BOOI4","2020-08-28 12:00",86.3239999999999,66.74,2233980,0,7.7450128,233.8,0.022992125984252,82.706,71.456,68.4499999999999,64.346,20,3.4,7.1
"BOOI4","2020-08-28 13:00",90.8239999999999,57.67,2361102.5,0,8.300014,199.2,0.0262204724409449,84.3619999999999,71.4019999999999,68.4679999999999,64.364,20,3.3,7.1
"BOOI4","2020-08-28 14:00",92.498,52.35,2851386.7,0,9.760016,238.3,0.032992125984252,86.3779999999999,71.3839999999999,68.4859999999999,64.3819999999999,20,3.3,7
"BOOI4","2020-08-28 15:00",92.732,48.46,2765988.3,0,13.960023,267.1,0.0376771653543307,88.1419999999999,71.3659999999999,68.4859999999999,64.3819999999999,20,3.3,6.9
"BOOI4","2020-08-28 16:00",91.3819999999999,47.02,1449450.1,0,9.9700165,311.1,0.0209055118110236,88.556,71.4019999999999,68.4679999999999,64.364,20,3.3,6.9
"BOOI4","2020-08-28 17:00",89.762,46.24,1592237.9,0,12.280021,308.2,0.0280708661417323,88.646,71.438,68.4679999999999,64.3819999999999,20,3.3,6.9
"BOOI4","2020-08-28 18:00",88.43,47.31,1059000,0,9.460015,322.6,0.0204330708661417,88.3939999999999,71.4919999999999,68.4859999999999,64.3819999999999,20,3.3,6.9
"BOOI4","2020-08-28 19:00",83.9659999999999,60.03,536311.77,0,9.390016,344.7,0.0139370078740157,87.7999999999999,71.582,68.4859999999999,64.3999999999999,20,3.3,6.9
"BOOI4","2020-08-28 20:00",78.9439999999999,68.13,122578.03,0,5.644009,346,0.00425196850393701,86.756,71.672,68.4859999999999,64.4179999999999,20,3.3,6.9
"BOOI4","2020-08-28 21:00",74.5699999999999,77.7,1307.7602,0,2.3150039,343.3,0.000275590551181102,85.4779999999999,71.7619999999999,68.522,64.4179999999999,20,3.3,6.9
"BOOI4","2020-08-28 22:00",72.482,81.3,0,0,0.5290009,304.9,-0.000984251968503937,84.2179999999999,71.8339999999999,68.5399999999999,64.4359999999999,20,3.3,6.9
"BOOI4","2020-08-28 23:00",72.0859999999999,82.4,0,0,3.8220065,336.3,0.00047244094488189,83.138,71.888,68.5399999999999,64.4359999999999,20,3.3,6.9
"BOOI4","2020-08-29 00:00",71.1859999999999,85.1,0,0,3.3860056,331.2,0,82.1659999999999,71.9599999999999,68.5759999999999,64.3999999999999,20,3.3,6.9
"BOOI4","2020-08-29 01:00",69.08,87.3,0,0,9.310016,343.5,0.00078740157480315,81.2839999999999,71.9599999999999,68.5939999999999,64.4359999999999,20,3.3,6.9
"BOOI4","2020-08-29 02:00",67.2439999999999,86.5,0,0,9.670016,342.3,0.000708661417322835,80.438,71.9419999999999,68.5939999999999,64.4359999999999,20,3.3,7
"BOOI4","2020-08-29 03:00",64.7779999999999,89.4,0,0,7.554013,345.6,0.000354330708661417,79.6279999999999,71.9419999999999,68.63,64.4359999999999,20,3.3,7
"BOOI4","2020-08-29 04:00",63.0319999999999,89.9,0,0,5.2570086,332.2,0,78.764,71.906,68.63,64.4539999999999,20,3.3,7
"BOOI4","2020-08-29 05:00",60.9619999999999,91.3,0,0,3.9110065,324.6,-0.000236220472440945,77.9179999999999,71.888,68.6839999999999,64.4539999999999,20,3.3,7
"BOOI4","2020-08-29 06:00",59.99,91.7,0,0,7.165012,341.1,3.93700787401575e-05,77.0539999999999,71.798,68.6839999999999,64.49,20,3.3,7
"BOOI4","2020-08-29 07:00",59.6119999999999,92.2,51415.485,0,4.857008,330.2,-3.93700787401575e-05,76.298,71.7259999999999,68.6839999999999,64.49,20,3.3,7
"BOOI4","2020-08-29 08:00",60.9259999999999,89,325597.2,0,5.7200093,341,0.00137795275590551,75.7039999999999,71.672,68.7019999999999,64.49,20,3.3,7
"BOOI4","2020-08-29 09:00",62.672,82.8,641538,0,6.4790106,348.2,0.00488188976377953,75.4339999999999,71.582,68.738,64.49,19.9,3.3,7.1
"BOOI4","2020-08-29 10:00",65.606,74.08,1227198.2,0,5.7260094,343.3,0.00940944881889764,75.5779999999999,71.4739999999999,68.738,64.49,19.9,3.4,7.1
"BOOI4","2020-08-29 11:00",68.3239999999999,68.11,1582956.4,0,2.955005,336,0.0123622047244095,76.3519999999999,71.3839999999999,68.738,64.5259999999999,19.9,3.3,7
"BOOI4","2020-08-29 12:00",71.222,57.79,1868760.1,0,3.7960062,337,0.015748031496063,77.4859999999999,71.2759999999999,68.738,64.5259999999999,19.8,3.3,7
"BOOI4","2020-08-29 13:00",73.2019999999999,49.13,2526234.1,0,5.1230087,10.75,0.0226377952755905,78.9079999999999,71.1499999999999,68.7199999999999,64.5259999999999,19.8,3.3,6.9
"BOOI4","2020-08-29 14:00",74.4439999999999,49.76,2751948,0,6.312011,15.54,0.0253543307086614,80.5279999999999,71.0599999999999,68.738,64.5439999999999,19.8,3.3,6.9
"BOOI4","2020-08-29 15:00",77.288,38.65,2890488.3,0,6.3380103,16.5,0.0275196850393701,82.4179999999999,70.9519999999999,68.7199999999999,64.5079999999999,19.8,3.3,6.9
"BOOI4","2020-08-29 16:00",77.5399999999999,40.59,2525507.8,0,5.623009,11.02,0.0251574803149606,84.038,70.9159999999999,68.738,64.5439999999999,19.8,3.3,6.9
"BOOI4","2020-08-29 17:00",78.2239999999999,41.78,2007119.9,0,5.6620097,3.198,0.0212204724409449,84.9919999999999,70.8439999999999,68.7199999999999,64.5619999999999,19.7,3.3,6.9
"BOOI4","2020-08-29 18:00",77.2339999999999,42.25,1385136.1,0,5.1340084,358,0.0156692913385827,85.2619999999999,70.8259999999999,68.6839999999999,64.5439999999999,19.7,3.3,6.8
"BOOI4","2020-08-29 19:00",76.3699999999999,45.22,577936.04,0,4.1390066,356.6,0.00826771653543307,84.722,70.8259999999999,68.6659999999999,64.5619999999999,19.7,3.3,6.8
"BOOI4","2020-08-29 20:00",69.782,59.69,134173.31,0,0.23400038,343.9,-0.00153543307086614,83.5519999999999,70.8079999999999,68.6839999999999,64.58,19.7,3.3,6.8
"BOOI4","2020-08-29 21:00",65.8579999999999,68.86,836.7001,0,0,0,-0.00224409448818898,81.9319999999999,70.8439999999999,68.6659999999999,64.58,19.7,3.3,6.9
"BOOI4","2020-08-29 22:00",64.49,71.01,0,0,0,0,-0.0021259842519685,80.3839999999999,70.8619999999999,68.648,64.598,19.7,3.3,6.9
"BOOI4","2020-08-29 23:00",61.3939999999999,76.6,0,0,0,0,-0.00208661417322835,79.0339999999999,70.8619999999999,68.648,64.598,19.7,3.3,6.9
"BOOI4","2020-08-30 00:00",61.196,76.35,0,0,0,0,-0.00204724409448819,77.864,70.8439999999999,68.63,64.58,19.7,3.3,6.9
"BOOI4","2020-08-30 01:00",60.656,78.98,0,0,0,0,-0.00200787401574803,76.8199999999999,70.7899999999999,68.6119999999999,64.598,19.7,3.3,6.9
"BOOI4","2020-08-30 02:00",59.5759999999999,81.3,0,0,0,0,-0.00200787401574803,75.956,70.7359999999999,68.5939999999999,64.6159999999999,19.6,3.3,6.9
"BOOI4","2020-08-30 03:00",59.198,82.1,0,0,0,0,-0.00200787401574803,75.1999999999999,70.6819999999999,68.6119999999999,64.6159999999999,19.6,3.3,6.9
"BOOI4","2020-08-30 04:00",57.722,85.8,0,0,0,0,-0.00196850393700787,74.4619999999999,70.556,68.5939999999999,64.6159999999999,19.6,3.3,6.9
"BOOI4","2020-08-30 05:00",57.7579999999999,85,0,0,0,0,-0.00192913385826772,73.706,70.448,68.5759999999999,64.6519999999999,19.6,3.3,6.9
"BOOI4","2020-08-30 06:00",55.9939999999999,88.1,0,0,0,0,-0.00192913385826772,73.0039999999999,70.34,68.5759999999999,64.6159999999999,19.6,3.3,6.9
"BOOI4","2020-08-30 07:00",55.5439999999999,88.4,28047.241,0,0,0,-0.00173228346456693,72.356,70.196,68.5759999999999,64.6339999999999,19.6,3.3,6.9
"BOOI4","2020-08-30 08:00",57.6859999999999,89.1,354607.2,0,0,0,0.000275590551181102,71.8519999999999,70.0339999999999,68.5579999999999,64.6519999999999,19.5,3.3,6.9
"BOOI4","2020-08-30 09:00",64.238,75.2,773256.1,0,1.0740018,125.8,0.00448818897637795,71.8519999999999,69.9439999999999,68.5039999999999,64.6519999999999,19.5,3.3,6.9
"BOOI4","2020-08-30 10:00",70.322,63.48,1632377.7,0,6.5320106,152.3,0.0131496062992126,72.6079999999999,69.746,68.4859999999999,64.6519999999999,19.4,3.3,6.9
"BOOI4","2020-08-30 11:00",74.048,52.53,2285004,0,8.470014,167.2,0.0210629921259843,74.03,69.638,68.4679999999999,64.6519999999999,19.4,3.3,6.9
"BOOI4","2020-08-30 12:00",74.3539999999999,49.69,2201771.5,0,9.940017,171.6,0.0240157480314961,75.8659999999999,69.4579999999999,68.4679999999999,64.6699999999999,19.4,3.2,6.9
"BOOI4","2020-08-30 13:00",74.588,52.72,1869714,0,9.170015,172.5,0.0216535433070866,77.198,69.332,68.396,64.6519999999999,19.4,3.2,6.9
"BOOI4","2020-08-30 14:00",74.282,51.22,1365839.8,0,8.190013,168.8,0.0179527559055118,78.1339999999999,69.2239999999999,68.396,64.6519999999999,19.3,3.2,6.8
"BOOI4","2020-08-30 15:00",76.8019999999999,47.61,2718924.3,0,8.370014,169.1,0.0271259842519685,79.214,69.1159999999999,68.3779999999999,64.6699999999999,19.3,3.2,6.8
"BOOI4","2020-08-30 16:00",78.0439999999999,47.15,2471802,0,8.350014,171.6,0.0262204724409449,80.9599999999999,69.08,68.3239999999999,64.6699999999999,19.3,3.2,6.8
"BOOI4","2020-08-30 17:00",78.2419999999999,45.16,1852716.2,0,7.8640127,156,0.0215354330708661,82.2019999999999,69.0439999999999,68.2699999999999,64.6699999999999,19.3,3.2,6.8
"BOOI4","2020-08-30 18:00",77.738,45.29,1329006.2,0,8.700014,143.3,0.0184645669291339,82.598,69.0259999999999,68.2159999999999,64.6699999999999,19.2,3.2,6.8
"BOOI4","2020-08-30 19:00",75.4339999999999,50.17,717756.04,0,9.770017,133.4,0.0143700787401575,82.2739999999999,69.0259999999999,68.18,64.6699999999999,19.2,3.2,6.8
"BOOI4","2020-08-30 20:00",70.34,56.71,112926.87,0,7.826013,125.8,0.0068503937007874,81.2119999999999,69.0619999999999,68.1619999999999,64.706,19.2,3.2,6.8
"BOOI4","2020-08-30 21:00",68.414,60.82,491.82004,0,6.9400115,127.3,0.00204724409448819,79.7899999999999,69.098,68.1259999999999,64.6699999999999,19.2,3.2,6.8
"BOOI4","2020-08-30 22:00",63.23,75.56,0,0,2.2080035,139,-0.000236220472440945,78.53,69.1339999999999,68.09,64.706,19.2,3.2,6.7
"BOOI4","2020-08-30 23:00",63.14,78.14,0,0,3.2720056,150.5,-0.000118110236220472,77.414,69.1519999999999,68.0539999999999,64.706,19.2,3.2,6.8
"BOOI4","2020-08-31 00:00",62.0779999999999,81.9,0,0,4.6170077,152.5,7.8740157480315e-05,76.496,69.1339999999999,67.9999999999999,64.6519999999999,19.2,3.2,6.8
"BOOI4","2020-08-31 01:00",62.5099999999999,78.78,0,0,5.7760096,156.3,0.000354330708661417,75.722,69.1519999999999,68.0179999999999,64.688,19.2,3.2,6.7
"BOOI4","2020-08-31 02:00",62.33,79.26,0,0,0.022000037,155.5,-0.00200787401574803,75.0739999999999,69.1339999999999,67.982,64.688,19.2,3.2,6.7
"BOOI4","2020-08-31 03:00",61.9699999999999,81.2,0,0,3.007005,153,-0.00031496062992126,74.5699999999999,69.1159999999999,67.964,64.688,19.2,3.2,6.7
"BOOI4","2020-08-31 04:00",61.556,85,0,0,0.06500011,146.3,-0.00188976377952756,74.1019999999999,69.0619999999999,67.946,64.706,19.2,3.2,6.8
"BOOI4","2020-08-31 05:00",62.114,86.7,0,0,0.37400064,166.5,-0.00165354330708661,73.7239999999999,69.0079999999999,67.9099999999999,64.706,19.2,3.2,6.8
"BOOI4","2020-08-31 06:00",63.7159999999999,85.7,0,0,1.213002,183.9,-0.00118110236220473,73.4179999999999,68.9539999999999,67.9099999999999,64.706,19.2,3.2,6.8
"BOOI4","2020-08-31 07:00",63.1939999999999,95.9,2181.9592,0.060000002,1.874003,227.3,-0.000984251968503937,73.1659999999999,68.8819999999999,67.8919999999999,64.706,19.2,3.2,6.8
"BOOI4","2020-08-31 08:00",64.472,88.9,33544.08,0,9.460015,274.1,0.00106299212598425,72.8779999999999,68.8099999999999,67.856,64.688,19.2,3.2,6.8
"BOOI4","2020-08-31 09:00",65.498,83.8,674019.7,0,12.550021,352.3,0.00586614173228346,72.3919999999999,68.7199999999999,67.856,64.7239999999999,19.1,3.2,6.8
"BOOI4","2020-08-31 10:00",63.6439999999999,87.6,440257.84,0,7.1080117,9.45,0.00492125984251969,72.1939999999999,68.6659999999999,67.8019999999999,64.688,19.1,3.2,6.9
"BOOI4","2020-08-31 11:00",67.064,72.64,1427790,0,6.34701,1.532,0.0110629921259842,72.1759999999999,68.5939999999999,67.7839999999999,64.688,19.1,3.2,6.8
"BOOI4","2020-08-31 12:00",68.5759999999999,66.47,2532564,0,10.290016,356.5,0.0200393700787402,72.8419999999999,68.5039999999999,67.748,64.688,19.2,3.1,6.8
"BOOI4","2020-08-31 13:00",71.564,55.89,2989926.3,0,9.230016,352.7,0.0247244094488189,74.048,68.4499999999999,67.748,64.688,19.1,3.1,6.7
"BOOI4","2020-08-31 14:00",73.4539999999999,49.22,3011999.8,0,8.220014,9.1,0.0272047244094488,75.6319999999999,68.3599999999999,67.6939999999999,64.688,19.1,3.1,6.8
"BOOI4","2020-08-31 15:00",75.2899999999999,41.92,2846963.9,0,8.780014,8.29,0.0283858267716535,77.2699999999999,68.288,67.6759999999999,64.688,19.1,3.1,6.7
"BOOI4","2020-08-31 16:00",75.6679999999999,38.04,2494440.4,0,7.3700123,15.64,0.0263385826771654,78.6199999999999,68.2519999999999,67.6579999999999,64.688,19.1,3.1,6.7
"BOOI4","2020-08-31 17:00",76.2619999999999,37.29,1984590.1,0,5.8690095,8.53,0.0212992125984252,79.5019999999999,68.2339999999999,67.64,64.706,19.1,3.1,6.7
"BOOI4","2020-08-31 18:00",75.8839999999999,36.15,1367088,0,6.03001,2.433,0.0168503937007874,79.772,68.2339999999999,67.5679999999999,64.706,19.1,3.1,6.6
"BOOI4","2020-08-31 19:00",74.2279999999999,42.9,564821.4,0,4.3340073,6.333,0.00854330708661417,79.2679999999999,68.18,67.5499999999999,64.688,19,3.1,6.6
"BOOI4","2020-08-31 20:00",67.748,52.28,121721.04,0,0.6520011,10.84,-0.00114173228346457,78.1699999999999,68.2159999999999,67.5499999999999,64.688,19,3.1,6.7
"BOOI4","2020-08-31 21:00",62.0779999999999,65.08,451.32002,0,0.09000015,25.61,-0.00220472440944882,76.6759999999999,68.2159999999999,67.532,64.688,19,3.1,6.7
"BOOI4","2020-08-31 22:00",61.9159999999999,65,0,0,0.23100038,20.37,-0.00192913385826772,75.272,68.2519999999999,67.4779999999999,64.688,19,3.1,6.7
"BOOI4","2020-08-31 23:00",59.7019999999999,70.11,0,0,1.1190019,9.79,-0.00102362204724409,74.03,68.2519999999999,67.4419999999999,64.688,19,3.1,6.7
"BOOI4","2020-09-01 00:00",58.0279999999999,73.51,0,0,0.18700032,7.465,-0.00188976377952756,72.9679999999999,68.198,67.4239999999999,64.688,19,3.1,6.7
"BOOI4","2020-09-01 01:00",55.6699999999999,78.61,0,0,0.050000083,34.94,-0.00196850393700787,72.0499999999999,68.18,67.4419999999999,64.6519999999999,19,3.1,6.7
"BOOI4","2020-09-01 02:00",55.3819999999999,77.74,0,0,0,0,-0.00196850393700787,71.1319999999999,68.1079999999999,67.3699999999999,64.6519999999999,19,3.1,6.7
"BOOI4","2020-09-01 03:00",56.0119999999999,73.96,0,0,0.011000019,22.7,-0.00204724409448819,70.3039999999999,68.072,67.388,64.688,18.9,3.1,6.7
"BOOI4","2020-09-01 04:00",53.8519999999999,79.88,0,0,0.0600001,347.8,-0.00192913385826772,69.5659999999999,67.982,67.3519999999999,64.6519999999999,18.9,3.1,6.7
"BOOI4","2020-09-01 05:00",54.1579999999999,80.2,0,0,0,0,-0.00196850393700787,69.098,67.874,67.3519999999999,64.6519999999999,18.9,3.1,6.7
"BOOI4","2020-09-01 06:00",55.8499999999999,79.26,0,0,0.038000062,119.5,-0.00192913385826772,68.756,67.7659999999999,67.3339999999999,64.6699999999999,18.8,3.1,6.8
"BOOI4","2020-09-01 07:00",54.68,83.2,8585.639,0,0.017000029,144,-0.00188976377952756,68.522,67.64,67.28,64.6519999999999,18.9,3.1,6.7
"BOOI4","2020-09-01 08:00",57.056,81,265443,0,0,0,7.8740157480315e-05,68.2339999999999,67.532,67.28,64.6519999999999,18.9,3.1,6.8
"BOOI4","2020-09-01 09:00",61.088,77.5,817474.73,0,1.7940029,29.89,0.00488188976377953,68.2159999999999,67.4239999999999,67.2439999999999,64.6519999999999,18.9,3.1,6.7
"BOOI4","2020-09-01 10:00",64.148,71.13,810930.05,0,5.1500087,76.3,0.00720472440944882,68.738,67.2439999999999,67.2259999999999,64.6339999999999,18.9,3.1,6.8
"BOOI4","2020-09-01 11:00",63.7159999999999,75.29,545617.86,0,5.350009,99.9,0.00622047244094488,69.3859999999999,67.1539999999999,67.1539999999999,64.6159999999999,18.7,3.1,6.8
"BOOI4","2020-09-01 12:00",60.6199999999999,87.8,454444.64,0.020000001,5.1170087,132.5,0.00484251968503937,69.6739999999999,67.0099999999999,67.1359999999999,64.6159999999999,18.7,3.1,6.8
"BOOI4","2020-09-01 13:00",64.7779999999999,80.8,1506305.9,0.020000001,6.2830105,94.3,0.0103937007874016,69.9079999999999,66.9019999999999,67.0999999999999,64.6339999999999,18.7,3,6.8
"BOOI4","2020-09-01 14:00",67.6039999999999,75.9,2269902,0,11.220019,111.7,0.0172047244094488,71.24,66.8119999999999,67.046,64.6519999999999,18.7,3,6.8
"BOOI4","2020-09-01 15:00",69.0619999999999,73.78,964146.24,0,8.340014,131.8,0.010748031496063,71.9779999999999,66.74,67.0279999999999,64.6339999999999,18.7,3,6.8
"BOOI4","2020-09-01 16:00",69.2419999999999,75.51,679206,0,7.242012,144.1,0.0087007874015748,72.3019999999999,66.6859999999999,66.9739999999999,64.58,18.7,3,6.8
"BOOI4","2020-09-01 17:00",66.164,90.2,280181.98,0.020000001,1.9970033,156.9,0.00318897637795276,72.1579999999999,66.6499999999999,66.938,64.6159999999999,18.6,3,6.8
"BOOI4","2020-09-01 18:00",65.4079999999999,93.4,328455.02,0.010000001,0.50000083,248.3,0.00263779527559055,71.9419999999999,66.596,66.9019999999999,64.6159999999999,18.6,3,6.8
"BOOI4","2020-09-01 19:00",65.48,93.3,259966.2,0,0.41300067,225.6,0.0015748031496063,71.8519999999999,66.5599999999999,66.8659999999999,64.5619999999999,18.6,3,6.8
"BOOI4","2020-09-01 20:00",64.8499999999999,96.8,40098.907,0,0.23700039,244.4,-0.000511811023622047,71.546,66.596,66.8119999999999,64.598,18.6,3,6.8
"BOOI4","2020-09-01 21:00",64.8679999999999,96.2,471.84002,0,1.1060019,236.3,7.8740157480315e-05,71.1499999999999,66.5419999999999,66.7759999999999,64.58,18.6,3,6.8
"BOOI4","2020-09-01 22:00",63.23,97.2,0,0,2.7590046,244.1,0.000118110236220472,70.6999999999999,66.5239999999999,66.722,64.5619999999999,18.6,3,6.8
"BOOI4","2020-09-01 23:00",61.898,98.9,0,0,1.5820026,233.9,3.93700787401575e-05,70.0699999999999,66.5239999999999,66.722,64.5619999999999,18.6,3,6.8
"BOOI4","2020-09-02 00:00",60.4759999999999,99.8,0,0,3.8000064,241.4,3.93700787401575e-05,69.4759999999999,66.506,66.6499999999999,64.5619999999999,18.7,3,6.8
"BOOI4","2020-09-02 01:00",60.5839999999999,100,0,0,1.0690018,248.1,0,68.8819999999999,66.506,66.6319999999999,64.58,18.7,3,6.8
"BOOI4","2020-09-02 02:00",61.3039999999999,100,0,0,6.23601,256.3,0,68.414,66.488,66.596,64.5619999999999,18.6,3,6.8
"BOOI4","2020-09-02 03:00",60.9439999999999,100,0,0,7.293012,252.5,0,68.0359999999999,66.4339999999999,66.5599999999999,64.5619999999999,18.6,3,6.8
"BOOI4","2020-09-02 04:00",60.0619999999999,100,0,0,7.751013,245.6,0,67.7119999999999,66.398,66.5419999999999,64.5259999999999,18.6,3.1,6.8
"BOOI4","2020-09-02 05:00",58.9819999999999,100,0,0,7.307012,250.3,0,67.406,66.3619999999999,66.506,64.5259999999999,18.6,3.1,6.8
"BOOI4","2020-09-02 06:00",58.8919999999999,100,0,0,7.6070127,261.2,0,67.0279999999999,66.3439999999999,66.4519999999999,64.5259999999999,18.6,3.1,6.8
"BOOI4","2020-09-02 07:00",58.388,100,27531.065,0,6.447011,258.7,7.8740157480315e-05,66.6499999999999,66.2899999999999,66.4519999999999,64.5259999999999,18.6,3,6.8
"BOOI4","2020-09-02 08:00",62.564,98.8,500232.06,0,6.735011,261.6,0.00133858267716536,66.3259999999999,66.2179999999999,66.398,64.49,18.5,3,6.8
"BOOI4","2020-09-02 09:00",67.19,91.2,1081397.8,0,7.089012,274.3,0.00582677165354331,66.5419999999999,66.1819999999999,66.38,64.5079999999999,18.5,3,6.8
"BOOI4","2020-09-02 10:00",72.8239999999999,68.2,1674756.5,0,7.763013,296.3,0.0129527559055118,67.406,66.1099999999999,66.3619999999999,64.49,18.5,3,6.7
"BOOI4","2020-09-02 11:00",78.5839999999999,47.61,2237988,0,6.1170096,295.3,0.0210236220472441,68.8279999999999,66.056,66.3259999999999,64.49,18.5,3,6.8
"BOOI4","2020-09-02 12:00",82.706,38.48,2664978,0,4.7630076,279,0.0261417322834646,70.7899999999999,66.0199999999999,66.2539999999999,64.49,18.5,3,6.7
"BOOI4","2020-09-02 13:00",84.6859999999999,32.2,2918490.5,0,7.371012,273.2,0.0325590551181102,73.0759999999999,65.948,66.272,64.4539999999999,18.4,3,6.7
"BOOI4","2020-09-02 14:00",86.072,26.25,2948279.3,0,7.961013,276.7,0.0347244094488189,75.398,65.93,66.1999999999999,64.4539999999999,18.4,2.9,6.6
"BOOI4","2020-09-02 15:00",87.782,24.14,2788146.5,0,7.1740117,300.2,0.0340157480314961,77.522,65.948,66.1819999999999,64.472,18.4,2.9,6.6
"BOOI4","2020-09-02 16:00",88.5199999999999,23.63,2420208,0,5.144008,291.1,0.0280708661417323,79.2679999999999,65.948,66.164,64.4359999999999,18.4,2.9,6.6
"BOOI4","2020-09-02 17:00",88.4659999999999,23.79,1904034.3,0,5.2180085,260.9,0.0238582677165354,80.4739999999999,66.038,66.1099999999999,64.4359999999999,18.4,3,6.6
"BOOI4","2020-09-02 18:00",86.9179999999999,26.25,1293246,0,6.0630097,249.1,0.0197637795275591,80.78,66.1099999999999,66.0919999999999,64.4179999999999,18.5,3,6.6
"BOOI4","2020-09-02 19:00",84.6859999999999,32.1,655920.1,0,2.929005,238.4,0.00826771653543307,80.2939999999999,66.2359999999999,66.056,64.4179999999999,18.5,2.9,6.6
"BOOI4","2020-09-02 20:00",75.956,49.46,109637.276,0,0,0,-0.00228346456692913,78.98,66.3259999999999,66.038,64.4359999999999,18.5,3,6.6
"BOOI4","2020-09-02 21:00",69.548,60.45,486.60004,0,0.04900008,212.6,-0.00236220472440945,77.396,66.4339999999999,66.0019999999999,64.3999999999999,18.5,3,6.6
"BOOI4","2020-09-02 22:00",67.982,64.63,0,0,0.021000033,220.7,-0.00220472440944882,75.9019999999999,66.5599999999999,66.0019999999999,64.3819999999999,18.5,3,6.6
"BOOI4","2020-09-02 23:00",68.846,71.99,0,0,1.2980021,209.6,-0.000866141732283465,74.696,66.614,65.9839999999999,64.3999999999999,18.6,3,6.6
"BOOI4","2020-09-03 00:00",68.3599999999999,82.3,0,0,3.794006,213.9,0.000196850393700787,73.796,66.7039999999999,65.9659999999999,64.364,18.6,3,6.6
"BOOI4","2020-09-03 01:00",68.9359999999999,85.5,0,0,4.774008,216.8,7.8740157480315e-05,73.1659999999999,66.74,65.9659999999999,64.346,18.6,3,6.6
"BOOI4","2020-09-03 02:00",69.0439999999999,85,0,0,6.04101,207.7,0.000275590551181102,72.6259999999999,66.7579999999999,65.9839999999999,64.346,18.6,2.9,6.6
"BOOI4","2020-09-03 03:00",69.2419999999999,83,0,0,6.8240113,206.8,0.000393700787401575,72.1759999999999,66.7579999999999,65.9659999999999,64.3279999999999,18.6,3,6.6
"BOOI4","2020-09-03 04:00",68.0179999999999,85.9,0,0,6.8820114,210.5,0.000393700787401575,71.78,66.74,65.9839999999999,64.3279999999999,18.5,3,6.6
"BOOI4","2020-09-03 05:00",68.396,86,0,0,7.347012,218,0.00031496062992126,71.438,66.722,66.0019999999999,64.3099999999999,18.5,3,6.6
"BOOI4","2020-09-03 06:00",67.3159999999999,89.3,0,0,9.440016,238.8,0.00047244094488189,71.1319999999999,66.6859999999999,65.9659999999999,64.3099999999999,18.5,3,6.6
"BOOI4","2020-09-03 07:00",65.282,94.1,11273.938,0,6.4820104,239,-0.000196850393700787,70.8439999999999,66.6859999999999,66.0019999999999,64.2739999999999,18.4,3,6.6
"BOOI4","2020-09-03 08:00",69.4759999999999,77.01,321533.36,0,8.740014,266.7,0.00220472440944882,70.5739999999999,66.6499999999999,65.9659999999999,64.2919999999999,18.4,3,6.6
"BOOI4","2020-09-03 09:00",69.206,62.32,956592.04,0,12.39002,335.7,0.011259842519685,70.4839999999999,66.6499999999999,65.9659999999999,64.2739999999999,18.5,3,6.6
"BOOI4","2020-09-03 10:00",69.2419999999999,53.99,1619322.3,0,13.610023,342.1,0.0183070866141732,70.7179999999999,66.614,65.9659999999999,64.2919999999999,18.5,3,6.6
"BOOI4","2020-09-03 11:00",70.3039999999999,47.38,2192442.1,0,11.89002,338.6,0.0226377952755905,71.438,66.596,65.948,64.2739999999999,18.5,3,6.6
"BOOI4","2020-09-03 12:00",71.438,41.97,2626794.2,0,10.810018,328.5,0.0266141732283465,72.68,66.5419999999999,65.93,64.2739999999999,18.4,2.9,6.6
"BOOI4","2020-09-03 13:00",72.9499999999999,39.51,2868180.4,0,11.030018,329.4,0.0296062992125984,74.3179999999999,66.5239999999999,65.9119999999999,64.238,18.4,2.9,6.5
"BOOI4","2020-09-03 14:00",74.714,37.42,2964299.8,0,10.870018,323.6,0.0318897637795276,76.064,66.488,65.93,64.256,18.4,2.9,6.5
"BOOI4","2020-09-03 15:00",76.5859999999999,31.37,2818572.5,0,11.440019,325.3,0.0328740157480315,77.648,66.4519999999999,65.93,64.238,18.4,2.9,6.5
"BOOI4","2020-09-03 16:00",76.5679999999999,30.35,2447939.5,0,11.130019,324.4,0.0309842519685039,78.746,66.4339999999999,65.9119999999999,64.2199999999999,18.4,2.9,6.4
"BOOI4","2020-09-03 17:00",77.072,29.52,1922399.8,0,9.770017,323.1,0.0261811023622047,79.3759999999999,66.4519999999999,65.8939999999999,64.2199999999999,18.4,2.9,6.5
"BOOI4","2020-09-03 18:00",76.514,31.95,1301262.1,0,9.850017,321.3,0.0217322834645669,79.4119999999999,66.488,65.8939999999999,64.2019999999999,18.4,2.9,6.5
"BOOI4","2020-09-03 19:00",73.2739999999999,36.17,618557.43,0,7.192012,317.4,0.0128346456692913,78.8179999999999,66.5239999999999,65.8759999999999,64.2019999999999,18.4,2.9,6.5
"BOOI4","2020-09-03 20:00",65.264,49.47,107513.94,0,0.98800164,306.7,-0.00078740157480315,77.648,66.5779999999999,65.84,64.148,18.4,2.9,6.5
"BOOI4","2020-09-03 21:00",63.5179999999999,50.37,390.42005,0,3.553006,296.5,0.00114173228346457,76.082,66.6499999999999,65.84,64.1659999999999,18.4,2.9,6.5
"BOOI4","2020-09-03 22:00",61.8439999999999,53.8,0,0,2.7780044,298.7,0.000511811023622047,74.6419999999999,66.6859999999999,65.8939999999999,64.148,18.4,2.9,6.5
"BOOI4","2020-09-03 23:00",59.8099999999999,58.36,0,0,3.7770064,284.6,0.000826771653543307,73.3819999999999,66.6859999999999,65.822,64.148,18.4,2.9,6.5
"BOOI4","2020-09-04 00:00",57.6859999999999,62.94,0,0,1.152002,304.6,-0.000905511811023622,72.2659999999999,66.7039999999999,65.8039999999999,64.148,18.4,2.9,6.5
"BOOI4","2020-09-04 01:00",57.2179999999999,64.4,0,0,0.18300031,294.8,-0.00192913385826772,71.2759999999999,66.6859999999999,65.84,64.13,18.4,2.9,6.5
"BOOI4","2020-09-04 02:00",48.7039999999999,86,0,0,0,0,-0.00196850393700787,70.3579999999999,66.6679999999999,65.822,64.1119999999999,18.4,2.9,6.5
"BOOI4","2020-09-04 03:00",49.874,83.1,0,0,0.2930005,241.2,-0.00161417322834646,69.44,66.614,65.822,64.1119999999999,18.4,2.9,6.5
"BOOI4","2020-09-04 04:00",48.146,88,0,0,1.851003,253.3,-0.000826771653543307,68.648,66.5419999999999,65.822,64.1119999999999,18.4,2.9,6.5
"BOOI4","2020-09-04 05:00",48.596,88.1,0,0,1.776003,254.4,-0.000905511811023622,67.9099999999999,66.4339999999999,65.84,64.1119999999999,18.3,2.9,6.5
"BOOI4","2020-09-04 06:00",49.172,86.8,0,0,0,0,-0.0018503937007874,67.28,66.3619999999999,65.8039999999999,64.0939999999999,18.3,2.9,6.5
"BOOI4","2020-09-04 07:00",49.2259999999999,87.5,18744.238,0,3.553006,250.6,-0.000393700787401575,66.7039999999999,66.2359999999999,65.8579999999999,64.0759999999999,18.4,2.9,6.5
"BOOI4","2020-09-04 08:00",53.672,82.4,177541.17,0,4.0230064,248.6,0.00125984251968504,66.2539999999999,66.1279999999999,65.8039999999999,64.0759999999999,18.3,2.9,6.5
"BOOI4","2020-09-04 09:00",65.7859999999999,57.27,967926.33,0,4.799008,246.6,0.00732283464566929,66.3619999999999,65.9659999999999,65.822,64.0759999999999,18.3,2.9,6.5
"BOOI4","2020-09-04 10:00",66.2179999999999,59.35,896897.95,0,6.9420114,244.1,0.0110629921259842,67.172,65.8579999999999,65.7859999999999,64.0579999999999,18.3,2.9,6.5
"BOOI4","2020-09-04 11:00",71.2579999999999,47.55,1251408.2,0,6.773011,244.8,0.0142913385826772,68.18,65.714,65.7499999999999,64.0579999999999,18.2,2.9,6.5
"BOOI4","2020-09-04 12:00",77.5759999999999,36.16,2337198,0,7.9750133,256.8,0.024488188976378,69.7279999999999,65.588,65.7499999999999,64.0579999999999,18.2,2.9,6.5
"BOOI4","2020-09-04 13:00",79.6099999999999,33.21,2842853.5,0,9.4700165,260,0.0321653543307087,72.032,65.4439999999999,65.714,64.0399999999999,18.1,2.9,6.5
"BOOI4","2020-09-04 14:00",81.122,31.83,2867213.4,0,11.040019,260.6,0.035236220472441,74.3539999999999,65.39,65.6599999999999,64.0579999999999,18.1,2.9,6.4
"BOOI4","2020-09-04 15:00",81.6619999999999,29.52,2724665.3,0,10.000016,256.1,0.0339370078740157,76.3699999999999,65.2999999999999,65.6419999999999,64.022,18.1,2.9,6.4
"BOOI4","2020-09-04 16:00",83.0839999999999,29.26,2370660.4,0,8.8000145,240.9,0.0305511811023622,78.0259999999999,65.282,65.624,64.0579999999999,18.1,2.9,6.3
"BOOI4","2020-09-04 17:00",82.5439999999999,29.47,1863120,0,10.140017,243.9,0.0285433070866142,78.98,65.282,65.606,64.022,18.1,2.9,6.3
"BOOI4","2020-09-04 18:00",82.13,28.55,1248839.8,0,9.410016,244.7,0.0228346456692913,79.214,65.3359999999999,65.5699999999999,64.022,18.1,2.9,6.3
"BOOI4","2020-09-04 19:00",79.646,32.81,613734.13,0,7.3670125,237.6,0.0146850393700787,78.764,65.4079999999999,65.5339999999999,64.022,18.1,2.9,6.3
"BOOI4","2020-09-04 20:00",70.0699999999999,49.49,94272.606,0,1.7530029,229.6,0.000433070866141732,77.648,65.48,65.48,64.022,18.1,2.9,6.3
"BOOI4","2020-09-04 21:00",67.5499999999999,54.08,304.26002,0,1.0040016,217.2,-0.000984251968503937,76.28,65.5699999999999,65.48,64.0039999999999,18.1,2.9,6.3
"BOOI4","2020-09-04 22:00",67.0999999999999,55.29,0,0,3.628006,221,0.00106299212598425,75.0019999999999,65.6599999999999,65.4439999999999,63.9859999999999,18.1,2.8,6.3
"BOOI4","2020-09-04 23:00",64.9939999999999,60.41,0,0,4.796008,239.9,0.00133858267716536,73.9579999999999,65.732,65.4259999999999,63.9859999999999,18.1,2.8,6.3
"BOOI4","2020-09-05 00:00",59.432,73.48,0,0,5.1820083,249.6,0.000905511811023622,73.0039999999999,65.7859999999999,65.4259999999999,64.0039999999999,18.2,2.8,6.3
"BOOI4","2020-09-05 01:00",58.2619999999999,75.72,0,0,5.2560086,247.5,0.00047244094488189,72.14,65.8579999999999,65.39,63.9859999999999,18.2,2.8,6.3
"BOOI4","2020-09-05 02:00",56.7679999999999,79.64,0,0,5.1860085,250.3,0.000275590551181102,71.3119999999999,65.8579999999999,65.4259999999999,63.9679999999999,18.2,2.8,6.3
"BOOI4","2020-09-05 03:00",56.264,82.4,0,0,5.6840096,249,0.000196850393700787,70.5739999999999,65.84,65.372,63.9499999999999,18.2,2.8,6.3
"BOOI4","2020-09-05 04:00",59.1079999999999,78.91,0,0,4.800008,268.3,-7.8740157480315e-05,69.89,65.84,65.372,63.9499999999999,18.1,2.8,6.3
"BOOI4","2020-09-05 05:00",57.0739999999999,80.9,0,0,0.17500028,289.4,-0.00181102362204724,69.2779999999999,65.8039999999999,65.3539999999999,63.932,18.1,2.8,6.3
"BOOI4","2020-09-05 06:00",58.316,73.99,0,0,0.09500016,264.6,-0.00192913385826772,68.7019999999999,65.7499999999999,65.3359999999999,63.932,18.1,2.8,6.3
"BOOI4","2020-09-05 07:00",52.2859999999999,90.7,16923.065,0,0.08300014,262.8,-0.00181102362204724,68.1259999999999,65.6779999999999,65.3359999999999,63.932,18.1,2.8,6.3
"BOOI4","2020-09-05 08:00",58.2079999999999,84.4,334209.56,0,0.0020000034,241.8,7.8740157480315e-05,67.6939999999999,65.6599999999999,65.3179999999999,63.896,18.1,2.8,6.4
"BOOI4","2020-09-05 09:00",69.638,58.54,884610.1,0,0.010000017,345.3,0.00456692913385827,67.748,65.5519999999999,65.3359999999999,63.914,18.1,2.8,6.4
"BOOI4","2020-09-05 10:00",73.7239999999999,50.39,1530977.9,0,0.85900146,67.52,0.0109842519685039,68.5399999999999,65.4619999999999,65.2999999999999,63.896,18.1,2.8,6.4
"BOOI4","2020-09-05 11:00",76.874,41.36,2105916.3,0,2.7020044,121.2,0.0181889763779528,70.196,65.39,65.3179999999999,63.896,18.1,2.8,6.3
"BOOI4","2020-09-05 12:00",79.124,34.38,2490564.2,0,4.121007,118.9,0.0239763779527559,72.374,65.2999999999999,65.2999999999999,63.8779999999999,18.1,2.8,6.3
"BOOI4","2020-09-05 13:00",82.5619999999999,33.97,2741340.3,0,3.4560058,114.3,0.0259842519685039,74.84,65.2279999999999,65.264,63.8779999999999,18.1,2.8,6.3
"BOOI4","2020-09-05 14:00",82.94,35.13,2780304.2,0,4.9450083,132.2,0.0285826771653543,77.2699999999999,65.2099999999999,65.264,63.8599999999999,18.1,2.8,6.3
"BOOI4","2020-09-05 15:00",84.4159999999999,35.17,2636550,0,4.800008,136.7,0.0275984251968504,79.5199999999999,65.156,65.2279999999999,63.8599999999999,18.1,2.8,6.3
"BOOI4","2020-09-05 16:00",85.64,33.72,2206158,0,5.2320085,149.4,0.0251181102362205,81.248,65.1919999999999,65.2099999999999,63.8599999999999,18.1,2.8,6.2
"BOOI4","2020-09-05 17:00",86.1619999999999,34.81,1803414.1,0,5.3750086,172.7,0.0219291338582677,82.2019999999999,65.2279999999999,65.1919999999999,63.8419999999999,18.1,2.7,6.2
"BOOI4","2020-09-05 18:00",84.8119999999999,38.56,1186512.2,0,5.87101,163.9,0.0170472440944882,82.3819999999999,65.2999999999999,65.1919999999999,63.8239999999999,18.1,2.7,6.2
"BOOI4","2020-09-05 19:00",82.1839999999999,42.51,537407.9,0,6.1650105,140.6,0.0113779527559055,81.8239999999999,65.4619999999999,65.156,63.8419999999999,18.1,2.7,6.1
"BOOI4","2020-09-05 20:00",77.18,50.67,66163.506,0,5.5760093,126.3,0.00547244094488189,80.6359999999999,65.5699999999999,65.156,63.8239999999999,18,2.8,6.2
"BOOI4","2020-09-05 21:00",75.0919999999999,54.11,162.18,0,6.509011,123.8,0.0028740157480315,79.2859999999999,65.714,65.1199999999999,63.788,18,2.8,6.2
"BOOI4","2020-09-05 22:00",73.13,59.09,0,0,6.1740103,129,0.00251968503937008,78.1519999999999,65.8579999999999,65.1019999999999,63.806,18,2.8,6.2
"BOOI4","2020-09-05 23:00",72.5539999999999,64.99,0,0,6.05201,139.7,0.00200787401574803,77.2699999999999,65.9659999999999,65.1199999999999,63.806,18.1,2.8,6.2
"BOOI4","2020-09-06 00:00",71.582,74.49,0,0,6.809011,149.4,0.00149606299212598,76.532,66.0739999999999,65.0839999999999,63.7699999999999,18.1,2.8,6.2
"BOOI4","2020-09-06 01:00",74.1919999999999,86.4,0,0,4.281007,149.3,0.000196850393700787,75.956,66.146,65.1199999999999,63.788,18.1,2.8,6.2
"BOOI4","2020-09-06 02:00",76.496,84.1,0,0,7.5110126,192.3,0.000826771653543307,75.6499999999999,66.1819999999999,65.1019999999999,63.7699999999999,18.1,2.8,6.2
"BOOI4","2020-09-06 03:00",78.4039999999999,76.5,0,0,9.530016,207.6,0.00137795275590551,75.506,66.2359999999999,65.1019999999999,63.7699999999999,18.1,2.8,6.2
"BOOI4","2020-09-06 04:00",78.4039999999999,73.39,0,0,11.94002,214.4,0.00228346456692913,75.3439999999999,66.272,65.138,63.7699999999999,18.1,2.7,6.2
"BOOI4","2020-09-06 05:00",75.3619999999999,81.9,0,0,9.780016,259,0.00192913385826772,75.1999999999999,66.3259999999999,65.1199999999999,63.7519999999999,18.1,2.7,6.2
"BOOI4","2020-09-06 06:00",68.7019999999999,88.3,0,0,10.930017,67.26,0.000826771653543307,75.0019999999999,66.38,65.1739999999999,63.7519999999999,18.1,2.7,6.2
"BOOI4","2020-09-06 07:00",68.5939999999999,88.4,2921.3989,0,17.590029,129.4,0.000866141732283465,74.588,66.38,65.138,63.7339999999999,18.1,2.8,6.2
"BOOI4","2020-09-06 08:00",69.314,91,124288.72,0,14.130023,151.4,0.00263779527559055,74.1199999999999,66.4159999999999,65.156,63.7339999999999,18.1,2.8,6.2
"BOOI4","2020-09-06 09:00",72.4279999999999,86.4,528961.36,0,12.970021,141,0.00507874015748032,73.9579999999999,66.4519999999999,65.156,63.7339999999999,18.1,2.8,6.2
"BOOI4","2020-09-06 10:00",78.9259999999999,76.99,1483992.1,0,14.290024,147.1,0.0130314960629921,74.2999999999999,66.488,65.156,63.7159999999999,18.1,2.8,6.2
"BOOI4","2020-09-06 11:00",83.372,64.24,2006711.7,0,12.630021,186.8,0.0224803149606299,75.398,66.488,65.2099999999999,63.698,18.1,2.8,6.2
"BOOI4","2020-09-06 12:00",86.3599999999999,59.05,2458379.4,0,13.130021,210.1,0.028740157480315,76.964,66.5239999999999,65.2099999999999,63.698,18.1,2.8,6.2
"BOOI4","2020-09-06 13:00",87.89,54.56,2549352.3,0,14.410024,221.4,0.0323622047244094,78.7099999999999,66.5599999999999,65.2279999999999,63.7159999999999,18.1,2.8,6.2
"BOOI4","2020-09-06 14:00",89.5279999999999,52.95,2714442,0,17.560028,238.8,0.0365748031496063,80.2579999999999,66.5779999999999,65.246,63.68,18.1,2.8,6.2
"BOOI4","2020-09-06 15:00",88.6099999999999,56.07,1921356.1,0,18.160028,253.4,0.031496062992126,81.3919999999999,66.6679999999999,65.2279999999999,63.68,18.1,2.8,6.1
"BOOI4","2020-09-06 16:00",91.112,51.45,1811694.1,0,15.910026,243.4,0.0299606299212598,82.1119999999999,66.74,65.264,63.6619999999999,18.2,2.8,6.1
"BOOI4","2020-09-06 17:00",90.7519999999999,51.33,1291578,0,14.160023,251.2,0.026259842519685,82.6159999999999,66.848,65.246,63.6439999999999,18.2,2.8,6.1
"BOOI4","2020-09-06 18:00",89.3119999999999,51.05,516186,0,11.3500185,267.8,0.0183464566929134,82.49,66.9919999999999,65.282,63.6619999999999,18.2,2.8,6.1
"BOOI4","2020-09-06 19:00",86.306,53.84,440684.94,0,7.253012,266.7,0.0116929133858268,82.0759999999999,67.1359999999999,65.3179999999999,63.6619999999999,18.2,2.8,6.1
"BOOI4","2020-09-06 20:00",82.9579999999999,56.05,54177.067,0,3.9120064,284.1,0.00279527559055118,81.3019999999999,67.2619999999999,65.3179999999999,63.6439999999999,18.3,2.8,6.1
"BOOI4","2020-09-06 21:00",78.2239999999999,57.47,152.10001,0,4.6040077,345.4,0.00303149606299213,80.2579999999999,67.4419999999999,65.282,63.6439999999999,18.3,2.8,6.1
"BOOI4","2020-09-06 22:00",76.4599999999999,54.14,0,0,5.3920093,360,0.0034251968503937,79.214,67.5679999999999,65.3359999999999,63.6619999999999,18.4,2.8,6.1
"BOOI4","2020-09-06 23:00",72.248,57.9,0,0,6.1280103,355.2,0.00326771653543307,78.2419999999999,67.6939999999999,65.372,63.6439999999999,18.3,2.7,6.1
"BOOI4","2020-09-07 00:00",69.098,64.37,0,0,6.0810103,5.419,0.00251968503937008,77.2699999999999,67.8199999999999,65.4259999999999,63.6259999999999,18.3,2.7,6.1
"BOOI4","2020-09-07 01:00",66.164,71.73,0,0,6.546011,12.13,0.00200787401574803,76.3339999999999,67.838,65.4619999999999,63.6259999999999,18.3,2.7,6.1
"BOOI4","2020-09-07 02:00",62.438,81.5,0,0,4.594008,8.26,0.00106299212598425,75.5239999999999,67.964,65.4439999999999,63.6079999999999,18.3,2.7,6.1
"BOOI4","2020-09-07 03:00",63.1759999999999,72.72,0,0,5.6220093,6.888,0.00106299212598425,74.696,67.982,65.48,63.5899999999999,18.3,2.7,6.1
"BOOI4","2020-09-07 04:00",61.2319999999999,72.65,0,0,7.1290116,9.09,0.0015748031496063,73.922,67.982,65.5339999999999,63.6259999999999,18.3,2.7,6.1
"BOOI4","2020-09-07 05:00",59.0359999999999,76,0,0,4.4510074,10.45,0.00106299212598425,73.1659999999999,67.9999999999999,65.5699999999999,63.5899999999999,18.3,2.7,6.1
"BOOI4","2020-09-07 06:00",54.9679999999999,85,0,0,0.23700039,3.535,-0.000393700787401575,72.4099999999999,67.946,65.588,63.5899999999999,18.3,2.7,6.1
"BOOI4","2020-09-07 07:00",53.9599999999999,87.6,6056.8786,0,0.0020000034,325.2,-0.00047244094488189,71.6359999999999,67.9099999999999,65.6419999999999,63.5899999999999,18.3,2.8,6.1
"BOOI4","2020-09-07 08:00",56.7499999999999,84.8,191179.81,0,0.598001,342.4,7.8740157480315e-05,70.9519999999999,67.8919999999999,65.6599999999999,63.5899999999999,18.3,2.8,6.1
"BOOI4","2020-09-07 09:00",61.8439999999999,68.24,837995.85,0,4.185007,7.798,0.00574803149606299,70.6279999999999,67.8019999999999,65.6779999999999,63.572,18.3,2.8,6.1
"BOOI4","2020-09-07 10:00",63.4999999999999,60.94,1423044,0,8.120013,32.14,0.0124803149606299,70.8619999999999,67.73,65.732,63.5539999999999,18.3,2.8,6.1
"BOOI4","2020-09-07 11:00",65.588,49.67,1763442.1,0,10.330017,53.71,0.0176377952755906,71.6539999999999,67.6039999999999,65.7679999999999,63.572,18.3,2.8,6.1
"BOOI4","2020-09-07 12:00",68.0539999999999,46.36,2191343.8,0,9.810016,57.64,0.0213779527559055,72.7519999999999,67.532,65.7859999999999,63.5539999999999,18.3,2.8,6.1
"BOOI4","2020-09-07 13:00",69.188,43.21,2357651.9,0,10.100017,62.69,0.0238976377952756,74.2999999999999,67.4419999999999,65.7859999999999,63.5899999999999,18.2,2.8,6.1
"BOOI4","2020-09-07 14:00",70.4839999999999,41.93,2799738,0,9.720016,62.74,0.0273228346456693,75.956,67.3699999999999,65.8039999999999,63.5899999999999,18.2,2.7,6.1
"BOOI4","2020-09-07 15:00",71.0239999999999,41.61,2293955.8,0,10.270017,60.29,0.0253149606299213,77.3779999999999,67.28,65.8039999999999,63.5539999999999,18.2,2.7,6
"BOOI4","2020-09-07 16:00",69.8539999999999,42.7,1503456.3,0,10.260016,46.8,0.0209842519685039,78.0619999999999,67.2619999999999,65.8039999999999,63.572,18.2,2.7,6
"BOOI4","2020-09-07 17:00",69.1519999999999,44.72,862019.96,0,10.550017,39.5,0.0168110236220472,77.972,67.2439999999999,65.8039999999999,63.5539999999999,18.2,2.7,6
"BOOI4","2020-09-07 18:00",66.5779999999999,45.02,408503.97,0,13.010021,41.33,0.0151574803149606,77.3779999999999,67.28,65.822,63.572,18.2,2.7,6
"BOOI4","2020-09-07 19:00",64.5079999999999,50.66,114810.6,0,11.61002,47.06,0.0116141732283465,76.4779999999999,67.3159999999999,65.822,63.572,18.2,2.7,6
"BOOI4","2020-09-07 20:00",61.5739999999999,64.89,13357.619,0,11.270019,31.84,0.00322834645669291,75.5239999999999,67.3519999999999,65.8039999999999,63.5539999999999,18.2,2.7,6
"BOOI4","2020-09-07 21:00",56.9839999999999,78.87,0,0,13.220022,24.44,0.00196850393700787,74.588,67.3519999999999,65.8039999999999,63.572,18.2,2.7,6
"BOOI4","2020-09-07 22:00",55.364,75.75,55.8,0,13.980022,26.48,0.00133858267716536,73.688,67.406,65.822,63.572,18.2,2.7,6
"BOOI4","2020-09-07 23:00",54.14,73.81,0,0,13.430022,29.79,0.00137795275590551,72.7519999999999,67.406,65.822,63.5539999999999,18.2,2.7,6
"BOOI4","2020-09-08 00:00",53.0419999999999,74.12,0,0,13.900023,26.54,0.00141732283464567,71.888,67.3699999999999,65.7859999999999,63.572,18.2,2.7,6
"BOOI4","2020-09-08 01:00",52.8619999999999,72.62,0,0,13.300022,32.76,0.00145669291338583,71.114,67.3159999999999,65.8039999999999,63.5899999999999,18.2,2.7,6
"BOOI4","2020-09-08 02:00",51.1699999999999,81,0,0,11.490019,32.35,0.00125984251968504,70.448,67.28,65.84,63.5539999999999,18.2,2.7,6.1
"BOOI4","2020-09-08 03:00",50.5039999999999,83.7,0,0,8.340014,34.75,0.00062992125984252,69.7279999999999,67.2079999999999,65.822,63.5539999999999,18.1,2.7,6.1
"BOOI4","2020-09-08 04:00",51.1159999999999,80.1,0,0,9.300015,34.65,0.00078740157480315,69.0439999999999,67.0999999999999,65.822,63.5539999999999,18.2,2.8,6.2
"BOOI4","2020-09-08 05:00",51.1159999999999,80.5,0,0,10.410018,31.41,0.000905511811023622,68.4499999999999,67.0099999999999,65.822,63.5539999999999,18.1,2.8,6.2
"BOOI4","2020-09-08 06:00",50.7919999999999,82.3,0,0,10.900018,25.61,0.000826771653543307,67.9279999999999,66.9019999999999,65.84,63.572,18,2.7,6.1
"BOOI4","2020-09-08 07:00",49.046,90,700.26,0.020000001,9.340015,7.594,0.000551181102362205,67.4779999999999,66.7939999999999,65.8039999999999,63.572,18.1,2.7,6.1
"BOOI4","2020-09-08 08:00",49.622,90,117710.51,0,11.330019,28.15,0.00161417322834646,66.8659999999999,66.6679999999999,65.8039999999999,63.5539999999999,18.1,2.8,6.1
"BOOI4","2020-09-08 09:00",50.2519999999999,89.8,138500.41,0,10.600018,16.79,0.0021259842519685,66.3619999999999,66.5239999999999,65.8039999999999,63.5539999999999,18.1,2.8,6.1
"BOOI4","2020-09-08 10:00",50.9359999999999,88.7,365038.67,0,11.92002,14.24,0.00350393700787402,65.948,66.3619999999999,65.7679999999999,63.5539999999999,18.1,2.7,6.1
"BOOI4","2020-09-08 11:00",51.0079999999999,86.1,483977.9,0,12.41002,20.9,0.00429133858267717,65.7499999999999,66.2539999999999,65.7859999999999,63.572,18,2.7,6.1
"BOOI4","2020-09-08 12:00",50.8999999999999,87.9,487829.96,0,12.540021,16.54,0.00433070866141732,65.5339999999999,66.0919999999999,65.7679999999999,63.5899999999999,18,2.8,6.1
"BOOI4","2020-09-08 13:00",50.4679999999999,87.8,725933.9,0.010000001,14.670025,35.07,0.00578740157480315,65.4439999999999,65.948,65.732,63.5899999999999,18,2.8,6.1
"BOOI4","2020-09-08 14:00",47.246,94.8,332902.8,0,12.930021,24.41,0.00244094488188976,65.2099999999999,65.822,65.696,63.572,17.9,2.8,6.1
"BOOI4","2020-09-08 15:00",45.7465999999999,96.3,290454.07,0.07,12.070021,9.08,0.00165354330708661,64.688,65.696,65.6779999999999,63.572,17.9,2.8,6.1
"BOOI4","2020-09-08 16:00",44.8033999999999,98.3,82555.08,0.25,13.260022,20.34,0.000669291338582677,63.6259999999999,65.5339999999999,65.6599999999999,63.5899999999999,17.8,2.8,6.1
"BOOI4","2020-09-08 17:00",44.6557999999999,98.6,75578.1,0.33,13.060021,16.3,0.000551181102362205,60.1339999999999,65.372,65.606,63.572,17.9,2.8,6.1
"BOOI4","2020-09-08 18:00",45.0968,98.6,43200.18,0.09,11.90002,15.82,0.000354330708661417,58.4599999999999,65.2279999999999,65.606,63.572,17.9,2.8,6.1
"BOOI4","2020-09-08 19:00",45.923,96.4,68450.806,0.010000001,9.840016,14.33,0.000590551181102362,58.2619999999999,65.0659999999999,65.5699999999999,63.572,17.8,2.8,6.1
"BOOI4","2020-09-08 20:00",45.689,97.6,13623.72,0.07,10.710018,13.46,0.000118110236220472,57.938,64.832,65.5159999999999,63.572,17.7,2.8,6.1
"BOOI4","2020-09-08 21:00",45.7555999999999,95.2,0,0.020000001,12.00002,22.06,0.00015748031496063,57.5419999999999,64.6519999999999,65.4619999999999,63.572,17.6,2.8,6.1
"BOOI4","2020-09-08 22:00",45.8995999999999,94.7,0,0,10.520018,18.63,0.000236220472440945,57.2539999999999,64.3999999999999,65.39,63.572,17.6,2.8,6.1
"BOOI4","2020-09-08 23:00",45.3325999999999,94.2,0,0,10.260016,18.84,0.000236220472440945,57.0019999999999,64.1659999999999,65.39,63.572,17.6,2.8,6.3
"BOOI4","2020-09-09 00:00",45.0499999999999,95.4,0,0.010000001,9.720016,27.85,0.000196850393700787,56.696,63.932,65.3539999999999,63.572,17.6,2.8,6.3
"BOOI4","2020-09-09 01:00",44.8213999999999,97.9,0,0.020000001,8.280013,22.51,0.00015748031496063,56.372,63.698,65.282,63.5899999999999,17.5,2.8,6.3
"BOOI4","2020-09-09 02:00",45.2281999999999,97.5,0,0,8.160013,23.67,7.8740157480315e-05,56.156,63.5179999999999,65.2099999999999,63.572,17.5,2.8,6.3
"BOOI4","2020-09-09 03:00",45.1201999999999,98.9,0,0,8.660014,24.83,7.8740157480315e-05,55.9579999999999,63.2839999999999,65.156,63.5539999999999,17.4,2.8,6.3
"BOOI4","2020-09-09 04:00",44.8033999999999,100,0,0.040000003,8.690014,18.97,3.93700787401575e-05,55.7239999999999,63.1039999999999,65.0659999999999,63.572,17.2,2.7,6.2
"BOOI4","2020-09-09 05:00",44.9977999999999,99.2,0,0.020000001,9.380016,20,0,55.472,62.888,64.9939999999999,63.572,17.2,2.7,6.3
"BOOI4","2020-09-09 06:00",45.1436,99,0,0.030000001,9.580016,25,3.93700787401575e-05,55.1839999999999,62.7079999999999,64.8859999999999,63.5359999999999,17.2,2.7,6.3
"BOOI4","2020-09-09 07:00",44.9744,99.4,644.64,0.120000005,10.250017,17.46,3.93700787401575e-05,54.8779999999999,62.5099999999999,64.8859999999999,63.5539999999999,17,2.7,6.2
"BOOI4","2020-09-09 08:00",45.455,98.9,40432.728,0.020000001,10.070017,34.55,0.000275590551181102,54.446,62.33,64.7599999999999,63.5359999999999,17.1,2.7,6.3
"BOOI4","2020-09-09 09:00",45.5936,99.5,82049.39,0.040000003,8.280013,18.82,0.00047244094488189,54.374,62.1679999999999,64.706,63.5359999999999,17,2.7,6.3
"BOOI4","2020-09-09 10:00",45.9266,99.6,214916.43,0.080000006,8.990014,14.58,0.00094488188976378,54.1759999999999,62.006,64.6339999999999,63.5359999999999,16.9,2.7,6.3
"BOOI4","2020-09-09 11:00",46.688,99.1,322020.72,0.19000001,9.560017,13.07,0.00145669291338583,53.7619999999999,61.8079999999999,64.5619999999999,63.5539999999999,16.8,2.7,6.3
"BOOI4","2020-09-09 12:00",47.3179999999999,98.4,325017.1,0,9.520016,13.29,0.00161417322834646,54.0679999999999,61.5919999999999,64.4539999999999,63.5179999999999,16.7,2.7,6.2
"BOOI4","2020-09-09 13:00",48.1999999999999,98.8,481266,0.010000001,9.190016,22.58,0.00232283464566929,54.4999999999999,61.4119999999999,64.364,63.5359999999999,16.7,2.7,6.2
"BOOI4","2020-09-09 14:00",48.29,98.5,330311.43,0.030000001,8.900015,24.69,0.00173228346456693,54.8779999999999,61.214,64.2739999999999,63.5359999999999,16.7,2.7,6.2
"BOOI4","2020-09-09 15:00",49.3699999999999,99.1,393392.52,0.09,7.9790134,17.14,0.00204724409448819,55.0579999999999,61.0339999999999,64.2199999999999,63.5179999999999,16.7,2.7,6.2
"BOOI4","2020-09-09 16:00",48.5419999999999,98.7,390508.18,0.09,9.040015,16.46,0.00200787401574803,55.238,60.89,64.1119999999999,63.4999999999999,16.7,2.7,6.2
"BOOI4","2020-09-09 17:00",48.6499999999999,97.7,342207.6,NA,NA,NA,NA,55.2739999999999,60.7099999999999,64.0039999999999,63.4999999999999,16.8,2.6,6.2
"BOOI4","2020-09-09 18:00",48.3439999999999,97.9,201829.82,0.010000001,9.700016,17.38,0.00125984251968504,55.256,60.566,63.914,63.4999999999999,16.9,2.6,6.2
"BOOI4","2020-09-09 19:00",48.2179999999999,98.3,85060.82,0.010000001,7.9270134,23.9,0.000590551181102362,55.148,60.44,63.8419999999999,63.4819999999999,17.1,2.6,6.2
"BOOI4","2020-09-09 20:00",47.93,99.6,12492.479,0,6.781011,24.6,7.8740157480315e-05,54.9859999999999,60.314,63.7159999999999,63.4819999999999,17.1,2.6,6.2
"BOOI4","2020-09-09 21:00",47.5339999999999,98.9,0,0,7.5640125,28.21,3.93700787401575e-05,54.806,60.206,63.6619999999999,63.464,17.2,2.6,6.2
"BOOI4","2020-09-09 22:00",47.5519999999999,98.9,0,0,6.841011,33.37,3.93700787401575e-05,54.6079999999999,60.0619999999999,63.5539999999999,63.446,17.4,2.6,6.3
"BOOI4","2020-09-09 23:00",47.7859999999999,98.2,0,0,7.0310116,32.64,7.8740157480315e-05,54.446,59.9539999999999,63.464,63.464,17.6,2.7,6.3
"BOOI4","2020-09-10 00:00",47.4619999999999,97.9,0,0,7.838013,36.84,7.8740157480315e-05,54.3199999999999,59.8819999999999,63.374,63.446,17.8,2.6,6.3
"BOOI4","2020-09-10 01:00",47.138,99.2,0,0,7.9340134,43.05,7.8740157480315e-05,54.2119999999999,59.7919999999999,63.2839999999999,63.4279999999999,18.1,2.6,6.3
"BOOI4","2020-09-10 02:00",47.03,100,0,0.030000001,6.03101,41.69,0,54.0859999999999,59.7019999999999,63.1939999999999,63.3919999999999,18.5,2.6,6.3
"BOOI4","2020-09-10 03:00",46.49,100,0,0.030000001,6.16301,28.13,0,53.9419999999999,59.6119999999999,63.122,63.3919999999999,18.8,2.6,6.2
"BOOI4","2020-09-10 04:00",46.3801999999999,100,0,0.040000003,6.900011,27.26,0,53.7619999999999,59.54,63.0319999999999,63.3919999999999,19.3,2.6,6.2
"BOOI4","2020-09-10 05:00",46.3982,100,0,0.060000002,6.9780116,34.09,0,53.582,59.432,62.9419999999999,63.374,19.9,2.6,6.3
"BOOI4","2020-09-10 06:00",46.3405999999999,100,0,0.060000002,6.8630114,29,0,53.33,59.3419999999999,62.888,63.338,20.6,2.5,6.3
"BOOI4","2020-09-10 07:00",46.2271999999999,100,640.20014,0.040000003,6.4850106,25.95,0,53.1679999999999,59.2339999999999,62.78,63.338,21.7,2.6,6.3
"BOOI4","2020-09-10 08:00",46.472,100,32375.217,0.060000002,6.22101,29.42,0.00015748031496063,53.0239999999999,59.1439999999999,62.7079999999999,63.3019999999999,23,2.6,6.3
"BOOI4","2020-09-10 09:00",47.0119999999999,100,139872.59,0.05,6.7820115,30.46,0.000669291338582677,52.9699999999999,59.0539999999999,62.6359999999999,63.3199999999999,24.3,2.6,6.2
"BOOI4","2020-09-10 10:00",47.8579999999999,100,286172.4,0.07,7.4810123,33.2,0.00137795275590551,53.0599999999999,58.964,62.546,63.2839999999999,25.7,2.6,6.2
"BOOI4","2020-09-10 11:00",48.4159999999999,99.7,314497.83,0.030000001,6.9640117,28.96,0.0015748031496063,53.3839999999999,58.838,62.456,63.2659999999999,27.4,2.6,6.2
"BOOI4","2020-09-10 12:00",49.4419999999999,100,358192.9,0.09,6.7900114,31.12,0.00181102362204724,53.6179999999999,58.748,62.4019999999999,63.248,29.2,2.6,6.2
"BOOI4","2020-09-10 13:00",50.3779999999999,99.8,796836,0.040000003,8.950015,35.46,0.00374015748031496,54.2659999999999,58.64,62.33,63.2119999999999,31.4,2.6,6.2
"BOOI4","2020-09-10 14:00",51.2779999999999,98.5,700499.76,0,8.640015,33.42,0.00354330708661417,54.9859999999999,58.514,62.2579999999999,63.2119999999999,31.9,2.5,6.2
"BOOI4","2020-09-10 15:00",52.8079999999999,96.1,709086,0,9.110016,39.74,0.00381889763779528,55.6159999999999,58.4779999999999,62.1859999999999,63.2119999999999,32,2.5,6.2
"BOOI4","2020-09-10 16:00",52.43,100,674652.04,0,9.110016,39.93,0.00354330708661417,56.246,58.388,62.114,63.1759999999999,32.1,2.5,6.2
"BOOI4","2020-09-10 17:00",52.106,100,328710,0,7.5030127,39.83,0.00173228346456693,56.624,58.3339999999999,62.0239999999999,63.1579999999999,32.2,2.5,6.2
"BOOI4","2020-09-10 18:00",51.7999999999999,100,150664.18,0,6.4640107,42.51,0.000826771653543307,56.624,58.298,61.9699999999999,63.14,32.2,2.5,6.2
"BOOI4","2020-09-10 19:00",51.764,100,64243.195,0,7.9730134,51.72,0.000354330708661417,56.4439999999999,58.28,61.88,63.122,32.2,2.5,6.2
"BOOI4","2020-09-10 20:00",51.4039999999999,100,10410.3,0,9.340015,62.49,3.93700787401575e-05,56.246,58.2619999999999,61.8079999999999,63.1039999999999,32.2,2.5,6.2
"BOOI4","2020-09-10 21:00",51.4759999999999,100,0,0,7.3220124,59.21,0,56.0119999999999,58.2259999999999,61.7359999999999,63.0679999999999,32.2,2.5,6.2
"BOOI4","2020-09-10 22:00",51.5839999999999,100,0,0.010000001,7.4770126,60.59,0,55.8499999999999,58.2439999999999,61.682,63.0499999999999,32.2,2.5,6.2
"BOOI4","2020-09-10 23:00",51.746,100,0,0.010000001,5.2390084,59.68,0,55.7419999999999,58.2079999999999,61.6099999999999,63.014,32.3,2.5,6.2
"BOOI4","2020-09-11 00:00",51.7099999999999,100,0,0,2.5730042,61.1,0,55.6519999999999,58.19,61.538,62.996,32.3,2.5,6.2
"BOOI4","2020-09-11 01:00",51.3499999999999,100,0,0,4.246007,54.25,0,55.6159999999999,58.19,61.4659999999999,62.9599999999999,32.3,2.5,6.2
"BOOI4","2020-09-11 02:00",51.422,100,0,0,6.09101,64.96,0,55.5619999999999,58.172,61.3939999999999,62.9599999999999,32.3,2.5,6.2
"BOOI4","2020-09-11 03:00",51.566,100,0,0,5.697009,62.82,0,55.5079999999999,58.172,61.3759999999999,62.9419999999999,32.3,2.5,6.2
"BOOI4","2020-09-11 04:00",51.6199999999999,100,0,0.010000001,4.8310084,65.93,0,55.472,58.1539999999999,61.3039999999999,62.906,32.3,2.5,6.2
"BOOI4","2020-09-11 05:00",51.6199999999999,100,0,0,6.12301,66.25,0,55.4359999999999,58.1359999999999,61.2499999999999,62.8699999999999,32.3,2.5,6.2
"BOOI4","2020-09-11 06:00",51.656,100,0,0,6.636011,70.91,0,55.4359999999999,58.1179999999999,61.214,62.8519999999999,32.3,2.5,6.2
"BOOI4","2020-09-11 07:00",51.872,100,741.54013,0,3.016005,67.64,0,55.4179999999999,58.1179999999999,61.1419999999999,62.8339999999999,32.3,2.5,6.2
"BOOI4","2020-09-11 08:00",52.2319999999999,100,41592.426,0.020000001,4.368007,58.76,0.000275590551181102,55.4359999999999,58.082,61.106,62.798,32.3,2.4,6.2
"BOOI4","2020-09-11 09:00",52.898,100,125847.015,0.010000001,1.8990033,61.93,0.000826771653543307,55.5259999999999,58.0999999999999,61.0519999999999,62.798,32.3,2.4,6.2
"BOOI4","2020-09-11 10:00",53.7619999999999,100,207386.96,0.010000001,1.9240032,69.34,0.00133858267716536,55.796,58.082,61.0159999999999,62.7439999999999,32.3,2.4,6.2
"BOOI4","2020-09-11 11:00",54.3199999999999,100,223891.78,0.060000002,2.3420038,74.17,0.00145669291338583,56.1199999999999,58.046,60.9619999999999,62.7259999999999,32.3,2.4,6.2
"BOOI4","2020-09-11 12:00",55.0759999999999,100,274537.17,0.030000001,6.9980116,91.7,0.00153543307086614,56.48,58.046,60.9259999999999,62.7079999999999,32.4,2.4,6.2
"BOOI4","2020-09-11 13:00",56.6419999999999,100,576792.05,0,8.140014,97.8,0.0031496062992126,57.0199999999999,58.0279999999999,60.8539999999999,62.7079999999999,32.5,2.4,6.2
"BOOI4","2020-09-11 14:00",57.4699999999999,100,440363.95,0.020000001,1.137002,110.5,0.00311023622047244,57.7579999999999,58.0279999999999,60.8539999999999,62.6539999999999,32.6,2.4,6.2
"BOOI4","2020-09-11 15:00",58.046,100,424129.88,0.05,2.431004,122.6,0.0028740157480315,58.3339999999999,58.0099999999999,60.8179999999999,62.6539999999999,32.7,2.4,6.2
"BOOI4","2020-09-11 16:00",58.5319999999999,100,415186.8,0,1.0880018,126.8,0.00299212598425197,58.856,58.0099999999999,60.764,62.5999999999999,32.9,2.4,6.2
"BOOI4","2020-09-11 17:00",58.514,100,173946.03,0,0.50000083,133,0.0012992125984252,59.1439999999999,58.0099999999999,60.7099999999999,62.5999999999999,33,2.5,6.2
"BOOI4","2020-09-11 18:00",58.4599999999999,100,147075.59,0,0.78700125,137.3,0.00110236220472441,59.2519999999999,58.046,60.6919999999999,62.564,33,2.5,6.2
"BOOI4","2020-09-11 19:00",58.3519999999999,100,51340.44,0,0.21500036,140.5,0.000393700787401575,59.306,58.082,60.638,62.546,33,2.4,6.2
"BOOI4","2020-09-11 20:00",58.3699999999999,100,6486.5403,0,0.0020000034,131.5,7.8740157480315e-05,59.2339999999999,58.1179999999999,60.566,62.5279999999999,33,2.5,6.2
"BOOI4","2020-09-11 21:00",58.3699999999999,100,0,0.020000001,0,0,3.93700787401575e-05,59.1619999999999,58.1179999999999,60.5839999999999,62.4739999999999,33,2.4,6.2
"BOOI4","2020-09-11 22:00",58.4419999999999,100,0,0,0,0,3.93700787401575e-05,59.1079999999999,58.1539999999999,60.5119999999999,62.456,33.1,2.5,6.2
"BOOI4","2020-09-11 23:00",58.4599999999999,100,0,0.010000001,0,0,3.93700787401575e-05,59.1079999999999,58.2079999999999,60.53,62.456,33.1,2.5,6.2
"BOOI4","2020-09-12 00:00",58.5859999999999,100,0,0,0,0,3.93700787401575e-05,59.1079999999999,58.2259999999999,60.5119999999999,62.4199999999999,33.2,2.5,6.2
"BOOI4","2020-09-12 01:00",58.5319999999999,100,0,0,0,0,3.93700787401575e-05,59.1439999999999,58.2619999999999,60.4579999999999,62.4019999999999,33.2,2.5,6.2
"BOOI4","2020-09-12 02:00",58.3519999999999,100,0,0.07,0,0,3.93700787401575e-05,59.1259999999999,58.298,60.4039999999999,62.3659999999999,33.2,2.5,6.2
"BOOI4","2020-09-12 03:00",58.0279999999999,100,0,0.040000003,0,0,3.93700787401575e-05,59.0899999999999,58.3339999999999,60.4039999999999,62.348,33.3,2.5,6.2
"BOOI4","2020-09-12 04:00",57.5779999999999,100,0,0,0.16300027,276.1,3.93700787401575e-05,59.0359999999999,58.3699999999999,60.3859999999999,62.2939999999999,33.6,2.5,6.2
"BOOI4","2020-09-12 05:00",56.9659999999999,100,0,0.010000001,0.7780013,271,0,58.946,58.388,60.3859999999999,62.2759999999999,33.7,2.5,6.2
"BOOI4","2020-09-12 06:00",56.6599999999999,100,0,0.030000001,0,0,3.93700787401575e-05,58.838,58.4239999999999,60.314,62.2579999999999,33.6,2.5,6.2
"BOOI4","2020-09-12 07:00",56.6419999999999,100,1228.5,0,0.022000037,273.3,3.93700787401575e-05,58.73,58.4419999999999,60.314,62.24,33.6,2.4,6.2
"BOOI4","2020-09-12 08:00",56.948,100,59668.915,0,0,0,0.000354330708661417,58.6579999999999,58.496,60.2779999999999,62.222,33.7,2.5,6.2
"BOOI4","2020-09-12 09:00",58.316,98,406964.32,0,0.16000026,269,0.00232283464566929,58.8199999999999,58.496,60.2779999999999,62.1859999999999,33.7,2.4,6.2
"BOOI4","2020-09-12 10:00",59.63,93.5,767429.8,0,0.43700072,277.2,0.00492125984251969,59.54,58.514,60.2779999999999,62.1499999999999,33.7,2.4,6.2
"BOOI4","2020-09-12 11:00",60.7099999999999,88.4,1490765.9,0,2.3970041,277.3,0.00956692913385827,60.656,58.5499999999999,60.2779999999999,62.1499999999999,33.7,2.4,6.2
"BOOI4","2020-09-12 12:00",62.1499999999999,83.3,1554275.8,0,1.4410024,266.1,0.0106692913385827,61.9339999999999,58.5499999999999,60.2779999999999,62.114,33.7,2.4,6.2
"BOOI4","2020-09-12 13:00",63.7339999999999,79.68,1710876,0,4.897008,259.4,0.012244094488189,63.5179999999999,58.5859999999999,60.2599999999999,62.096,33.6,2.4,6.2
"BOOI4","2020-09-12 14:00",65.3179999999999,75.31,1582116.2,0,4.0140066,261,0.0121259842519685,64.9039999999999,58.6039999999999,60.2419999999999,62.0599999999999,33.6,2.5,6.2
"BOOI4","2020-09-12 15:00",66.614,75.62,1455185.8,0,3.1860054,228.5,0.0115354330708661,65.8579999999999,58.6579999999999,60.188,62.0599999999999,33.6,2.4,6.2
"BOOI4","2020-09-12 16:00",63.356,85.6,557617.25,0,3.659006,226.4,0.00598425196850394,66.38,58.7119999999999,60.206,62.0239999999999,33.6,2.4,6.2
"BOOI4","2020-09-12 17:00",63.896,86.3,513561.7,0,5.0740085,244,0.00523622047244095,65.9119999999999,58.7839999999999,60.188,62.0239999999999,33.6,2.4,6.2
"BOOI4","2020-09-12 18:00",62.888,87.7,621666.1,0,8.450014,278.7,0.00523622047244095,65.4259999999999,58.838,60.188,61.988,33.6,2.4,6.2
"BOOI4","2020-09-12 19:00",61.3579999999999,89.1,386622.62,0,8.410014,289.5,0.00267716535433071,64.9759999999999,58.9279999999999,60.1699999999999,61.9699999999999,33.6,2.4,6.2
"BOOI4","2020-09-12 20:00",57.938,96.1,41206.436,0,3.8370063,294.8,0.000393700787401575,63.9679999999999,59.0359999999999,60.1519999999999,61.9339999999999,33.6,2.4,6.3
"BOOI4","2020-09-12 21:00",57.29,98.7,0,0,0.13400023,301.4,-0.000118110236220472,62.888,59.072,60.1519999999999,61.9159999999999,33.6,2.4,6.3
"BOOI4","2020-09-12 22:00",54.9679999999999,100,0,0,0.0020000034,327.8,-0.000118110236220472,62.0239999999999,59.1619999999999,60.1699999999999,61.898,33.6,2.5,6.3
"BOOI4","2020-09-12 23:00",52.682,100,0,0,0.037000064,311.1,-0.000118110236220472,61.0699999999999,59.2339999999999,60.188,61.88,33.6,2.5,6.3
"BOOI4","2020-09-13 00:00",53.5279999999999,100,0,0,1.0620017,277.5,-7.8740157480315e-05,60.1519999999999,59.288,60.1699999999999,61.8439999999999,33.6,2.5,6.3
"BOOI4","2020-09-13 01:00",53.096,100,0,0,0.78700125,281.3,-7.8740157480315e-05,59.3779999999999,59.3239999999999,60.1699999999999,61.8619999999999,33.6,2.5,6.3
"BOOI4","2020-09-13 02:00",52.196,100,0,0,0.41100067,273.4,-7.8740157480315e-05,58.6939999999999,59.3239999999999,60.1699999999999,61.8259999999999,33.6,2.5,6.3
"BOOI4","2020-09-13 03:00",50.7919999999999,100,0,0,2.3390038,268.7,-7.8740157480315e-05,58.0999999999999,59.396,60.188,61.8079999999999,33.6,2.5,6.3
"BOOI4","2020-09-13 04:00",50.9359999999999,100,0,0,2.368004,263.7,-7.8740157480315e-05,57.5239999999999,59.396,60.188,61.79,33.5,2.5,6.3
"BOOI4","2020-09-13 05:00",51.3499999999999,100,0,0,4.240007,281.3,-3.93700787401575e-05,57.0199999999999,59.3599999999999,60.206,61.7539999999999,33.5,2.5,6.3
"BOOI4","2020-09-13 06:00",51.6739999999999,100,0,0,4.5430074,286.3,-3.93700787401575e-05,56.6419999999999,59.3239999999999,60.2239999999999,61.7539999999999,33.5,2.5,6.3
"BOOI4","2020-09-13 07:00",51.2779999999999,100,3951.78,0,4.4590073,278,-3.93700787401575e-05,56.2999999999999,59.306,60.2239999999999,61.7179999999999,33.4,2.5,6.3
"BOOI4","2020-09-13 08:00",54.1039999999999,99.1,303021.12,0,5.81801,289.7,0,56.048,59.2699999999999,60.188,61.7179999999999,33.4,2.5,6.3
"BOOI4","2020-09-13 09:00",59.522,93.2,924569.76,0,3.0640051,296.6,0.00425196850393701,56.3359999999999,59.2519999999999,60.188,61.682,33.4,2.5,6.3
"BOOI4","2020-09-13 10:00",62.4919999999999,84.2,1516589.7,0,3.568006,303.6,0.00905511811023622,57.6499999999999,59.198,60.206,61.664,33.3,2.5,6.3
"BOOI4","2020-09-13 11:00",65.498,74.93,2060868,0,4.689008,308.6,0.014251968503937,59.7739999999999,59.1439999999999,60.206,61.646,33.3,2.5,6.3
"BOOI4","2020-09-13 12:00",68.4679999999999,69.56,2474244.1,0,4.3930073,306.3,0.0183464566929134,62.2579999999999,59.1259999999999,60.206,61.646,33.3,2.5,6.3
"BOOI4","2020-09-13 13:00",71.6179999999999,62.92,2721228.3,0,3.043005,300.9,0.0209842519685039,64.9939999999999,59.0899999999999,60.206,61.6099999999999,33.2,2.5,6.3
"BOOI4","2020-09-13 14:00",75.5419999999999,57.45,2660100,0,0.88200146,297.7,0.0207874015748032,67.7839999999999,59.0539999999999,60.206,61.5919999999999,33.2,2.5,6.3
"BOOI4","2020-09-13 15:00",76.6759999999999,52.25,2311277.8,0,1.0840018,206.9,0.0186614173228347,69.872,59.072,60.2419999999999,61.5739999999999,33.3,2.5,6.3
"BOOI4","2020-09-13 16:00",78.1699999999999,48.68,2112017.6,0,0.45400074,157,0.0164173228346457,71.5279999999999,59.1439999999999,60.206,61.556,33.3,2.5,6.3
"BOOI4","2020-09-13 17:00",79.9159999999999,48.64,1594476.3,0,0.24700041,170.8,0.0117322834645669,72.5359999999999,59.2159999999999,60.206,61.538,33.3,2.5,6.3
"BOOI4","2020-09-13 18:00",79.448,49.38,1023833.86,0,0.09300015,214.7,0.00633858267716536,72.698,59.3419999999999,60.1699999999999,61.556,33.3,2.5,6.3
"BOOI4","2020-09-13 19:00",75.0919999999999,58.15,380040.62,0,0.11300019,233.2,0.000590551181102362,71.9599999999999,59.522,60.206,61.538,33.3,2.5,6.3
"BOOI4","2020-09-13 20:00",65.6599999999999,82.2,25694.519,0,0.26800045,184.9,-0.00149606299212598,70.43,59.648,60.188,61.5019999999999,33.2,2.5,6.3
"BOOI4","2020-09-13 21:00",62.564,87.5,0,0,0.04900008,189,-0.00181102362204724,68.6839999999999,59.8099999999999,60.188,61.4839999999999,33.2,2.5,6.3
"BOOI4","2020-09-13 22:00",61.1419999999999,90.7,0,0,0.0020000034,195.5,-0.00177165354330709,67.1359999999999,59.972,60.206,61.4659999999999,33.2,2.5,6.3
"BOOI4","2020-09-13 23:00",60.4039999999999,93.2,0,0,0.01800003,212.3,-0.00173228346456693,65.84,60.1339999999999,60.206,61.448,33.2,2.5,6.3
"BOOI4","2020-09-14 00:00",60.5119999999999,93.6,0,0,0.0050000083,233.8,-0.00173228346456693,64.7239999999999,60.2239999999999,60.206,61.448,33.2,2.5,6.3
"BOOI4","2020-09-14 01:00",59.8279999999999,95.2,0,0,0,0,-0.00173228346456693,63.7519999999999,60.314,60.206,61.43,33.2,2.5,6.3
"BOOI4","2020-09-14 02:00",59.1439999999999,97.9,0,0,0,0,-0.00173228346456693,62.9239999999999,60.3859999999999,60.2239999999999,61.4119999999999,33.2,2.5,6.3
"BOOI4","2020-09-14 03:00",57.9919999999999,98.4,0,0,0,0,-0.00169291338582677,62.1679999999999,60.44,60.2419999999999,61.3939999999999,33.2,2.5,6.3
"BOOI4","2020-09-14 04:00",56.5339999999999,100,0,0,0,0,-0.00169291338582677,61.4839999999999,60.4579999999999,60.2779999999999,61.4119999999999,33.3,2.5,6.3
"BOOI4","2020-09-14 05:00",56.156,100,0,0,0,0,-0.00169291338582677,60.7999999999999,60.4759999999999,60.314,61.3939999999999,33.2,2.5,6.3
"BOOI4","2020-09-14 06:00",53.0779999999999,100,0,0,0,0,-0.00169291338582677,60.1339999999999,60.4759999999999,60.296,61.3579999999999,33.2,2.5,6.3
"BOOI4","2020-09-14 07:00",54.0859999999999,100,1711.4999,0,0,0,-0.00165354330708661,59.522,60.44,60.332,61.3579999999999,33.2,2.5,6.3
"BOOI4","2020-09-14 08:00",54.9679999999999,100,152397.06,0,0,0,-0.00047244094488189,59.1079999999999,60.4039999999999,60.3499999999999,61.3399999999999,33.1,2.5,6.4
"BOOI4","2020-09-14 09:00",60.206,99.6,685283.9,0,0.4310007,184.4,0.00326771653543307,59.2339999999999,60.3679999999999,60.4039999999999,61.322,33.1,2.5,6.4
"BOOI4","2020-09-14 10:00",69.3679999999999,82.4,1400016,0,0.44700074,205.2,0.00897637795275591,60.4039999999999,60.332,60.44,61.322,33.1,2.5,6.3
"BOOI4","2020-09-14 11:00",72.7519999999999,68.63,1911600.5,0,3.3660057,191,0.0147637795275591,62.6359999999999,60.2779999999999,60.44,61.3039999999999,33.1,2.5,6.3
"BOOI4","2020-09-14 12:00",74.048,66.68,2255712.4,0,6.699011,181,0.0196062992125984,64.9939999999999,60.206,60.422,61.2859999999999,33.1,2.5,6.3
"BOOI4","2020-09-14 13:00",76.622,63.25,2327909.7,0,6.562011,173.3,0.0210629921259843,67.2259999999999,60.1519999999999,60.44,61.2679999999999,33,2.5,6.3
"BOOI4","2020-09-14 14:00",76.4599999999999,58.93,2257056,0,7.4280124,175,0.0218897637795276,69.0619999999999,60.188,60.4579999999999,61.2679999999999,33,2.5,6.3
"BOOI4","2020-09-14 15:00",79.34,53.5,2116782,0,6.840011,181.5,0.0214173228346457,70.4119999999999,60.188,60.4759999999999,61.2679999999999,33,2.6,6.3
"BOOI4","2020-09-14 16:00",78.53,56.27,1805129.6,0,6.2270103,183.3,0.0190944881889764,71.348,60.2419999999999,60.4939999999999,61.2499999999999,33,2.6,6.3
"BOOI4","2020-09-14 17:00",77.99,58.2,1389138,0,7.5830126,171.3,0.0164173228346457,71.7619999999999,60.332,60.5119999999999,61.2499999999999,33,2.6,6.3
"BOOI4","2020-09-14 18:00",76.6939999999999,61.61,845449.77,0,7.3290124,168.9,0.0117322834645669,71.4919999999999,60.44,60.4939999999999,61.2499999999999,33,2.6,6.3
"BOOI4","2020-09-14 19:00",72.59,71.35,350906.34,0,3.8850064,166.9,0.00381889763779528,70.6999999999999,60.566,60.4759999999999,61.214,33,2.6,6.3
"BOOI4","2020-09-14 20:00",66.7759999999999,83.9,29008.08,0,0,0,-0.00137795275590551,69.4579999999999,60.6739999999999,60.4939999999999,61.196,33,2.6,6.3
"BOOI4","2020-09-14 21:00",63.7159999999999,89.7,0,0,0,0,-0.00153543307086614,68.0539999999999,60.8179999999999,60.5119999999999,61.1779999999999,33,2.6,6.3
"BOOI4","2020-09-14 22:00",62.4019999999999,91.8,0,0,0.69700116,191.5,-0.00114173228346457,66.83,60.98,60.5119999999999,61.1599999999999,33,2.6,6.3
"BOOI4","2020-09-14 23:00",60.2779999999999,95.8,0,0,0.077000126,189.1,-0.00145669291338583,65.7679999999999,61.088,60.53,61.196,33,2.6,6.3
"BOOI4","2020-09-15 00:00",59.3779999999999,97.5,0,0,0,0,-0.00145669291338583,64.814,61.196,60.548,61.1779999999999,33,2.6,6.3
"BOOI4","2020-09-15 01:00",58.748,98.4,0,0,0,0,-0.00145669291338583,63.9679999999999,61.2499999999999,60.5839999999999,61.1599999999999,33,2.6,6.3
"BOOI4","2020-09-15 02:00",57.4699999999999,99.2,0,0,0,0,-0.00145669291338583,63.23,61.3039999999999,60.5839999999999,61.1779999999999,33,2.6,6.3
"BOOI4","2020-09-15 03:00",57.1099999999999,99.6,0,0,0,0,-0.00145669291338583,62.546,61.3399999999999,60.5839999999999,61.124,33,2.7,6.3
"BOOI4","2020-09-15 04:00",57.6679999999999,100,0,0,0,0,-0.00141732283464567,61.9699999999999,61.3939999999999,60.6739999999999,61.106,33,2.7,6.3
"BOOI4","2020-09-15 05:00",56.7859999999999,100,0,0,0.31800053,206.2,-0.00133858267716536,61.448,61.3759999999999,60.6919999999999,61.124,33,2.8,6.3
"BOOI4","2020-09-15 06:00",54.8779999999999,100,0,0,0.09200016,197.7,-0.00137795275590551,60.9439999999999,61.3939999999999,60.6919999999999,61.088,32.9,2.8,6.3
"BOOI4","2020-09-15 07:00",54.4819999999999,100,2878.6201,0,0.08500014,196.4,-0.00137795275590551,60.3859999999999,61.3399999999999,60.7279999999999,61.106,32.9,2.8,6.3
"BOOI4","2020-09-15 08:00",59.6119999999999,99.4,261892.94,0,0.7570012,202.1,-0.000236220472440945,59.99,61.3579999999999,60.764,61.106,32.8,2.9,6.3
"BOOI4","2020-09-15 09:00",64.0039999999999,92.7,858132.14,0,5.1210084,207.5,0.00417322834645669,60.2779999999999,61.322,60.764,61.088,32.8,2.9,6.3
"BOOI4","2020-09-15 10:00",69.656,79.17,1458851.9,0,6.396011,219.2,0.00988188976377953,61.5019999999999,61.2679999999999,60.7819999999999,61.088,32.8,2.9,6.3
"BOOI4","2020-09-15 11:00",74.696,68.62,1996013.4,0,8.710014,232.9,0.0162992125984252,63.338,61.2679999999999,60.8359999999999,61.0699999999999,32.8,3,6.3
"BOOI4","2020-09-15 12:00",77.7019999999999,61.67,2412114.5,0,9.560017,227.3,0.0219291338582677,65.5159999999999,61.1779999999999,60.8539999999999,61.0699999999999,32.8,3,6.3
"BOOI4","2020-09-15 13:00",80.348,55.15,2640629.6,0,8.8000145,220.1,0.0258267716535433,67.6939999999999,61.1779999999999,60.872,61.0699999999999,32.8,3.1,6.3
"BOOI4","2020-09-15 14:00",82.0039999999999,51.78,2674614.5,0,8.680015,214.4,0.0278346456692913,69.782,61.1779999999999,60.89,61.0699999999999,32.8,3.1,6.3
"BOOI4","2020-09-15 15:00",82.922,49.34,2500116.2,0,8.830014,209.6,0.027755905511811,71.5099999999999,61.196,60.9079999999999,61.0699999999999,32.8,3.2,6.3
"BOOI4","2020-09-15 16:00",83.6599999999999,46.71,2150382.3,0,8.990014,209,0.0259448818897638,72.698,61.2499999999999,60.9259999999999,61.0519999999999,32.8,3.2,6.3
"BOOI4","2020-09-15 17:00",82.796,45.39,1605647.8,0,9.590016,205.9,0.022755905511811,73.2199999999999,61.3759999999999,60.89,61.0519999999999,32.8,3.3,6.3
"BOOI4","2020-09-15 18:00",80.8699999999999,48.72,931830.14,0,8.810015,207.1,0.016496062992126,72.9679999999999,61.4839999999999,60.9439999999999,61.0519999999999,32.8,3.4,6.3
"BOOI4","2020-09-15 19:00",75.938,59.62,287650.85,0,5.1840086,205.2,0.00633858267716536,72.014,61.6279999999999,60.9619999999999,61.0339999999999,32.8,3.4,6.3
"BOOI4","2020-09-15 20:00",67.6039999999999,79.31,20478.842,0,0.40600067,199.2,-0.00149606299212598,70.6819999999999,61.79,60.9439999999999,61.0339999999999,32.8,3.5,6.3
"BOOI4","2020-09-15 21:00",66.7939999999999,82.5,0,0,1.3430022,201,-0.00102362204724409,69.296,61.9159999999999,60.9619999999999,61.0519999999999,32.9,3.6,6.3
"BOOI4","2020-09-15 22:00",66.1819999999999,84.4,0,0,2.350004,208.1,-0.000590551181102362,68.1259999999999,62.0239999999999,60.9619999999999,61.0339999999999,32.9,3.6,6.3
"BOOI4","2020-09-15 23:00",64.5259999999999,87.6,0,0,2.3420038,210.8,-0.000708661417322835,67.1179999999999,62.1499999999999,60.98,61.0339999999999,32.8,3.7,6.3
