"station","valid","tmpf","relh","solar","precip","speed","drct","et","soil04t","soil12t","soil24t","soil50t","soil12vwc","soil24vwc","soil50vwc"
"BOOI4","2021-05-07 00:00",46.922,"M",0,"0","0","0","-1.771653543307087E-3",57.2179999999999,"56.263999999999967","53.491999999999933",49.7659999999999,33.2,15,18.2
"BOOI4","2021-05-07 01:00",47.1199999999999,"46.95",0,"0","0","0","-1.8110236220472439E-3",55.8679999999999,"56.263999999999967","53.473999999999947",49.7659999999999,33.2,15,18.2
"BOOI4","2021-05-07 02:00",44.0419999999999,"M",0,"0","0","0","-1.6929133858267721E-3",54.806,"56.245999999999981","53.491999999999933",49.7659999999999,33.2,15,18.2
"BOOI4","2021-05-07 03:00",42.5084,"M",0,"0","0","0","-1.6929133858267721E-3",53.8699999999999,"56.191999999999929","53.491999999999933",49.7659999999999,33.2,15,18.2
"BOOI4","2021-05-07 04:00",44.7242,"M",0,"0","0","0","-1.614173228346457E-3",53.0599999999999,"56.119999999999891","53.473999999999947",49.8019999999999,33.2,15,18.2
"BOOI4","2021-05-07 05:00",46.4359999999999,"M",0,"0","0","0","-1.614173228346457E-3",52.3579999999999,"56.029999999999973","53.491999999999933",49.8019999999999,33.2,15,18.2
"BOOI4","2021-05-07 06:00",46.598,"M",1961.5798,"0","0","0","-1.6929133858267721E-3",51.7999999999999,"55.921999999999969","53.491999999999933",49.7839999999999,33.2,15,18.2
"BOOI4","2021-05-07 07:00",48.182,"M",157354.72,"0","0","0","-1.4566929133858269E-3",51.4039999999999,"55.759999999999913","53.527999999999899",49.838,33.2,15,18.2
"BOOI4","2021-05-07 08:00",49.874,"M",696691.65,"0","0","0","2.1259842519685038E-3",51.422,"55.651999999999909","53.545999999999992",49.8199999999999,33.1,15,18.2
"BOOI4","2021-05-07 09:00",53.2759999999999,"M",1409448.1,"0","0","0","6.4566929133858279E-3",52.322,"55.543999999999897","53.509999999999913",49.8019999999999,33.1,15,18.2
"BOOI4","2021-05-07 10:00",54.2659999999999,"M",2084700.2,"0","0","0","1.078740157480315E-2",54.1759999999999,"55.363999999999969","53.491999999999933",49.856,33.1,15,18.2
"BOOI4","2021-05-07 11:00",56.8579999999999,"M",2684921.9,"0","0","0","1.47244094488189E-2",56.606,"55.255999999999958","53.509999999999913",49.838,33,15,18.2
"BOOI4","2021-05-07 12:00",57.74,"M",3131700.2,"0","0","0","1.7913385826771658E-2",59.5939999999999,"55.111999999999888","53.491999999999933",49.838,33,15,18.2
"BOOI4","2021-05-07 13:00",60.3499999999999,"M",3370919.7,"0","0","0","1.992125984251969E-2",62.78,"55.02199999999997","53.473999999999947",49.874,33,15,18.3
"BOOI4","2021-05-07 14:00",61.7359999999999,"M",3395699.2,"0","0","0","2.0393700787401579E-2",65.6599999999999,"54.985999999999898","53.45599999999996",49.874,33,15,18.3
"BOOI4","2021-05-07 15:00",62.1319999999999,"M",3210660.4,"0","0","0","1.9370078740157479E-2",68.0179999999999,"54.967999999999918","53.419999999999902",49.8919999999999,33,15,18.3
"BOOI4","2021-05-07 16:00",64.2919999999999,"M",2841840,"0","0","0","1.7007874015748031E-2",69.6739999999999,"55.02199999999997","53.437999999999981",49.856,33,15,18.3
"BOOI4","2021-05-07 17:00",65.2099999999999,"M",2290002.2,"0","0","0","1.3188976377952759E-2",70.4119999999999,"55.111999999999888","53.419999999999902",49.8919999999999,33.1,15,18.3
"BOOI4","2021-05-07 18:00",64.5619999999999,"M",1690440.1,"0","0","0","8.8976377952755918E-3",70.2499999999999,"55.237999999999978","53.383999999999929",49.8919999999999,33.1,15,18.3
"BOOI4","2021-05-07 19:00",62.888,"M",927610.53,"0","0","0","3.7007874015748039E-3",69.2599999999999,"55.417999999999921","53.365999999999943",49.9099999999999,33.1,15,18.3
"BOOI4","2021-05-07 20:00",60.098,"M",398042.42,"0","0","0","-8.2677165354330727E-4",67.2619999999999,"55.615999999999943","53.365999999999943",49.9279999999999,33.2,15,18.3
"BOOI4","2021-05-07 21:00",53.4199999999999,"M",22876.799,"0","0","0","-2.1259842519685038E-3",64.94,"55.777999999999899","53.329999999999977",49.9099999999999,33.2,15,18.3
"BOOI4","2021-05-07 22:00",52.9339999999999,"M",0,"0","0","0","-2.0472440944881891E-3",62.6539999999999,"55.993999999999907","53.365999999999943",49.946,33.2,15,18.3
"BOOI4","2021-05-07 23:00",47.822,"M",0,"0","0","0","-1.9291338582677171E-3",60.638,"56.137999999999977","53.329999999999977",49.964,33.2,15,18.3
"BOOI4","2021-05-08 00:00",44.9798,"M",0,"0","0","0","-1.771653543307087E-3",58.874,"56.245999999999981","53.365999999999943",49.964,33.2,15,18.3
"BOOI4","2021-05-08 01:00",44.5208,"47.19",0,"0","0","0","-1.6929133858267721E-3",57.3079999999999,"56.31799999999992","53.347999999999963",49.946,33.2,15,18.3
"BOOI4","2021-05-08 02:00",41.4914,"M",0,"0","0","0","-1.614173228346457E-3",55.94,"56.353999999999893","53.347999999999963",49.9819999999999,33.2,15,18.3
"BOOI4","2021-05-08 03:00",42.6613999999999,"M",0,"0","0","0","-1.5354330708661421E-3",54.7339999999999,"56.335999999999899","53.365999999999943",49.9999999999999,33.2,15,18.3
"BOOI4","2021-05-08 04:00",41.5832,"M",0,"0","0","0","-1.574803149606299E-3",53.8339999999999,"56.281999999999947","53.401999999999909",49.9819999999999,33.2,15,18.3
"BOOI4","2021-05-08 05:00",42.3643999999999,"M",0,"0","0","0","-1.574803149606299E-3",53.2039999999999,"56.227999999999888","53.437999999999981",49.9819999999999,33.2,15,18.3
"BOOI4","2021-05-08 06:00",40.7587999999999,"M",2394.2995,"0","0","0","-1.4960629921259841E-3",52.646,"56.119999999999891","53.437999999999981",49.9999999999999,33.2,15,18.3
"BOOI4","2021-05-08 07:00",44.6647999999999,"M",230944.29,"0","0","0","-9.8425196850393721E-4",52.0339999999999,"56.011999999999887","53.45599999999996",49.9999999999999,33.2,15,18.3
"BOOI4","2021-05-08 08:00",47.39,"M",418043.52,"0","0","0","1.574803149606299E-3",52.106,"55.885999999999903","53.419999999999902",49.9999999999999,33.1,15,18.3
"BOOI4","2021-05-08 09:00",49.4779999999999,"M",554286,"0","0","0","2.952755905511811E-3",52.682,"55.759999999999913","53.45599999999996",50.0179999999999,33.1,15,18.3
"BOOI4","2021-05-08 10:00",51.2599999999999,"M",705881.96,"0","0","0","4.0944881889763782E-3",53.4919999999999,"55.633999999999929","53.45599999999996",50.0179999999999,33.1,15,18.3
"BOOI4","2021-05-08 11:00",51.98,"M",692562.13,"0","0","0","4.2913385826771656E-3",54.3199999999999,"55.471999999999973","53.437999999999981",50.0179999999999,33.1,15,18.3
"BOOI4","2021-05-08 12:00",49.28,"M",258252.62,"2.0000001E-2","0","0","1.614173228346457E-3",54.6259999999999,"55.381999999999948","53.473999999999947",50.0359999999999,33,15,18.3
"BOOI4","2021-05-08 13:00",47.5699999999999,"M",573129.64,"0","0","0","3.3858267716535442E-3",54.3919999999999,"55.237999999999978","53.437999999999981",50.0179999999999,33,15,18.3
"BOOI4","2021-05-08 14:00",46.472,"M",373168.2,"3.0000000999999998E-2","0","0","2.1653543307086618E-3",53.9779999999999,"55.16599999999994","53.473999999999947",50.0359999999999,33,15,18.3
"BOOI4","2021-05-08 15:00",46.688,"M",480203.98,"0","0","0","2.755905511811024E-3",53.5099999999999,"55.075999999999922","53.45599999999996",50.0539999999999,32.9,14.9,18.3
"BOOI4","2021-05-08 16:00",46.5259999999999,"M",302542.24,"0","0","0","1.732283464566929E-3",53.222,"54.967999999999918","53.473999999999947",50.072,32.9,14.9,18.3
"BOOI4","2021-05-08 17:00",46.8499999999999,"M",113362.81,"0","0","0","6.6929133858267733E-4",52.6099999999999,"54.913999999999973","53.437999999999981",50.0539999999999,33,14.9,18.3
"BOOI4","2021-05-08 18:00",44.5208,"M",162037.2,"3.0000000999999998E-2","0","0","9.4488188976377975E-4",52.0519999999999,"54.823999999999948","53.437999999999981",50.072,33,14.9,18.3
"BOOI4","2021-05-08 19:00",43.9267999999999,"M",41138.28,"3.0000000999999998E-2","0","0","2.3622047244094491E-4",51.566,"54.733999999999916","53.437999999999981",50.072,33,14.9,18.3
"BOOI4","2021-05-08 20:00",41.2987999999999,"M",14806.98,"0.05","0","0","1.181102362204725E-4",51.0439999999999,"54.62599999999992","53.401999999999909",50.072,33,14.9,18.3
"BOOI4","2021-05-08 21:00",40.3519999999999,"M",1575.9009,"0.16000001","0","0","3.9370078740157492E-5",50.3419999999999,"54.535999999999902","53.383999999999929",50.0899999999999,33,14.9,18.3
"BOOI4","2021-05-08 22:00",40.0982,"M",1133.7003,"0.16999998999999999","0","0","3.9370078740157492E-5",49.2079999999999,"54.46399999999997","53.383999999999929",50.072,33,14.9,18.3
"BOOI4","2021-05-08 23:00",39.74,"M",1184.7,"1.0000001E-2","0","0","3.9370078740157492E-5",48.398,"54.319999999999887","53.329999999999977",50.072,33,14.9,18.3
"BOOI4","2021-05-09 00:00",40.3286,"M",721.4403,"7.0000000000000007E-2","0","0","3.9370078740157492E-5",47.8759999999999,"54.229999999999983","53.311999999999891",50.1259999999999,33,14.9,18.3
"BOOI4","2021-05-09 01:00",40.3448,"98.8",5.1,"7.0000000000000007E-2","0","0","3.9370078740157492E-5",47.4079999999999,"54.103999999999893","53.275999999999932",50.1079999999999,33,14.9,18.3
"BOOI4","2021-05-09 02:00",40.3825999999999,"M",147.65997,"4.0000002999999999E-2","0","0","3.9370078740157492E-5",47.066,"53.959999999999923","53.257999999999939",50.1259999999999,33.4,14.9,18.3
"BOOI4","2021-05-09 03:00",40.4131999999999,"M",51.000003,"8.0000005999999999E-2","0","0","3.9370078740157492E-5",46.7419999999999,"53.779999999999973","53.221999999999973",50.1079999999999,34.2,14.9,18.3
"BOOI4","2021-05-09 04:00",40.2691999999999,"M",76.38,"1.0000001E-2","0","0","3.9370078740157492E-5",46.49,"53.617999999999917","53.203999999999887",50.1259999999999,35,15,18.3
"BOOI4","2021-05-09 05:00",40.6075999999999,"M",35.7,"0","0","0","3.9370078740157492E-5",46.2523999999999,"53.437999999999981","53.1859999999999",50.1439999999999,35.3,15.1,18.3
"BOOI4","2021-05-09 06:00",40.3339999999999,"M",721.98015,"0","0","0","3.9370078740157492E-5",46.1119999999999,"53.275999999999932","53.131999999999948",50.1439999999999,35.3,15.1,18.3
"BOOI4","2021-05-09 07:00",40.613,"M",64153.8,"0","0","0","-3.9370078740157492E-5",45.9463999999999,"53.077999999999903","53.095999999999982",50.1439999999999,35.2,15.2,18.3
"BOOI4","2021-05-09 08:00",41.6857999999999,"M",350373.57,"1.0000001E-2","0","0","1.377952755905512E-3",46.0184,"52.91599999999994","53.059999999999917",50.1619999999999,35.2,15.3,18.3
"BOOI4","2021-05-09 09:00",43.0177999999999,"M",679085.94,"0","0","0","3.1496062992125988E-3",46.5619999999999,"52.735999999999898","53.023999999999937",50.18,35.2,15.4,18.3
"BOOI4","2021-05-09 10:00",47.2099999999999,"M",1641467.7,"0","0","0","7.8740157480314977E-3",47.7859999999999,"52.609999999999907","52.969999999999892",50.1619999999999,35.1,15.6,18.3
"BOOI4","2021-05-09 11:00",51.3679999999999,"M",2264250.2,"0","0","0","1.188976377952756E-2",50.0359999999999,"52.429999999999978","52.933999999999934",50.18,35,15.7,18.3
"BOOI4","2021-05-09 12:00",53.6359999999999,"M",2781678.2,"0","0","0","1.543307086614173E-2",52.3759999999999,"52.303999999999888","52.879999999999967",50.1439999999999,35.1,15.8,18.3
"BOOI4","2021-05-09 13:00",56.138,"M",3195888.2,"0","0","0","1.8779527559055119E-2",54.914,"52.21399999999997","52.843999999999909",50.198,34.9,15.9,18.3
"BOOI4","2021-05-09 14:00",57.5419999999999,"M",3046530,"0","0","0","1.7637795275590559E-2",57.2539999999999,"52.105999999999973","52.789999999999957",50.18,34.9,15.9,18.3
"BOOI4","2021-05-09 15:00",58.8199999999999,"M",2208720,"0","0","0","1.3188976377952759E-2",58.9099999999999,"52.08799999999998","52.717999999999918",50.198,34.8,16,18.3
"BOOI4","2021-05-09 16:00",60.5119999999999,"M",2530500,"0","0","0","1.4960629921259849E-2",59.846,"52.123999999999953","52.681999999999952",50.198,34.7,16,18.3
"BOOI4","2021-05-09 17:00",60.7999999999999,"M",1635785.8,"0","0","0","9.6062992125984271E-3",60.9619999999999,"52.177999999999898","52.609999999999907",50.198,34.7,16.1,18.3
"BOOI4","2021-05-09 18:00",58.9999999999999,"M",1105800,"0","0","0","6.1417322834645682E-3",61.2499999999999,"52.285999999999902","52.591999999999928",50.198,34.7,16.1,18.3
"BOOI4","2021-05-09 19:00",60.6919999999999,"M",790650,"0","0","0","3.503937007874016E-3",60.6019999999999,"52.429999999999978","52.519999999999897",50.198,34.7,16.1,18.3
"BOOI4","2021-05-09 20:00",55.3819999999999,"M",334924.77,"0","0","0","-3.1496062992125988E-4",59.3599999999999,"52.555999999999962","52.483999999999916",50.198,34.7,16.2,18.3
"BOOI4","2021-05-09 21:00",50.3779999999999,"M",16067.28,"0","0","0","-7.874015748031497E-4",57.6499999999999,"52.717999999999918","52.447999999999958",50.198,34.7,16.2,18.3
"BOOI4","2021-05-09 22:00",47.1739999999999,"M",0,"0","0","0","-8.2677165354330727E-4",55.94,"52.843999999999909","52.393999999999913",50.198,34.7,16.2,18.3
"BOOI4","2021-05-09 23:00",45.9536,"M",0,"0","0","0","-7.874015748031497E-4",54.356,"52.969999999999892","52.37599999999992",50.198,34.7,16.2,18.3
"BOOI4","2021-05-10 00:00",44.4703999999999,"M",0,"0","0","0","-7.874015748031497E-4",53.0239999999999,"53.041999999999931","52.35799999999994",50.2159999999999,34.7,16.2,18.3
"BOOI4","2021-05-10 01:00",47.2099999999999,"81.099999999999994",0,"0","0","0","-8.2677165354330727E-4",51.9259999999999,"53.113999999999969","52.321999999999967",50.2159999999999,34.7,16.2,18.3
"BOOI4","2021-05-10 02:00",45.3793999999999,"M",0,"0","0","0","-7.874015748031497E-4",51.0259999999999,"53.149999999999928","52.285999999999902",50.2159999999999,34.5,16.2,18.3
"BOOI4","2021-05-10 03:00",44.6881999999999,"M",0,"0","0","0","-7.4803149606299225E-4",50.1259999999999,"53.131999999999948","52.303999999999888",50.2159999999999,34.5,16.2,18.3
"BOOI4","2021-05-10 04:00",44.1085999999999,"M",0,"0","0","0","-7.4803149606299225E-4",49.3339999999999,"53.077999999999903","52.285999999999902",50.2159999999999,34.5,16.2,18.3
"BOOI4","2021-05-10 05:00",40.055,"M",0,"0","0","0","-7.0866141732283468E-4",48.5779999999999,"53.023999999999937","52.267999999999923",50.18,34.5,16.2,18.3
"BOOI4","2021-05-10 06:00",44.0798,"M",1697.8197,"0","0","0","-7.0866141732283468E-4",47.93,"52.933999999999934","52.285999999999902",50.2519999999999,34.4,16.2,18.3
"BOOI4","2021-05-10 07:00",43.6477999999999,"M",75704.64,"0","0","0","-1.181102362204725E-4",47.714,"52.861999999999888","52.267999999999923",50.2159999999999,34.4,16.2,18.3
"BOOI4","2021-05-10 08:00",47.156,"M",608092.16,"0","0","0","2.0866141732283471E-3",47.7679999999999,"52.735999999999898","52.23199999999995",50.18,34.4,16.3,18.3
"BOOI4","2021-05-10 09:00",48.956,"M",893712.1,"0","0","0","4.3700787401574808E-3",48.9019999999999,"52.627999999999901","52.249999999999943",50.198,34.4,16.3,18.3
"BOOI4","2021-05-10 10:00",52.0159999999999,"M",1590132.3,"0","0","0","8.2677165354330725E-3",50.5759999999999,"52.519999999999897","52.21399999999997",50.2159999999999,34.3,16.3,18.3
"BOOI4","2021-05-10 11:00",56.1199999999999,"M",2633970.2,"0","0","0","1.464566929133859E-2",53.8699999999999,"52.393999999999913","52.23199999999995",50.198,34.3,16.2,18.3
"BOOI4","2021-05-10 12:00",60.2419999999999,"M",3072996.3,"0","0","0","1.807086614173229E-2",57.506,"52.303999999999888","52.23199999999995",50.198,34.2,16.3,18.3
"BOOI4","2021-05-10 13:00",58.874,"M",1913640.3,"0","0","0","1.1850393700787399E-2",59.3779999999999,"52.23199999999995","52.195999999999977",50.198,34.2,16.3,18.3
"BOOI4","2021-05-10 14:00",59.6119999999999,"M",1948895.8,"0","0","0","1.216535433070866E-2",59.6659999999999,"52.23199999999995","52.159999999999911",50.18,34.2,16.3,18.3
"BOOI4","2021-05-10 15:00",58.6039999999999,"M",941112,"0","0","0","6.2992125984251976E-3",59.54,"52.285999999999902","52.141999999999932",50.198,34.2,16.3,18.3
"BOOI4","2021-05-10 16:00",60.1159999999999,"M",1402482,"0","0","0","8.8188976377952775E-3",59.2339999999999,"52.339999999999947","52.105999999999973",50.198,34.2,16.3,18.3
"BOOI4","2021-05-10 17:00",60.332,"M",1360338.1,"0","0","0","8.1889763779527565E-3",60.2599999999999,"52.483999999999916","52.105999999999973",50.18,34.2,16.3,18.3
"BOOI4","2021-05-10 18:00",60.1699999999999,"M",845388.06,"0","0","0","4.960629921259843E-3",59.7739999999999,"52.609999999999907","52.069999999999887",50.1619999999999,34.2,16.3,18.3
"BOOI4","2021-05-10 19:00",58.8919999999999,"M",405702.03,"0","0","0","2.3228346456692921E-3",59.0539999999999,"52.753999999999877","52.033999999999928",50.198,34.3,16.3,18.3
"BOOI4","2021-05-10 20:00",54.68,"M",240886.81,"0","0","0","1.968503937007874E-4",57.8659999999999,"52.879999999999967","52.015999999999941",50.18,34.3,16.3,18.3
"BOOI4","2021-05-10 21:00",50.3779999999999,"M",24222.06,"0","0","0","-3.9370078740157491E-4",56.48,"53.041999999999931","51.997999999999962",50.1619999999999,34.3,16.3,18.3
"BOOI4","2021-05-10 22:00",47.822,"M",5.1,"0","0","0","-4.7244094488188988E-4",54.896,"53.149999999999928","51.997999999999962",50.18,34.3,16.3,18.3
"BOOI4","2021-05-10 23:00",46.5619999999999,"M",0,"0","0","0","-4.3307086614173231E-4",53.438,"53.257999999999939","51.979999999999983",50.1619999999999,34.3,16.3,18.4
"BOOI4","2021-05-11 00:00",44.5334,"M",0,"0","0","0","-4.3307086614173231E-4",52.1599999999999,"53.365999999999943","51.997999999999962",50.1619999999999,34.3,16.3,18.4
"BOOI4","2021-05-11 01:00",42.2186,"80.099999999999994",0,"0","0","0","-4.3307086614173231E-4",51.0079999999999,"53.365999999999943","51.997999999999962",50.1259999999999,34.3,16.3,18.4
"BOOI4","2021-05-11 02:00",42.0062,"M",0,"0","0","0","-4.3307086614173231E-4",49.946,"53.365999999999943","51.96199999999989",50.18,34.2,16.3,18.4
"BOOI4","2021-05-11 03:00",40.7587999999999,"M",0,"0","0","0","-4.3307086614173231E-4",48.9739999999999,"53.347999999999963","52.015999999999941",50.1619999999999,34.1,16.3,18.3
"BOOI4","2021-05-11 04:00",39.4808,"M",0,"0","0","0","-3.9370078740157491E-4",48.0919999999999,"53.293999999999897","51.997999999999962",50.1619999999999,34.1,16.3,18.3
"BOOI4","2021-05-11 05:00",38.381,"M",0,"0","0","0","-3.9370078740157491E-4",47.264,"53.1859999999999","52.033999999999928",50.1439999999999,34.1,16.3,18.4
"BOOI4","2021-05-11 06:00",37.2667999999999,"M",5389.6794,"0","0","0","-3.5433070866141729E-4",46.4359999999999,"53.095999999999982","51.997999999999962",50.1619999999999,34.1,16.3,18.4
"BOOI4","2021-05-11 07:00",39.8803999999999,"M",232360.78,"0","0","0","-8.2677165354330727E-4",45.7375999999999,"52.987999999999978","52.033999999999928",50.1619999999999,34.1,16.3,18.4
"BOOI4","2021-05-11 08:00",43.6477999999999,"M",836687.87,"0","0","0","2.3622047244094488E-3",45.5305999999999,"52.879999999999967","52.033999999999928",50.1439999999999,34,16.3,18.4
"BOOI4","2021-05-11 09:00",49.172,"M",1409934.1,"0","0","0","6.1417322834645682E-3",46.598,"52.717999999999918","52.015999999999941",50.1259999999999,34,16.3,18.4
"BOOI4","2021-05-11 10:00",52.6099999999999,"M",2124900.1,"0","0","0","1.062992125984252E-2",49.1359999999999,"52.555999999999962","52.033999999999928",50.1439999999999,34,16.3,18.4
"BOOI4","2021-05-11 11:00",53.9599999999999,"M",2671932,"0","3.000005E-3","84.4","1.4409448818897641E-2",52.3399999999999,"52.393999999999913","52.015999999999941",50.1259999999999,34,16.3,18.4
"BOOI4","2021-05-11 12:00",54.4279999999999,"M",2775929.7,"0","0","0","1.555118110236221E-2",55.6159999999999,"52.267999999999923","52.015999999999941",50.1439999999999,34,16.2,18.4
"BOOI4","2021-05-11 13:00",56.4079999999999,"M",3225485.6,"0","0","0","1.8385826771653551E-2",58.8019999999999,"52.177999999999898","51.997999999999962",50.1259999999999,34,16.2,18.4
"BOOI4","2021-05-11 14:00",56.714,"M",3355997.8,"0","0","0","1.940944881889764E-2",61.8079999999999,"52.159999999999911","51.979999999999983",50.1259999999999,33.9,16.2,18.4
"BOOI4","2021-05-11 15:00",57.7939999999999,"M",3180588,"0.05","3.000005E-3","94.1","1.8425196850393701E-2",64.472,"52.141999999999932","51.979999999999983",50.1259999999999,34,16.2,18.3
"BOOI4","2021-05-11 16:00",59.396,"M",2838486.6,"0","0","0","1.637795275590551E-2",66.3439999999999,"52.267999999999923","51.943999999999903",50.1439999999999,34,16.2,18.4
"BOOI4","2021-05-11 17:00",60.1699999999999,"M",2327274.4,"0","0","0","1.299212598425197E-2",67.28,"52.37599999999992","51.907999999999937",50.1259999999999,34,16.2,18.4
"BOOI4","2021-05-11 18:00",59.288,"M",1711212.2,"0","0","0","8.8188976377952775E-3",67.3339999999999,"52.555999999999962","51.871999999999971",50.0899999999999,34,16.2,18.4
"BOOI4","2021-05-11 19:00",58.5859999999999,"M",947426.64,"0","0","0","3.8976377952755908E-3",66.272,"52.77199999999997","51.871999999999971",50.1259999999999,34,16.2,18.4
"BOOI4","2021-05-11 20:00",55.9579999999999,"M",373392.55,"0","0","0","-4.3307086614173231E-4",64.238,"53.023999999999937","51.835999999999899",50.0899999999999,34,16.2,18.4
"BOOI4","2021-05-11 21:00",51.8359999999999,"M",48907.02,"0","0","0","-1.732283464566929E-3",61.988,"53.257999999999939","51.853999999999893",50.0899999999999,34,16.2,18.4
"BOOI4","2021-05-11 22:00",49.874,"M",10.2,"0","0","0","-1.8503937007874019E-3",59.8279999999999,"53.473999999999947","51.853999999999893",50.1259999999999,34.1,16.2,18.4
"BOOI4","2021-05-11 23:00",51.7279999999999,"M",0,"0","0","0","-1.8897637795275599E-3",57.8659999999999,"53.653999999999883","51.871999999999971",50.1259999999999,34.1,16.2,18.3
"BOOI4","2021-05-12 00:00",47.5519999999999,"M",0,"0","0","0","-1.8503937007874019E-3",56.138,"53.833999999999932","51.853999999999893",50.1259999999999,34,16.2,18.3
"BOOI4","2021-05-12 01:00",49.4239999999999,"42.17",0,"0","0","0","-1.8110236220472439E-3",54.6259999999999,"53.905999999999963","51.871999999999971",50.0899999999999,34,16.2,18.3
"BOOI4","2021-05-12 02:00",46.5439999999999,"M",0,"0","0","0","-1.8110236220472439E-3",53.3119999999999,"53.941999999999929","51.853999999999893",50.072,34,16.2,18.3
"BOOI4","2021-05-12 03:00",43.6531999999999,"M",0,"0","0","0","-1.653543307086615E-3",52.124,"53.92399999999995","51.871999999999971",50.1259999999999,34,16.2,18.3
"BOOI4","2021-05-12 04:00",42.8846,"M",0,"0","0","0","-1.614173228346457E-3",51.0259999999999,"53.905999999999963","51.889999999999958",50.072,34.1,16.2,18.3
"BOOI4","2021-05-12 05:00",42.08,"M",0,"0","0","0","-1.574803149606299E-3",50.0359999999999,"53.833999999999932","51.925999999999917",50.1079999999999,34,16.2,18.3
"BOOI4","2021-05-12 06:00",41.3545999999999,"M",4250.6394,"0","0","0","-1.5354330708661421E-3",49.1359999999999,"53.761999999999887","51.96199999999989",50.1259999999999,34,16.2,18.3
"BOOI4","2021-05-12 07:00",46.0165999999999,"M",235843.23,"0","0","0","-1.023622047244095E-3",48.3619999999999,"53.617999999999917","51.943999999999903",50.1079999999999,34,16.2,18.3
"BOOI4","2021-05-12 08:00",50.198,"M",816468,"0","0","0","2.5196850393700791E-3",48.1279999999999,"53.527999999999899","51.96199999999989",50.1079999999999,34,16.2,18.3
"BOOI4","2021-05-12 09:00",53.1679999999999,"M",1487808.1,"0","0","0","6.8503937007874018E-3",49.4239999999999,"53.365999999999943","51.997999999999962",50.1079999999999,33.9,16.2,18.3
"BOOI4","2021-05-12 10:00",56.2819999999999,"M",2137721.7,"0","0","0","1.1259842519685041E-2",52.0519999999999,"53.203999999999887","51.997999999999962",50.072,34,16.2,18.3
"BOOI4","2021-05-12 11:00",57.7939999999999,"M",2694503.4,"0","0","0","1.515748031496063E-2",55.4539999999999,"53.059999999999917","51.997999999999962",50.0899999999999,33.9,16.1,18.3
"BOOI4","2021-05-12 12:00",59.072,"M",3114480.2,"0","0","0","1.8228346456692919E-2",59.2159999999999,"52.969999999999892","52.033999999999928",50.0899999999999,33.9,16.1,18.3
"BOOI4","2021-05-12 13:00",60.6739999999999,"M",3355943.8,"0","0","0","2.0039370078740161E-2",62.9599999999999,"52.897999999999961","52.015999999999941",50.0899999999999,33.9,16.1,18.3
"BOOI4","2021-05-12 14:00",62.9419999999999,"M",3384186.8,"0","0","0","2.0669291338582679E-2",66.38,"52.861999999999888","51.997999999999962",50.0899999999999,33.9,16.1,18.4
"BOOI4","2021-05-12 15:00",62.4199999999999,"M",3247620,"0","0","0","1.9763779527559061E-2",69.08,"52.879999999999967","51.997999999999962",50.0899999999999,33.9,16.1,18.4
"BOOI4","2021-05-12 16:00",63.4279999999999,"M",2841954.3,"0","0","0","1.7125984251968509E-2",70.9339999999999,"53.023999999999937","52.033999999999928",50.0899999999999,33.9,16.1,18.4
"BOOI4","2021-05-12 17:00",64.238,"M",2319498,"0","0","0","1.350393700787402E-2",71.7619999999999,"53.203999999999887","51.997999999999962",50.0899999999999,33.9,16.1,18.4
"BOOI4","2021-05-12 18:00",63.1939999999999,"M",1707822.1,"0","2.0000033999999999E-3","174.2","9.1732283464566952E-3",71.564,"53.45599999999996","51.997999999999962",50.072,34,16.1,18.4
"BOOI4","2021-05-12 19:00",62.6179999999999,"M",947951.35,"0","0","0","4.0551181102362211E-3",70.1779999999999,"53.743999999999907","51.979999999999983",50.072,34,16.1,18.4
"BOOI4","2021-05-12 20:00",60.0619999999999,"M",411545.93,"0","0","0","-5.905511811023623E-4",67.9099999999999,"54.031999999999947","51.96199999999989",50.1079999999999,34,16.1,18.4
"BOOI4","2021-05-12 21:00",56.4259999999999,"M",31264.439,"0","0","0","-1.968503937007874E-3",65.4259999999999,"54.33799999999998","51.997999999999962",50.072,34,16.1,18.4
"BOOI4","2021-05-12 22:00",51.4039999999999,"M",10.14,"0","0","0","-2.007874015748032E-3",63.1579999999999,"54.62599999999992","51.997999999999962",50.072,34,16.1,18.4
"BOOI4","2021-05-12 23:00",49.316,"M",5.1,"0","0","0","-1.771653543307087E-3",61.1599999999999,"54.841999999999928","52.015999999999941",50.0899999999999,34.1,16.1,18.4
"BOOI4","2021-05-13 00:00",48.6499999999999,"M",5.1,"0","0","0","-1.6929133858267721E-3",59.432,"55.057999999999943","52.051999999999907",50.072,34.1,16.1,18.4
"BOOI4","2021-05-13 01:00",49.0099999999999,"53.38",0,"0","0","0","-1.732283464566929E-3",57.9199999999999,"55.183999999999934","52.033999999999928",50.1259999999999,34.1,16.1,18.4
"BOOI4","2021-05-13 02:00",46.8679999999999,"M",0,"0","0","0","-1.732283464566929E-3",56.606,"55.237999999999978","52.069999999999887",50.072,34.1,16.1,18.4
"BOOI4","2021-05-13 03:00",45.941,"M",0,"0","0","0","-1.653543307086615E-3",55.3819999999999,"55.273999999999937","52.141999999999932",50.072,34.1,16.1,18.4
"BOOI4","2021-05-13 04:00",43.3742,"M",0,"0","0","0","-1.614173228346457E-3",54.3019999999999,"55.273999999999937","52.177999999999898",50.072,34.1,16.1,18.4
"BOOI4","2021-05-13 05:00",42.9152,"M",0,"0","0","0","-1.5354330708661421E-3",53.24,"55.219999999999892","52.21399999999997",50.1079999999999,34.1,16.1,18.4
"BOOI4","2021-05-13 06:00",43.6009999999999,"M",4722.2385,"0","0","0","-1.5354330708661421E-3",52.3039999999999,"55.147999999999961","52.267999999999923",50.1079999999999,34,16.1,18.4
"BOOI4","2021-05-13 07:00",47.5519999999999,"M",250066.16,"0","0","0","-8.6614173228346462E-4",51.5119999999999,"55.057999999999943","52.285999999999902",50.072,34,16.1,18.4
"BOOI4","2021-05-13 08:00",53.096,"M",830856.14,"0","0","0","2.6771653543307089E-3",51.3499999999999,"54.967999999999918","52.321999999999967",50.0899999999999,33.9,16.1,18.4
"BOOI4","2021-05-13 09:00",58.19,"M",1496316.2,"0","0","0","7.2440944881889766E-3",52.664,"54.805999999999962","52.37599999999992",50.072,34,16.1,18.4
"BOOI4","2021-05-13 10:00",59.756,"M",2146265.9,"0","0","0","1.1850393700787399E-2",55.2019999999999,"54.661999999999892","52.411999999999892",50.0899999999999,33.9,16.1,18.4
"BOOI4","2021-05-13 11:00",62.7619999999999,"M",2705394,"0","0","0","1.586614173228347E-2",58.4419999999999,"54.535999999999902","52.411999999999892",50.1079999999999,34,16.1,18.4
"BOOI4","2021-05-13 12:00",62.9599999999999,"M",3122100.3,"0","2.0160033999999998","178.7","2.078740157480315E-2",62.006,"54.409999999999911","52.465999999999937",50.0899999999999,34,16.1,18.4
"BOOI4","2021-05-13 13:00",63.7519999999999,"M",3356401,"0","9.1500149999999998","175","2.7480314960629929E-2",65.39,"54.355999999999973","52.483999999999916",50.0899999999999,34,16.1,18.4
"BOOI4","2021-05-13 14:00",65.3179999999999,"M",3386519,"0","9.1800149999999991","179.6","2.8267716535433071E-2",68.3779999999999,"54.355999999999973","52.465999999999937",50.0899999999999,34,16.1,18.4
"BOOI4","2021-05-13 15:00",66.6319999999999,"M",3205560,"0","9.0300150000000006","184.5","2.8228346456692921E-2",70.7899999999999,"54.409999999999911","52.483999999999916",50.0899999999999,34,16.1,18.4
"BOOI4","2021-05-13 16:00",65.606,"M",2832504,"0","10.160017","173","2.7283464566929139E-2",72.374,"54.499999999999943","52.50199999999991",50.0899999999999,34,16.1,18.4
"BOOI4","2021-05-13 17:00",67.3339999999999,"M",2318670.2,"0","9.0000140000000002","173.9","2.377952755905512E-2",73.148,"54.715999999999937","52.483999999999916",50.1079999999999,34,16.1,18.4
"BOOI4","2021-05-13 18:00",66.6319999999999,"M",1711932.3,"0","10.580018000000001","178.7","2.2047244094488199E-2",72.8419999999999,"54.895999999999987","52.519999999999897",50.1079999999999,33.9,16.1,18.4
"BOOI4","2021-05-13 19:00",65.138,"M",942229.06,"0","9.9700164999999998","162.5","1.6850393700787409E-2",71.438,"55.16599999999994","52.50199999999991",50.1079999999999,34,16.1,18.4
"BOOI4","2021-05-13 20:00",62.3839999999999,"M",362394.6,"0","8.9600139999999993","164.8","1.1968503937007879E-2",69.2419999999999,"55.4359999999999","52.555999999999962",50.1079999999999,34.1,16.1,18.4
"BOOI4","2021-05-13 21:00",58.4419999999999,"M",16342.86,"0","5.7310094999999999","162.19999999999999","2.755905511811024E-3",66.848,"55.70599999999996","52.537999999999982",50.1259999999999,34,16.1,18.4
"BOOI4","2021-05-13 22:00",55.6519999999999,"M",10.2,"0","5.5880093999999998","155.30000000000001","2.1653543307086618E-3",64.688,"55.939999999999962","52.537999999999982",50.1259999999999,34.2,16.1,18.4
"BOOI4","2021-05-13 23:00",53.7259999999999,"M",0,"0","7.0930119999999999","155.9","2.1653543307086618E-3",62.8699999999999,"56.155999999999963","52.591999999999928",50.1259999999999,34.2,16.1,18.4
"BOOI4","2021-05-14 00:00",50.3599999999999,"M",0,"0","3.8290063999999999","173.3","9.4488188976377975E-4",61.2859999999999,"56.281999999999947","52.627999999999901",50.1619999999999,34.2,16.1,18.4
"BOOI4","2021-05-14 01:00",50.3779999999999,"52.19",0,"0","5.9010100000000003","159","1.4173228346456689E-3",59.846,"56.443999999999903","52.663999999999973",50.1259999999999,34.2,16.1,18.4
"BOOI4","2021-05-14 02:00",49.1539999999999,"M",0,"0","7.0780114999999997","156.19999999999999","1.4960629921259841E-3",58.622,"56.479999999999983","52.699999999999932",50.1619999999999,34.2,16.1,18.4
"BOOI4","2021-05-14 03:00",49.0999999999999,"M",0,"0","6.9200115000000002","154.80000000000001","1.377952755905512E-3",57.596,"56.497999999999962","52.735999999999898",50.1439999999999,34.2,16.1,18.4
"BOOI4","2021-05-14 04:00",48.5599999999999,"M",0,"0","6.2460103","153.9","1.181102362204725E-3",56.7859999999999,"56.479999999999983","52.789999999999957",50.1439999999999,34.2,16.1,18.4
"BOOI4","2021-05-14 05:00",47.7859999999999,"M",0,"0","4.9060079999999999","160.4","8.2677165354330727E-4",56.0839999999999,"56.443999999999903","52.843999999999909",50.1619999999999,34.2,16.1,18.4
"BOOI4","2021-05-14 06:00",48.4699999999999,"M",7635.539,"0","5.6730093999999998","158.9","9.4488188976377975E-4",55.4359999999999,"56.353999999999893","52.91599999999994",50.1619999999999,34.1,16.1,18.4
"BOOI4","2021-05-14 07:00",50.1619999999999,"M",128279.4,"0","5.0660086","157.1","2.7952755905511812E-3",55.0039999999999,"56.263999999999967","52.951999999999913",50.18,34,16.1,18.4
"BOOI4","2021-05-14 08:00",55.472,"M",482722.84,"0","6.6650109999999998","173.1","6.2204724409448834E-3",54.9499999999999,"56.17399999999995","52.969999999999892",50.18,34,16.1,18.5
"BOOI4","2021-05-14 09:00",58.64,"M",1055987.8,"0","12.180020000000001","181.2","1.381889763779528E-2",55.8679999999999,"56.083999999999932","53.023999999999937",50.18,34,16.1,18.5
"BOOI4","2021-05-14 10:00",62.1319999999999,"M",1264740,"0","14.060022999999999","194","1.7716535433070869E-2",57.2179999999999,"55.957999999999942","53.059999999999917",50.18,34.1,16.1,18.5
"BOOI4","2021-05-14 11:00",61.43,"M",741396.06,"0","15.360025","194.2","1.803149606299213E-2",58.5499999999999,"55.867999999999917","53.077999999999903",50.198,34,16.1,18.5
"BOOI4","2021-05-14 12:00",59.9359999999999,"M",435978.03,"0","13.830023000000001","193.4","1.460629921259843E-2",58.7119999999999,"55.741999999999933","53.095999999999982",50.198,34,16.1,18.5
"BOOI4","2021-05-14 13:00",61.196,"M",814517.94,"0","11.97002","181.1","1.4566929133858269E-2",58.946,"55.669999999999902","53.113999999999969",50.2159999999999,34,16.1,18.5
"BOOI4","2021-05-14 14:00",56.4259999999999,"M",592458,"2.0000001E-2","9.440016","214.4","9.3700787401574809E-3",59.2519999999999,"55.561999999999891","53.149999999999928",50.18,33.9,16.1,18.5
"BOOI4","2021-05-14 15:00",57.0919999999999,"M",840516.1,"1.0000001E-2","7.1680117000000001","175.6","7.5984251968503952E-3",59.2699999999999,"55.525999999999932","53.1859999999999",50.2339999999999,33.9,16.1,18.5
"BOOI4","2021-05-14 16:00",57.74,"M",717492.07,"0","10.020016999999999","150.9","8.0314960629921262E-3",59.2159999999999,"55.417999999999921","53.1859999999999",50.198,33.9,16.1,18.5
"BOOI4","2021-05-14 17:00",57.0199999999999,"M",836813.96,"0","12.650021000000001","157.4","8.3858267716535439E-3",59.1259999999999,"55.381999999999948","53.203999999999887",50.2159999999999,33.9,16.1,18.5
"BOOI4","2021-05-14 18:00",55.814,"M",449620.18,"7.0000000000000007E-2","10.140017","144.19999999999999","5.4330708661417338E-3",59.0359999999999,"55.345999999999982","53.203999999999887",50.2339999999999,33.9,16.1,18.5
"BOOI4","2021-05-14 19:00",55.9759999999999,"M",144683.99,"0","9.0400150000000004","125.9","3.503937007874016E-3",58.388,"55.309999999999917","53.203999999999887",50.2519999999999,33.9,16.1,18.5
"BOOI4","2021-05-14 20:00",54.9679999999999,"M",138922.79,"0","5.9020099999999998","108.7","1.8897637795275599E-3",57.848,"55.273999999999937","53.221999999999973",50.2519999999999,34,16.1,18.5
"BOOI4","2021-05-14 21:00",54.4999999999999,"M",8186.1,"0","6.2720102999999998","95.7","5.1181102362204728E-4",57.3259999999999,"55.219999999999892","53.221999999999973",50.2699999999999,33.9,16.1,18.5
"BOOI4","2021-05-14 22:00",53.996,"M",0,"0","7.5090127000000004","114.6","5.5118110236220485E-4",56.7499999999999,"55.219999999999892","53.221999999999973",50.2519999999999,33.9,16.1,18.5
"BOOI4","2021-05-14 23:00",53.7079999999999,"M",0,"0","6.7590110000000001","115.8","5.1181102362204728E-4",56.2099999999999,"55.201999999999913","53.203999999999887",50.2519999999999,33.9,16.1,18.5
"BOOI4","2021-05-15 00:00",53.0779999999999,"M",0,"0","5.7620095999999998","117.4","4.7244094488188988E-4",55.7419999999999,"55.16599999999994","53.203999999999887",50.2699999999999,34,16.1,18.5
"BOOI4","2021-05-15 01:00",52.5739999999999,"91.3",0,"0","6.3690103999999996","120.2","4.3307086614173231E-4",55.1839999999999,"55.147999999999961","53.221999999999973",50.306,33.9,16.1,18.5
"BOOI4","2021-05-15 02:00",51.98,"M",0,"0","6.8320109999999996","130.69999999999999","3.1496062992125988E-4",54.698,"55.111999999999888","53.1859999999999",50.306,33.9,16.1,18.5
"BOOI4","2021-05-15 03:00",51.6919999999999,"M",0,"0","5.5140089999999997","169.7","1.5748031496062989E-4",54.1759999999999,"55.093999999999909","53.239999999999952",50.306,33.9,16.1,18.5
"BOOI4","2021-05-15 04:00",51.89,"M",0,"1.0000001E-2","3.8650061999999998","143.19999999999999","1.181102362204725E-4",53.996,"55.075999999999922","53.203999999999887",50.306,33.9,16.1,18.5
"BOOI4","2021-05-15 05:00",51.3499999999999,"M",0,"0","4.5730076000000004","145.80000000000001","7.874015748031497E-5",53.7079999999999,"55.02199999999997","53.221999999999973",50.3239999999999,33.9,16,18.5
"BOOI4","2021-05-15 06:00",50.8099999999999,"M",3657.2998,"0","3.7160063000000001","150.80000000000001","3.9370078740157492E-5",53.348,"54.967999999999918","53.221999999999973",50.3419999999999,33.9,16,18.5
"BOOI4","2021-05-15 07:00",53.1679999999999,"M",187763.81,"0","4.0380070000000003","173.2","-5.1181102362204728E-4",53.2579999999999,"54.931999999999952","53.221999999999973",50.3599999999999,33.8,16,18.5
"BOOI4","2021-05-15 08:00",58.7659999999999,"M",700163.94,"0","6.5500109999999996","192.6","2.5984251968503942E-3",53.672,"54.895999999999987","53.203999999999887",50.3599999999999,33.8,16,18.5
"BOOI4","2021-05-15 09:00",61.898,"M",1434768.2,"0","9.7900159999999996","202.6","7.559055118110238E-3",55.2739999999999,"54.841999999999928","53.221999999999973",50.3779999999999,33.8,16,18.5
"BOOI4","2021-05-15 10:00",63.4819999999999,"M",2054657.5,"0","8.7300149999999999","211.1","1.200787401574803E-2",57.6859999999999,"54.787999999999982","53.203999999999887",50.3419999999999,33.8,16,18.5
"BOOI4","2021-05-15 11:00",66.4699999999999,"M",2542889.6,"0","6.607011","234.9","1.610236220472441E-2",60.6919999999999,"54.733999999999916","53.203999999999887",50.3779999999999,33.8,16,18.5
"BOOI4","2021-05-15 12:00",69.8359999999999,"M",2925930,"0","2.9730050000000001","223","1.9803149606299211E-2",64.5079999999999,"54.715999999999937","53.167999999999921",50.3599999999999,33.8,16,18.5
"BOOI4","2021-05-15 13:00",69.98,"M",2420358.2,"0","4.4450073000000003","180.7","1.775590551181103E-2",67.8019999999999,"54.643999999999913","53.167999999999921",50.3779999999999,33.8,16,18.5
"BOOI4","2021-05-15 14:00",72.2839999999999,"M",3452706,"0","5.5570089999999999","182.9","2.5551181102362212E-2",71.0419999999999,"54.661999999999892","53.167999999999921",50.396,33.7,16,18.5
"BOOI4","2021-05-15 15:00",74.4079999999999,"M",3402839.8,"0","7.1510119999999997","181.9","2.736220472440945E-2",74.5159999999999,"54.643999999999913","53.149999999999928",50.396,33.7,16,18.5
"BOOI4","2021-05-15 16:00",61.88,"M",1110785.4,"0.13","8.2700139999999998","120","1.350393700787402E-2",75.5779999999999,"54.62599999999992","53.167999999999921",50.414,33.8,16,18.5
"BOOI4","2021-05-15 17:00",65.5159999999999,"M",590976,"0","8.1200130000000001","147.30000000000001","6.7322834645669304E-3",71.9779999999999,"54.733999999999916","53.149999999999928",50.432,33.8,16,18.6
"BOOI4","2021-05-15 18:00",65.7679999999999,"M",977652.2,"0","8.4500139999999995","136.69999999999999","8.8188976377952775E-3",69.98,"54.823999999999948","53.149999999999928",50.4499999999999,33.8,16,18.6
"BOOI4","2021-05-15 19:00",61.9339999999999,"M",861756.65,"0","12.020020000000001","97.6","7.9921259842519708E-3",68.522,"54.913999999999973","53.131999999999948",50.414,33.8,15.9,18.6
"BOOI4","2021-05-15 20:00",59.8099999999999,"M",207280.84,"0","10.170016","118.6","3.3858267716535442E-3",66.5779999999999,"55.057999999999943","53.149999999999928",50.4499999999999,33.8,15.9,18.6
"BOOI4","2021-05-15 21:00",58.514,"M",21753.721,"0","11.360018999999999","147.30000000000001","4.3307086614173231E-4",64.6159999999999,"55.201999999999913","53.131999999999948",50.432,33.9,15.9,18.6
"BOOI4","2021-05-15 22:00",56.5159999999999,"M",5.1,"0","8.7200150000000001","167.2","0",62.9239999999999,"55.345999999999982","53.131999999999948",50.4859999999999,33.9,15.9,18.6
"BOOI4","2021-05-15 23:00",55.256,"M",0,"0","5.5140089999999997","187.2","-1.968503937007874E-4",61.556,"55.471999999999973","53.149999999999928",50.4679999999999,33.9,15.9,18.6
"BOOI4","2021-05-16 00:00",55.3279999999999,"M",0,"0","5.0430083000000003","193.6","-2.7559055118110242E-4",60.3679999999999,"55.561999999999891","53.167999999999921",50.4679999999999,33.9,15.9,18.6
"BOOI4","2021-05-16 01:00",53.9779999999999,"100",0,"0","3.5570059999999999","184.6","-3.1496062992125988E-4",59.3419999999999,"55.669999999999902","53.1859999999999",50.4679999999999,33.9,15.9,18.6
"BOOI4","2021-05-16 02:00",54.4819999999999,"M",5.1,"0","4.6530079999999998","194.7","-2.7559055118110242E-4",58.4239999999999,"55.741999999999933","53.203999999999887",50.4859999999999,33.9,15.9,18.6
"BOOI4","2021-05-16 03:00",52.0159999999999,"M",0,"0","3.9010064999999998","157.80000000000001","-3.1496062992125988E-4",57.74,"55.795999999999992","53.203999999999887",50.5039999999999,33.9,15.9,18.6
"BOOI4","2021-05-16 04:00",51.638,"M",0,"0","3.677006","157.69999999999999","-3.1496062992125988E-4",57.2359999999999,"55.831999999999951","53.239999999999952",50.522,33.9,15.9,18.6
"BOOI4","2021-05-16 05:00",51.8359999999999,"M",0,"0","3.3570053999999998","99","-3.1496062992125988E-4",56.822,"55.849999999999937","53.239999999999952",50.5039999999999,33.9,15.9,18.6
"BOOI4","2021-05-16 06:00",52.682,"M",3088.1398,"0","6.5260104999999999","123.5","-1.968503937007874E-4",56.624,"55.849999999999937","53.275999999999932",50.522,33.9,15.9,18.6
"BOOI4","2021-05-16 07:00",53.006,"M",66896.935,"1.0000001E-2","8.6700140000000001","135.1","1.968503937007874E-4",56.588,"55.867999999999917","53.329999999999977",50.522,33.9,15.9,18.6
"BOOI4","2021-05-16 08:00",54.2119999999999,"M",213831.57,"0","7.8360133000000003","154.1","1.023622047244095E-3",56.696,"55.831999999999951","53.347999999999963",50.522,33.9,15.9,18.6
"BOOI4","2021-05-16 09:00",55.0939999999999,"M",351768.07,"0","8.3600139999999996","153.6","1.6929133858267721E-3",57.0919999999999,"55.849999999999937","53.365999999999943",50.54,33.9,15.9,18.6
"BOOI4","2021-05-16 10:00",56.39,"M",488651.98,"0","8.3000139999999991","154.6","2.4015748031496068E-3",57.7759999999999,"55.795999999999992","53.383999999999929",50.54,33.9,15.9,18.6
"BOOI4","2021-05-16 11:00",57.74,"M",512586.06,"0","7.8440130000000003","133.6","2.8346456692913392E-3",58.4599999999999,"55.759999999999913","53.419999999999902",50.54,33.9,15.9,18.6
"BOOI4","2021-05-16 12:00",58.8199999999999,"M",603198,"0","8.3300129999999992","126.2","3.779527559055119E-3",58.9819999999999,"55.759999999999913","53.437999999999981",50.54,33.9,15.9,18.6
"BOOI4","2021-05-16 13:00",59.0539999999999,"M",685110.1,"0","9.190016","133.9","4.3700787401574808E-3",59.522,"55.723999999999947","53.473999999999947",50.5579999999999,33.9,15.9,18.5
"BOOI4","2021-05-16 14:00",60.7999999999999,"M",577464,"0","10.710018","124.7","4.4488188976377959E-3",59.8999999999999,"55.723999999999947","53.473999999999947",50.5579999999999,33.9,15.9,18.5
"BOOI4","2021-05-16 15:00",62.456,"M",624125.9,"0","8.8000144999999996","112","5.2362204724409464E-3",60.2239999999999,"55.687999999999981","53.473999999999947",50.5579999999999,33.9,15.9,18.6
"BOOI4","2021-05-16 16:00",63.1579999999999,"M",780935.9,"0","9.2000159999999997","103.4","6.929133858267717E-3",60.764,"55.687999999999981","53.509999999999913",50.5579999999999,33.9,15.9,18.5
"BOOI4","2021-05-16 17:00",63.914,"M",638952,"0","9.3600150000000006","95.7","6.2992125984251976E-3",61.1779999999999,"55.669999999999902","53.473999999999947",50.5759999999999,33.9,15.9,18.6
"BOOI4","2021-05-16 18:00",63.3919999999999,"M",497974.1,"0","10.070017","102.8","5.7874015748031506E-3",61.3939999999999,"55.669999999999902","53.527999999999899",50.5579999999999,33.9,15.9,18.5
"BOOI4","2021-05-16 19:00",62.0779999999999,"M",383603.97,"0","10.090016","116.4","4.2519685039370094E-3",61.2319999999999,"55.669999999999902","53.545999999999992",50.6119999999999,33.9,15.9,18.5
"BOOI4","2021-05-16 20:00",60.1519999999999,"M",124086.62,"0","11.690020000000001","127.5","2.6377952755905522E-3",60.8359999999999,"55.687999999999981","53.527999999999899",50.63,33.9,15.9,18.5
"BOOI4","2021-05-16 21:00",58.0999999999999,"M",14263.019,"0","12.930021","131","3.9370078740157491E-4",60.098,"55.687999999999981","53.545999999999992",50.5759999999999,33.9,15.9,18.5
"BOOI4","2021-05-16 22:00",57.1279999999999,"M",5.1,"0","10.750017","136.6","1.5748031496062989E-4",59.396,"55.70599999999996","53.527999999999899",50.6119999999999,33.9,15.9,18.5
"BOOI4","2021-05-16 23:00",56.066,"M",0,"0","6.7060110000000002","95.9","2.7559055118110242E-4",58.73,"55.723999999999947","53.563999999999957",50.6119999999999,33.9,15.9,18.5
"BOOI4","2021-05-17 00:00",56.1199999999999,"M",5.1,"0","6.3840102999999999","66.41","7.874015748031497E-5",58.19,"55.741999999999933","53.581999999999951",50.63,33.9,15.9,18.5
"BOOI4","2021-05-17 01:00",57.3259999999999,"96.9",0,"0","7.8460130000000001","78.89","1.181102362204725E-4",57.9019999999999,"55.759999999999913","53.545999999999992",50.6659999999999,33.9,15.9,18.5
"BOOI4","2021-05-17 02:00",56.6599999999999,"M",0,"3.0000000999999998E-2","8.8100149999999999","88.2","7.874015748031497E-5",57.74,"55.759999999999913","53.581999999999951",50.6659999999999,33.9,15.9,18.5
"BOOI4","2021-05-17 03:00",56.4619999999999,"M",0,"2.0000001E-2","10.650017999999999","83.9","0",57.596,"55.777999999999899","53.617999999999917",50.648,33.8,15.9,18.5
"BOOI4","2021-05-17 04:00",56.1919999999999,"M",0,"1.0000001E-2","11.89002","88.4","0",57.4159999999999,"55.795999999999992","53.599999999999937",50.6659999999999,33.8,15.9,18.5
"BOOI4","2021-05-17 05:00",56.0839999999999,"M",0,"3.0000000999999998E-2","10.750017","88.5","0",57.2359999999999,"55.777999999999899","53.617999999999917",50.6839999999999,33.8,15.9,18.5
"BOOI4","2021-05-17 06:00",56.2099999999999,"M",1452.8394,"1.0000001E-2","9.4800160000000009","80.2","0",57.0919999999999,"55.759999999999913","53.635999999999903",50.6839999999999,33.8,15.9,18.5
"BOOI4","2021-05-17 07:00",56.6779999999999,"M",34791.67,"1.0000001E-2","11.170018000000001","83.4","1.5748031496062989E-4",57.038,"55.723999999999947","53.653999999999883",50.6839999999999,33.8,15.9,18.5
"BOOI4","2021-05-17 08:00",57.29,"M",106102.21,"0","12.05002","87.1","4.7244094488188988E-4",57.0919999999999,"55.723999999999947","53.671999999999969",50.7019999999999,33.8,15.9,18.5
"BOOI4","2021-05-17 09:00",58.082,"M",222415.8,"0","13.640022999999999","91.8","9.8425196850393721E-4",57.3259999999999,"55.723999999999947","53.671999999999969",50.7019999999999,33.8,15.9,18.5
"BOOI4","2021-05-17 10:00",58.6759999999999,"M",291339.57,"0","12.39002","98","1.3385826771653551E-3",57.6679999999999,"55.70599999999996","53.689999999999962",50.7019999999999,33.8,15.9,18.5
"BOOI4","2021-05-17 11:00",59.432,"M",254731.17,"0","12.160021","96","1.220472440944882E-3",58.064,"55.669999999999902","53.689999999999962",50.7199999999999,33.8,15.9,18.5
"BOOI4","2021-05-17 12:00",59.7739999999999,"M",261176.94,"0","11.130019000000001","100.7","1.377952755905512E-3",58.3339999999999,"55.633999999999929","53.707999999999942",50.7199999999999,33.8,15.9,18.5
"BOOI4","2021-05-17 13:00",60.188,"M",302003.97,"1.0000001E-2","11.010018000000001","104","1.5354330708661421E-3",58.6759999999999,"55.651999999999909","53.689999999999962",50.738,33.8,15.9,18.5
"BOOI4","2021-05-17 14:00",61.2319999999999,"M",444918.03,"0","11.080018000000001","104.7","2.5196850393700791E-3",59.1439999999999,"55.615999999999943","53.689999999999962",50.7739999999999,33.8,15.8,18.5
"BOOI4","2021-05-17 15:00",61.1599999999999,"M",332334.05,"0","11.860018999999999","103","2.3622047244094488E-3",59.5579999999999,"55.615999999999943","53.671999999999969",50.756,33.8,15.8,18.5
"BOOI4","2021-05-17 16:00",62.78,"M",499000.15,"0","13.280023","102.3","3.4251968503937009E-3",59.8279999999999,"55.579999999999977","53.707999999999942",50.756,33.8,15.8,18.6
"BOOI4","2021-05-17 17:00",62.6179999999999,"M",378906.04,"0","13.840023","97.4","3.3464566929133871E-3",60.188,"55.597999999999963","53.689999999999962",50.756,33.8,15.8,18.6
"BOOI4","2021-05-17 18:00",62.7259999999999,"M",322318.27,"0","13.050020999999999","100.2","3.543307086614174E-3",60.296,"55.597999999999963","53.725999999999921",50.7739999999999,33.8,15.8,18.6
"BOOI4","2021-05-17 19:00",63.338,"M",222879.61,"0","12.660021","92.8","3.0708661417322841E-3",60.2239999999999,"55.579999999999977","53.689999999999962",50.8099999999999,33.8,15.8,18.6
"BOOI4","2021-05-17 20:00",62.78,"M",140410.2,"0","12.960020999999999","91","2.7165354330708669E-3",60.1519999999999,"55.633999999999929","53.743999999999907",50.7919999999999,33.8,15.8,18.6
"BOOI4","2021-05-17 21:00",61.5739999999999,"M",11118.419,"0","11.510019","91.7","5.905511811023623E-4",59.8999999999999,"55.633999999999929","53.689999999999962",50.8279999999999,33.8,15.8,18.6
"BOOI4","2021-05-17 22:00",61.6279999999999,"M",1216.8001,"0","10.140017","96","3.5433070866141729E-4",59.5579999999999,"55.651999999999909","53.707999999999942",50.7739999999999,33.8,15.8,18.6
"BOOI4","2021-05-17 23:00",61.3759999999999,"M",1211.7602,"0","10.990017999999999","94.8","3.9370078740157491E-4",59.3419999999999,"55.669999999999902","53.707999999999942",50.8099999999999,33.8,15.8,18.6
"BOOI4","2021-05-18 00:00",60.746,"M",1216.8001,"0","10.350016999999999","98.9","3.1496062992125988E-4",59.18,"55.687999999999981","53.689999999999962",50.8279999999999,33.8,15.8,18.6
"BOOI4","2021-05-18 01:00",60.638,"95.8",20.28,"0","11.940020000000001","99.5","2.7559055118110242E-4",59.0539999999999,"55.70599999999996","53.689999999999962",50.8099999999999,33.8,15.8,18.6
"BOOI4","2021-05-18 02:00",60.0259999999999,"M",1216.8001,"0","11.100018499999999","105.6","2.7559055118110242E-4",58.874,"55.723999999999947","53.707999999999942",50.846,33.8,15.8,18.6
"BOOI4","2021-05-18 03:00",59.0899999999999,"M",1201.6802,"0","9.5400150000000004","99.6","1.5748031496062989E-4",58.7119999999999,"55.70599999999996","53.725999999999921",50.864,33.8,15.8,18.6
"BOOI4","2021-05-18 04:00",59.2159999999999,"M",1191.6001,"0","10.050015999999999","89.9","3.9370078740157492E-5",58.5499999999999,"55.741999999999933","53.707999999999942",50.864,33.8,15.8,18.6
"BOOI4","2021-05-18 05:00",59.0359999999999,"M",1186.5603,"0","9.8100159999999992","90.7","0",58.4599999999999,"55.759999999999913","53.725999999999921",50.864,33.8,15.8,18.6
"BOOI4","2021-05-18 06:00",59.4859999999999,"M",1993.7998,"0","9.6700160000000004","91.5","0",58.406,"55.777999999999899","53.725999999999921",50.864,33.8,15.8,18.6
"BOOI4","2021-05-18 07:00",59.6119999999999,"M",21060.305,"1.0000001E-2","9.7000159999999997","92.9","1.181102362204725E-4",58.406,"55.759999999999913","53.761999999999887",50.8999999999999,33.8,15.8,18.6
"BOOI4","2021-05-18 08:00",59.756,"M",77442.63,"1.0000001E-2","11.420019","91.8","3.9370078740157491E-4",58.4779999999999,"55.777999999999899","53.743999999999907",50.8999999999999,33.8,15.8,18.6
"BOOI4","2021-05-18 09:00",59.99,"M",110222.4,"0","10.290016","96.1","5.5118110236220485E-4",58.622,"55.777999999999899","53.725999999999921",50.8999999999999,33.8,15.8,18.6
"BOOI4","2021-05-18 10:00",60.8359999999999,"M",313989.62,"0","11.450018999999999","95","1.5354330708661421E-3",58.9099999999999,"55.777999999999899","53.761999999999887",50.8819999999999,33.8,15.8,18.6
"BOOI4","2021-05-18 11:00",61.214,"M",369226.2,"0","11.080018000000001","103.4","1.8110236220472439E-3",59.432,"55.795999999999992","53.761999999999887",50.8819999999999,33.8,15.8,18.6
"BOOI4","2021-05-18 12:00",62.1499999999999,"M",478589.45,"2.0000001E-2","11.560019","109.4","2.3622047244094488E-3",59.8999999999999,"55.741999999999933","53.779999999999973",50.9179999999999,33.8,15.8,18.6
"BOOI4","2021-05-18 13:00",62.6539999999999,"M",843233.95,"2.0000001E-2","11.330019","105.8","4.2125984251968514E-3",60.7819999999999,"55.795999999999992","53.797999999999959",50.8999999999999,33.8,15.8,18.6
"BOOI4","2021-05-18 14:00",63.23,"M",686250.06,"1.0000001E-2","10.510016999999999","109.3","3.543307086614174E-3",61.5919999999999,"55.777999999999899","53.797999999999959",50.9179999999999,33.8,15.8,18.6
"BOOI4","2021-05-18 15:00",63.4279999999999,"M",495650.97,"1.0000001E-2","9.8700159999999997","122.3","2.5984251968503942E-3",62.0599999999999,"55.795999999999992","53.797999999999959",50.8999999999999,33.8,15.8,18.6
"BOOI4","2021-05-18 16:00",64.0579999999999,"M",299089.23,"1.0000001E-2","8.8200149999999997","126.7","1.653543307086615E-3",62.1859999999999,"55.795999999999992","53.833999999999932",50.9179999999999,33.8,15.8,18.6
"BOOI4","2021-05-18 17:00",64.6519999999999,"M",293570.34,"0","10.300017","130","1.653543307086615E-3",62.2039999999999,"55.849999999999937","53.833999999999932",50.9179999999999,33.8,15.8,18.6
"BOOI4","2021-05-18 18:00",65.498,"M",269585.4,"2.0000001E-2","9.0500150000000001","125.9","1.5354330708661421E-3",62.4019999999999,"55.867999999999917","53.815999999999953",50.972,33.8,15.8,18.6
"BOOI4","2021-05-18 19:00",65.93,"M",139748.41,"0","8.1700130000000009","130.30000000000001","9.4488188976377975E-4",62.438,"55.885999999999903","53.833999999999932",50.9539999999999,33.9,15.8,18.6
"BOOI4","2021-05-18 20:00",65.588,"M",49188.847,"0","8.0800129999999992","133.6","3.9370078740157491E-4",62.5099999999999,"55.921999999999969","53.833999999999932",50.9539999999999,33.9,15.8,18.6
"BOOI4","2021-05-18 21:00",64.6159999999999,"M",10016.939,"0","9.520016","131.4","3.9370078740157492E-5",62.348,"55.975999999999921","53.833999999999932",50.9539999999999,33.9,15.8,18.6
"BOOI4","2021-05-18 22:00",64.5079999999999,"M",1034.7601,"0","8.5000140000000002","133.6","0",62.1499999999999,"55.993999999999907","53.833999999999932",50.99,33.9,15.8,18.6
"BOOI4","2021-05-18 23:00",64.4539999999999,"M",801.9603,"0","5.8800096999999996","147.80000000000001","0",61.988,"56.047999999999959","53.851999999999911",50.972,33.9,15.8,18.6
"BOOI4","2021-05-19 00:00",64.1839999999999,"M",751.1403,"0","7.6740126999999996","153.30000000000001","0",61.8619999999999,"56.101999999999911","53.887999999999977",50.99,33.9,15.8,18.6
"BOOI4","2021-05-19 01:00",64.1659999999999,"100",10.14,"0","6.9470115000000003","142.19999999999999","0",61.79,"56.155999999999963","53.869999999999891",51.0259999999999,33.8,15.8,18.6
"BOOI4","2021-05-19 02:00",64.0579999999999,"M",695.3402,"0","7.6140127","150.4","0",61.6999999999999,"56.191999999999929","53.869999999999891",50.99,33.9,15.8,18.6
"BOOI4","2021-05-19 03:00",64.0399999999999,"M",740.9403,"0","7.9090129999999998","154.9","0",61.664,"56.245999999999981","53.905999999999963",51.0259999999999,33.9,15.8,18.6
"BOOI4","2021-05-19 04:00",64.0939999999999,"M",568.80033,"0","6.4730105","151.6","0",61.6279999999999,"56.281999999999947","53.905999999999963",51.0439999999999,33.9,15.8,18.6
"BOOI4","2021-05-19 05:00",64.2919999999999,"M",675.12023,"0","5.6290091999999996","151.80000000000001","0",61.6279999999999,"56.31799999999992","53.92399999999995",51.0439999999999,33.9,15.8,18.6
"BOOI4","2021-05-19 06:00",64.4539999999999,"M",2318.6383,"0","5.7170094999999996","143.5","0",61.6279999999999,"56.389999999999958","53.959999999999923",51.0259999999999,33.9,15.8,18.6
"BOOI4","2021-05-19 07:00",64.6339999999999,"M",38473.553,"0","6.1640104999999998","139.30000000000001","2.3622047244094491E-4",61.664,"56.425999999999917","53.959999999999923",51.0259999999999,33.9,15.8,18.6
"BOOI4","2021-05-19 08:00",65.156,"M",118014.58,"0","7.1390120000000001","141.6","7.0866141732283468E-4",61.8619999999999,"56.425999999999917","53.995999999999981",51.0439999999999,33.9,15.8,18.6
"BOOI4","2021-05-19 09:00",66.0199999999999,"M",241221.59,"0","9.7200159999999993","150.80000000000001","1.3385826771653551E-3",62.222,"56.479999999999983","53.977999999999888",51.0619999999999,33.9,15.8,18.6
"BOOI4","2021-05-19 10:00",67.3339999999999,"M",362494.14,"0","12.47002","156.1","2.0866141732283471E-3",62.7079999999999,"56.497999999999962","54.013999999999967",51.0619999999999,33.9,15.9,18.6
"BOOI4","2021-05-19 11:00",68.4859999999999,"M",469838.4,"0","10.940018","163.5","3.3858267716535442E-3",63.3199999999999,"56.533999999999928","54.013999999999967",51.0619999999999,33.9,15.9,18.6
"BOOI4","2021-05-19 12:00",70.106,"M",697944.76,"0","11.010018000000001","166.5","5.3149606299212606E-3",64.0039999999999,"56.58799999999998","54.049999999999933",51.0619999999999,33.9,15.9,18.6
"BOOI4","2021-05-19 13:00",71.906,"M",1139813.7,"0","12.30002","166.8","8.8976377952755918E-3",65.1019999999999,"56.623999999999953","54.06799999999992",51.0619999999999,33.9,15.9,18.6
"BOOI4","2021-05-19 14:00",74.8579999999999,"M",2295995.4,"0","12.710020999999999","160.80000000000001","1.7125984251968509E-2",67.19,"56.659999999999911","54.085999999999899",51.0619999999999,33.9,15.9,18.6
"BOOI4","2021-05-19 15:00",75.614,"M",2034894.3,"0","13.620023","156.69999999999999","1.748031496062992E-2",69.1339999999999,"56.695999999999977","54.085999999999899",51.098,33.9,15.9,18.6
"BOOI4","2021-05-19 16:00",75.4159999999999,"M",1621955.8,"0","15.270025","153.4","1.5944881889763781E-2",69.9079999999999,"56.749999999999943","54.139999999999958",51.08,34,15.9,18.6
"BOOI4","2021-05-19 17:00",75.7039999999999,"M",866321.96,"0","15.120025999999999","156.69999999999999","1.244094488188977E-2",69.6739999999999,"56.821999999999967","54.175999999999917",51.1159999999999,33.9,15.9,18.6
"BOOI4","2021-05-19 18:00",69.9439999999999,"M",473890.17,"3.0000000999999998E-2","12.280021","165.4","6.0629921259842531E-3",69.1339999999999,"56.911999999999892","54.157999999999937",51.1159999999999,33.9,15.9,18.6
"BOOI4","2021-05-19 19:00",71.8159999999999,"M",361516.17,"1.0000001E-2","9.2500149999999994","172.3","4.2519685039370094E-3",68.5399999999999,"57.00199999999991","54.175999999999917",51.1159999999999,33.9,15.9,18.6
"BOOI4","2021-05-19 20:00",68.8279999999999,"M",64701,"0","9.2000159999999997","170","2.7165354330708669E-3",67.7659999999999,"57.109999999999907","54.21199999999989",51.1339999999999,34,15.9,18.6
"BOOI4","2021-05-19 21:00",68.5579999999999,"M",5097.1804,"0","8.5700140000000005","180.6","5.5118110236220485E-4",66.938,"57.235999999999898","54.21199999999989",51.1159999999999,34,15.9,18.7
"BOOI4","2021-05-19 22:00",67.19,"M",507.8401,"0","7.7450127999999996","162.80000000000001","7.0866141732283468E-4",66.146,"57.361999999999888","54.247999999999962",51.1159999999999,34,15.9,18.6
"BOOI4","2021-05-19 23:00",65.4259999999999,"M",259.37998,"1.0000001E-2","11.410019","151.5","3.9370078740157491E-4",65.5159999999999,"57.469999999999892","54.265999999999941",51.1699999999999,34.1,16,18.7
"BOOI4","2021-05-20 00:00",65.282,"M",132.35997,"0","8.8300140000000003","160.30000000000001","1.5748031496062989E-4",64.9939999999999,"57.595999999999982","54.319999999999887",51.1339999999999,34.1,16,18.7
"BOOI4","2021-05-20 01:00",65.2279999999999,"99.5",0,"0","10.250017","154.9","7.874015748031497E-5",64.6159999999999,"57.703999999999887","54.319999999999887",51.1519999999999,34.1,15.9,18.7
"BOOI4","2021-05-20 02:00",65.4259999999999,"M",5.1,"0","11.430019","156.80000000000001","3.9370078740157492E-5",64.364,"57.775999999999932","54.373999999999953",51.1699999999999,34.1,15.9,18.7
"BOOI4","2021-05-20 03:00",65.3179999999999,"M",15.3,"1.0000001E-2","12.12002","156.1","7.874015748031497E-5",64.1839999999999,"57.865999999999943","54.427999999999898",51.188,34.1,15.9,18.7
"BOOI4","2021-05-20 04:00",64.8859999999999,"M",10.2,"7.0000000000000007E-2","13.610023","155.1","3.9370078740157492E-5",64.022,"57.937999999999981","54.445999999999977",51.1699999999999,34.2,15.9,18.7
"BOOI4","2021-05-20 05:00",64.3819999999999,"M",25.44,"7.0000000000000007E-2","11.860018999999999","152.80000000000001","0",63.806,"57.973999999999947","54.46399999999997",51.206,34.2,15.9,18.7
"BOOI4","2021-05-20 06:00",64.3999999999999,"M",806.7602,"1.0000001E-2","9.7300160000000009","150.5","0",63.6619999999999,"58.027999999999899","54.499999999999943",51.206,34.2,15.9,18.7
"BOOI4","2021-05-20 07:00",64.7599999999999,"M",18388.144,"0","10.710018","151.6","1.181102362204725E-4",63.5359999999999,"58.063999999999957","54.553999999999888",51.2239999999999,34.2,15.9,18.7
"BOOI4","2021-05-20 08:00",65.6599999999999,"M",122417.2,"0","12.070021000000001","155.30000000000001","6.2992125984251976E-4",63.4999999999999,"58.099999999999937","54.589999999999947",51.2239999999999,34.2,15.9,18.7
"BOOI4","2021-05-20 09:00",65.9659999999999,"M",244255.22,"0","13.560022","157.4","1.2992125984251971E-3",63.7339999999999,"58.135999999999903","54.62599999999992",51.206,34.2,16,18.7
"BOOI4","2021-05-20 10:00",66.3259999999999,"M",334897.77,"0","12.070021000000001","159.1","1.8503937007874019E-3",64.0939999999999,"58.171999999999969","54.715999999999937",51.2599999999999,34.2,16,18.7
"BOOI4","2021-05-20 11:00",67.838,"M",379942.17,"0","12.080019999999999","164.3","2.1259842519685038E-3",64.49,"58.171999999999969","54.697999999999958",51.2599999999999,34.1,16,18.7
"BOOI4","2021-05-20 12:00",71.5279999999999,"M",1369804.6,"0","13.920023","192.2","8.3858267716535439E-3",65.372,"58.225999999999921","54.769999999999897",51.2419999999999,34.1,16,18.7
"BOOI4","2021-05-20 13:00",71.9599999999999,"M",1449228,"0","15.360025","192.2","1.0866141732283469E-2",67.046,"58.261999999999887","54.787999999999982",51.2779999999999,34.1,16,18.7
"BOOI4","2021-05-20 14:00",72.446,"M",1052028.1,"0","13.820024","190","9.7637795275590574E-3",67.7119999999999,"58.315999999999953","54.805999999999962",51.2599999999999,34.1,16,18.7
"BOOI4","2021-05-20 15:00",73.148,"M",1074942,"0","12.720020999999999","185.2","1.0039370078740161E-2",68.0359999999999,"58.333999999999932","54.877999999999901",51.2779999999999,34.2,16,18.7
"BOOI4","2021-05-20 16:00",72.4999999999999,"M",896490,"0","12.100020000000001","177","9.1338582677165381E-3",68.4859999999999,"58.405999999999963","54.877999999999901",51.2779999999999,34.2,16,18.7
"BOOI4","2021-05-20 17:00",71.8339999999999,"M",592121.95,"0","9.520016","166.6","5.8267716535433077E-3",68.5579999999999,"58.441999999999929","54.913999999999973",51.314,34.2,16,18.7
"BOOI4","2021-05-20 18:00",69.1159999999999,"M",346280.43,"1.0000001E-2","10.850018499999999","159.5","3.3070866141732291E-3",68.3239999999999,"58.531999999999947","54.931999999999952",51.296,34.2,16,18.7
"BOOI4","2021-05-20 19:00",67.1179999999999,"M",120058.18,"0.09","11.620018999999999","152.69999999999999","1.1023622047244099E-3",67.73,"58.621999999999971","55.02199999999997",51.314,34.3,16.1,18.7
"BOOI4","2021-05-20 20:00",66.3439999999999,"M",33929.4,"6.0000001999999997E-2","8.6900139999999997","166.1","3.1496062992125988E-4",67.0279999999999,"58.675999999999917","55.02199999999997",51.332,34.3,16.1,18.7
"BOOI4","2021-05-20 21:00",66.1099999999999,"M",3744.5397,"0.14000000000000001","3.2070053000000001","156.9","3.9370078740157492E-5",66.4339999999999,"58.783999999999928","55.057999999999943",51.332,34.3,16.1,18.7
"BOOI4","2021-05-20 22:00",66.74,"M",30.539999,"0.22","6.2760104999999999","88.9","0",66.056,"58.891999999999932","55.075999999999922",51.3859999999999,34.4,16.1,18.7
"BOOI4","2021-05-20 23:00",67.7659999999999,"M",5.1,"0.1","12.350020000000001","172.6","3.9370078740157492E-5",65.8939999999999,"59.017999999999923","55.129999999999967",51.3859999999999,36.7,16.2,18.7
"BOOI4","2021-05-21 00:00",67.4419999999999,"M",10.2,"0","9.7900159999999996","177.7","3.9370078740157492E-5",65.732,"59.143999999999913","55.201999999999913",51.3859999999999,37.2,16.3,18.7
"BOOI4","2021-05-21 01:00",67.1179999999999,"99.5",0,"0","8.1900130000000004","170.9","7.874015748031497E-5",65.498,"59.233999999999916","55.201999999999913",51.3859999999999,37.1,16.7,18.7
"BOOI4","2021-05-21 02:00",67.3339999999999,"M",5.1,"0","8.6000139999999998","168.1","1.181102362204725E-4",65.282,"59.305999999999962","55.255999999999958",51.4039999999999,37,17.2,18.7
"BOOI4","2021-05-21 03:00",67.3519999999999,"M",45.840003,"0","9.9700164999999998","169.7","1.968503937007874E-4",65.0659999999999,"59.359999999999907","55.309999999999917",51.44,36.8,17.5,18.7
"BOOI4","2021-05-21 04:00",67.0279999999999,"M",5.1,"0","9.5300159999999998","173.5","2.3622047244094491E-4",64.8859999999999,"59.431999999999952","55.363999999999969",51.422,36.6,17.8,18.7
"BOOI4","2021-05-21 05:00",67.082,"M",35.7,"0","8.1100139999999996","175","1.5748031496062989E-4",64.7419999999999,"59.467999999999918","55.399999999999928",51.44,36.5,17.9,18.7
"BOOI4","2021-05-21 06:00",67.1179999999999,"M",1720.1396,"1.0000001E-2","7.2890119999999996","163.30000000000001","1.968503937007874E-4",64.6339999999999,"59.503999999999877","55.4359999999999",51.44,36.4,18.1,18.7
"BOOI4","2021-05-21 07:00",67.4779999999999,"M",69400.764,"0","6.7820115000000003","167","6.2992125984251976E-4",64.598,"59.539999999999957","55.525999999999932",51.4759999999999,36.4,18.1,18.7
"BOOI4","2021-05-21 08:00",67.946,"M",182875.81,"0","8.9200140000000001","164.6","1.3385826771653551E-3",64.7419999999999,"59.557999999999943","55.561999999999891",51.4579999999999,36.3,18.2,18.7
"BOOI4","2021-05-21 09:00",68.9539999999999,"M",428297.94,"0","11.000018000000001","167.9","2.8346456692913392E-3",65.1739999999999,"59.611999999999888","55.561999999999891",51.4939999999999,36.3,18.2,18.7
"BOOI4","2021-05-21 10:00",69.7999999999999,"M",497041.75,"0","12.850021","175.9","3.6220472440944892E-3",65.84,"59.575999999999922","55.633999999999929",51.5119999999999,36.2,18.3,18.7
"BOOI4","2021-05-21 11:00",70.772,"M",613122,"0","13.670023","183.6","4.566929133858269E-3",66.3259999999999,"59.629999999999967","55.687999999999981",51.53,36.2,18.3,18.7
"BOOI4","2021-05-21 12:00",72.7339999999999,"M",974418.1,"0","14.680024","182.3","7.4409448818897649E-3",67.082,"59.647999999999961","55.741999999999933",51.548,36.2,18.3,18.7
"BOOI4","2021-05-21 13:00",69.206,"M",1502850.1,"6.0000001999999997E-2","17.140028000000001","189.6","1.0866141732283469E-2",68.4319999999999,"59.66599999999994","55.741999999999933",51.566,36.2,18.3,18.7
"BOOI4","2021-05-21 14:00",75.4159999999999,"M",1797510.1,"0","14.140022999999999","201.5","1.137795275590551E-2",69.44,"59.701999999999913","55.813999999999957",51.5839999999999,36.2,18.3,18.7
"BOOI4","2021-05-21 15:00",76.4779999999999,"M",1474806.2,"0","16.200026000000001","199.4","1.3031496062992131E-2",70.34,"59.755999999999958","55.831999999999951",51.566,36.2,18.4,18.7
"BOOI4","2021-05-21 16:00",76.7839999999999,"M",2001990.1,"0","15.520025","189.9","1.7047244094488191E-2",71.456,"59.791999999999931","55.885999999999903",51.5839999999999,36.2,18.4,18.7
"BOOI4","2021-05-21 17:00",76.874,"M",1431240,"0","17.160028000000001","184","1.47244094488189E-2",71.9419999999999,"59.863999999999969","55.903999999999883",51.6199999999999,36.1,18.4,18.7
"BOOI4","2021-05-21 18:00",77.414,"M",1207788.1,"0","14.390024","171.3","1.34251968503937E-2",71.8699999999999,"59.953999999999887","55.939999999999962",51.6199999999999,36.1,18.4,18.7
"BOOI4","2021-05-21 19:00",76.4599999999999,"M",806675.96,"0","14.850025","170.4","1.173228346456693E-2",71.5099999999999,"60.061999999999891","55.975999999999921",51.638,36.1,18.4,18.7
"BOOI4","2021-05-21 20:00",73.7239999999999,"M",407019.6,"0","12.520021","166.1","6.8503937007874018E-3",70.5919999999999,"60.151999999999909","56.011999999999887",51.638,36.1,18.4,18.7
"BOOI4","2021-05-21 21:00",70.3759999999999,"M",53288.826,"0","11.460019000000001","162.80000000000001","1.220472440944882E-3",69.44,"60.295999999999992","56.029999999999973",51.656,36,18.5,18.7
"BOOI4","2021-05-21 22:00",69.08,"M",142.02,"0","9.5500150000000001","167.5","5.1181102362204728E-4",68.3599999999999,"60.385999999999903","56.083999999999932",51.6919999999999,36,18.5,18.7
"BOOI4","2021-05-21 23:00",68.2519999999999,"M",0,"0","8.3700139999999994","168.9","2.3622047244094491E-4",67.4779999999999,"60.511999999999887","56.119999999999891",51.7279999999999,36,18.5,18.7
"BOOI4","2021-05-22 00:00",67.496,"M",5.1,"0","8.3600139999999996","164.4","1.181102362204725E-4",66.74,"60.601999999999911","56.155999999999963",51.7099999999999,36,18.5,18.8
"BOOI4","2021-05-22 01:00",66.1279999999999,"95.7",0,"0","8.4200130000000009","157.9","0",66.1279999999999,"60.691999999999929","56.191999999999929",51.7279999999999,36,18.5,18.8
"BOOI4","2021-05-22 02:00",65.4439999999999,"M",0,"0","7.8980129999999997","174.5","3.9370078740157492E-5",65.48,"60.781999999999947","56.245999999999981",51.764,36,18.5,18.8
"BOOI4","2021-05-22 03:00",64.6699999999999,"M",0,"0","6.9940113999999998","187.3","-1.181102362204725E-4",64.9039999999999,"60.835999999999899","56.281999999999947",51.764,36,18.5,18.8
"BOOI4","2021-05-22 04:00",64.688,"M",0,"0","4.8230076000000004","166.2","-3.1496062992125988E-4",64.4539999999999,"60.835999999999899","56.31799999999992",51.7999999999999,36,18.5,18.8
"BOOI4","2021-05-22 05:00",63.8599999999999,"M",0,"0","5.7130099999999997","132.80000000000001","-2.7559055118110242E-4",64.256,"60.889999999999958","56.389999999999958",51.7999999999999,36,18.5,18.8
"BOOI4","2021-05-22 06:00",63.7699999999999,"M",3729.5387,"0","5.1850085000000004","151.4","-3.5433070866141729E-4",63.9859999999999,"60.907999999999937","56.407999999999937",51.8179999999999,35.9,18.5,18.8
"BOOI4","2021-05-22 07:00",65.2099999999999,"M",94969.894,"0","6.1340102999999999","152.69999999999999","3.1496062992125988E-4",63.896,"60.925999999999917","56.46199999999989",51.872,35.9,18.4,18.9
"BOOI4","2021-05-22 08:00",67.3339999999999,"M",359183.44,"0","7.3220124000000002","154.4","2.0472440944881891E-3",64.238,"60.889999999999958","56.515999999999941",51.8539999999999,35.9,18.4,18.9
"BOOI4","2021-05-22 09:00",69.0619999999999,"M",850578,"0","9.3800159999999995","161.69999999999999","5.1181102362204732E-3",65.2279999999999,"60.871999999999971","56.533999999999928",51.8359999999999,35.8,18.4,18.9
"BOOI4","2021-05-22 10:00",70.1779999999999,"M",795869.93,"0","9.1600149999999996","179.3","5.5118110236220489E-3",66.2899999999999,"60.835999999999899","56.605999999999973",51.9079999999999,35.9,18.4,18.9
"BOOI4","2021-05-22 11:00",70.7359999999999,"M",861084,"0","9.0500150000000001","177.4","6.4173228346456708E-3",67.406,"60.81799999999992","56.659999999999911",51.9259999999999,35.9,18.4,18.9
"BOOI4","2021-05-22 12:00",74.0119999999999,"M",1202495.5,"0","8.1600129999999993","170.1","8.9763779527559078E-3",68.4679999999999,"60.799999999999933","56.659999999999911",51.9079999999999,35.8,18.4,18.9
"BOOI4","2021-05-22 13:00",75.1099999999999,"M",1802087.9,"0","9.1800149999999991","164.2","1.3582677165354331E-2",70.196,"60.81799999999992","56.695999999999977",51.9619999999999,35.8,18.4,18.9
"BOOI4","2021-05-22 14:00",75.596,"M",1809066.2,"0","9.8900170000000003","175.8","1.366141732283465E-2",71.4919999999999,"60.799999999999933","56.71399999999997",51.9619999999999,35.8,18.4,18.9
"BOOI4","2021-05-22 15:00",77.0179999999999,"M",1426056.2,"0","10.040017000000001","184.5","1.204724409448819E-2",72.356,"60.835999999999899","56.767999999999923",51.9619999999999,35.8,18.4,18.9
"BOOI4","2021-05-22 16:00",78.5839999999999,"M",2176512,"0","11.160019","185.2","1.7677165354330709E-2",73.3099999999999,"60.907999999999937","56.803999999999888",51.998,35.8,18.4,19
"BOOI4","2021-05-22 17:00",77.99,"M",1876482,"0","11.80002","185.4","1.5629921259842521E-2",74.1019999999999,"60.943999999999903","56.821999999999967",52.0159999999999,35.8,18.4,19
"BOOI4","2021-05-22 18:00",78.314,"M",1183044,"0","11.82002","186","1.212598425196851E-2",74.4439999999999,"61.033999999999928","56.85799999999994",52.0699999999999,35.8,18.4,19
"BOOI4","2021-05-22 19:00",75.8839999999999,"M",398404.24,"0","11.990019999999999","188.1","6.968503937007875E-3",73.5079999999999,"61.123999999999953","56.87599999999992",52.0519999999999,35.8,18.4,19.1
"BOOI4","2021-05-22 20:00",73.3819999999999,"M",183027,"0","10.910018000000001","196.9","4.2125984251968514E-3",72.4099999999999,"61.249999999999943","56.911999999999892",52.0699999999999,35.8,18.4,19.1
"BOOI4","2021-05-22 21:00",70.43,"M",26066.277,"0","9.8100159999999992","197.2","8.2677165354330727E-4",71.33,"61.35799999999994","56.911999999999892",52.0699999999999,35.8,18.4,19.1
"BOOI4","2021-05-22 22:00",69.188,"M",157.38001,"0","8.9100149999999996","199.2","5.5118110236220485E-4",70.196,"61.483999999999916","56.947999999999958",52.124,35.8,18.4,19.1
"BOOI4","2021-05-22 23:00",68.2519999999999,"M",0,"0","8.3200140000000005","198.6","3.9370078740157491E-4",69.206,"61.609999999999907","56.983999999999916",52.106,35.8,18.4,19.2
"BOOI4","2021-05-23 00:00",67.0099999999999,"M",0,"0","9.7900159999999996","194.7","2.7559055118110242E-4",68.4679999999999,"61.735999999999898","57.00199999999991",52.1419999999999,35.8,18.4,19.2
"BOOI4","2021-05-23 01:00",66.1279999999999,"96.5",0,"0","7.9480133000000004","198.5","2.3622047244094491E-4",67.838,"61.807999999999943","57.055999999999962",52.1419999999999,35.8,18.4,19.2
"BOOI4","2021-05-23 02:00",65.588,"M",5.1,"0","5.5950093000000001","192.7","7.874015748031497E-5",67.2619999999999,"61.879999999999967","57.091999999999928",52.196,35.8,18.4,19.2
"BOOI4","2021-05-23 03:00",65.9839999999999,"M",0,"0","5.5200094999999996","196.9","0",66.83,"61.969999999999892","57.163999999999973",52.214,35.7,18.3,19.2
"BOOI4","2021-05-23 04:00",65.5339999999999,"M",0,"0","5.8800096999999996","201.4","0",66.506,"61.987999999999978","57.199999999999932",52.2319999999999,35.7,18.3,19.2
"BOOI4","2021-05-23 05:00",64.922,"M",0,"0","5.4630089999999996","206.2","-7.874015748031497E-5",66.1279999999999,"61.987999999999978","57.253999999999877",52.2319999999999,35.7,18.3,19.3
"BOOI4","2021-05-23 06:00",64.2739999999999,"M",5926.5566,"0","6.4580107","210.7","-3.9370078740157492E-5",65.6419999999999,"62.023999999999937","57.27199999999997",52.2499999999999,35.7,18.3,19.3
"BOOI4","2021-05-23 07:00",66.3079999999999,"M",213700.79,"0","7.0590120000000001","224.2","3.1496062992125988E-4",65.39,"62.059999999999917","57.325999999999922",52.2679999999999,35.7,18.3,19.3
"BOOI4","2021-05-23 08:00",66.4519999999999,"M",321384.03,"0","5.552009","213.6","2.0472440944881891E-3",65.6419999999999,"62.041999999999931","57.361999999999888",52.2859999999999,35.6,18.3,19.4
"BOOI4","2021-05-23 09:00",67.946,"M",769163.94,"0","7.4660124999999997","216.3","4.6850393700787396E-3",66.3619999999999,"62.005999999999958","57.397999999999961",52.322,35.6,18.3,19.4
"BOOI4","2021-05-23 10:00",70.8259999999999,"M",1047324,"0","8.0900134999999995","224.2","7.0866141732283472E-3",67.2439999999999,"61.987999999999978","57.451999999999913",52.322,35.6,18.3,19.4
"BOOI4","2021-05-23 11:00",72.806,"M",1727292.2,"0","6.3310103","223.5","1.212598425196851E-2",69.1339999999999,"61.969999999999892","57.487999999999978",52.3579999999999,35.6,18.3,19.4
"BOOI4","2021-05-23 12:00",74.7859999999999,"M",1854581.8,"0","7.960013","216.4","1.3976377952755911E-2",70.8619999999999,"61.951999999999913","57.523999999999937",52.3939999999999,35.6,18.3,19.4
"BOOI4","2021-05-23 13:00",77.0179999999999,"M",2594021.7,"0","7.9430129999999997","214.4","1.9842519685039368E-2",73.148,"61.951999999999913","57.559999999999917",52.4119999999999,35.6,18.3,19.5
"BOOI4","2021-05-23 14:00",77.5039999999999,"M",2173553.7,"0","9.1700149999999994","212.6","1.8661417322834651E-2",75.398,"61.951999999999913","57.613999999999969",52.3939999999999,35.6,18.3,19.5
"BOOI4","2021-05-23 15:00",79.3039999999999,"M",2038283.8,"0","10.680018","195.3","1.9251968503937011E-2",76.946,"61.987999999999978","57.631999999999948",52.4119999999999,35.6,18.3,19.5
"BOOI4","2021-05-23 16:00",81.4999999999999,"M",1709058,"0","10.100016999999999","207.6","1.8425196850393701E-2",77.8999999999999,"62.041999999999931","57.631999999999948",52.448,35.6,18.3,19.5
"BOOI4","2021-05-23 17:00",82.9579999999999,"M",1996854.5,"0","12.010020000000001","209.7","2.1653543307086621E-2",79.0159999999999,"62.095999999999982","57.6859999999999",52.4839999999999,35.6,18.3,19.5
"BOOI4","2021-05-23 18:00",80.2579999999999,"M",1141620,"0","11.650019","200.3","1.6181102362204731E-2",79.538,"62.1859999999999","57.703999999999887",52.4839999999999,35.6,18.3,19.6
"BOOI4","2021-05-23 19:00",80.564,"M",762992.9,"0","12.280021","193.7","1.311023622047244E-2",78.98,"62.293999999999897","57.739999999999952",52.5199999999999,35.6,18.3,19.6
"BOOI4","2021-05-23 20:00",77.864,"M",341890.78,"0","13.680021999999999","195.7","1.043307086614173E-2",77.6659999999999,"62.437999999999981","57.775999999999932",52.556,35.6,18.3,19.6
"BOOI4","2021-05-23 21:00",74.498,"M",39688.92,"0","11.460019000000001","195.5","5.0393700787401581E-3",75.9739999999999,"62.599999999999937","57.811999999999891",52.556,35.5,18.3,19.7
"BOOI4","2021-05-23 22:00",71.6179999999999,"M",172.44002,"0","8.3900140000000007","186.6","1.141732283464567E-3",74.2999999999999,"62.743999999999907","57.829999999999977",52.5739999999999,35.6,18.3,19.7
"BOOI4","2021-05-23 23:00",70.196,"M",35.7,"0","6.39201","174.2","5.5118110236220485E-4",72.8599999999999,"62.869999999999891","57.847999999999963",52.5919999999999,35.6,18.3,19.7
"BOOI4","2021-05-24 00:00",69.89,"M",25.440002,"0","7.3650126","182.3","3.9370078740157491E-4",71.6179999999999,"62.995999999999981","57.919999999999902",52.6279999999999,35.6,18.3,19.7
"BOOI4","2021-05-24 01:00",68.8279999999999,"92.1",0,"0","7.0940120000000002","190","3.1496062992125988E-4",70.6279999999999,"63.103999999999893","57.937999999999981",52.6279999999999,35.6,18.2,19.7
"BOOI4","2021-05-24 02:00",68.522,"M",20.34,"0","7.2600116999999997","207.8","2.3622047244094491E-4",69.872,"63.175999999999917","57.973999999999947",52.646,35.6,18.2,19.7
"BOOI4","2021-05-24 03:00",67.964,"M",25.500001,"0","7.944013","203.5","1.968503937007874E-4",69.296,"63.265999999999941","58.009999999999913",52.664,35.6,18.2,19.7
"BOOI4","2021-05-24 04:00",67.3699999999999,"M",0,"0","7.0720115000000003","191.6","-3.9370078740157492E-5",68.756,"63.301999999999907","58.063999999999957",52.682,35.6,18.2,19.8
"BOOI4","2021-05-24 05:00",68.0359999999999,"M",10.2,"0","9.0000140000000002","203.9","3.9370078740157492E-5",68.3419999999999,"63.319999999999887","58.117999999999917",52.7179999999999,35.6,18.2,19.8
"BOOI4","2021-05-24 06:00",67.5859999999999,"M",4144.5584,"0","8.9800149999999999","205.5","1.181102362204725E-4",67.964,"63.301999999999907","58.153999999999883",52.7179999999999,35.5,18.2,19.8
"BOOI4","2021-05-24 07:00",68.3779999999999,"M",96076.91,"0","9.6100159999999999","205.1","1.6929133858267721E-3",67.6579999999999,"63.33799999999998","58.225999999999921",52.7539999999999,35.5,18.2,19.8
"BOOI4","2021-05-24 08:00",71.5279999999999,"M",775084.17,"0","11.740019","222.4","5.8661417322834648E-3",67.856,"63.33799999999998","58.297999999999959",52.7539999999999,35.5,18.2,19.8
"BOOI4","2021-05-24 09:00",72.8779999999999,"M",1105674.1,"0","14.6100235","223.8","1.011811023622048E-2",69.0619999999999,"63.301999999999907","58.315999999999953",52.79,35.5,18.2,19.9
"BOOI4","2021-05-24 10:00",74.7499999999999,"M",1524924.2,"0","16.440027000000001","211.9","1.4685039370078741E-2",70.6279999999999,"63.283999999999928","58.387999999999977",52.8079999999999,35.5,18.2,19.9
"BOOI4","2021-05-24 11:00",76.4779999999999,"M",1730693.7,"0","17.760028999999999","210.9","1.8110236220472441E-2",72.0859999999999,"63.265999999999941","58.405999999999963",52.8439999999999,35.5,18.2,19.9
"BOOI4","2021-05-24 12:00",80.0779999999999,"M",2155841.8,"0","19.390032000000001","210.3","2.5314960629921269E-2",73.8679999999999,"63.247999999999962","58.441999999999929",52.8619999999999,35.5,18.2,19.9
"BOOI4","2021-05-24 13:00",79.3579999999999,"M",1907028.1,"0","19.670033","212.2","2.9173228346456699E-2",75.488,"63.21199999999989","58.477999999999888",52.8439999999999,35.5,18.2,19.9
"BOOI4","2021-05-24 14:00",76.1359999999999,"M",855947.8,"0","19.660032000000001","214.4","2.019685039370079E-2",75.7939999999999,"63.21199999999989","58.495999999999981",52.9339999999999,35.5,18.1,19.9
"BOOI4","2021-05-24 15:00",78.314,"M",1127405.9,"0","15.760026999999999","218.5","1.807086614173229E-2",75.3439999999999,"63.229999999999983","58.549999999999933",52.898,35.5,18.2,19.9
"BOOI4","2021-05-24 16:00",80.1319999999999,"M",1612440.2,"0","16.620028000000001","214.1","2.244094488188977E-2",75.956,"63.265999999999941","58.56799999999992",52.9519999999999,35.5,18.1,19.9
"BOOI4","2021-05-24 17:00",81.248,"M",1748268.1,"0","17.520029999999998","205.5","2.4842519685039369E-2",77.2519999999999,"63.283999999999928","58.621999999999971",52.9519999999999,35.5,18.1,19.9
"BOOI4","2021-05-24 18:00",80.4019999999999,"M",1368666.3,"0","17.200026999999999","195.8","2.2322834645669289E-2",78.1519999999999,"63.355999999999973","58.621999999999971",52.9699999999999,35.5,18.1,20
"BOOI4","2021-05-24 19:00",78.3859999999999,"M",858222,"0","17.080029","188.6","1.7952755905511819E-2",77.846,"63.409999999999911","58.657999999999937",52.988,35.5,18.1,20
"BOOI4","2021-05-24 20:00",77.4319999999999,"M",382089.54,"0","14.020023","182.1","1.1653543307086621E-2",76.964,"63.48199999999995","58.693999999999903",53.006,35.5,18.1,20
"BOOI4","2021-05-24 21:00",73.796,"M",84425.644,"0","11.440018999999999","192","7.3622047244094498E-3",75.7039999999999,"63.553999999999888","58.693999999999903",53.0419999999999,35.5,18.1,20
"BOOI4","2021-05-24 22:00",71.2039999999999,"M",375.54005,"0","8.8800139999999992","190.5","1.968503937007874E-3",74.1919999999999,"63.643999999999913","58.729999999999983",53.0419999999999,35.5,18.1,20
"BOOI4","2021-05-24 23:00",70.538,"M",30.600004,"0","8.9700150000000001","191.3","1.181102362204725E-3",72.8419999999999,"63.733999999999916","58.783999999999928",53.096,35.5,18.1,20.1
"BOOI4","2021-05-25 00:00",70.4119999999999,"M",81.599995,"0","11.010018000000001","191.5","8.6614173228346462E-4",71.8519999999999,"63.823999999999948","58.819999999999887",53.0779999999999,35.4,18.1,20.1
"BOOI4","2021-05-25 01:00",69.9079999999999,"88.1",0,"0","12.460020999999999","198.7","8.2677165354330727E-4",71.0239999999999,"63.877999999999901","58.855999999999973",53.1319999999999,35.5,18.1,20.1
"BOOI4","2021-05-25 02:00",69.188,"M",51.000003,"0","11.940020000000001","202.2","7.0866141732283468E-4",70.3579999999999,"63.913999999999973","58.891999999999932",53.1499999999999,35.4,18.1,20.1
"BOOI4","2021-05-25 03:00",69.872,"M",25.500001,"0","14.870025","214.2","1.0629921259842519E-3",69.8179999999999,"63.985999999999898","58.927999999999898",53.1859999999999,35.5,18.1,20.1
"BOOI4","2021-05-25 04:00",68.756,"M",35.7,"0","12.910022","207.7","8.2677165354330727E-4",69.3679999999999,"63.967999999999918","58.96399999999997",53.2039999999999,35.4,18.1,20.1
"BOOI4","2021-05-25 05:00",68.414,"M",40.8,"0","13.450023","215.9","8.2677165354330727E-4",68.864,"64.021999999999977","58.999999999999943",53.1859999999999,35.5,18,20.2
"BOOI4","2021-05-25 06:00",67.9099999999999,"M",9789.237,"0","12.960020999999999","219.4","7.4803149606299225E-4",68.3779999999999,"63.985999999999898","59.035999999999902",53.24,35.5,18,20.2
"BOOI4","2021-05-25 07:00",68.756,"M",144283.19,"0","12.710020999999999","216.8","2.6771653543307089E-3",68.0539999999999,"63.985999999999898","59.071999999999967",53.2759999999999,35.4,18,20.2
"BOOI4","2021-05-25 08:00",69.6019999999999,"M",351926.45,"0","11.510019","217.1","4.1732283464566934E-3",68.2159999999999,"63.949999999999932","59.12599999999992",53.2759999999999,35.4,18,20.1
"BOOI4","2021-05-25 09:00",72.356,"M",997865.9,"0","12.820022","212.9","8.2283464566929136E-3",69.0259999999999,"63.895999999999987","59.161999999999892",53.2939999999999,35.4,18,20.2
"BOOI4","2021-05-25 10:00",73.13,"M",1089708,"0","14.030023999999999","222.9","1.066929133858268E-2",70.5739999999999,"63.877999999999901","59.179999999999978",53.33,35.4,18,20.1
"BOOI4","2021-05-25 11:00",75.722,"M",1172717.9,"0","13.810022999999999","225.4","1.2795275590551179E-2",71.798,"63.841999999999928","59.25199999999991",53.33,35.4,18,20.2
"BOOI4","2021-05-25 12:00",75.3439999999999,"M",797526,"0","13.460023","225.1","1.149606299212599E-2",72.7159999999999,"63.823999999999948","59.25199999999991",53.348,35.3,18,20.1
"BOOI4","2021-05-25 13:00",78.998,"M",1960464.2,"0","15.340025000000001","209.5","1.9212598425196851E-2",73.706,"63.805999999999962","59.287999999999982",53.3659999999999,35.3,18,20.2
"BOOI4","2021-05-25 14:00",81.23,"M",2223359.9,"0","17.030027","225.4","2.4212598425196859E-2",76.298,"63.805999999999962","59.323999999999948",53.4019999999999,35.3,18,20.2
"BOOI4","2021-05-25 15:00",81.896,"M",2293128,"0","16.130027999999999","221.2","2.673228346456694E-2",78.2779999999999,"63.805999999999962","59.341999999999928",53.438,35.3,17.9,20.2
"BOOI4","2021-05-25 16:00",80.096,"M",914964.05,"0","14.690023999999999","220.6","1.7401574803149609E-2",78.764,"63.823999999999948","59.341999999999928",53.4199999999999,35.8,17.9,20.2
"BOOI4","2021-05-25 17:00",81.914,"M",1673610.2,"0","14.890024","212.6","2.0748031496063E-2",78.6739999999999,"63.877999999999901","59.377999999999901",53.456,35.8,17.9,20.2
"BOOI4","2021-05-25 18:00",79.4659999999999,"M",1384242.1,"0","16.360026999999999","218.1","1.9330708661417329E-2",79.556,"63.931999999999952","59.377999999999901",53.456,35.8,18,20.2
"BOOI4","2021-05-25 19:00",78.4039999999999,"M",592034.4,"0","13.470022","216.3","1.299212598425197E-2",79.0699999999999,"64.039999999999949","59.413999999999973",53.4919999999999,35.8,18,20.2
"BOOI4","2021-05-25 20:00",76.6759999999999,"M",148972.81,"0","12.32002","216.8","8.4251968503937028E-3",77.9179999999999,"64.183999999999926","59.431999999999952",53.5279999999999,35.8,17.9,20.3
"BOOI4","2021-05-25 21:00",74.948,"M",34764.664,"0","9.7000159999999997","218","4.4094488188976388E-3",76.5679999999999,"64.309999999999917","59.467999999999918",53.564,35.8,17.9,20.3
"BOOI4","2021-05-25 22:00",72.1039999999999,"M",446.40005,"0","5.9340099999999998","238.3","1.181102362204725E-3",75.2539999999999,"64.417999999999921","59.503999999999877",53.546,35.8,17.9,20.3
"BOOI4","2021-05-25 23:00",70.0519999999999,"M",40.8,"0","4.8800080000000001","240.1","5.905511811023623E-4",74.048,"64.489999999999952","59.52199999999997",53.6179999999999,35.8,17.9,20.3
"BOOI4","2021-05-26 00:00",69.9439999999999,"M",441.84017,"0","5.584009","255.4","4.3307086614173231E-4",73.0039999999999,"64.633999999999929","59.539999999999957",53.5999999999999,35.8,17.9,20.3
"BOOI4","2021-05-26 01:00",68.5939999999999,"87.9",15.24,"0","7.4370120000000002","266.3","5.5118110236220485E-4",72.0859999999999,"64.687999999999974","59.575999999999922",53.6179999999999,35.8,17.9,20.3
"BOOI4","2021-05-26 02:00",66.5419999999999,"M",203.33998,"0","6.6570109999999998","281.10000000000002","7.4803149606299225E-4",70.988,"64.777999999999892","59.611999999999888",53.672,35.8,17.9,20.3
"BOOI4","2021-05-26 03:00",64.7599999999999,"M",523.0202,"0","2.6490045000000002","331.3","1.1023622047244099E-3",69.89,"64.813999999999965","59.629999999999967",53.672,35.7,17.9,20.3
"BOOI4","2021-05-26 04:00",60.7099999999999,"M",644.52016,"0","0.93400156000000001","319.89999999999998","3.9370078740157492E-5",68.6839999999999,"64.831999999999951","59.701999999999913",53.7079999999999,35.7,17.9,20.3
"BOOI4","2021-05-26 05:00",59.8819999999999,"M",639.66024,"0","1.8480030000000001","302.8","4.7244094488188988E-4",67.4239999999999,"64.813999999999965","59.755999999999958",53.7439999999999,35.7,17.9,20.3
"BOOI4","2021-05-26 06:00",59.396,"M",15021.715,"0","1.8310031","287.89999999999998","3.1496062992125988E-4",66.272,"64.831999999999951","59.755999999999958",53.7439999999999,35.8,17.9,20.4
"BOOI4","2021-05-26 07:00",62.5099999999999,"M",302211.6,"0","3.9970067","296.10000000000002","1.8897637795275599E-3",65.4079999999999,"64.795999999999978","59.827999999999903",53.7439999999999,35.8,17.9,20.4
"BOOI4","2021-05-26 08:00",66.83,"M",837653.93,"0","5.7730100000000002","310.10000000000002","7.5984251968503952E-3",65.5339999999999,"64.723999999999947","59.863999999999969",53.78,35.7,17.9,20.4
"BOOI4","2021-05-26 09:00",67.172,"M",1444740.1,"0","8.6500140000000005","351.2","1.3740157480314961E-2",66.6859999999999,"64.669999999999888","59.899999999999928",53.798,35.7,17.8,20.4
"BOOI4","2021-05-26 10:00",69.188,"M",2027286,"0","6.6350110000000004","0.126","1.6614173228346459E-2",68.7199999999999,"64.561999999999884","59.917999999999921",53.8339999999999,35.7,17.8,20.4
"BOOI4","2021-05-26 11:00",71.3659999999999,"M",2537717.8,"0","6.1700106000000003","347.5","2.051181102362205E-2",71.5279999999999,"64.471999999999966","59.971999999999973",53.816,35.6,17.8,20.4
"BOOI4","2021-05-26 12:00",73.2199999999999,"M",2936693.8,"0","7.3190119999999999","334.3","2.5078740157480319E-2",74.6419999999999,"64.381999999999948","59.989999999999952",53.8699999999999,35.6,17.8,20.4
"BOOI4","2021-05-26 13:00",74.732,"M",3165240.7,"0","6.8470110000000002","321.60000000000002","2.732283464566929E-2",77.7739999999999,"64.291999999999931","59.989999999999952",53.906,35.6,17.8,20.4
"BOOI4","2021-05-26 14:00",76.5679999999999,"M",3203699.2,"0","6.3180103000000001","332.6","2.791338582677166E-2",80.7079999999999,"64.255999999999958","60.007999999999939",53.906,35.7,17.8,20.4
"BOOI4","2021-05-26 15:00",77.1439999999999,"M",3086160,"0","5.5400090000000004","341.5","2.6968503937007879E-2",83.2099999999999,"64.255999999999958","60.061999999999891",53.9419999999999,35.7,17.8,20.4
"BOOI4","2021-05-26 16:00",77.3599999999999,"M",2597442.1,"0","5.4150090000000004","337.5","2.4133858267716541E-2",84.938,"64.309999999999917","60.061999999999891",53.9419999999999,35.7,17.8,20.4
"BOOI4","2021-05-26 17:00",79.448,"M",2212230.2,"0","4.9730086","340.3","2.1417322834645671E-2",85.9099999999999,"64.417999999999921","60.079999999999977",53.996,35.7,17.8,20.4
"BOOI4","2021-05-26 18:00",79.0159999999999,"M",1453758,"0","4.2770070000000002","329.1","1.5511811023622051E-2",85.9279999999999,"64.561999999999884","60.097999999999963",53.996,35.7,17.8,20.4
"BOOI4","2021-05-26 19:00",76.496,"M",741869.93,"0","4.2650069999999998","34.74","1.055118110236221E-2",84.7759999999999,"64.723999999999947","60.115999999999943",53.996,35.7,17.8,20.4
"BOOI4","2021-05-26 20:00",74.948,"M",324171.63,"0","4.5230074","36.04","7.3622047244094498E-3",82.9039999999999,"64.939999999999955","60.133999999999929",54.0499999999999,35.7,17.7,20.4
"BOOI4","2021-05-26 21:00",68.864,"M",35781.66,"0","4.3870069999999997","71.75","3.7007874015748039E-3",80.6359999999999,"65.137999999999977","60.097999999999963",54.0679999999999,35.8,17.7,20.4
"BOOI4","2021-05-26 22:00",65.8579999999999,"M",1206.7201,"0","5.1000079999999999","59.47","2.1653543307086618E-3",78.3499999999999,"65.353999999999886","60.133999999999929",54.0679999999999,35.8,17.7,20.4
"BOOI4","2021-05-26 23:00",63.2839999999999,"M",1201.6802,"0","5.1600089999999996","61.86","1.8110236220472439E-3",76.3159999999999,"65.533999999999921","60.187999999999981",54.1039999999999,35.8,17.7,20.4
"BOOI4","2021-05-27 00:00",65.03,"M",1191.4802,"0","7.2220116000000001","66.16","2.3228346456692921E-3",74.5519999999999,"65.659999999999911","60.223999999999947",54.122,35.8,17.7,20.4
"BOOI4","2021-05-27 01:00",64.796,"56.86",10.14,"0","10.410018000000001","79.55","3.1496062992125988E-3",73.256,"65.803999999999888","60.259999999999913",54.122,35.8,17.7,20.4
"BOOI4","2021-05-27 02:00",64.238,"M",1161.2401,"0","10.540017000000001","83.4","2.992125984251969E-3",72.1759999999999,"65.857999999999933","60.277999999999899",54.1759999999999,35.8,17.7,20.4
"BOOI4","2021-05-27 03:00",63.374,"M",948.78024,"0","12.29002","86.9","2.755905511811024E-3",71.24,"65.929999999999978","60.349999999999937",54.1939999999999,35.8,17.7,20.4
"BOOI4","2021-05-27 04:00",62.0779999999999,"M",761.16025,"0","11.300018","91.1","2.3228346456692921E-3",70.43,"65.929999999999978","60.385999999999903",54.2119999999999,35.8,17.7,20.4
"BOOI4","2021-05-27 05:00",61.664,"M",943.86023,"0","12.360021","95.5","2.1259842519685038E-3",69.6019999999999,"65.929999999999978","60.439999999999962",54.23,35.8,17.7,20.4
"BOOI4","2021-05-27 06:00",58.622,"M",1395.4794,"6.0000001999999997E-2","11.78002","105.9","1.732283464566929E-3",68.8819999999999,"65.893999999999906","60.493999999999907",54.2659999999999,35.7,17.7,20.5
"BOOI4","2021-05-27 07:00",57.2359999999999,"M",22866.352,"6.0000001999999997E-2","9.1400159999999993","101.6","1.732283464566929E-3",67.7659999999999,"65.821999999999974","60.583999999999932",54.248,35.7,17.7,20.5
"BOOI4","2021-05-27 08:00",57.182,"M",65515.32,"0.14000000000000001","10.230017","103","9.4488188976377975E-4",66.6319999999999,"65.749999999999929","60.583999999999932",54.3019999999999,35.7,17.7,20.5
"BOOI4","2021-05-27 09:00",57.7039999999999,"M",86404.19,"0.2","10.810017999999999","106.1","6.2992125984251976E-4",65.4439999999999,"65.659999999999911","60.637999999999977",54.3019999999999,35.8,17.7,20.5
"BOOI4","2021-05-27 10:00",59.4499999999999,"M",156029.42,"0","9.4900160000000007","117.7","1.023622047244095E-3",65.0659999999999,"65.569999999999894","60.709999999999923",54.3199999999999,35.8,17.8,20.5
"BOOI4","2021-05-27 11:00",61.0339999999999,"M",274045.14,"0","10.780018","125.4","1.614173228346457E-3",65.0119999999999,"65.46199999999989","60.727999999999888",54.338,35.8,17.8,20.5
"BOOI4","2021-05-27 12:00",61.7539999999999,"M",588894,"0","12.730021000000001","131.80000000000001","3.1102362204724421E-3",65.4619999999999,"65.335999999999899","60.763999999999967",54.374,35.8,17.8,20.5
"BOOI4","2021-05-27 13:00",61.3939999999999,"M",361670.4,"0","9.3100159999999992","117.9","2.0866141732283471E-3",65.7859999999999,"65.227999999999895","60.781999999999947",54.3919999999999,35.8,17.8,20.5
"BOOI4","2021-05-27 14:00",62.2939999999999,"M",518845.76,"0","6.6680107","83.6","3.1102362204724421E-3",66.2179999999999,"65.101999999999904","60.799999999999933",54.4099999999999,35.8,17.8,20.5
"BOOI4","2021-05-27 15:00",63.2659999999999,"M",615196.9,"0","4.8310084","37.200000000000003","3.8582677165354341E-3",66.4339999999999,"64.957999999999942","60.871999999999971",54.446,35.8,17.8,20.5
"BOOI4","2021-05-27 16:00",56.6599999999999,"M",628596.07,"0","9.3000150000000001","23.38","3.7007874015748039E-3",66.9199999999999,"64.849999999999937","60.871999999999971",54.446,35.8,17.9,20.5
"BOOI4","2021-05-27 17:00",52.2859999999999,"M",301596.62,"1.0000001E-2","12.650021000000001","38.43","1.6929133858267721E-3",65.9119999999999,"64.75999999999992","60.889999999999958",54.4819999999999,35.8,17.8,20.5
"BOOI4","2021-05-27 18:00",50.3419999999999,"M",227889.6,"0","15.150024999999999","52.71","1.3385826771653551E-3",64.346,"64.669999999999888","60.889999999999958",54.4999999999999,35.8,17.9,20.5
"BOOI4","2021-05-27 19:00",48.164,"M",146376.57,"0","14.760025000000001","49.83","7.0866141732283468E-4",62.8339999999999,"64.57999999999997","60.889999999999958",54.4999999999999,35.8,17.8,20.5
"BOOI4","2021-05-27 20:00",45.9589999999999,"M",57808.792,"0","14.520023","51.45","2.7559055118110242E-4",61.3759999999999,"64.507999999999939","60.907999999999937",54.5179999999999,35.8,17.9,20.5
"BOOI4","2021-05-27 21:00",45.0283999999999,"M",16052.28,"0","15.7400255","56.67","1.5748031496062989E-4",59.99,"64.399999999999935","60.871999999999971",54.5539999999999,35.8,17.8,20.5
"BOOI4","2021-05-27 22:00",44.6701999999999,"M",1149.0003,"0","13.190022000000001","51.17","1.181102362204725E-4",58.7119999999999,"64.291999999999931","60.889999999999958",54.572,35.8,17.9,20.5
"BOOI4","2021-05-27 23:00",43.4659999999999,"M",1082.7005,"0","12.06002","47.86","3.9370078740157492E-5",57.6499999999999,"64.147999999999954","60.853999999999893",54.5899999999999,35.8,17.8,20.5
"BOOI4","2021-05-28 00:00",43.4426,"M",1011.3604,"0","10.710018","47.19","3.9370078740157492E-5",56.714,"64.003999999999891","60.871999999999971",54.6079999999999,35.8,17.8,20.5
"BOOI4","2021-05-28 01:00",43.3453999999999,"96.7",15.24,"0","10.220017","48.01","1.181102362204725E-4",55.94,"63.805999999999962","60.81799999999992",54.6259999999999,35.7,17.8,20.5
"BOOI4","2021-05-28 02:00",43.3453999999999,"M",690.6603,"0","9.2100150000000003","32.42","1.181102362204725E-4",55.2919999999999,"63.62599999999992","60.871999999999971",54.6619999999999,35.7,17.9,20.5
"BOOI4","2021-05-28 03:00",43.3868,"M",706.1403,"0","9.8700159999999997","31.54","1.181102362204725E-4",54.68,"63.409999999999911","60.853999999999893",54.6619999999999,35.7,17.8,20.6
"BOOI4","2021-05-28 04:00",42.8378,"M",706.14016,"0","9.6200159999999997","27.71","3.9370078740157492E-5",54.122,"63.21199999999989","60.835999999999899",54.7159999999999,35.7,17.9,20.6
"BOOI4","2021-05-28 05:00",41.8495999999999,"M",868.6804,"0","10.850018499999999","27.63","3.9370078740157492E-5",53.582,"62.977999999999888","60.781999999999947",54.7339999999999,35.6,17.8,20.6
"BOOI4","2021-05-28 06:00",41.4914,"M",3075.0582,"0","11.030018","30.44","7.874015748031497E-5",52.9519999999999,"62.761999999999887","60.763999999999967",54.7339999999999,35.7,17.9,20.6
"BOOI4","2021-05-28 07:00",41.6119999999999,"M",56936.584,"0","9.9800170000000001","19.48","5.1181102362204728E-4",52.448,"62.527999999999899","60.763999999999967",54.7699999999999,35.6,17.9,20.6
"BOOI4","2021-05-28 08:00",42.5335999999999,"M",211832.4,"0","9.8100159999999992","33.31","1.25984251968504E-3",52.124,"62.293999999999897","60.709999999999923",54.788,35.5,17.9,20.6
"BOOI4","2021-05-28 09:00",43.6892,"M",439265.4,"0","9.9900160000000007","33.61","2.5196850393700791E-3",52.2319999999999,"62.041999999999931","60.655999999999963",54.806,35.6,17.9,20.6
"BOOI4","2021-05-28 10:00",43.8223999999999,"M",518501.95,"0","10.300017","25.68","2.952755905511811E-3",52.5019999999999,"61.807999999999943","60.601999999999911",54.8239999999999,35.5,17.9,20.6
"BOOI4","2021-05-28 11:00",44.8789999999999,"M",768450.1,"0","9.3800159999999995","12.54","4.1338582677165362E-3",52.88,"61.537999999999982","60.601999999999911",54.8599999999999,35.5,17.9,20.5
"BOOI4","2021-05-28 12:00",45.0409999999999,"M",623412,"0","8.7300149999999999","17.2","3.8188976377952761E-3",53.2759999999999,"61.285999999999902","60.511999999999887",54.896,35.5,17.9,20.5
"BOOI4","2021-05-28 13:00",44.5514,"M",581363.95,"0","8.9600139999999993","14.24","3.5826771653543312E-3",53.3839999999999,"61.069999999999887","60.493999999999907",54.896,35.4,17.9,20.5
"BOOI4","2021-05-28 14:00",48.056,"M",1045650.1,"0","9.4800160000000009","20.73","5.3937007874015758E-3",53.5279999999999,"60.871999999999971","60.403999999999883",54.896,35.4,17.8,20.5
"BOOI4","2021-05-28 15:00",47.948,"M",1186668.1,"0","9.8800159999999995","30.99","6.4960629921259859E-3",54.8239999999999,"60.619999999999891","60.367999999999917",54.914,35.4,17.8,20.6
"BOOI4","2021-05-28 16:00",47.7679999999999,"M",780972.05,"0","9.7200159999999993","40.369999999999997","4.960629921259843E-3",55.364,"60.457999999999942","60.277999999999899",54.932,35.3,17.8,20.5
"BOOI4","2021-05-28 17:00",47.606,"M",454564.2,"0","9.5100154999999997","43.41","3.503937007874016E-3",55.364,"60.259999999999913","60.20599999999996",54.9499999999999,35.3,17.8,20.5
"BOOI4","2021-05-28 18:00",47.156,"M",290319.58,"0","9.5900160000000003","46.35","2.8740157480314958E-3",54.932,"60.079999999999977","60.133999999999929",54.9679999999999,35.3,17.8,20.5
"BOOI4","2021-05-28 19:00",47.048,"M",228550.81,"0","9.3300149999999995","49.34","2.5984251968503942E-3",54.4279999999999,"59.971999999999973","60.043999999999897",54.9859999999999,35.3,17.8,20.5
"BOOI4","2021-05-28 20:00",46.8679999999999,"M",137156.97,"0","9.1500149999999998","59.34","1.8897637795275599E-3",53.9779999999999,"59.809999999999917","59.971999999999973",55.0039999999999,35.3,17.8,20.6
"BOOI4","2021-05-28 21:00",46.796,"M",14501.161,"0","7.7220124999999999","68.819999999999993","1.25984251968504E-3",53.4739999999999,"59.683999999999934","59.899999999999928",55.022,35.3,17.8,20.6
"BOOI4","2021-05-28 22:00",45.1616,"M",1011.4206,"0","5.7630094999999999","73.27","4.7244094488188988E-4",52.988,"59.539999999999957","59.809999999999917",55.022,35.2,17.8,20.6
"BOOI4","2021-05-28 23:00",43.763,"M",741.6003,"0","1.0450017","64.349999999999994","7.874015748031497E-5",52.2679999999999,"59.431999999999952","59.737999999999978",55.04,35.2,17.8,20.6
"BOOI4","2021-05-29 00:00",44.8718,"M",746.76037,"0","0.15100026","338","3.9370078740157492E-5",51.764,"59.341999999999928","59.719999999999892",55.04,35.2,17.8,20.6
"BOOI4","2021-05-29 01:00",42.1393999999999,"96.1",15.24,"0","1.1330017999999999","326.5","7.874015748031497E-5",51.314,"59.197999999999958","59.593999999999909",55.0759999999999,35.2,17.8,20.6
"BOOI4","2021-05-29 02:00",41.0737999999999,"M",467.52018,"0","0.61400100000000002","293.39999999999998","3.9370078740157492E-5",50.4859999999999,"59.035999999999902","59.503999999999877",55.0939999999999,35.2,17.8,20.6
"BOOI4","2021-05-29 03:00",41.1206,"M",330.4201,"0","2.0370032999999999","314.2","3.9370078740157492E-5",49.6759999999999,"58.909999999999911","59.449999999999932",55.0939999999999,35.1,17.7,20.6
"BOOI4","2021-05-29 04:00",40.0801999999999,"M",345.72008,"0","2.0820034000000001","317.60000000000002","3.9370078740157492E-5",48.956,"58.801999999999907","59.377999999999901",55.1119999999999,35.1,17.7,20.6
"BOOI4","2021-05-29 05:00",40.0082,"M",487.68023,"0","2.0100033000000002","335.2","0",48.2539999999999,"58.621999999999971","59.305999999999962",55.1119999999999,35.1,17.7,20.6
"BOOI4","2021-05-29 06:00",39.6985999999999,"M",25270.855,"0","2.9020049999999999","349.7","7.874015748031497E-5",47.5699999999999,"58.459999999999923","59.215999999999937",55.13,35.1,17.7,20.6
"BOOI4","2021-05-29 07:00",42.638,"M",397468.84,"0","3.2430053000000001","358.3","2.3622047244094491E-4",47.1739999999999,"58.297999999999959","59.179999999999978",55.13,35,17.7,20.6
"BOOI4","2021-05-29 08:00",45.9121999999999,"M",929514,"0","5.5870094000000003","64.36","3.2677165354330719E-3",47.7679999999999,"58.153999999999883","59.10799999999994",55.1659999999999,35,17.6,20.6
"BOOI4","2021-05-29 09:00",50.3419999999999,"M",1546602.5,"0","5.6620096999999996","98.2","8.0708661417322851E-3",49.748,"57.973999999999947","58.999999999999943",55.148,35,17.6,20.6
"BOOI4","2021-05-29 10:00",52.2319999999999,"M",2081807.9,"0","6.8240112999999996","97.9","1.244094488188977E-2",52.448,"57.793999999999897","58.945999999999977",55.148,35,17.6,20.6
"BOOI4","2021-05-29 11:00",53.888,"M",2670528.3,"0","6.3310103","117.8","1.6181102362204731E-2",55.5079999999999,"57.577999999999903","58.873999999999953",55.13,35,17.6,20.6
"BOOI4","2021-05-29 12:00",55.6519999999999,"M",3030138.4,"0","6.0300099999999999","104.8","1.8661417322834651E-2",58.622,"57.451999999999913","58.783999999999928",55.1659999999999,34.9,17.6,20.6
"BOOI4","2021-05-29 13:00",58.4239999999999,"M",3297719.7,"0","6.6260114000000003","114.3","2.0944881889763789E-2",61.5919999999999,"57.325999999999922","58.693999999999903",55.1659999999999,34.9,17.6,20.6
"BOOI4","2021-05-29 14:00",59.4679999999999,"M",3288156.2,"0","8.5400139999999993","112","2.212598425196851E-2",64.0039999999999,"57.253999999999877","58.603999999999893",55.1839999999999,34.9,17.6,20.6
"BOOI4","2021-05-29 15:00",62.6359999999999,"M",3231300.5,"0","9.0000140000000002","115.7","2.3188976377952759E-2",66.272,"57.217999999999918","58.549999999999933",55.1839999999999,34.9,17.6,20.6
"BOOI4","2021-05-29 16:00",62.1499999999999,"M",2528604.2,"0","8.0200139999999998","121.4","2.0748031496063E-2",68.5759999999999,"57.217999999999918","58.459999999999923",55.1659999999999,34.9,17.6,20.6
"BOOI4","2021-05-29 17:00",63.8779999999999,"M",2474574,"0","7.7850130000000002","113.5","2.0748031496063E-2",69.764,"57.289999999999957","58.369999999999891",55.1839999999999,34.9,17.6,20.6
"BOOI4","2021-05-29 18:00",62.6179999999999,"M",1068185.9,"0","9.1800149999999991","112.5","1.547244094488189E-2",69.8359999999999,"57.433999999999934","58.279999999999973",55.1659999999999,34.9,17.6,20.6
"BOOI4","2021-05-29 19:00",61.2859999999999,"M",564676.8,"0","8.6500140000000005","104.7","1.2244094488188979E-2",68.1079999999999,"57.595999999999982","58.207999999999942",55.1839999999999,35,17.6,20.6
"BOOI4","2021-05-29 20:00",59.3599999999999,"M",206366.38,"0","6.0290103000000004","101.7","7.0866141732283472E-3",66.2539999999999,"57.739999999999952","58.135999999999903",55.1659999999999,35,17.6,20.6
"BOOI4","2021-05-29 21:00",57.488,"M",80389.5,"0","4.6400079999999999","107.1","2.3622047244094488E-3",64.4179999999999,"57.937999999999981","58.081999999999951",55.1839999999999,35,17.5,20.6
"BOOI4","2021-05-29 22:00",55.7239999999999,"M",923.64013,"0","4.6320075999999997","118.7","1.8503937007874019E-3",62.5279999999999,"58.081999999999951","58.027999999999899",55.1659999999999,35,17.5,20.6
"BOOI4","2021-05-29 23:00",54.122,"M",426.72017,"0","4.7610080000000004","124.5","1.614173228346457E-3",60.7279999999999,"58.171999999999969","57.973999999999947",55.1659999999999,35,17.5,20.6
"BOOI4","2021-05-30 00:00",53.456,"M",538.2001,"0","4.7210080000000003","127.5","1.4566929133858269E-3",59.4859999999999,"58.297999999999959","57.937999999999981",55.1659999999999,35,17.5,20.6
"BOOI4","2021-05-30 01:00",50.3239999999999,"70.33",0,"0","4.3520073999999997","129.9","1.181102362204725E-3",58.2439999999999,"58.369999999999891","57.901999999999909",55.1659999999999,35,17.5,20.6
"BOOI4","2021-05-30 02:00",50.396,"M",472.26015,"0","3.7790062","147.19999999999999","8.2677165354330727E-4",57.0919999999999,"58.42399999999995","57.883999999999929",55.1659999999999,35,17.5,20.6
"BOOI4","2021-05-30 03:00",50.8099999999999,"M",848.46044,"0","4.0680065000000001","154.4","7.0866141732283468E-4",56.4619999999999,"58.441999999999929","57.829999999999977",55.13,35,17.5,20.6
"BOOI4","2021-05-30 04:00",51.314,"M",523.32014,"0","5.5400090000000004","155.19999999999999","9.0551181102362219E-4",55.9759999999999,"58.42399999999995","57.829999999999977",55.148,35,17.5,20.6
"BOOI4","2021-05-30 05:00",49.9279999999999,"M",650.2803,"0","5.9520096999999996","159.80000000000001","9.0551181102362219E-4",55.4359999999999,"58.405999999999963","57.811999999999891",55.13,35,17.5,20.6
"BOOI4","2021-05-30 06:00",49.874,"M",16481.817,"0","4.6990080000000001","231.6","6.2992125984251976E-4",54.7699999999999,"58.351999999999911","57.811999999999891",55.148,35,17.4,20.6
"BOOI4","2021-05-30 07:00",51.53,"M",134123.4,"0","4.5060076999999996","235.7","1.9291338582677171E-3",54.338,"58.297999999999959","57.793999999999897",55.13,35,17.4,20.6
"BOOI4","2021-05-30 08:00",53.7079999999999,"M",334849.8,"0","3.8820063999999999","214.4","3.1889763779527559E-3",54.4999999999999,"58.225999999999921","57.757999999999939",55.1119999999999,35,17.4,20.6
"BOOI4","2021-05-30 09:00",57.488,"M",1062023.8,"0","7.0160117","205.9","8.3858267716535439E-3",55.5079999999999,"58.117999999999917","57.739999999999952",55.1119999999999,35,17.4,20.6
"BOOI4","2021-05-30 10:00",57.596,"M",715794,"0","7.9990129999999997","207.5","8.3858267716535439E-3",56.9659999999999,"58.045999999999992","57.757999999999939",55.13,35,17.4,20.6
"BOOI4","2021-05-30 11:00",60.3859999999999,"M",1232544,"0","7.8390129999999996","205.5","1.1417322834645669E-2",57.9199999999999,"57.937999999999981","57.721999999999973",55.1119999999999,34.9,17.4,20.6
"BOOI4","2021-05-30 12:00",63.338,"M",1956852.2,"0","7.3320119999999998","216.6","1.6614173228346459E-2",60.2599999999999,"57.883999999999929","57.721999999999973",55.0939999999999,34.9,17.4,20.6
"BOOI4","2021-05-30 13:00",64.472,"M",1856376.3,"0","4.2900070000000001","209","1.5354330708661421E-2",62.9419999999999,"57.811999999999891","57.6859999999999",55.0759999999999,34.9,17.4,20.6
"BOOI4","2021-05-30 14:00",64.8679999999999,"M",1673429.8,"0","5.0700082999999996","177.7","1.5078740157480321E-2",65.1739999999999,"57.793999999999897","57.667999999999921",55.0939999999999,34.9,17.4,20.6
"BOOI4","2021-05-30 15:00",64.5439999999999,"M",1255716.1,"0","6.6330112999999997","164.9","1.37007874015748E-2",66.1999999999999,"57.757999999999939","57.613999999999969",55.0759999999999,34.9,17.4,20.6
"BOOI4","2021-05-30 16:00",63.5179999999999,"M",701921.94,"0","6.5250105999999999","166.8","1.0314960629921261E-2",66.3259999999999,"57.757999999999939","57.613999999999969",55.0759999999999,34.9,17.4,20.6
"BOOI4","2021-05-30 17:00",64.5439999999999,"M",821880,"0","6.5900109999999996","163.30000000000001","1.0708661417322841E-2",65.93,"57.829999999999977","57.595999999999982",55.0579999999999,34.9,17.4,20.6
"BOOI4","2021-05-30 18:00",64.7419999999999,"M",793086.06,"0","8.9200140000000001","202","1.1850393700787399E-2",65.822,"57.901999999999909","57.577999999999903",55.04,34.9,17.4,20.6
"BOOI4","2021-05-30 19:00",64.1839999999999,"M",559836.06,"0","7.6460129999999999","215.2","9.2913385826771666E-3",65.4439999999999,"57.973999999999947","57.523999999999937",55.022,34.9,17.4,20.6
"BOOI4","2021-05-30 20:00",62.798,"M",522253.23,"0","5.6540093000000002","214.7","6.2204724409448834E-3",64.94,"58.081999999999951","57.523999999999937",55.022,34.9,17.4,20.6
"BOOI4","2021-05-30 21:00",57.398,"M",55390.137,"0","3.3350053000000002","204.9","7.0866141732283468E-4",63.914,"58.135999999999903","57.487999999999978",55.04,34.9,17.4,20.6
"BOOI4","2021-05-30 22:00",55.5619999999999,"M",634.38,"0","2.0250032","192.5","4.3307086614173231E-4",62.4739999999999,"58.261999999999887","57.433999999999934",55.0039999999999,35,17.4,20.6
"BOOI4","2021-05-30 23:00",55.0759999999999,"M",244.13997,"0","2.3740039999999998","194.5","3.5433070866141729E-4",61.3399999999999,"58.315999999999953","57.487999999999978",55.0039999999999,35,17.4,20.6
"BOOI4","2021-05-31 00:00",51.9259999999999,"M",137.46,"0","1.9440032","194.9","1.181102362204725E-4",60.2779999999999,"58.387999999999977","57.433999999999934",54.9859999999999,35,17.3,20.6
"BOOI4","2021-05-31 01:00",52.898,"81.7",0,"0","3.0400052","221","3.5433070866141729E-4",59.1439999999999,"58.441999999999929","57.41599999999994",55.0039999999999,35,17.3,20.6
"BOOI4","2021-05-31 02:00",51.1699999999999,"M",142.61997,"0","3.0870050999999998","235.2","3.1496062992125988E-4",58.082,"58.495999999999981","57.41599999999994",54.9679999999999,35,17.3,20.6
"BOOI4","2021-05-31 03:00",50.54,"M",96.6,"0","2.6950045","252.1","1.968503937007874E-4",57.1279999999999,"58.477999999999888","57.379999999999967",54.9859999999999,35,17.3,20.6
"BOOI4","2021-05-31 04:00",49.6939999999999,"M",127.25997,"0","3.1130051999999999","237.4","1.968503937007874E-4",56.372,"58.495999999999981","57.41599999999994",54.9499999999999,35,17.3,20.6
"BOOI4","2021-05-31 05:00",50.864,"M",127.25997,"0","3.544006","236.8","1.968503937007874E-4",55.706,"58.441999999999929","57.433999999999934",54.9499999999999,34.9,17.3,20.6
"BOOI4","2021-05-31 06:00",50.738,"M",6969.179,"0","3.6580059999999999","223.3","2.3622047244094491E-4",55.2199999999999,"58.42399999999995","57.397999999999961",54.9679999999999,34.9,17.3,20.6
"BOOI4","2021-05-31 07:00",52.124,"M",152912.38,"0","3.4260055999999999","223","8.2677165354330727E-4",54.9859999999999,"58.351999999999911","57.397999999999961",54.9499999999999,34.9,17.3,20.6
"BOOI4","2021-05-31 08:00",56.3179999999999,"M",261411.47,"0","4.1370068","217.1","2.4409448818897639E-3",55.3279999999999,"58.279999999999973","57.433999999999934",54.9499999999999,34.9,17.3,20.6
"BOOI4","2021-05-31 09:00",61.3579999999999,"M",855347.35,"0","5.5490092999999998","237.7","6.6535433070866153E-3",56.5519999999999,"58.207999999999942","57.397999999999961",54.914,34.9,17.3,20.6
"BOOI4","2021-05-31 10:00",63.464,"M",1404810.2,"0","5.5890092999999998","245.8","1.078740157480315E-2",58.6939999999999,"58.117999999999917","57.397999999999961",54.932,34.9,17.3,20.6
"BOOI4","2021-05-31 11:00",65.93,"M",2173169.7,"0","5.96401","236.1","1.5944881889763781E-2",61.6099999999999,"58.063999999999957","57.397999999999961",54.932,34.9,17.2,20.6
"BOOI4","2021-05-31 12:00",67.6039999999999,"M",2875482.2,"0","6.7600110000000004","241.5","2.1456692913385832E-2",65.1739999999999,"57.973999999999947","57.379999999999967",54.932,34.9,17.2,20.6
"BOOI4","2021-05-31 13:00",70.8259999999999,"M",3018023.7,"0","6.0120095999999998","204.9","2.3070866141732281E-2",68.9179999999999,"57.919999999999902","57.41599999999994",54.914,34.9,17.2,20.6
"BOOI4","2021-05-31 14:00",71.2579999999999,"M",3083112,"0","6.5930109999999997","214","2.4685039370078741E-2",72.338,"57.973999999999947","57.361999999999888",54.896,34.8,17.2,20.6
"BOOI4","2021-05-31 15:00",73.022,"M",3099576,"0","5.1810083000000002","199.5","2.4763779527559059E-2",75.38,"57.973999999999947","57.343999999999909",54.914,34.8,17.2,20.6
"BOOI4","2021-05-31 16:00",74.4259999999999,"M",3117504.2,"0","6.3030105000000001","248.6","2.6338582677165361E-2",78.1699999999999,"58.081999999999951","57.343999999999909",54.896,34.8,17.2,20.6
"BOOI4","2021-05-31 17:00",75.6679999999999,"M",2146824.7,"0","6.3980107000000004","230.3","2.10236220472441E-2",79.43,"58.207999999999942","57.325999999999922",54.914,34.9,17.2,20.6
"BOOI4","2021-05-31 18:00",75.8839999999999,"M",1743276.1,"0","5.4170090000000002","206.3","1.751968503937008E-2",79.7359999999999,"58.405999999999963","57.307999999999943",54.8779999999999,34.9,17.2,20.6
"BOOI4","2021-05-31 19:00",74.2279999999999,"M",984785.95,"0","5.0150084000000001","219.5","1.2362204724409451E-2",79.214,"58.675999999999917","57.289999999999957",54.8779999999999,34.9,17.2,20.6
"BOOI4","2021-05-31 20:00",70.5199999999999,"M",480541.2,"0","8.0700129999999994","170","1.007874015748032E-2",77.4859999999999,"58.945999999999977","57.289999999999957",54.8779999999999,34.9,17.2,20.6
"BOOI4","2021-05-31 21:00",66.74,"M",43072.205,"0","6.3480100000000004","172.7","4.8425196850393707E-3",75.146,"59.233999999999916","57.289999999999957",54.8599999999999,35,17.2,20.6
"BOOI4","2021-05-31 22:00",63.1759999999999,"M",563.22014,"0","3.4340057000000002","178.4","7.874015748031497E-4",72.806,"59.52199999999997","57.27199999999997",54.8599999999999,35,17.2,20.6
"BOOI4","2021-05-31 23:00",61.2859999999999,"M",45.840003,"0","4.1930069999999997","187.7","6.2992125984251976E-4",70.7539999999999,"59.791999999999931","57.289999999999957",54.8419999999999,35,17.2,20.6
"BOOI4","2021-06-01 00:00",60.746,"M",10.2,"0","7.8240128000000002","195","9.0551181102362219E-4",68.99,"60.025999999999932","57.325999999999922",54.8419999999999,35.1,17.2,20.6
"BOOI4","2021-06-01 01:00",58.8019999999999,"88.4",0,"0","7.8990130000000001","216.8","4.3307086614173231E-4",67.496,"60.223999999999947","57.343999999999909",54.8419999999999,35.1,17.2,20.6
"BOOI4","2021-06-01 02:00",55.472,"M",20.4,"0","4.9290085000000001","213.3","-1.5748031496062989E-4",66.164,"60.367999999999917","57.361999999999888",54.8419999999999,35.1,17.2,20.6
"BOOI4","2021-06-01 03:00",55.4179999999999,"M",15.240001,"0","5.5910089999999997","197.1","-3.1496062992125988E-4",64.9579999999999,"60.529999999999973","57.41599999999994",54.8239999999999,35.1,17.2,20.6
"BOOI4","2021-06-01 04:00",54.5179999999999,"M",25.500001,"0","6.4800104999999997","208.6","-3.1496062992125988E-4",63.8779999999999,"60.601999999999911","57.451999999999913",54.8239999999999,35.1,17.2,20.6
"BOOI4","2021-06-01 05:00",53.6179999999999,"M",101.939976,"0","5.8500100000000002","212","-3.9370078740157491E-4",62.906,"60.655999999999963","57.505999999999958",54.8419999999999,35.1,17.2,20.6
"BOOI4","2021-06-01 06:00",54.5179999999999,"M",15806.695,"0","5.8260097999999996","213.2","-3.9370078740157491E-4",62.0239999999999,"60.67399999999995","57.541999999999931",54.8239999999999,35.1,17.2,20.6
"BOOI4","2021-06-01 07:00",57.938,"M",265713.04,"0","6.06501","223.6","3.1496062992125988E-4",61.4119999999999,"60.691999999999929","57.595999999999982",54.806,35.1,17.2,20.6
"BOOI4","2021-06-01 08:00",63.0859999999999,"M",834197.94,"0","9.5100154999999997","247.5","5.000000000000001E-3",61.664,"60.67399999999995","57.649999999999928",54.806,35,17.2,20.6
"BOOI4","2021-06-01 09:00",65.8939999999999,"M",1444314.2,"0","7.8240128000000002","225.7","9.6062992125984271E-3",63.122,"60.637999999999977","57.6859999999999",54.8239999999999,35,17.2,20.6
"BOOI4","2021-06-01 10:00",69.7999999999999,"M",2047380.2,"0","7.5430120000000001","239.3","1.531496062992126E-2",65.498,"60.583999999999932","57.739999999999952",54.806,35,17.2,20.6
"BOOI4","2021-06-01 11:00",73.2919999999999,"54.85",2281698,"0","6.2490100000000002","228.6","2.0314960629921261E-2",68.63,"60.529999999999973","57.775999999999932",54.806,35.1,17.1,20.6
"BOOI4","2021-06-01 12:00",76.064,"M",2974188,"0","5.7070100000000004","210.8","2.4685039370078741E-2",72.1939999999999,"60.493999999999907","57.847999999999963",54.806,35.1,17.1,20.6
"BOOI4","2021-06-01 13:00",75.956,"M",2669682.6,"0","6.0400099999999997","194.9","2.409448818897638E-2",75.7579999999999,"60.475999999999921","57.883999999999929",54.788,35.1,17.1,20.6
"BOOI4","2021-06-01 14:00",74.1019999999999,"M",1107180,"0","6.8330109999999999","182.3","1.5236220472440949E-2",76.496,"60.511999999999887","57.901999999999909",54.7699999999999,35,17.1,20.6
"BOOI4","2021-06-01 15:00",76.7119999999999,"M",1886976,"0","10.150017","175.2","2.1692913385826781E-2",76.4239999999999,"60.565999999999953","57.919999999999902",54.788,35,17.1,20.6
"BOOI4","2021-06-01 16:00",75.4519999999999,"M",2447616.7,"0","11.410019","184.4","2.6062992125984261E-2",78.08,"60.709999999999923","57.95599999999996",54.7699999999999,35,17.1,20.6
"BOOI4","2021-06-01 17:00",77.5399999999999,"M",1637880.1,"0","9.8700159999999997","178.8","2.0551181102362211E-2",78.5839999999999,"60.853999999999893","57.973999999999947",54.788,35.1,17.1,20.6
"BOOI4","2021-06-01 18:00",77.414,"M",1359119.9,"0","9.8500169999999994","172.8","1.9527559055118111E-2",78.4579999999999,"61.051999999999907","58.009999999999913",54.7699999999999,35.1,17.1,20.6
"BOOI4","2021-06-01 19:00",75.956,"M",990582,"0","8.9700150000000001","181.5","1.6535433070866142E-2",78.1159999999999,"61.23199999999995","58.027999999999899",54.788,35.1,17.1,20.6
"BOOI4","2021-06-01 20:00",73.3279999999999,"M",515473.7,"0","7.5800122999999999","168.4","1.082677165354331E-2",76.9999999999999,"61.465999999999937","58.063999999999957",54.7699999999999,35.1,17.1,20.6
"BOOI4","2021-06-01 21:00",68.18,"M",72807,"0","4.2330069999999997","171.7","2.7165354330708669E-3",75.1999999999999,"61.645999999999987","58.099999999999937",54.788,35.2,17.1,20.5
"BOOI4","2021-06-01 22:00",65.3539999999999,"M",725.5201,"0","3.1700050000000002","170.4","1.023622047244095E-3",73.2019999999999,"61.861999999999888","58.135999999999903",54.806,35.2,17.1,20.5
"BOOI4","2021-06-01 23:00",62.1859999999999,"M",101.879984,"0","2.8650047999999999","179.9","5.5118110236220485E-4",71.4199999999999,"62.041999999999931","58.153999999999883",54.788,35.2,17.1,20.5
"BOOI4","2021-06-02 00:00",60.08,"M",147.53996,"0","2.8180046000000001","208.9","2.7559055118110242E-4",69.872,"62.221999999999973","58.207999999999942",54.788,35.2,17.1,20.5
"BOOI4","2021-06-02 01:00",60.6919999999999,"75.45",86.519994,"0","3.5310058999999998","189.7","3.1496062992125988E-4",68.4859999999999,"62.329999999999977","58.279999999999973",54.806,35.2,17.1,20.5
"BOOI4","2021-06-02 02:00",58.406,"M",112.07997,"0","3.0870050999999998","207.7","1.5748031496062989E-4",67.28,"62.419999999999902","58.297999999999959",54.788,35.2,17.1,20.5
"BOOI4","2021-06-02 03:00",57.7579999999999,"M",162.96,"0","2.7950046","217.6","0",66.1999999999999,"62.527999999999899","58.369999999999891",54.8239999999999,35.2,17.1,20.5
"BOOI4","2021-06-02 04:00",56.066,"M",244.01999,"0","2.7860048000000002","212.7","-1.5748031496062989E-4",65.156,"62.545999999999992","58.42399999999995",54.8419999999999,35.2,17.1,20.5
"BOOI4","2021-06-02 05:00",54.788,"M",182.93999,"0","3.2350053999999999","230.4","-1.5748031496062989E-4",64.2019999999999,"62.545999999999992","58.495999999999981",54.788,35.2,17.1,20.5
"BOOI4","2021-06-02 06:00",55.7779999999999,"M",15228.894,"0","3.3940055","242.6","-1.968503937007874E-4",63.356,"62.545999999999992","58.495999999999981",54.806,35.1,17.1,20.5
"BOOI4","2021-06-02 07:00",58.5679999999999,"M",297056.95,"0","2.7970047","216.9","5.5118110236220485E-4",62.798,"62.509999999999913","58.56799999999992",54.8239999999999,35.1,17.1,20.5
"BOOI4","2021-06-02 08:00",66.5419999999999,"M",821310.24,"0","4.0510070000000002","226.2","5.0787401574803161E-3",63.1759999999999,"62.45599999999996","58.621999999999971",54.8239999999999,35.2,17.1,20.5
"BOOI4","2021-06-02 09:00",69.7999999999999,"M",1427562.1,"0","5.8330096999999999","224","1.110236220472441E-2",64.832,"62.347999999999963","58.693999999999903",54.8239999999999,35.2,17.1,20.5
"BOOI4","2021-06-02 10:00",72.2659999999999,"M",1779708.1,"0","5.5850090000000003","236.8","1.476377952755906E-2",67.28,"62.293999999999897","58.729999999999983",54.8419999999999,35.2,17.1,20.5
"BOOI4","2021-06-02 11:00",75.0019999999999,"M",2549891.6,"0","3.8120061999999999","247.4","2.0078740157480322E-2",70.232,"62.203999999999887","58.783999999999928",54.8419999999999,35.1,17.1,20.5
"BOOI4","2021-06-02 12:00",77.09,"M",2989014.2,"0","4.0150065000000001","173.5","2.4448818897637802E-2",73.9939999999999,"62.167999999999921","58.819999999999887",54.8419999999999,35.1,17.1,20.5
"BOOI4","2021-06-02 13:00",77.9539999999999,"M",2361443.6,"0","3.0700052000000002","195.6","2.0826771653543311E-2",76.8199999999999,"62.113999999999969","58.855999999999973",54.8419999999999,35.1,17.1,20.5
"BOOI4","2021-06-02 14:00",78.1699999999999,"M",2944296,"0","4.3040070000000004","132.9","2.6299212598425201E-2",80.0239999999999,"62.131999999999948","58.891999999999932",54.8779999999999,35.1,17.1,20.5
"BOOI4","2021-06-02 15:00",81.014,"M",1824546,"0","2.7880045999999998","76.930000000000007","1.7362204724409452E-2",80.9419999999999,"62.167999999999921","58.927999999999898",54.8779999999999,35.1,17.1,20.5
"BOOI4","2021-06-02 16:00",78.9619999999999,"M",2378112,"0","3.7480060000000002","105.8","2.2519685039370081E-2",83.1019999999999,"62.275999999999932","58.927999999999898",54.8599999999999,35.2,17.1,20.5
"BOOI4","2021-06-02 17:00",82.2019999999999,"M",1321056.3,"0","4.5570079999999997","85.1","1.6771653543307091E-2",82.796,"62.437999999999981","58.96399999999997",54.8779999999999,35.2,17.1,20.6
"BOOI4","2021-06-02 18:00",80.456,"M",1868604,"0","7.0680117999999998","176.4","2.2559055118110238E-2",83.2279999999999,"62.653999999999883","58.999999999999943",54.8779999999999,35.1,17.1,20.6
"BOOI4","2021-06-02 19:00",79.88,"M",748916.93,"0","6.3280105999999998","187.8","1.452755905511811E-2",82.7419999999999,"62.887999999999977","58.98199999999995",54.896,35.2,17.1,20.6
"BOOI4","2021-06-02 20:00",75.83,"M",464954.25,"0","8.3700139999999994","185.7","1.3464566929133861E-2",81.1039999999999,"63.121999999999971","59.053999999999888",54.896,35.2,17.1,20.6
"BOOI4","2021-06-02 21:00",70.4659999999999,"M",40260.956,"0","5.6690097000000002","198.5","6.3385826771653556E-3",78.9079999999999,"63.373999999999953","59.053999999999888",54.914,35.2,17.1,20.6
"BOOI4","2021-06-02 22:00",67.9099999999999,"M",471.78003,"0","4.4180073999999996","205.4","2.3622047244094488E-3",76.7119999999999,"63.589999999999947","59.10799999999994",54.914,35.3,17.1,20.6
"BOOI4","2021-06-02 23:00",68.63,"M",30.540003,"0","5.4140085999999998","217.7","2.6377952755905522E-3",74.8579999999999,"63.823999999999948","59.161999999999892",54.9499999999999,35.3,17.1,20.6
"BOOI4","2021-06-03 00:00",63.248,"M",10.2,"0","4.194007","219.9","1.968503937007874E-3",73.238,"64.003999999999891","59.161999999999892",54.932,35.3,17.1,20.6
"BOOI4","2021-06-03 01:00",65.9839999999999,"56.24",5.1,"0","4.9440084000000004","222.5","1.8897637795275599E-3",71.7619999999999,"64.147999999999954","59.233999999999916",54.9499999999999,35.3,17.1,20.6
"BOOI4","2021-06-03 02:00",62.4739999999999,"M",10.2,"0","6.8810114999999996","228.6","2.1653543307086618E-3",70.538,"64.255999999999958","59.287999999999982",54.9499999999999,35.3,17.1,20.6
"BOOI4","2021-06-03 03:00",61.0339999999999,"M",5.1,"0","5.9920099999999996","229.2","1.377952755905512E-3",69.422,"64.345999999999989","59.359999999999907",54.9859999999999,35.3,17.1,20.6
"BOOI4","2021-06-03 04:00",60.188,"M",5.1,"0","7.2160120000000001","238.8","1.25984251968504E-3",68.3419999999999,"64.381999999999948","59.413999999999973",54.9859999999999,35.3,17.1,20.6
"BOOI4","2021-06-03 05:00",59.7199999999999,"M",10.2,"0","8.1400140000000007","243.7","1.1023622047244099E-3",67.406,"64.399999999999935","59.467999999999918",55.0039999999999,35.3,17.1,20.6
"BOOI4","2021-06-03 06:00",58.514,"M",16958.237,"0","7.6110125000000002","241.4","9.0551181102362219E-4",66.506,"64.381999999999948","59.539999999999957",55.022,35.3,17.1,20.6
"BOOI4","2021-06-03 07:00",61.556,"M",302159.42,"0","7.9860134","235.5","2.8740157480314958E-3",65.8759999999999,"64.345999999999989","59.593999999999909",55.0039999999999,35.3,17.1,20.6
"BOOI4","2021-06-03 08:00",66.1819999999999,"M",835920.17,"0","10.290016","247.2","8.2677165354330725E-3",66.0019999999999,"64.255999999999958","59.683999999999934",55.022,35.3,17.1,20.6
"BOOI4","2021-06-03 09:00",72.9499999999999,"M",1457681.9,"0","12.06002","261","1.5708661417322842E-2",67.19,"64.201999999999913","59.701999999999913",55.022,35.3,17.1,20.6
"BOOI4","2021-06-03 10:00",76.982,"M",2037246.2,"0","12.280021","271.60000000000002","2.3149606299212599E-2",69.296,"64.111999999999895","59.755999999999958",55.0579999999999,35.2,17.1,20.6
"BOOI4","2021-06-03 11:00",81.1039999999999,"M",2577611.6,"0","12.090020000000001","277.2","3.0236220472440949E-2",72.1039999999999,"64.021999999999977","59.827999999999903",55.0579999999999,35.2,17.1,20.6
"BOOI4","2021-06-03 12:00",83.264,"M",2932902.3,"0","10.660017","274.3","3.4960629921259853E-2",75.2899999999999,"63.931999999999952","59.881999999999948",55.0759999999999,35.2,17.1,20.6
"BOOI4","2021-06-03 13:00",85.28,"M",2891141.8,"0","11.90002","255.1","3.8149606299212602E-2",78.2599999999999,"63.895999999999987","59.917999999999921",55.0579999999999,35.2,17.1,20.6
"BOOI4","2021-06-03 14:00",86.2159999999999,"M",2719391.4,"0","13.580023000000001","264.2","4.0236220472440951E-2",80.4019999999999,"63.895999999999987","59.989999999999952",55.0939999999999,35.2,17.1,20.6
"BOOI4","2021-06-03 15:00",84.3079999999999,"M",2844894.5,"0","12.600020000000001","246.6","4.0000000000000008E-2",82.346,"63.913999999999973","59.989999999999952",55.0939999999999,35.2,17.1,20.6
"BOOI4","2021-06-03 16:00",86.4499999999999,"M",2784162.6,"0","12.860021","254.8","3.9803149606299222E-2",83.7859999999999,"64.003999999999891","60.007999999999939",55.13,35.2,17.1,20.6
"BOOI4","2021-06-03 17:00",86.8999999999999,"M",2267244.1,"0","12.550020999999999","247.7","3.606299212598426E-2",84.7939999999999,"64.16599999999994","60.007999999999939",55.148,35.2,17.1,20.6
"BOOI4","2021-06-03 18:00",85.7839999999999,"M",1384211.8,"0","11.95002","248.3","2.984251968503937E-2",84.7039999999999,"64.309999999999917","60.079999999999977",55.1659999999999,35.3,17.1,20.6
"BOOI4","2021-06-03 19:00",85.406,"M",1152383.9,"0","11.420019","240.5","2.6929133858267722E-2",84.056,"64.507999999999939","60.097999999999963",55.148,35.2,17.1,20.6
"BOOI4","2021-06-03 20:00",82.5259999999999,"M",555966.7,"0","9.4100160000000006","249.5","1.8700787401574801E-2",82.832,"64.741999999999933","60.133999999999929",55.1839999999999,35.3,17.1,20.6
"BOOI4","2021-06-03 21:00",76.4599999999999,"M",94099.09,"0","6.0690099999999996","227.8","8.3070866141732296E-3",80.9419999999999,"64.957999999999942","60.133999999999929",55.2019999999999,35.4,17.1,20.6
"BOOI4","2021-06-03 22:00",73.1659999999999,"M",740.34005,"0","5.2090087","219","3.3464566929133871E-3",78.8179999999999,"65.209999999999908","60.187999999999981",55.2019999999999,35.4,17.1,20.6
"BOOI4","2021-06-03 23:00",69.1339999999999,"M",5.1,"0","5.1540090000000003","212.3","2.755905511811024E-3",76.964,"65.389999999999958","60.241999999999933",55.238,35.4,17.1,20.6
"BOOI4","2021-06-04 00:00",68.306,"M",0,"0","6.2040100000000002","213.7","2.6771653543307089E-3",75.2899999999999,"65.551999999999907","60.277999999999899",55.256,35.4,17.1,20.6
"BOOI4","2021-06-04 01:00",67.64,"54.17",0,"0","6.8830112999999997","218.2","2.5590551181102371E-3",73.922,"M","60.331999999999951",55.256,35.4,17,20.6
"BOOI4","2021-06-04 02:00",68.0179999999999,"M",0,"0","7.8720129999999999","225.2","2.6377952755905522E-3",72.7339999999999,"65.821999999999974","60.367999999999917",55.256,35.4,17,20.6
"BOOI4","2021-06-04 03:00",67.064,"M",0,"0","10.180016500000001","228.5","3.031496062992127E-3",71.7619999999999,"65.87599999999992","60.475999999999921",55.2919999999999,35.4,17,20.6
"BOOI4","2021-06-04 04:00",65.7859999999999,"M",0,"0","10.210017000000001","233.9","2.5196850393700791E-3",70.898,"65.87599999999992","60.511999999999887",55.3099999999999,35.4,17,20.6
"BOOI4","2021-06-04 05:00",64.688,"M",0,"0","10.180016500000001","233.7","2.3622047244094488E-3",70.088,"65.911999999999892","60.565999999999953",55.3279999999999,35.4,17,20.6
"BOOI4","2021-06-04 06:00",64.022,"M",16257.364,"0","8.7200150000000001","228.2","1.8897637795275599E-3",69.314,"65.893999999999906","60.67399999999995",55.3279999999999,35.4,17,20.6
"BOOI4","2021-06-04 07:00",67.0999999999999,"M",305881.87,"0","9.6500170000000001","231.4","6.3385826771653556E-3",68.756,"65.857999999999933","60.691999999999929",55.364,35.3,17,20.6
"BOOI4","2021-06-04 08:00",72.0859999999999,"M",834815.9,"0","10.980019","231.7","1.248031496062992E-2",68.9359999999999,"65.803999999999888","60.745999999999981",55.364,35.3,17,20.6
"BOOI4","2021-06-04 09:00",77.8099999999999,"M",1452161.9,"0","13.610023","243.7","2.1181102362204728E-2",70.1419999999999,"65.749999999999929","60.799999999999933",55.3819999999999,35.3,17,20.6
"BOOI4","2021-06-04 10:00",81.2119999999999,"M",2053296.1,"0","13.140021000000001","236.8","2.7992125984251971E-2",72.1939999999999,"65.677999999999898","60.871999999999971",55.3999999999999,35.4,17,20.6
"BOOI4","2021-06-04 11:00",85.532,"M",2581230,"0","14.250023000000001","225","3.6417322834645667E-2",74.822,"65.569999999999894","60.925999999999917",55.3999999999999,35.3,17,20.6
"BOOI4","2021-06-04 12:00",87.422,"M",2983991.5,"0","12.620020999999999","212.8","3.9291338582677172E-2",77.738,"65.533999999999921","60.925999999999917",55.4179999999999,35.3,17,20.6
"BOOI4","2021-06-04 13:00",89.2939999999999,"M",3217379.2,"0","11.110018","213.1","3.9803149606299222E-2",80.798,"65.479999999999976","60.979999999999983",55.472,35.3,17,20.6
"BOOI4","2021-06-04 14:00",89.798,"M",3256921.1,"0","10.700018","205.8","4.0196850393700793E-2",83.624,"65.46199999999989","61.033999999999928",55.4539999999999,35.3,17,20.6
"BOOI4","2021-06-04 15:00",89.78,"M",3102660.4,"0","11.050018","214.9","4.0196850393700793E-2",85.8919999999999,"65.533999999999921","61.051999999999907",55.49,35.3,17,20.6
"BOOI4","2021-06-04 16:00",90.1039999999999,"M",2762250,"0","11.520020000000001","190.5","3.8267716535433073E-2",87.4939999999999,"65.623999999999953","61.08799999999998",55.472,35.4,17,20.6
"BOOI4","2021-06-04 17:00",89.798,"M",2285664.6,"0","12.720020999999999","191.2","3.5944881889763788E-2",88.232,"65.767999999999915","61.141999999999932",55.5259999999999,35.3,17,20.6
"BOOI4","2021-06-04 18:00",88.1779999999999,"M",1696902.1,"0","14.210024000000001","181.3","3.2244094488188983E-2",88.124,"65.965999999999937","61.177999999999898",55.5439999999999,35.4,16.9,20.6
"BOOI4","2021-06-04 19:00",86.09,"M",996575.87,"0","14.760025000000001","179.8","2.7283464566929139E-2",87.188,"66.199999999999932","61.195999999999977",55.5439999999999,35.4,16.9,20.6
"BOOI4","2021-06-04 20:00",83.2279999999999,"M",528971.9,"0","13.620023","181.5","2.0984251968503939E-2",85.6039999999999,"66.469999999999899","61.21399999999997",55.5619999999999,35.4,16.9,20.6
"BOOI4","2021-06-04 21:00",79.0159999999999,"M",96997.27,"0","9.4000160000000008","180.8","1.066929133858268E-2",83.6779999999999,"66.721999999999966","61.285999999999902",55.58,35.4,16.9,20.6
"BOOI4","2021-06-04 22:00",76.3339999999999,"M",582.84,"0","7.6140127","188.7","3.8188976377952761E-3",81.7339999999999,"66.991999999999933","61.303999999999888",55.6339999999999,35.5,17,20.6
"BOOI4","2021-06-04 23:00",74.8759999999999,"M",0,"0","7.9550130000000001","193.9","3.6220472440944892E-3",80.006,"67.207999999999942","61.339999999999947",55.6159999999999,35.4,17,20.6
"BOOI4","2021-06-05 00:00",74.282,"M",0,"0","7.8440130000000003","200.2","3.3070866141732291E-3",78.5839999999999,"67.405999999999963","61.37599999999992",55.6519999999999,35.5,17,20.6
"BOOI4","2021-06-05 01:00",72.1939999999999,"59.63",0,"0","7.5490126999999996","207.3","3.0708661417322841E-3",77.3599999999999,"M","61.429999999999978",55.6699999999999,35.5,17,20.6
"BOOI4","2021-06-05 02:00",70.898,"M",0,"0","6.6030110000000004","211.4","2.283464566929135E-3",76.2619999999999,"67.675999999999917","61.50199999999991",55.688,35.5,17,20.6
"BOOI4","2021-06-05 03:00",69.314,"M",0,"0","7.1560119999999996","211.2","2.1653543307086618E-3",75.2539999999999,"67.765999999999948","61.555999999999962",55.688,35.5,17,20.6
"BOOI4","2021-06-05 04:00",68.306,"M",0,"0","6.7390112999999996","212.1","1.771653543307087E-3",74.3179999999999,"67.83799999999998","61.627999999999901",55.706,35.5,17,20.6
"BOOI4","2021-06-05 05:00",66.2359999999999,"M",0,"0","6.6650109999999998","212.8","1.4173228346456689E-3",73.472,"67.873999999999953","61.717999999999918",55.7419999999999,35.5,17,20.6
"BOOI4","2021-06-05 06:00",67.082,"M",19650.316,"0","6.25101","216.3","1.141732283464567E-3",72.6259999999999,"67.873999999999953","61.753999999999877",55.7599999999999,35.5,17,20.6
"BOOI4","2021-06-05 07:00",70.9159999999999,"M",364968.63,"0","6.7280110000000004","219.1","3.9763779527559068E-3",72.122,"67.83799999999998","61.843999999999909",55.7599999999999,35.5,17,20.6
"BOOI4","2021-06-05 08:00",74.948,"M",882317.9,"0","11.030018","228.6","1.078740157480315E-2",72.3919999999999,"67.819999999999894","61.933999999999934",55.814,35.5,17,20.6
"BOOI4","2021-06-05 09:00",78.548,"M",1455474,"0","13.510021999999999","236","1.7637795275590559E-2",73.5079999999999,"67.765999999999948","61.987999999999978",55.814,35.4,17,20.7
"BOOI4","2021-06-05 10:00",82.832,"M",2066160,"0","11.810019499999999","230.7","2.326771653543307E-2",75.3439999999999,"67.729999999999976","62.059999999999917",55.832,35.4,17,20.7
"BOOI4","2021-06-05 11:00",87.5839999999999,"M",2592677.5,"0","9.9900160000000007","213.7","2.8307086614173228E-2",77.9359999999999,"67.639999999999958","62.095999999999982",55.8679999999999,35.4,17,20.7
"BOOI4","2021-06-05 12:00",89.4919999999999,"M",3004631.6,"0","12.070021000000001","204.1","3.606299212598426E-2",80.8699999999999,"67.585999999999899","62.149999999999928",55.8859999999999,35.4,17,20.7
"BOOI4","2021-06-05 13:00",90.14,"M",3161765.9,"0","14.130023","202.2","3.9921259842519687E-2",83.5699999999999,"67.585999999999899","62.1859999999999",55.9039999999999,35.4,17,20.7
"BOOI4","2021-06-05 14:00",91.1839999999999,"M",3277440.7,"0","15.570026","205.2","4.2637795275590563E-2",85.9099999999999,"67.567999999999913","62.239999999999952",55.9039999999999,35.4,17,20.7
"BOOI4","2021-06-05 15:00",91.5439999999999,"M",2923344.2,"0","15.260025000000001","214.4","4.1456692913385829E-2",87.8359999999999,"67.639999999999958","62.293999999999897",55.94,35.4,17,20.7
"BOOI4","2021-06-05 16:00",93.2179999999999,"M",2842656.2,"0","14.120024000000001","225.8","4.1417322834645678E-2",89.006,"67.765999999999948","62.311999999999891",55.9579999999999,35.4,17,20.7
"BOOI4","2021-06-05 17:00",91.9579999999999,"M",2150735.6,"0","13.600021999999999","216.2","3.633858267716536E-2",89.9239999999999,"67.891999999999925","62.383999999999929",55.9759999999999,35.5,17,20.6
"BOOI4","2021-06-05 18:00",90.7699999999999,"M",1556219.8,"0","14.450024000000001","219.5","3.228346456692914E-2",89.6539999999999,"68.089999999999961","62.419999999999902",56.0119999999999,35.5,17,20.6
"BOOI4","2021-06-05 19:00",88.988,"M",1076118,"0","15.070024500000001","202.2","2.8503937007874021E-2",88.9699999999999,"68.323999999999941","62.491999999999933",56.03,35.5,17,20.6
"BOOI4","2021-06-05 20:00",85.8019999999999,"M",498793.76,"0","15.630026000000001","195","2.240157480314961E-2",87.5839999999999,"68.575999999999922","62.473999999999947",56.048,35.5,17,20.6
"BOOI4","2021-06-05 21:00",82.13,"M",98788.63,"0","12.160021","195.8","1.37007874015748E-2",85.748,"68.809999999999917","62.509999999999913",56.066,35.6,17,20.6
"BOOI4","2021-06-05 22:00",78.9079999999999,"M",674.16006,"0","10.330017","197.5","4.566929133858269E-3",83.93,"69.043999999999912","62.545999999999992",56.1019999999999,35.5,17,20.6
"BOOI4","2021-06-05 23:00",76.8919999999999,"M",0,"0","8.890015","197.8","3.543307086614174E-3",82.3099999999999,"69.25999999999992","62.617999999999917",56.156,35.6,17,20.6
"BOOI4","2021-06-06 00:00",75.2899999999999,"M",0,"0","9.8800159999999995","197.6","3.3464566929133871E-3",80.888,"69.421999999999969","62.671999999999969",56.138,35.6,17,20.6
"BOOI4","2021-06-06 01:00",73.4179999999999,"67.59",0,"0","9.5000160000000005","198.6","2.7165354330708669E-3",79.6279999999999,"M","62.761999999999887",56.1739999999999,35.6,17,20.6
"BOOI4","2021-06-06 02:00",71.8159999999999,"M",0,"0","9.8900170000000003","204.6","2.3622047244094488E-3",78.53,"69.67399999999995","62.815999999999953",56.1919999999999,35.6,17,20.6
"BOOI4","2021-06-06 03:00",70.34,"M",0,"0","8.7000139999999995","206.5","1.732283464566929E-3",77.5039999999999,"69.781999999999954","62.905999999999963",56.1919999999999,35.6,17,20.6
"BOOI4","2021-06-06 04:00",67.4239999999999,"M",0,"0","6.6850113999999996","206.3","9.8425196850393721E-4",76.4779999999999,"69.79999999999994","62.941999999999929",56.246,35.6,17,20.6
"BOOI4","2021-06-06 05:00",64.9039999999999,"M",5.1,"0","5.1710086000000004","196.2","2.7559055118110242E-4",75.506,"69.835999999999899","63.013999999999967",56.264,35.6,17,20.6
"BOOI4","2021-06-06 06:00",63.9499999999999,"M",20773.987,"0","4.7150080000000001","187.5","3.9370078740157492E-5",74.498,"69.853999999999886","63.103999999999893",56.2819999999999,35.6,17,20.6
"BOOI4","2021-06-06 07:00",68.7919999999999,"M",323961.64,"0","5.1010084000000004","179.9","1.732283464566929E-3",73.7779999999999,"69.79999999999994","63.157999999999937",56.2999999999999,35.6,17,20.6
"BOOI4","2021-06-06 08:00",72.9499999999999,"M",850961.9,"0","8.5400139999999993","188.8","7.7559055118110254E-3",73.7779999999999,"69.745999999999981","63.247999999999962",56.3359999999999,35.6,17,20.6
"BOOI4","2021-06-06 09:00",76.046,"M",1448393.9,"0","10.840017","204.2","1.425196850393701E-2",74.732,"69.727999999999895","63.283999999999928",56.3359999999999,35.6,16.9,20.6
"BOOI4","2021-06-06 10:00",78.5659999999999,"M",2092386.2,"0","12.410019999999999","201.3","2.0275590551181111E-2",76.406,"69.619999999999891","63.373999999999953",56.3539999999999,35.5,16.9,20.6
"BOOI4","2021-06-06 11:00",81.122,"M",2635727.3,"0","13.360023","188.9","2.543307086614174E-2",78.548,"69.511999999999887","63.445999999999977",56.39,35.5,16.9,20.6
"BOOI4","2021-06-06 12:00",80.4739999999999,"M",2766683.8,"0","14.750025000000001","177.3","2.791338582677166E-2",80.8699999999999,"69.457999999999942","63.48199999999995",56.4259999999999,35.5,16.9,20.6
"BOOI4","2021-06-06 13:00",83.138,"M",2701614,"0","15.300026000000001","174.4","2.78740157480315E-2",82.364,"69.421999999999969","63.535999999999902",56.4439999999999,35.5,16.9,20.6
"BOOI4","2021-06-06 14:00",83.282,"M",2721330.3,"0","16.730028000000001","186","3.0748031496062998E-2",84.164,"69.403999999999883","63.589999999999947",56.48,35.5,16.9,20.6
"BOOI4","2021-06-06 15:00",83.3359999999999,"M",1595580,"0","16.620028000000001","196.6","2.3110236220472442E-2",84.614,"69.439999999999955","63.62599999999992",56.498,35.5,16.9,20.6
"BOOI4","2021-06-06 16:00",82.598,"M",1707888.2,"0","13.600021999999999","201.9","2.3110236220472442E-2",84.9919999999999,"69.475999999999928","63.661999999999892",56.5339999999999,35.5,16.9,20.6
"BOOI4","2021-06-06 17:00",82.9039999999999,"M",1131198,"0","14.880025","209.7","2.078740157480315E-2",84.6679999999999,"69.583999999999932","63.715999999999937",56.5519999999999,35.5,16.9,20.7
"BOOI4","2021-06-06 18:00",82.796,"M",991254.1,"0","13.240022","212.1","1.8976377952755911E-2",84.3619999999999,"69.691999999999936","63.733999999999916",56.5699999999999,35.5,16.9,20.7
"BOOI4","2021-06-06 19:00",82.022,"M",563642.46,"0","10.920018000000001","210.6","1.4685039370078741E-2",83.8759999999999,"69.79999999999994","63.787999999999982",56.606,35.6,16.9,20.7
"BOOI4","2021-06-06 20:00",79.772,"M",216236.98,"0","8.1800139999999999","195.7","9.2125984251968523E-3",82.8679999999999,"69.96199999999989","63.805999999999962",56.606,35.6,16.9,20.7
"BOOI4","2021-06-06 21:00",76.514,"M",66470.58,"0","6.1890099999999997","179.3","3.7007874015748039E-3",81.68,"70.08799999999998","63.859999999999907",56.6599999999999,35.6,16.9,20.7
"BOOI4","2021-06-06 22:00",73.1839999999999,"M",780.9001,"0","4.4570074000000002","180.4","1.4960629921259841E-3",80.4019999999999,"70.177999999999898","63.895999999999987",56.6779999999999,35.5,16.9,20.7
"BOOI4","2021-06-06 23:00",71.114,"M",0,"0","3.1200051000000002","190","6.6929133858267733E-4",79.1779999999999,"70.267999999999915","63.931999999999952",56.696,35.5,16.9,20.7
"BOOI4","2021-06-07 00:00",69.5839999999999,"M",0,"0","3.0510050999999998","188.7","4.3307086614173231E-4",78.0439999999999,"70.37599999999992","63.985999999999898",56.7319999999999,35.5,16.9,20.7
"BOOI4","2021-06-07 01:00",68.288,"89.6",0,"0","3.4400057999999998","186.4","3.5433070866141729E-4",76.9999999999999,"M","64.021999999999977",56.7679999999999,35.5,16.9,20.7
"BOOI4","2021-06-07 02:00",68.306,"M",0,"0","4.0780067000000004","189.7","3.1496062992125988E-4",76.1179999999999,"70.465999999999937","64.057999999999936",56.7679999999999,35.5,16.9,20.7
"BOOI4","2021-06-07 03:00",68.7739999999999,"M",0,"0","5.7110095000000003","191.6","3.1496062992125988E-4",75.3439999999999,"70.483999999999924","64.129999999999981",56.822,35.5,16.9,20.7
"BOOI4","2021-06-07 04:00",68.522,"M",0,"0","6.0500100000000003","201.4","3.1496062992125988E-4",74.714,"70.447999999999965","64.183999999999926",56.822,35.5,16.9,20.7
"BOOI4","2021-06-07 05:00",67.0099999999999,"M",0,"0","4.5340075000000004","198","1.181102362204725E-4",74.1019999999999,"70.447999999999965","64.201999999999913",56.8579999999999,35.5,16.9,20.7
"BOOI4","2021-06-07 06:00",65.9659999999999,"M",11071.5,"0","2.978005","214.8","-3.9370078740157492E-5",73.4539999999999,"70.393999999999906","64.291999999999931",56.8939999999999,35.5,16.9,20.7
"BOOI4","2021-06-07 07:00",68.18,"M",225566.39,"0","2.9050047000000001","178.4","5.5118110236220485E-4",72.9859999999999,"70.321999999999974","64.309999999999917",56.93,35.6,16.9,20.7
"BOOI4","2021-06-07 08:00",73.796,"M",661467.65,"0","4.7810081999999996","187","4.4094488188976388E-3",73.0039999999999,"70.267999999999915","64.363999999999962",56.9659999999999,35.5,16.9,20.7
"BOOI4","2021-06-07 09:00",77.4499999999999,"M",1398204.2,"0","7.2990120000000003","211.9","1.1811023622047249E-2",73.9579999999999,"70.177999999999898","64.399999999999935",56.9659999999999,35.5,16.9,20.7
"BOOI4","2021-06-07 10:00",78.548,"M",1662588,"0","6.4780106999999996","205.4","1.448818897637795E-2",75.614,"70.08799999999998","64.435999999999908",56.9839999999999,35.5,16.9,20.7
"BOOI4","2021-06-07 11:00",81.6619999999999,"M",1947060.3,"0","6.0380099999999999","211.4","1.7322834645669291E-2",77.4859999999999,"70.015999999999948","64.471999999999966",57.0199999999999,35.5,16.9,20.7
"BOOI4","2021-06-07 12:00",83.5519999999999,"M",2403090.3,"0","8.1100139999999996","219.5","2.3346456692913391E-2",79.6099999999999,"69.943999999999903","64.489999999999952",57.038,35.4,16.8,20.7
"BOOI4","2021-06-07 13:00",86.1259999999999,"M",2638001.7,"0","7.8100129999999996","213","2.6023622047244101E-2",81.9319999999999,"69.871999999999971","64.543999999999912",57.056,35.4,16.8,20.7
"BOOI4","2021-06-07 14:00",86.63,"M",3038207.8,"0","9.8400160000000003","179.7","3.1102362204724419E-2",84.4159999999999,"69.871999999999971","64.525999999999925",57.0919999999999,35.4,16.8,20.7
"BOOI4","2021-06-07 15:00",87.332,"M",2812217.8,"0","9.4600150000000003","181.5","3.0118110236220481E-2",86.5759999999999,"69.889999999999958","64.561999999999884",57.1279999999999,35.4,16.8,20.7
"BOOI4","2021-06-07 16:00",87.98,"M",2540009.8,"0","9.5600170000000002","180.2","2.8622047244094489E-2",88.124,"69.943999999999903","64.597999999999956",57.164,35.5,16.8,20.7
"BOOI4","2021-06-07 17:00",87.998,"M",1770804.1,"0","8.6700140000000001","175.6","2.299212598425197E-2",88.556,"70.051999999999907","64.615999999999943",57.182,35.5,16.8,20.7
"BOOI4","2021-06-07 18:00",87.2779999999999,"M",1490351.9,"0","8.2400129999999994","173.1","2.0590551181102371E-2",88.7359999999999,"70.21399999999997","64.633999999999929",57.1999999999999,35.5,16.8,20.7
"BOOI4","2021-06-07 19:00",86.4499999999999,"M",741163.9,"0","7.3120117000000002","174.2","1.4133858267716541E-2",88.0159999999999,"70.37599999999992","64.651999999999916",57.2359999999999,35.5,16.8,20.7
"BOOI4","2021-06-07 20:00",84.9019999999999,"M",545089.7,"0","7.3740125000000001","167.8","1.1535433070866141E-2",86.8099999999999,"70.573999999999941","64.669999999999888",57.2539999999999,35.5,16.8,20.7
"BOOI4","2021-06-07 21:00",79.448,"M",98433.3,"0","4.9310083000000002","170.5","4.0551181102362211E-3",85.2439999999999,"70.807999999999936","64.687999999999974",57.29,35.6,16.8,20.7
"BOOI4","2021-06-07 22:00",76.0279999999999,"M",816.12015,"0","3.3090055","182.3","1.4173228346456689E-3",83.588,"71.005999999999958","64.70599999999996",57.3079999999999,35.6,16.8,20.7
"BOOI4","2021-06-07 23:00",74.39,"M",0,"0","3.1910052000000002","176.5","1.023622047244095E-3",82.0579999999999,"71.167999999999921","64.741999999999933",57.3439999999999,35.6,16.8,20.7
"BOOI4","2021-06-08 00:00",73.9759999999999,"M",0,"0","6.1120099999999997","157.9","1.4960629921259841E-3",80.78,"71.347999999999956","64.795999999999978",57.38,35.6,16.8,20.7
"BOOI4","2021-06-08 01:00",70.8439999999999,"86.4",0,"0","4.5320070000000001","174.1","7.4803149606299225E-4",79.664,"M","64.813999999999965",57.398,35.6,16.8,20.7
"BOOI4","2021-06-08 02:00",69.9079999999999,"M",0,"0","2.4460042","177","3.9370078740157492E-5",78.6199999999999,"71.545999999999978","64.867999999999924",57.4519999999999,35.6,16.8,20.7
"BOOI4","2021-06-08 03:00",68.1259999999999,"M",0,"0","1.3860022999999999","205.6","-3.1496062992125988E-4",77.63,"71.599999999999937","64.921999999999969",57.4519999999999,35.6,16.8,20.7
"BOOI4","2021-06-08 04:00",66.8659999999999,"M",5.1,"0","2.5330043","152.1","0",76.73,"71.599999999999937","64.975999999999928",57.488,35.6,16.8,20.7
"BOOI4","2021-06-08 05:00",66.8659999999999,"M",0,"0","1.6990027000000001","132.6","-2.7559055118110242E-4",75.848,"71.635999999999896","65.047999999999959",57.488,35.6,16.8,20.7
"BOOI4","2021-06-08 06:00",66.3259999999999,"M",22177.93,"0","3.0190049999999999","88.4","-7.874015748031497E-5",75.056,"71.617999999999924","65.101999999999904",57.5239999999999,35.6,16.8,20.7
"BOOI4","2021-06-08 07:00",69.6739999999999,"M",322906.25,"0","3.1140050000000001","86.1","7.4803149606299225E-4",74.588,"71.545999999999978","65.155999999999963",57.5239999999999,35.6,16.8,20.7
"BOOI4","2021-06-08 08:00",74.156,"M",852191.96,"0","4.3430070000000001","98","5.6692913385826774E-3",74.7679999999999,"71.545999999999978","65.191999999999936",57.5599999999999,35.6,16.8,20.7
"BOOI4","2021-06-08 09:00",77.2699999999999,"M",1445052.1,"0","5.4070090000000004","93.7","1.1181102362204719E-2",75.7579999999999,"71.437999999999974","65.227999999999895",57.614,35.6,16.8,20.7
"BOOI4","2021-06-08 10:00",80.906,"M",2023614.4,"0","4.9700084000000002","108.4","1.6496062992125991E-2",77.4859999999999,"71.32999999999997","65.281999999999954",57.614,35.5,16.8,20.7
"BOOI4","2021-06-08 11:00",83.1739999999999,"M",794399.96,"0","7.1990119999999997","111.3","2.2913385826771659E-2",79.7539999999999,"71.239999999999952","65.317999999999913",57.6499999999999,35.5,16.8,20.7
"BOOI4","2021-06-08 12:00",84.956,"M",941412.1,"M","M","M","M",82.2199999999999,"71.20399999999988","65.371999999999971",57.6499999999999,35.5,16.8,20.7
"BOOI4","2021-06-08 13:00",87.2779999999999,"M",3244086,"M","M","M","M",84.8119999999999,"71.167999999999921","65.407999999999944",57.7039999999999,35.5,16.8,20.7
"BOOI4","2021-06-08 14:00",86.4679999999999,"M",2537640,"0","9.5400150000000004","109.9","2.921259842519686E-2",87.2419999999999,"71.149999999999935","65.425999999999917",57.722,35.5,16.8,20.7
"BOOI4","2021-06-08 15:00",89.33,"M",3110400,"0","10.270016999999999","121","3.4488188976377961E-2",88.43,"71.185999999999908","65.479999999999976",57.722,35.5,16.8,20.7
"BOOI4","2021-06-08 16:00",88.9519999999999,"M",2389680,"0","9.4500150000000005","123.9","2.9448818897637799E-2",89.8159999999999,"71.275999999999925","65.479999999999976",57.7579999999999,35.5,16.8,20.7
"BOOI4","2021-06-08 17:00",89.582,"M",2286720,"0","9.3500160000000001","130.30000000000001","2.8110236220472439E-2",90.464,"71.383999999999929","65.515999999999948",57.7939999999999,35.6,16.8,20.7
"BOOI4","2021-06-08 18:00",89.4019999999999,"M",1447920,"0","8.6500140000000005","130.69999999999999","2.1732283464566939E-2",90.698,"71.581999999999951","65.569999999999894",57.83,35.6,16.8,20.7
"BOOI4","2021-06-08 19:00",88.4659999999999,"M",1073160,"0","7.2860120000000004","127.2","1.696850393700788E-2",89.9419999999999,"71.761999999999887","65.569999999999894",57.83,35.6,16.8,20.7
"BOOI4","2021-06-08 20:00",86.2519999999999,"M",515520,"0","6.5670109999999999","135.9","1.122047244094488E-2",88.8079999999999,"72.013999999999967","65.605999999999966",57.83,35.6,16.8,20.7
"BOOI4","2021-06-08 21:00",81.6259999999999,"M",81504,"0","5.1870083999999999","150.4","4.566929133858269E-3",87.188,"72.229999999999976","65.623999999999953",57.9019999999999,35.7,16.8,20.7
"BOOI4","2021-06-08 22:00",78.3499999999999,"M",619.2,"0","4.1660066000000002","153.6","1.771653543307087E-3",85.514,"72.409999999999911","65.659999999999911",57.9019999999999,35.6,16.8,20.7
"BOOI4","2021-06-08 23:00",76.748,"M",0,"0","3.2550053999999999","141","8.2677165354330727E-4",84.056,"72.607999999999933","65.677999999999898",57.938,35.7,16.8,20.7
"BOOI4","2021-06-09 00:00",76.28,"M",3.6,"0","3.099005","123.2","6.2992125984251976E-4",82.7779999999999,"72.75199999999991","65.731999999999957",57.9739999999999,35.7,16.8,20.7
"BOOI4","2021-06-09 01:00",74.4619999999999,"76.48",0,"0","3.4450056999999998","100.1","5.1181102362204728E-4",81.6259999999999,"M","65.785999999999902",57.9919999999999,35.7,16.8,20.7
"BOOI4","2021-06-09 02:00",73.5259999999999,"M",0,"0","2.4940039999999999","110.9","0",80.6179999999999,"72.985999999999905","65.857999999999933",58.0099999999999,35.7,16.8,20.7
"BOOI4","2021-06-09 03:00",70.9699999999999,"M",0,"0","2.2380037000000002","151.4","-2.3622047244094491E-4",79.646,"73.039999999999949","65.87599999999992",58.046,35.7,16.8,20.7
"BOOI4","2021-06-09 04:00",70.196,"M",0,"0","3.6440060000000001","136.80000000000001","0",78.7999999999999,"73.111999999999895","65.965999999999937",58.064,35.7,16.8,20.7
"BOOI4","2021-06-09 05:00",69.0619999999999,"M",10.8,"0","1.5500026","135.30000000000001","-6.6929133858267733E-4",77.99,"73.075999999999922","66.00199999999991",58.0999999999999,35.7,16.8,20.7
"BOOI4","2021-06-09 06:00",69.0079999999999,"M",21567.6,"0","0.9470016","253.9","-8.2677165354330727E-4",77.2519999999999,"73.075999999999922","66.073999999999941",58.0999999999999,35.7,16.8,20.7
"BOOI4","2021-06-09 07:00",72.1579999999999,"M",229284,"0","1.2430019999999999","315.89999999999998","8.6614173228346462E-4",76.8019999999999,"73.003999999999891","66.163999999999973",58.1179999999999,35.7,16.8,20.7
"BOOI4","2021-06-09 08:00",76.3339999999999,"M",703440,"0","2.1650035000000001","57.35","4.9212598425196858E-3",76.8019999999999,"72.967999999999918","66.199999999999932",58.172,35.6,16.8,20.7
"BOOI4","2021-06-09 09:00",81.1759999999999,"M",1416240,"0","3.8220065000000001","70.290000000000006","1.1417322834645669E-2",77.738,"72.931999999999945","66.235999999999905",58.172,35.6,16.7,20.7
"BOOI4","2021-06-09 10:00",83.2099999999999,"M",2000520,"0","3.1420051999999998","97","1.6496062992125991E-2",79.3579999999999,"72.805999999999969","66.307999999999936",58.2259999999999,35.6,16.8,20.7
"BOOI4","2021-06-09 11:00",85.28,"M",2506320,"0","3.4040054999999998","141.30000000000001","2.1456692913385832E-2",81.572,"72.733999999999924","66.343999999999909",58.2439999999999,35.6,16.7,20.7
"BOOI4","2021-06-09 12:00",85.19,"M",2801160,"0","5.3320084000000003","133.19999999999999","2.6181102362204729E-2",84.056,"72.643999999999906","66.397999999999954",58.28,35.5,16.7,20.7
"BOOI4","2021-06-09 13:00",87.6019999999999,"M",2998800,"0","5.9040100000000004","133.30000000000001","2.8779527559055121E-2",86.3599999999999,"72.607999999999933","66.433999999999926",58.316,35.6,16.7,20.8
"BOOI4","2021-06-09 14:00",89.564,"M",2887200,"0","6.4300103000000002","123.7","2.9409448818897638E-2",88.4119999999999,"72.62599999999992","66.487999999999985",58.316,35.6,16.7,20.8
"BOOI4","2021-06-09 15:00",90.698,"M",2536200,"0","6.2690105000000003","149.9","2.7559055118110239E-2",90.1579999999999,"72.679999999999978","66.505999999999958",58.3339999999999,35.5,16.7,20.8
"BOOI4","2021-06-09 16:00",90.59,"M",3121200,"0","8.5500144999999996","182.8","3.3897637795275597E-2",91.8679999999999,"72.769999999999897","66.541999999999931",58.3699999999999,35.6,16.7,20.8
"BOOI4","2021-06-09 17:00",89.24,"M",2284920,"0","8.7300149999999999","183.5","2.7795275590551189E-2",93.0739999999999,"72.895999999999987","66.559999999999917",58.388,35.6,16.7,20.8
"BOOI4","2021-06-09 18:00",91.1839999999999,"M",1758960,"0","6.5180106000000002","172.9","2.12992125984252E-2",93.0739999999999,"73.075999999999922","66.613999999999962",58.406,35.7,16.7,20.8
"BOOI4","2021-06-09 19:00",88.3759999999999,"M",1036080,"0","5.3360089999999998","157.69999999999999","1.437007874015748E-2",92.5339999999999,"73.291999999999931","66.649999999999935",58.4419999999999,35.6,16.7,20.8
"BOOI4","2021-06-09 20:00",80.2939999999999,"M",102564,"0.08","9.1100159999999999","104.3","8.4251968503937028E-3",90.6439999999999,"73.543999999999912","66.649999999999935",58.4779999999999,35.7,16.7,20.8
"BOOI4","2021-06-09 21:00",79.8619999999999,"M",41148,"0","3.9450066000000001","305.3","2.8346456692913392E-3",87.8359999999999,"73.777999999999892","66.685999999999908",58.4779999999999,35.7,16.7,20.8
"BOOI4","2021-06-09 22:00",79.322,"M",1105.2,"0","0.74500126","69.47","-7.0866141732283468E-4",85.7839999999999,"74.011999999999887","66.721999999999966",58.5319999999999,35.7,16.7,20.8
"BOOI4","2021-06-09 23:00",79.5739999999999,"M",0,"0","0.53500086000000002","125","-8.6614173228346462E-4",84.398,"74.209999999999908","66.793999999999912",58.5859999999999,35.7,16.7,20.8
"BOOI4","2021-06-10 00:00",75.0739999999999,"M",0,"0","2.1190034999999998","171","-1.181102362204725E-4",83.1199999999999,"74.371999999999971","66.847999999999956",58.5859999999999,35.7,16.7,20.8
"BOOI4","2021-06-10 01:00",75.74,"78.06",0,"0","2.6180043","175.4","1.181102362204725E-4",82.0039999999999,"M","66.883999999999929",58.6039999999999,35.8,16.7,20.8
"BOOI4","2021-06-10 02:00",73.346,"M",0,"0","2.2970039999999998","181.5","-1.5748031496062989E-4",80.906,"74.58799999999998","66.937999999999974",58.64,35.8,16.7,20.8
"BOOI4","2021-06-10 03:00",73.1119999999999,"M",0,"0","2.6420043","194.1","-1.968503937007874E-4",79.9519999999999,"74.641999999999925","66.973999999999947",58.6759999999999,35.8,16.7,20.8
"BOOI4","2021-06-10 04:00",73.13,"M",0,"0","2.9520050000000002","226.7","-7.874015748031497E-5",79.0699999999999,"74.641999999999925","67.063999999999965",58.6939999999999,35.8,16.7,20.8
"BOOI4","2021-06-10 05:00",72.6439999999999,"M",0,"0","2.9080048000000001","230.4","-7.874015748031497E-5",78.2779999999999,"74.641999999999925","67.117999999999924",58.7119999999999,35.8,16.7,20.8
"BOOI4","2021-06-10 06:00",71.1679999999999,"M",16210.8,"0","2.9760048000000001","223","-1.968503937007874E-4",77.5399999999999,"74.623999999999953","67.189999999999955",58.748,35.7,16.7,20.8
"BOOI4","2021-06-10 07:00",74.8939999999999,"M",297000,"0","3.2740054000000001","243.7","1.3385826771653551E-3",77.0359999999999,"74.533999999999921","67.2439999999999",58.7659999999999,35.7,16.7,20.8
"BOOI4","2021-06-10 08:00",80.0239999999999,"M",826200,"0","5.8200097","248.3","7.4015748031496078E-3",77.09,"74.479999999999976","67.333999999999932",58.7839999999999,35.7,16.7,20.8
"BOOI4","2021-06-10 09:00",83.948,"M",1435680,"0","4.6580076000000004","231","1.3031496062992131E-2",77.7199999999999,"M","M",58.8199999999999,35.7,16.7,20.7
"BOOI4","2021-06-10 10:00",86.5579999999999,"M",2025000,"0","7.0470119999999996","260.60000000000002","2.0354330708661422E-2",78.89,"M","M",58.838,35.7,16.7,20.8
"BOOI4","2021-06-10 11:00",89.2759999999999,"M",2543400,"0","5.7640095000000002","255.8","2.4448818897637802E-2",80.5279999999999,"M","M",58.874,35.7,16.7,20.8
"BOOI4","2021-06-10 12:00",90.7519999999999,"M",2824560,"0","3.5830060000000001","195.2","2.594488188976379E-2",82.9759999999999,"74.101999999999904","67.54999999999994",58.9099999999999,35.7,16.7,20.7
"BOOI4","2021-06-10 13:00",90.8239999999999,"M",2389320,"0","3.5840057999999999","188.3","2.377952755905512E-2",85.172,"74.011999999999887","67.567999999999913",58.9279999999999,35.6,16.7,20.7
"BOOI4","2021-06-10 14:00",92.246,"M",3290400,"0","4.9910082999999998","178.6","3.2047244094488191E-2",87.3499999999999,"73.9939999999999","67.621999999999971",58.9279999999999,35.6,16.7,20.7
"BOOI4","2021-06-10 15:00",92.5519999999999,"M",2699640,"0","5.7740096999999997","180.2","2.8818897637795281E-2",89.456,"73.9939999999999","67.639999999999958",58.964,35.7,16.7,20.7
"BOOI4","2021-06-10 16:00",93.5419999999999,"M",2162880,"0","5.9650097000000004","180.4","2.5354330708661419E-2",90.6259999999999,"74.065999999999946","67.675999999999917",58.9999999999999,35.7,16.7,20.7
"BOOI4","2021-06-10 17:00",93.4339999999999,"M",2273760,"0","7.104012","197.8","2.763779527559055E-2",91.4539999999999,"74.155999999999963","67.71199999999989",59.0359999999999,35.7,16.7,20.7
"BOOI4","2021-06-10 18:00",92.606,"M",1605960,"0","6.5250105999999999","183","2.1968503937007881E-2",91.562,"74.317999999999913","67.71199999999989",59.0539999999999,35.7,16.7,20.8
"BOOI4","2021-06-10 19:00",92.264,"M",1042560,"0","8.2300140000000006","181.3","1.9251968503937011E-2",90.9319999999999,"74.497999999999962","67.747999999999962",59.0899999999999,35.7,16.7,20.8
"BOOI4","2021-06-10 20:00",89.69,"M",541080,"0","7.6640129999999997","197","1.3622047244094489E-2",89.906,"74.695999999999984","67.747999999999962",59.1079999999999,35.7,16.7,20.8
"BOOI4","2021-06-10 21:00",82.688,"M",105228,"0","4.0440069999999997","188.2","3.7007874015748039E-3",88.3759999999999,"74.893999999999906","67.783999999999921",59.1619999999999,35.8,16.7,20.8
"BOOI4","2021-06-10 22:00",79.43,"M",968.4,"0","2.3590038","185.9","6.2992125984251976E-4",86.7199999999999,"75.073999999999941","67.801999999999907",59.1439999999999,35.7,16.7,20.8
"BOOI4","2021-06-10 23:00",78.2239999999999,"M",0,"0","2.8240047000000001","172.8","6.2992125984251976E-4",85.2439999999999,"75.271999999999977","67.873999999999953",59.18,35.8,16.7,20.8
"BOOI4","2021-06-11 00:00",77.198,"M",0,"0","3.3620057000000001","169.8","7.0866141732283468E-4",83.93,"75.41599999999994","67.891999999999925",59.2159999999999,35.8,16.7,20.8
"BOOI4","2021-06-11 01:00",76.064,"76.45",0,"0","2.9720049999999998","170.7","3.5433070866141729E-4",82.796,"75.523999999999944","67.96399999999997",59.2519999999999,35.8,16.7,20.8
"BOOI4","2021-06-11 02:00",74.7499999999999,"M",0,"0","3.3870057999999998","171.1","3.1496062992125988E-4",81.788,"75.613999999999962","67.981999999999957",59.288,35.8,16.7,20.8
"BOOI4","2021-06-11 03:00",71.69,"M",0,"0","2.8000045","185.9","-3.9370078740157492E-5",80.8699999999999,"75.649999999999935","68.071999999999974",59.3419999999999,35.8,16.7,20.8
"BOOI4","2021-06-11 04:00",71.6179999999999,"M",0,"0","3.2970054000000002","177.4","-7.874015748031497E-5",79.988,"75.613999999999962","68.107999999999933",59.3419999999999,35.8,16.7,20.8
"BOOI4","2021-06-11 05:00",72.0859999999999,"M",0,"0","3.8470065999999998","207.2","3.9370078740157492E-5",79.232,"75.631999999999948","68.161999999999892",59.3599999999999,35.8,16.7,20.8
"BOOI4","2021-06-11 06:00",70.4839999999999,"M",18345.6,"0","3.4540057000000002","206.5","0",78.53,"75.613999999999962","68.233999999999924",59.396,35.8,16.7,20.8
"BOOI4","2021-06-11 07:00",74.624,"M",255960,"0","2.4920041999999998","187.1","1.1023622047244099E-3",78.0259999999999,"75.505999999999958","68.287999999999982",59.432,35.7,16.7,20.8
"BOOI4","2021-06-11 08:00",80.1679999999999,"M",865440,"0","5.4470090000000004","161.4","7.2440944881889766E-3",78.2239999999999,"75.469999999999899","68.323999999999941",59.432,35.7,16.7,20.8
"BOOI4","2021-06-11 09:00",83.4619999999999,"M",1118880,"0","8.3800139999999992","204.4","1.3031496062992131E-2",78.9619999999999,"75.379999999999981","68.413999999999973",59.4679999999999,35.7,16.7,20.8
"BOOI4","2021-06-11 10:00",87.6919999999999,"M",1928520,"0","12.06002","242.3","2.2874015748031499E-2",80.0419999999999,"75.289999999999949","68.449999999999932",59.5039999999999,35.7,16.7,20.8
"BOOI4","2021-06-11 11:00",87.1339999999999,"M",1474200,"0","7.4790124999999996","259.5","1.9015748031496069E-2",81.374,"75.163999999999973","68.485999999999905",59.522,35.7,16.7,20.8
"BOOI4","2021-06-11 12:00",70.7539999999999,"M",567360,"0.15","12.590020000000001","319.2","1.1574803149606299E-2",81.7159999999999,"75.091999999999928","68.521999999999977",59.54,35.7,16.7,20.8
"BOOI4","2021-06-11 13:00",73.5079999999999,"M",587880,"0.02","6.4470109999999998","337.7","5.5511811023622052E-3",79.7899999999999,"74.983999999999924","68.557999999999936",59.5759999999999,35.7,16.7,20.8
"BOOI4","2021-06-11 14:00",74.39,"M",651960,"0","13.820024","238.5","1.145669291338583E-2",78.7279999999999,"74.965999999999937","68.575999999999922",59.63,35.6,16.7,20.8
"BOOI4","2021-06-11 15:00",84.6859999999999,"M",1836000,"0","12.750021","163.1","2.0314960629921261E-2",78.08,"74.929999999999978","68.593999999999909",59.648,35.6,16.7,20.8
"BOOI4","2021-06-11 16:00",88.2859999999999,"M",2345760,"0","11.95002","160.4","3.059055118110237E-2",79.3039999999999,"74.87599999999992","68.647999999999954",59.6659999999999,35.6,16.7,20.8
"BOOI4","2021-06-11 17:00",88.43,"M",1961280,"0","7.2070116999999998","166.3","2.3937007874015748E-2",80.3659999999999,"74.821999999999974","68.66599999999994",59.6659999999999,35.6,16.7,20.8
"BOOI4","2021-06-11 18:00",86.5939999999999,"M",1825560,"0","10.330017","273.10000000000002","2.377952755905512E-2",80.9599999999999,"74.767999999999915","68.683999999999926",59.7199999999999,35.6,16.7,20.8
"BOOI4","2021-06-11 19:00",85.4239999999999,"M",1064520,"0","8.4800140000000006","273.8","1.5905511811023631E-2",81.1579999999999,"74.731999999999957","68.683999999999926",59.738,35.6,16.7,20.8
"BOOI4","2021-06-11 20:00",81.464,"M",550080,"0","6.2150106000000003","281.2","9.1338582677165381E-3",80.8699999999999,"74.71399999999997","68.701999999999913",59.7739999999999,35.6,16.6,20.8
"BOOI4","2021-06-11 21:00",77.2519999999999,"M",111600,"0","4.7830079999999997","301.39999999999998","2.755905511811024E-3",80.006,"74.695999999999984","68.701999999999913",59.8099999999999,35.6,16.6,20.8
"BOOI4","2021-06-11 22:00",75.4519999999999,"M",1519.2,"0","1.8150029000000001","306.2","-1.181102362204725E-4",78.9439999999999,"74.677999999999898","68.737999999999985",59.864,35.6,16.6,20.8
"BOOI4","2021-06-11 23:00",74.1919999999999,"M",3.6,"0","2.982005","305.7","2.7559055118110242E-4",77.9539999999999,"74.659999999999911","68.755999999999958",59.864,35.6,16.6,20.8
"BOOI4","2021-06-12 00:00",75.8839999999999,"M",0,"0","5.4610089999999998","284.2","9.8425196850393721E-4",77.1079999999999,"74.641999999999925","68.755999999999958",59.8999999999999,35.6,16.6,20.9
"BOOI4","2021-06-12 01:00",73.8859999999999,"79.69",0,"0","9.0100154999999997","292.5","1.5354330708661421E-3",76.406,"74.605999999999966","68.773999999999944",59.9179999999999,35.6,16.6,20.9
"BOOI4","2021-06-12 02:00",73.2919999999999,"M",0,"0","6.3540105999999996","330","1.220472440944882E-3",75.7939999999999,"74.551999999999907","68.791999999999931",59.99,35.6,16.6,20.9
"BOOI4","2021-06-12 03:00",71.69,"M",0,"0","8.510014","341.1","1.8110236220472439E-3",75.1099999999999,"74.497999999999962","68.809999999999917",59.9359999999999,35.6,16.6,20.9
"BOOI4","2021-06-12 04:00",70.1419999999999,"M",0,"0","8.1600129999999993","347","1.968503937007874E-3",74.39,"74.407999999999944","68.791999999999931",59.99,35.6,16.6,20.9
"BOOI4","2021-06-12 05:00",68.2159999999999,"M",0,"0","6.4790105999999996","346.6","1.653543307086615E-3",73.58,"74.29999999999994","68.809999999999917",60.0259999999999,35.5,16.6,20.9
"BOOI4","2021-06-12 06:00",67.0279999999999,"M",18529.2,"0","7.5920123999999998","344.7","1.6929133858267721E-3",72.8239999999999,"74.155999999999963","68.809999999999917",60.0439999999999,35.5,16.6,20.9
"BOOI4","2021-06-12 07:00",67.9099999999999,"M",309240,"0","7.4080120000000003","343.4","4.4488188976377959E-3",72.2119999999999,"74.047999999999959","68.791999999999931",60.08,35.6,16.6,20.9
"BOOI4","2021-06-12 08:00",70.7899999999999,"M",876240,"0","7.3350124000000001","8.11","8.6614173228346473E-3",72.1039999999999,"73.921999999999969","68.845999999999989",60.098,35.5,16.6,20.8
"BOOI4","2021-06-12 09:00",73.0939999999999,"M",1415880,"0","9.9300165000000007","14.27","1.4685039370078741E-2",72.464,"73.777999999999892","68.791999999999931",60.1519999999999,35.5,16.6,20.8
"BOOI4","2021-06-12 10:00",76.3339999999999,"M",2125080,"0","10.480017","18.27","2.1771653543307089E-2",73.256,"73.597999999999956","68.827999999999903",60.1699999999999,35.5,16.6,20.8
"BOOI4","2021-06-12 11:00",77.2339999999999,"M",2674440,"0","8.8100149999999999","7.84","2.5826771653543312E-2",74.5159999999999,"73.435999999999908","68.827999999999903",60.206,35.5,16.6,20.8
"BOOI4","2021-06-12 12:00",80.8159999999999,"M",3092400,"0","7.8950129999999996","5.1849999999999996","2.9685039370078749E-2",76.2259999999999,"73.255999999999958","68.791999999999931",60.2239999999999,35.4,16.5,20.8
"BOOI4","2021-06-12 13:00",82.4359999999999,"M",3340800,"0","9.7200159999999993","358.6","3.5472440944881903E-2",78.1339999999999,"73.129999999999981","68.773999999999944",60.2239999999999,35.4,16.5,20.8
"BOOI4","2021-06-12 14:00",84.1819999999999,"M",3384000,"0","10.080016000000001","1.591","3.775590551181103E-2",80.0419999999999,"73.003999999999891","68.791999999999931",60.2779999999999,35.4,16.5,20.8
"BOOI4","2021-06-12 15:00",86.0179999999999,"M",3225600,"0","9.8900170000000003","354.6","3.8188976377952759E-2",81.698,"72.967999999999918","68.755999999999958",60.296,35.5,16.5,20.8
"BOOI4","2021-06-12 16:00",86.2519999999999,"M",2883600,"0","9.0800140000000003","356.4","3.5472440944881903E-2",82.922,"72.967999999999918","68.701999999999913",60.332,35.5,16.5,20.8
"BOOI4","2021-06-12 17:00",87.5839999999999,"M",2410920,"0","8.9900140000000004","354.9","3.2716535433070869E-2",83.6779999999999,"73.003999999999891","68.701999999999913",60.314,35.4,16.5,20.8
"BOOI4","2021-06-12 18:00",87.0079999999999,"M",1784880,"0","8.2000139999999995","353","2.732283464566929E-2",83.8039999999999,"73.075999999999922","68.683999999999926",60.3499999999999,35.4,16.5,20.8
"BOOI4","2021-06-12 19:00",86.3779999999999,"M",1123200,"0","7.3170120000000001","0.105","2.0669291338582679E-2",83.5519999999999,"73.16599999999994","68.66599999999994",60.3859999999999,35.4,16.5,20.8
"BOOI4","2021-06-12 20:00",83.4439999999999,"M",608040,"0","4.2810069999999998","0.45200000000000001","9.9606299212598448E-3",82.9039999999999,"73.327999999999903","68.647999999999954",60.4039999999999,35.5,16.5,20.8
"BOOI4","2021-06-12 21:00",75.7759999999999,"M",133128,"0","1.9290031999999999","348.5","1.220472440944882E-3",81.788,"73.471999999999966","68.629999999999981",60.44,35.5,16.5,20.8
"BOOI4","2021-06-12 22:00",72.68,"M",1141.2,"0","1.5340024999999999","306.8","2.7559055118110242E-4",80.2939999999999,"73.615999999999943","68.629999999999981",60.4579999999999,35.5,16.5,20.8
"BOOI4","2021-06-12 23:00",71.798,"M",0,"0","1.6110027","336.3","3.1496062992125988E-4",78.8179999999999,"73.70599999999996","68.575999999999922",60.4939999999999,35.5,16.4,20.8
"BOOI4","2021-06-13 00:00",72.464,"M",0,"0","2.8870049","344.5","1.574803149606299E-3",77.5399999999999,"73.831999999999951","68.629999999999981",60.4759999999999,35.5,16.4,20.8
"BOOI4","2021-06-13 01:00",69.7279999999999,"48.4",0,"0","2.4710040000000002","338","1.1023622047244099E-3",76.4599999999999,"73.903999999999883","68.611999999999895",60.5119999999999,35.5,16.4,20.8
"BOOI4","2021-06-13 02:00",69.98,"M",0,"0","1.9960032999999999","342.7","6.2992125984251976E-4",75.4699999999999,"73.921999999999969","68.611999999999895",60.53,35.5,16.4,20.8
"BOOI4","2021-06-13 03:00",69.89,"M",0,"0","3.0830052000000001","337.6","1.377952755905512E-3",74.5699999999999,"73.885999999999896","68.629999999999981",60.566,35.4,16.4,20.8
"BOOI4","2021-06-13 04:00",66.848,"M",0,"0","2.6610043000000001","335.1","1.0629921259842519E-3",73.7599999999999,"73.849999999999937","68.629999999999981",60.5839999999999,35.4,16.4,20.8
"BOOI4","2021-06-13 05:00",67.2439999999999,"M",0,"0","2.7740045000000002","327.5","9.8425196850393721E-4",72.9499999999999,"73.795999999999978","68.66599999999994",60.5839999999999,35.4,16.4,20.8
"BOOI4","2021-06-13 06:00",68.2519999999999,"M",24289.2,"0","3.612006","342.3","1.8110236220472439E-3",72.2659999999999,"73.723999999999947","68.66599999999994",60.638,35.4,16.4,20.8
"BOOI4","2021-06-13 07:00",69.6199999999999,"M",335520,"0","2.1440036","344.5","2.244094488188977E-3",71.906,"73.597999999999956","68.66599999999994",60.656,35.4,16.4,20.8
"BOOI4","2021-06-13 08:00",76.064,"M",889200,"0","1.4920024999999999","349.5","6.1023622047244102E-3",72.1579999999999,"73.489999999999952","68.647999999999954",60.656,35.4,16.4,20.8
"BOOI4","2021-06-13 09:00",80.9419999999999,"M",1520640,"0","0.57600099999999999","31.58","1.039370078740158E-2",73.256,"73.345999999999989","68.683999999999926",60.6739999999999,35.3,16.4,20.8
"BOOI4","2021-06-13 10:00",82.6699999999999,"M",2126880,"0","2.9970050000000001","220.6","1.9173228346456701E-2",74.5159999999999,"73.183999999999926","68.737999999999985",60.7279999999999,35.3,16.4,20.8
"BOOI4","2021-06-13 11:00",84.8659999999999,"M",2662200,"0","3.5590057000000002","238.4","2.4685039370078741E-2",76.082,"73.057999999999936","68.701999999999913",60.6919999999999,35.3,16.4,20.8
"BOOI4","2021-06-13 12:00",86.5039999999999,"M",3063600,"0","3.5360057","310.2","2.8307086614173228E-2",78.1339999999999,"72.931999999999945","68.719999999999899",60.7099999999999,35.3,16.4,20.8
"BOOI4","2021-06-13 13:00",88.538,"M",3290400,"0","4.2270070000000004","308.89999999999998","3.1535433070866148E-2",80.5099999999999,"72.841999999999928","68.683999999999926",60.7819999999999,35.3,16.4,20.8
"BOOI4","2021-06-13 14:00",90.1759999999999,"M",3333600,"0","6.1350102","275.8","3.527559055118111E-2",82.706,"72.787999999999982","68.737999999999985",60.764,35.3,16.4,20.8
"BOOI4","2021-06-13 15:00",90.7519999999999,"M",3171600,"0","7.378012","276.2","3.6456692913385831E-2",84.614,"72.787999999999982","68.66599999999994",60.7819999999999,35.3,16.4,20.8
"BOOI4","2021-06-13 16:00",92.3179999999999,"M",2788920,"0","9.0400150000000004","263.10000000000002","3.6535433070866152E-2",86.0539999999999,"72.895999999999987","68.66599999999994",60.7819999999999,35.3,16.4,20.8
"BOOI4","2021-06-13 17:00",93.0919999999999,"M",2309760,"0","9.0700149999999997","266.2","3.3188976377952761E-2",86.756,"73.003999999999891","68.701999999999913",60.8179999999999,35.3,16.4,20.8
"BOOI4","2021-06-13 18:00",92.714,"M",1711440,"0","9.3000150000000001","264.8","2.921259842519686E-2",86.8099999999999,"73.183999999999926","68.66599999999994",60.8359999999999,35.3,16.4,20.8
"BOOI4","2021-06-13 19:00",91.922,"M",1122480,"0","9.4900160000000007","252.3","2.488188976377953E-2",86.5399999999999,"73.399999999999935","68.629999999999981",60.89,35.3,16.4,20.9
"BOOI4","2021-06-13 20:00",86.414,"M",489600,"0","6.8570120000000001","261.7","1.421259842519685E-2",85.964,"73.615999999999943","68.611999999999895",60.8539999999999,35.4,16.4,20.9
"BOOI4","2021-06-13 21:00",77.5399999999999,"M",109620,"0","3.7420059999999999","263.8","3.503937007874016E-3",84.7039999999999,"73.885999999999896","68.611999999999895",60.872,35.4,16.4,20.9
"BOOI4","2021-06-13 22:00",74.6779999999999,"M",1281.6,"0","4.5410075000000001","261.39999999999998","2.3622047244094488E-3",83.1739999999999,"74.083999999999932","68.629999999999981",60.89,35.4,16.4,20.9
"BOOI4","2021-06-13 23:00",74.3359999999999,"M",0,"0","5.9280094999999999","260","2.6377952755905522E-3",81.6439999999999,"74.281999999999954","68.647999999999954",60.9259999999999,35.4,16.4,20.9
"BOOI4","2021-06-14 00:00",74.264,"M",0,"0","7.5680126999999997","269.60000000000002","3.9370078740157488E-3",80.4019999999999,"74.443999999999903","68.611999999999895",60.9619999999999,35.4,16.4,20.9
"BOOI4","2021-06-14 01:00",74.03,"52.88",0,"0","8.0400130000000001","262.5","3.3858267716535442E-3",79.3759999999999,"74.551999999999907","68.66599999999994",60.9259999999999,35.5,16.4,20.9
"BOOI4","2021-06-14 02:00",72.446,"M",0,"0","8.0100130000000007","274.8","3.503937007874016E-3",78.4939999999999,"74.623999999999953","68.701999999999913",60.9619999999999,35.4,16.4,20.9
"BOOI4","2021-06-14 03:00",73.0399999999999,"M",0,"0","7.4430120000000004","299.89999999999998","3.1496062992125988E-3",77.7199999999999,"74.695999999999984","68.737999999999985",60.98,35.4,16.4,20.9
"BOOI4","2021-06-14 04:00",71.8699999999999,"M",0,"0","3.7850063","322.2","1.377952755905512E-3",77.0359999999999,"74.71399999999997","68.773999999999944",61.0159999999999,35.4,16.4,20.9
"BOOI4","2021-06-14 05:00",70.124,"M",3.6,"0","3.6850060999999998","359.4","1.220472440944882E-3",76.3699999999999,"74.641999999999925","68.809999999999917",60.998,35.4,16.4,20.9
"BOOI4","2021-06-14 06:00",68.6659999999999,"M",25887.6,"0","5.6320094999999997","11.62","1.8110236220472439E-3",75.7039999999999,"74.659999999999911","68.827999999999903",61.0159999999999,35.4,16.4,20.9
"BOOI4","2021-06-14 07:00",67.8199999999999,"M",148572,"0","4.9630080000000003","15.33","4.1338582677165362E-3",75.146,"74.58799999999998","68.863999999999962",61.0699999999999,35.4,16.4,20.9
"BOOI4","2021-06-14 08:00",69.656,"M",577800,"0","4.510008","15.08","6.574803149606301E-3",74.9659999999999,"74.515999999999948","68.935999999999908",61.0699999999999,35.3,16.4,20.9
"BOOI4","2021-06-14 09:00",73.4539999999999,"M",966960,"0","5.4810090000000002","26.82","1.02755905511811E-2",75.056,"74.407999999999944","68.935999999999908",61.088,35.3,16.4,20.9
"BOOI4","2021-06-14 10:00",74.93,"M",1769400,"0","8.590014","61","1.7913385826771658E-2",75.74,"74.281999999999954","68.95399999999988",61.0699999999999,35.4,16.3,20.9
"BOOI4","2021-06-14 11:00",78.5119999999999,"M",2280240,"0","8.0900134999999995","59.39","2.3740157480314959E-2",76.874,"74.191999999999936","68.989999999999952",61.088,35.3,16.3,20.9
"BOOI4","2021-06-14 12:00",79.3939999999999,"M",2077200,"0","9.4500150000000005","63.64","2.598425196850394E-2",78.08,"74.065999999999946","69.025999999999925",61.106,35.3,16.3,20.9
"BOOI4","2021-06-14 13:00",81.5179999999999,"M",3016800,"0","6.4650106000000003","54.74","2.980314960629922E-2",79.4659999999999,"73.975999999999928","69.043999999999912",61.1419999999999,35.2,16.3,20.9
"BOOI4","2021-06-14 14:00",83.264,"M",2645280,"0","4.8430080000000002","38.39","2.6614173228346461E-2",81.0859999999999,"73.921999999999969","69.061999999999884",61.1419999999999,35.2,16.3,20.9
"BOOI4","2021-06-14 15:00",83.93,"M",2211120,"0","5.2060089999999999","53.54","2.4448818897637802E-2",82.2019999999999,"73.921999999999969","69.061999999999884",61.1599999999999,35.2,16.3,20.9
"BOOI4","2021-06-14 16:00",85.4419999999999,"M",2926800,"0","4.0840069999999997","61.13","2.791338582677166E-2",83.1739999999999,"73.921999999999969","69.043999999999912",61.196,35.2,16.3,20.9
"BOOI4","2021-06-14 17:00",87.53,"M",1977840,"0","4.2780069999999997","338.3","2.212598425196851E-2",84.0019999999999,"73.9939999999999","69.07999999999997",61.1779999999999,35.2,16.3,20.9
"BOOI4","2021-06-14 18:00",87.2419999999999,"M",1761840,"0","5.0500083","353","2.1102362204724411E-2",84.2359999999999,"74.083999999999932","69.061999999999884",61.2319999999999,35.3,16.3,20.9
"BOOI4","2021-06-14 19:00",87.314,"M",1113120,"0","3.5510058","354.8","1.354330708661418E-2",84.3619999999999,"74.245999999999981","69.07999999999997",61.196,35.3,16.3,20.9
"BOOI4","2021-06-14 20:00",85.4779999999999,"M",607680,"0","2.8180046000000001","336.7","7.4015748031496078E-3",84.038,"74.389999999999958","69.097999999999956",61.2319999999999,35.3,16.3,20.9
"BOOI4","2021-06-14 21:00",77.522,"M",143136,"0","1.7000028","342.2","8.6614173228346462E-4",82.9759999999999,"74.569999999999894","69.133999999999929",61.2499999999999,35.3,16.3,20.9
"BOOI4","2021-06-14 22:00",76.4239999999999,"M",1641.6,"0","1.7570028","341.1","6.6929133858267733E-4",81.6259999999999,"74.71399999999997","69.133999999999929",61.2859999999999,35.3,16.3,20.9
"BOOI4","2021-06-14 23:00",74.048,"M",0,"0","2.6230044000000001","5.6189999999999998","1.4960629921259841E-3",80.348,"74.857999999999933","69.097999999999956",61.3039999999999,35.3,16.3,20.9
"BOOI4","2021-06-15 00:00",71.5999999999999,"M",0,"0","4.311007","7.851","2.3622047244094488E-3",79.214,"74.965999999999937","69.151999999999916",61.2859999999999,35.3,16.3,20.9
"BOOI4","2021-06-15 01:00",69.6919999999999,"49.43",0,"0","3.653006","2.1070000000000002","1.771653543307087E-3",78.1339999999999,"75.037999999999982","69.151999999999916",61.322,35.3,16.2,20.9
"BOOI4","2021-06-15 02:00",67.8919999999999,"M",0,"0","3.1970052999999998","7.0170000000000003","1.377952755905512E-3",77.1439999999999,"75.073999999999941","69.187999999999974",61.3399999999999,35.3,16.2,20.9
"BOOI4","2021-06-15 03:00",66.2539999999999,"M",0,"0","2.9360048999999999","358.2","1.141732283464567E-3",76.2079999999999,"75.055999999999969","69.187999999999974",61.3759999999999,35.3,16.2,20.9
"BOOI4","2021-06-15 04:00",65.03,"M",0,"0","2.1860037000000001","2.0369999999999999","4.7244094488188988E-4",75.2899999999999,"75.037999999999982","69.241999999999933",61.3759999999999,35.3,16.2,20.9
"BOOI4","2021-06-15 05:00",63.338,"M",0,"0","2.1320035000000002","351.7","3.1496062992125988E-4",74.4619999999999,"74.983999999999924","69.295999999999978",61.3939999999999,35.3,16.2,20.9
"BOOI4","2021-06-15 06:00",63.9859999999999,"M",25977.6,"0","3.3640056","331.3","1.181102362204725E-3",73.6699999999999,"74.929999999999978","69.331999999999951",61.4119999999999,35.2,16.2,20.9
"BOOI4","2021-06-15 07:00",69.1519999999999,"M",354960,"0","1.1930019999999999","329.8","1.023622047244095E-3",73.13,"74.821999999999974","69.331999999999951",61.4119999999999,35.2,16.2,20.9
"BOOI4","2021-06-15 08:00",72.23,"M",907920,"0","4.1260070000000004","11.77","8.1889763779527565E-3",73.238,"74.695999999999984","69.331999999999951",61.43,35.2,16.2,20.9
"BOOI4","2021-06-15 09:00",76.5499999999999,"M",1532520,"0","4.3520073999999997","14.75","1.385826771653543E-2",74.138,"74.533999999999921","69.385999999999896",61.43,35.2,16.2,20.9
"BOOI4","2021-06-15 10:00",82.2919999999999,"M",2138040,"0","3.0560049999999999","358.3","1.8385826771653551E-2",75.2899999999999,"74.389999999999958","69.403999999999883",61.4659999999999,35.1,16.2,20.9
"BOOI4","2021-06-15 11:00",82.3819999999999,"M",2663280,"0","3.3400056","7.3410000000000002","2.377952755905512E-2",76.6039999999999,"74.263999999999967","69.421999999999969",61.5019999999999,35.2,16.2,20.9
"BOOI4","2021-06-15 12:00",83.9839999999999,"M",3063600,"0","4.3440070000000004","1.4730000000000001","2.8661417322834649E-2",78.332,"74.137999999999977","69.439999999999955",61.4839999999999,35.1,16.2,20.9
"BOOI4","2021-06-15 13:00",84.848,"M",3301200,"0","5.8620095000000001","2.0979999999999999","3.2755905511811033E-2",80.222,"74.011999999999887","69.457999999999942",61.5199999999999,35.1,16.2,20.9
"BOOI4","2021-06-15 14:00",87.1699999999999,"M",3337200,"0","4.9110079999999998","23.85","3.2204724409448819E-2",82.256,"73.9939999999999","69.439999999999955",61.5199999999999,35.1,16.2,20.9
"BOOI4","2021-06-15 15:00",87.1159999999999,"M",3168000,"0","6.0720105000000002","14","3.283464566929134E-2",84.38,"73.975999999999928","69.439999999999955",61.538,35.1,16.2,20.9
"BOOI4","2021-06-15 16:00",87.53,"M",2846520,"0","4.8910083999999996","29.57","2.8937007874015749E-2",86.18,"74.047999999999959","69.439999999999955",61.5739999999999,35.1,16.1,20.9
"BOOI4","2021-06-15 17:00",90.1039999999999,"M",2368080,"0","3.7510061000000001","17.399999999999999","2.3858267716535441E-2",87.44,"74.155999999999963","69.421999999999969",61.5919999999999,35.1,16.1,20.9
"BOOI4","2021-06-15 18:00",89.3119999999999,"M",1557720,"0","3.9810064000000001","7.8040000000000003","1.834645669291339E-2",88.0339999999999,"74.335999999999899","69.421999999999969",61.5919999999999,35.2,16.1,20.9
"BOOI4","2021-06-15 19:00",88.0339999999999,"M",1109880,"0","4.9270079999999998","29.37","1.586614173228347E-2",88.1779999999999,"74.515999999999948","69.421999999999969",61.6099999999999,35.1,16.1,20.9
"BOOI4","2021-06-15 20:00",83.0659999999999,"M",596880,"0","4.0550069999999998","42.34","9.2519685039370095E-3",87.5119999999999,"74.731999999999957","69.439999999999955",61.6279999999999,35.2,16.1,20.9
"BOOI4","2021-06-15 21:00",76.8199999999999,"M",95328,"0","2.0520033999999998","54.44","8.6614173228346462E-4",86.0179999999999,"74.983999999999924","69.421999999999969",61.664,35.2,16.1,20.8
"BOOI4","2021-06-15 22:00",71.9599999999999,"M",1440,"0","2.7340045000000002","58.74","1.2992125984251971E-3",84.2179999999999,"75.163999999999973","69.403999999999883",61.646,35.2,16.1,20.8
"BOOI4","2021-06-15 23:00",69.764,"M",0,"0","1.824003","58.39","2.7559055118110242E-4",82.5259999999999,"75.343999999999909","69.421999999999969",61.664,35.2,16.1,20.9
"BOOI4","2021-06-16 00:00",67.4599999999999,"M",0,"0","2.9090050000000001","62.1","7.874015748031497E-4",80.9599999999999,"75.469999999999899","69.475999999999928",61.682,35.2,16.1,20.9
"BOOI4","2021-06-16 01:00",68.5039999999999,"62.2",0,"0","3.9980066000000001","78.790000000000006","1.141732283464567E-3",79.6279999999999,"75.595999999999989","69.457999999999942",61.7359999999999,35.2,16.1,20.8
"BOOI4","2021-06-16 02:00",66.4519999999999,"M",0,"0","4.5350074999999999","92.8","1.25984251968504E-3",78.4939999999999,"75.631999999999948","69.511999999999887",61.7179999999999,35.2,16.1,20.8
"BOOI4","2021-06-16 03:00",63.9499999999999,"M",0,"0","4.3930072999999998","92.1","9.4488188976377975E-4",77.4499999999999,"75.685999999999908","69.547999999999959",61.7359999999999,35.2,16.1,20.9
"BOOI4","2021-06-16 04:00",63.4819999999999,"M",0,"0","4.5410075000000001","82.6","7.0866141732283468E-4",76.496,"75.649999999999935","69.583999999999932",61.7539999999999,35.2,16.1,20.8
"BOOI4","2021-06-16 05:00",62.33,"M",46.8,"0","4.1850069999999997","90.1","5.1181102362204728E-4",75.614,"75.595999999999989","69.601999999999904",61.7539999999999,35.1,16.1,20.8
"BOOI4","2021-06-16 06:00",62.6359999999999,"M",25614,"0","4.9960084","103.3","6.6929133858267733E-4",74.7859999999999,"75.523999999999944","69.67399999999995",61.79,35.2,16.1,20.8
"BOOI4","2021-06-16 07:00",65.372,"M",330840,"0","6.2590110000000001","130.9","2.8740157480314958E-3",74.1919999999999,"75.379999999999981","69.709999999999908",61.8079999999999,35.1,16.1,20.8
"BOOI4","2021-06-16 08:00",68.846,"M",880200,"0","8.9600139999999993","144.9","8.3858267716535439E-3",74.246,"75.307999999999936","69.709999999999908",61.8079999999999,35.1,16.1,20.8
"BOOI4","2021-06-16 09:00",72.4099999999999,"M",1505520,"0","9.7400160000000007","153.6","1.405511811023622E-2",75.1099999999999,"75.163999999999973","69.727999999999895",61.8259999999999,35,16.1,20.8
"BOOI4","2021-06-16 10:00",75.74,"M",2072880,"0","9.2700150000000008","138.69999999999999","1.9370078740157479E-2",76.5679999999999,"75.037999999999982","69.79999999999994",61.8259999999999,35.1,16.1,20.8
"BOOI4","2021-06-16 11:00",78.53,"M",2639520,"0","10.840017","131.30000000000001","2.5354330708661419E-2",78.4939999999999,"74.893999999999906","69.79999999999994",61.8439999999999,35,16.1,20.8
"BOOI4","2021-06-16 12:00",81.2119999999999,"M",2941200,"0","10.860018999999999","133.69999999999999","2.952755905511811E-2",80.7079999999999,"74.749999999999929","69.835999999999899",61.8619999999999,35,16,20.8
"BOOI4","2021-06-16 13:00",83.5519999999999,"M",3204000,"0","10.710018","141.1","3.3267716535433083E-2",83.0119999999999,"74.641999999999925","69.835999999999899",61.88,35,16,20.8
"BOOI4","2021-06-16 14:00",86.5399999999999,"M",3236400,"0","10.310017999999999","154","3.5157480314960639E-2",85.388,"74.569999999999894","69.853999999999886",61.898,35,16,20.8
"BOOI4","2021-06-16 15:00",86.738,"M",2877840,"0","9.5300159999999998","152.30000000000001","3.2952755905511812E-2",87.6739999999999,"74.497999999999962","69.835999999999899",61.9339999999999,35,16,20.8
"BOOI4","2021-06-16 16:00",88.5019999999999,"M",2633400,"0","9.9300165000000007","151.69999999999999","3.2007874015748027E-2",89.5099999999999,"74.533999999999921","69.853999999999886",61.9339999999999,35,16,20.8
"BOOI4","2021-06-16 17:00",87.89,"M",2225880,"0","9.4500150000000005","174.6","2.929133858267717E-2",90.9319999999999,"74.623999999999953","69.835999999999899",61.9519999999999,35,16,20.8
"BOOI4","2021-06-16 18:00",87.8179999999999,"M",1596240,"0","10.190016999999999","166.2","2.5196850393700791E-2",91.49,"74.731999999999957","69.853999999999886",61.9699999999999,35,16,20.8
"BOOI4","2021-06-16 19:00",86.3239999999999,"M",847440,"0","9.7300160000000009","164.6","1.9291338582677169E-2",91.0759999999999,"74.839999999999961","69.835999999999899",62.006,35,16,20.8
"BOOI4","2021-06-16 20:00",83.8579999999999,"M",337680,"0","7.7860129999999996","158.80000000000001","1.255905511811024E-2",89.8519999999999,"75.019999999999897","69.853999999999886",62.006,35,16,20.9
"BOOI4","2021-06-16 21:00",79.7539999999999,"M",39708,"0","4.2030067000000004","142.80000000000001","5.1968503937007884E-3",88.1599999999999,"75.199999999999932","69.835999999999899",62.006,35,16,20.9
"BOOI4","2021-06-16 22:00",78.8539999999999,"M",547.2,"0","5.8390092999999998","136.69999999999999","3.2283464566929139E-3",86.414,"75.361999999999895","69.853999999999886",62.006,35.1,15.9,20.8
"BOOI4","2021-06-16 23:00",77.648,"M",0,"0","6.1810102000000002","168.2","3.0708661417322841E-3",85.0279999999999,"75.469999999999899","69.853999999999886",62.0779999999999,35.1,15.9,20.8
"BOOI4","2021-06-17 00:00",78.638,"M",0,"0","12.580021","195","4.0944881889763782E-3",83.8759999999999,"75.595999999999989","69.853999999999886",62.0599999999999,35.1,15.9,20.8
"BOOI4","2021-06-17 01:00",77.522,"62.39",0,"0","11.150019","154.30000000000001","4.0157480314960631E-3",82.9039999999999,"75.667999999999921","69.853999999999886",62.0599999999999,35.1,15.9,20.8
"BOOI4","2021-06-17 02:00",76.4239999999999,"M",0,"0","3.2420053000000002","48.55","1.377952755905512E-3",82.022,"75.721999999999966","69.871999999999971",62.0779999999999,35.1,15.9,20.8
"BOOI4","2021-06-17 03:00",74.138,"M",0,"0","4.7190075","105","1.8503937007874019E-3",81.1939999999999,"75.739999999999952","69.889999999999958",62.096,35.1,15.9,20.8
"BOOI4","2021-06-17 04:00",72.014,"M",0,"0","5.94001","123.1","1.8897637795275599E-3",80.438,"75.757999999999939","69.925999999999917",62.096,35.1,15.9,20.8
"BOOI4","2021-06-17 05:00",71.888,"M",0,"0","7.5050125000000003","131.30000000000001","1.968503937007874E-3",79.6819999999999,"75.739999999999952","69.943999999999903",62.1319999999999,35,15.9,20.8
"BOOI4","2021-06-17 06:00",71.3119999999999,"M",2185.2,"0.01","5.5080090000000004","94.8","1.2992125984251971E-3",78.9439999999999,"75.721999999999966","69.979999999999976",62.1319999999999,35,15.9,20.8
"BOOI4","2021-06-17 07:00",69.53,"M",15080.4,"0.01","3.5940059999999998","175.1","1.732283464566929E-3",78.1519999999999,"75.649999999999935","70.015999999999948",62.1679999999999,35,15.9,20.8
"BOOI4","2021-06-17 08:00",71.888,"M",171972,"0.03","7.0470119999999996","164.4","3.4251968503937009E-3",77.4319999999999,"75.595999999999989","70.033999999999921",62.1679999999999,35,15.9,20.8
"BOOI4","2021-06-17 09:00",78.6919999999999,"M",1110240,"0.01","6.1710105000000004","204.7","9.5669291338582683E-3",77.1619999999999,"75.505999999999958","70.08799999999998",62.1859999999999,34.9,15.9,20.8
"BOOI4","2021-06-17 10:00",84.4159999999999,"M",1978560,"0","11.470018","211.4","2.0669291338582679E-2",78.0259999999999,"75.451999999999913","70.08799999999998",62.1859999999999,34.9,15.9,20.8
"BOOI4","2021-06-17 11:00",88.7539999999999,"M",2498760,"0","12.440021","218.3","3.0275590551181109E-2",79.2679999999999,"75.343999999999909","70.123999999999953",62.2039999999999,34.9,15.9,20.8
"BOOI4","2021-06-17 12:00",92.39,"M",2905200,"0","14.310022999999999","220","3.7047244094488202E-2",81.1759999999999,"75.253999999999891","70.123999999999953",62.24,34.9,15.9,20.8
"BOOI4","2021-06-17 13:00",96.3499999999999,"M",2898000,"0","15.750026999999999","226.9","4.4645669291338577E-2",83.498,"75.181999999999945","70.141999999999925",62.24,34.9,15.9,20.8
"BOOI4","2021-06-17 14:00",98.8159999999999,"M",3114000,"0","16.020025","226.5","4.9330708661417318E-2",85.748,"75.145999999999987","70.159999999999911",62.24,34.9,15.8,20.8
"BOOI4","2021-06-17 15:00",99.8419999999999,"M",3034800,"0","17.130030000000001","229","5.1338582677165373E-2",87.98,"75.091999999999928","70.195999999999984",62.2759999999999,34.8,15.8,20.8
"BOOI4","2021-06-17 16:00",101.066,"M",2529000,"0","17.950030999999999","231.9","5.0314960629921267E-2",89.69,"75.109999999999914","70.177999999999898",62.2939999999999,34.8,15.8,20.8
"BOOI4","2021-06-17 17:00",98.006,"M",1356840,"0","15.160024999999999","240.9","3.8188976377952759E-2",90.698,"75.181999999999945","70.195999999999984",62.3119999999999,34.9,15.8,20.8
"BOOI4","2021-06-17 18:00",95.756,"M",857520,"0","9.2300160000000009","210.8","2.326771653543307E-2",90.3379999999999,"75.271999999999977","70.177999999999898",62.3119999999999,34.9,15.8,20.8
"BOOI4","2021-06-17 19:00",92.4079999999999,"M",277056,"0","9.5400150000000004","187.5","1.7716535433070869E-2",89.3839999999999,"75.397999999999954","70.195999999999984",62.3119999999999,34.8,15.8,20.8
"BOOI4","2021-06-17 20:00",89.6359999999999,"M",511920,"0","8.1000130000000006","184.1","1.385826771653543E-2",88.3939999999999,"75.523999999999944","70.177999999999898",62.348,34.8,15.8,20.8
"BOOI4","2021-06-17 21:00",85.5679999999999,"M",76860,"0","9.6700160000000004","176.5","8.3464566929133868E-3",87.3499999999999,"75.649999999999935","70.195999999999984",62.348,34.8,15.8,20.8
"BOOI4","2021-06-17 22:00",84.6319999999999,"M",1292.4,"0","10.050015999999999","181.8","4.1732283464566934E-3",86.1259999999999,"75.793999999999912","70.21399999999997",62.3659999999999,34.9,15.8,20.8
"BOOI4","2021-06-17 23:00",84.5419999999999,"M",0,"0","10.940018","189.4","4.0551181102362211E-3",84.9919999999999,"75.901999999999916","70.21399999999997",62.4019999999999,34.9,15.9,20.8
"BOOI4","2021-06-18 00:00",82.814,"M",0,"0","10.510016999999999","208","3.779527559055119E-3",84.0919999999999,"75.991999999999933","70.249999999999929",62.4199999999999,34.9,15.9,20.8
"BOOI4","2021-06-18 01:00",79.8079999999999,"81.099999999999994",0,"0","6.8610115","254.7","2.1653543307086618E-3",83.246,"76.063999999999965","70.249999999999929",62.438,34.9,15.8,20.8
"BOOI4","2021-06-18 02:00",79.538,"M",0,"0","7.6390123000000001","249.9","2.283464566929135E-3",82.4539999999999,"76.117999999999924","70.285999999999902",62.438,34.9,15.8,20.8
"BOOI4","2021-06-18 03:00",77.9359999999999,"M",0,"0","7.8080129999999999","274.3","2.6771653543307089E-3",81.6259999999999,"76.153999999999883","70.303999999999888",62.456,34.9,15.8,20.8
"BOOI4","2021-06-18 04:00",75.5779999999999,"M",0,"0","7.3950123999999997","357.8","1.5354330708661421E-3",80.906,"76.189999999999955","70.321999999999974",62.4739999999999,34.8,15.8,20.8
"BOOI4","2021-06-18 05:00",73.6519999999999,"M",0,"0","7.0740119999999997","14.07","1.220472440944882E-3",80.2939999999999,"76.135999999999896","70.37599999999992",62.4919999999999,34.8,15.8,20.8
"BOOI4","2021-06-18 06:00",71.9779999999999,"M",17798.4,"0","7.8140130000000001","14.18","1.220472440944882E-3",79.6099999999999,"76.117999999999924","70.393999999999906",62.5099999999999,34.8,15.8,20.8
"BOOI4","2021-06-18 07:00",72.482,"M",268992,"0","6.4430110000000003","7.0060000000000002","2.283464566929135E-3",78.9439999999999,"76.099999999999937","70.411999999999892",62.5099999999999,34.8,15.8,20.8
"BOOI4","2021-06-18 08:00",73.832,"M",614520,"0","5.2260084000000004","15.79","5.6299212598425203E-3",78.7279999999999,"76.045999999999978","70.447999999999965",62.546,34.8,15.8,20.8
"BOOI4","2021-06-18 09:00",73.8499999999999,"M",272052,"0","3.9340065000000002","321.39999999999998","3.9763779527559068E-3",78.656,"75.973999999999947","70.447999999999965",62.546,34.8,15.8,20.8
"BOOI4","2021-06-18 10:00",76.4599999999999,"M",1063800,"0","9.1100159999999999","45.26","1.110236220472441E-2",78.6919999999999,"75.901999999999916","70.483999999999924",62.564,34.8,15.8,20.8
"BOOI4","2021-06-18 11:00",80.5999999999999,"M",1517400,"0","8.6300139999999992","58.08","1.7322834645669291E-2",79.2859999999999,"75.811999999999884","70.483999999999924",62.582,34.7,15.8,20.8
"BOOI4","2021-06-18 12:00",82.2739999999999,"M",2197440,"0","6.4650106000000003","141.9","2.2795275590551181E-2",80.906,"75.757999999999939","70.50199999999991",62.582,34.7,15.8,20.8
"BOOI4","2021-06-18 13:00",83.264,"M",1324800,"0","4.4930070000000004","143.4","1.582677165354331E-2",82.6339999999999,"75.667999999999921","70.519999999999897",62.5999999999999,34.7,15.8,20.8
"BOOI4","2021-06-18 14:00",86.7199999999999,"M",2255760,"0","4.0640070000000001","220.3","2.1929133858267721E-2",83.8759999999999,"75.613999999999962","70.519999999999897",62.6539999999999,34.7,15.8,20.8
"BOOI4","2021-06-18 15:00",89.0419999999999,"M",2916000,"0","2.7350043999999998","55.42","2.6141732283464569E-2",86.414,"75.577999999999903","70.555999999999969",62.6539999999999,34.7,15.8,20.8
"BOOI4","2021-06-18 16:00",88.0159999999999,"M",1904760,"0","3.3820057000000001","73.900000000000006","2.0118110236220479E-2",88.7359999999999,"75.577999999999903","70.555999999999969",62.6539999999999,34.7,15.8,20.8
"BOOI4","2021-06-18 17:00",88.0519999999999,"M",1413360,"0","3.2300053000000002","156.19999999999999","1.6062992125984249E-2",89.4199999999999,"75.595999999999989","70.573999999999941",62.672,34.7,15.8,20.8
"BOOI4","2021-06-18 18:00",89.798,"M",1695240,"0","4.0070066000000004","148.6","1.8818897637795279E-2",89.9599999999999,"75.685999999999908","70.555999999999969",62.69,34.7,15.8,20.8
"BOOI4","2021-06-18 19:00",87.53,"M",639000,"0","2.481004","106.6","9.0944881889763792E-3",90.032,"75.757999999999939","70.573999999999941",62.7079999999999,34.7,15.7,20.8
"BOOI4","2021-06-18 20:00",85.496,"M",240372,"0","4.9000080000000001E-2","43.18","1.614173228346457E-3",88.8619999999999,"75.883999999999929","70.573999999999941",62.7079999999999,34.6,15.7,20.8
"BOOI4","2021-06-18 21:00",79.664,"M",130248,"0","1.3780022999999999","159.9","2.3622047244094491E-4",87.548,"75.991999999999933","70.609999999999914",62.7079999999999,34.7,15.7,20.8
"BOOI4","2021-06-18 22:00",76.6939999999999,"M",2163.6,"0","2.0330032999999998","205.3","1.023622047244095E-3",86.072,"76.099999999999937","70.591999999999928",62.7619999999999,34.7,15.7,20.8
"BOOI4","2021-06-18 23:00",76.6939999999999,"M",0,"0","1.7220028999999999","4.4240000000000004","8.6614173228346462E-4",84.6319999999999,"76.189999999999955","70.591999999999928",62.7439999999999,34.7,15.7,20.8
"BOOI4","2021-06-19 00:00",70.9159999999999,"M",0,"0","1.6850027999999999","336.8","8.2677165354330727E-4",83.0839999999999,"76.279999999999973","70.609999999999914",62.7619999999999,34.7,15.7,20.8
"BOOI4","2021-06-19 01:00",69.188,"80.599999999999994",0,"0","1.5080024999999999","256.89999999999998","1.5748031496062989E-4",81.7159999999999,"76.369999999999891","70.645999999999987",62.78,34.7,15.7,20.8
"BOOI4","2021-06-19 02:00",71.438,"M",0,"0","3.3900055999999998","244.8","1.25984251968504E-3",80.6179999999999,"76.351999999999904","70.663999999999973",62.816,34.7,15.7,20.8
"BOOI4","2021-06-19 03:00",66.83,"M",0,"0","3.9720065999999998","236.7","9.8425196850393721E-4",79.5739999999999,"76.333999999999932","70.663999999999973",62.8339999999999,34.6,15.7,20.8
"BOOI4","2021-06-19 04:00",68.8099999999999,"M",3.6,"0","4.1800069999999998","260.7","6.2992125984251976E-4",78.5659999999999,"76.315999999999946","70.681999999999945",62.8339999999999,34.6,15.7,20.8
"BOOI4","2021-06-19 05:00",69.2779999999999,"M",0,"0","8.5600140000000007","352.5","2.4803149606299211E-3",77.738,"76.2439999999999","70.681999999999945",62.8519999999999,34.6,15.7,20.8
"BOOI4","2021-06-19 06:00",66.506,"M",18468,"0","7.6580130000000004","13.31","2.7165354330708669E-3",76.8919999999999,"76.207999999999942","70.735999999999905",62.8519999999999,34.6,15.7,20.8
"BOOI4","2021-06-19 07:00",68.18,"M",315720,"0","6.7250113000000002","12.86","5.3937007874015758E-3",76.1539999999999,"76.117999999999924","70.753999999999891",62.888,34.6,15.7,20.8
"BOOI4","2021-06-19 08:00",70.88,"M",873360,"0","8.4900140000000004","9.6","1.133858267716535E-2",75.8839999999999,"75.991999999999933","70.771999999999977",62.906,34.6,15.6,20.8
"BOOI4","2021-06-19 09:00",74.5159999999999,"M",1504800,"0","9.6600160000000006","15.73","1.7362204724409452E-2",76.388,"75.901999999999916","70.789999999999949",62.888,34.5,15.6,20.8
"BOOI4","2021-06-19 10:00",76.172,"M",2116800,"0","8.5000140000000002","15.93","2.1968503937007881E-2",77.7019999999999,"75.739999999999952","70.789999999999949",62.9419999999999,34.6,15.6,20.8
"BOOI4","2021-06-19 11:00",79.5199999999999,"M",2654280,"0","6.695011","7.6079999999999997","2.547244094488189E-2",79.6099999999999,"75.577999999999903","70.789999999999949",62.9419999999999,34.5,15.6,20.8
"BOOI4","2021-06-19 12:00",81.356,"M",3063600,"0","6.0940099999999999","350.8","2.8818897637795281E-2",81.9679999999999,"75.451999999999913","70.825999999999922",62.9419999999999,34.5,15.6,20.8
"BOOI4","2021-06-19 13:00",83.156,"M",3315600,"0","5.4460090000000001","344.2","3.090551181102363E-2",84.6679999999999,"75.361999999999895","70.771999999999977",62.9779999999999,34.4,15.6,20.8
"BOOI4","2021-06-19 14:00",85.406,"M",3376800,"0","4.6220074000000002","336.8","3.1496062992125991E-2",87.332,"75.271999999999977","70.825999999999922",62.9779999999999,34.4,15.6,20.8
"BOOI4","2021-06-19 15:00",87.0619999999999,"M",3232800,"0","3.9200064999999999","333.1","3.0236220472440949E-2",89.9239999999999,"75.253999999999891","70.825999999999922",62.996,34.4,15.6,20.8
"BOOI4","2021-06-19 16:00",89.0419999999999,"M",2863440,"0","5.0610084999999998","330.3","2.9330708661417331E-2",92.012,"75.325999999999922","70.789999999999949",63.014,34.4,15.6,20.8
"BOOI4","2021-06-19 17:00",88.5919999999999,"M",2410560,"0","5.4680090000000003","299.2","2.6692913385826779E-2",93.2179999999999,"75.397999999999954","70.789999999999949",63.0319999999999,34.4,15.6,20.8
"BOOI4","2021-06-19 18:00",87.53,"M",1609920,"0","4.0950065000000002","319.7","1.8818897637795279E-2",93.5779999999999,"75.541999999999931","70.807999999999936",63.0499999999999,34.4,15.5,20.8
"BOOI4","2021-06-19 19:00",84.506,"M",798840,"0","5.382009","328.3","1.44488188976378E-2",92.6779999999999,"75.721999999999966","70.789999999999949",63.0499999999999,34.4,15.5,20.8
"BOOI4","2021-06-19 20:00",80.438,"M",283536,"0","3.9270065000000001","337","8.1102362204724422E-3",90.8239999999999,"75.937999999999974","70.789999999999949",63.0679999999999,34.5,15.5,20.8
"BOOI4","2021-06-19 21:00",77.1439999999999,"M",50868,"0","2.445004","30.51","3.0708661417322841E-3",88.7899999999999,"76.099999999999937","70.771999999999977",63.0859999999999,34.5,15.5,20.8
"BOOI4","2021-06-19 22:00",74.498,"M",928.8,"0","2.5470041999999999","16.89","1.8110236220472439E-3",86.846,"76.315999999999946","70.753999999999891",63.1039999999999,34.5,15.5,20.8
"BOOI4","2021-06-19 23:00",72.23,"M",0,"0","3.010005","41.94","1.6929133858267721E-3",85.046,"76.441999999999936","70.771999999999977",63.122,34.5,15.5,20.8
"BOOI4","2021-06-20 00:00",66.7039999999999,"M",0,"0","4.2960070000000004","57.95","1.8110236220472439E-3",83.4439999999999,"76.54999999999994","70.789999999999949",63.122,34.4,15.5,20.8
"BOOI4","2021-06-20 01:00",72.2839999999999,"50.87",0,"0","4.8070079999999997","77.75","2.204724409448819E-3",82.1119999999999,"76.621999999999971","70.789999999999949",63.1579999999999,34.4,15.5,20.8
"BOOI4","2021-06-20 02:00",69.89,"M",0,"0","4.4070070000000001","104.6","2.3228346456692921E-3",81.1039999999999,"76.621999999999971","70.825999999999922",63.1579999999999,34.4,15.5,20.8
"BOOI4","2021-06-20 03:00",69.638,"M",0,"0","5.8420100000000001","116.8","2.6771653543307089E-3",80.222,"76.639999999999958","70.825999999999922",63.1579999999999,34.5,15.5,20.8
"BOOI4","2021-06-20 04:00",70.0519999999999,"M",0,"0","5.6950089999999998","89.3","2.5984251968503942E-3",79.43,"76.603999999999886","70.879999999999981",63.1759999999999,34.4,15.5,20.8
"BOOI4","2021-06-20 05:00",65.9659999999999,"M",0,"0.03","2.1760036999999999","173.6","6.6929133858267733E-4",78.746,"76.54999999999994","70.879999999999981",63.1939999999999,34.4,15.5,20.8
"BOOI4","2021-06-20 06:00",66.1279999999999,"M",586.8,"0.14000000000000001","5.8840094000000001","212","3.9370078740157491E-4",77.9359999999999,"76.477999999999895","70.897999999999954",63.2119999999999,34.4,15.4,20.8
"BOOI4","2021-06-20 07:00",67.4779999999999,"M",7686,"0.18","7.4510120000000004","174","4.7244094488188988E-4",76.874,"76.387999999999977","70.933999999999926",63.23,34.5,15.4,20.8
"BOOI4","2021-06-20 08:00",68.4679999999999,"M",72684,"0.02","10.550017","165.9","5.905511811023623E-4",75.848,"76.297999999999959","70.951999999999913",63.248,34.5,15.4,20.8
"BOOI4","2021-06-20 09:00",67.874,"M",188604,"0.08","8.3800139999999992","185.2","1.4960629921259841E-3",75.2539999999999,"76.171999999999969","71.005999999999958",63.248,34.5,15.4,20.8
"BOOI4","2021-06-20 10:00",68.1619999999999,"M",435240,"0.02","6.990011","156.5","3.3070866141732291E-3",74.93,"76.00999999999992","70.969999999999899",63.2659999999999,34.4,15.4,20.8
"BOOI4","2021-06-20 11:00",71.2939999999999,"M",1883520,"0","9.3800159999999995","179.4","1.1535433070866141E-2",75.272,"75.901999999999916","70.987999999999985",63.2659999999999,34.4,15.4,20.8
"BOOI4","2021-06-20 12:00",75.146,"M",2830320,"0","10.260016","180.1","1.9606299212598429E-2",77.3599999999999,"75.739999999999952","71.005999999999958",63.2839999999999,34.4,15.4,20.8
"BOOI4","2021-06-20 13:00",78.5119999999999,"M",3229200,"0","11.090018000000001","193.1","2.3385826771653549E-2",79.538,"75.595999999999989","71.005999999999958",63.3019999999999,34.4,15.4,20.8
"BOOI4","2021-06-20 14:00",81.1039999999999,"M",2966400,"0","9.5900160000000003","204.4","2.3149606299212599E-2",81.5539999999999,"75.487999999999985","71.023999999999944",63.3019999999999,34.3,15.4,20.8
"BOOI4","2021-06-20 15:00",82.1839999999999,"M",1661400,"0","7.2900124000000002","235.7","1.6023622047244099E-2",82.4179999999999,"75.397999999999954","71.023999999999944",63.3019999999999,34.3,15.4,20.8
"BOOI4","2021-06-20 16:00",82.238,"M",1279080,"0","7.5220127000000003","261.8","1.377952755905512E-2",82.1659999999999,"75.325999999999922","71.023999999999944",63.338,34.4,15.5,20.8
"BOOI4","2021-06-20 17:00",83.39,"M",1831320,"0","10.240017","274.7","1.858267716535433E-2",82.472,"75.271999999999977","71.023999999999944",63.3199999999999,34.4,15.4,20.8
"BOOI4","2021-06-20 18:00",83.8759999999999,"M",1402920,"0","11.240019","274.5","1.6614173228346459E-2",82.58,"75.307999999999936","71.005999999999958",63.338,34.4,15.4,20.8
"BOOI4","2021-06-20 19:00",77.5759999999999,"M",943920,"0","16.500029000000001","295.8","1.610236220472441E-2",82.3099999999999,"75.379999999999981","71.005999999999958",63.374,34.4,15.5,20.8
"BOOI4","2021-06-20 20:00",75.4339999999999,"M",441360,"0","17.910028000000001","307.89999999999998","1.4409448818897641E-2",80.8519999999999,"75.397999999999954","70.969999999999899",63.3919999999999,34.4,15.4,20.8
"BOOI4","2021-06-20 21:00",70.9339999999999,"M",130500,"0","15.160024999999999","311.8","8.3858267716535439E-3",79.124,"75.433999999999926","70.91599999999994",63.3919999999999,34.4,15.4,20.8
"BOOI4","2021-06-20 22:00",67.3699999999999,"M",1476,"0","13.690022000000001","317.7","2.3622047244094488E-3",77.18,"75.451999999999913","70.933999999999926",63.3919999999999,34.4,15.4,20.8
"BOOI4","2021-06-20 23:00",64.9939999999999,"M",0,"0","11.380018","322.3","1.574803149606299E-3",75.4159999999999,"75.469999999999899","70.897999999999954",63.3919999999999,34.4,15.4,20.8
"BOOI4","2021-06-21 00:00",63.4819999999999,"M",0,"0","12.920021","338.1","1.2992125984251971E-3",73.832,"75.451999999999913","70.91599999999994",63.4279999999999,34.4,15.4,20.8
"BOOI4","2021-06-21 01:00",61.5019999999999,"85.5",0,"0","14.040023","341.7","9.8425196850393721E-4",72.5359999999999,"75.397999999999954","70.91599999999994",63.446,34.4,15.4,20.8
"BOOI4","2021-06-21 02:00",59.8279999999999,"M",0,"0","8.6300139999999992","333.6","5.905511811023623E-4",71.3119999999999,"75.289999999999949","70.879999999999981",63.464,34.4,15.4,20.8
"BOOI4","2021-06-21 03:00",58.8919999999999,"M",0,"0","7.4970119999999998","304.3","3.9370078740157491E-4",70.196,"75.181999999999945","70.91599999999994",63.464,34.3,15.4,20.8
"BOOI4","2021-06-21 04:00",57.7939999999999,"M",0,"0","8.8000144999999996","304.39999999999998","2.7559055118110242E-4",69.2419999999999,"75.055999999999969","70.897999999999954",63.4819999999999,34.3,15.4,20.8
"BOOI4","2021-06-21 05:00",57.0019999999999,"M",10.8,"0","7.0640115999999997","319.3","1.181102362204725E-4",68.288,"74.87599999999992","70.879999999999981",63.464,34.3,15.4,20.8
"BOOI4","2021-06-21 06:00",56.2099999999999,"M",31068,"0","5.9500099999999998","321.10000000000002","2.7559055118110242E-4",67.3699999999999,"74.71399999999997","70.861999999999895",63.4999999999999,34.3,15.4,20.8
"BOOI4","2021-06-21 07:00",58.172,"M",319680,"0","7.3960122999999998","310.89999999999998","1.8110236220472439E-3",66.6859999999999,"74.515999999999948","70.843999999999909",63.4999999999999,34.2,15.4,20.8
"BOOI4","2021-06-21 08:00",58.622,"M",784080,"0","8.8200149999999997","314.39999999999998","6.6535433070866153E-3",66.4699999999999,"74.29999999999994","70.861999999999895",63.5179999999999,34.2,15.4,20.8
"BOOI4","2021-06-21 09:00",61.6279999999999,"M",1452240,"0","10.210017000000001","326.60000000000002","1.1259842519685041E-2",66.9019999999999,"74.101999999999904","70.843999999999909",63.5359999999999,34.2,15.3,20.8
"BOOI4","2021-06-21 10:00",62.8699999999999,"M",1851840,"0","10.460017000000001","323.10000000000002","1.5078740157480321E-2",68.1259999999999,"73.885999999999896","70.807999999999936",63.5179999999999,34.1,15.3,20.8
"BOOI4","2021-06-21 11:00",64.4539999999999,"M",2734920,"0","12.360021","334.4","2.2519685039370081E-2",69.8179999999999,"73.651999999999916","70.771999999999977",63.5359999999999,34.1,15.3,20.8
"BOOI4","2021-06-21 12:00",66.7579999999999,"M",3114000,"0","13.580023000000001","336","2.6574803149606301E-2",71.9599999999999,"73.435999999999908","70.753999999999891",63.5539999999999,34.1,15.3,20.8
"BOOI4","2021-06-21 13:00",67.2439999999999,"M",3430800,"0","14.390024","328.8","2.984251968503937E-2",74.3539999999999,"73.255999999999958","70.717999999999918",63.572,34,15.3,20.8
"BOOI4","2021-06-21 14:00",67.7659999999999,"M",3416400,"0","13.240022","327.5","3.062992125984253E-2",76.8919999999999,"73.093999999999909","70.663999999999973",63.572,34,15.3,20.8
"BOOI4","2021-06-21 15:00",67.8019999999999,"M",3236400,"0","13.500022","330","3.1062992125984259E-2",79.0159999999999,"72.985999999999905","70.663999999999973",63.6079999999999,34,15.3,20.8
"BOOI4","2021-06-21 16:00",70.214,"M",2736360,"0","12.11002","325.39999999999998","2.8346456692913389E-2",80.438,"72.895999999999987","70.591999999999928",63.6079999999999,34,15.2,20.8
"BOOI4","2021-06-21 17:00",69.3859999999999,"M",2442240,"0","13.020021","332.8","2.7559055118110239E-2",81.1939999999999,"72.859999999999914","70.537999999999982",63.6079999999999,34,15.2,20.8
"BOOI4","2021-06-21 18:00",69.89,"M",1895760,"0","12.620020999999999","334.1","2.4212598425196859E-2",81.2119999999999,"72.859999999999914","70.483999999999924",63.6079999999999,34,15.2,20.8
"BOOI4","2021-06-21 19:00",68.7739999999999,"M",1140480,"0","10.240017","328.4","1.830708661417323E-2",80.5999999999999,"72.877999999999901","70.429999999999978",63.6259999999999,34,15.3,20.8
"BOOI4","2021-06-21 20:00",66.7939999999999,"M",650520,"0","8.9500150000000005","343.7","1.3031496062992131E-2",79.0519999999999,"72.913999999999973","70.393999999999906",63.6439999999999,33.9,15.3,20.8
"BOOI4","2021-06-21 21:00",60.98,"M",162072,"0","4.8570080000000004","343.6","4.2913385826771656E-3",77.1079999999999,"72.931999999999945","70.339999999999961",63.6439999999999,33.9,15.3,20.8
"BOOI4","2021-06-21 22:00",58.6759999999999,"M",1659.6,"0","1.3570023","341.5","-1.5748031496062989E-4",75.056,"72.967999999999918","70.285999999999902",63.6439999999999,33.9,15.2,20.8
"BOOI4","2021-06-21 23:00",56.2099999999999,"M",0,"0","0.13900024","342.1","-1.4566929133858269E-3",73.2199999999999,"72.949999999999932","70.249999999999929",63.6439999999999,33.9,15.2,20.8
"BOOI4","2021-06-22 00:00",52.8619999999999,"M",0,"0","2.8000046000000001E-2","202.8","-1.4960629921259841E-3",71.5999999999999,"72.931999999999945","70.195999999999984",63.6439999999999,33.9,15.2,20.8
"BOOI4","2021-06-22 01:00",52.1599999999999,"73.7",0,"0","1.0370017","185.3","-5.905511811023623E-4",70.124,"72.895999999999987","70.159999999999911",63.6619999999999,34,15.2,20.8
"BOOI4","2021-06-22 02:00",50.738,"M",0,"0","2.6000044","196.7","-1.181102362204725E-4",68.8099999999999,"72.787999999999982","70.123999999999953",63.68,34,15.2,20.8
"BOOI4","2021-06-22 03:00",51.6919999999999,"M",0,"0","3.0200049999999998","209","-3.9370078740157492E-5",67.5859999999999,"72.697999999999965","70.105999999999966",63.6619999999999,33.9,15.2,20.8
"BOOI4","2021-06-22 04:00",49.8019999999999,"M",0,"0","2.7370047999999998","195","-1.5748031496062989E-4",66.506,"72.499999999999929","70.069999999999894",63.698,33.9,15.2,20.8
"BOOI4","2021-06-22 05:00",48.7759999999999,"M",0,"0","2.3450039999999999","194.9","-3.5433070866141729E-4",65.5339999999999,"72.33799999999998","70.051999999999907",63.7159999999999,33.9,15.2,20.7
"BOOI4","2021-06-22 06:00",47.8039999999999,"M",16120.8,"0","1.8330029999999999","193","-5.1181102362204728E-4",64.6339999999999,"72.139999999999958","70.033999999999921",63.7159999999999,33.8,15.1,20.8
"BOOI4","2021-06-22 07:00",53.7439999999999,"M",341640,"0","2.5940042000000001","172.2","6.2992125984251976E-4",64.0939999999999,"71.92399999999995","69.979999999999976",63.7339999999999,33.8,15.1,20.8
"BOOI4","2021-06-22 08:00",59.756,"M",890640,"0","4.2650069999999998","182.7","5.3937007874015758E-3",64.3279999999999,"71.707999999999942","69.943999999999903",63.7339999999999,33.8,15.1,20.8
"BOOI4","2021-06-22 09:00",65.3179999999999,"M",1525320,"0","8.1700130000000009","189.5","1.25984251968504E-2",65.6599999999999,"71.45599999999996","69.871999999999971",63.7159999999999,33.8,15.1,20.7
"BOOI4","2021-06-22 10:00",69.1339999999999,"M",2120040,"0","10.110016","215.1","1.854330708661418E-2",67.7659999999999,"71.20399999999988","69.889999999999958",63.7159999999999,33.8,15.1,20.7
"BOOI4","2021-06-22 11:00",74.5339999999999,"M",2472480,"0","9.5100154999999997","215.6","2.240157480314961E-2",70.3939999999999,"70.969999999999899","69.835999999999899",63.7339999999999,33.7,15.1,20.7
"BOOI4","2021-06-22 12:00",78.2239999999999,"M",3020400,"0","9.2100150000000003","213.7","2.8267716535433071E-2",73.7239999999999,"70.789999999999949","69.763999999999967",63.7339999999999,33.6,15.1,20.7
"BOOI4","2021-06-22 13:00",80.33,"M",3290400,"0","8.3700139999999994","223.9","3.118110236220473E-2",77.5759999999999,"70.573999999999941","69.691999999999936",63.7339999999999,33.6,15.1,20.8
"BOOI4","2021-06-22 14:00",80.348,"M",2037960,"0","8.4000140000000005","221.7","2.4842519685039369E-2",80.906,"70.483999999999924","69.637999999999977",63.7339999999999,33.6,15.1,20.7
"BOOI4","2021-06-22 15:00",73.688,"M",1226160,"0","13.170021999999999","213.8","2.0472440944881889E-2",81.248,"70.447999999999965","69.601999999999904",63.7339999999999,33.6,15.1,20.7
"BOOI4","2021-06-22 16:00",66.3619999999999,"M",262980,"0.05","7.5750127000000003","213.5","5.8267716535433077E-3",79.772,"70.50199999999991","69.4939999999999",63.7519999999999,33.6,15.1,20.7
"BOOI4","2021-06-22 17:00",71.6539999999999,"M",1222560,"0","6.4510107000000003","147.80000000000001","9.6062992125984271E-3",77.7739999999999,"70.573999999999941","69.439999999999955",63.7339999999999,33.6,15.1,20.7
"BOOI4","2021-06-22 18:00",68.648,"M",725760,"0.01","7.2280119999999997","133.30000000000001","7.7952755905511834E-3",77.2699999999999,"70.699999999999932","69.349999999999937",63.7339999999999,33.7,15.1,20.8
"BOOI4","2021-06-22 19:00",66.056,"M",73224,"0.01","6.5130109999999997","95.9","2.244094488188977E-3",75.614,"70.825999999999922","69.331999999999951",63.7339999999999,33.7,15,20.7
"BOOI4","2021-06-22 20:00",64.5439999999999,"M",58320,"0.21","7.2710119999999998","80.599999999999994","1.141732283464567E-3",73.9579999999999,"70.987999999999985","69.25999999999992",63.7339999999999,33.9,15,20.8
"BOOI4","2021-06-22 21:00",64.346,"M",6591.6,"0","8.8300140000000003","94.2","1.0629921259842519E-3",72.356,"71.077999999999903","69.187999999999974",63.7339999999999,33.9,15.1,20.7
"BOOI4","2021-06-22 22:00",64.1839999999999,"M",1216.8,"0","8.5700140000000005","78.69","3.1496062992125988E-4",71.2039999999999,"71.149999999999935","69.151999999999916",63.7519999999999,33.9,15.1,20.7
"BOOI4","2021-06-22 23:00",64.7239999999999,"M",1216.8,"0.11","7.5830126","92.6","2.7559055118110242E-4",70.2859999999999,"71.185999999999908","69.115999999999943",63.7519999999999,33.9,15.1,20.7
"BOOI4","2021-06-23 00:00",63.5179999999999,"M",1216.8,"0.01","11.510019","110.1","3.1496062992125988E-4",69.44,"71.167999999999921","69.097999999999956",63.788,34,15.2,20.7
"BOOI4","2021-06-23 01:00",63.0319999999999,"96.8",1209.6,"0","8.5300139999999995","103.4","1.968503937007874E-4",68.8279999999999,"71.149999999999935","69.043999999999912",63.7339999999999,34,15.2,20.7
"BOOI4","2021-06-23 02:00",62.2939999999999,"M",1209.6,"0.05","10.890018","110.5","1.968503937007874E-4",68.1439999999999,"71.095999999999989","68.989999999999952",63.7519999999999,33.9,15.2,20.7
"BOOI4","2021-06-23 03:00",61.682,"M",1173.6,"0","10.490017999999999","131.5","1.5748031496062989E-4",67.4239999999999,"71.023999999999944","69.007999999999939",63.7339999999999,34,15.2,20.7
"BOOI4","2021-06-23 04:00",61.106,"M",1173.6,"0","7.253012","147.6","1.181102362204725E-4",66.722,"70.933999999999926","68.989999999999952",63.7339999999999,33.9,15.2,20.7
"BOOI4","2021-06-23 05:00",60.89,"M",1173.6,"0","7.9060129999999997","155.9","7.874015748031497E-5",66.1819999999999,"70.807999999999936","68.935999999999908",63.7339999999999,33.9,15.2,20.7
"BOOI4","2021-06-23 06:00",61.6279999999999,"M",8557.2,"0","6.3420104999999998","164.1","1.5748031496062989E-4",65.84,"70.663999999999973","68.917999999999921",63.7159999999999,33.8,15.1,20.7
"BOOI4","2021-06-23 07:00",62.888,"M",223812,"0","5.6930094000000002","167.8","7.0866141732283468E-4",65.5519999999999,"70.537999999999982","68.881999999999948",63.7339999999999,33.8,15.1,20.7
"BOOI4","2021-06-23 08:00",67.7119999999999,"M",839520,"0","6.5520110000000003","174.4","4.6456692913385833E-3",65.8759999999999,"70.37599999999992","68.899999999999935",63.7339999999999,33.8,15.1,20.7
"BOOI4","2021-06-23 09:00",71.114,"M",1414800,"0","9.9400169999999992","201.4","1.062992125984252E-2",67.0999999999999,"70.267999999999915","68.863999999999962",63.7159999999999,33.8,15.1,20.7
"BOOI4","2021-06-23 10:00",74.3539999999999,"M",2087640,"0","12.330021","219","1.7401574803149609E-2",68.648,"70.08799999999998","68.809999999999917",63.7339999999999,33.9,15.1,20.7
"BOOI4","2021-06-23 11:00",77.5759999999999,"M",2588040,"0","13.120022000000001","226.8","2.2047244094488199E-2",70.4659999999999,"69.925999999999917","68.791999999999931",63.7159999999999,33.8,15.1,20.7
"BOOI4","2021-06-23 12:00",79.6099999999999,"M",2977200,"0","12.100020000000001","231.5","2.5511811023622051E-2",72.7159999999999,"69.817999999999913","68.755999999999958",63.7159999999999,33.8,15.1,20.7
"BOOI4","2021-06-23 13:00",81.572,"M",3106800,"0","11.720019000000001","215.3","2.6929133858267722E-2",74.9839999999999,"69.709999999999908","68.737999999999985",63.7159999999999,33.8,15.1,20.7
"BOOI4","2021-06-23 14:00",83.4439999999999,"M",3261600,"0","11.850019","214.3","2.8897637795275599E-2",77.2159999999999,"69.691999999999936","68.647999999999954",63.698,33.8,15,20.7
"BOOI4","2021-06-23 15:00",84.4519999999999,"M",3074400,"0","12.500019999999999","199.6","2.818897637795276E-2",79.1419999999999,"69.709999999999908","68.629999999999981",63.68,33.8,15,20.7
"BOOI4","2021-06-23 16:00",85.082,"M",2731680,"0","12.30002","197.6","2.653543307086615E-2",80.9239999999999,"69.781999999999954","68.593999999999909",63.68,33.9,15,20.7
"BOOI4","2021-06-23 17:00",85.8199999999999,"M",2327400,"0","12.410019999999999","190.3","2.401574803149607E-2",82.3999999999999,"69.907999999999944","68.521999999999977",63.68,33.8,15,20.7
"BOOI4","2021-06-23 18:00",85.082,"M",1580040,"0","11.930019","193.3","1.9015748031496069E-2",82.94,"70.069999999999894","68.503999999999891",63.68,33.9,15,20.7
"BOOI4","2021-06-23 19:00",83.732,"M",1018800,"0","11.680018","188.7","1.4566929133858269E-2",82.8499999999999,"70.249999999999929","68.449999999999932",63.68,33.8,15,20.7
"BOOI4","2021-06-23 20:00",81.5179999999999,"M",532440,"0","10.510016999999999","189.9","9.7244094488188985E-3",81.8419999999999,"70.483999999999924","68.413999999999973",63.6619999999999,33.9,15,20.7
"BOOI4","2021-06-23 21:00",77.7019999999999,"M",103860,"0","7.3240122999999997","187.5","3.2283464566929139E-3",80.4019999999999,"70.717999999999918","68.359999999999914",63.6619999999999,34,15,20.7
"BOOI4","2021-06-23 22:00",76.082,"M",943.2,"0","5.2760085999999999","185.5","6.6929133858267733E-4",78.9079999999999,"70.91599999999994","68.341999999999928",63.6619999999999,33.9,15,20.7
"BOOI4","2021-06-23 23:00",75.5599999999999,"M",0,"0","5.6490090000000004","185.5","6.2992125984251976E-4",77.5579999999999,"71.113999999999962","68.323999999999941",63.6619999999999,34,15,20.7
"BOOI4","2021-06-24 00:00",74.7499999999999,"M",0,"0","6.0050100000000004","189.3","5.5118110236220485E-4",76.496,"71.275999999999925","68.323999999999941",63.6619999999999,34,15,20.7
"BOOI4","2021-06-24 01:00",73.58,"87.1",3.6,"0","6.3290104999999999","181.4","5.1181102362204728E-4",75.596,"71.437999999999974","68.323999999999941",63.6619999999999,34,15,20.7
"BOOI4","2021-06-24 02:00",72.5359999999999,"M",0,"0","6.3230104000000003","170.2","3.9370078740157491E-4",74.7859999999999,"71.50999999999992","68.305999999999969",63.6259999999999,34.1,15,20.7
"BOOI4","2021-06-24 03:00",72.2119999999999,"M",0,"0","6.2990103","180.1","3.1496062992125988E-4",74.0659999999999,"71.581999999999951","68.323999999999941",63.6259999999999,34.1,15,20.6
"BOOI4","2021-06-24 04:00",71.996,"M",0,"0","7.6080126999999997","191.7","4.7244094488188988E-4",73.5079999999999,"71.635999999999896","68.323999999999941",63.6259999999999,34.1,15,20.6
"BOOI4","2021-06-24 05:00",72.338,"M",0,"0","7.3820123999999998","209","4.7244094488188988E-4",73.0579999999999,"71.599999999999937","68.341999999999928",63.6259999999999,34,15,20.6
"BOOI4","2021-06-24 06:00",70.0699999999999,"M",345.6,"7.0000000000000007E-2","15.940027000000001","247.9","5.5118110236220485E-4",72.59,"71.563999999999965","68.341999999999928",63.5899999999999,34.1,15,20.6
"BOOI4","2021-06-24 07:00",68.4319999999999,"M",6015.6,"0.03","4.6640077","219.1","7.0866141732283468E-4",71.9779999999999,"71.581999999999951","68.395999999999987",63.6079999999999,34.1,15,20.6
"BOOI4","2021-06-24 08:00",69.548,"M",140724,"0","8.7900139999999993","146.19999999999999","1.574803149606299E-3",71.5279999999999,"71.527999999999892","68.395999999999987",63.5899999999999,34.1,15,20.6
"BOOI4","2021-06-24 09:00",72.23,"M",695880,"0","7.7150125999999997","160.6","5.1968503937007884E-3",71.564,"71.491999999999933","68.395999999999987",63.6079999999999,34.1,15,20.6
"BOOI4","2021-06-24 10:00",77.198,"M",1249560,"0.01","7.0750117000000001","176.9","1.0472440944881889E-2",72.6439999999999,"71.401999999999916","68.431999999999945",63.572,34.1,15,20.6
"BOOI4","2021-06-24 11:00",78.6019999999999,"M",1865160,"0.04","8.7200150000000001","188.9","1.6023622047244099E-2",74.0659999999999,"71.347999999999956","68.431999999999945",63.572,34,15,20.6
"BOOI4","2021-06-24 12:00",80.3839999999999,"M",2625840,"0.01","9.4500150000000005","216.4","2.1535433070866149E-2",76.0279999999999,"71.257999999999939","68.449999999999932",63.5539999999999,34,15,20.6
"BOOI4","2021-06-24 13:00",81.1759999999999,"M",3060000,"0","11.510019","233.5","2.539370078740158E-2",77.9179999999999,"71.239999999999952","68.449999999999932",63.572,34,15,20.6
"BOOI4","2021-06-24 14:00",83.138,"M",3232800,"0","12.410019999999999","250.9","2.6850393700787411E-2",79.5199999999999,"71.221999999999966","68.431999999999945",63.5539999999999,34,15,20.6
"BOOI4","2021-06-24 15:00",82.8499999999999,"M",2446920,"0","11.360018999999999","246.9","2.2795275590551181E-2",80.78,"71.239999999999952","68.449999999999932",63.572,34,15,20.6
"BOOI4","2021-06-24 16:00",83.1199999999999,"M",2008440,"0","11.320019","238.6","2.0078740157480322E-2",81.248,"71.32999999999997","68.449999999999932",63.5359999999999,34,15,20.6
"BOOI4","2021-06-24 17:00",81.896,"M",843840,"0","8.590014","239.6","1.066929133858268E-2",80.8339999999999,"71.437999999999974","68.449999999999932",63.5359999999999,34.1,15,20.6
"BOOI4","2021-06-24 18:00",80.1679999999999,"M",571320,"0","6.4710106999999999","261.5","7.4015748031496078E-3",80.2759999999999,"71.599999999999937","68.467999999999918",63.5539999999999,34.1,15,20.6
"BOOI4","2021-06-24 19:00",79.646,"M",266544,"0","1.4830023999999999","349.5","2.8346456692913392E-3",79.646,"71.761999999999887","68.449999999999932",63.5359999999999,34.1,15,20.6
"BOOI4","2021-06-24 20:00",78.8359999999999,"M",217728,"0","0.55000090000000001","98.7","1.732283464566929E-3",79.088,"71.905999999999963","68.449999999999932",63.4999999999999,34.1,15,20.6
"BOOI4","2021-06-24 21:00",76.6939999999999,"M",64728,"0","1.6370027","75.48","3.9370078740157492E-5",78.5119999999999,"72.067999999999913","68.413999999999973",63.5179999999999,34.1,15,20.6
"BOOI4","2021-06-24 22:00",76.298,"M",277.2,"0.01","1.7240028000000001","128.1","3.9370078740157491E-4",77.738,"72.21199999999989","68.485999999999905",63.5359999999999,34.2,15,20.6
"BOOI4","2021-06-24 23:00",75.5599999999999,"M",0,"0","7.2070116999999998","133.4","4.7244094488188988E-4",76.9999999999999,"72.301999999999907","68.467999999999918",63.5179999999999,34.2,15,20.6
"BOOI4","2021-06-25 00:00",74.246,"M",0,"0.01","6.2780104000000003","114.5","2.3622047244094491E-4",76.3519999999999,"72.427999999999898","68.467999999999918",63.5179999999999,34.2,15,20.6
"BOOI4","2021-06-25 01:00",73.0399999999999,"99.2",0,"0","3.1940053000000002","85.7","7.874015748031497E-5",75.7939999999999,"72.499999999999929","68.539999999999949",63.5179999999999,34.2,15,20.6
"BOOI4","2021-06-25 02:00",71.9779999999999,"M",0,"0","2.376004","128.30000000000001","3.9370078740157492E-5",75.272,"72.517999999999915","68.539999999999949",63.4999999999999,34.2,15,20.6
"BOOI4","2021-06-25 03:00",70.8259999999999,"M",0,"0.01","1.3130021999999999","171.8","3.9370078740157492E-5",74.6779999999999,"72.535999999999902","68.521999999999977",63.4999999999999,34.1,15.1,20.6
"BOOI4","2021-06-25 04:00",69.3859999999999,"M",0,"0","0.66200113000000005","68.56","0",73.94,"72.517999999999915","68.575999999999922",63.4999999999999,34.1,15.1,20.6
"BOOI4","2021-06-25 05:00",69.1699999999999,"M",0,"0","1.0470017","236.6","0",73.1839999999999,"72.517999999999915","68.629999999999981",63.4999999999999,34.2,15.1,20.6
"BOOI4","2021-06-25 06:00",69.53,"M",8956.8,"0","1.3120022","320.8","7.874015748031497E-5",72.6079999999999,"72.517999999999915","68.611999999999895",63.4819999999999,34.2,15.1,20.6
"BOOI4","2021-06-25 07:00",69.6919999999999,"M",199224,"0","2.8370047","307.39999999999998","4.3307086614173231E-4",72.2839999999999,"72.46399999999997","68.629999999999981",63.4999999999999,34.2,15.1,20.5
"BOOI4","2021-06-25 08:00",70.772,"M",357480,"0.01","6.2750105999999999","115.1","2.007874015748032E-3",72.4999999999999,"72.391999999999925","68.66599999999994",63.4819999999999,34.2,15.1,20.5
"BOOI4","2021-06-25 09:00",72.0499999999999,"M",568800,"0","6.4920109999999998","150.6","3.464566929133858E-3",72.9859999999999,"72.319999999999894","68.701999999999913",63.4999999999999,34.2,15.1,20.5
"BOOI4","2021-06-25 10:00",78.206,"M",1011960,"0","3.039005","124.1","7.2440944881889766E-3",74.0119999999999,"72.247999999999962","68.701999999999913",63.4999999999999,34.1,15.1,20.5
"BOOI4","2021-06-25 11:00",77.7199999999999,"M",1251000,"0","3.103005","42.38","1.0039370078740161E-2",76.0279999999999,"72.157999999999944","68.719999999999899",63.4819999999999,34.1,15.1,20.5
"BOOI4","2021-06-25 12:00",79.9159999999999,"M",1922400,"0.01","3.8930066000000001","96.8","1.531496062992126E-2",78.4579999999999,"72.085999999999899","68.737999999999985",63.4819999999999,34.1,15.1,20.6
"BOOI4","2021-06-25 13:00",81.1939999999999,"M",1891800,"0","6.4970106999999997","169.1","1.5629921259842521E-2",80.582,"72.04999999999994","68.719999999999899",63.4999999999999,34.1,15.1,20.5
"BOOI4","2021-06-25 14:00",79.8439999999999,"M",2105640,"0","8.0100130000000007","169.9","1.7834645669291341E-2",82.6159999999999,"72.04999999999994","68.737999999999985",63.464,34.1,15.1,20.6
"BOOI4","2021-06-25 15:00",81.6259999999999,"M",1832040,"0","6.0790104999999999","187.8","1.6338582677165359E-2",84.2179999999999,"72.121999999999971","68.755999999999958",63.4819999999999,34.1,15.1,20.6
"BOOI4","2021-06-25 16:00",82.8499999999999,"M",1758960,"0","6.9780116000000003","169.2","1.641732283464567E-2",85.7659999999999,"72.193999999999903","68.755999999999958",63.4819999999999,34.1,15.1,20.5
"BOOI4","2021-06-25 17:00",83.7859999999999,"M",1159200,"0","4.3240069999999999","158.5","1.1929133858267721E-2",86.738,"72.33799999999998","68.773999999999944",63.4819999999999,34.1,15.1,20.6
"BOOI4","2021-06-25 18:00",86.5579999999999,"M",905400,"0","2.3900041999999999","245.4","8.8976377952755918E-3",86.4319999999999,"72.553999999999888","68.755999999999958",63.4819999999999,34.2,15.1,20.6
"BOOI4","2021-06-25 19:00",73.6339999999999,"M",596160,"0","9.4300160000000002","358.8","9.1732283464566952E-3",85.6759999999999,"72.75199999999991","68.773999999999944",63.4819999999999,34.2,15.1,20.5
"BOOI4","2021-06-25 20:00",74.8579999999999,"M",446760,"0","6.7860110000000002","20.43","5.000000000000001E-3",83.9119999999999,"72.967999999999918","68.773999999999944",63.4999999999999,34.2,15.1,20.6
"BOOI4","2021-06-25 21:00",73.4359999999999,"M",102240,"0","6.8660116000000002","40.39","1.25984251968504E-3",82.2019999999999,"73.201999999999913","68.773999999999944",63.4999999999999,34.3,15.1,20.6
"BOOI4","2021-06-25 22:00",71.348,"M",669.6,"0","12.170019999999999","74.5","1.141732283464567E-3",80.4919999999999,"73.417999999999921","68.773999999999944",63.4819999999999,34.3,15.1,20.5
"BOOI4","2021-06-25 23:00",70.4839999999999,"M",0,"0","8.6100139999999996","83.8","7.4803149606299225E-4",78.8539999999999,"73.57999999999997","68.827999999999903",63.4999999999999,34.3,15.1,20.6
"BOOI4","2021-06-26 00:00",69.98,"M",0,"0","6.0140099999999999","105.8","1.5748031496062989E-4",77.5939999999999,"73.687999999999974","68.827999999999903",63.464,34.3,15.1,20.5
"BOOI4","2021-06-26 01:00",69.6199999999999,"96.8",0,"0","5.7200093000000001","101.4","3.9370078740157492E-5",76.514,"73.777999999999892","68.863999999999962",63.4819999999999,34.3,15.1,20.6
"BOOI4","2021-06-26 02:00",69.53,"M",0,"0","4.4080069999999996","107.1","-7.874015748031497E-5",75.6679999999999,"73.795999999999978","68.899999999999935",63.4819999999999,34.3,15.1,20.6
"BOOI4","2021-06-26 03:00",71.1499999999999,"M",0,"0","3.7780062999999999","118.5","-1.968503937007874E-4",75.146,"73.813999999999965","68.935999999999908",63.4819999999999,34.3,15.1,20.6
"BOOI4","2021-06-26 04:00",70.7539999999999,"M",0,"0","2.1620035","173","-2.7559055118110242E-4",74.84,"73.777999999999892","68.989999999999952",63.4999999999999,34.2,15.1,20.6
"BOOI4","2021-06-26 05:00",70.538,"M",0,"0","4.5780076999999997","177.2","-1.181102362204725E-4",74.5159999999999,"73.723999999999947","69.025999999999925",63.4999999999999,34.3,15.1,20.6
"BOOI4","2021-06-26 06:00",69.746,"M",2962.8,"0","6.7300114999999998","185","0",74.138,"73.669999999999888","69.07999999999997",63.4999999999999,34.2,15.1,20.6
"BOOI4","2021-06-26 07:00",69.764,"M",56520,"0","4.8500079999999999","167.1","5.5118110236220485E-4",73.7419999999999,"73.57999999999997","69.097999999999956",63.4999999999999,34.3,15.1,20.6
"BOOI4","2021-06-26 08:00",70.0519999999999,"M",147888,"0","6.3020104999999997","167.9","1.0629921259842519E-3",73.5079999999999,"73.489999999999952","69.133999999999929",63.5359999999999,34.3,15.1,20.5
"BOOI4","2021-06-26 09:00",70.088,"M",175536,"0","7.7160130000000002","181","1.220472440944882E-3",73.3999999999999,"73.417999999999921","69.169999999999888",63.4999999999999,34.2,15.1,20.5
"BOOI4","2021-06-26 10:00",71.5099999999999,"M",457560,"0.03","7.2070116999999998","209.8","2.952755905511811E-3",73.3999999999999,"73.291999999999931","69.169999999999888",63.5179999999999,34.2,15.1,20.5
"BOOI4","2021-06-26 11:00",73.6159999999999,"M",779040,"0","9.5600170000000002","224.9","6.2204724409448834E-3",73.9579999999999,"73.219999999999899","69.20599999999996",63.5179999999999,34.2,15.1,20.5
"BOOI4","2021-06-26 12:00",73.148,"M",914400,"0","11.73002","222.1","8.3464566929133868E-3",74.5699999999999,"73.129999999999981","69.20599999999996",63.5179999999999,34.1,15.1,20.5
"BOOI4","2021-06-26 13:00",74.48,"M",1075680,"0","12.330021","223.9","8.7795275590551204E-3",75.4339999999999,"73.057999999999936","69.25999999999992",63.4999999999999,34.2,15.1,20.5
"BOOI4","2021-06-26 14:00",76.964,"M",1684080,"0","13.910024","236.5","1.255905511811024E-2",76.4239999999999,"72.967999999999918","69.241999999999933",63.5179999999999,34.2,15.1,20.5
"BOOI4","2021-06-26 15:00",75.7759999999999,"M",1567440,"0.04","12.690021","258.2","1.082677165354331E-2",77.396,"72.913999999999973","69.277999999999892",63.4999999999999,34.2,15.1,20.5
"BOOI4","2021-06-26 16:00",77.1439999999999,"M",1811160,"0","13.100021999999999","262.8","1.4566929133858269E-2",78.6739999999999,"72.841999999999928","69.25999999999992",63.5179999999999,34.2,15.1,20.5
"BOOI4","2021-06-26 17:00",77.8819999999999,"M",1404360,"0","13.820024","270.5","1.2952755905511809E-2",79.4839999999999,"72.877999999999901","69.277999999999892",63.5359999999999,34.2,15.1,20.5
"BOOI4","2021-06-26 18:00",72.9319999999999,"M",791640,"0.01","12.870020999999999","293.5","8.0314960629921262E-3",80.096,"72.895999999999987","69.277999999999892",63.5359999999999,34.2,15.2,20.5
"BOOI4","2021-06-26 19:00",68.972,"M",215568,"0.04","9.6100159999999999","313.7","2.4015748031496068E-3",78.782,"72.913999999999973","69.313999999999965",63.5359999999999,34.2,15.2,20.5
"BOOI4","2021-06-26 20:00",68.288,"M",226908,"0.01","7.5500125999999996","316.7","1.771653543307087E-3",77.306,"72.985999999999905","69.241999999999933",63.5539999999999,34.2,15.2,20.5
"BOOI4","2021-06-26 21:00",68.1259999999999,"M",93600,"0","7.8620130000000001","293.3","1.5748031496062989E-4",76.082,"73.057999999999936","69.277999999999892",63.5539999999999,34.2,15.2,20.5
"BOOI4","2021-06-26 22:00",66.7039999999999,"M",1389.6,"0","10.100016999999999","295","5.1181102362204728E-4",74.8579999999999,"73.111999999999895","69.277999999999892",63.5539999999999,34.1,15.2,20.5
"BOOI4","2021-06-26 23:00",66.038,"M",0,"0","9.8200160000000007","289.60000000000002","6.2992125984251976E-4",73.7779999999999,"73.129999999999981","69.25999999999992",63.572,34.1,15.2,20.5
"BOOI4","2021-06-27 00:00",65.4619999999999,"M",0,"0","9.4500150000000005","298.10000000000002","3.5433070866141729E-4",72.896,"73.16599999999994","69.295999999999978",63.5539999999999,34.1,15.2,20.5
"BOOI4","2021-06-27 01:00",64.6159999999999,"98.9",0,"0","6.4340105000000003","281.89999999999998","1.181102362204725E-4",72.014,"73.147999999999954","69.277999999999892",63.5899999999999,34.1,15.2,20.5
"BOOI4","2021-06-27 02:00",63.914,"M",0,"0","6.3640109999999996","277","3.9370078740157492E-5",71.1859999999999,"73.111999999999895","69.277999999999892",63.5899999999999,34.2,15.2,20.5
"BOOI4","2021-06-27 03:00",63.7159999999999,"M",0,"0","5.552009","275.7","0",70.4659999999999,"73.021999999999977","69.277999999999892",63.5899999999999,34.2,15.2,20.5
"BOOI4","2021-06-27 04:00",63.2839999999999,"M",3.6,"0","6.6170106000000004","282.7","0",69.9439999999999,"72.949999999999932","69.277999999999892",63.6079999999999,34.1,15.2,20.5
"BOOI4","2021-06-27 05:00",62.456,"M",3.6,"0","5.4980089999999997","277.10000000000002","0",69.3679999999999,"72.805999999999969","69.295999999999978",63.5899999999999,34.1,15.2,20.5
"BOOI4","2021-06-27 06:00",62.2579999999999,"M",14814,"0","4.9110079999999998","280.60000000000002","3.9370078740157492E-5",68.756,"72.679999999999978","69.277999999999892",63.6079999999999,34.1,15.2,20.5
"BOOI4","2021-06-27 07:00",64.49,"M",273852,"0","6.2040100000000002","280.89999999999998","1.5748031496062989E-4",68.306,"72.535999999999902","69.313999999999965",63.6079999999999,34.1,15.2,20.5
"BOOI4","2021-06-27 08:00",66.722,"M",505440,"0","5.608009","284.60000000000002","2.7165354330708669E-3",68.3779999999999,"72.409999999999911","69.25999999999992",63.5899999999999,34.1,15.1,20.5
"BOOI4","2021-06-27 09:00",68.8999999999999,"M",829440,"0","4.6100079999999997","311.10000000000002","5.3149606299212606E-3",69.0079999999999,"72.247999999999962","69.295999999999978",63.6079999999999,34,15.2,20.5
"BOOI4","2021-06-27 10:00",71.096,"M",1197360,"0","2.0530032999999999","328.9","8.4251968503937028E-3",70.5199999999999,"72.085999999999899","69.25999999999992",63.6079999999999,34.1,15.1,20.5
"BOOI4","2021-06-27 11:00",75.83,"M",2371320,"0","1.9670032","329.2","1.692913385826772E-2",73.022,"71.92399999999995","69.25999999999992",63.6259999999999,34,15.2,20.5
"BOOI4","2021-06-27 12:00",76.946,"M",2859840,"0","2.3140037000000002","348","2.1259842519685039E-2",77.072,"71.797999999999959","69.295999999999978",63.6439999999999,34,15.1,20.5
"BOOI4","2021-06-27 13:00",78.98,"M",2398680,"0","2.9110048000000002","296.10000000000002","1.8976377952755911E-2",80.7619999999999,"71.707999999999942","69.241999999999933",63.6439999999999,34,15.1,20.5
"BOOI4","2021-06-27 14:00",77.0359999999999,"M",1776960,"0","2.9920049999999998","318.7","1.5275590551181099E-2",83.0839999999999,"71.653999999999883","69.277999999999892",63.6439999999999,34,15.1,20.5
"BOOI4","2021-06-27 15:00",80.5999999999999,"M",1968840,"0","1.8660032","127.6","1.586614173228347E-2",83.4079999999999,"71.671999999999969","69.20599999999996",63.6619999999999,34,15.1,20.5
"BOOI4","2021-06-27 16:00",78.872,"M",2126160,"0","3.2470055000000002","153.5","1.7874015748031501E-2",85.6939999999999,"71.779999999999973","69.187999999999974",63.6439999999999,34,15.1,20.5
"BOOI4","2021-06-27 17:00",81.2839999999999,"M",2091240,"0","3.9170064999999998","134.4","1.7952755905511819E-2",87.1339999999999,"71.92399999999995","69.187999999999974",63.6619999999999,34.1,15.1,20.5
"BOOI4","2021-06-27 18:00",81.2839999999999,"M",1916280,"0","3.6640062000000002","188.3","1.6574803149606299E-2",88.3579999999999,"72.157999999999944","69.151999999999916",63.68,34,15.1,20.5
"BOOI4","2021-06-27 19:00",80.2039999999999,"M",1100160,"0","4.3990073000000001","206.4","1.122047244094488E-2",88.538,"72.391999999999925","69.115999999999943",63.68,34.1,15.1,20.5
"BOOI4","2021-06-27 20:00",78.656,"M",609120,"0","3.9200064999999999","194.2","6.1023622047244102E-3",87.3859999999999,"72.62599999999992","69.097999999999956",63.68,34.1,15.1,20.5
"BOOI4","2021-06-27 21:00",73.472,"M",112104,"0","1.7080028","185.9","-2.7559055118110242E-4",85.532,"72.895999999999987","69.061999999999884",63.68,34.2,15.1,20.5
"BOOI4","2021-06-27 22:00",71.438,"M",1400.4,"0","2.3120039000000001","172.3","-3.1496062992125988E-4",83.5159999999999,"73.16599999999994","69.061999999999884",63.68,34.1,15.1,20.5
"BOOI4","2021-06-27 23:00",69.0619999999999,"M",0,"0","2.0440035000000001","176.8","-5.905511811023623E-4",81.6439999999999,"73.363999999999962","69.061999999999884",63.7159999999999,34.2,15.1,20.5
"BOOI4","2021-06-28 00:00",68.0539999999999,"M",0,"0","1.5660026","194.8","-7.874015748031497E-4",80.0779999999999,"73.597999999999956","69.07999999999997",63.698,34.2,15.1,20.5
"BOOI4","2021-06-28 01:00",68.648,"92.7",3.6,"0","2.4500039999999998","207","-5.905511811023623E-4",78.746,"73.777999999999892","69.115999999999943",63.698,34.2,15.1,20.5
"BOOI4","2021-06-28 02:00",66.9019999999999,"M",3.6,"0","2.4400040000000001","205.7","-6.6929133858267733E-4",77.5579999999999,"73.849999999999937","69.133999999999929",63.698,34.2,15.1,20.5
"BOOI4","2021-06-28 03:00",67.2259999999999,"M",0,"0","1.9580032999999999","208.6","-7.874015748031497E-4",76.514,"73.903999999999883","69.169999999999888",63.7159999999999,34.2,15.1,20.5
"BOOI4","2021-06-28 04:00",65.5519999999999,"M",0,"0","2.0200032999999999","200.1","-8.2677165354330727E-4",75.6499999999999,"73.939999999999955","69.187999999999974",63.7159999999999,34.2,15.1,20.5
"BOOI4","2021-06-28 05:00",66.5239999999999,"M",0,"0","1.7940029","216.4","-8.6614173228346462E-4",74.8039999999999,"73.921999999999969","69.223999999999947",63.68,34.2,15.1,20.5
"BOOI4","2021-06-28 06:00",66.9919999999999,"M",8427.6,"0","2.3320037999999998","227.4","-7.0866141732283468E-4",74.1919999999999,"73.885999999999896","69.25999999999992",63.7159999999999,34.2,15.1,20.5
"BOOI4","2021-06-28 07:00",67.1179999999999,"M",141984,"0","2.0480033999999998","204.1","5.1181102362204728E-4",73.7239999999999,"73.813999999999965","69.295999999999978",63.7519999999999,34.2,15.1,20.5
"BOOI4","2021-06-28 08:00",71.006,"M",496800,"0","2.7250044","195.2","2.8740157480314958E-3",73.6519999999999,"73.741999999999933","69.331999999999951",63.7339999999999,34.2,15.1,20.5
"BOOI4","2021-06-28 09:00",73.022,"M",764640,"0","3.7820062999999999","214.9","5.7480314960629926E-3",74.39,"73.651999999999916","69.367999999999924",63.7339999999999,34.1,15,20.5
"BOOI4","2021-06-28 10:00",75.488,"M",963000,"0","3.6000059000000002","224.4","7.7952755905511834E-3",75.2179999999999,"73.525999999999925","69.403999999999883",63.7339999999999,34.1,15.1,20.5
"BOOI4","2021-06-28 11:00",76.5859999999999,"M",1276200,"0","3.8120061999999999","203","1.0472440944881889E-2",76.5499999999999,"73.45399999999988","69.421999999999969",63.7339999999999,34.1,15,20.4
"BOOI4","2021-06-28 12:00",77.63,"M",1677960,"0","3.3940055","194.2","1.3622047244094489E-2",78.53,"73.345999999999989","69.439999999999955",63.7519999999999,34.1,15.1,20.4
"BOOI4","2021-06-28 13:00",78.4039999999999,"M",1994400,"0","4.0850067000000001","171.7","1.6259842519685042E-2",80.546,"73.309999999999917","69.439999999999955",63.7519999999999,34.1,15,20.4
"BOOI4","2021-06-28 14:00",81.7519999999999,"M",2934000,"0","6.0720105000000002","161","2.409448818897638E-2",83.4439999999999,"73.237999999999985","69.511999999999887",63.7519999999999,34.1,15.1,20.4
"BOOI4","2021-06-28 15:00",80.798,"M",2424240,"0","7.1460119999999998","163","2.161417322834646E-2",86.6119999999999,"73.237999999999985","69.4939999999999",63.7519999999999,34.1,15,20.4
"BOOI4","2021-06-28 16:00",81.6619999999999,"M",2266560,"0","8.1800139999999999","163.9","2.1417322834645671E-2",88.0519999999999,"73.291999999999931","69.457999999999942",63.7519999999999,34.1,15,20.4
"BOOI4","2021-06-28 17:00",82.9939999999999,"M",2135880,"0","8.3900140000000007","163.80000000000001","2.1220472440944889E-2",88.88,"73.417999999999921","69.511999999999887",63.7699999999999,34.1,15.1,20.4
"BOOI4","2021-06-28 18:00",81.3019999999999,"M",1532880,"0","6.8340110000000003","178","1.6338582677165359E-2",89.5999999999999,"73.561999999999884","69.4939999999999",63.7699999999999,34.1,15,20.4
"BOOI4","2021-06-28 19:00",80.8519999999999,"M",782280,"0","5.3720090000000003","192.3","1.023622047244095E-2",88.772,"73.795999999999978","69.511999999999887",63.7699999999999,34.2,15,20.4
"BOOI4","2021-06-28 20:00",76.3159999999999,"M",218916,"0","3.0920052999999998","197.6","3.9370078740157488E-3",87.2419999999999,"74.011999999999887","69.511999999999887",63.788,34.2,15,20.4
"BOOI4","2021-06-28 21:00",76.2619999999999,"M",48456,"0","1.5200026","157.80000000000001","6.2992125984251976E-4",85.5679999999999,"74.245999999999981","69.529999999999973",63.788,34.2,15,20.4
"BOOI4","2021-06-28 22:00",73.9939999999999,"M",964.8,"0","1.4660025000000001","166","-1.968503937007874E-4",84.0199999999999,"74.46199999999989","69.511999999999887",63.806,34.2,15,20.4
"BOOI4","2021-06-28 23:00",71.4019999999999,"M",0,"0","1.9070031999999999","196","-2.3622047244094491E-4",82.6339999999999,"74.677999999999898","69.565999999999946",63.806,34.2,15,20.4
"BOOI4","2021-06-29 00:00",70.6279999999999,"M",0,"0","2.4270040000000002","208","-1.5748031496062989E-4",81.2839999999999,"74.821999999999974","69.565999999999946",63.788,34.3,15.1,20.4
"BOOI4","2021-06-29 01:00",71.222,"92.6",0,"0","3.4670057000000001","213.9","-7.874015748031497E-5",80.0599999999999,"74.947999999999965","69.619999999999891",63.806,34.3,15.1,20.4
"BOOI4","2021-06-29 02:00",70.3939999999999,"M",0,"0","5.1520085","251.6","7.874015748031497E-5",79.124,"75.00199999999991","69.67399999999995",63.8419999999999,34.3,15,20.4
"BOOI4","2021-06-29 03:00",69.7099999999999,"M",0,"0","2.2450036999999998","251.8","-3.1496062992125988E-4",78.314,"75.073999999999941","69.691999999999936",63.8239999999999,34.3,15,20.4
"BOOI4","2021-06-29 04:00",69.332,"M",0,"0","2.2600037999999998","181.9","-4.3307086614173231E-4",77.6119999999999,"75.055999999999969","69.727999999999895",63.8239999999999,34.3,15.1,20.4
"BOOI4","2021-06-29 05:00",68.8819999999999,"M",0,"0","1.0320016999999999","224","-5.5118110236220485E-4",76.9999999999999,"75.037999999999982","69.745999999999981",63.8419999999999,34.3,15.1,20.4
"BOOI4","2021-06-29 06:00",69.1699999999999,"M",3387.6,"0","3.2300053000000002","198","-3.9370078740157491E-4",76.406,"75.00199999999991","69.835999999999899",63.8419999999999,34.3,15.1,20.4
"BOOI4","2021-06-29 07:00",69.8359999999999,"M",100548,"0","3.1550052000000002","224.4","5.1181102362204728E-4",75.938,"74.947999999999965","69.871999999999971",63.8599999999999,34.2,15.1,20.4
"BOOI4","2021-06-29 08:00",70.9699999999999,"M",229896,"0","3.2770054000000002","222.6","1.6929133858267721E-3",75.7759999999999,"74.857999999999933","69.889999999999958",63.8419999999999,34.2,15.1,20.4
"BOOI4","2021-06-29 09:00",72.68,"M",463320,"0","1.2790022000000001","246.1","3.464566929133858E-3",75.938,"74.767999999999915","69.943999999999903",63.8599999999999,34.2,15.1,20.4
"BOOI4","2021-06-29 10:00",75.596,"M",991440,"0","2.7610047","242.8","7.3228346456692926E-3",76.856,"74.695999999999984","69.96199999999989",63.8599999999999,34.2,15.1,20.4
"BOOI4","2021-06-29 11:00",78.206,"M",1255320,"0","2.5670042","251.5","9.8425196850393717E-3",78.2599999999999,"74.569999999999894","70.033999999999921",63.8779999999999,34.2,15.1,20.4
"BOOI4","2021-06-29 12:00",79.7899999999999,"M",2076480,"0","3.3340054000000001","203.8","1.641732283464567E-2",80.5279999999999,"74.479999999999976","70.015999999999948",63.8779999999999,34.2,15.1,20.4
"BOOI4","2021-06-29 13:00",79.322,"M",1998000,"0","5.7810097000000003","200.1","1.7125984251968509E-2",83.1199999999999,"74.425999999999917","70.033999999999921",63.896,34.1,15.1,20.4
"BOOI4","2021-06-29 14:00",79.7359999999999,"M",943560,"0","6.9320116000000001","182.9","9.7244094488188985E-3",83.7679999999999,"74.371999999999971","70.051999999999907",63.896,34.1,15.1,20.4
"BOOI4","2021-06-29 15:00",81.2659999999999,"76.540000000000006",1519920,"0","7.5050125000000003","192","2.7559055118110242E-4",83.7679999999999,"74.407999999999944","70.069999999999894",63.896,34.1,15.1,20.5
"BOOI4","2021-06-29 16:00",79.124,"79.3",1756440,"0","8.340014","211.2","1.720472440944882E-2",85.4599999999999,"74.479999999999976","70.08799999999998",63.896,34.2,15.1,20.5
"BOOI4","2021-06-29 17:00",76.5859999999999,"89.8",534960,"0.03","6.6460109999999997","230.9","5.1574803149606312E-3",84.38,"74.551999999999907","70.141999999999925",63.914,34.2,15.1,20.4
"BOOI4","2021-06-29 18:00",77.6839999999999,"87",738720,"0","5.6130095000000004","236.9","6.574803149606301E-3",82.9759999999999,"74.659999999999911","70.105999999999966",63.914,34.2,15.1,20.5
"BOOI4","2021-06-29 19:00",77.0179999999999,"81.8",1238040,"0","7.3550120000000003","237.4","1.011811023622048E-2",82.7779999999999,"74.767999999999915","70.123999999999953",63.932,34.2,15.1,20.5
"BOOI4","2021-06-29 20:00",74.264,"84.8",362880,"0","6.6660110000000001","260.2","4.1732283464566934E-3",82.0399999999999,"74.929999999999978","70.105999999999966",63.932,34.2,15.1,20.5
"BOOI4","2021-06-29 21:00",73.0939999999999,"89.1",164376,"0","4.4490074999999996","243.2","6.6929133858267733E-4",80.9779999999999,"75.073999999999941","70.141999999999925",63.9499999999999,34.2,15.1,20.5
"BOOI4","2021-06-29 22:00",70.988,"96.4",5166,"0","3.1970052999999998","254.3","-5.905511811023623E-4",79.898,"75.163999999999973","70.177999999999898",63.9499999999999,34.2,15.1,20.4
"BOOI4","2021-06-29 23:00",70.5739999999999,"95.2",1216.8,"0","3.7160063000000001","253.1","-6.2992125984251976E-4",78.872,"75.235999999999905","70.195999999999984",63.9679999999999,34.2,15.1,20.4
"BOOI4","2021-06-30 00:00",68.738,"97.3",1216.8,"0","2.8160048","218.4","-7.874015748031497E-4",77.8099999999999,"75.307999999999936","70.21399999999997",63.9679999999999,34.2,15.1,20.5
"BOOI4","2021-06-30 01:00",68.3779999999999,"98.1",1216.8,"0","1.9130031999999999","221","-1.023622047244095E-3",76.874,"75.289999999999949","70.249999999999929",63.9679999999999,34.2,15.1,20.4
"BOOI4","2021-06-30 02:00",69.0439999999999,"97.8",1206,"0","3.1550052000000002","221.1","-8.2677165354330727E-4",76.046,"75.289999999999949","70.267999999999915",63.9859999999999,34.2,15.1,20.4
"BOOI4","2021-06-30 03:00",68.0539999999999,"98.9",1216.8,"0","3.0450050000000002","242.8","-8.2677165354330727E-4",75.38,"75.235999999999905","70.285999999999902",64.022,34.2,15.1,20.4
"BOOI4","2021-06-30 04:00",66.7039999999999,"99.7",1216.8,"0","1.1020018","278.5","-1.220472440944882E-3",74.7859999999999,"75.145999999999987","70.321999999999974",64.0039999999999,34.1,15.1,20.4
"BOOI4","2021-06-30 05:00",65.372,"100",1216.8,"0","0.10200017","221.3","-1.4960629921259841E-3",74.1019999999999,"75.091999999999928","70.339999999999961",64.022,34.1,15.1,20.4
"BOOI4","2021-06-30 06:00",65.606,"100",12938.4,"0","0.23200038000000001","285.8","-1.4173228346456689E-3",73.4359999999999,"74.983999999999924","70.357999999999933",64.022,34.1,15.1,20.4
"BOOI4","2021-06-30 07:00",69.5839999999999,"97.5",226440,"0","0.79000132999999995","338.4","2.3622047244094491E-4",72.9499999999999,"74.87599999999992","70.37599999999992",64.0579999999999,34.1,15.1,20.4
"BOOI4","2021-06-30 08:00",72.446,"94.5",641520,"0","2.0670035000000002","355.2","3.779527559055119E-3",73.238,"74.731999999999957","70.411999999999892",64.0399999999999,34.1,15.1,20.4
"BOOI4","2021-06-30 09:00",73.8859999999999,"89.1",631440,"0","1.9660032000000001","6.7670000000000003","4.6456692913385833E-3",74.048,"74.58799999999998","70.411999999999892",64.0759999999999,34,15.1,20.4
"BOOI4","2021-06-30 10:00",78.1339999999999,"71.5",1732320,"0","3.3020054999999999","66.61","1.3031496062992131E-2",75.6679999999999,"74.479999999999976","70.447999999999965",64.0759999999999,34,15.1,20.4
"BOOI4","2021-06-30 11:00",80.8339999999999,"66.430000000000007",1733400,"0","3.6190061999999998","51.53","1.492125984251969E-2",77.8099999999999,"74.335999999999899","70.429999999999978",64.0759999999999,34.1,15.1,20.4
"BOOI4","2021-06-30 12:00",84.398,"55.86",3063600,"0","4.2050070000000002","43.86","2.5629921259842529E-2",81.122,"74.209999999999908","70.411999999999892",64.0939999999999,34,15,20.4
"BOOI4","2021-06-30 13:00",85.64,"50.08",3117600,"0","3.6500059999999999","38.9","2.6692913385826779E-2",85.2259999999999,"74.119999999999891","70.411999999999892",64.1119999999999,34,15,20.4
"BOOI4","2021-06-30 14:00",84.4519999999999,"50.83",2614680,"0","4.4160069999999996","11.44","2.433070866141733E-2",88.1419999999999,"74.101999999999904","70.429999999999978",64.1119999999999,34,15,20.4
"BOOI4","2021-06-30 15:00",84.164,"49.42",1879920,"0","4.2040069999999998","26.08","1.889763779527559E-2",89.114,"74.191999999999936","70.429999999999978",64.1119999999999,34,15,20.4
"BOOI4","2021-06-30 16:00",83.5159999999999,"46.47",2647080,"0","5.5770090000000003","0.96299999999999997","2.5905511811023629E-2",90.5539999999999,"74.281999999999954","70.411999999999892",64.13,34,15,20.4
"BOOI4","2021-06-30 17:00",83.4439999999999,"52.85",2003760,"0","4.8670077000000003","21.36","2.0314960629921261E-2",91.6159999999999,"74.497999999999962","70.447999999999965",64.13,34,15,20.4
"BOOI4","2021-06-30 18:00",82.6339999999999,"54.09",1447560,"0","6.8920110000000001","16.149999999999999","1.7283464566929141E-2",91.256,"74.71399999999997","70.411999999999892",64.148,34.1,15,20.4
"BOOI4","2021-06-30 19:00",81.14,"59.82",811440,"0","5.0890082999999997","22","1.082677165354331E-2",90.3379999999999,"74.947999999999965","70.393999999999906",64.1659999999999,34.1,15,20.4
"BOOI4","2021-06-30 20:00",79.1599999999999,"68.05",466920,"0","2.7570044999999999","20.56","4.9212598425196858E-3",88.88,"75.217999999999918","70.37599999999992",64.13,34.1,15,20.4
"BOOI4","2021-06-30 21:00",75.6679999999999,"75.599999999999994",85644,"0","0.76400124999999997","358.9","-3.9370078740157491E-4",87.1339999999999,"75.451999999999913","70.393999999999906",64.1659999999999,34.2,15,20.4
"BOOI4","2021-06-30 22:00",73.5259999999999,"80",2916,"0","1.6680028","340.1","1.5748031496062989E-4",85.2439999999999,"75.70399999999988","70.429999999999978",64.1839999999999,34.2,15,20.4
"BOOI4","2021-06-30 23:00",71.8339999999999,"81.2",0,"0","1.0220016999999999","325.3","-2.3622047244094491E-4",83.5339999999999,"75.901999999999916","70.411999999999892",64.2019999999999,34.2,15,20.4
"BOOI4","2021-07-01 00:00",70.124,"79.69",0,"0","2.6590044000000002","336.5","3.5433070866141729E-4",81.9319999999999,"76.063999999999965","70.447999999999965",64.2199999999999,34.2,15,20.4
"BOOI4","2021-07-01 01:00",68.6839999999999,"83.1",0,"0","2.0380034","333.3","3.9370078740157492E-5",80.4919999999999,"76.171999999999969","70.483999999999924",64.2199999999999,34.2,15,20.4
"BOOI4","2021-07-01 02:00",67.9279999999999,"85.6",0,"0","3.1890051000000001","336.7","2.3622047244094491E-4",79.2499999999999,"76.225999999999928","70.50199999999991",64.238,34.2,15,20.4
"BOOI4","2021-07-01 03:00",66.5239999999999,"89.8",0,"0","3.1780054999999998","340","7.874015748031497E-5",78.1339999999999,"76.2439999999999","70.555999999999969",64.238,34.2,15,20.4
"BOOI4","2021-07-01 04:00",66.1999999999999,"89.9",3.6,"0","2.9480050000000002","340.7","0",77.1619999999999,"76.207999999999942","70.609999999999914",64.256,34.2,15,20.4
"BOOI4","2021-07-01 05:00",65.588,"90",3.6,"0","2.5570042000000002","358.7","-1.181102362204725E-4",76.2619999999999,"76.135999999999896","70.645999999999987",64.256,34.2,15,20.4
"BOOI4","2021-07-01 06:00",64.706,"91.4",12942,"0","2.6560044","348.3","-1.181102362204725E-4",75.398,"76.045999999999978","70.699999999999932",64.2739999999999,34.2,15,20.4
"BOOI4","2021-07-01 07:00",67.5859999999999,"84.9",289440,"0","3.0890051999999999","354","6.6929133858267733E-4",74.714,"75.919999999999888","70.717999999999918",64.2739999999999,34.2,15,20.4
"BOOI4","2021-07-01 08:00",71.8699999999999,"77.52",765000,"0","3.8020065000000001","11.74","5.3149606299212606E-3",74.6419999999999,"75.793999999999912","70.753999999999891",64.2919999999999,34.1,15,20.4
"BOOI4","2021-07-01 09:00",75.9739999999999,"69.34",1422000,"0","4.3200073000000003","19.149999999999999","1.0905511811023619E-2",75.5599999999999,"75.631999999999948","70.789999999999949",64.2919999999999,34.1,15,20.4
"BOOI4","2021-07-01 10:00",79.7899999999999,"60.69",2041560,"0","5.0280085000000003","28.19","1.720472440944882E-2",77.5579999999999,"75.487999999999985","70.825999999999922",64.3099999999999,34.1,15,20.4
"BOOI4","2021-07-01 11:00",81.59,"52.61",2570040,"0","7.6060129999999999","47.49","2.3858267716535441E-2",80.2759999999999,"75.343999999999909","70.825999999999922",64.3099999999999,34,15,20.4
"BOOI4","2021-07-01 12:00",82.7239999999999,"50.83",2973600,"0","8.1400140000000007","39.26","2.8818897637795281E-2",83.1919999999999,"75.199999999999932","70.897999999999954",64.3279999999999,34,15,20.4
"BOOI4","2021-07-01 13:00",82.4539999999999,"49.22",3099600,"0","8.210013","45.65","3.0551181102362209E-2",86.1439999999999,"75.091999999999928","70.861999999999895",64.3099999999999,34,15,20.4
"BOOI4","2021-07-01 14:00",84.722,"46.45",3268800,"0","7.439012","47.54","3.1496062992125991E-2",88.8259999999999,"75.127999999999901","70.861999999999895",64.346,34,15,20.5
"BOOI4","2021-07-01 15:00",85.388,"43.96",3096000,"0","6.8080109999999996","29.16","3.0472440944881891E-2",91.2919999999999,"75.163999999999973","70.897999999999954",64.3819999999999,34,15,20.5
"BOOI4","2021-07-01 16:00",85.9279999999999,"42.94",2581920,"0","6.490011","30.18","2.7125984251968511E-2",92.8759999999999,"75.253999999999891","70.897999999999954",64.346,34,15,20.5
"BOOI4","2021-07-01 17:00",85.874,"39.54",2235960,"0","7.1830119999999997","37.950000000000003","2.5551181102362212E-2",93.614,"75.469999999999899","70.879999999999981",64.346,34,15,20.4
"BOOI4","2021-07-01 18:00",84.506,"45.59",1614240,"0","6.8020110000000003","36.229999999999997","2.0590551181102371E-2",93.4159999999999,"75.739999999999952","70.91599999999994",64.3819999999999,34.1,15,20.4
"BOOI4","2021-07-01 19:00",84.056,"47.56",911880,"0","4.8120079999999996","33.99","1.255905511811024E-2",92.39,"75.95599999999996","70.91599999999994",64.3999999999999,34.1,15,20.4
"BOOI4","2021-07-01 20:00",81.7519999999999,"53.82",468000,"0","2.1120036","16.309999999999999","4.960629921259843E-3",90.9319999999999,"76.261999999999887","70.897999999999954",64.3999999999999,34.1,15,20.4
"BOOI4","2021-07-01 21:00",77.8819999999999,"63.91",126144,"0","1.0680016999999999","347.6","-3.5433070866141729E-4",89.006,"76.477999999999895","70.91599999999994",64.4179999999999,34.1,15,20.5
"BOOI4","2021-07-01 22:00",75.488,"70.11",1537.2,"0","0.76100129999999999","333.3","-3.5433070866141729E-4",87.0079999999999,"76.783999999999921","70.951999999999913",64.4359999999999,34.1,14.9,20.4
"BOOI4","2021-07-01 23:00",74.8759999999999,"70.62",0,"0","1.1400018999999999","315","-1.968503937007874E-4",85.2079999999999,"76.96399999999997","70.969999999999899",64.4359999999999,34.2,14.9,20.5
"BOOI4","2021-07-02 00:00",74.606,"69.849999999999994",0,"0","1.2030019999999999","306.60000000000002","-7.874015748031497E-5",83.8759999999999,"77.089999999999961","71.005999999999958",64.4539999999999,34.2,14.9,20.4
"BOOI4","2021-07-02 01:00",72.14,"77.08",0,"0","0.28000045000000001","302.2","-8.2677165354330727E-4",82.7779999999999,"77.197999999999965","71.023999999999944",64.4539999999999,34.2,14.9,20.4
"BOOI4","2021-07-02 02:00",72.3019999999999,"73.27",0,"0","1.275002","322.3","-1.181102362204725E-4",81.7519999999999,"77.269999999999897","71.059999999999917",64.472,34.1,14.9,20.4
"BOOI4","2021-07-02 03:00",69.332,"80.2",0,"0","1.2230021","325.39999999999998","-2.3622047244094491E-4",80.6359999999999,"77.269999999999897","71.131999999999948",64.472,34.1,15,20.4
"BOOI4","2021-07-02 04:00",68.972,"82.5",0,"0","0.68800110000000003","303.60000000000002","-6.2992125984251976E-4",79.6999999999999,"77.233999999999924","71.167999999999921",64.49,34.1,15,20.4
"BOOI4","2021-07-02 05:00",68.846,"76.45",0,"0","1.9680032999999999","299.8","0",78.89,"77.215999999999937","71.185999999999908",64.5079999999999,34.1,15,20.4
"BOOI4","2021-07-02 06:00",67.9279999999999,"79.900000000000006",5871.6,"0","2.4850042000000001","311.2","2.3622047244094491E-4",78.0439999999999,"77.12599999999992","71.293999999999912",64.49,34.1,15,20.4
"BOOI4","2021-07-02 07:00",69.3679999999999,"81.599999999999994",77940,"0","2.1310036000000001","308.10000000000002","1.4566929133858269E-3",77.2699999999999,"77.035999999999902","71.311999999999884",64.5079999999999,34,15,20.4
"BOOI4","2021-07-02 08:00",72.7159999999999,"79.14",550080,"0","3.1970052999999998","305.89999999999998","4.4488188976377959E-3",77.0179999999999,"76.945999999999984","71.365999999999943",64.5259999999999,34,15,20.4
"BOOI4","2021-07-02 09:00",77.7019999999999,"69.17",1350000,"0","4.7180076","335.6","1.0905511811023619E-2",77.8279999999999,"76.83799999999998","71.401999999999916",64.5259999999999,34,15,20.4
"BOOI4","2021-07-02 10:00",79.9159999999999,"68.319999999999993",1891800,"0","6.1270103000000002","344.8","1.6771653543307091E-2",79.4839999999999,"76.693999999999903","71.437999999999974",64.5619999999999,34,15,20.4
"BOOI4","2021-07-02 11:00",82.2739999999999,"62.98",2453400,"0","5.5730095000000004","4.6849999999999996","2.0984251968503939E-2",81.788,"76.531999999999954","71.45599999999996",64.5619999999999,33.9,15,20.4
"BOOI4","2021-07-02 12:00",83.624,"52.96",2720880,"0","6.7210109999999998","357.2","2.5314960629921269E-2",84.5599999999999,"76.405999999999963","71.491999999999933",64.58,33.9,15,20.4
"BOOI4","2021-07-02 13:00",84.0019999999999,"54.23",2765880,"0","6.6990109999999996","23.2","2.649606299212599E-2",87.1519999999999,"76.315999999999946","71.491999999999933",64.598,34,15,20.4
"BOOI4","2021-07-02 14:00",84.164,"52.7",2756160,"0","6.7720113","40.18","2.673228346456694E-2",89.546,"76.333999999999932","71.50999999999992",64.598,34,15,20.4
"BOOI4","2021-07-02 15:00",86.198,"48.81",2532600,"0","6.4520106000000004","47.79","2.543307086614174E-2",90.9679999999999,"76.369999999999891","71.527999999999892",64.6159999999999,34,14.9,20.4
"BOOI4","2021-07-02 16:00",85.3699999999999,"49.31",2779920,"0","4.8680076999999997","24.62","2.6417322834645679E-2",92.7499999999999,"76.477999999999895","71.50999999999992",64.6339999999999,34,14.9,20.4
"BOOI4","2021-07-02 17:00",85.2439999999999,"50.2",2113560,"0","4.8750080000000002","36.19","2.1181102362204728E-2",93.7759999999999,"76.603999999999886","71.527999999999892",64.6339999999999,33.9,14.9,20.4
"BOOI4","2021-07-02 18:00",85.748,"46.19",1744200,"0","4.5360073999999999","7.0339999999999998","1.803149606299213E-2",94.2079999999999,"76.83799999999998","71.527999999999892",64.6519999999999,33.9,14.9,20.4
"BOOI4","2021-07-02 19:00",83.2999999999999,"54.63",1042200,"0","5.0410085000000002","30.09","1.28740157480315E-2",93.7039999999999,"77.071999999999974","71.563999999999965",64.6699999999999,33.9,14.9,20.4
"BOOI4","2021-07-02 20:00",79.3939999999999,"66.739999999999995",523440,"0","3.7530062000000002","38.89","6.4566929133858279E-3",92.246,"77.305999999999969","71.563999999999965",64.6699999999999,33.9,14.9,20.4
"BOOI4","2021-07-02 21:00",75.164,"71.75",114264,"0","2.3500040000000002","47.07","5.1181102362204728E-4",90.248,"77.521999999999977","71.581999999999951",64.6699999999999,34,14.9,20.4
"BOOI4","2021-07-02 22:00",71.672,"80.599999999999994",1465.2,"0","2.6240044","51.84","2.7559055118110242E-4",88.124,"77.737999999999985","71.599999999999937",64.706,34,14.9,20.4
"BOOI4","2021-07-02 23:00",68.8999999999999,"80.900000000000006",0,"0","3.4620058999999999","62.58","7.874015748031497E-5",86.1439999999999,"77.899999999999935","71.635999999999896",64.7239999999999,34,14.9,20.4
"BOOI4","2021-07-03 00:00",67.9099999999999,"77.41",0,"0","2.6360041999999999","59.52","3.9370078740157492E-5",84.3619999999999,"78.043999999999912","71.671999999999969",64.7239999999999,34,14.9,20.4
"BOOI4","2021-07-03 01:00",67.532,"76.959999999999994",0,"0","1.7850029999999999","50.48","-1.968503937007874E-4",82.814,"78.133999999999929","71.707999999999942",64.7239999999999,34,14.9,20.4
"BOOI4","2021-07-03 02:00",66.056,"81.2",0,"0","2.1770035999999999","55.29","-2.3622047244094491E-4",81.4279999999999,"78.187999999999974","71.725999999999928",64.7419999999999,33.9,14.9,20.4
"BOOI4","2021-07-03 03:00",65.1019999999999,"83",0,"0","0.54400090000000001","41.69","-9.8425196850393721E-4",80.1859999999999,"78.133999999999929","71.797999999999959",64.7419999999999,33.9,14.9,20.4
"BOOI4","2021-07-03 04:00",63.14,"87.7",0,"0","1.7670029","48.81","-4.7244094488188988E-4",79.106,"78.07999999999997","71.815999999999946",64.7599999999999,33.9,14.9,20.4
"BOOI4","2021-07-03 05:00",61.646,"90.8",0,"0","0.13300021000000001","38.56","-1.220472440944882E-3",78.08,"78.025999999999925","71.905999999999963",64.796,34,14.9,20.4
"BOOI4","2021-07-03 06:00",60.5119999999999,"92.7",9460.8,"0","2.2870037999999999","54.63","-4.7244094488188988E-4",77.1259999999999,"77.899999999999935","71.905999999999963",64.796,33.9,14.9,20.4
"BOOI4","2021-07-03 07:00",65.264,"89.7",206712,"0","0.80800134000000001","85.2","1.968503937007874E-4",76.3519999999999,"77.773999999999944","71.959999999999908",64.814,33.9,14.9,20.4
"BOOI4","2021-07-03 08:00",69.422,"88.1",696240,"0","2.5790042999999998","123.5","4.0551181102362211E-3",76.2619999999999,"77.629999999999981","71.995999999999981",64.814,33.8,14.9,20.4
"BOOI4","2021-07-03 09:00",74.156,"83.8",1288080,"0","3.4180057000000001","177","8.7795275590551204E-3",77.1259999999999,"77.449999999999932","72.031999999999954",64.832,33.8,14.9,20.5
"BOOI4","2021-07-03 10:00",78.638,"75.900000000000006",1913400,"0","3.6400060000000001","186.8","1.433070866141732E-2",78.9619999999999,"77.269999999999897","72.04999999999994",64.832,33.7,14.9,20.5
"BOOI4","2021-07-03 11:00",80.906,"68.59",2415600,"0","4.1110066999999999","188.4","1.9291338582677169E-2",81.5179999999999,"77.089999999999961","72.103999999999886",64.8679999999999,33.7,14.9,20.5
"BOOI4","2021-07-03 12:00",83.39,"56.91",2609280,"0","3.8310062999999999","225.6","2.188976377952756E-2",84.488,"76.927999999999898","72.103999999999886",64.8679999999999,33.7,14.9,20.5
"BOOI4","2021-07-03 13:00",84.8839999999999,"52.42",3211200,"0","3.7690063","187.8","2.7204724409448822E-2",87.4039999999999,"76.83799999999998","72.121999999999971",64.8859999999999,33.7,14.9,20.5
"BOOI4","2021-07-03 14:00",85.6939999999999,"47.6",3211200,"0","4.5500080000000001","204.1","2.8582677165354339E-2",90.4279999999999,"76.801999999999907","72.121999999999971",64.9039999999999,33.7,14.9,20.5
"BOOI4","2021-07-03 15:00",86.6659999999999,"47.11",3074400,"0","5.0650085999999996","196.1","2.8661417322834649E-2",92.8759999999999,"76.83799999999998","72.139999999999958",64.922,33.6,14.9,20.5
"BOOI4","2021-07-03 16:00",87.1699999999999,"46.01",2728800,"0","5.2160086999999997","218.3","2.6850393700787411E-2",94.5859999999999,"76.96399999999997","72.139999999999958",64.94,33.6,14.9,20.5
"BOOI4","2021-07-03 17:00",86.7199999999999,"47.83",2195280,"0","6.3060106999999999","243.6","2.409448818897638E-2",95.306,"77.107999999999933","72.139999999999958",64.94,33.6,14.9,20.5
"BOOI4","2021-07-03 18:00",86.3239999999999,"51.35",1707120,"0","5.2610086999999996","234","1.8779527559055119E-2",95.3419999999999,"77.287999999999982","72.121999999999971",64.9579999999999,33.6,14.9,20.5
"BOOI4","2021-07-03 19:00",85.532,"55.03",988560,"0","4.7910079999999997","236.4","1.244094488188977E-2",94.73,"77.575999999999922","72.139999999999958",64.9579999999999,33.7,14.9,20.5
"BOOI4","2021-07-03 20:00",82.1659999999999,"65.03",504360,"0","2.2330036","202.1","5.0393700787401581E-3",93.398,"77.845999999999989","72.139999999999958",64.9759999999999,33.8,14.9,20.5
"BOOI4","2021-07-03 21:00",78.1159999999999,"73.680000000000007",117288,"0","2.1430037","162.69999999999999","5.1181102362204728E-4",91.562,"78.115999999999943","72.157999999999944",64.9939999999999,33.8,14.9,20.5
"BOOI4","2021-07-03 22:00",74.696,"79.44",990,"0","2.4980042","167.2","2.7559055118110242E-4",89.564,"78.367999999999924","72.139999999999958",65.0119999999999,33.8,14.9,20.5
"BOOI4","2021-07-03 23:00",71.1679999999999,"86.8",0,"0","2.5090043999999998","178.8","0",87.764,"78.547999999999959","72.175999999999917",65.03,33.8,14.8,20.5
"BOOI4","2021-07-04 00:00",69.5839999999999,"90.8",0,"0","1.871003","190.3","-3.9370078740157491E-4",86.1619999999999,"78.709999999999908","72.21199999999989",65.03,33.8,14.8,20.5
"BOOI4","2021-07-04 01:00",69.1339999999999,"90.8",3.6,"0","1.9430031999999999","203.9","-4.7244094488188988E-4",84.74,"78.79999999999994","72.247999999999962",65.048,33.7,14.8,20.5
"BOOI4","2021-07-04 02:00",67.7659999999999,"93.3",0,"0","2.9690050000000001","190.5","-2.7559055118110242E-4",83.48,"78.853999999999886","72.283999999999921",65.0839999999999,33.7,14.8,20.5
"BOOI4","2021-07-04 03:00",67.172,"94.1",0,"0","2.4830043000000002","196.4","-4.7244094488188988E-4",82.346,"78.889999999999958","72.33799999999998",65.0839999999999,33.6,14.8,20.5
"BOOI4","2021-07-04 04:00",66.956,"94.6",0,"0","3.2080053999999998","196.5","-4.3307086614173231E-4",81.2839999999999,"78.853999999999886","72.373999999999953",65.0659999999999,33.6,14.8,20.5
"BOOI4","2021-07-04 05:00",66.2179999999999,"95.7",0,"0","3.6140059999999998","196.7","-3.5433070866141729E-4",80.2939999999999,"78.781999999999954","72.409999999999911",65.1019999999999,33.6,14.8,20.5
"BOOI4","2021-07-04 06:00",65.0839999999999,"97.6",8175.6,"0","1.9280032","203","-6.2992125984251976E-4",79.3939999999999,"78.691999999999936","72.46399999999997",65.1199999999999,33.5,14.8,20.5
"BOOI4","2021-07-04 07:00",68.756,"93.7",215712,"0","2.4920041999999998","213.3","2.7559055118110242E-4",78.656,"78.565999999999946","72.517999999999915",65.1199999999999,33.5,14.8,20.5
"BOOI4","2021-07-04 08:00",73.7779999999999,"84.4",700560,"0","4.4850073000000004","204.7","4.4881889763779539E-3",78.4579999999999,"78.439999999999955","72.535999999999902",65.156,33.5,14.8,20.5
"BOOI4","2021-07-04 09:00",77.63,"74.86",1298160,"0","6.796011","216.8","1.0708661417322841E-2",79.1779999999999,"78.277999999999892","72.589999999999961",65.156,33.5,14.8,20.5
"BOOI4","2021-07-04 10:00",80.906,"68.819999999999993",1905480,"0","8.640015","230.4","1.7165354330708659E-2",80.6179999999999,"78.115999999999943","72.62599999999992",65.1739999999999,33.3,14.8,20.5
"BOOI4","2021-07-04 11:00",84.2179999999999,"64.77",2437920,"0","9.5000160000000005","237.5","2.271653543307087E-2",82.6519999999999,"77.989999999999952","72.643999999999906",65.1739999999999,33.3,14.8,20.5
"BOOI4","2021-07-04 12:00",85.4419999999999,"57.73",2741760,"0","10.310017999999999","242.4","2.7519685039370079E-2",85.082,"77.845999999999989","72.679999999999978",65.1919999999999,33.3,14.8,20.5
"BOOI4","2021-07-04 13:00",86.8279999999999,"54.3",3186000,"0","11.670019","248.9","3.2952755905511812E-2",87.548,"77.755999999999958","72.661999999999892",65.2279999999999,33.3,14.8,20.5
"BOOI4","2021-07-04 14:00",87.656,"52.26",3333600,"0","11.190018999999999","237.6","3.4685039370078753E-2",89.9239999999999,"77.719999999999899","72.697999999999965",65.246,33.2,14.8,20.4
"BOOI4","2021-07-04 15:00",88.2859999999999,"52.3",3034800,"0","10.390017500000001","236.5","3.255905511811024E-2",91.922,"77.737999999999985","72.697999999999965",65.246,33.1,14.8,20.4
"BOOI4","2021-07-04 16:00",87.638,"54.26",2247120,"0","11.050018","242.6","2.7716535433070871E-2",93.0379999999999,"77.863999999999962","72.715999999999937",65.264,33.1,14.8,20.4
"BOOI4","2021-07-04 17:00",88.232,"55.37",1983240,"0","9.4300160000000002","229","2.4251968503937009E-2",93.2899999999999,"78.025999999999925","72.715999999999937",65.282,33.1,14.8,20.4
"BOOI4","2021-07-04 18:00",88.1599999999999,"55.45",1854720,"0","9.7700169999999993","222.8","2.3070866141732281E-2",93.4339999999999,"78.223999999999947","72.733999999999924",65.282,33,14.8,20.4
"BOOI4","2021-07-04 19:00",86.4319999999999,"56.19",1123560,"0","9.5300159999999998","226.2","1.7401574803149609E-2",93.1819999999999,"78.439999999999955","72.75199999999991",65.3179999999999,33.1,14.8,20.4
"BOOI4","2021-07-04 20:00",83.714,"62.28",596520,"0","8.0700129999999994","229.7","1.1181102362204719E-2",92.0659999999999,"78.67399999999995","72.715999999999937",65.3359999999999,33.1,14.8,20.4
"BOOI4","2021-07-04 21:00",79.232,"73.599999999999994",86796,"0","4.7710074999999996","223","3.0708661417322841E-3",90.374,"78.889999999999958","72.75199999999991",65.3359999999999,33.1,14.8,20.4
"BOOI4","2021-07-04 22:00",74.7859999999999,"83",2473.2,"0","3.0560049999999999","209.1","1.968503937007874E-4",88.5919999999999,"79.105999999999966","72.733999999999924",65.3539999999999,33.1,14.8,20.4
"BOOI4","2021-07-04 23:00",72.374,"87.8",0,"0","2.8790049999999998","200.6","-1.181102362204725E-4",86.972,"79.267999999999915","72.787999999999982",65.372,33.1,14.8,20.4
"BOOI4","2021-07-05 00:00",70.7179999999999,"91.2",0,"0","2.6030044999999999","208.3","-3.9370078740157491E-4",85.532,"79.411999999999892","72.805999999999969",65.372,33.1,14.8,20.4
"BOOI4","2021-07-05 01:00",70.9339999999999,"91.5",0,"0","3.0350049000000001","212.5","-4.3307086614173231E-4",84.2539999999999,"79.465999999999937","72.841999999999928",65.4079999999999,33.1,14.8,20.4
"BOOI4","2021-07-05 02:00",70.6279999999999,"92.4",0,"0","3.6210059999999999","213.2","-3.1496062992125988E-4",83.1019999999999,"79.483999999999924","72.859999999999914",65.4259999999999,33.1,14.8,20.4
"BOOI4","2021-07-05 03:00",69.764,"93.3",0,"0","3.5840057999999999","211.2","-3.9370078740157491E-4",82.0939999999999,"79.483999999999924","72.895999999999987",65.4259999999999,33.1,14.8,20.4
"BOOI4","2021-07-05 04:00",69.9259999999999,"92.8",0,"0","4.3810070000000003","212.3","-2.7559055118110242E-4",81.1939999999999,"79.411999999999892","72.949999999999932",65.4259999999999,33,14.8,20.4
"BOOI4","2021-07-05 05:00",68.0179999999999,"95.7",0,"0","1.4220022999999999","228.1","-8.6614173228346462E-4",80.4199999999999,"79.339999999999961","72.985999999999905",65.4439999999999,33,14.8,20.4
"BOOI4","2021-07-05 06:00",67.388,"97.4",5886,"0","2.4180039999999998","208.9","-7.4803149606299225E-4",79.6819999999999,"79.249999999999929","73.039999999999949",65.48,33,14.8,20.4
"BOOI4","2021-07-05 07:00",70.5919999999999,"91.7",131904,"0","5.5500093000000001","224","9.4488188976377975E-4",79.088,"79.105999999999966","73.057999999999936",65.4619999999999,32.9,14.8,20.4
"BOOI4","2021-07-05 08:00",75.1279999999999,"79.790000000000006",631080,"0","6.1790104000000001","222.7","5.0393700787401581E-3",78.89,"78.979999999999976","73.111999999999895",65.498,32.9,14.8,20.4
"BOOI4","2021-07-05 09:00",78.9439999999999,"69.11",1186560,"0","8.0600140000000007","227.5","1.177165354330709E-2",79.6099999999999,"78.835999999999899","73.111999999999895",65.498,32.9,14.8,20.4
"BOOI4","2021-07-05 10:00",82.0039999999999,"63.76",1707480,"0","9.8900170000000003","230","1.7874015748031501E-2",80.906,"78.691999999999936","73.16599999999994",65.5159999999999,32.8,14.8,20.4
"BOOI4","2021-07-05 11:00",84.848,"60.07",2144160,"0","10.580018000000001","227.9","2.2874015748031499E-2",82.6699999999999,"78.547999999999959","73.201999999999913",65.5519999999999,32.7,14.8,20.4
"BOOI4","2021-07-05 12:00",86.8999999999999,"57.24",3006000,"0","12.32002","231.1","3.1338582677165362E-2",84.9019999999999,"78.403999999999883","73.201999999999913",65.5519999999999,32.6,14.7,20.4
"BOOI4","2021-07-05 13:00",88.6999999999999,"54.21",3045600,"0","11.90002","229","3.2204724409448819E-2",87.422,"78.295999999999978","73.183999999999926",65.5519999999999,32.6,14.7,20.4
"BOOI4","2021-07-05 14:00",89.2939999999999,"54.54",3196800,"0","10.790018","235.4","3.3740157480314968E-2",89.78,"78.25999999999992","73.219999999999899",65.588,32.5,14.7,20.4
"BOOI4","2021-07-05 15:00",90.0859999999999,"52.69",3063600,"0","10.750017","244.3","3.3543307086614182E-2",91.9039999999999,"78.277999999999892","73.219999999999899",65.606,32.4,14.7,20.4
"BOOI4","2021-07-05 16:00",90.6259999999999,"53.58",2707200,"0","9.440016","238.4","3.0118110236220481E-2",93.5239999999999,"78.385999999999896","73.219999999999899",65.588,32.3,14.7,20.4
"BOOI4","2021-07-05 17:00",91.2379999999999,"54.27",2255760,"0","8.3900140000000007","227.1","2.6141732283464569E-2",94.6039999999999,"78.511999999999887","73.237999999999985",65.606,32.4,14.7,20.4
"BOOI4","2021-07-05 18:00",89.8879999999999,"53.91",1711800,"0","8.7500140000000002","233.4","2.2322834645669289E-2",94.9279999999999,"78.709999999999908","73.219999999999899",65.6599999999999,32.3,14.7,20.4
"BOOI4","2021-07-05 19:00",88.232,"56.61",1009080,"0","8.4000140000000005","234.7","1.641732283464567E-2",94.4419999999999,"78.907999999999944","73.219999999999899",65.6599999999999,32.3,14.7,20.4
"BOOI4","2021-07-05 20:00",84.8119999999999,"62.44",515880,"0","6.3380102999999997","223.7","9.4488188976377969E-3",93.2359999999999,"79.141999999999925","73.219999999999899",65.6779999999999,32.3,14.7,20.4
"BOOI4","2021-07-05 21:00",80.222,"71.19",42624,"0","3.6420062","220.8","3.1102362204724421E-3",91.4359999999999,"79.37599999999992","73.273999999999944",65.6779999999999,32.3,14.7,20.4
"BOOI4","2021-07-05 22:00",78.638,"74.81",619.2,"0","2.8870049","234.7","7.0866141732283468E-4",89.6359999999999,"79.573999999999941","73.291999999999931",65.696,32.3,14.7,20.4
"BOOI4","2021-07-05 23:00",76.5859999999999,"79.42",0,"0","2.481004","218.6","1.968503937007874E-4",88.1419999999999,"79.735999999999905","73.273999999999944",65.714,32.3,14.7,20.4
"BOOI4","2021-07-06 00:00",73.472,"87.3",0,"0","1.9430031999999999","208.8","-3.1496062992125988E-4",86.7919999999999,"79.861999999999895","73.309999999999917",65.732,32.3,14.7,20.4
"BOOI4","2021-07-06 01:00",74.4439999999999,"84.2",0,"0","3.7090063","244.5","2.7559055118110242E-4",85.64,"79.951999999999913","73.345999999999989",65.7499999999999,32.3,14.7,20.4
"BOOI4","2021-07-06 02:00",73.9759999999999,"83.6",0,"0","3.8510065","223.1","3.9370078740157491E-4",84.6499999999999,"79.987999999999985","73.363999999999962",65.7499999999999,32.3,14.6,20.4
"BOOI4","2021-07-06 03:00",71.3119999999999,"89.5",0,"0","3.4310057","235.8","3.9370078740157492E-5",83.7679999999999,"80.005999999999958","73.399999999999935",65.7859999999999,32.3,14.7,20.4
"BOOI4","2021-07-06 04:00",72.6259999999999,"85",0,"0","4.7640076000000002","231.2","4.3307086614173231E-4",82.8859999999999,"79.969999999999899","73.435999999999908",65.7859999999999,32.2,14.7,20.4
"BOOI4","2021-07-06 05:00",70.646,"89",0,"0","4.7490079999999999","225.8","1.968503937007874E-4",82.0579999999999,"79.91599999999994","73.489999999999952",65.822,32.2,14.7,20.4
"BOOI4","2021-07-06 06:00",70.232,"88.8",10407.6,"0","4.0430070000000002","230.2","3.9370078740157492E-5",81.23,"79.789999999999949","73.507999999999939",65.8039999999999,32.2,14.6,20.4
"BOOI4","2021-07-06 07:00",72.356,"86.3",216900,"0","3.4570056999999998","230.2","9.8425196850393721E-4",80.546,"79.699999999999932","73.525999999999925",65.84,32.2,14.7,20.4
"BOOI4","2021-07-06 08:00",76.082,"77.73",737280,"0","5.6770095999999999","235.1","5.984251968503938E-3",80.3659999999999,"79.591999999999928","73.597999999999956",65.8579999999999,32.1,14.7,20.4
"BOOI4","2021-07-06 09:00",80.4199999999999,"68.709999999999994",1363320,"0","7.1260120000000002","243.1","1.248031496062992E-2",80.996,"79.483999999999924","73.615999999999943",65.8579999999999,32.1,14.7,20.4
"BOOI4","2021-07-06 10:00",82.0579999999999,"65.790000000000006",1895760,"0","8.4100140000000003","251.8","1.858267716535433E-2",82.3819999999999,"79.339999999999961","73.651999999999916",65.8759999999999,32,14.6,20.4
"BOOI4","2021-07-06 11:00",83.7679999999999,"62.23",2498760,"0","8.9700150000000001","251.6","2.3897637795275591E-2",84.3619999999999,"79.21399999999997","73.669999999999888",65.8939999999999,31.9,14.6,20.4
"BOOI4","2021-07-06 12:00",86.4499999999999,"57.48",2919600,"0","9.6400159999999993","246.8","2.8503937007874021E-2",86.7019999999999,"79.105999999999966","73.723999999999947",65.9119999999999,31.8,14.6,20.4
"BOOI4","2021-07-06 13:00",86.63,"54.41",2955600,"0","8.3100140000000007","235.7","2.921259842519686E-2",89.1319999999999,"79.015999999999948","73.70599999999996",65.9119999999999,31.7,14.6,20.4
"BOOI4","2021-07-06 14:00",86.5579999999999,"56.59",3052800,"0","7.8740133999999999","223.9","3.035433070866142E-2",91.3819999999999,"78.997999999999962","73.70599999999996",65.93,31.6,14.6,20.4
"BOOI4","2021-07-06 15:00",88.6099999999999,"51.92",2880000,"0","8.210013","216.4","3.0039370078740159E-2",93.0379999999999,"79.051999999999907","73.723999999999947",65.93,31.5,14.6,20.4
"BOOI4","2021-07-06 16:00",88.7359999999999,"48.24",2937600,"0","9.6700160000000004","230.7","3.1889763779527569E-2",94.5679999999999,"79.159999999999911","73.741999999999933",65.9659999999999,31.5,14.6,20.4
"BOOI4","2021-07-06 17:00",88.0159999999999,"52.01",1971360,"0","9.8800159999999995","227.5","2.5275590551181112E-2",95.0359999999999,"79.339999999999961","73.741999999999933",65.9839999999999,31.4,14.6,20.4
"BOOI4","2021-07-06 18:00",87.1519999999999,"52.93",1578240,"0","10.060017","226.4","2.2047244094488199E-2",94.8199999999999,"79.519999999999897","73.723999999999947",65.9839999999999,31.4,14.6,20.4
"BOOI4","2021-07-06 19:00",86.2159999999999,"53.98",1083240,"0","8.7600149999999992","226.3","1.6811023622047241E-2",94.046,"79.735999999999905","73.723999999999947",66.0199999999999,31.4,14.6,20.4
"BOOI4","2021-07-06 20:00",83.282,"60.71",417240,"0","5.5390090000000001","222.7","8.2283464566929136E-3",92.8039999999999,"79.951999999999913","73.75999999999992",66.0199999999999,31.4,14.6,20.4
"BOOI4","2021-07-06 21:00",77.9359999999999,"74.31",115308,"0","1.8900032","214.2","3.5433070866141729E-4",91.2019999999999,"80.149999999999935","73.777999999999892",66.0199999999999,31.4,14.6,20.4
"BOOI4","2021-07-06 22:00",74.588,"79.91",892.8,"0","1.7750030000000001","207.2","-2.3622047244094491E-4",89.546,"80.311999999999884","73.777999999999892",66.056,31.4,14.6,20.4
"BOOI4","2021-07-06 23:00",73.5259999999999,"82.1",0,"0","2.7270045000000001","216.1","1.181102362204725E-4",88.0159999999999,"80.473999999999947","73.795999999999978",66.0739999999999,31.4,14.6,20.4
"BOOI4","2021-07-07 00:00",74.4439999999999,"80.900000000000006",0,"0","3.2270055000000002","237","1.968503937007874E-4",86.7019999999999,"80.545999999999978","73.813999999999965",66.0739999999999,31.4,14.6,20.4
"BOOI4","2021-07-07 01:00",72.4999999999999,"87.5",0,"0","5.0150084000000001","344.1","7.0866141732283468E-4",85.748,"80.581999999999951","73.867999999999924",66.0919999999999,31.4,14.6,20.4
"BOOI4","2021-07-07 02:00",70.772,"91.1",0,"0","4.2130070000000002","21.53","-7.874015748031497E-5",84.8119999999999,"80.599999999999937","73.903999999999883",66.1279999999999,31.4,14.6,20.4
"BOOI4","2021-07-07 03:00",70.646,"90",0,"0","3.580006","26.24","-1.968503937007874E-4",83.93,"80.581999999999951","73.957999999999942",66.1279999999999,31.3,14.6,20.4
"BOOI4","2021-07-07 04:00",70.1779999999999,"91.4",0,"0","3.2990054999999998","37.479999999999997","-3.1496062992125988E-4",83.138,"80.527999999999892","73.975999999999928",66.146,31.3,14.6,20.4
"BOOI4","2021-07-07 05:00",69.0619999999999,"97.6",0,"0.01","2.3790040000000001","324.60000000000002","-6.6929133858267733E-4",82.364,"80.45599999999996","74.011999999999887",66.146,31.3,14.6,20.4
"BOOI4","2021-07-07 06:00",68.864,"99.2",4737.6,"0.01","1.0870017999999999","357.5","-9.4488188976377975E-4",81.5179999999999,"80.383999999999929","74.047999999999959",66.164,31.3,14.6,20.5
"BOOI4","2021-07-07 07:00",69.53,"98.7",76896,"0.01","1.3920022999999999","22.5","4.7244094488188988E-4",80.7439999999999,"80.239999999999952","74.083999999999932",66.1999999999999,31.2,14.6,20.5
"BOOI4","2021-07-07 08:00",70.5739999999999,"96.4",306720,"0.01","1.8470031","19.89","2.0866141732283471E-3",80.2579999999999,"80.113999999999962","74.083999999999932",66.1999999999999,31.2,14.6,20.5
"BOOI4","2021-07-07 09:00",72.1939999999999,"93.2",497160,"0","2.1930036999999998","6.8090000000000002","3.6614173228346459E-3",80.1679999999999,"79.987999999999985","74.137999999999977",66.2179999999999,31.2,14.6,20.5
"BOOI4","2021-07-07 10:00",72.9679999999999,"90.7",828000,"0","4.3310075000000001","0.14099999999999999","6.4173228346456708E-3",80.3659999999999,"79.825999999999922","74.155999999999963",66.2359999999999,31.1,14.6,20.5
"BOOI4","2021-07-07 11:00",70.5919999999999,"92",325080,"0.01","6.0310100000000002","7.5469999999999997","3.2677165354330719E-3",80.1319999999999,"79.645999999999987","74.191999999999936",66.2179999999999,31.1,14.5,20.5
"BOOI4","2021-07-07 12:00",69.2779999999999,"89.9",849240,"0","7.6750125999999996","4.806","6.574803149606301E-3",79.664,"79.483999999999924","74.191999999999936",66.2899999999999,31,14.5,20.5
"BOOI4","2021-07-07 13:00",67.1359999999999,"91.5",1116360,"0","8.1900130000000004","358.3","8.1889763779527565E-3",79.664,"79.37599999999992","74.209999999999908",66.272,30.9,14.5,20.5
"BOOI4","2021-07-07 14:00",65.156,"97.6",600120,"0","6.9410113999999998","359.8","4.0944881889763782E-3",79.1779999999999,"79.231999999999957","74.227999999999895",66.2899999999999,31,14.5,20.5
"BOOI4","2021-07-07 15:00",68.522,"88.4",955080,"0","8.3100140000000007","348.7","6.2598425196850396E-3",78.44,"79.08799999999998","74.209999999999908",66.3079999999999,30.9,14.5,20.5
"BOOI4","2021-07-07 16:00",71.9239999999999,"80.2",2112480,"0","9.0600149999999999","2.77","1.4685039370078741E-2",78.7099999999999,"78.96199999999989","74.245999999999981",66.3439999999999,30.8,14.5,20.5
"BOOI4","2021-07-07 17:00",72.9499999999999,"73.84",1775880,"0","9.1600149999999996","5.3079999999999998","1.4685039370078741E-2",79.2679999999999,"78.835999999999899","74.209999999999908",66.3619999999999,30.8,14.5,20.5
"BOOI4","2021-07-07 18:00",73.9039999999999,"69.75",1495800,"0","9.9000160000000008","12.89","1.385826771653543E-2",79.7539999999999,"78.691999999999936","74.227999999999895",66.3439999999999,30.7,14.5,20.5
"BOOI4","2021-07-07 19:00",72.7699999999999,"71.260000000000005",1071360,"0.01","9.2900159999999996","7","1.137795275590551E-2",79.988,"78.583999999999932","74.209999999999908",66.3619999999999,30.6,14.5,20.5
"BOOI4","2021-07-07 20:00",69.6739999999999,"77.81",637920,"0","8.0500139999999991","14.83","6.6535433070866153E-3",79.6099999999999,"78.439999999999955","74.191999999999936",66.38,30.6,14.5,20.5
"BOOI4","2021-07-07 21:00",65.4619999999999,"86.5",118296,"0","5.7030095999999997","29.12","9.0551181102362219E-4",78.4759999999999,"78.331999999999951","74.17399999999995",66.398,30.5,14.5,20.5
"BOOI4","2021-07-07 22:00",63.0499999999999,"89.9",1425.6,"0","4.7790084000000004","17.47","0",77.1079999999999,"78.241999999999933","74.155999999999963",66.4159999999999,30.5,14.5,20.5
"BOOI4","2021-07-07 23:00",61.3399999999999,"92.2",0,"0","3.9940066000000001","11.49","-2.3622047244094491E-4",75.8119999999999,"78.115999999999943","74.137999999999977",66.4159999999999,30.5,14.4,20.5
"BOOI4","2021-07-08 00:00",59.2159999999999,"96.6",0,"0","2.6530043999999999","1.226","-5.905511811023623E-4",74.624,"77.989999999999952","74.101999999999904",66.4339999999999,30.5,14.4,20.5
"BOOI4","2021-07-08 01:00",58.4419999999999,"98",0,"0","2.7160046000000002","355.4","-6.6929133858267733E-4",73.598,"77.827999999999903","74.065999999999946",66.4519999999999,30.5,14.4,20.5
"BOOI4","2021-07-08 02:00",57.272,"98.9",0,"0","3.5430057000000001","348.9","-5.905511811023623E-4",72.68,"77.66599999999994","74.047999999999959",66.4519999999999,30.4,14.4,20.5
"BOOI4","2021-07-08 03:00",56.138,"99.9",0,"0","2.2490036","9.31","-7.874015748031497E-4",71.78,"77.503999999999891","74.029999999999973",66.4699999999999,30.4,14.4,20.5
"BOOI4","2021-07-08 04:00",57.5239999999999,"99.9",0,"0","2.7980046000000001","359.6","-7.4803149606299225E-4",71.2039999999999,"77.269999999999897","74.011999999999887",66.488,30.4,14.4,20.5
"BOOI4","2021-07-08 05:00",58.2079999999999,"99.4",0,"0","3.0350049000000001","15.3","-7.0866141732283468E-4",70.898,"77.071999999999974","73.975999999999928",66.506,30.3,14.4,20.5
"BOOI4","2021-07-08 06:00",58.9279999999999,"98.5",5392.8,"0","2.7840047000000001","14.72","-7.0866141732283468E-4",70.646,"76.873999999999953","73.921999999999969",66.5239999999999,30.3,14.4,20.5
"BOOI4","2021-07-08 07:00",60.188,"97.2",111276,"0","1.2770022000000001","344.2","2.7559055118110242E-4",70.4659999999999,"76.639999999999958","73.903999999999883",66.5419999999999,30.2,14.4,20.5
"BOOI4","2021-07-08 08:00",60.9259999999999,"96.3",234396,"0","2.926005","14.83","1.653543307086615E-3",70.4839999999999,"76.387999999999977","73.849999999999937",66.5239999999999,30.2,14.4,20.5
"BOOI4","2021-07-08 09:00",62.24,"90.8",659880,"0","5.7620095999999998","59.92","4.0551181102362211E-3",70.8079999999999,"76.171999999999969","73.813999999999965",66.5599999999999,30.1,14.4,20.5
"BOOI4","2021-07-08 10:00",63.7159999999999,"86.9",708120,"0","3.2700054999999999","17.489999999999998","5.1181102362204732E-3",71.438,"75.95599999999996","73.75999999999992",66.5779999999999,30.1,14.4,20.5
"BOOI4","2021-07-08 11:00",66.5239999999999,"77.41",1852920,"0","4.8380080000000003","48.31","1.2519685039370079E-2",72.8239999999999,"75.739999999999952","73.669999999999888",66.5779999999999,30,14.4,20.5
"BOOI4","2021-07-08 12:00",67.73,"77.209999999999994",1613880,"0","4.0750070000000003","340.7","1.2086614173228351E-2",74.6599999999999,"75.559999999999917","73.651999999999916",66.614,29.9,14.4,20.5
"BOOI4","2021-07-08 13:00",69.98,"68.989999999999995",1823040,"0","3.8880064000000001","2.2879999999999998","1.409448818897638E-2",76.2259999999999,"75.41599999999994","73.597999999999956",66.596,29.9,14.3,20.5
"BOOI4","2021-07-08 14:00",68.63,"77.3",1049760,"0","4.1740069999999996","22.87","9.5275590551181111E-3",77.4679999999999,"75.253999999999891","73.525999999999925",66.6319999999999,29.8,14.3,20.5
"BOOI4","2021-07-08 15:00",69.89,"71.14",1132200,"0","5.3720090000000003","68.739999999999995","1.039370078740158E-2",77.5939999999999,"75.181999999999945","73.489999999999952",66.6319999999999,29.8,14.3,20.5
"BOOI4","2021-07-08 16:00",74.156,"64.72",2314440,"0","3.4940057000000002","147.19999999999999","1.7401574803149609E-2",78.764,"75.127999999999901","73.435999999999908",66.6499999999999,29.8,14.3,20.5
"BOOI4","2021-07-08 17:00",75.1099999999999,"64.39",2239200,"0","2.9230049","127","1.6889763779527559E-2",81.3019999999999,"75.109999999999914","73.327999999999903",66.6319999999999,29.7,14.3,20.5
"BOOI4","2021-07-08 18:00",75.272,"65.709999999999994",1760040,"0","3.1570052999999998","138.4","1.3740157480314961E-2",82.94,"75.109999999999914","73.291999999999931",66.6859999999999,29.6,14.2,20.4
"BOOI4","2021-07-08 19:00",74.0119999999999,"67.02",1021680,"0","3.2000052999999999","135.69999999999999","8.6220472440944902E-3",83.48,"75.127999999999901","73.255999999999958",66.6679999999999,29.6,14.2,20.4
"BOOI4","2021-07-08 20:00",72.3019999999999,"73.099999999999994",549000,"0","3.9090064","142.69999999999999","5.000000000000001E-3",82.814,"75.145999999999987","73.16599999999994",66.6679999999999,29.6,14.2,20.4
"BOOI4","2021-07-08 21:00",69.5659999999999,"78.92",104976,"0","1.8840030000000001","139.30000000000001","-4.3307086614173231E-4",81.338,"75.199999999999932","73.129999999999981",66.6859999999999,29.6,14.3,20.4
"BOOI4","2021-07-08 22:00",68.288,"80.3",882,"0","1.9430031999999999","107.3","-2.3622047244094491E-4",79.5919999999999,"75.199999999999932","73.039999999999949",66.6859999999999,29.6,14.3,20.4
"BOOI4","2021-07-08 23:00",65.4439999999999,"87.6",0,"0","2.1910036000000002","74.569999999999993","-3.5433070866141729E-4",78.08,"75.253999999999891","73.039999999999949",66.6859999999999,29.6,14.3,20.4
"BOOI4","2021-07-09 00:00",64.5079999999999,"91.2",0,"0","3.2190050000000001","119.4","-1.968503937007874E-4",76.7839999999999,"75.253999999999891","72.949999999999932",66.722,29.6,14.2,20.4
"BOOI4","2021-07-09 01:00",64.4179999999999,"92.6",0,"0","3.5130056999999999","113","-2.3622047244094491E-4",75.848,"75.253999999999891","72.913999999999973",66.722,29.6,14.2,20.4
"BOOI4","2021-07-09 02:00",63.896,"97.2",0,"0.04","4.3850074000000001","87.6","-3.1496062992125988E-4",75.146,"75.253999999999891","72.877999999999901",66.722,29.6,14.2,20.4
"BOOI4","2021-07-09 03:00",65.5699999999999,"96.6",0,"0.04","6.1570099999999996","194.1","-3.1496062992125988E-4",74.3359999999999,"75.163999999999973","72.823999999999941",66.722,29.6,14.2,20.4
"BOOI4","2021-07-09 04:00",65.1019999999999,"98.3",0,"0.12","5.6210092999999999","204.1","-3.5433070866141729E-4",73.6339999999999,"75.109999999999914","72.805999999999969",66.74,29.6,14.2,20.4
"BOOI4","2021-07-09 05:00",64.2199999999999,"95",0,"7.0000000000000007E-2","13.560022","197.6","0",72.68,"75.019999999999897","72.769999999999897",66.722,29.6,14.2,20.4
"BOOI4","2021-07-09 06:00",64.688,"98.7",460.8,"0.14000000000000001","5.8310094000000001","177.3","-3.1496062992125988E-4",71.69,"74.911999999999892","72.75199999999991",66.74,29.8,14.2,20.4
"BOOI4","2021-07-09 07:00",65.39,"99.6",5241.6,"0.15","6.6990109999999996","207","1.181102362204725E-4",70.9339999999999,"74.785999999999902","72.679999999999978",66.74,30.5,14.2,20.4
"BOOI4","2021-07-09 08:00",66.5239999999999,"96.6",160956,"0.01","6.3310103","192.6","1.2992125984251971E-3",70.4839999999999,"74.677999999999898","72.679999999999978",66.74,30.8,14.1,20.4
"BOOI4","2021-07-09 09:00",67.4599999999999,"96.7",391680,"0.01","6.1160097000000002","219.7","2.9133858267716538E-3",70.646,"74.515999999999948","72.643999999999906",66.74,30.9,14.1,20.4
"BOOI4","2021-07-09 10:00",68.0359999999999,"96.9",353880,"0.06","5.2990089999999999","207.5","2.6377952755905522E-3",70.9699999999999,"74.389999999999958","72.607999999999933",66.7579999999999,31,14.1,20.4
"BOOI4","2021-07-09 11:00",72.7339999999999,"86.8",1289880,"0","5.9230099999999997","159.69999999999999","8.9370078740157489E-3",71.564,"74.245999999999981","72.553999999999888",66.7579999999999,31,14.1,20.4
"BOOI4","2021-07-09 12:00",71.9239999999999,"91.7",1371600,"0.01","8.3300129999999992","139.80000000000001","1.015748031496063E-2",73.796,"74.083999999999932","72.535999999999902",66.7759999999999,31,14.2,20.4
"BOOI4","2021-07-09 13:00",71.33,"93.8",985320,"0","10.050015999999999","107.9","7.7165354330708674E-3",74.5339999999999,"73.9939999999999","72.481999999999957",66.7579999999999,31,14.2,20.4
"BOOI4","2021-07-09 14:00",69.296,"98.6",252144,"0.26","8.7500140000000002","64.260000000000005","1.968503937007874E-3",73.8679999999999,"73.849999999999937","72.445999999999984",66.7759999999999,37,14.3,20.4
"BOOI4","2021-07-09 15:00",76.172,"89",2773800,"0","9.6400159999999993","114.2","1.720472440944882E-2",75.038,"73.777999999999892","72.427999999999898",66.7579999999999,35.3,14.5,20.4
"BOOI4","2021-07-09 16:00",76.4599999999999,"86.4",2092680,"0","9.3300149999999995","112","1.5078740157480321E-2",77.522,"73.723999999999947","72.355999999999966",66.74,34.9,14.5,20.4
"BOOI4","2021-07-09 17:00",77.8999999999999,"84.9",2086560,"0","9.5800160000000005","108.5","1.519685039370079E-2",78.6199999999999,"73.687999999999974","72.319999999999894",66.74,34.6,14.4,20.4
"BOOI4","2021-07-09 18:00",74.7859999999999,"89.9",806040,"0","9.1700149999999994","82.3","7.6377952755905523E-3",79.0699999999999,"73.687999999999974","72.283999999999921",66.7579999999999,34.4,14.5,20.4
"BOOI4","2021-07-09 19:00",72.0679999999999,"85.2",111816,"0","13.410022","68.900000000000006","3.543307086614174E-3",77.648,"73.669999999999888","72.229999999999976",66.7579999999999,34.3,14.5,20.4
"BOOI4","2021-07-09 20:00",68.9359999999999,"90.4",172368,"0","15.000025000000001","85.8","3.6614173228346459E-3",76.0279999999999,"73.70599999999996","72.193999999999903",66.7759999999999,34.3,14.5,20.4
"BOOI4","2021-07-09 21:00",67.748,"90",54036,"0","11.400019","100.8","1.968503937007874E-3",74.6419999999999,"73.75999999999992","72.121999999999971",66.7579999999999,34.2,14.5,20.4
"BOOI4","2021-07-09 22:00",66.2539999999999,"94.3",792,"0","9.1700149999999994","106.3","6.2992125984251976E-4",73.3999999999999,"73.777999999999892","72.085999999999899",66.7579999999999,34.1,14.5,20.4
"BOOI4","2021-07-09 23:00",65.5699999999999,"95",0,"0","8.4000140000000005","90.8","3.5433070866141729E-4",72.248,"73.777999999999892","72.067999999999913",66.7759999999999,34.1,14.4,20.4
"BOOI4","2021-07-10 00:00",65.4079999999999,"94.5",0,"0","8.590014","104.7","3.9370078740157491E-4",71.33,"73.795999999999978","71.959999999999908",66.7579999999999,34,14.4,20.4
"BOOI4","2021-07-10 01:00",65.5159999999999,"93",0,"0","10.4700165","93.7","5.1181102362204728E-4",70.6999999999999,"73.741999999999933","71.995999999999981",66.74,34,14.5,20.4
"BOOI4","2021-07-10 02:00",65.282,"95.1",0,"0.01","8.7900139999999993","109.3","5.1181102362204728E-4",70.196,"73.687999999999974","71.941999999999936",66.7579999999999,34,14.4,20.4
"BOOI4","2021-07-10 03:00",64.9039999999999,"99.3",0,"0.08","6.2010100000000001","118.8","1.5748031496062989E-4",69.8359999999999,"73.633999999999929","71.905999999999963",66.74,33.9,14.4,20.4
"BOOI4","2021-07-10 04:00",66.2359999999999,"100",0,"0.13","16.230025999999999","146.80000000000001","0",69.4579999999999,"73.507999999999939","71.869999999999891",66.722,34.7,14.4,20.4
"BOOI4","2021-07-10 05:00",66.1099999999999,"98.5",0,"0.01","12.740021","73.16","2.3622047244094491E-4",69.3679999999999,"73.399999999999935","71.869999999999891",66.74,34.6,14.5,20.4
"BOOI4","2021-07-10 06:00",65.3359999999999,"99.8",950.4,"0","9.1800149999999991","34.299999999999997","3.9370078740157492E-5",69.2419999999999,"73.327999999999903","71.815999999999946",66.74,34.6,14.5,20.4
"BOOI4","2021-07-10 07:00",65.1019999999999,"100",30312,"0","9.2800159999999998","64.650000000000006","1.968503937007874E-4",69.0259999999999,"73.183999999999926","71.815999999999946",66.722,34.4,14.5,20.4
"BOOI4","2021-07-10 08:00",66.38,"98.7",198684,"0","3.6190061999999998","96","1.3385826771653551E-3",69.0259999999999,"73.075999999999922","71.725999999999928",66.722,34.4,14.5,20.4
"BOOI4","2021-07-10 09:00",68.18,"95.3",736920,"0","4.1350069999999999","95.9","4.4881889763779539E-3",69.638,"72.931999999999945","71.725999999999928",66.74,34.4,14.5,20.4
"BOOI4","2021-07-10 10:00",69.9079999999999,"90.5",1108080,"0","2.9380047","71.34","7.4803149606299229E-3",71.0599999999999,"72.787999999999982","71.671999999999969",66.722,34.3,14.5,20.4
"BOOI4","2021-07-10 11:00",69.8359999999999,"90.8",1086840,"0","4.1870070000000004","42.93","7.7952755905511834E-3",72.464,"72.661999999999892","71.635999999999896",66.7039999999999,34.3,14.5,20.4
"BOOI4","2021-07-10 12:00",72.9499999999999,"85.8",1733760,"0","5.4300094000000003","47.58","1.228346456692914E-2",73.7239999999999,"72.607999999999933","71.581999999999951",66.722,34.3,14.5,20.4
"BOOI4","2021-07-10 13:00",73.346,"82.2",1816200,"0","4.6400079999999999","35.83","1.366141732283465E-2",75.4339999999999,"72.499999999999929","71.581999999999951",66.7039999999999,34.3,14.5,20.4
"BOOI4","2021-07-10 14:00",73.2739999999999,"86.8",1774440,"0","8.5200150000000008","57.18","1.3464566929133861E-2",76.3339999999999,"72.481999999999957","71.527999999999892",66.6859999999999,34.2,14.5,20.4
"BOOI4","2021-07-10 15:00",71.2039999999999,"88.5",1272960,"0","9.1700149999999994","54.02","9.9606299212598448E-3",76.7119999999999,"72.445999999999984","71.473999999999947",66.7039999999999,34.2,14.4,20.4
"BOOI4","2021-07-10 16:00",71.78,"87.9",722520,"0","9.8200160000000007","71.97","6.8897637795275598E-3",75.8659999999999,"72.481999999999957","71.419999999999888",66.6859999999999,34.2,14.4,20.4
"BOOI4","2021-07-10 17:00",67.4779999999999,"93.9",365760,"0","11.990019999999999","58.18","3.9763779527559068E-3",74.8759999999999,"72.553999999999888","71.383999999999929",66.7039999999999,34.2,14.4,20.4
"BOOI4","2021-07-10 18:00",66.4339999999999,"95.9",76788,"0","11.100018499999999","63.15","1.377952755905512E-3",73.5619999999999,"72.589999999999961","71.347999999999956",66.6859999999999,34.3,14.4,20.4
"BOOI4","2021-07-10 19:00",65.4079999999999,"97.5",73944,"0.04","10.520018","83","1.0629921259842519E-3",72.374,"72.643999999999906","71.311999999999884",66.6679999999999,34.3,14.4,20.4
"BOOI4","2021-07-10 20:00",65.4259999999999,"97.1",215352,"0.01","12.980022","70.849999999999994","1.377952755905512E-3",71.546,"72.733999999999924","71.293999999999912",66.6679999999999,34.3,14.5,20.4
"BOOI4","2021-07-10 21:00",65.4619999999999,"95.3",42336,"0","13.220022","69.33","8.2677165354330727E-4",70.7359999999999,"72.75199999999991","71.221999999999966",66.6679999999999,34.3,14.4,20.4
"BOOI4","2021-07-10 22:00",65.6419999999999,"95.6",363.6,"0","7.9450130000000003","57.1","3.1496062992125988E-4",70.0519999999999,"72.75199999999991","71.185999999999908",66.6679999999999,34.3,14.4,20.4
"BOOI4","2021-07-10 23:00",64.6159999999999,"98.2",0,"0.01","5.0870084999999996","32.21","2.3622047244094491E-4",69.5839999999999,"72.715999999999937","71.185999999999908",66.6499999999999,34.3,14.5,20.4
"BOOI4","2021-07-11 00:00",64.0579999999999,"94.3",0,"0","5.8420100000000001","14.23","2.3622047244094491E-4",69.1519999999999,"72.697999999999965","71.095999999999989",66.6679999999999,34.3,14.4,20.4
"BOOI4","2021-07-11 01:00",64.0939999999999,"92.9",0,"0","5.8240093999999996","17.93","3.9370078740157491E-4",68.648,"72.62599999999992","71.149999999999935",66.6499999999999,34.2,14.5,20.4
"BOOI4","2021-07-11 02:00",63.8779999999999,"95",0,"0","5.7370095000000001","17.809999999999999","3.9370078740157491E-4",68.18,"72.571999999999974","71.095999999999989",66.6319999999999,34.2,14.4,20.4
"BOOI4","2021-07-11 03:00",63.1579999999999,"94.8",0,"0","6.5280110000000002","13.98","3.5433070866141729E-4",67.6939999999999,"72.481999999999957","71.059999999999917",66.6319999999999,34.3,14.4,20.4
"BOOI4","2021-07-11 04:00",61.79,"96.4",0,"0","5.7900095","17.84","2.7559055118110242E-4",67.0999999999999,"72.355999999999966","71.041999999999931",66.6319999999999,34.3,14.4,20.4
"BOOI4","2021-07-11 05:00",60.422,"96.2",0,"0","5.7710093999999996","14.77","2.3622047244094491E-4",66.4159999999999,"72.247999999999962","71.005999999999958",66.614,34.2,14.4,20.4
"BOOI4","2021-07-11 06:00",59.6119999999999,"96.1",8730,"0","6.0620099999999999","13.23","2.3622047244094491E-4",65.7499999999999,"72.139999999999958","70.987999999999985",66.614,34.2,14.4,20.4
"BOOI4","2021-07-11 07:00",61.322,"92.4",218808,"0","5.8510099999999996","9.24","1.968503937007874E-4",65.2099999999999,"72.031999999999954","70.969999999999899",66.596,34.2,14.4,20.4
"BOOI4","2021-07-11 08:00",64.796,"87.4",784080,"0","6.2200103000000002","7.1440000000000001","4.1338582677165362E-3",65.372,"71.905999999999963","70.951999999999913",66.614,34.2,14.4,20.4
"BOOI4","2021-07-11 09:00",65.696,"85.3",661680,"0","7.4220122999999996","25.32","5.4724409448818909E-3",66.2179999999999,"71.761999999999887","70.91599999999994",66.596,34.1,14.5,20.4
"BOOI4","2021-07-11 10:00",67.73,"81.599999999999994",700200,"0","7.4730124","14.38","6.6141732283464582E-3",66.7939999999999,"71.617999999999924","70.861999999999895",66.596,34.1,14.5,20.4
"BOOI4","2021-07-11 11:00",70.9339999999999,"75.31",1365480,"0","8.640015","20.67","1.1850393700787399E-2",67.838,"71.45599999999996","70.825999999999922",66.5599999999999,34.1,14.5,20.4
"BOOI4","2021-07-11 12:00",71.888,"71.63",1349640,"0","8.3200140000000005","23.19","1.240157480314961E-2",68.9359999999999,"71.347999999999956","70.825999999999922",66.5599999999999,34.1,14.5,20.4
"BOOI4","2021-07-11 13:00",74.5519999999999,"66.41",3128400,"0","9.9200160000000004","30.58","2.4527559055118119E-2",70.9339999999999,"71.239999999999952","70.771999999999977",66.5599999999999,34,14.5,20.4
"BOOI4","2021-07-11 14:00",75.4519999999999,"66.400000000000006",2615040,"0","9.7200159999999993","27.67","2.271653543307087E-2",72.9319999999999,"71.131999999999948","70.717999999999918",66.5419999999999,34,14.5,20.4
"BOOI4","2021-07-11 15:00",76.2619999999999,"57.06",2952000,"0","9.4200149999999994","25.87","2.5826771653543312E-2",74.5339999999999,"71.059999999999917","70.681999999999945",66.5419999999999,34,14.5,20.4
"BOOI4","2021-07-11 16:00",76.8919999999999,"55.03",2550240,"0","9.6800165000000007","34.729999999999997","2.4488188976377959E-2",75.38,"71.041999999999931","70.645999999999987",66.5419999999999,34,14.5,20.4
"BOOI4","2021-07-11 17:00",78.0259999999999,"54.52",2447280,"0","8.8000144999999996","31.68","2.381889763779528E-2",76.0999999999999,"71.077999999999903","70.591999999999928",66.5239999999999,34,14.5,20.4
"BOOI4","2021-07-11 18:00",77.2159999999999,"58.61",1753920,"0","8.640015","42.97","1.8818897637795279E-2",76.3699999999999,"71.095999999999989","70.537999999999982",66.5239999999999,34,14.5,20.4
"BOOI4","2021-07-11 19:00",76.2439999999999,"56.96",1007640,"0","7.2200116999999997","40.25","1.267716535433071E-2",76.1179999999999,"71.149999999999935","70.50199999999991",66.506,34,14.5,20.4
"BOOI4","2021-07-11 20:00",73.8859999999999,"64.33",612360,"0","5.3630089999999999","34.97","7.1653543307086624E-3",75.2539999999999,"71.221999999999966","70.429999999999978",66.5239999999999,34,14.5,20.4
"BOOI4","2021-07-11 21:00",69.3679999999999,"74.94",141084,"0","3.0180050999999999","13.9","9.8425196850393721E-4",73.94,"71.275999999999925","70.37599999999992",66.506,34,14.5,20.4
"BOOI4","2021-07-11 22:00",67.082,"78.64",1292.4,"0","2.3940039999999998","355.2","7.874015748031497E-5",72.3199999999999,"71.32999999999997","70.339999999999961",66.488,34,14.5,20.3
"BOOI4","2021-07-11 23:00",65.5519999999999,"83.9",0,"0","2.9110048000000002","359.3","1.181102362204725E-4",70.898,"71.383999999999929","70.321999999999974",66.488,34,14.5,20.3
"BOOI4","2021-07-12 00:00",63.896,"86",0,"0","2.6150042999999998","353","-1.5748031496062989E-4",69.6739999999999,"71.401999999999916","70.321999999999974",66.4699999999999,34,14.5,20.3
"BOOI4","2021-07-12 01:00",63.2839999999999,"87.3",0,"0","2.950005","356.3","-1.5748031496062989E-4",68.648,"71.401999999999916","70.249999999999929",66.4699999999999,34,14.5,20.3
"BOOI4","2021-07-12 02:00",61.2319999999999,"90.5",0,"0","3.1080052999999999","4.5119999999999996","-2.7559055118110242E-4",67.6939999999999,"71.401999999999916","70.231999999999957",66.4519999999999,34,14.5,20.3
"BOOI4","2021-07-12 03:00",60.0619999999999,"92.6",0,"0","2.6670045999999998","3.6589999999999998","-3.9370078740157491E-4",66.83,"71.347999999999956","70.249999999999929",66.4519999999999,34,14.5,20.3
"BOOI4","2021-07-12 04:00",59.5939999999999,"92.5",0,"0","3.3980055","5.2779999999999996","-3.1496062992125988E-4",66.0739999999999,"71.275999999999925","70.21399999999997",66.4339999999999,34,14.5,20.3
"BOOI4","2021-07-12 05:00",58.2439999999999,"94.1",0,"0","3.091005","13.51","-3.9370078740157491E-4",65.39,"71.221999999999966","70.159999999999911",66.4339999999999,34,14.5,20.3
"BOOI4","2021-07-12 06:00",57.398,"96.3",5259.6,"0","2.5860042999999999","29.1","-5.1181102362204728E-4",64.706,"71.113999999999962","70.141999999999925",66.4159999999999,34,14.5,20.3
"BOOI4","2021-07-12 07:00",59.5759999999999,"92.9",234360,"0","2.7900046999999999","356.5","-2.7559055118110242E-4",64.238,"71.023999999999944","70.141999999999925",66.4159999999999,33.9,14.5,20.3
"BOOI4","2021-07-12 08:00",64.3819999999999,"87.5",779040,"0","2.8200047000000001","20.87","3.8188976377952761E-3",64.3999999999999,"70.879999999999981","70.105999999999966",66.4159999999999,33.9,14.5,20.3
"BOOI4","2021-07-12 09:00",67.5499999999999,"84.9",1400040,"0","3.552006","45.22","8.503937007874017E-3",65.822,"70.771999999999977","70.105999999999966",66.398,33.9,14.5,20.3
"BOOI4","2021-07-12 10:00",70.664,"74.16",1998000,"0","5.9970100000000004","67.92","1.3740157480314961E-2",68.1079999999999,"70.627999999999901","70.051999999999907",66.3619999999999,33.8,14.5,20.3
"BOOI4","2021-07-12 11:00",71.6539999999999,"73.11",2440080,"0","6.2900105000000002","55.86","1.7992125984251969E-2",70.7179999999999,"70.519999999999897","70.069999999999894",66.38,33.7,14.4,20.3
"BOOI4","2021-07-12 12:00",74.4439999999999,"62.03",2941200,"0","5.9630099999999997","32.64","2.2362204724409449E-2",73.5079999999999,"70.393999999999906","69.997999999999962",66.3619999999999,33.7,14.4,20.3
"BOOI4","2021-07-12 13:00",75.614,"62.59",3142800,"0","5.0080080000000002","28.25","2.4566929133858269E-2",76.8019999999999,"70.303999999999888","69.943999999999903",66.3619999999999,33.7,14.4,20.3
"BOOI4","2021-07-12 14:00",75.3079999999999,"64.47",2378520,"0","4.4610070000000004","35.97","1.97244094488189E-2",79.2679999999999,"70.321999999999974","69.943999999999903",66.3439999999999,33.7,14.4,20.3
"BOOI4","2021-07-12 15:00",75.3079999999999,"66.33",1612800,"0","4.8400083","58.64","1.437007874015748E-2",80.456,"70.393999999999906","69.907999999999944",66.3259999999999,33.7,14.4,20.3
"BOOI4","2021-07-12 16:00",74.948,"70.38",2529720,"0","4.9950080000000003","70.89","1.992125984251969E-2",82.1119999999999,"70.483999999999924","69.853999999999886",66.3259999999999,33.7,14.4,20.3
"BOOI4","2021-07-12 17:00",74.4619999999999,"73.36",1355760,"0","4.0160064999999996","68.25","1.1811023622047249E-2",83.4079999999999,"70.645999999999987","69.835999999999899",66.3079999999999,33.7,14.4,20.3
"BOOI4","2021-07-12 18:00",74.1199999999999,"73.430000000000007",600840,"0","4.0220064999999998","71.09","6.7716535433070884E-3",82.4539999999999,"70.789999999999949","69.781999999999954",66.3079999999999,33.7,14.4,20.3
"BOOI4","2021-07-12 19:00",74.6599999999999,"74.61",622080,"0","1.2620020000000001","141.80000000000001","4.9212598425196858E-3",81.482,"70.969999999999899","69.727999999999895",66.3079999999999,33.8,14.4,20.3
"BOOI4","2021-07-12 20:00",73.5079999999999,"80.8",299160,"0","2.5280043999999999","66.040000000000006","3.1102362204724421E-3",80.5279999999999,"71.149999999999935","69.709999999999908",66.3079999999999,33.8,14.4,20.3
"BOOI4","2021-07-12 21:00",72.464,"80.099999999999994",97668,"0","1.3550021999999999","127.8","-7.4803149606299225E-4",79.3039999999999,"71.347999999999956","69.727999999999895",66.272,33.8,14.4,20.3
"BOOI4","2021-07-12 22:00",69.6919999999999,"92.8",1000.8,"0","0.34900057000000001","150.6","-3.5433070866141729E-4",78.0439999999999,"71.527999999999892","69.691999999999936",66.272,33.8,14.4,20.3
"BOOI4","2021-07-12 23:00",66.146,"96.6",0,"0","0.64200102999999997","257.39999999999998","-3.5433070866141729E-4",76.6039999999999,"71.671999999999969","69.67399999999995",66.272,33.9,14.4,20.3
"BOOI4","2021-07-13 00:00",65.8579999999999,"96.9",0,"0","0.96300160000000001","254.6","-3.5433070866141729E-4",75.272,"71.779999999999973","69.637999999999977",66.2539999999999,33.9,14.4,20.3
"BOOI4","2021-07-13 01:00",65.606,"96.9",0,"0","1.9820032999999999","253.6","-2.3622047244094491E-4",74.1019999999999,"71.905999999999963","69.655999999999963",66.2179999999999,33.9,14.4,20.3
"BOOI4","2021-07-13 02:00",63.3199999999999,"98.2",0,"0","2.9380047","251.4","-1.5748031496062989E-4",73.0939999999999,"71.941999999999936","69.655999999999963",66.2179999999999,33.9,14.4,20.3
"BOOI4","2021-07-13 03:00",62.9599999999999,"99.6",0,"0","3.3610058","252.5","-2.3622047244094491E-4",72.0499999999999,"71.977999999999895","69.655999999999963",66.2179999999999,33.9,14.4,20.3
"BOOI4","2021-07-13 04:00",62.1679999999999,"100",0,"0","3.3020054999999999","253.5","-2.7559055118110242E-4",71.0779999999999,"71.959999999999908","69.67399999999995",66.1999999999999,33.9,14.4,20.3
"BOOI4","2021-07-13 05:00",62.3119999999999,"100",0,"0","3.7740060999999998","254.4","-2.7559055118110242E-4",70.196,"71.92399999999995","69.691999999999936",66.1999999999999,33.8,14.4,20.3
"BOOI4","2021-07-13 06:00",61.448,"100",5349.6,"0","4.3590074000000003","258.10000000000002","-2.3622047244094491E-4",69.4039999999999,"71.851999999999904","69.67399999999995",66.1819999999999,33.8,14.4,20.3
"BOOI4","2021-07-13 07:00",63.8419999999999,"98.6",225036,"0","5.1480090000000001","262.39999999999998","-4.3307086614173231E-4",68.7919999999999,"71.797999999999959","69.655999999999963",66.1819999999999,33.8,14.5,20.3
"BOOI4","2021-07-13 08:00",67.4419999999999,"92.6",740880,"0","5.3350090000000003","260","3.503937007874016E-3",68.7739999999999,"71.671999999999969","69.67399999999995",66.1819999999999,33.7,14.5,20.3
"BOOI4","2021-07-13 09:00",71.5279999999999,"85.4",1389960,"0","5.6770095999999999","262.3","8.8188976377952775E-3",69.746,"71.581999999999951","69.691999999999936",66.146,33.7,14.4,20.2
"BOOI4","2021-07-13 10:00",75.038,"74.42",1967400,"0","5.1270084000000002","245.4","1.437007874015748E-2",71.888,"71.437999999999974","69.709999999999908",66.146,33.7,14.4,20.2
"BOOI4","2021-07-13 11:00",76.964,"63.25",2459160,"0","5.2370086000000002","226.5","1.9330708661417329E-2",74.7679999999999,"71.32999999999997","69.709999999999908",66.146,33.7,14.4,20.2
"BOOI4","2021-07-13 12:00",78.4759999999999,"63.36",2781000,"0","6.4000105999999999","227.8","2.322834645669292E-2",77.846,"71.20399999999988","69.67399999999995",66.1279999999999,33.7,14.5,20.2
"BOOI4","2021-07-13 13:00",79.7179999999999,"64.23",3034800,"0","5.9060097000000003","224.8","2.5196850393700791E-2",80.9599999999999,"71.149999999999935","69.67399999999995",66.1099999999999,33.7,14.4,20.2
"BOOI4","2021-07-13 14:00",80.8519999999999,"61.92",2905200,"0","5.6780094999999999","222.8","2.4803149606299219E-2",83.93,"71.149999999999935","69.655999999999963",66.1099999999999,33.6,14.5,20.2
"BOOI4","2021-07-13 15:00",81.5359999999999,"63.36",2220840,"0","5.8930100000000003","228.2","2.0275590551181111E-2",85.3159999999999,"71.185999999999908","69.655999999999963",66.0919999999999,33.7,14.4,20.2
"BOOI4","2021-07-13 16:00",81.122,"65.17",1969920,"0","5.6450089999999999","221.2","1.862204724409449E-2",86.648,"71.293999999999912","69.655999999999963",66.0919999999999,33.7,14.4,20.2
"BOOI4","2021-07-13 17:00",79.0699999999999,"75.319999999999993",720360,"0","4.6420079999999997","224.4","9.0157480314960649E-3",86.0179999999999,"71.473999999999947","69.655999999999963",66.0919999999999,33.7,14.5,20.2
"BOOI4","2021-07-13 18:00",77.288,"82.2",506160,"0","3.1140050000000001","171.4","5.6692913385826774E-3",84.8659999999999,"71.725999999999928","69.601999999999904",66.056,33.7,14.5,20.2
"BOOI4","2021-07-13 19:00",76.9099999999999,"81.099999999999994",327960,"0","5.6260095000000003","179.5","4.9212598425196858E-3",83.4079999999999,"71.977999999999895","69.601999999999904",66.056,33.8,14.5,20.2
"BOOI4","2021-07-13 20:00",75.956,"84.2",176040,"0","3.1860054","162.6","2.6377952755905522E-3",82.13,"72.21199999999989","69.583999999999932",66.038,33.9,14.4,20.3
"BOOI4","2021-07-13 21:00",74.732,"85.3",77436,"0","0.71700120000000001","142.1","-8.2677165354330727E-4",80.996,"72.445999999999984","69.583999999999932",66.0739999999999,33.9,14.4,20.2
"BOOI4","2021-07-13 22:00",72.6079999999999,"89.9",446.4,"0","2.5380042","107.4","5.905511811023623E-4",79.8079999999999,"72.679999999999978","69.583999999999932",66.038,33.9,14.5,20.2
"BOOI4","2021-07-13 23:00",70.5019999999999,"93.3",0,"0","3.0540050000000001","153.69999999999999","4.3307086614173231E-4",78.5839999999999,"72.859999999999914","69.601999999999904",66.038,33.8,14.4,20.3
"BOOI4","2021-07-14 00:00",69.548,"94.9",0,"0","2.5020041000000002","156.9","2.3622047244094491E-4",77.414,"72.985999999999905","69.601999999999904",66.038,33.8,14.4,20.2
"BOOI4","2021-07-14 01:00",69.53,"96.2",0,"0","3.0220050000000001","131.69999999999999","2.3622047244094491E-4",76.3699999999999,"73.093999999999909","69.637999999999977",66.0199999999999,33.8,14.4,20.3
"BOOI4","2021-07-14 02:00",68.3779999999999,"97.5",0,"0","4.3650073999999996","152.69999999999999","1.968503937007874E-4",75.5419999999999,"73.147999999999954","69.67399999999995",66.0019999999999,33.8,14.4,20.3
"BOOI4","2021-07-14 03:00",68.288,"98.3",0,"0","4.0490065","116.1","1.181102362204725E-4",74.7679999999999,"73.147999999999954","69.691999999999936",66.0199999999999,33.8,14.5,20.2
"BOOI4","2021-07-14 04:00",67.7119999999999,"98.7",0,"0","3.5090058000000002","146.30000000000001","1.181102362204725E-4",74.1019999999999,"73.16599999999994","69.727999999999895",65.9839999999999,33.8,14.5,20.3
"BOOI4","2021-07-14 05:00",68.2339999999999,"99.2",0,"0","3.7580062999999999","146.5","7.874015748031497E-5",73.5439999999999,"73.147999999999954","69.781999999999954",66.0019999999999,33.9,14.5,20.3
"BOOI4","2021-07-14 06:00",68.4319999999999,"99",2548.8,"0","4.1770066999999997","145.19999999999999","7.874015748031497E-5",73.0939999999999,"73.075999999999922","69.79999999999994",65.9839999999999,33.9,14.5,20.3
"BOOI4","2021-07-14 07:00",69.2239999999999,"99.4",65556,"0","4.760008","137.30000000000001","3.9370078740157491E-4",72.788,"73.021999999999977","69.817999999999913",65.9659999999999,33.9,14.5,20.3
"BOOI4","2021-07-14 08:00",70.898,"98.5",142920,"0.01","6.0710096","153.19999999999999","1.0629921259842519E-3",72.7159999999999,"72.949999999999932","69.853999999999886",65.9839999999999,33.9,14.5,20.3
"BOOI4","2021-07-14 09:00",72.698,"96.4",259740,"0","4.4480076000000004","203.1","1.968503937007874E-3",72.7519999999999,"72.859999999999914","69.889999999999958",65.9659999999999,33.9,14.5,20.3
"BOOI4","2021-07-14 10:00",74.4619999999999,"94.7",536040,"0","3.4490056","223.8","4.2125984251968514E-3",73.3099999999999,"72.75199999999991","69.889999999999958",65.948,33.7,14.5,20.3
"BOOI4","2021-07-14 11:00",76.6039999999999,"90.3",837360,"0","4.0800065999999999","254.7","6.4566929133858279E-3",74.0659999999999,"72.679999999999978","69.943999999999903",65.948,33.7,14.5,20.3
"BOOI4","2021-07-14 12:00",76.6579999999999,"88.5",1143000,"0","2.2120036999999999","102.8","9.1338582677165381E-3",75.6319999999999,"72.571999999999974","69.925999999999917",65.948,33.7,14.5,20.3
"BOOI4","2021-07-14 13:00",76.8919999999999,"89.4",726840,"0","6.3420104999999998","124.5","6.7322834645669304E-3",76.4239999999999,"72.499999999999929","69.943999999999903",65.93,33.7,14.5,20.3
"BOOI4","2021-07-14 14:00",79.6819999999999,"84.4",1379880,"0","6.8630114000000004","119.5","1.145669291338583E-2",77.3599999999999,"72.445999999999984","69.96199999999989",65.948,33.7,14.5,20.3
"BOOI4","2021-07-14 15:00",82.796,"81.8",2099160,"0","9.9400169999999992","132.5","1.7362204724409452E-2",79.664,"72.445999999999984","69.96199999999989",65.93,33.7,14.5,20.3
"BOOI4","2021-07-14 16:00",84.7039999999999,"73.819999999999993",1927800,"0","8.2800130000000003","184.7","1.7874015748031501E-2",81.896,"72.427999999999898","69.943999999999903",65.93,33.7,14.5,20.3
"BOOI4","2021-07-14 17:00",84.038,"72.06",1614600,"0","10.540017000000001","221","1.7913385826771658E-2",83.3179999999999,"72.46399999999997","69.96199999999989",65.93,33.7,14.5,20.3
"BOOI4","2021-07-14 18:00",83.5339999999999,"78.12",1285560,"0","9.190016","250.2","1.322834645669292E-2",83.48,"72.535999999999902","69.96199999999989",65.9119999999999,33.7,14.5,20.3
"BOOI4","2021-07-14 19:00",77.738,"89.4",369360,"0","5.8910099999999996","202.2","5.4330708661417338E-3",82.9939999999999,"72.643999999999906","69.96199999999989",65.9119999999999,33.7,14.5,20.3
"BOOI4","2021-07-14 20:00",74.3359999999999,"97.9",181656,"0.39","5.4840093000000003","196.8","1.8897637795275599E-3",81.446,"73.039999999999949","69.96199999999989",65.9119999999999,36,15.1,20.3
"BOOI4","2021-07-14 21:00",72.2659999999999,"96.1",258912,"0","6.6930113000000002","346.8","8.2677165354330727E-4",79.6279999999999,"73.057999999999936","70.015999999999948",65.93,35.3,15.6,20.2
"BOOI4","2021-07-14 22:00",70.8259999999999,"97.5",630,"0","5.0470079999999999","0.01","1.968503937007874E-4",77.9539999999999,"73.183999999999926","70.015999999999948",65.8939999999999,35,15.7,20.3
"BOOI4","2021-07-14 23:00",70.3759999999999,"96.9",0,"0","3.127005","24.45","7.874015748031497E-5",76.7119999999999,"73.309999999999917","70.033999999999921",65.9119999999999,34.9,15.6,20.3
"BOOI4","2021-07-15 00:00",69.7099999999999,"98.3",0,"0","1.3840022999999999","300.7","3.9370078740157492E-5",75.8659999999999,"73.345999999999989","70.033999999999921",65.9119999999999,34.8,15.6,20.3
"BOOI4","2021-07-15 01:00",69.206,"98.8",0,"0","2.8780047999999998","295.2","3.9370078740157492E-5",75.1279999999999,"73.45399999999988","70.015999999999948",65.8939999999999,34.7,15.6,20.3
"BOOI4","2021-07-15 02:00",65.93,"97.7",0,"0","4.5020075000000004","325.89999999999998","7.874015748031497E-5",74.372,"73.45399999999988","70.051999999999907",65.8939999999999,34.7,15.6,20.3
"BOOI4","2021-07-15 03:00",64.472,"99.2",0,"0","4.7530080000000003","342","3.9370078740157492E-5",73.2919999999999,"73.471999999999966","70.069999999999894",65.9119999999999,34.6,15.6,20.3
"BOOI4","2021-07-15 04:00",63.6079999999999,"99.3",0,"0","2.8720047000000002","7.3109999999999999","0",72.338,"73.417999999999921","70.08799999999998",65.8939999999999,34.5,15.5,20.3
"BOOI4","2021-07-15 05:00",62.6359999999999,"100",0,"0","2.3090038000000002","344.1","-3.9370078740157492E-5",71.4199999999999,"73.363999999999962","70.08799999999998",65.8759999999999,34.5,15.5,20.3
"BOOI4","2021-07-15 06:00",61.7539999999999,"100",3902.4,"0.01","2.5330043","344.5","-3.9370078740157492E-5",70.556,"73.291999999999931","70.105999999999966",65.8939999999999,34.5,15.5,20.3
"BOOI4","2021-07-15 07:00",62.3839999999999,"100",167364,"0","3.608006","355.9","-3.1496062992125988E-4",69.782,"73.219999999999899","70.123999999999953",65.8939999999999,34.4,15.4,20.3
"BOOI4","2021-07-15 08:00",63.338,"98.3",455400,"0","2.3940039999999998","346.6","2.244094488188977E-3",69.7279999999999,"73.111999999999895","70.141999999999925",65.8939999999999,34.4,15.4,20.3
"BOOI4","2021-07-15 09:00",64.0939999999999,"96.7",702360,"0","3.8490063999999999","2.6749999999999998","4.1732283464566934E-3",70.0519999999999,"72.967999999999918","70.141999999999925",65.8759999999999,34.4,15.4,20.3
"BOOI4","2021-07-15 10:00",64.5079999999999,"94.7",695880,"0","6.3140105999999996","30.2","4.527559055118111E-3",70.3759999999999,"72.805999999999969","70.159999999999911",65.9119999999999,34.3,15.4,20.3
"BOOI4","2021-07-15 11:00",66.4339999999999,"91.7",1100880,"0","7.7120129999999998","38.24","7.2440944881889766E-3",70.8439999999999,"72.661999999999892","70.195999999999984",65.8759999999999,34.3,15.3,20.3
"BOOI4","2021-07-15 12:00",68.6839999999999,"87.9",1765800,"0","8.6800149999999991","41.39","1.1259842519685041E-2",71.6179999999999,"72.535999999999902","70.177999999999898",65.8759999999999,34.3,15.3,20.3
"BOOI4","2021-07-15 13:00",72.374,"81.2",3121200,"0","7.5030127000000002","32.97","2.0393700787401579E-2",73.8679999999999,"72.409999999999911","70.195999999999984",65.8759999999999,34.2,15.3,20.3
"BOOI4","2021-07-15 14:00",75.1099999999999,"74.06",3218400,"0","6.8600116","62.74","2.2755905511811021E-2",76.838,"72.265999999999948","70.159999999999911",65.8759999999999,34.2,15.3,20.3
"BOOI4","2021-07-15 15:00",77.072,"70.45",2926800,"0","5.8600097","62.68","2.2598425196850399E-2",79.2859999999999,"72.21199999999989","70.177999999999898",65.8759999999999,34.2,15.3,20.3
"BOOI4","2021-07-15 16:00",78.6739999999999,"69.11",2766600,"0","6.4780106999999996","58.44","2.2519685039370081E-2",80.906,"72.21199999999989","70.177999999999898",65.8759999999999,34.2,15.3,20.3
"BOOI4","2021-07-15 17:00",78.872,"65.930000000000007",2126880,"0","5.7530099999999997","73.86","1.8228346456692919E-2",81.8599999999999,"72.265999999999948","70.141999999999925",65.8759999999999,34.2,15.3,20.3
"BOOI4","2021-07-15 18:00",79.0699999999999,"66.349999999999994",1625040,"0","5.3760085000000002","82.6","1.44488188976378E-2",81.806,"72.319999999999894","70.141999999999925",65.8939999999999,34.2,15.3,20.3
"BOOI4","2021-07-15 19:00",77.198,"71.819999999999993",891720,"0","4.1990069999999999","96.2","8.7007874015748044E-3",81.356,"72.481999999999957","70.105999999999966",65.84,34.3,15.3,20.3
"BOOI4","2021-07-15 20:00",74.624,"81.599999999999994",468000,"0","2.9840049999999998","152.30000000000001","3.9370078740157488E-3",80.2579999999999,"72.643999999999906","70.105999999999966",65.8759999999999,34.3,15.3,20.3
"BOOI4","2021-07-15 21:00",72.7519999999999,"81.8",65844,"0","0.68900114000000001","122.1","-7.0866141732283468E-4",78.656,"72.859999999999914","70.08799999999998",65.8579999999999,34.3,15.3,20.3
"BOOI4","2021-07-15 22:00",69.548,"90",784.8,"0","0.13800022000000001","95.8","-9.4488188976377975E-4",77.0359999999999,"73.021999999999977","70.069999999999894",65.8579999999999,34.3,15.2,20.2
"BOOI4","2021-07-15 23:00",68.414,"93.7",0,"0","0.86700140000000003","344.5","-6.6929133858267733E-4",75.5599999999999,"73.183999999999926","70.069999999999894",65.8579999999999,34.3,15.2,20.3
"BOOI4","2021-07-16 00:00",67.172,"95.8",0,"0","2.4270040000000002","32.29","-4.3307086614173231E-4",74.3179999999999,"73.291999999999931","70.069999999999894",65.8759999999999,34.4,15.2,20.2
"BOOI4","2021-07-16 01:00",65.6599999999999,"96.9",0,"0","2.8840048","32.81","-4.3307086614173231E-4",73.148,"73.363999999999962","70.069999999999894",65.8759999999999,34.4,15.2,20.2
"BOOI4","2021-07-16 02:00",63.7159999999999,"98.7",0,"0","2.3780038000000001","32.229999999999997","-5.5118110236220485E-4",72.0859999999999,"73.381999999999948","70.069999999999894",65.8759999999999,34.4,15.2,20.2
"BOOI4","2021-07-16 03:00",62.9239999999999,"99.9",0,"0","2.2020037000000001","38.82","-6.2992125984251976E-4",71.114,"73.363999999999962","70.08799999999998",65.8759999999999,34.3,15.2,20.2
"BOOI4","2021-07-16 04:00",62.1859999999999,"100",0,"0","1.7290028","26.94","-7.0866141732283468E-4",70.214,"73.327999999999903","70.123999999999953",65.8759999999999,34.3,15.2,20.3
"BOOI4","2021-07-16 05:00",61.664,"100",0,"0","2.2460035999999999","19.649999999999999","-6.2992125984251976E-4",69.422,"73.237999999999985","70.141999999999925",65.8759999999999,34.3,15.2,20.3
"BOOI4","2021-07-16 06:00",60.3679999999999,"100",6822,"0","2.8430046999999998","10.97","-5.5118110236220485E-4",68.6659999999999,"73.147999999999954","70.123999999999953",65.8579999999999,34.3,15.2,20.3
"BOOI4","2021-07-16 07:00",60.7819999999999,"100",124956,"0","2.2980040000000002","6.5140000000000002","-1.181102362204725E-4",68.0359999999999,"72.985999999999905","70.159999999999911",65.8759999999999,34.3,15.2,20.3
"BOOI4","2021-07-16 08:00",63.14,"98.7",563040,"0","3.4220057000000002","15.59","2.4409448818897639E-3",67.874,"72.859999999999914","70.159999999999911",65.8759999999999,34.2,15.2,20.3
"BOOI4","2021-07-16 09:00",68.09,"93.5",1071720,"0","4.3740069999999998","19.7","6.0629921259842531E-3",68.4499999999999,"72.697999999999965","70.177999999999898",65.8939999999999,34.2,15.2,20.3
"BOOI4","2021-07-16 10:00",70.7179999999999,"87.7",1587240,"0","4.5680075000000002","53.22","1.02755905511811E-2",70.0339999999999,"72.535999999999902","70.195999999999984",65.8759999999999,34.2,15.2,20.3
"BOOI4","2021-07-16 11:00",73.7599999999999,"75.69",2035080,"0","3.3760053999999999","69.8","1.44488188976378E-2",72.4279999999999,"72.319999999999894","70.195999999999984",65.8579999999999,34.1,15.2,20.3
"BOOI4","2021-07-16 12:00",75.9919999999999,"70.56",2503800,"0","2.9890048999999999","59.41","1.885826771653544E-2",75.3259999999999,"72.193999999999903","70.195999999999984",65.84,34.1,15.2,20.3
"BOOI4","2021-07-16 13:00",78.7279999999999,"62.27",2565720,"0","3.6590060000000002","97.6","2.0354330708661422E-2",78.53,"72.085999999999899","70.177999999999898",65.8759999999999,34.1,15.2,20.3
"BOOI4","2021-07-16 14:00",78.3679999999999,"64.72",2343600,"0","4.1350069999999999","111.5","1.97244094488189E-2",81.5539999999999,"72.04999999999994","70.123999999999953",65.8759999999999,34.1,15.2,20.3
"BOOI4","2021-07-16 15:00",79.34,"59.87",2116800,"0","3.9880065999999998","84.4","1.858267716535433E-2",83.5159999999999,"72.085999999999899","70.141999999999925",65.8579999999999,34.1,15.1,20.3
"BOOI4","2021-07-16 16:00",81.68,"56.82",2254320,"0","3.1460051999999998","82","1.9370078740157479E-2",85.2439999999999,"72.175999999999917","70.141999999999925",65.8759999999999,34.1,15.1,20.3
"BOOI4","2021-07-16 17:00",79.646,"60.33",1438920,"0","3.2610054000000002","126.7","1.377952755905512E-2",86.5399999999999,"72.33799999999998","70.105999999999966",65.8759999999999,34.2,15.1,20.3
"BOOI4","2021-07-16 18:00",80.798,"60.61",1306440,"0","1.8920032","156.4","1.1141732283464569E-2",86.648,"72.571999999999974","70.105999999999966",65.8759999999999,34.1,15.1,20.3
"BOOI4","2021-07-16 19:00",79.6099999999999,"61.4",898560,"0","2.8810047999999999","111.1","8.6614173228346473E-3",86.288,"72.859999999999914","70.069999999999894",65.8939999999999,34.2,15.1,20.3
"BOOI4","2021-07-16 20:00",78.2239999999999,"69.430000000000007",457560,"0","1.8090029999999999","99.9","3.740157480314961E-3",85.0999999999999,"73.147999999999954","70.051999999999907",65.8579999999999,34.2,15.1,20.3
"BOOI4","2021-07-16 21:00",73.3819999999999,"82.3",77868,"0","2.7440045","103.8","3.1496062992125988E-4",83.2099999999999,"73.489999999999952","70.051999999999907",65.8759999999999,34.3,15.1,20.3
"BOOI4","2021-07-16 22:00",71.096,"86.5",583.2,"0","3.5370059999999999","101.9","2.3622047244094491E-4",81.1579999999999,"73.741999999999933","70.051999999999907",65.8759999999999,34.3,15.1,20.3
"BOOI4","2021-07-16 23:00",69.8359999999999,"88.3",0,"0","1.806003","87.8","-3.5433070866141729E-4",79.3039999999999,"73.975999999999928","70.051999999999907",65.8579999999999,34.3,15.1,20.2
"BOOI4","2021-07-17 00:00",67.6939999999999,"92.7",0,"0","1.4330023999999999","89","-5.1181102362204728E-4",77.756,"74.209999999999908","70.105999999999966",65.8939999999999,34.4,15.1,20.2
"BOOI4","2021-07-17 01:00",68.0179999999999,"92.4",0,"0","1.180002","121.6","-6.2992125984251976E-4",76.4599999999999,"74.317999999999913","70.105999999999966",65.8759999999999,34.4,15.1,20.2
"BOOI4","2021-07-17 02:00",66.0199999999999,"94.5",0,"0","2.0710033999999999","144.80000000000001","-4.7244094488188988E-4",75.2899999999999,"74.425999999999917","70.141999999999925",65.8759999999999,34.4,15.1,20.2
"BOOI4","2021-07-17 03:00",65.2099999999999,"96.2",0,"0","2.6810044999999998","141.9","-4.3307086614173231E-4",74.264,"74.479999999999976","70.195999999999984",65.8759999999999,34.4,15.1,20.2
"BOOI4","2021-07-17 04:00",64.1119999999999,"98.6",0,"0","2.2390037","157.9","-5.905511811023623E-4",73.3099999999999,"74.46199999999989","70.231999999999957",65.8759999999999,34.4,15.1,20.2
"BOOI4","2021-07-17 05:00",63.8419999999999,"98.4",0,"0","2.6770043000000001","129.1","-5.5118110236220485E-4",72.446,"74.407999999999944","70.231999999999957",65.8939999999999,34.3,15.1,20.2
"BOOI4","2021-07-17 06:00",62.2039999999999,"100",2746.8,"0","0.57100092999999996","76.81","-8.6614173228346462E-4",71.6179999999999,"74.335999999999899","70.321999999999974",65.8939999999999,34.3,15.1,20.2
"BOOI4","2021-07-17 07:00",63.4999999999999,"100",78300,"0","0.70100110000000004","87.3","1.5748031496062989E-4",70.88,"74.227999999999895","70.339999999999961",65.8759999999999,34.2,15.1,20.2
"BOOI4","2021-07-17 08:00",66.5779999999999,"99.6",366840,"0","1.7230027999999999","123.1","1.968503937007874E-3",70.5919999999999,"74.101999999999904","70.37599999999992",65.8759999999999,34.2,15.1,20.2
"BOOI4","2021-07-17 09:00",70.3039999999999,"91.5",1003320,"0","2.7680047000000001","128.1","6.2204724409448834E-3",71.1859999999999,"73.957999999999942","70.393999999999906",65.8759999999999,34.2,15.1,20.2
"BOOI4","2021-07-17 10:00",72.482,"89",1534680,"0","5.342009","140.4","1.02755905511811E-2",72.68,"73.75999999999992","70.411999999999892",65.8759999999999,34.2,15.1,20.2
"BOOI4","2021-07-17 11:00",75.5239999999999,"77.260000000000005",1976760,"0","4.7450080000000003","136.1","1.460629921259843E-2",74.7859999999999,"73.615999999999943","70.447999999999965",65.8759999999999,34.2,15.1,20.2
"BOOI4","2021-07-17 12:00",76.8019999999999,"67.540000000000006",2345040,"0","6.7320112999999999","115.1","1.9330708661417329E-2",77.4499999999999,"73.489999999999952","70.465999999999937",65.8939999999999,34.1,15.1,20.2
"BOOI4","2021-07-17 13:00",78.206,"64.34",2573280,"0","7.6680126","130.5","2.2362204724409449E-2",80.8159999999999,"73.381999999999948","70.483999999999924",65.8759999999999,34.2,15.1,20.2
"BOOI4","2021-07-17 14:00",80.348,"60.24",2952000,"0","7.7920129999999999","128.1","2.539370078740158E-2",84.398,"73.327999999999903","70.483999999999924",65.8759999999999,34.2,15.1,20.2
"BOOI4","2021-07-17 15:00",79.088,"62.71",2697120,"0","8.2300140000000006","136.9","2.4488188976377959E-2",87.5839999999999,"73.345999999999989","70.50199999999991",65.8939999999999,34.1,15.1,20.2
"BOOI4","2021-07-17 16:00",79.898,"64.739999999999995",2544840,"0","7.6220125999999997","150.6","2.2755905511811021E-2",89.3119999999999,"73.435999999999908","70.50199999999991",65.8939999999999,34.1,15.1,20.2
"BOOI4","2021-07-17 17:00",80.3119999999999,"62.73",2103840,"0","6.6480110000000003","142.9","1.9251968503937011E-2",90.572,"73.615999999999943","70.465999999999937",65.8759999999999,34.1,15.1,20.2
"BOOI4","2021-07-17 18:00",79.646,"62.69",1546200,"0","5.5800095000000001","159.19999999999999","1.4803149606299221E-2",90.8239999999999,"73.831999999999951","70.465999999999937",65.8939999999999,34.2,15.1,20.2
"BOOI4","2021-07-17 19:00",78.782,"66.760000000000005",909360,"0","5.2750086999999999","165.1","9.8818897637795288E-3",89.9419999999999,"74.119999999999891","70.465999999999937",65.8939999999999,34.2,15.1,20.2
"BOOI4","2021-07-17 20:00",77.0359999999999,"73.680000000000007",442440,"0","2.9180047999999998","153.19999999999999","4.2125984251968514E-3",88.124,"74.425999999999917","70.50199999999991",65.8579999999999,34.3,15.1,20.2
"BOOI4","2021-07-17 21:00",74.6419999999999,"77.42",70740,"0","1.4620025000000001","125.9","-3.9370078740157491E-4",85.8199999999999,"74.749999999999929","70.50199999999991",65.8939999999999,34.3,15.1,20.2
"BOOI4","2021-07-17 22:00",70.448,"86.5",554.4,"0","0.90900150000000002","136.6","-5.1181102362204728E-4",83.624,"75.037999999999982","70.50199999999991",65.8939999999999,34.3,15.1,20.2
"BOOI4","2021-07-17 23:00",71.9779999999999,"82.6",0,"0","0.18400031","156.5","-9.8425196850393721E-4",81.8239999999999,"75.307999999999936","70.537999999999982",65.8939999999999,34.4,15.1,20.2
"BOOI4","2021-07-18 00:00",68.7019999999999,"92",0,"0","1.2770022000000001","84.4","-5.1181102362204728E-4",80.4199999999999,"75.523999999999944","70.573999999999941",65.9119999999999,34.4,15.1,20.2
"BOOI4","2021-07-18 01:00",66.8839999999999,"95.1",0,"0","5.4000090000000001E-2","263.5","-1.023622047244095E-3",79.088,"75.685999999999908","70.591999999999928",65.9119999999999,34.4,15.1,20.2
"BOOI4","2021-07-18 02:00",67.28,"93.9",0,"0","4.3000070000000001E-2","314.39999999999998","-1.023622047244095E-3",77.8999999999999,"75.775999999999925","70.663999999999973",65.8939999999999,34.3,15.1,20.2
"BOOI4","2021-07-18 03:00",65.822,"95.6",0,"0","2.7000045E-2","349.6","-1.0629921259842519E-3",76.7839999999999,"75.82999999999997","70.699999999999932",65.9119999999999,34.4,15.2,20.2
"BOOI4","2021-07-18 04:00",64.0759999999999,"97.8",0,"0","1.0330017","30.01","-7.4803149606299225E-4",75.83,"75.793999999999912","70.753999999999891",65.9119999999999,34.4,15.2,20.2
"BOOI4","2021-07-18 05:00",63.5179999999999,"100",0,"0","2.1190034999999998","43","-6.6929133858267733E-4",74.8579999999999,"75.775999999999925","70.807999999999936",65.93,34.4,15.2,20.2
"BOOI4","2021-07-18 06:00",61.664,"100",3135.6,"0","1.5620025","13.15","-7.4803149606299225E-4",73.9759999999999,"75.70399999999988","70.843999999999909",65.93,34.3,15.2,20.2
"BOOI4","2021-07-18 07:00",67.19,"97.6",134892,"0","0.72900116000000004","11.3","-2.7559055118110242E-4",73.256,"75.595999999999989","70.879999999999981",65.93,34.3,15.2,20.2
"BOOI4","2021-07-18 08:00",67.514,"95.9",547200,"0","2.0130032999999998","44.8","2.8740157480314958E-3",73.0039999999999,"75.487999999999985","70.951999999999913",65.93,34.2,15.2,20.2
"BOOI4","2021-07-18 09:00",72.374,"84.2",1131120,"0","4.1310067000000004","77.83","7.3228346456692926E-3",73.3999999999999,"75.343999999999909","70.987999999999985",65.93,34.3,15.2,20.2
"BOOI4","2021-07-18 10:00",76.082,"62.16",1661760,"0","5.1130085000000003","91.1","1.377952755905512E-2",74.48,"75.163999999999973","71.023999999999944",65.9119999999999,34.2,15.2,20.2
"BOOI4","2021-07-18 11:00",78.1699999999999,"59.24",2090520,"0","4.1650065999999999","93.4","1.751968503937008E-2",76.4239999999999,"75.00199999999991","71.077999999999903",65.948,34.2,15.2,20.2
"BOOI4","2021-07-18 12:00",78.1519999999999,"61.55",2001240,"0","5.5320090000000004","86.7","1.8740157480314958E-2",79.0159999999999,"74.893999999999906","71.095999999999989",65.948,34.2,15.2,20.2
"BOOI4","2021-07-18 13:00",80.2759999999999,"56.15",2498400,"0","5.5000090000000004","67.31","2.240157480314961E-2",81.698,"74.767999999999915","71.131999999999948",65.9659999999999,34.2,15.2,20.2
"BOOI4","2021-07-18 14:00",80.888,"56.82",2767680,"0","4.6690079999999998","83.4","2.4448818897637802E-2",85.388,"74.767999999999915","71.113999999999962",65.9659999999999,34.2,15.2,20.2
"BOOI4","2021-07-18 15:00",82.5619999999999,"55.13",2758680,"0","3.4230056000000002","46.36","2.381889763779528E-2",88.538,"74.785999999999902","71.167999999999921",65.948,34.2,15.2,20.2
"BOOI4","2021-07-18 16:00",81.4999999999999,"55.13",2231280,"0","3.3520055000000002","65.41","1.9803149606299211E-2",90.662,"74.893999999999906","71.167999999999921",65.948,34.1,15.2,20.2
"BOOI4","2021-07-18 17:00",83.0659999999999,"53.39",1667520,"0","3.6650062000000001","44.3","1.614173228346457E-2",91.49,"75.091999999999928","71.167999999999921",65.9659999999999,34.2,15.2,20.2
"BOOI4","2021-07-18 18:00",81.464,"59.12",1516680,"0","3.9660065000000002","53.65","1.476377952755906E-2",91.3099999999999,"75.343999999999909","71.167999999999921",65.9839999999999,34.2,15.2,20.2
"BOOI4","2021-07-18 19:00",78.3679999999999,"71.23",982080,"0","6.1090096999999997","68","1.1692913385826771E-2",90.6079999999999,"75.667999999999921","71.167999999999921",65.9839999999999,34.3,15.2,20.2
"BOOI4","2021-07-18 20:00",77.4499999999999,"73.12",497160,"0","3.7090063","79.540000000000006","5.0787401574803161E-3",88.9159999999999,"75.973999999999947","71.185999999999908",66.0019999999999,34.3,15.2,20.2
"BOOI4","2021-07-18 21:00",72.572,"81",66744,"0","3.6050059999999999","93.1","1.023622047244095E-3",86.8279999999999,"76.333999999999932","71.221999999999966",66.0019999999999,34.3,15.2,20.2
"BOOI4","2021-07-18 22:00",71.114,"83.3",507.6,"0","3.4070057999999999","103.8","3.5433070866141729E-4",84.7039999999999,"76.639999999999958","71.20399999999988",65.9839999999999,34.4,15.2,20.2
"BOOI4","2021-07-18 23:00",69.4939999999999,"86.4",0,"0","0.99100166999999995","89.7","-7.0866141732283468E-4",82.8499999999999,"76.945999999999984","71.257999999999939",66.0019999999999,34.4,15.1,20.2
"BOOI4","2021-07-19 00:00",68.2159999999999,"86.2",0,"0","0.56900096","19.89","-9.4488188976377975E-4",81.2119999999999,"77.143999999999906","71.275999999999925",66.0199999999999,34.4,15.1,20.2
"BOOI4","2021-07-19 01:00",66.4159999999999,"90.8",0,"0","0.21000035","18.489999999999998","-1.141732283464567E-3",79.8079999999999,"77.287999999999982","71.365999999999943",66.038,34.4,15.1,20.2
"BOOI4","2021-07-19 02:00",66.83,"88.9",0,"0","0.94800156000000002","22.28","-8.2677165354330727E-4",78.5119999999999,"77.377999999999901","71.401999999999916",66.056,34.4,15.1,20.2
"BOOI4","2021-07-19 03:00",65.39,"91.8",0,"0","1.3800024","353.9","-7.0866141732283468E-4",77.4319999999999,"77.395999999999987","71.45599999999996",66.056,34.4,15.1,20.2
"BOOI4","2021-07-19 04:00",65.3359999999999,"90.5",0,"0","2.3310040000000001","350.4","-4.7244094488188988E-4",76.4599999999999,"77.395999999999987","71.527999999999892",66.056,34.4,15.1,20.2
"BOOI4","2021-07-19 05:00",64.4359999999999,"90.5",0,"0","2.8160048","345.3","-3.1496062992125988E-4",75.5779999999999,"77.341999999999928","71.599999999999937",66.0739999999999,34.4,15.2,20.2
"BOOI4","2021-07-19 06:00",62.1679999999999,"93.6",2293.2,"0","2.8930047000000001","356.1","-3.9370078740157491E-4",74.7679999999999,"77.215999999999937","71.653999999999883",66.056,34.4,15.2,20.3
"BOOI4","2021-07-19 07:00",63.8239999999999,"92.9",126648,"0","3.0690050000000002","21.55","1.181102362204725E-4",74.048,"77.071999999999974","71.689999999999955",66.0739999999999,34.3,15.2,20.3
"BOOI4","2021-07-19 08:00",67.9279999999999,"88.1",516600,"0","3.5490059999999999","17.34","3.1102362204724421E-3",73.7239999999999,"76.945999999999984","71.797999999999959",66.0919999999999,34.3,15.2,20.3
"BOOI4","2021-07-19 09:00",71.8519999999999,"84.6",1019880,"0","3.9940066000000001","55.19","6.968503937007875E-3",74.0119999999999,"76.747999999999962","71.815999999999946",66.0739999999999,34.3,15.2,20.3
"BOOI4","2021-07-19 10:00",76.082,"75.150000000000006",1555200,"0","3.7020059999999999","48.57","1.1692913385826771E-2",74.948,"76.585999999999899","71.851999999999904",66.1099999999999,34.3,15.2,20.3
"BOOI4","2021-07-19 11:00",79.3759999999999,"65.989999999999995",2052720,"0","4.1630070000000003","42.87","1.6732283464566931E-2",76.6039999999999,"76.441999999999936","71.905999999999963",66.0919999999999,34.2,15.2,20.3
"BOOI4","2021-07-19 12:00",81.0499999999999,"62.22",2534400,"0","3.8230064000000001","43.57","2.0905511811023621E-2",78.998,"76.261999999999887","71.941999999999936",66.1279999999999,34.3,15.2,20.3
"BOOI4","2021-07-19 13:00",81.464,"61.09",2469600,"0","3.3500055999999998","43.27","2.10236220472441E-2",82.346,"76.117999999999924","71.977999999999895",66.1099999999999,34.2,15.2,20.3
"BOOI4","2021-07-19 14:00",82.9939999999999,"55.28",2626920,"0","3.556006","2.2429999999999999","2.244094488188977E-2",85.2619999999999,"76.00999999999992","71.977999999999895",66.146,34.2,15.2,20.3
"BOOI4","2021-07-19 15:00",82.8859999999999,"55.4",2303640,"0","3.9550063999999998","17.8","2.0944881889763789E-2",87.7099999999999,"75.95599999999996","71.995999999999981",66.146,34.2,15.4,20.3
"BOOI4","2021-07-19 16:00",83.4619999999999,"55.49",2218680,"0","3.2200053","20.46","1.9763779527559061E-2",89.6179999999999,"75.95599999999996","71.995999999999981",66.146,34.2,15.3,20.3
"BOOI4","2021-07-19 17:00",83.93,"53.77",1959480,"0","3.8310062999999999","19.27","1.8228346456692919E-2",90.4279999999999,"76.045999999999978","72.013999999999967",66.1819999999999,34.2,15.2,20.3
"BOOI4","2021-07-19 18:00",83.156,"53.05",1500840,"0","4.1430069999999999","4.4809999999999999","1.531496062992126E-2",90.662,"76.153999999999883","71.995999999999981",66.164,34.3,15.2,20.3
"BOOI4","2021-07-19 19:00",82.13,"55.6",845640,"0","4.3170070000000003","12.65","1.062992125984252E-2",89.69,"76.297999999999959","72.013999999999967",66.1999999999999,34.2,15.2,20.3
"BOOI4","2021-07-19 20:00",79.9519999999999,"59.88",471600,"0","3.1520054000000002","16.71","5.5118110236220489E-3",87.9259999999999,"76.495999999999981","72.031999999999954",66.1819999999999,34.3,15.2,20.3
"BOOI4","2021-07-19 21:00",74.2279999999999,"75.38",90792,"0","0.57000094999999995","7.7169999999999996","-1.220472440944882E-3",85.964,"76.675999999999917","72.013999999999967",66.2179999999999,34.3,15.2,20.3
"BOOI4","2021-07-19 22:00",72.2119999999999,"78.319999999999993",475.2,"0","0","0","-1.023622047244095E-3",84.0739999999999,"76.891999999999925","72.031999999999954",66.2179999999999,34.3,15.2,20.3
"BOOI4","2021-07-19 23:00",70.3939999999999,"81.400000000000006",0,"0","4.3000070000000001E-2","151.1","-9.8425196850393721E-4",82.364,"77.053999999999888","72.031999999999954",66.2359999999999,34.4,15.2,20.3
"BOOI4","2021-07-20 00:00",70.3579999999999,"79.17",0,"0","0.73700124","306.8","-5.905511811023623E-4",80.9239999999999,"77.179999999999978","72.085999999999899",66.2539999999999,34.4,15.2,20.3
"BOOI4","2021-07-20 01:00",70.0159999999999,"77.150000000000006",3.6,"0","1.2690021","334.3","-1.968503937007874E-4",79.6999999999999,"77.287999999999982","72.103999999999886",66.272,34.3,15.2,20.3
"BOOI4","2021-07-20 02:00",67.8019999999999,"81.599999999999994",0,"0","0.48400080000000001","340.9","-7.0866141732283468E-4",78.6019999999999,"77.323999999999941","72.139999999999958",66.2539999999999,34.4,15.2,20.3
"BOOI4","2021-07-20 03:00",64.364,"90.9",0,"0","0.16000026000000001","55.69","-9.4488188976377975E-4",77.5939999999999,"77.305999999999969","72.121999999999971",66.272,34.4,15.2,20.3
"BOOI4","2021-07-20 04:00",64.814,"91.4",0,"0","2.5000041000000001E-2","283.60000000000002","-9.8425196850393721E-4",76.6579999999999,"77.269999999999897","72.175999999999917",66.3079999999999,34.4,15.2,20.3
"BOOI4","2021-07-20 05:00",64.3279999999999,"91.5",0,"0","0.90800150000000002","304.2","-6.2992125984251976E-4",75.83,"77.179999999999978","72.21199999999989",66.3079999999999,34.4,15.2,20.3
"BOOI4","2021-07-20 06:00",64.5079999999999,"88.5",2304,"0","1.4240022999999999","310.89999999999998","-4.3307086614173231E-4",75.1279999999999,"77.12599999999992","72.247999999999962",66.3079999999999,34.3,15.2,20.3
"BOOI4","2021-07-20 07:00",66.9739999999999,"88.5",106236,"0","0.27100044000000001","306.10000000000002","-1.5748031496062989E-4",74.498,"76.96399999999997","72.283999999999921",66.3439999999999,34.3,15.2,20.3
"BOOI4","2021-07-20 08:00",72.0499999999999,"83.9",551880,"0","0.95700160000000001","279.8","3.1496062992125988E-3",74.372,"76.855999999999966","72.283999999999921",66.3439999999999,34.3,15.2,20.3
"BOOI4","2021-07-20 09:00",76.856,"77.010000000000005",1024560,"0","1.8700030999999999","309.8","7.4015748031496078E-3",74.84,"76.71199999999989","72.33799999999998",66.3259999999999,34.2,15.2,20.3
"BOOI4","2021-07-20 10:00",79.34,"71.91",1564920,"0","3.4720056000000001","306.2","1.271653543307087E-2",75.722,"76.54999999999994","72.373999999999953",66.3439999999999,34.2,15.2,20.3
"BOOI4","2021-07-20 11:00",81.0499999999999,"66.84",1977480,"0","4.0730066000000003","305.3","1.692913385826772E-2",77.1439999999999,"76.387999999999977","72.355999999999966",66.38,34.2,15.2,20.3
"BOOI4","2021-07-20 12:00",83.0839999999999,"60.51",2297520,"0","4.5260077000000001","322.3","2.0078740157480322E-2",79.106,"76.297999999999959","72.373999999999953",66.3619999999999,34.2,15.2,20.3
"BOOI4","2021-07-20 13:00",83.0659999999999,"56.85",2325240,"0","3.4320059999999999","317.3","2.0393700787401579E-2",81.7519999999999,"76.135999999999896","72.391999999999925",66.38,34.2,15.2,20.3
"BOOI4","2021-07-20 14:00",85.0999999999999,"54.82",2463120,"0","3.6330059000000001","326.8","2.216535433070866E-2",84.488,"76.081999999999951","72.427999999999898",66.398,34.2,15.2,20.3
"BOOI4","2021-07-20 15:00",85.1359999999999,"56.21",2552400,"0","3.9150065999999999","324.2","2.3110236220472442E-2",87.1699999999999,"76.081999999999951","72.409999999999911",66.4339999999999,34.2,15.2,20.3
"BOOI4","2021-07-20 16:00",84.722,"54.6",2224080,"0","4.0810069999999996","327.39999999999998","2.0905511811023621E-2",89.1499999999999,"76.207999999999942","72.409999999999911",66.4339999999999,34.2,15.2,20.3
"BOOI4","2021-07-20 17:00",85.2619999999999,"56.22",1968840,"0","4.4260073000000002","327","1.9094488188976379E-2",90.1039999999999,"76.315999999999946","72.409999999999911",66.4159999999999,34.2,15.2,20.3
"BOOI4","2021-07-20 18:00",85.2439999999999,"54.53",1453680,"0","3.6510060000000002","304.5","1.4409448818897641E-2",90.23,"76.495999999999981","72.409999999999911",66.4339999999999,34.2,15.2,20.3
"BOOI4","2021-07-20 19:00",83.6419999999999,"61.25",852120,"0","2.8850047999999999","341.1","9.0157480314960649E-3",89.348,"76.729999999999976","72.391999999999925",66.4519999999999,34.2,15.2,20.3
"BOOI4","2021-07-20 20:00",80.582,"68.72",414720,"0","1.7180029000000001","301.7","3.5826771653543312E-3",87.8179999999999,"76.96399999999997","72.409999999999911",66.4519999999999,34.3,15.2,20.3
"BOOI4","2021-07-20 21:00",74.0119999999999,"83.2",61452,"0","1.0200016000000001","274.39999999999998","-6.6929133858267733E-4",86.072,"77.197999999999965","72.409999999999911",66.4699999999999,34.2,15.2,20.3
"BOOI4","2021-07-20 22:00",71.1679999999999,"87.6",284.4,"0","0.22600038","266.2","-8.6614173228346462E-4",84.3259999999999,"77.449999999999932","72.409999999999911",66.4699999999999,34.3,15.2,20.3
"BOOI4","2021-07-20 23:00",69.6019999999999,"90.5",0,"0","0.10800018","251.7","-9.4488188976377975E-4",82.814,"77.66599999999994","72.427999999999898",66.488,34.3,15.2,20.3
"BOOI4","2021-07-21 00:00",69.1519999999999,"90.7",0,"0","0.15300025","259.39999999999998","-9.0551181102362219E-4",81.4999999999999,"77.809999999999917","72.445999999999984",66.5239999999999,34.3,15.2,20.3
"BOOI4","2021-07-21 01:00",69.2419999999999,"89.7",0,"0","1.1180018","262.10000000000002","-5.905511811023623E-4",80.3659999999999,"77.95399999999988","72.481999999999957",66.5419999999999,34.3,15.2,20.3
"BOOI4","2021-07-21 02:00",68.0539999999999,"91.7",0,"0","1.8670031","269.89999999999998","-3.5433070866141729E-4",79.3579999999999,"78.043999999999912","72.517999999999915",66.5419999999999,34.3,15.2,20.3
"BOOI4","2021-07-21 03:00",68.6119999999999,"92.5",0,"0","3.5940059999999998","271.60000000000002","-1.181102362204725E-4",78.5119999999999,"78.043999999999912","72.535999999999902",66.5419999999999,34.3,15.2,20.3
"BOOI4","2021-07-21 04:00",68.306,"92.1",0,"0","3.9070065","271.3","-1.181102362204725E-4",77.738,"78.025999999999925","72.571999999999974",66.5599999999999,34.3,15.2,20.3
"BOOI4","2021-07-21 05:00",66.3439999999999,"95",0,"0","3.2520053","267.39999999999998","-2.7559055118110242E-4",77.072,"78.007999999999939","72.62599999999992",66.5779999999999,34.3,15.2,20.3
"BOOI4","2021-07-21 06:00",68.1259999999999,"91",2239.2,"0","3.3220054999999999","279.60000000000002","-1.968503937007874E-4",76.406,"77.917999999999921","72.679999999999978",66.596,34.3,15.2,20.3
"BOOI4","2021-07-21 07:00",68.2699999999999,"90.4",108504,"0","2.1780035","280","1.5748031496062989E-4",75.9019999999999,"77.827999999999903","72.697999999999965",66.5779999999999,34.3,15.2,20.3
"BOOI4","2021-07-21 08:00",72.014,"85.6",507600,"0","0.7670013","295","2.8740157480314958E-3",75.6679999999999,"77.701999999999913","72.75199999999991",66.596,34.2,15.2,20.3
"BOOI4","2021-07-21 09:00",75.9739999999999,"78.58",1024560,"0","3.7180061000000002","254.1","7.6771653543307103E-3",75.9739999999999,"77.557999999999936","72.769999999999897",66.6319999999999,34.3,15.2,20.3
"BOOI4","2021-07-21 10:00",78.5839999999999,"74.209999999999994",1505160,"0","5.7170094999999996","257.89999999999998","1.28740157480315E-2",76.73,"77.467999999999918","72.805999999999969",66.6319999999999,34.2,15.2,20.3
"BOOI4","2021-07-21 11:00",80.6539999999999,"65.8",1965600,"0","5.8800096999999996","263.2","1.720472440944882E-2",77.9539999999999,"77.305999999999969","72.805999999999969",66.614,34.2,15.2,20.3
"BOOI4","2021-07-21 12:00",82.0579999999999,"58.7",2256840,"0","5.7540097000000001","253.5","2.0590551181102371E-2",79.646,"77.197999999999965","72.877999999999901",66.6319999999999,34.2,15.2,20.3
"BOOI4","2021-07-21 13:00",82.8499999999999,"58.79",2567520,"0","6.2460103","252.7","2.3661417322834648E-2",81.9859999999999,"77.107999999999933","72.895999999999987",66.6499999999999,34.1,15.2,20.3
"BOOI4","2021-07-21 14:00",85.6939999999999,"52.26",2576880,"0","3.7890062000000002","256.89999999999998","2.299212598425197E-2",84.8659999999999,"77.053999999999888","72.895999999999987",66.6859999999999,34.1,15.2,20.3
"BOOI4","2021-07-21 15:00",84.956,"58.43",2509560,"0","2.7550043999999998","217.4","2.185039370078741E-2",87.7099999999999,"77.071999999999974","72.913999999999973",66.6679999999999,34.1,15.2,20.3
"BOOI4","2021-07-21 16:00",85.8019999999999,"55.59",2521440,"0","3.8940065000000001","170.7","2.267716535433071E-2",89.8519999999999,"77.12599999999992","72.931999999999945",66.6859999999999,34.2,15.2,20.3
"BOOI4","2021-07-21 17:00",85.5499999999999,"52.37",1639800,"0","4.037007","177.4","1.6614173228346459E-2",90.6079999999999,"77.233999999999924","72.877999999999901",66.7039999999999,34.2,15.2,20.3
"BOOI4","2021-07-21 18:00",84.4339999999999,"57.7",1551600,"0","3.5360057","184","1.4842519685039369E-2",90.59,"77.413999999999973","72.913999999999973",66.7039999999999,34.3,15.2,20.3
"BOOI4","2021-07-21 19:00",82.7239999999999,"61.87",681120,"0","3.3350053000000002","172.9","8.1102362204724422E-3",89.4739999999999,"77.575999999999922","72.913999999999973",66.722,34.2,15.2,20.3
"BOOI4","2021-07-21 20:00",80.888,"67.209999999999994",326160,"0","3.5320057999999999","125.6","4.8818897637795287E-3",88.0699999999999,"77.791999999999931","72.913999999999973",66.722,34.3,15.2,20.3
"BOOI4","2021-07-21 21:00",75.2899999999999,"85.4",67356,"0","1.5460026","149","-5.5118110236220485E-4",86.522,"77.95399999999988","72.949999999999932",66.7579999999999,34.3,15.2,20.3
"BOOI4","2021-07-21 22:00",74.5159999999999,"85.6",388.8,"0","0.63700104000000002","168","-3.1496062992125988E-4",84.938,"78.097999999999956","72.985999999999905",66.7759999999999,34.3,15.2,20.3
"BOOI4","2021-07-21 23:00",71.9419999999999,"89.7",0,"0","1.8170029999999999","169.5","0",83.5519999999999,"78.223999999999947","73.003999999999891",66.7579999999999,34.3,15.2,20.3
"BOOI4","2021-07-22 00:00",69.998,"91.3",0,"0","2.3330038000000002","180.7","-3.9370078740157492E-5",82.364,"78.313999999999965","73.003999999999891",66.7939999999999,34.3,15.2,20.3
"BOOI4","2021-07-22 01:00",68.648,"94.5",0,"0","1.0300016000000001","186.2","-3.9370078740157491E-4",81.248,"78.403999999999883","73.039999999999949",66.7939999999999,34.3,15.2,20.3
"BOOI4","2021-07-22 02:00",68.8819999999999,"94.7",0,"0","1.7570028","204.6","-3.1496062992125988E-4",80.3659999999999,"78.367999999999924","73.075999999999922",66.8119999999999,34.3,15.2,20.3
"BOOI4","2021-07-22 03:00",66.614,"97",0,"0","1.1360018000000001","200.8","-4.3307086614173231E-4",79.5019999999999,"78.367999999999924","73.111999999999895",66.83,34.3,15.2,20.3
"BOOI4","2021-07-22 04:00",66.1279999999999,"97.4",0,"0","1.5020024999999999","204.1","-3.9370078740157491E-4",78.656,"78.313999999999965","73.129999999999981",66.848,34.3,15.2,20.3
"BOOI4","2021-07-22 05:00",65.7859999999999,"97.6",0,"0","1.8420030999999999","202.1","-3.5433070866141729E-4",77.8819999999999,"78.25999999999992","73.147999999999954",66.83,34.3,15.2,20.3
"BOOI4","2021-07-22 06:00",65.282,"98",1771.2,"0","2.1820035","199.1","-3.5433070866141729E-4",77.1619999999999,"78.151999999999916","73.183999999999926",66.848,34.3,15.2,20.3
"BOOI4","2021-07-22 07:00",66.9199999999999,"96.8",115128,"0","1.2490021","199.1","-3.1496062992125988E-4",76.5499999999999,"78.025999999999925","73.237999999999985",66.8659999999999,34.2,15.2,20.3
"BOOI4","2021-07-22 08:00",72.374,"91.3",528120,"0","1.9650033","205.3","2.9133858267716538E-3",76.3159999999999,"77.881999999999948","73.219999999999899",66.8839999999999,34.2,15.2,20.3
"BOOI4","2021-07-22 09:00",76.8199999999999,"80.2",1036080,"0","4.6020079999999997","222.1","7.6771653543307103E-3",76.5679999999999,"77.737999999999985","73.237999999999985",66.9019999999999,34.2,15.1,20.3
"BOOI4","2021-07-22 10:00",80.0779999999999,"72.36",1570320,"0","7.4910119999999996","232.7","1.409448818897638E-2",77.18,"77.593999999999909","73.291999999999931",66.9019999999999,34.2,15.1,20.3
"BOOI4","2021-07-22 11:00",82.3819999999999,"69.44",2011680,"0","8.3900140000000007","236.9","1.8700787401574801E-2",78.3859999999999,"77.413999999999973","73.327999999999903",66.9019999999999,34.1,15.1,20.3
"BOOI4","2021-07-22 12:00",82.238,"66.44",2043360,"0","8.510014","237.3","2.0078740157480322E-2",80.0239999999999,"77.305999999999969","73.327999999999903",66.938,34.1,15.1,20.3
"BOOI4","2021-07-22 13:00",84.2179999999999,"65.27",1895400,"0","7.1730119999999999","223.1","1.889763779527559E-2",81.698,"77.179999999999978","73.345999999999989",66.9199999999999,34.1,15.1,20.3
"BOOI4","2021-07-22 14:00",82.922,"65.64",2027520,"0","7.7490129999999997","210","2.0629921259842521E-2",83.7679999999999,"77.107999999999933","73.327999999999903",66.956,34.1,15.1,20.3
"BOOI4","2021-07-22 15:00",83.5159999999999,"63.27",1811520,"0","7.0730114000000004","201.6","1.9055118110236219E-2",84.956,"77.089999999999961","73.327999999999903",66.956,34.1,15.1,20.3
"BOOI4","2021-07-22 16:00",82.8679999999999,"65.7",900360,"0","5.2490087000000001","205.5","1.149606299212599E-2",85.3519999999999,"77.143999999999906","73.345999999999989",66.956,34.1,15.1,20.3
"BOOI4","2021-07-22 17:00",84.398,"65.41",1199160,"0","3.9850067999999998","208.7","1.244094488188977E-2",85.406,"77.233999999999924","73.327999999999903",66.9919999999999,34.1,15.1,20.3
"BOOI4","2021-07-22 18:00",86.198,"62.13",1028160,"0","4.1290069999999996","203.6","1.1259842519685041E-2",85.7119999999999,"77.305999999999969","73.309999999999917",66.9739999999999,34.1,15.1,20.3
"BOOI4","2021-07-22 19:00",84.0739999999999,"62.79",875160,"0","4.7480079999999996","204.2","1.0314960629921261E-2",85.7659999999999,"77.431999999999945","73.309999999999917",67.0099999999999,34.2,15.1,20.3
"BOOI4","2021-07-22 20:00",79.772,"72.78",384480,"0","2.8080048999999998","208.7","4.2913385826771656E-3",85.1359999999999,"77.575999999999922","73.345999999999989",67.0279999999999,34.2,15.1,20.3
"BOOI4","2021-07-22 21:00",73.58,"88.1",55008,"0","1.4140024","193.2","-5.5118110236220485E-4",83.9839999999999,"77.683999999999926","73.291999999999931",67.0279999999999,34.2,15.1,20.3
"BOOI4","2021-07-22 22:00",71.4919999999999,"91.8",270,"0","1.2660022","195.7","-5.5118110236220485E-4",82.7599999999999,"77.809999999999917","73.291999999999931",67.064,34.2,15.1,20.3
"BOOI4","2021-07-22 23:00",71.438,"91",0,"0","1.0630018000000001","185.9","-6.6929133858267733E-4",81.6079999999999,"77.95399999999988","73.327999999999903",67.064,34.2,15.1,20.3
"BOOI4","2021-07-23 00:00",69.422,"93.8",0,"0","1.7370028","172.5","-4.7244094488188988E-4",80.546,"78.043999999999912","73.345999999999989",67.064,34.2,15.1,20.3
"BOOI4","2021-07-23 01:00",67.8019999999999,"95.9",0,"0","2.2350037","178.1","-4.7244094488188988E-4",79.646,"78.07999999999997","73.345999999999989",67.064,34.2,15.1,20.3
"BOOI4","2021-07-23 02:00",67.298,"96.8",0,"0","2.2850039999999998","179.4","-5.1181102362204728E-4",78.8179999999999,"78.115999999999943","73.345999999999989",67.0999999999999,34.2,15.1,20.3
"BOOI4","2021-07-23 03:00",66.164,"97.9",0,"0","2.360004","178.2","-5.5118110236220485E-4",78.0619999999999,"78.097999999999956","73.363999999999962",67.1179999999999,34.2,15.1,20.3
"BOOI4","2021-07-23 04:00",66.956,"98.4",0,"0","2.2990037999999999","184","-5.905511811023623E-4",77.3599999999999,"78.043999999999912","73.381999999999948",67.1179999999999,34.2,15.1,20.3
"BOOI4","2021-07-23 05:00",66.3259999999999,"98.8",0,"0","2.1550034999999998","185","-6.2992125984251976E-4",76.748,"77.971999999999966","73.417999999999921",67.1359999999999,34.2,15.1,20.3
"BOOI4","2021-07-23 06:00",66.5419999999999,"98.8",1893.6,"0","2.0490034000000001","190.6","-6.6929133858267733E-4",76.2259999999999,"77.917999999999921","73.399999999999935",67.1539999999999,34.2,15.1,20.3
"BOOI4","2021-07-23 07:00",67.9279999999999,"97.2",117720,"0","1.8920032","183","-3.5433070866141729E-4",75.7579999999999,"77.791999999999931","73.435999999999908",67.1539999999999,34.2,15.1,20.3
"BOOI4","2021-07-23 08:00",72.4279999999999,"93.9",476280,"0","3.3350053000000002","189.1","2.6377952755905522E-3",75.614,"77.66599999999994","73.45399999999988",67.172,34.2,15.1,20.3
"BOOI4","2021-07-23 09:00",77.198,"83.8",966600,"0","4.837008","202","7.0472440944881901E-3",75.9739999999999,"77.557999999999936","73.45399999999988",67.19,34.1,15.1,20.3
"BOOI4","2021-07-23 10:00",80.2939999999999,"74.28",1471680,"0","6.6740110000000001","221","1.283464566929134E-2",76.8919999999999,"77.413999999999973","73.489999999999952",67.19,34.1,15.1,20.3
"BOOI4","2021-07-23 11:00",83.372,"70.34",1946520,"0","7.3530119999999997","227.4","1.7677165354330709E-2",78.2419999999999,"77.269999999999897","73.525999999999925",67.2079999999999,34.1,15.1,20.3
"BOOI4","2021-07-23 12:00",86.3419999999999,"64.489999999999995",2301840,"0","6.6370110000000002","226.5","2.106299212598426E-2",79.9159999999999,"77.161999999999892","73.507999999999939",67.2259999999999,34.1,15.1,20.3
"BOOI4","2021-07-23 13:00",87.7279999999999,"66.040000000000006",2524680,"0","6.6370110000000002","225.4","2.377952755905512E-2",82.1839999999999,"77.071999999999974","73.471999999999966",67.2079999999999,34.1,15.1,20.3
"BOOI4","2021-07-23 14:00",88.8079999999999,"63.7",2606760,"0","6.8580116999999996","203.2","2.4763779527559059E-2",85.0999999999999,"77.035999999999902","73.525999999999925",67.2439999999999,34.1,15.1,20.4
"BOOI4","2021-07-23 15:00",89.8879999999999,"62.67",2525040,"0","7.2300123999999997","199.7","2.5000000000000001E-2",88.0159999999999,"77.035999999999902","73.507999999999939",67.2619999999999,34.1,15.1,20.4
"BOOI4","2021-07-23 16:00",90.6079999999999,"58.34",2329560,"0","8.1000130000000006","213.1","2.5000000000000001E-2",90.2659999999999,"77.12599999999992","73.489999999999952",67.2619999999999,34.1,15.1,20.4
"BOOI4","2021-07-23 17:00",90.356,"55.43",1913400,"0","8.2700139999999998","222.1","2.2755905511811021E-2",91.6339999999999,"77.233999999999924","73.507999999999939",67.28,34.1,15.1,20.4
"BOOI4","2021-07-23 18:00",89.8159999999999,"60.08",1500120,"0","7.9810132999999999","220.6","1.9330708661417329E-2",91.9939999999999,"77.449999999999932","73.471999999999966",67.28,34.1,15.1,20.4
"BOOI4","2021-07-23 19:00",88.2679999999999,"59.47",880200,"0","7.1230115999999999","220.7","1.385826771653543E-2",91.112,"77.683999999999926","73.471999999999966",67.28,34.2,15.1,20.4
"BOOI4","2021-07-23 20:00",84.0019999999999,"68.099999999999994",405000,"0","4.4730077000000001","218.8","6.4960629921259859E-3",89.6359999999999,"77.917999999999921","73.45399999999988",67.28,34.2,15.1,20.4
"BOOI4","2021-07-23 21:00",77.63,"81.5",63540,"0","2.4910041999999999","212.1","2.3622047244094491E-4",87.98,"78.151999999999916","73.435999999999908",67.298,34.2,15.1,20.4
"BOOI4","2021-07-23 22:00",75.506,"86.7",248.4,"0","2.1710036000000001","214.5","-3.9370078740157492E-5",86.3419999999999,"78.403999999999883","73.45399999999988",67.3159999999999,34.3,15.1,20.4
"BOOI4","2021-07-23 23:00",74.84,"88.5",0,"0","2.5830042","206.5","-3.9370078740157492E-5",84.9199999999999,"78.583999999999932","73.45399999999988",67.3159999999999,34.3,15.1,20.4
"BOOI4","2021-07-24 00:00",73.832,"91.4",0,"0","2.3180036999999998","208.7","-2.7559055118110242E-4",83.7499999999999,"78.781999999999954","73.45399999999988",67.3159999999999,34.3,15.1,20.4
"BOOI4","2021-07-24 01:00",73.5259999999999,"92.1",0,"0","2.7010044999999998","210.1","-2.7559055118110242E-4",82.7239999999999,"78.907999999999944","73.507999999999939",67.3519999999999,34.3,15.1,20.4
"BOOI4","2021-07-24 02:00",73.0039999999999,"92.9",0,"0","3.0400052","209.9","-2.3622047244094491E-4",81.8599999999999,"78.997999999999962","73.525999999999925",67.3699999999999,34.3,15.1,20.4
"BOOI4","2021-07-24 03:00",72.8779999999999,"93.8",0,"0","3.7540064000000002","215.1","-1.968503937007874E-4",81.0499999999999,"79.051999999999907","73.561999999999884",67.3519999999999,34.3,15.1,20.4
"BOOI4","2021-07-24 04:00",71.1319999999999,"96.7",0,"0","2.6490045000000002","218.1","-3.9370078740157491E-4",80.3839999999999,"79.015999999999948","73.615999999999943",67.3519999999999,34.3,15.1,20.4
"BOOI4","2021-07-24 05:00",72.5179999999999,"95",0,"0","3.4290058999999999","226.8","-3.9370078740157491E-4",79.7539999999999,"79.015999999999948","73.615999999999943",67.3699999999999,34.3,15.1,20.4
"BOOI4","2021-07-24 06:00",72.4279999999999,"95.8",1044,"0","4.247007","224.1","-2.3622047244094491E-4",79.232,"78.979999999999976","73.669999999999888",67.388,34.3,15.1,20.4
"BOOI4","2021-07-24 07:00",73.8859999999999,"94.1",104940,"0","4.3280070000000004","226.7","1.968503937007874E-4",78.8539999999999,"78.907999999999944","73.70599999999996",67.388,34.3,15.1,20.4
"BOOI4","2021-07-24 08:00",76.1359999999999,"90.2",349200,"0","6.8020110000000003","245.2","3.3070866141732291E-3",78.782,"78.835999999999899","73.741999999999933",67.406,34.3,15.1,20.4
"BOOI4","2021-07-24 09:00",76.6939999999999,"88.9",329040,"0","3.8450065000000002","272.10000000000002","3.4251968503937009E-3",79.0519999999999,"78.727999999999895","73.795999999999978",67.4419999999999,34.3,15.1,20.4
"BOOI4","2021-07-24 10:00",78.998,"85.3",687240,"0","5.0260085999999999","243.4","6.2992125984251976E-3",79.3939999999999,"78.619999999999891","73.831999999999951",67.4239999999999,34.3,15.1,20.4
"BOOI4","2021-07-24 11:00",81.1939999999999,"80.8",1267200,"0","7.8680130000000004","263.2","1.1535433070866141E-2",80.4739999999999,"78.511999999999887","73.867999999999924",67.4419999999999,34.3,15.1,20.4
"BOOI4","2021-07-24 12:00",83.9119999999999,"78.900000000000006",1881720,"0","6.0690099999999996","261.3","1.6023622047244099E-2",82.13,"78.439999999999955","73.867999999999924",67.4419999999999,34.2,15.1,20.4
"BOOI4","2021-07-24 13:00",87.8359999999999,"70.790000000000006",2545920,"0","5.0940083999999999","263.7","2.212598425196851E-2",84.3259999999999,"78.349999999999937","73.903999999999883",67.4419999999999,34.2,15.1,20.4
"BOOI4","2021-07-24 14:00",90.9319999999999,"58.55",2581920,"0","3.8750064000000002","319.10000000000002","2.409448818897638E-2",87.422,"78.25999999999992","73.921999999999969",67.4779999999999,34.3,15.1,20.4
"BOOI4","2021-07-24 15:00",91.4359999999999,"59.64",2068560,"0","4.0120068","321.3","2.0669291338582679E-2",89.9419999999999,"78.25999999999992","73.939999999999955",67.4779999999999,34.2,15.1,20.4
"BOOI4","2021-07-24 16:00",91.2019999999999,"59.12",2353320,"0","5.0820084000000003","312.89999999999998","2.3543307086614181E-2",92.0659999999999,"78.295999999999978","73.921999999999969",67.4779999999999,34.2,15.1,20.4
"BOOI4","2021-07-24 17:00",90.6439999999999,"60.47",1499760,"0","4.9960084","330.5","1.7086614173228348E-2",93.398,"78.385999999999896","73.939999999999955",67.4779999999999,34.2,15.1,20.4
"BOOI4","2021-07-24 18:00",89.6539999999999,"58.92",1507320,"0","5.8110099999999996","355.8","1.7401574803149609E-2",93.1999999999999,"78.529999999999973","73.939999999999955",67.496,34.3,15.1,20.4
"BOOI4","2021-07-24 19:00",88.4839999999999,"61.98",910440,"0","5.90801","354.4","1.267716535433071E-2",92.246,"78.763999999999967","73.975999999999928",67.532,34.3,15.1,20.4
"BOOI4","2021-07-24 20:00",84.3079999999999,"70.31",453960,"0","4.2670073999999998","7.2089999999999996","6.1023622047244102E-3",90.8419999999999,"78.96199999999989","73.975999999999928",67.532,34.3,15.1,20.4
"BOOI4","2021-07-24 21:00",79.2859999999999,"80.599999999999994",66672,"0","2.6500043999999998","353","3.9370078740157491E-4",89.1859999999999,"79.231999999999957","74.011999999999887",67.5499999999999,34.4,15.1,20.4
"BOOI4","2021-07-24 22:00",75.9919999999999,"86.6",385.2,"0","2.0890035999999998","353.3","-7.874015748031497E-5",87.4759999999999,"79.429999999999978","73.9939999999999",67.5499999999999,34.4,15.1,20.4
"BOOI4","2021-07-24 23:00",72.914,"90.4",0,"0","1.2520020000000001","344.6","-5.5118110236220485E-4",85.874,"79.645999999999987","73.975999999999928",67.5499999999999,34.4,15.1,20.4
"BOOI4","2021-07-25 00:00",73.7419999999999,"87.9",0,"0","2.1270034","340.1","-2.7559055118110242E-4",84.5239999999999,"79.825999999999922","74.047999999999959",67.5679999999999,34.4,15.1,20.4
"BOOI4","2021-07-25 01:00",72.914,"90",0,"0","1.0950017999999999","337","-6.2992125984251976E-4",83.282,"79.951999999999913","74.065999999999946",67.5859999999999,34.4,15.1,20.4
"BOOI4","2021-07-25 02:00",71.2759999999999,"92.8",0,"0","0.92500150000000003","335.2","-7.4803149606299225E-4",82.1119999999999,"80.005999999999958","74.119999999999891",67.6039999999999,34.4,15.1,20.5
"BOOI4","2021-07-25 03:00",71.9779999999999,"89.5",0,"0","0.98800164000000001","36.54","-7.4803149606299225E-4",81.122,"80.023999999999944","74.155999999999963",67.5859999999999,34.4,15.1,20.5
"BOOI4","2021-07-25 04:00",66.74,"94.7",3.6,"0","0.28400046000000001","343.5","-1.023622047244095E-3",80.1859999999999,"80.023999999999944","74.191999999999936",67.6039999999999,34.4,15.1,20.5
"BOOI4","2021-07-25 05:00",66.3079999999999,"96.3",3.6,"0","0.62300104000000001","292.7","-9.4488188976377975E-4",79.3579999999999,"79.969999999999899","74.245999999999981",67.622,34.4,15.1,20.4
"BOOI4","2021-07-25 06:00",68.6839999999999,"95.7",2826,"0","0.51300084999999995","343.9","-9.4488188976377975E-4",78.6199999999999,"79.897999999999954","74.281999999999954",67.64,34.4,15.2,20.4
"BOOI4","2021-07-25 07:00",70.3579999999999,"91.5",131796,"0","2.2940037000000002","334.1","-3.9370078740157491E-4",78.08,"79.753999999999891","74.317999999999913",67.6579999999999,34.3,15.2,20.4
"BOOI4","2021-07-25 08:00",75.9919999999999,"82.8",556560,"0","1.7990029999999999","346.1","3.3464566929133871E-3",77.8819999999999,"79.645999999999987","74.371999999999971",67.6579999999999,34.3,15.2,20.4
"BOOI4","2021-07-25 09:00",80.456,"77.239999999999995",1123560,"0","2.4290039999999999","359.7","8.4645669291338599E-3",78.2419999999999,"79.50199999999991","74.389999999999958",67.6759999999999,34.3,15.2,20.4
"BOOI4","2021-07-25 10:00",81.338,"74.44",1475280,"0","2.7820048000000002","355.4","1.220472440944882E-2",79.5199999999999,"79.37599999999992","74.425999999999917",67.6939999999999,34.3,15.2,20.4
"BOOI4","2021-07-25 11:00",84.6499999999999,"53.73",1698480,"0","2.1960036999999999","3.302","1.452755905511811E-2",81.3199999999999,"79.21399999999997","74.443999999999903",67.6939999999999,34.3,15.2,20.4
"BOOI4","2021-07-25 12:00",84.8659999999999,"64.64",1674000,"0","2.3330038000000002","184.6","1.5078740157480321E-2",83.0839999999999,"79.069999999999894","74.443999999999903",67.6939999999999,34.2,15.2,20.3
"BOOI4","2021-07-25 13:00",85.8199999999999,"64.069999999999993",1956960,"0","2.9650047000000002","215.1","1.779527559055118E-2",84.848,"78.979999999999976","74.497999999999962",67.73,34.2,15.2,20.4
"BOOI4","2021-07-25 14:00",86.8819999999999,"58.72",1966320,"0","2.8620047999999998","234.2","1.8503937007874019E-2",86.648,"78.943999999999903","74.515999999999948",67.73,34.2,15.2,20.4
"BOOI4","2021-07-25 15:00",87.44,"55.66",2206800,"0","2.396004","229.4","1.9842519685039368E-2",88.6819999999999,"78.925999999999917","74.515999999999948",67.748,34.2,15.2,20.4
"BOOI4","2021-07-25 16:00",88.124,"52.31",2045160,"0","2.6510045999999998","255.4","1.9055118110236219E-2",90.4279999999999,"78.96199999999989","74.515999999999948",67.748,34.2,15.2,20.4
"BOOI4","2021-07-25 17:00",86.5759999999999,"58",1782000,"0","2.8930047000000001","187.1","1.6732283464566931E-2",91.8679999999999,"79.051999999999907","74.515999999999948",67.7659999999999,34.2,15.2,20.4
"BOOI4","2021-07-25 18:00",86.2159999999999,"64.16",1419840,"0","3.1780054999999998","194.9","1.366141732283465E-2",92.48,"79.177999999999898","74.515999999999948",67.7839999999999,34.3,15.2,20.4
"BOOI4","2021-07-25 19:00",85.0279999999999,"70.52",901080,"0","2.9000048999999999","192.9","8.7401574803149615E-3",92.012,"79.339999999999961","74.515999999999948",67.7839999999999,34.3,15.2,20.4
"BOOI4","2021-07-25 20:00",82.3999999999999,"76.069999999999993",374040,"0","2.1250035999999999","222.5","3.3858267716535442E-3",90.68,"79.483999999999924","74.515999999999948",67.8019999999999,34.3,15.2,20.4
"BOOI4","2021-07-25 21:00",75.8659999999999,"88.7",48348,"0","2.0380034","250.2","-1.5748031496062989E-4",89.006,"79.699999999999932","74.551999999999907",67.8199999999999,34.4,15.2,20.4
"BOOI4","2021-07-25 22:00",73.3999999999999,"89.8",237.6,"0","0.92300150000000003","254.8","-7.0866141732283468E-4",87.2419999999999,"79.897999999999954","74.551999999999907",67.8199999999999,34.4,15.2,20.4
"BOOI4","2021-07-25 23:00",72.464,"90.9",0,"0","0.38800064000000001","250.4","-9.4488188976377975E-4",85.6579999999999,"80.077999999999903","74.551999999999907",67.8199999999999,34.4,15.2,20.4
"BOOI4","2021-07-26 00:00",70.646,"90.9",0,"0","1.6470028000000001","252.3","-5.5118110236220485E-4",84.3079999999999,"80.20399999999988","74.569999999999894",67.838,34.4,15.2,20.4
"BOOI4","2021-07-26 01:00",70.1599999999999,"89.8",0,"0","2.5140042","250","-2.7559055118110242E-4",83.0839999999999,"80.32999999999997","74.605999999999966",67.856,34.4,15.2,20.4
"BOOI4","2021-07-26 02:00",67.6759999999999,"93.8",0,"0","1.5940026","224.8","-5.5118110236220485E-4",82.022,"80.365999999999943","74.659999999999911",67.8919999999999,34.4,15.2,20.4
"BOOI4","2021-07-26 03:00",67.0279999999999,"96.3",0,"0","1.6400026999999999","218.7","-6.6929133858267733E-4",81.032,"80.401999999999916","74.659999999999911",67.8919999999999,34.4,15.2,20.4
"BOOI4","2021-07-26 04:00",66.056,"96.4",0,"0","1.826003","235","-7.0866141732283468E-4",80.1319999999999,"80.365999999999943","74.659999999999911",67.9099999999999,34.4,15.3,20.4
"BOOI4","2021-07-26 05:00",67.7839999999999,"94.2",0,"0","2.0710033999999999","245","-6.2992125984251976E-4",79.34,"80.311999999999884","74.731999999999957",67.9099999999999,34.4,15.2,20.4
"BOOI4","2021-07-26 06:00",64.922,"97",1389.6,"0","1.8820030999999999","251.3","-6.6929133858267733E-4",78.6199999999999,"80.185999999999908","74.767999999999915",67.9279999999999,34.4,15.2,20.4
"BOOI4","2021-07-26 07:00",65.7679999999999,"97.3",85968,"0","1.6670027000000001","54.42","-2.3622047244094491E-4",77.9359999999999,"80.095999999999989","74.803999999999888",67.946,34.4,15.2,20.4
"BOOI4","2021-07-26 08:00",70.088,"91.2",309960,"0","4.8000080000000001E-2","302","1.8503937007874019E-3",77.7019999999999,"79.951999999999913","74.821999999999974",67.946,34.3,15.2,20.4
"BOOI4","2021-07-26 09:00",76.8919999999999,"80.599999999999994",897480,"0","1.3310021000000001","204.2","6.1811023622047254E-3",77.972,"79.843999999999909","74.857999999999933",67.946,34.3,15.2,20.4
"BOOI4","2021-07-26 10:00",82.1839999999999,"65.94",1596600,"0","3.4240054999999998","206.6","1.3188976377952759E-2",79.232,"79.663999999999973","74.893999999999906",67.982,34.3,15.2,20.4
"BOOI4","2021-07-26 11:00",84.2179999999999,"63.43",2098080,"0","4.5640077999999997","205.8","1.885826771653544E-2",81.1039999999999,"79.537999999999982","74.911999999999892",67.982,34.3,15.2,20.4
"BOOI4","2021-07-26 12:00",85.19,"61.62",2486880,"0","5.4130086999999998","197.8","2.295275590551181E-2",82.7599999999999,"79.411999999999892","74.947999999999965",67.9999999999999,34.2,15.1,20.4
"BOOI4","2021-07-26 13:00",87.6019999999999,"50.82",2712960,"0","5.8160094999999998","215.4","2.566929133858268E-2",85.046,"79.267999999999915","74.947999999999965",68.0179999999999,34.2,15.1,20.4
"BOOI4","2021-07-26 14:00",88.34,"46.03",2788560,"0","6.2340099999999996","212.1","2.8661417322834649E-2",87.8539999999999,"79.195999999999984","74.929999999999978",68.0179999999999,34.2,15.1,20.4
"BOOI4","2021-07-26 15:00",89.564,"42.08",2692080,"0","6.1370100000000001","236","2.8543307086614182E-2",90.482,"79.195999999999984","74.947999999999965",68.0539999999999,34.2,15.1,20.4
"BOOI4","2021-07-26 16:00",89.4199999999999,"44.37",2437920,"0","4.962008","206.9","2.515748031496063E-2",92.6779999999999,"79.249999999999929","74.983999999999924",68.0539999999999,34.2,15.1,20.4
"BOOI4","2021-07-26 17:00",89.348,"45.21",2022480,"0","4.6480079999999999","210","2.15748031496063E-2",94.0279999999999,"79.393999999999906","74.947999999999965",68.072,34.3,15.2,20.4
"BOOI4","2021-07-26 18:00",87.5839999999999,"50.41",1455840,"0","4.4480076000000004","209","1.6496062992125991E-2",94.3159999999999,"79.537999999999982","74.947999999999965",68.0539999999999,34.3,15.1,20.4
"BOOI4","2021-07-26 19:00",84.7579999999999,"63.39",826200,"0","3.544006","205.6","9.6062992125984271E-3",93.362,"79.717999999999918","74.929999999999978",68.1079999999999,34.3,15.1,20.4
"BOOI4","2021-07-26 20:00",79.8079999999999,"74.31",309960,"0","1.5090026000000001","197","2.8740157480314958E-3",91.7419999999999,"79.933999999999926","74.965999999999937",68.1079999999999,34.4,15.1,20.4
"BOOI4","2021-07-26 21:00",75.1279999999999,"83.4",44064,"0","1.7430029","181.4","-2.3622047244094491E-4",89.8159999999999,"80.185999999999908","74.965999999999937",68.1259999999999,34.4,15.1,20.4
"BOOI4","2021-07-26 22:00",72.0679999999999,"84.8",248.4,"0","1.7640028999999999","196.2","-2.3622047244094491E-4",87.9259999999999,"80.383999999999929","74.929999999999978",68.1079999999999,34.4,15.1,20.4
"BOOI4","2021-07-26 23:00",69.296,"89",0,"0","1.7460028999999999","197.2","-2.7559055118110242E-4",86.2159999999999,"80.563999999999965","74.965999999999937",68.1439999999999,34.5,15.1,20.4
"BOOI4","2021-07-27 00:00",69.656,"85.7",0,"0","1.762003","210.3","-3.1496062992125988E-4",84.6859999999999,"80.7439999999999","74.965999999999937",68.1619999999999,34.4,15.1,20.4
"BOOI4","2021-07-27 01:00",67.6039999999999,"89.3",0,"0","1.9780032999999999","207.9","-2.7559055118110242E-4",83.39,"80.815999999999946","75.019999999999897",68.18,34.4,15.1,20.4
"BOOI4","2021-07-27 02:00",67.3699999999999,"91.3",0,"0","1.8090029999999999","211.6","-3.9370078740157491E-4",82.2019999999999,"80.887999999999977","75.019999999999897",68.18,34.4,15.1,20.4
"BOOI4","2021-07-27 03:00",65.4619999999999,"94",3.6,"0","0.86000144000000001","214.5","-7.0866141732283468E-4",81.1759999999999,"80.887999999999977","75.091999999999928",68.198,34.4,15.1,20.4
"BOOI4","2021-07-27 04:00",63.7159999999999,"96.6",0,"0","1.2850021","201.2","-6.6929133858267733E-4",80.222,"80.851999999999904","75.091999999999928",68.198,34.5,15.1,20.4
"BOOI4","2021-07-27 05:00",63.572,"96.7",0,"0","0.98300160000000003","213.9","-7.4803149606299225E-4",79.34,"80.779999999999973","75.127999999999901",68.2339999999999,34.4,15.1,20.5
"BOOI4","2021-07-27 06:00",63.5179999999999,"96.2",1173.6,"0","1.8570031","220.3","-5.905511811023623E-4",78.548,"80.707999999999942","75.181999999999945",68.2159999999999,34.4,15.1,20.5
"BOOI4","2021-07-27 07:00",66.506,"93.8",122544,"0","2.8900046000000001","228.5","-5.5118110236220485E-4",77.8819999999999,"80.545999999999978","75.217999999999918",68.2339999999999,34.4,15.1,20.5
"BOOI4","2021-07-27 08:00",71.9599999999999,"84.9",531000,"0","3.9910066","230.1","3.1889763779527559E-3",77.5939999999999,"80.437999999999974","75.253999999999891",68.2519999999999,34.3,15.2,20.5
"BOOI4","2021-07-27 09:00",77.0359999999999,"76",1109880,"0","5.4410090000000002","229.9","8.9370078740157489E-3",78.1159999999999,"80.257999999999939","75.271999999999977",68.2699999999999,34.3,15.2,20.5
"BOOI4","2021-07-27 10:00",80.2579999999999,"69.47",1712880,"0","8.7500140000000002","237","1.5944881889763781E-2",79.4839999999999,"80.113999999999962","75.289999999999949",68.306,34.3,15.2,20.5
"BOOI4","2021-07-27 11:00",83.3539999999999,"67.59",2257920,"0","9.2300160000000009","246.5","2.133858267716536E-2",81.0499999999999,"79.951999999999913","75.325999999999922",68.306,34.2,15.2,20.5
"BOOI4","2021-07-27 12:00",85.8019999999999,"66.7",2618640,"0","7.7460129999999996","231.4","2.409448818897638E-2",82.796,"79.807999999999936","75.325999999999922",68.306,34.3,15.2,20.5
"BOOI4","2021-07-27 13:00",88.106,"64.06",2826000,"0","5.6250095","203.5","2.5551181102362212E-2",85.496,"79.663999999999973","75.343999999999909",68.3239999999999,34.3,15.2,20.5
"BOOI4","2021-07-27 14:00",90.374,"62.94",2908800,"0","6.5500109999999996","185.8","2.708661417322835E-2",88.646,"79.609999999999914","75.361999999999895",68.3239999999999,34.2,15.2,20.5
"BOOI4","2021-07-27 15:00",91.8499999999999,"61.69",2807640,"0","6.9060116000000003","194.1","2.7204724409448822E-2",91.58,"79.555999999999969","75.397999999999954",68.3599999999999,34.2,15.2,20.5
"BOOI4","2021-07-27 16:00",91.6699999999999,"62.36",2535840,"0","7.5620127000000004","208.7","2.598425196850394E-2",93.722,"79.591999999999928","75.379999999999981",68.3599999999999,34.3,15.2,20.5
"BOOI4","2021-07-27 17:00",90.914,"66.11",2094840,"0","7.1450120000000004","195.1","2.2007874015748038E-2",95.0179999999999,"79.699999999999932","75.361999999999895",68.3599999999999,34.2,15.1,20.5
"BOOI4","2021-07-27 18:00",91.4179999999999,"63.86",1545840,"0","6.1680099999999998","209.7","1.7125984251968509E-2",95.522,"79.861999999999895","75.361999999999895",68.396,34.3,15.1,20.5
"BOOI4","2021-07-27 19:00",89.996,"66.61",897480,"0","6.9660114999999996","233.4","1.2755905511811031E-2",94.7839999999999,"80.077999999999903","75.361999999999895",68.396,34.3,15.1,20.5
"BOOI4","2021-07-27 20:00",86.738,"74.08",376920,"0","4.8650080000000004","231.8","6.1417322834645682E-3",93.398,"80.293999999999912","75.343999999999909",68.4319999999999,34.3,15.1,20.5
"BOOI4","2021-07-27 21:00",80.3659999999999,"88.9",50184,"0","1.7420028000000001","217.1","-3.5433070866141729E-4",91.6339999999999,"80.50999999999992","75.361999999999895",68.4499999999999,34.4,15.1,20.5
"BOOI4","2021-07-27 22:00",78.08,"92.8",208.8,"0","1.3290021000000001","215.9","-5.1181102362204728E-4",89.9239999999999,"80.725999999999928","75.343999999999909",68.4499999999999,34.4,15.1,20.5
"BOOI4","2021-07-27 23:00",79.5919999999999,"89.6",0,"0","3.5900059999999998","228.6","-7.874015748031497E-5",88.4659999999999,"80.941999999999936","75.325999999999922",68.4499999999999,34.4,15.1,20.5
"BOOI4","2021-07-28 00:00",78.1699999999999,"92.1",0,"0","4.0060067000000004","242.4","0",87.2779999999999,"81.103999999999886","75.379999999999981",68.4499999999999,34.4,15.1,20.5
"BOOI4","2021-07-28 01:00",74.9119999999999,"96.7",0,"0","1.228002","201.2","-7.0866141732283468E-4",86.18,"81.265999999999948","75.379999999999981",68.4859999999999,34.5,15.2,20.5
"BOOI4","2021-07-28 02:00",76.1539999999999,"95.2",0,"0","4.3580074","242.3","-2.3622047244094491E-4",85.2439999999999,"81.33799999999998","75.433999999999926",68.5039999999999,34.5,15.2,20.5
"BOOI4","2021-07-28 03:00",75.3439999999999,"97.2",0,"0","3.2910056000000001","229.2","-4.3307086614173231E-4",84.4519999999999,"81.373999999999953","75.451999999999913",68.5039999999999,34.5,15.2,20.5
"BOOI4","2021-07-28 04:00",74.714,"98.4",0,"0","4.255007","233.3","-4.3307086614173231E-4",83.714,"81.373999999999953","75.487999999999985",68.522,34.5,15.2,20.5
"BOOI4","2021-07-28 05:00",74.9119999999999,"97.6",0,"0","4.9180083000000003","238.6","-3.9370078740157491E-4",83.0839999999999,"81.355999999999966","75.559999999999917",68.522,34.4,15.2,20.5
"BOOI4","2021-07-28 06:00",75.3079999999999,"96.6",878.4,"0","5.8210096","239.3","-2.3622047244094491E-4",82.5079999999999,"81.319999999999894","75.577999999999903",68.5399999999999,34.4,15.2,20.5
"BOOI4","2021-07-28 07:00",75.614,"95.6",105444,"0","6.2040100000000002","240.1","7.874015748031497E-5",82.0399999999999,"81.247999999999962","75.595999999999989",68.5399999999999,34.4,15.2,20.5
"BOOI4","2021-07-28 08:00",78.0439999999999,"91.4",504720,"0","5.4290094","241","3.4251968503937009E-3",81.8599999999999,"81.193999999999903","75.631999999999948",68.5759999999999,34.5,15.2,20.5
"BOOI4","2021-07-28 09:00",82.2019999999999,"81.900000000000006",1054440,"0","7.9130130000000003","253.8","8.6614173228346473E-3",82.2019999999999,"81.103999999999886","75.667999999999921",68.5759999999999,34.4,15.2,20.5
"BOOI4","2021-07-28 10:00",84.1999999999999,"78.23",1647360,"0","8.0500139999999991","262.39999999999998","1.4685039370078741E-2",83.4079999999999,"81.013999999999967","75.721999999999966",68.5939999999999,34.4,15.2,20.5
"BOOI4","2021-07-28 11:00",87.188,"72.44",1625400,"0","4.1070070000000003","269.3","1.4685039370078741E-2",84.8119999999999,"80.887999999999977","75.757999999999939",68.6119999999999,34.4,15.2,20.5
"BOOI4","2021-07-28 12:00",88.2859999999999,"72.73",1773720,"0","1.9140033000000001","186.7","1.5511811023622051E-2",86.414,"80.797999999999959","75.757999999999939",68.6119999999999,34.4,15.2,20.5
"BOOI4","2021-07-28 13:00",91.2019999999999,"68.72",2644200,"0","3.4220057000000002","188.4","2.3110236220472442E-2",88.5739999999999,"80.7439999999999","75.793999999999912",68.63,34.4,15.2,20.5
"BOOI4","2021-07-28 14:00",93.164,"66.11",2826720,"0","5.3350090000000003","182.7","2.6181102362204729E-2",91.5079999999999,"80.725999999999928","75.775999999999925",68.648,34.4,15.2,20.5
"BOOI4","2021-07-28 15:00",94.0279999999999,"62.07",2744280,"0","5.6150092999999996","195","2.653543307086615E-2",94.0999999999999,"80.707999999999942","75.811999999999884",68.648,34.4,15.2,20.5
"BOOI4","2021-07-28 16:00",93.812,"58.74",2284560,"0","5.8400090000000002","204.3","2.377952755905512E-2",95.9179999999999,"80.761999999999887","75.811999999999884",68.648,34.4,15.2,20.5
"BOOI4","2021-07-28 17:00",94.064,"57.29",1851120,"0","5.9590095999999999","211.6","2.0433070866141739E-2",96.512,"80.887999999999977","75.847999999999956",68.6839999999999,34.4,15.2,20.5
"BOOI4","2021-07-28 18:00",93.056,"61.83",1492920,"0","7.3260120000000004","227.4","1.9173228346456701E-2",96.6379999999999,"81.067999999999913","75.82999999999997",68.6839999999999,34.4,15.2,20.5
"BOOI4","2021-07-28 19:00",91.2019999999999,"67.72",885960,"0","6.0420103000000003","222.3","1.204724409448819E-2",95.8819999999999,"81.265999999999948","75.847999999999956",68.6839999999999,34.4,15.2,20.5
"BOOI4","2021-07-28 20:00",88.2679999999999,"76.02",381600,"0","4.5700079999999996","230","5.8267716535433077E-3",94.5679999999999,"81.46399999999997","75.865999999999943",68.7019999999999,34.5,15.2,20.6
"BOOI4","2021-07-28 21:00",83.9839999999999,"83.7",54360,"0","3.7330062000000002","246.6","8.6614173228346462E-4",92.8939999999999,"81.679999999999978","75.883999999999929",68.738,34.5,15.2,20.6
"BOOI4","2021-07-28 22:00",82.1119999999999,"88.2",190.8,"0","4.2300069999999996","229.8","4.7244094488188988E-4",91.256,"81.895999999999987","75.919999999999888",68.7199999999999,34.6,15.2,20.6
"BOOI4","2021-07-28 23:00",81.4279999999999,"87.7",0,"0","4.8830080000000002","234","4.3307086614173231E-4",89.8339999999999,"82.093999999999909","75.937999999999974",68.738,34.6,15.2,20.6
"BOOI4","2021-07-29 00:00",80.8699999999999,"88.9",0,"0","5.3610085999999999","234.6","5.1181102362204728E-4",88.646,"82.237999999999985","75.95599999999996",68.756,34.6,15.2,20.6
"BOOI4","2021-07-29 01:00",79.2679999999999,"92.1",0,"0","5.2000089999999997","233.2","2.3622047244094491E-4",87.5839999999999,"82.345999999999989","76.00999999999992",68.7739999999999,34.6,15.2,20.6
"BOOI4","2021-07-29 02:00",77.846,"94.3",0,"0","6.4370102999999999","244.6","1.5748031496062989E-4",86.6659999999999,"82.399999999999935","76.00999999999992",68.7739999999999,34.6,15.3,20.6
"BOOI4","2021-07-29 03:00",77.6839999999999,"94.3",0,"0","7.2730119999999996","249.9","3.9370078740157492E-5",85.856,"82.471999999999966","76.045999999999978",68.8099999999999,34.6,15.3,20.6
"BOOI4","2021-07-29 04:00",78.656,"91.8",0,"0","6.09701","282.60000000000002","7.874015748031497E-5",85.172,"82.489999999999952","76.081999999999951",68.8099999999999,34.6,15.2,20.6
"BOOI4","2021-07-29 05:00",76.856,"95.5",0,"0","1.6270027","290.2","-5.5118110236220485E-4",84.614,"82.45399999999988","76.135999999999896",68.8279999999999,34.6,15.2,20.6
"BOOI4","2021-07-29 06:00",76.9999999999999,"95.3",1375.2,"0","2.2540038","234.5","-5.1181102362204728E-4",84.0199999999999,"82.417999999999921","76.171999999999969",68.864,34.6,15.2,20.6
"BOOI4","2021-07-29 07:00",76.8919999999999,"96.3",81972,"0","3.5230060000000001","250.7","7.874015748031497E-5",83.588,"82.363999999999962","76.2439999999999",68.846,34.5,15.2,20.6
"BOOI4","2021-07-29 08:00",81.7519999999999,"87.3",477720,"0","3.8080063000000002","279","3.3464566929133871E-3",83.4259999999999,"82.255999999999958","76.261999999999887",68.864,34.5,15.2,20.6
"BOOI4","2021-07-29 09:00",83.1199999999999,"83.5",1011960,"0","4.6790075","347","8.503937007874017E-3",83.84,"82.183999999999926","76.297999999999959",68.8819999999999,34.5,15.2,20.5
"BOOI4","2021-07-29 10:00",84.038,"80.3",1576080,"0","6.7950109999999997","11.95","1.354330708661418E-2",84.9019999999999,"82.075999999999922","76.351999999999904",68.8999999999999,34.4,15.2,20.5
"BOOI4","2021-07-29 11:00",84.0919999999999,"78.27",1673280,"0","7.7750124999999999","19.04","1.5354330708661421E-2",86.1619999999999,"81.967999999999918","76.405999999999963",68.8999999999999,34.5,15.2,20.5
"BOOI4","2021-07-29 12:00",86.8279999999999,"68.45",2284920,"0","7.5370125999999997","26.69","2.0944881889763789E-2",87.4759999999999,"81.895999999999987","76.42399999999995",68.9179999999999,34.5,15.2,20.5
"BOOI4","2021-07-29 13:00",88.124,"64.459999999999994",2762280,"0","7.2640120000000001","23.08","2.5629921259842529E-2",89.24,"81.805999999999969","76.441999999999936",68.9359999999999,34.4,15.2,20.5
"BOOI4","2021-07-29 14:00",88.8439999999999,"63.11",2742120,"0","7.0440120000000004","14.4","2.6102362204724412E-2",91.3279999999999,"81.769999999999897","76.477999999999895",68.9539999999999,34.4,15.2,20.5
"BOOI4","2021-07-29 15:00",89.3119999999999,"61.7",2683800,"0","7.2380123000000003","17.7","2.6377952755905518E-2",93.1999999999999,"81.787999999999982","76.477999999999895",68.9539999999999,34.4,15.2,20.5
"BOOI4","2021-07-29 16:00",90.212,"60.24",2126880,"0","6.6850113999999996","13.17","2.2322834645669289E-2",94.4419999999999,"81.823999999999941","76.495999999999981",68.99,34.5,15.2,20.5
"BOOI4","2021-07-29 17:00",89.33,"61.95",1966680,"0","6.3150104999999996","3.4550000000000001","2.0748031496063E-2",94.9999999999999,"81.931999999999945","76.513999999999967",68.99,34.5,15.2,20.5
"BOOI4","2021-07-29 18:00",88.9159999999999,"64.05",1396080,"0","5.9150099999999997","14.21","1.582677165354331E-2",95.162,"82.057999999999936","76.54999999999994",69.0079999999999,34.4,15.2,20.5
"BOOI4","2021-07-29 19:00",86.198,"69.64",793800,"0","5.9870099999999997","12.71","1.082677165354331E-2",94.4239999999999,"82.201999999999913","76.531999999999954",69.0259999999999,34.5,15.2,20.5
"BOOI4","2021-07-29 20:00",82.6159999999999,"73.23",336240,"0","7.3500123000000004","16.82","6.8897637795275598E-3",93.0019999999999,"82.381999999999948","76.54999999999994",69.0259999999999,34.6,15.2,20.5
"BOOI4","2021-07-29 21:00",78.332,"80.5",40248,"0","4.2890069999999998","13.71","1.3385826771653551E-3",91.2379999999999,"82.561999999999884","76.567999999999913",69.0439999999999,34.5,15.2,20.5
"BOOI4","2021-07-29 22:00",75.722,"81.599999999999994",162,"0","4.2060069999999996","13.42","6.6929133858267733E-4",89.5279999999999,"82.741999999999933","76.603999999999886",69.08,34.6,15.2,20.5
"BOOI4","2021-07-29 23:00",72.914,"81.8",0,"0","5.3380089999999996","35.4","7.4803149606299225E-4",87.9439999999999,"82.903999999999883","76.639999999999958",69.098,34.6,15.2,20.5
"BOOI4","2021-07-30 00:00",70.0339999999999,"81.900000000000006",0,"0","5.4750094000000002","45.38","7.874015748031497E-4",86.4679999999999,"82.9939999999999","76.657999999999944",69.08,34.6,15.3,20.5
"BOOI4","2021-07-30 01:00",67.496,"86.4",0,"0","4.6770076999999999","26.43","4.7244094488188988E-4",85.046,"83.047999999999959","76.675999999999917",69.098,34.6,15.3,20.5
"BOOI4","2021-07-30 02:00",66.8659999999999,"87.7",0,"0","2.4030040000000001","16.7","-1.968503937007874E-4",83.8039999999999,"83.083999999999932","76.71199999999989",69.1159999999999,34.6,15.3,20.5
"BOOI4","2021-07-30 03:00",64.1659999999999,"93.2",0,"0","1.1890019000000001","35.49","-5.905511811023623E-4",82.6519999999999,"83.065999999999946","76.729999999999976",69.1519999999999,34.6,15.3,20.5
"BOOI4","2021-07-30 04:00",64.3999999999999,"92",0,"0","1.188002","35.97","-6.2992125984251976E-4",81.6079999999999,"82.9939999999999","76.801999999999907",69.1699999999999,34.5,15.3,20.5
"BOOI4","2021-07-30 05:00",64.472,"92.6",0,"0","2.2640037999999998","30.36","-3.9370078740157491E-4",80.69,"82.921999999999969","76.801999999999907",69.188,34.5,15.3,20.5
"BOOI4","2021-07-30 06:00",62.1859999999999,"95.9",684,"0","2.7150047000000002","351.6","-3.9370078740157491E-4",79.88,"82.795999999999978","76.873999999999953",69.1699999999999,34.5,15.3,20.5
"BOOI4","2021-07-30 07:00",62.5999999999999,"95.9",42300,"0","3.2780054000000001","2.8730000000000002","3.1496062992125988E-4",79.1599999999999,"82.687999999999974","76.891999999999925",69.206,34.5,15.3,20.5
"BOOI4","2021-07-30 08:00",64.5079999999999,"95",306000,"0","4.3680070000000004","12.8","1.8503937007874019E-3",78.656,"82.507999999999939","76.945999999999984",69.2239999999999,34.4,15.3,20.5
"BOOI4","2021-07-30 09:00",66.4699999999999,"94.2",479160,"0","5.1550089999999997","18.260000000000002","3.3464566929133871E-3",78.5119999999999,"82.327999999999903","76.927999999999898",69.2419999999999,34.4,15.3,20.5
"BOOI4","2021-07-30 10:00",68.756,"91.9",642960,"0","4.893008","35.17","4.8425196850393707E-3",78.8539999999999,"82.111999999999895","76.981999999999957",69.2599999999999,34.4,15.3,20.5
"BOOI4","2021-07-30 11:00",71.3839999999999,"88.5",797760,"0","6.3020104999999997","51.33","6.4566929133858279E-3",79.322,"81.949999999999932","76.999999999999929",69.2599999999999,34.4,15.3,20.5
"BOOI4","2021-07-30 12:00",75.164,"76.39",1681200,"0","7.9370130000000003","72.67","1.2952755905511809E-2",80.1319999999999,"81.769999999999897","77.017999999999915",69.2779999999999,34.3,15.3,20.5
"BOOI4","2021-07-30 13:00",75.4339999999999,"72.16",2231280,"0","9.7600160000000002","105.3","1.9291338582677169E-2",82.1119999999999,"81.607999999999933","77.053999999999888",69.296,34.4,15.3,20.5
"BOOI4","2021-07-30 14:00",75.9199999999999,"76.599999999999994",1328040,"0","8.2400129999999994","106","1.307086614173229E-2",83.714,"81.427999999999898","77.017999999999915",69.314,34.3,15.3,20.6
"BOOI4","2021-07-30 15:00",76.8019999999999,"76.36",1272600,"0","7.0300117000000002","76.39","1.240157480314961E-2",84.7579999999999,"81.265999999999948","77.053999999999888",69.3499999999999,34.3,15.3,20.6
"BOOI4","2021-07-30 16:00",77.7199999999999,"74.63",1638720,"0","8.5000140000000002","69.7","1.4803149606299221E-2",85.28,"81.175999999999917","77.017999999999915",69.332,34.2,15.3,20.6
"BOOI4","2021-07-30 17:00",77.2699999999999,"75.989999999999995",1481040,"0","8.8000144999999996","82.5","1.433070866141732E-2",86.18,"81.103999999999886","76.999999999999929",69.3499999999999,34.3,15.3,20.6
"BOOI4","2021-07-30 18:00",75.8839999999999,"77.42",1013040,"0","10.010016","72.010000000000005","1.094488188976378E-2",86.4679999999999,"81.085999999999899","76.981999999999957",69.3859999999999,34.2,15.3,20.6
"BOOI4","2021-07-30 19:00",73.832,"79.45",303480,"0","8.0700129999999994","70.81","6.2204724409448834E-3",85.8919999999999,"81.04999999999994","76.981999999999957",69.4039999999999,34.3,15.3,20.6
"BOOI4","2021-07-30 20:00",69.8359999999999,"87.6",39672,"0","7.7130127000000002","36.909999999999997","3.8188976377952761E-3",84.7039999999999,"81.031999999999954","76.927999999999898",69.422,34.3,15.3,20.6
"BOOI4","2021-07-30 21:00",68.0179999999999,"95.8",3340.8,"0.17","6.9820112999999999","83.3","8.2677165354330727E-4",82.8679999999999,"81.04999999999994","76.927999999999898",69.422,34.3,15.3,20.6
"BOOI4","2021-07-30 22:00",67.19,"98.8",1216.8,"0.01","4.4520073","61.15","1.5748031496062989E-4",81.1039999999999,"81.067999999999913","76.927999999999898",69.44,34.3,15.3,20.6
"BOOI4","2021-07-30 23:00",66.9739999999999,"100",1216.8,"0.04","4.4040074000000002","48.25","3.9370078740157492E-5",79.7899999999999,"81.04999999999994","76.909999999999911",69.4579999999999,34.3,15.3,20.6
"BOOI4","2021-07-31 00:00",66.8119999999999,"100",1216.8,"0.14000000000000001","4.9580080000000004","71.599999999999994","0",78.6199999999999,"80.995999999999981","76.891999999999925",69.4759999999999,34.3,15.2,20.6
"BOOI4","2021-07-31 01:00",66.956,"100",1216.8,"0.11","5.2470090000000003","82.5","0",77.5039999999999,"80.941999999999936","76.873999999999953",69.4759999999999,34.3,15.2,20.6
"BOOI4","2021-07-31 02:00",66.506,"100",1216.8,"0.37","4.7870083000000001","76.19","0",76.1539999999999,"80.869999999999891","76.873999999999953",69.5119999999999,34.2,15.2,20.6
"BOOI4","2021-07-31 03:00",66.38,"100",1216.8,"0.09","3.7330062000000002","72.97","0",75.0919999999999,"80.725999999999928","76.83799999999998",69.5119999999999,34.4,15.2,20.6
"BOOI4","2021-07-31 04:00",65.9839999999999,"100",1216.8,"0","4.388007","58.64","0",74.6419999999999,"80.581999999999951","76.83799999999998",69.53,34.7,15.2,20.6
"BOOI4","2021-07-31 05:00",65.84,"100",1216.8,"0","4.2800070000000003","56.46","0",74.264,"80.419999999999888","76.83799999999998",69.548,35,15.2,20.6
"BOOI4","2021-07-31 06:00",65.6419999999999,"100",1364.4,"0","3.6780059999999999","39.69","0",73.8859999999999,"80.185999999999908","76.819999999999894",69.5659999999999,35.1,15.2,20.6
"BOOI4","2021-07-31 07:00",65.138,"100",29844,"0.01","4.4740076000000002","40.03","1.968503937007874E-4",73.4539999999999,"79.969999999999899","76.765999999999948",69.5659999999999,35.2,15.2,20.6
"BOOI4","2021-07-31 08:00",65.282,"100",225036,"0","4.6930079999999998","41.36","1.25984251968504E-3",73.1839999999999,"79.753999999999891","76.783999999999921",69.5659999999999,35.3,15.2,20.6
"BOOI4","2021-07-31 09:00",65.0119999999999,"100",400320,"0","6.00901","26.83","2.3622047244094488E-3",73.2019999999999,"79.555999999999969","76.747999999999962",69.5839999999999,35.3,15.3,20.6
"BOOI4","2021-07-31 10:00",66.506,"99.4",543240,"0","5.9470099999999997","15.75","3.2677165354330719E-3",73.238,"79.339999999999961","76.71199999999989",69.6019999999999,35.3,15.3,20.6
"BOOI4","2021-07-31 11:00",69.4039999999999,"93.1",856440,"0","5.1650084999999999","32.35","5.7480314960629926E-3",73.6159999999999,"79.123999999999953","76.693999999999903",69.6199999999999,35.3,15.3,20.6
"BOOI4","2021-07-31 12:00",71.798,"87.9",1159560,"0","4.5340075000000004","51.98","8.3858267716535439E-3",74.6419999999999,"78.925999999999917","76.639999999999958",69.638,35.3,15.3,20.6
"BOOI4","2021-07-31 13:00",77.0539999999999,"76.72",3034800,"0","3.1140050000000001","54.58","2.1496062992125989E-2",76.838,"78.709999999999908","76.621999999999971",69.638,35.3,15.3,20.6
"BOOI4","2021-07-31 14:00",78.2779999999999,"68.510000000000005",3031200,"0","3.5250058000000002","348.4","2.295275590551181E-2",79.88,"78.565999999999946","76.567999999999913",69.6739999999999,35.3,15.3,20.6
"BOOI4","2021-07-31 15:00",78.872,"66.95",2742120,"0","4.0310069999999998","311.89999999999998","2.2007874015748038E-2",81.896,"78.385999999999896","76.495999999999981",69.6739999999999,35.2,15.3,20.6
"BOOI4","2021-07-31 16:00",80.0599999999999,"66.819999999999993",2495880,"0","4.3410070000000003","301.89999999999998","2.0393700787401579E-2",83.1199999999999,"78.295999999999978","76.477999999999895",69.6739999999999,35.2,15.3,20.6
"BOOI4","2021-07-31 17:00",80.006,"69.2",1918440,"0","4.8490080000000004","297.7","1.665354330708662E-2",83.6779999999999,"78.241999999999933","76.42399999999995",69.6919999999999,35.3,15.3,20.6
"BOOI4","2021-07-31 18:00",78.764,"70.430000000000007",1373040,"0","4.9430079999999998","302.39999999999998","1.271653543307087E-2",83.3539999999999,"78.25999999999992","76.351999999999904",69.7099999999999,35.3,15.3,20.6
"BOOI4","2021-07-31 19:00",78.2779999999999,"73.400000000000006",824400,"0","5.3050090000000001","287.89999999999998","8.4645669291338599E-3",82.3279999999999,"78.295999999999978","76.279999999999973",69.7099999999999,35.2,15.3,20.6
"BOOI4","2021-07-31 20:00",74.498,"86.6",333000,"0","4.5490079999999997","271.60000000000002","3.7007874015748039E-3",80.9779999999999,"78.385999999999896","76.2439999999999",69.746,35.2,15.3,20.5
"BOOI4","2021-07-31 21:00",70.898,"93.5",33264,"0","3.6450062000000001","261","0",79.538,"78.439999999999955","76.189999999999955",69.7279999999999,35.2,15.4,20.6
"BOOI4","2021-07-31 22:00",70.772,"93.3",320.4,"0","3.5250058000000002","263.8","-3.1496062992125988E-4",78.098,"78.4939999999999","76.117999999999924",69.746,35.2,15.4,20.6
"BOOI4","2021-07-31 23:00",70.0339999999999,"86.1",75.6,"0","2.3100038000000001","310","-3.5433070866141729E-4",76.8199999999999,"78.565999999999946","76.117999999999924",69.764,35.2,15.4,20.5
"BOOI4","2021-08-01 00:00",68.1079999999999,"82.1",46.8,"0","2.4380042999999998","324.39999999999998","-7.874015748031497E-5",75.5779999999999,"78.565999999999946","76.063999999999965",69.764,35.2,15.4,20.6
"BOOI4","2021-08-01 01:00",65.372,"84.9",57.6,"0","2.5160040000000001","308.60000000000002","-7.874015748031497E-5",74.3179999999999,"78.511999999999887","76.027999999999892",69.764,35.2,15.4,20.6
"BOOI4","2021-08-01 02:00",65.246,"81.5",50.4,"0","2.8260044999999998","312.3","0",73.1119999999999,"78.457999999999942","75.973999999999947",69.746,35.2,15.4,20.6
"BOOI4","2021-08-01 03:00",63.572,"84.2",64.8,"0","2.2690036","330.2","-1.5748031496062989E-4",72.032,"78.349999999999937","75.937999999999974",69.782,35.2,15.4,20.6
"BOOI4","2021-08-01 04:00",62.8699999999999,"85.8",10.8,"0","4.5760073999999999","336.6","2.7559055118110242E-4",71.006,"78.223999999999947","75.919999999999888",69.782,35.1,15.4,20.6
"BOOI4","2021-08-01 05:00",62.5999999999999,"87.3",25.2,"0","5.2330084000000001","337.3","2.3622047244094491E-4",70.088,"78.133999999999929","75.883999999999929",69.782,35.1,15.4,20.6
"BOOI4","2021-08-01 06:00",61.3579999999999,"88.4",964.8,"0","6.6570109999999998","344","2.3622047244094491E-4",69.314,"77.917999999999921","75.865999999999943",69.7999999999999,35.1,15.4,20.6
"BOOI4","2021-08-01 07:00",60.872,"88.7",70488,"0","6.6870111999999997","347.1","9.0551181102362219E-4",68.5759999999999,"77.737999999999985","75.82999999999997",69.7999999999999,35,15.5,20.6
"BOOI4","2021-08-01 08:00",63.0679999999999,"84.5",441360,"0","6.00901","354.7","3.1496062992125988E-3",68.1259999999999,"77.503999999999891","75.775999999999925",69.7999999999999,35,15.5,20.6
"BOOI4","2021-08-01 09:00",65.696,"80.900000000000006",1013400,"0","5.7830095000000004","7.617","6.929133858267717E-3",68.396,"77.287999999999982","75.775999999999925",69.8179999999999,35,15.5,20.6
"BOOI4","2021-08-01 10:00",69.0439999999999,"75.5",1654920,"0","7.1780113999999999","12.28","1.1929133858267721E-2",69.4579999999999,"77.089999999999961","75.739999999999952",69.8179999999999,34.9,15.5,20.6
"BOOI4","2021-08-01 11:00",72.5539999999999,"72.22",2263680,"0","6.0450100000000004","348.5","1.6732283464566931E-2",70.9519999999999,"76.873999999999953","75.667999999999921",69.7999999999999,34.9,15.5,20.6
"BOOI4","2021-08-01 12:00",76.514,"55.72",2732400,"0","6.2960099999999999","352.3","2.1968503937007881E-2",72.5359999999999,"76.621999999999971","75.649999999999935",69.8179999999999,34.9,15.5,20.6
"BOOI4","2021-08-01 13:00",77.7739999999999,"57.81",2919600,"0","7.2060120000000003","0.498","2.511811023622048E-2",74.372,"76.42399999999995","75.613999999999962",69.8359999999999,34.9,15.5,20.6
"BOOI4","2021-08-01 14:00",78.9619999999999,"43.68",3214800,"0","8.1200130000000001","10.97","2.8858267716535439E-2",76.2439999999999,"76.2439999999999","75.541999999999931",69.8179999999999,34.8,15.5,20.6
"BOOI4","2021-08-01 15:00",78.2779999999999,"51.67",2703240,"0","7.6270126999999999","353","2.5787401574803151E-2",78.1699999999999,"76.135999999999896","75.487999999999985",69.8359999999999,34.8,15.5,20.6
"BOOI4","2021-08-01 16:00",79.6819999999999,"52.4",2468880,"0","7.2830123999999996","355.8","2.3976377952755909E-2",79.8079999999999,"76.081999999999951","75.41599999999994",69.8359999999999,34.8,15.5,20.6
"BOOI4","2021-08-01 17:00",77.5399999999999,"54.59",2124360,"0","8.0000129999999992","358.7","2.1377952755905521E-2",81.014,"76.081999999999951","75.343999999999909",69.8359999999999,34.8,15.4,20.7
"BOOI4","2021-08-01 18:00",77.2699999999999,"53.52",1575720,"0","6.7210109999999998","3.6280000000000001","1.692913385826772E-2",81.5539999999999,"76.135999999999896","75.307999999999936",69.8359999999999,34.8,15.4,20.7
"BOOI4","2021-08-01 19:00",75.488,"55.58",884520,"0","6.7840113999999998","14.7","1.1811023622047249E-2",80.8699999999999,"76.171999999999969","75.217999999999918",69.8179999999999,34.8,15.4,20.7
"BOOI4","2021-08-01 20:00",72.122,"63.19",413640,"0","4.8820079999999999","14.44","5.7086614173228346E-3",79.3939999999999,"76.2439999999999","75.163999999999973",69.8359999999999,34.9,15.4,20.7
"BOOI4","2021-08-01 21:00",68.2519999999999,"69.87",49716,"0","4.5530075999999999","14.74","1.4173228346456689E-3",77.5759999999999,"76.369999999999891","75.073999999999941",69.8359999999999,34.9,15.4,20.7
"BOOI4","2021-08-01 22:00",64.6339999999999,"79.42",126,"0","2.6410043000000001","1.143","1.5748031496062989E-4",75.7579999999999,"76.495999999999981","75.073999999999941",69.8359999999999,34.9,15.4,20.7
"BOOI4","2021-08-01 23:00",62.3659999999999,"84.6",0,"0","2.0610034000000002","331.3","-3.9370078740157491E-4",74.2279999999999,"76.531999999999954","75.00199999999991",69.8359999999999,34.9,15.5,20.7
"BOOI4","2021-08-02 00:00",62.222,"83",0,"0","1.6430026","333.1","-5.905511811023623E-4",72.914,"76.603999999999886","74.947999999999965",69.8359999999999,34.9,15.5,20.7
"BOOI4","2021-08-02 01:00",61.9699999999999,"82.9",0,"0","0.88400142999999998","345.5","-9.0551181102362219E-4",71.798,"76.603999999999886","74.911999999999892",69.8359999999999,34.9,15.5,20.7
"BOOI4","2021-08-02 02:00",60.746,"85.9",0,"0","0.18100029000000001","11.84","-1.3385826771653551E-3",70.772,"76.567999999999913","74.87599999999992",69.8359999999999,34.9,15.5,20.7
"BOOI4","2021-08-02 03:00",59.7739999999999,"87.4",0,"0","1.4540024","0.20300000000000001","-7.0866141732283468E-4",69.8539999999999,"76.495999999999981","74.893999999999906",69.8179999999999,34.8,15.5,20.7
"BOOI4","2021-08-02 04:00",58.6579999999999,"91",0,"0","1.8250029999999999","352.3","-6.2992125984251976E-4",69.0079999999999,"76.387999999999977","74.821999999999974",69.8359999999999,34.8,15.5,20.7
"BOOI4","2021-08-02 05:00",57.7579999999999,"92.9",0,"0","1.1200018","309.60000000000002","-9.0551181102362219E-4",68.2339999999999,"76.2439999999999","74.785999999999902",69.8359999999999,34.8,15.5,20.7
"BOOI4","2021-08-02 06:00",58.3519999999999,"92.8",820.8,"0","1.3290021000000001","309.3","-8.2677165354330727E-4",67.6939999999999,"76.081999999999951","74.749999999999929",69.8359999999999,34.8,15.5,20.7
"BOOI4","2021-08-02 07:00",59.846,"88.8",61668,"0","1.2560020999999999","334.2","-3.1496062992125988E-4",67.3519999999999,"75.937999999999974","74.731999999999957",69.8179999999999,34.7,15.5,20.7
"BOOI4","2021-08-02 08:00",62.24,"86.7",352080,"0","1.9350033","12.59","2.0472440944881891E-3",67.3339999999999,"75.721999999999966","74.695999999999984",69.7999999999999,34.6,15.5,20.7
"BOOI4","2021-08-02 09:00",66.038,"84.8",798480,"0","1.3780022999999999","335","5.0787401574803161E-3",68.1259999999999,"75.523999999999944","74.695999999999984",69.8179999999999,34.6,15.5,20.7
"BOOI4","2021-08-02 10:00",69.4939999999999,"72.959999999999994",1118520,"0","1.5160024000000001","340.3","7.9527559055118137E-3",69.296,"75.289999999999949","74.623999999999953",69.8179999999999,34.6,15.5,20.7
"BOOI4","2021-08-02 11:00",73.1119999999999,"65.19",2129400,"0","2.6340043999999998","45.03","1.547244094488189E-2",71.2039999999999,"75.127999999999901","74.605999999999966",69.782,34.5,15.5,20.7
"BOOI4","2021-08-02 12:00",74.2999999999999,"60.13",2898000,"0","3.8670065","12.43","2.1929133858267721E-2",73.5259999999999,"74.929999999999978","74.551999999999907",69.782,34.5,15.5,20.6
"BOOI4","2021-08-02 13:00",76.3519999999999,"51.08",3265200,"0","3.7090063","18.3","2.543307086614174E-2",76.8199999999999,"74.803999999999888","74.533999999999921",69.782,34.5,15.5,20.6
"BOOI4","2021-08-02 14:00",77.1259999999999,"49.38",3150000,"0","3.9640067000000001","27.89","2.5590551181102369E-2",80.672,"74.695999999999984","74.46199999999989",69.7999999999999,34.5,15.5,20.6
"BOOI4","2021-08-02 15:00",77.0179999999999,"47.37",1769760,"0","3.7780062999999999","358.1","1.7007874015748031E-2",82.7599999999999,"74.677999999999898","74.407999999999944",69.782,34.5,15.5,20.6
"BOOI4","2021-08-02 16:00",77.0539999999999,"50.22",1350360,"0","2.7110042999999999","353.2","1.299212598425197E-2",82.832,"74.71399999999997","74.335999999999899",69.764,34.5,15.4,20.6
"BOOI4","2021-08-02 17:00",75.938,"54.88",1547280,"0","2.320004","286.2","1.3464566929133861E-2",83.606,"74.839999999999961","74.29999999999994",69.782,34.5,15.4,20.6
"BOOI4","2021-08-02 18:00",78.1519999999999,"55.48",1004760,"0","2.0010032999999998","129.9","9.1338582677165381E-3",83.264,"75.019999999999897","74.227999999999895",69.764,34.5,15.4,20.6
"BOOI4","2021-08-02 19:00",75.2179999999999,"57.26",930240,"0","3.4470054999999999","154.80000000000001","8.9763779527559078E-3",82.9579999999999,"75.217999999999918","74.17399999999995",69.746,34.6,15.4,20.6
"BOOI4","2021-08-02 20:00",71.69,"72.83",324000,"0","2.0260034","169.8","2.7165354330708669E-3",81.9499999999999,"75.451999999999913","74.119999999999891",69.764,34.5,15.4,20.6
"BOOI4","2021-08-02 21:00",67.5859999999999,"83.1",41436,"0","1.0050017","170.1","3.9370078740157492E-5",80.1859999999999,"75.667999999999921","74.083999999999932",69.7279999999999,34.6,15.4,20.6
"BOOI4","2021-08-02 22:00",64.8499999999999,"87.7",82.8,"0","0.60600100000000001","182.7","-3.9370078740157491E-4",78.3859999999999,"75.865999999999943","74.047999999999959",69.7279999999999,34.7,15.4,20.6
"BOOI4","2021-08-02 23:00",62.2579999999999,"92.8",0,"0","0.33000055","250.8","-5.5118110236220485E-4",76.748,"76.045999999999978","74.011999999999887",69.7099999999999,34.7,15.4,20.6
"BOOI4","2021-08-03 00:00",61.4659999999999,"90.5",0,"0","0.14400025","208.9","-6.2992125984251976E-4",75.3439999999999,"76.207999999999942","73.975999999999928",69.7279999999999,34.6,15.4,20.6
"BOOI4","2021-08-03 01:00",61.124,"90.8",3.6,"0","1.0000017000000001","248.9","-3.5433070866141729E-4",74.048,"76.2439999999999","73.957999999999942",69.7099999999999,34.6,15.4,20.6
"BOOI4","2021-08-03 02:00",60.5839999999999,"88.9",0,"0","1.9400032","255.2","-1.5748031496062989E-4",72.914,"76.279999999999973","73.939999999999955",69.7099999999999,34.6,15.4,20.6
"BOOI4","2021-08-03 03:00",59.6119999999999,"90",10.8,"0","1.1310017999999999","249.1","-2.7559055118110242E-4",71.906,"76.279999999999973","73.921999999999969",69.6919999999999,34.6,15.4,20.6
"BOOI4","2021-08-03 04:00",58.7659999999999,"94.4",0,"0","2.0770035","250.5","-1.968503937007874E-4",70.988,"76.207999999999942","73.939999999999955",69.7099999999999,34.6,15.4,20.6
"BOOI4","2021-08-03 05:00",57.4339999999999,"95.2",0,"0","1.3170021999999999","257.2","-3.5433070866141729E-4",70.124,"76.135999999999896","73.939999999999955",69.6919999999999,34.6,15.4,20.6
"BOOI4","2021-08-03 06:00",57.164,"95.4",788.4,"0","0.15900026","260.7","-5.905511811023623E-4",69.332,"76.027999999999892","73.939999999999955",69.6739999999999,34.6,15.4,20.6
"BOOI4","2021-08-03 07:00",62.3119999999999,"87.6",123228,"0","0.60400105000000004","265","-1.25984251968504E-3",68.6659999999999,"75.883999999999929","73.957999999999942",69.6739999999999,34.5,15.4,20.6
"BOOI4","2021-08-03 08:00",64.9039999999999,"84.6",582480,"0","0.99400160000000004","359.3","2.4803149606299211E-3",68.5759999999999,"75.721999999999966","73.921999999999969",69.656,34.6,15.4,20.6
"BOOI4","2021-08-03 09:00",70.1599999999999,"75.42",1080000,"0","1.3740022000000001","357.6","6.7716535433070884E-3",69.2599999999999,"75.559999999999917","73.939999999999955",69.6739999999999,34.5,15.4,20.6
"BOOI4","2021-08-03 10:00",75.9199999999999,"66.86",1706400,"0","0.56300099999999997","46.35","1.161417322834646E-2",71.2039999999999,"75.361999999999895","73.921999999999969",69.638,34.4,15.4,20.6
"BOOI4","2021-08-03 11:00",76.8019999999999,"57.2",2281320,"0","1.9730033","178.7","1.7125984251968509E-2",73.598,"75.217999999999918","73.921999999999969",69.638,34.5,15.4,20.6
"BOOI4","2021-08-03 12:00",77.9179999999999,"51.22",2483640,"0","1.8910031","171.1","1.940944881889764E-2",76.0099999999999,"75.037999999999982","73.885999999999896",69.638,34.4,15.4,20.6
"BOOI4","2021-08-03 13:00",78.6919999999999,"51.89",2794320,"0","2.6350042999999999","196","2.2480314960629921E-2",79.0699999999999,"74.911999999999892","73.867999999999924",69.6199999999999,34.4,15.4,20.6
"BOOI4","2021-08-03 14:00",79.196,"50.12",3038400,"0","3.3120053","171.9","2.4685039370078741E-2",82.4539999999999,"74.839999999999961","73.849999999999937",69.6199999999999,34.4,15.4,20.6
"BOOI4","2021-08-03 15:00",79.43,"51.29",2805120,"0","3.8460063999999998","155.4","2.3622047244094491E-2",85.5859999999999,"74.839999999999961","73.813999999999965",69.6019999999999,34.4,15.4,20.6
"BOOI4","2021-08-03 16:00",78.8359999999999,"49.75",2321640,"0","3.6450062000000001","155.1","2.0118110236220479E-2",87.44,"74.929999999999978","73.795999999999978",69.6019999999999,34.4,15.5,20.6
"BOOI4","2021-08-03 17:00",80.1319999999999,"50.49",2082960,"0","3.0220050000000001","170.3","1.7874015748031501E-2",88.8439999999999,"75.091999999999928","73.723999999999947",69.6019999999999,34.4,15.5,20.6
"BOOI4","2021-08-03 18:00",78.1159999999999,"54.32",1478160,"0","2.7680047000000001","196.7","1.299212598425197E-2",89.114,"75.307999999999936","73.723999999999947",69.5839999999999,34.4,15.3,20.6
"BOOI4","2021-08-03 19:00",76.406,"64.11",803520,"0","1.7530029","195.3","6.6929133858267733E-3",87.98,"75.577999999999903","73.687999999999974",69.5659999999999,34.5,15.4,20.6
"BOOI4","2021-08-03 20:00",72.7159999999999,"78.42",279828,"0","1.0140016999999999","193.4","1.732283464566929E-3",86.18,"75.82999999999997","73.669999999999888",69.5659999999999,34.5,15.4,20.6
"BOOI4","2021-08-03 21:00",68.0359999999999,"85.8",25783.2,"0","0.13200022","254.6","-1.1023622047244099E-3",84.038,"76.135999999999896","73.651999999999916",69.5659999999999,34.6,15.4,20.6
"BOOI4","2021-08-03 22:00",68.5579999999999,"78.5",50.4,"0","0","0","-1.377952755905512E-3",81.9679999999999,"76.405999999999963","73.633999999999929",69.548,34.6,15.4,20.6
"BOOI4","2021-08-03 23:00",64.6159999999999,"87.4",0,"0","0.75400126000000001","253.8","-9.0551181102362219E-4",80.1679999999999,"76.657999999999944","73.597999999999956",69.548,34.6,15.4,20.6
"BOOI4","2021-08-04 00:00",63.8239999999999,"86.7",0,"0","1.5520025","257.3","-5.5118110236220485E-4",78.6019999999999,"76.801999999999907","73.633999999999929",69.53,34.6,15.4,20.6
"BOOI4","2021-08-04 01:00",63.5179999999999,"85.3",0,"0","0.82400139999999999","257.60000000000002","-8.6614173228346462E-4",77.2519999999999,"76.96399999999997","73.633999999999929",69.53,34.6,15.3,20.6
"BOOI4","2021-08-04 02:00",62.7259999999999,"88",3.6,"0","0","0","-1.3385826771653551E-3",76.0279999999999,"77.053999999999888","73.633999999999929",69.53,34.6,15.4,20.6
"BOOI4","2021-08-04 03:00",61.8079999999999,"89.8",0,"0","0.63500106000000001","229.1","-1.023622047244095E-3",74.948,"77.053999999999888","73.651999999999916",69.53,34.6,15.3,20.6
"BOOI4","2021-08-04 04:00",59.972,"93.5",0,"0","0.52100086000000001","238.9","-1.0629921259842519E-3",73.9939999999999,"77.053999999999888","73.687999999999974",69.5119999999999,34.6,15.3,20.6
"BOOI4","2021-08-04 05:00",60.0439999999999,"92.2",0,"0","2.1590034999999999","246.1","-5.905511811023623E-4",73.0579999999999,"76.981999999999957","73.70599999999996",69.4939999999999,34.6,15.4,20.6
"BOOI4","2021-08-04 06:00",60.422,"91.4",684,"0","0.94200150000000005","258.39999999999998","-9.0551181102362219E-4",72.23,"76.891999999999925","73.723999999999947",69.4939999999999,34.5,15.4,20.6
"BOOI4","2021-08-04 07:00",61.88,"89",97380,"0","0.41300067000000001","255.5","-1.4960629921259841E-3",71.4739999999999,"76.783999999999921","73.741999999999933",69.4939999999999,34.6,15.4,20.6
"BOOI4","2021-08-04 08:00",65.1919999999999,"85.8",540360,"0","0.54600090000000001","188.1","2.204724409448819E-3",71.1859999999999,"76.657999999999944","73.795999999999978",69.4759999999999,34.5,15.4,20.6
"BOOI4","2021-08-04 09:00",69.98,"79.37",1164960,"0","2.2490036","201.5","7.2440944881889766E-3",71.8699999999999,"76.513999999999967","73.795999999999978",69.4579999999999,34.5,15.4,20.6
"BOOI4","2021-08-04 10:00",73.2919999999999,"73.78",1802880,"0","3.8910065","190.3","1.28740157480315E-2",73.688,"76.351999999999904","73.831999999999951",69.44,34.5,15.4,20.6
"BOOI4","2021-08-04 11:00",76.2079999999999,"62.01",2304720,"0","5.2800089999999997","185.4","1.8228346456692919E-2",75.7759999999999,"76.171999999999969","73.795999999999978",69.4579999999999,34.5,15.4,20.6
"BOOI4","2021-08-04 12:00",77.5759999999999,"60.84",2689560,"0","6.1480103000000002","186.5","2.212598425196851E-2",77.6659999999999,"76.00999999999992","73.849999999999937",69.4579999999999,34.4,15.4,20.6
"BOOI4","2021-08-04 13:00",78.6919999999999,"55.07",2709000,"0","7.2380123000000003","178.3","2.3897637795275591E-2",80.2759999999999,"75.919999999999888","73.849999999999937",69.44,34.4,15.4,20.6
"BOOI4","2021-08-04 14:00",79.1419999999999,"53.56",2926800,"0","7.9320130000000004","164.8","2.681102362204725E-2",83.39,"75.82999999999997","73.831999999999951",69.44,34.4,15.4,20.6
"BOOI4","2021-08-04 15:00",80.0419999999999,"53.54",2966400,"0","8.3500139999999998","159.69999999999999","2.7755905511811022E-2",86.18,"75.82999999999997","73.831999999999951",69.44,34.4,15.4,20.6
"BOOI4","2021-08-04 16:00",79.3039999999999,"52.53",2400120,"0","8.3600139999999996","175.1","2.409448818897638E-2",88.196,"75.919999999999888","73.831999999999951",69.44,34.4,15.4,20.6
"BOOI4","2021-08-04 17:00",79.6819999999999,"53.45",1725840,"0","8.4000140000000005","166.4","1.968503937007874E-2",88.8079999999999,"76.045999999999978","73.795999999999978",69.4039999999999,34.4,15.3,20.6
"BOOI4","2021-08-04 18:00",79.106,"55.13",1504800,"0","8.9000149999999998","159.69999999999999","1.8385826771653551E-2",88.7359999999999,"76.2439999999999","73.75999999999992",69.422,34.5,15.3,20.6
"BOOI4","2021-08-04 19:00",76.514,"62.76",804240,"0","6.06501","161.19999999999999","1.0590551181102361E-2",87.746,"76.459999999999908","73.777999999999892",69.4039999999999,34.5,15.3,20.6
"BOOI4","2021-08-04 20:00",72.0859999999999,"76.19",269388,"0","3.9940066000000001","157.1","3.9370078740157488E-3",86.1619999999999,"76.71199999999989","73.75999999999992",69.422,34.5,15.3,20.6
"BOOI4","2021-08-04 21:00",67.4419999999999,"87.8",23202,"0","1.9170031999999999","168.1","-2.3622047244094491E-4",84.2359999999999,"76.981999999999957","73.75999999999992",69.3859999999999,34.5,15.4,20.6
"BOOI4","2021-08-04 22:00",66.488,"86.1",3.6,"0","2.0670035000000002","164.5","-4.3307086614173231E-4",82.3819999999999,"77.161999999999892","73.75999999999992",69.4039999999999,34.5,15.3,20.6
"BOOI4","2021-08-04 23:00",66.1999999999999,"86",0,"0","3.4350057000000001","161.19999999999999","-3.9370078740157492E-5",80.798,"77.377999999999901","73.723999999999947",69.4039999999999,34.6,15.3,20.6
"BOOI4","2021-08-05 00:00",66.9199999999999,"86.2",0,"0","3.7200061999999998","161.69999999999999","-3.9370078740157492E-5",79.538,"77.521999999999977","73.777999999999892",69.4039999999999,34.6,15.3,20.6
"BOOI4","2021-08-05 01:00",66.9199999999999,"88.8",0,"0","3.8450065000000002","159.30000000000001","-7.874015748031497E-5",78.656,"77.611999999999895","73.777999999999892",69.3679999999999,34.6,15.3,20.6
"BOOI4","2021-08-05 02:00",68.5579999999999,"82.5",0,"0","4.0800065999999999","187.3","0",77.9539999999999,"77.683999999999926","73.831999999999951",69.3499999999999,34.6,15.3,20.6
"BOOI4","2021-08-05 03:00",65.246,"96.5",0,"0","5.9510097999999996","198.4","3.9370078740157492E-5",77.2159999999999,"77.683999999999926","73.849999999999937",69.3859999999999,34.6,15.4,20.6
"BOOI4","2021-08-05 04:00",64.7239999999999,"98.4",0,"0","4.9430079999999998","181.5","-4.7244094488188988E-4",76.388,"77.683999999999926","73.885999999999896",69.3859999999999,34.6,15.4,20.6
"BOOI4","2021-08-05 05:00",64.3279999999999,"99.2",0,"0.08","7.2780123000000003","159.69999999999999","-3.9370078740157491E-4",75.614,"77.629999999999981","73.885999999999896",69.3499999999999,34.5,15.4,20.6
"BOOI4","2021-08-05 06:00",64.49,"98",212.4,"0","7.1500120000000003","150.69999999999999","-3.9370078740157491E-4",74.8039999999999,"77.557999999999936","73.921999999999969",69.3499999999999,34.5,15.4,20.6
"BOOI4","2021-08-05 07:00",64.5079999999999,"97.1",26924.4,"0","6.7770114000000001","153.19999999999999","4.3307086614173231E-4",74.0659999999999,"77.485999999999905","73.957999999999942",69.3679999999999,34.5,15.4,20.6
"BOOI4","2021-08-05 08:00",65.606,"95.3",280476,"0","5.3760085000000002","146.1","1.653543307086615E-3",73.6339999999999,"77.359999999999914","73.975999999999928",69.3679999999999,34.5,15.4,20.6
"BOOI4","2021-08-05 09:00",68.8819999999999,"88.8",962280,"0","8.1800139999999999","153.80000000000001","5.94488188976378E-3",73.796,"77.25199999999991","74.011999999999887",69.3499999999999,34.5,15.4,20.6
"BOOI4","2021-08-05 10:00",71.8339999999999,"82.2",1540800,"0","8.3100140000000007","168.1","1.078740157480315E-2",74.624,"77.089999999999961","74.029999999999973",69.3499999999999,34.5,15.4,20.6
"BOOI4","2021-08-05 11:00",70.9159999999999,"83.6",1101600,"0","7.3450119999999997","175.8","9.3307086614173237E-3",75.4519999999999,"76.981999999999957","74.047999999999959",69.3679999999999,34.4,15.4,20.6
"BOOI4","2021-08-05 12:00",72.014,"83.2",960120,"0","5.5660094999999998","173.6","8.0708661417322851E-3",75.6859999999999,"76.855999999999966","74.065999999999946",69.3499999999999,34.4,15.4,20.6
"BOOI4","2021-08-05 13:00",72.0859999999999,"85.9",845280,"0","3.8310062999999999","188","7.2440944881889766E-3",76.388,"76.71199999999989","74.083999999999932",69.332,34.4,15.4,20.6
"BOOI4","2021-08-05 14:00",73.5439999999999,"83.2",1053000,"0","6.4470109999999998","167.7","9.1338582677165381E-3",76.8019999999999,"76.639999999999958","74.065999999999946",69.332,34.4,15.4,20.6
"BOOI4","2021-08-05 15:00",77.6659999999999,"76.150000000000006",2000520,"0","4.8510080000000002","186","1.5708661417322842E-2",78.2779999999999,"76.54999999999994","74.083999999999932",69.3499999999999,34.3,15.4,20.6
"BOOI4","2021-08-05 16:00",77.846,"78.239999999999995",2072520,"0","5.8700093999999998","162.19999999999999","1.6811023622047241E-2",81.0499999999999,"76.459999999999908","74.065999999999946",69.3499999999999,34.3,15.4,20.6
"BOOI4","2021-08-05 17:00",78.9619999999999,"77.06",1927440,"0","6.0150100000000002","179.3","1.586614173228347E-2",82.796,"76.42399999999995","74.047999999999959",69.332,34.4,15.4,20.6
"BOOI4","2021-08-05 18:00",78.98,"75.52",1543320,"0","5.7010092999999999","189","1.3031496062992131E-2",83.9839999999999,"76.405999999999963","74.047999999999959",69.332,34.4,15.4,20.6
"BOOI4","2021-08-05 19:00",78.422,"81.099999999999994",683640,"0","4.1090070000000001","193.7","6.3385826771653556E-3",83.6419999999999,"76.405999999999963","74.047999999999959",69.332,34.4,15.4,20.6
"BOOI4","2021-08-05 20:00",76.5859999999999,"85.5",447120,"0","2.8680048","173.7","2.755905511811024E-3",82.796,"76.477999999999895","74.065999999999946",69.3499999999999,34.4,15.3,20.6
"BOOI4","2021-08-05 21:00",73.13,"92.9",27900,"0","2.0390033999999999","141.5","-3.9370078740157491E-4",81.4999999999999,"76.567999999999913","74.029999999999973",69.332,34.4,15.3,20.6
"BOOI4","2021-08-05 22:00",71.222,"96.5",3.6,"0","2.1850035000000001","142.80000000000001","-6.6929133858267733E-4",80.0419999999999,"76.693999999999903","74.011999999999887",69.332,34.4,15.3,20.6
"BOOI4","2021-08-05 23:00",70.124,"98",0,"0","1.5850025000000001","143.69999999999999","-9.0551181102362219E-4",78.782,"76.819999999999894","73.9939999999999",69.332,34.4,15.3,20.6
"BOOI4","2021-08-06 00:00",69.422,"99.1",0,"0","2.5200040000000001","150.1","-7.874015748031497E-4",77.7019999999999,"76.891999999999925","73.957999999999942",69.332,34.4,15.3,20.6
"BOOI4","2021-08-06 01:00",69.3499999999999,"89",0,"0","2.0870034999999998","262.39999999999998","-8.6614173228346462E-4",76.856,"76.96399999999997","73.957999999999942",69.332,34.4,15.3,20.6
"BOOI4","2021-08-06 02:00",67.496,"89.1",0,"0","9.0500150000000001","273.60000000000002","5.1181102362204728E-4",76.064,"76.981999999999957","73.975999999999928",69.332,34.4,15.3,20.6
"BOOI4","2021-08-06 03:00",65.0659999999999,"95.8",0,"0.08","10.710018","258.7","2.3622047244094491E-4",75.0739999999999,"76.999999999999929","73.975999999999928",69.3499999999999,34.4,15.3,20.6
"BOOI4","2021-08-06 04:00",65.2279999999999,"95",0,"0.01","7.3570120000000001","240.2","-7.874015748031497E-5",73.9759999999999,"76.945999999999984","73.9939999999999",69.332,34.4,15.3,20.6
"BOOI4","2021-08-06 05:00",63.4279999999999,"97.6",0,"0","1.3700022999999999","348.7","-9.4488188976377975E-4",73.022,"76.909999999999911","73.9939999999999",69.332,34.4,15.3,20.6
"BOOI4","2021-08-06 06:00",66.1999999999999,"88",280.8,"0","4.4190072999999996","273.8","-3.5433070866141729E-4",72.23,"76.819999999999894","74.029999999999973",69.332,34.4,15.3,20.6
"BOOI4","2021-08-06 07:00",67.388,"83.8",34668,"0","5.467009","246.1","1.3385826771653551E-3",71.546,"76.693999999999903","73.9939999999999",69.332,34.4,15.3,20.6
"BOOI4","2021-08-06 08:00",66.398,"94.2",284832,"0","3.0220050000000001","170.4","2.0866141732283471E-3",71.3659999999999,"76.621999999999971","74.011999999999887",69.332,34.3,15.3,20.6
"BOOI4","2021-08-06 09:00",67.8919999999999,"91.7",592560,"0","4.2350070000000004","193.4","3.9370078740157488E-3",71.582,"76.477999999999895","73.9939999999999",69.3499999999999,34.3,15.3,20.6
"BOOI4","2021-08-06 10:00",74.138,"81.400000000000006",1823040,"0","5.8130097000000003","152.6","1.2086614173228351E-2",72.896,"76.315999999999946","74.029999999999973",69.314,34.3,15.3,20.6
"BOOI4","2021-08-06 11:00",77.1439999999999,"75.3",1773360,"0","3.8670065","172.3","1.3897637795275589E-2",74.9839999999999,"76.171999999999969","74.011999999999887",69.3499999999999,34.3,15.3,20.6
"BOOI4","2021-08-06 12:00",78.3679999999999,"70.84",2235600,"0","3.8820063999999999","162","1.8228346456692919E-2",76.7119999999999,"76.045999999999978","74.011999999999887",69.332,34.3,15.3,20.6
"BOOI4","2021-08-06 13:00",81.3019999999999,"69.680000000000007",2518200,"0","4.3850074000000001","130.4","2.078740157480315E-2",79.124,"75.901999999999916","73.975999999999928",69.3499999999999,34.2,15.3,20.6
"BOOI4","2021-08-06 14:00",82.8859999999999,"64.92",2941200,"0","6.2540100000000001","144.69999999999999","2.5078740157480319E-2",82.6519999999999,"75.793999999999912","74.011999999999887",69.332,34.2,15.3,20.6
"BOOI4","2021-08-06 15:00",83.9659999999999,"62.95",2901600,"0","7.5270123","166.3","2.5826771653543312E-2",85.8019999999999,"75.793999999999912","73.939999999999955",69.332,34.2,15.3,20.6
"BOOI4","2021-08-06 16:00",84.038,"64.510000000000005",2343960,"0","8.640015","165.2","2.3070866141732281E-2",87.98,"75.793999999999912","73.939999999999955",69.3499999999999,34.2,15.3,20.6
"BOOI4","2021-08-06 17:00",84.9919999999999,"62.74",2034360,"0","9.3200160000000007","155.4","2.133858267716536E-2",89.0419999999999,"75.901999999999916","73.957999999999942",69.3499999999999,34.2,15.3,20.6
"BOOI4","2021-08-06 18:00",84.272,"66.12",1438560,"0","8.3900140000000007","162.80000000000001","1.6574803149606299E-2",89.1859999999999,"76.045999999999978","73.903999999999883",69.3499999999999,34.2,15.3,20.6
"BOOI4","2021-08-06 19:00",82.7779999999999,"72.819999999999993",784440,"0","7.1270119999999997","157.30000000000001","1.0314960629921261E-2",88.1419999999999,"76.225999999999928","73.867999999999924",69.3499999999999,34.2,15.3,20.6
"BOOI4","2021-08-06 20:00",78.332,"85.8",256320,"0","3.0770050000000002","147.80000000000001","2.7952755905511812E-3",86.63,"76.477999999999895","73.849999999999937",69.332,34.2,15.3,20.6
"BOOI4","2021-08-06 21:00",75.6679999999999,"92.5",17532,"0","2.7970047","149.6","-1.181102362204725E-4",84.7939999999999,"76.729999999999976","73.849999999999937",69.332,34.3,15.3,20.6
"BOOI4","2021-08-06 22:00",74.3179999999999,"94.5",0,"0","2.9710049999999999","139.80000000000001","-3.5433070866141729E-4",83.1199999999999,"76.999999999999929","73.831999999999951",69.332,34.3,15.3,20.6
"BOOI4","2021-08-06 23:00",73.3279999999999,"96.9",0,"0","3.5250058000000002","145.9","-4.3307086614173231E-4",81.7339999999999,"77.197999999999965","73.831999999999951",69.3679999999999,34.3,15.3,20.6
"BOOI4","2021-08-07 00:00",73.346,"97.9",0,"0","3.3370055999999999","162.80000000000001","-5.5118110236220485E-4",80.582,"77.377999999999901","73.831999999999951",69.332,34.4,15.3,20.6
"BOOI4","2021-08-07 01:00",73.49,"98.1",0,"0","3.8360064","169.9","-5.1181102362204728E-4",79.6099999999999,"77.485999999999905","73.813999999999965",69.332,34.4,15.3,20.6
"BOOI4","2021-08-07 02:00",73.8859999999999,"97.1",0,"0","4.2910069999999996","183","-4.3307086614173231E-4",78.8359999999999,"77.575999999999922","73.831999999999951",69.332,34.3,15.3,20.6
"BOOI4","2021-08-07 03:00",74.7859999999999,"94.2",0,"0","4.3520073999999997","181.8","-3.5433070866141729E-4",78.2779999999999,"77.629999999999981","73.867999999999924",69.3499999999999,34.3,15.3,20.6
"BOOI4","2021-08-07 04:00",74.6779999999999,"94",0,"0","3.7700062000000001","192.2","-3.5433070866141729E-4",77.7919999999999,"77.647999999999954","73.903999999999883",69.3499999999999,34.3,15.3,20.6
"BOOI4","2021-08-07 05:00",73.598,"95.8",0,"0","5.1510085999999999","228.1","-1.5748031496062989E-4",77.3599999999999,"77.647999999999954","73.939999999999955",69.332,34.3,15.3,20.6
"BOOI4","2021-08-07 06:00",72.5539999999999,"98.1",151.2,"0","3.7160063000000001","190.1","-5.1181102362204728E-4",76.946,"77.611999999999895","73.957999999999942",69.3499999999999,34.4,15.4,20.6
"BOOI4","2021-08-07 07:00",73.2019999999999,"96.9",16077.6,"0","4.5530075999999999","178.2","3.5433070866141729E-4",76.5499999999999,"77.557999999999936","73.975999999999928",69.332,34.3,15.4,20.6
"BOOI4","2021-08-07 08:00",74.732,"92.6",114624,"0","6.5560106999999999","187.1","1.771653543307087E-3",76.3519999999999,"77.521999999999977","73.9939999999999",69.332,34.3,15.4,20.6
"BOOI4","2021-08-07 09:00",75.596,"90.3",272304,"0","5.0870084999999996","198.8","2.952755905511811E-3",76.3159999999999,"77.431999999999945","74.011999999999887",69.3499999999999,34.3,15.4,20.6
"BOOI4","2021-08-07 10:00",80.348,"80.099999999999994",1356840,"0","7.3610119999999997","215.2","1.078740157480315E-2",77.0179999999999,"77.359999999999914","74.047999999999959",69.314,34.2,15.4,20.6
"BOOI4","2021-08-07 11:00",82.364,"78.55",2042280,"0","7.9090129999999998","220.4","1.7322834645669291E-2",78.9259999999999,"77.269999999999897","74.065999999999946",69.3499999999999,34.3,15.4,20.6
"BOOI4","2021-08-07 12:00",81.374,"79.91",1729800,"0","7.6200127999999996","197.7","1.5787401574803149E-2",81.0499999999999,"77.197999999999965","74.065999999999946",69.3499999999999,34.3,15.4,20.6
"BOOI4","2021-08-07 13:00",80.672,"82.5",880920,"0","7.1380119999999998","193.4","9.5669291338582683E-3",81.9499999999999,"77.071999999999974","74.101999999999904",69.3499999999999,34.2,15.4,20.6
"BOOI4","2021-08-07 14:00",82.2199999999999,"79.739999999999995",1101240,"0","7.2420119999999999","202.7","1.1181102362204719E-2",82.1119999999999,"77.089999999999961","74.083999999999932",69.332,34.2,15.4,20.6
"BOOI4","2021-08-07 15:00",81.7339999999999,"78.760000000000005",1261440,"0","7.1650119999999999","201","1.2637795275590551E-2",82.8859999999999,"77.089999999999961","74.119999999999891",69.3499999999999,34.2,15.4,20.6
"BOOI4","2021-08-07 16:00",82.49,"78.900000000000006",1170720,"0","7.1270119999999997","196.2","1.1811023622047249E-2",83.5699999999999,"77.089999999999961","74.137999999999977",69.332,34.2,15.4,20.6
"BOOI4","2021-08-07 17:00",79.772,"87",489600,"0","6.8350115000000002","200.8","6.574803149606301E-3",83.4259999999999,"77.197999999999965","74.101999999999904",69.332,34.2,15.4,20.6
"BOOI4","2021-08-07 18:00",82.1119999999999,"82.8",683280,"0","6.397011","185.5","7.2440944881889766E-3",82.7779999999999,"77.25199999999991","74.119999999999891",69.332,34.2,15.4,20.6
"BOOI4","2021-08-07 19:00",81.698,"85",553320,"0","6.3800106000000003","185.3","5.94488188976378E-3",82.7779999999999,"77.359999999999914","74.119999999999891",69.3499999999999,34.3,15.3,20.6
"BOOI4","2021-08-07 20:00",80.348,"87.8",331560,"0","6.4760109999999997","193","3.6614173228346459E-3",82.5619999999999,"77.413999999999973","74.119999999999891",69.3499999999999,34.3,15.3,20.6
"BOOI4","2021-08-07 21:00",77.8279999999999,"93.3",12661.2,"0","4.8850083","182","6.2992125984251976E-4",81.7159999999999,"77.485999999999905","74.119999999999891",69.332,34.2,15.3,20.6
"BOOI4","2021-08-07 22:00",77.8819999999999,"92.9",0,"0","4.8850083","164.1","3.9370078740157491E-4",80.8159999999999,"77.575999999999922","74.155999999999963",69.3499999999999,34.2,15.3,20.6
"BOOI4","2021-08-07 23:00",77.3779999999999,"92.4",0,"0","4.4580073000000002","171","3.5433070866141729E-4",80.0599999999999,"77.629999999999981","74.155999999999963",69.3499999999999,34.2,15.3,20.6
"BOOI4","2021-08-08 00:00",78.0079999999999,"87.8",0,"0","6.5430109999999999","173.5","8.6614173228346462E-4",79.5019999999999,"77.683999999999926","74.17399999999995",69.3499999999999,34.2,15.3,20.6
"BOOI4","2021-08-08 01:00",75.0919999999999,"94",14.4,"0.17","6.8820113999999997","200.9","6.2992125984251976E-4",78.9259999999999,"77.719999999999899","74.191999999999936",69.3679999999999,34.2,15.3,20.6
"BOOI4","2021-08-08 02:00",70.0699999999999,"98.2",25.2,"0.42","13.290022","264.60000000000002","3.5433070866141729E-4",77.5759999999999,"77.719999999999899","74.191999999999936",69.332,34.5,15.3,20.6
"BOOI4","2021-08-08 03:00",69.206,"98.2",10.8,"0.02","7.120012","258.2","3.9370078740157492E-5",76.19,"77.755999999999958","74.191999999999936",69.332,35.3,15.3,20.6
"BOOI4","2021-08-08 04:00",68.6839999999999,"98.2",0,"0","5.3660088000000004","241","3.9370078740157492E-5",75.3259999999999,"77.701999999999913","74.227999999999895",69.3499999999999,35.6,15.4,20.6
"BOOI4","2021-08-08 05:00",69.08,"98.4",0,"0","7.9590129999999997","108.4","-3.9370078740157492E-5",74.714,"77.66599999999994","74.227999999999895",69.3679999999999,35.7,15.4,20.6
"BOOI4","2021-08-08 06:00",68.4679999999999,"99.6",219.6,"0","7.3440123000000002","128","-3.9370078740157492E-5",74.1019999999999,"77.593999999999909","74.263999999999967",69.3679999999999,35.7,15.4,20.6
"BOOI4","2021-08-08 07:00",69.6019999999999,"100",54396,"0","5.1440080000000004","168.9","-7.0866141732283468E-4",73.5619999999999,"77.467999999999918","74.263999999999967",69.3499999999999,35.7,15.5,20.6
"BOOI4","2021-08-08 08:00",69.296,"98.3",336960,"0","5.7080096999999999","216.6","1.5354330708661421E-3",73.5439999999999,"77.341999999999928","74.263999999999967",69.3679999999999,35.6,15.5,20.6
"BOOI4","2021-08-08 09:00",69.872,"94",302760,"0","7.5440120000000004","226.4","2.4409448818897639E-3",73.3819999999999,"77.233999999999924","74.29999999999994",69.3679999999999,35.6,15.5,20.6
"BOOI4","2021-08-08 10:00",71.8159999999999,"90.7",772200,"0","6.716011","214.1","5.7086614173228346E-3",73.4179999999999,"77.071999999999974","74.29999999999994",69.3859999999999,35.6,15.5,20.6
"BOOI4","2021-08-08 11:00",70.538,"93.1",848880,"0","8.5700140000000005","235.1","6.6929133858267733E-3",73.9939999999999,"76.927999999999898","74.29999999999994",69.3499999999999,35.5,15.6,20.6
"BOOI4","2021-08-08 12:00",71.4199999999999,"92",575640,"0","5.8340095999999999","230.7","4.566929133858269E-3",73.9759999999999,"76.801999999999907","74.317999999999913",69.3859999999999,35.5,15.5,20.6
"BOOI4","2021-08-08 13:00",76.622,"79.66",2537280,"0","6.8210115","226","1.803149606299213E-2",75.3259999999999,"76.675999999999917","74.281999999999954",69.3859999999999,35.5,15.5,20.6
"BOOI4","2021-08-08 14:00",77.8819999999999,"77.22",2894400,"0","7.8980129999999997","229.6","2.2086614173228349E-2",77.7739999999999,"76.54999999999994","74.281999999999954",69.3679999999999,35.4,15.5,20.6
"BOOI4","2021-08-08 15:00",80.9779999999999,"73.37",2692080,"0","7.0670120000000001","205.8","2.1377952755905521E-2",79.6279999999999,"76.441999999999936","74.263999999999967",69.3679999999999,35.4,15.5,20.6
"BOOI4","2021-08-08 16:00",80.7439999999999,"75.52",1911960,"0","6.6750109999999996","211.2","1.6889763779527559E-2",80.798,"76.369999999999891","74.281999999999954",69.3859999999999,35.4,15.5,20.6
"BOOI4","2021-08-08 17:00",82.0759999999999,"78.709999999999994",1639800,"0","6.6960110000000004","210.8","1.44488188976378E-2",81.122,"76.333999999999932","74.245999999999981",69.3859999999999,35.4,15.5,20.6
"BOOI4","2021-08-08 18:00",82.022,"78.040000000000006",1206360,"0","6.9940113999999998","220.1","1.1417322834645669E-2",81.1039999999999,"76.315999999999946","74.245999999999981",69.3859999999999,35.4,15.6,20.6
"BOOI4","2021-08-08 19:00",79.0159999999999,"87.2",516600,"0","5.2920090000000002","205.2","5.5905511811023623E-3",80.5099999999999,"76.351999999999904","74.209999999999908",69.4039999999999,35.3,15.6,20.7
"BOOI4","2021-08-08 20:00",77.288,"92.5",98856,"0","2.4270040000000002","207.1","1.377952755905512E-3",79.5739999999999,"76.405999999999963","74.155999999999963",69.422,35.3,15.6,20.7
"BOOI4","2021-08-08 21:00",76.28,"95.2",4100.4,"0","2.360004","198.5","-2.7559055118110242E-4",78.746,"76.477999999999895","74.191999999999936",69.3859999999999,35.3,15.6,20.7
"BOOI4","2021-08-08 22:00",75.38,"96.6",0,"0","4.6420079999999997","191.9","-1.968503937007874E-4",78.0079999999999,"76.531999999999954","74.155999999999963",69.4039999999999,35.3,15.6,20.7
"BOOI4","2021-08-08 23:00",74.6599999999999,"96.9",0,"0","5.0760082999999998","196.4","-1.968503937007874E-4",77.288,"76.567999999999913","74.137999999999977",69.4039999999999,35.3,15.6,20.7
"BOOI4","2021-08-09 00:00",74.2099999999999,"97.8",0,"0","4.853008","199.7","-2.7559055118110242E-4",76.622,"76.621999999999971","74.101999999999904",69.4039999999999,35.3,15.6,20.7
"BOOI4","2021-08-09 01:00",73.832,"98.9",111.6,"0.14000000000000001","2.7800045","224.6","-4.7244094488188988E-4",76.1359999999999,"76.639999999999958","74.083999999999932",69.3859999999999,35.3,15.6,20.7
"BOOI4","2021-08-09 02:00",73.7779999999999,"99.2",1216.8,"0.19","2.7520044000000001","106.9","-5.1181102362204728E-4",75.74,"76.675999999999917","74.101999999999904",69.3859999999999,36,15.6,20.7
"BOOI4","2021-08-09 03:00",73.706,"99",1216.8,"0","4.2810069999999998","214.2","-3.9370078740157491E-4",75.4519999999999,"76.621999999999971","74.083999999999932",69.4039999999999,36.2,15.7,20.7
"BOOI4","2021-08-09 04:00",72.5539999999999,"100",1216.8,"0","1.4360024","279.7","-6.6929133858267733E-4",75.0739999999999,"76.603999999999886","74.065999999999946",69.4039999999999,36.2,15.7,20.7
"BOOI4","2021-08-09 05:00",71.9599999999999,"100",1216.8,"0","2.9970050000000001","250.9","-5.5118110236220485E-4",74.732,"76.531999999999954","74.083999999999932",69.4039999999999,36.2,15.8,20.7
"BOOI4","2021-08-09 06:00",71.7259999999999,"100",1216.8,"0","4.6130075000000001","270.60000000000002","-4.7244094488188988E-4",74.3179999999999,"76.477999999999895","74.065999999999946",69.422,36.2,15.8,20.7
"BOOI4","2021-08-09 07:00",70.9159999999999,"100",25725.6,"0","2.3480039000000001","287.3","-3.9370078740157492E-5",73.8679999999999,"76.405999999999963","74.047999999999959",69.4039999999999,36.2,15.9,20.7
"BOOI4","2021-08-09 08:00",72.7519999999999,"97.1",403560,"0","2.0160033999999998","348","1.8897637795275599E-3",73.6519999999999,"76.315999999999946","74.047999999999959",69.422,36.2,15.8,20.7
"BOOI4","2021-08-09 09:00",76.3699999999999,"88.8",1005480,"0","2.5550044000000001","355.5","6.574803149606301E-3",74.246,"76.2439999999999","74.029999999999973",69.422,36.1,15.8,20.7
"BOOI4","2021-08-09 10:00",78.2419999999999,"83.2",1674720,"0","2.9310048000000002","17.899999999999999","1.200787401574803E-2",75.614,"76.153999999999883","74.029999999999973",69.4039999999999,36.1,15.9,20.7
"BOOI4","2021-08-09 11:00",80.1859999999999,"77.55",2276640,"0","2.3780038000000001","38.56","1.7086614173228348E-2",77.3779999999999,"76.063999999999965","74.029999999999973",69.44,36.1,15.9,20.6
"BOOI4","2021-08-09 12:00",82.2739999999999,"69.489999999999995",2697840,"0","1.7250027999999999","59.9","2.0984251968503939E-2",79.2859999999999,"75.95599999999996","74.011999999999887",69.44,36.1,16,20.6
"BOOI4","2021-08-09 13:00",84.614,"65.72",2962800,"0","2.0240032999999999","58.16","2.3661417322834648E-2",81.8779999999999,"75.919999999999888","74.029999999999973",69.422,36,16,20.6
"BOOI4","2021-08-09 14:00",86.0539999999999,"64.78",2995200,"0","2.0050034999999999","147.19999999999999","2.4212598425196859E-2",84.5779999999999,"75.901999999999916","73.9939999999999",69.44,36,16.1,20.6
"BOOI4","2021-08-09 15:00",85.8919999999999,"67.88",2818800,"0","2.3490039999999999","131.9","2.3188976377952759E-2",86.756,"75.919999999999888","73.957999999999942",69.422,36,16.1,20.7
"BOOI4","2021-08-09 16:00",86.3239999999999,"65.53",2469240,"0","3.9790065000000001","159.80000000000001","2.1259842519685039E-2",88.322,"76.027999999999892","73.957999999999942",69.422,35.9,16.1,20.6
"BOOI4","2021-08-09 17:00",86.9179999999999,"67.52",1994400,"0","3.8800062999999998","141.69999999999999","1.7637795275590559E-2",88.88,"76.135999999999896","73.903999999999883",69.44,35.9,16.1,20.7
"BOOI4","2021-08-09 18:00",86.972,"72.66",1395000,"0","2.8090047999999999","134.6","1.240157480314961E-2",88.9159999999999,"76.297999999999959","73.921999999999969",69.4579999999999,35.9,16.1,20.7
"BOOI4","2021-08-09 19:00",85.0279999999999,"79.709999999999994",756720,"0","3.9400067000000001","111.9","7.4409448818897649E-3",88.0339999999999,"76.531999999999954","73.903999999999883",69.44,36,16.1,20.6
"BOOI4","2021-08-09 20:00",81.6079999999999,"85.9",261396,"0","3.7880063000000002","101","2.7952755905511812E-3",86.4319999999999,"76.747999999999962","73.885999999999896",69.422,36,16.2,20.7
"BOOI4","2021-08-09 21:00",79.196,"88.3",15001.2,"0","3.9500065000000002","99","2.7559055118110242E-4",84.506,"76.96399999999997","73.885999999999896",69.422,35.9,16.2,20.7
"BOOI4","2021-08-09 22:00",77.864,"90.7",36,"0","4.9390080000000003","102.1","2.3622047244094491E-4",82.7599999999999,"77.161999999999892","73.867999999999924",69.422,36,16.2,20.7
"BOOI4","2021-08-09 23:00",76.2259999999999,"93.3",3.6,"0","4.3120073999999997","112.1","-7.874015748031497E-5",81.374,"77.323999999999941","73.885999999999896",69.44,36,16.2,20.7
"BOOI4","2021-08-10 00:00",75.272,"96.6",14.4,"0","4.1760070000000002","114.5","-2.7559055118110242E-4",80.2039999999999,"77.485999999999905","73.849999999999937",69.44,36,16.2,20.7
"BOOI4","2021-08-10 01:00",74.5519999999999,"98.5",3.6,"0","4.946008","122.8","-3.9370078740157491E-4",79.2679999999999,"77.557999999999936","73.903999999999883",69.44,36,16.3,20.7
"BOOI4","2021-08-10 02:00",73.9939999999999,"99.6",3.6,"0","4.6360073000000002","133.80000000000001","-5.1181102362204728E-4",78.4579999999999,"77.629999999999981","73.903999999999883",69.422,36,16.3,20.7
"BOOI4","2021-08-10 03:00",74.372,"100",10.8,"0","3.7150059999999998","153.5","-6.2992125984251976E-4",77.756,"77.629999999999981","73.939999999999955",69.4579999999999,36,16.3,20.7
"BOOI4","2021-08-10 04:00",74.8039999999999,"100",3.6,"0","3.5330059999999999","180.1","-6.2992125984251976E-4",77.2159999999999,"77.611999999999895","73.957999999999942",69.422,35.9,16.3,20.7
"BOOI4","2021-08-10 05:00",76.2079999999999,"100",10.8,"0","4.5650076999999998","217","-5.5118110236220485E-4",76.856,"77.557999999999936","73.9939999999999",69.422,35.9,16.3,20.7
"BOOI4","2021-08-10 06:00",75.8839999999999,"100",309.6,"0","4.7960079999999996","212","-5.5118110236220485E-4",76.64,"77.521999999999977","74.029999999999973",69.44,35.8,16.4,20.7
"BOOI4","2021-08-10 07:00",76.4239999999999,"100",82260,"0","3.8850064","213.4","-9.8425196850393721E-4",76.406,"77.449999999999932","74.047999999999959",69.44,35.9,16.4,20.7
"BOOI4","2021-08-10 08:00",78.2779999999999,"98.5",527400,"0","4.712008","210.7","2.5196850393700791E-3",76.64,"77.359999999999914","74.065999999999946",69.44,35.8,16.4,20.7
"BOOI4","2021-08-10 09:00",79.88,"95",803520,"0","6.490011","232.2","5.5511811023622052E-3",77.5759999999999,"77.269999999999897","74.101999999999904",69.44,35.8,16.3,20.7
"BOOI4","2021-08-10 10:00",83.3539999999999,"90.4",1346400,"0","5.5780089999999998","233.5","1.0039370078740161E-2",78.6199999999999,"77.215999999999937","74.119999999999891",69.422,35.7,16.3,20.7
"BOOI4","2021-08-10 11:00",86.3599999999999,"81",1811160,"0","3.9140066999999998","255.5","1.44488188976378E-2",80.6539999999999,"77.12599999999992","74.137999999999977",69.44,35.8,16.3,20.7
"BOOI4","2021-08-10 12:00",82.0399999999999,"92.3",726480,"0","4.0200066999999997","212.4","6.8503937007874018E-3",82.0939999999999,"77.035999999999902","74.155999999999963",69.44,35.7,16.3,20.7
"BOOI4","2021-08-10 13:00",83.8039999999999,"90.7",978480,"0","5.4660086999999997","259.10000000000002","8.3070866141732296E-3",81.806,"77.017999999999915","74.137999999999977",69.422,35.7,16.3,20.7
"BOOI4","2021-08-10 14:00",86.5399999999999,"83.1",2608920,"0","6.4960110000000002","265.10000000000002","2.0905511811023621E-2",83.6419999999999,"76.999999999999929","74.155999999999963",69.44,35.7,16.3,20.7
"BOOI4","2021-08-10 15:00",87.422,"79.739999999999995",2788200,"0","6.4100109999999999","270.10000000000002","2.3346456692913391E-2",85.8199999999999,"77.017999999999915","74.137999999999977",69.422,35.6,16.3,20.7
"BOOI4","2021-08-10 16:00",88.322,"77.319999999999993",2405520,"0","8.3600139999999996","264","2.1377952755905521E-2",87.1159999999999,"77.053999999999888","74.17399999999995",69.44,35.6,16.3,20.7
"BOOI4","2021-08-10 17:00",87.5659999999999,"77.34",1752120,"0","8.7000139999999995","254.7","1.7165354330708659E-2",87.4039999999999,"77.089999999999961","74.17399999999995",69.4579999999999,35.6,16.3,20.7
"BOOI4","2021-08-10 18:00",87.782,"79.680000000000007",1371600,"0","6.9610120000000002","255.9","1.3346456692913389E-2",87.4759999999999,"77.215999999999937","74.17399999999995",69.4579999999999,35.6,16.3,20.7
"BOOI4","2021-08-10 19:00",86.7019999999999,"83.8",714960,"0","2.9860047999999999","235.5","6.6141732283464582E-3",87.1519999999999,"77.341999999999928","74.17399999999995",69.422,35.6,16.3,20.6
"BOOI4","2021-08-10 20:00",81.7159999999999,"89.1",184140,"0","2.9760048000000001","208.4","2.204724409448819E-3",85.9099999999999,"77.449999999999932","74.155999999999963",69.44,35.6,16.3,20.6
"BOOI4","2021-08-10 21:00",78.1699999999999,"96.2",14432.4,"0","2.255004","186.5","-3.9370078740157491E-4",84.272,"77.647999999999954","74.155999999999963",69.4579999999999,35.6,16.3,20.6
"BOOI4","2021-08-10 22:00",77.306,"97.4",0,"0","2.5510044000000001","197.4","-5.5118110236220485E-4",82.796,"77.737999999999985","74.17399999999995",69.44,35.6,16.3,20.6
"BOOI4","2021-08-10 23:00",76.8919999999999,"98.3",0,"0","2.8510048000000001","203.3","-5.905511811023623E-4",81.5359999999999,"77.827999999999903","74.17399999999995",69.44,35.6,16.3,20.6
"BOOI4","2021-08-11 00:00",77.0539999999999,"98.8",0,"0","3.0450050000000002","213.6","-5.905511811023623E-4",80.5999999999999,"77.917999999999921","74.191999999999936",69.44,35.6,16.3,20.6
"BOOI4","2021-08-11 01:00",75.6679999999999,"100",0,"0","2.5280043999999999","197.7","-6.6929133858267733E-4",79.88,"77.971999999999966","74.227999999999895",69.44,35.6,16.3,20.6
"BOOI4","2021-08-11 02:00",75.3259999999999,"100",0,"0","2.922005","181.5","-6.6929133858267733E-4",79.1779999999999,"78.007999999999939","74.245999999999981",69.4759999999999,35.6,16.3,20.6
"BOOI4","2021-08-11 03:00",75.398,"100",0,"0","3.2270055000000002","183.8","-6.6929133858267733E-4",78.5659999999999,"78.025999999999925","74.281999999999954",69.4579999999999,35.6,16.3,20.6
"BOOI4","2021-08-11 04:00",75.7039999999999,"100",0,"0","3.1170049999999998","199.5","-6.6929133858267733E-4",78.08,"77.971999999999966","74.281999999999954",69.4759999999999,35.5,16.3,20.6
"BOOI4","2021-08-11 05:00",74.93,"100",0,"0","2.5950039999999999","190.6","-7.0866141732283468E-4",77.738,"77.971999999999966","74.29999999999994",69.4579999999999,35.5,16.4,20.6
"BOOI4","2021-08-11 06:00",74.696,"100",237.6,"0","3.3380055","197.1","-6.6929133858267733E-4",77.2159999999999,"77.899999999999935","74.29999999999994",69.44,35.6,16.3,20.6
"BOOI4","2021-08-11 07:00",74.732,"100",76932,"0","3.1940053000000002","201.9","-1.1023622047244099E-3",76.748,"77.863999999999962","74.335999999999899",69.4579999999999,35.5,16.3,20.6
"BOOI4","2021-08-11 08:00",77.7739999999999,"95.3",554400,"0","5.9990100000000002","216.9","2.5196850393700791E-3",76.64,"77.755999999999958","74.353999999999886",69.4759999999999,35.5,16.4,20.6
"BOOI4","2021-08-11 09:00",80.69,"88.2",1113480,"0","8.2800130000000003","229.9","7.9527559055118137E-3",77.3419999999999,"77.683999999999926","74.371999999999971",69.4579999999999,35.4,16.3,20.6
"BOOI4","2021-08-11 10:00",83.3179999999999,"81.8",1673280,"0","10.880018","237.4","1.393700787401575E-2",78.6019999999999,"77.593999999999909","74.389999999999958",69.4939999999999,35.4,16.3,20.6
"BOOI4","2021-08-11 11:00",85.406,"75.2",2215080,"0","12.350020000000001","247.3","1.9842519685039368E-2",80.564,"77.539999999999949","74.407999999999944",69.4759999999999,35.5,16.3,20.6
"BOOI4","2021-08-11 12:00",86.5579999999999,"75.569999999999993",2606400,"0","12.550020999999999","253.1","2.3661417322834648E-2",82.9759999999999,"77.449999999999932","74.407999999999944",69.4579999999999,35.4,16.3,20.7
"BOOI4","2021-08-11 13:00",86.4319999999999,"76.44",2009160,"0","9.6500170000000001","269.7","1.9251968503937011E-2",85.28,"77.377999999999901","74.407999999999944",69.4939999999999,35.3,16.3,20.7
"BOOI4","2021-08-11 14:00",87.1519999999999,"73.099999999999994",2315880,"0","7.7610130000000002","277.7","2.106299212598426E-2",87.0259999999999,"77.359999999999914","74.425999999999917",69.5119999999999,35.3,16.3,20.7
"BOOI4","2021-08-11 15:00",88.4659999999999,"65.42",2777400,"0","7.1490119999999999","275.60000000000002","2.5078740157480319E-2",89.582,"77.359999999999914","74.407999999999944",69.4759999999999,35.3,16.3,20.7
"BOOI4","2021-08-11 16:00",88.8259999999999,"59.74",2521080,"0","7.5180125000000002","281","2.460629921259843E-2",91.6159999999999,"77.413999999999973","74.407999999999944",69.4939999999999,35.3,16.3,20.7
"BOOI4","2021-08-11 17:00",88.6099999999999,"62.2",2055960,"0","6.2720102999999998","285.8","2.106299212598426E-2",92.714,"77.485999999999905","74.425999999999917",69.4759999999999,35.3,16.4,20.7
"BOOI4","2021-08-11 18:00",87.314,"60.49",1524960,"0","6.1950099999999999","283.2","1.6574803149606299E-2",92.8039999999999,"77.611999999999895","74.407999999999944",69.4939999999999,35.3,16.4,20.7
"BOOI4","2021-08-11 19:00",85.388,"64.94",856800,"0","4.4580073000000002","291.7","9.5669291338582683E-3",91.9759999999999,"77.791999999999931","74.407999999999944",69.4939999999999,35.2,16.3,20.7
"BOOI4","2021-08-11 20:00",80.8699999999999,"75.11",335880,"0","1.0430018000000001","304.3","1.5354330708661421E-3",90.122,"77.989999999999952","74.425999999999917",69.53,35.3,16.4,20.7
"BOOI4","2021-08-11 21:00",76.19,"83.3",22831.2,"0","0.44700074000000001","309","-9.8425196850393721E-4",87.8179999999999,"78.169999999999888","74.407999999999944",69.4939999999999,35.3,16.4,20.7
"BOOI4","2021-08-11 22:00",73.688,"86.9",0,"0","0.82000136000000001","295.2","-9.8425196850393721E-4",85.6939999999999,"78.331999999999951","74.425999999999917",69.5119999999999,35.4,16.3,20.7
"BOOI4","2021-08-11 23:00",72.1759999999999,"87.3",0,"0","0.48100080000000001","313.7","-1.181102362204725E-3",83.822,"78.511999999999887","74.443999999999903",69.5119999999999,35.3,16.3,20.7
"BOOI4","2021-08-12 00:00",72.464,"74.489999999999995",0,"0","1.3500023000000001","343.7","-6.6929133858267733E-4",82.13,"78.637999999999977","74.443999999999903",69.53,35.3,16.3,20.7
"BOOI4","2021-08-12 01:00",70.7899999999999,"73.819999999999993",0,"0","0.69700116000000001","349.7","-1.0629921259842519E-3",80.564,"78.709999999999908","74.46199999999989",69.5119999999999,35.3,16.2,20.7
"BOOI4","2021-08-12 02:00",67.046,"83.1",0,"0","0.32400054","13.69","-1.377952755905512E-3",79.196,"78.763999999999967","74.479999999999976",69.5119999999999,35.3,16.2,20.7
"BOOI4","2021-08-12 03:00",66.7579999999999,"81.8",0,"0","1.3000022E-2","288.60000000000002","-1.614173228346457E-3",77.99,"78.763999999999967","74.533999999999921",69.548,35.3,16.2,20.7
"BOOI4","2021-08-12 04:00",62.996,"92.1",0,"0","3.5370059999999999","160.4","1.968503937007874E-4",76.856,"78.691999999999936","74.551999999999907",69.548,35.3,16.2,20.7
"BOOI4","2021-08-12 05:00",62.7259999999999,"95.4",0,"0","2.5090043999999998","207","-7.0866141732283468E-4",75.74,"78.655999999999963","74.605999999999966",69.548,35.3,16.2,20.7
"BOOI4","2021-08-12 06:00",64.2019999999999,"94.2",198,"0","3.5350058","205.5","-5.5118110236220485E-4",74.732,"78.583999999999932","74.623999999999953",69.548,35.3,16.2,20.7
"BOOI4","2021-08-12 07:00",65.6599999999999,"91.7",77544,"0","1.9080031","195.8","-1.25984251968504E-3",73.94,"78.439999999999955","74.659999999999911",69.548,35.2,16.2,20.7
"BOOI4","2021-08-12 08:00",70.3579999999999,"84.2",495360,"0","0.61600100000000002","63.69","2.007874015748032E-3",73.7779999999999,"78.313999999999965","74.677999999999898",69.548,35.2,16.2,20.7
"BOOI4","2021-08-12 09:00",77.63,"71.849999999999994",1085040,"0","1.273002","100.7","7.2047244094488186E-3",74.7859999999999,"78.187999999999974","74.677999999999898",69.5659999999999,35.2,16.2,20.7
"BOOI4","2021-08-12 10:00",79.8439999999999,"72.83",1699200,"0","4.4020076000000001","157.69999999999999","1.366141732283465E-2",77.0359999999999,"77.971999999999966","74.695999999999984",69.5659999999999,35.1,16.2,20.7
"BOOI4","2021-08-12 11:00",84.038,"71.849999999999994",2236320,"0","4.178007","161","1.830708661417323E-2",80.1499999999999,"77.791999999999931","74.731999999999957",69.548,35.1,16.2,20.7
"BOOI4","2021-08-12 12:00",81.572,"71.150000000000006",2645640,"0","8.4300149999999991","6.1020000000000003","2.2913385826771659E-2",83.2999999999999,"77.647999999999954","74.731999999999957",69.5659999999999,35,16.2,20.7
"BOOI4","2021-08-12 13:00",83.0659999999999,"64.92",2905200,"0","7.9750132999999996","14.35","2.4921259842519691E-2",85.8919999999999,"77.539999999999949","74.731999999999957",69.5839999999999,35,16.2,20.7
"BOOI4","2021-08-12 14:00",84.4519999999999,"63.11",2984400,"0","6.1520099999999998","28.16","2.622047244094489E-2",88.5739999999999,"77.449999999999932","74.767999999999915",69.5839999999999,34.9,16.2,20.7
"BOOI4","2021-08-12 15:00",86.8819999999999,"59.9",2858400,"0","3.4750059000000002","31.53","2.4488188976377959E-2",91.4539999999999,"77.467999999999918","74.749999999999929",69.6019999999999,34.9,16.2,20.7
"BOOI4","2021-08-12 16:00",86.8279999999999,"58.19",2419200,"0","6.1660104000000002","349.9","2.3937007874015748E-2",93.146,"77.485999999999905","74.749999999999929",69.5659999999999,34.9,16.2,20.7
"BOOI4","2021-08-12 17:00",82.8499999999999,"62.03",1871640,"0","10.580018000000001","9.2100000000000009","2.1141732283464571E-2",92.93,"77.611999999999895","74.731999999999957",69.5839999999999,34.8,16.2,20.7
"BOOI4","2021-08-12 18:00",81.4999999999999,"55.66",1371960,"0","8.8700139999999994","14.23","1.6850393700787409E-2",91.94,"77.755999999999958","74.71399999999997",69.6019999999999,34.8,16.2,20.7
"BOOI4","2021-08-12 19:00",78.314,"55.46",691200,"0","6.1840105000000003","8.3000000000000007","1.0905511811023619E-2",90.3379999999999,"77.971999999999966","74.71399999999997",69.6019999999999,34.9,16.2,20.7
"BOOI4","2021-08-12 20:00",75.1999999999999,"64.48",329040,"0","3.4610056999999999","0.93200000000000005","3.5826771653543312E-3",88.43,"78.169999999999888","74.677999999999898",69.6019999999999,34.9,16.2,20.7
"BOOI4","2021-08-12 21:00",71.3839999999999,"71.760000000000005",27943.2,"0","2.9420047","8.93","8.2677165354330727E-4",86.3239999999999,"78.403999999999883","74.677999999999898",69.6019999999999,34.9,16.2,20.7
"BOOI4","2021-08-12 22:00",68.4499999999999,"74.56",0,"0","2.7660046","6.335","2.7559055118110242E-4",84.2179999999999,"78.583999999999932","74.677999999999898",69.6019999999999,35,16.2,20.7
"BOOI4","2021-08-12 23:00",66.5419999999999,"72.430000000000007",0,"0","3.5730059999999999","1.07","5.5118110236220485E-4",82.2919999999999,"78.763999999999967","74.677999999999898",69.638,35,16.2,20.7
"BOOI4","2021-08-13 00:00",65.048,"71.88",0,"0","3.8020065000000001","8.31","6.2992125984251976E-4",80.582,"78.853999999999886","74.695999999999984",69.6019999999999,35,16.2,20.7
"BOOI4","2021-08-13 01:00",63.14,"75.930000000000007",0,"0","3.4470054999999999","10.77","4.3307086614173231E-4",78.998,"78.925999999999917","74.71399999999997",69.638,35,16.2,20.7
"BOOI4","2021-08-13 02:00",63.5539999999999,"75.209999999999994",0,"0","1.8740030000000001","353","-2.7559055118110242E-4",77.738,"78.979999999999976","74.749999999999929",69.638,35,16.2,20.7
"BOOI4","2021-08-13 03:00",60.44,"87.3",0,"0","1.5230025","91.8","-4.7244094488188988E-4",76.748,"78.925999999999917","74.749999999999929",69.638,35,16.2,20.7
"BOOI4","2021-08-13 04:00",60.53,"90",0,"0","0.8330014","221","-9.4488188976377975E-4",75.8119999999999,"78.871999999999971","74.803999999999888",69.656,35,16.2,20.7
"BOOI4","2021-08-13 05:00",61.9519999999999,"86.5",0,"0","1.4690023999999999","303.8","-6.6929133858267733E-4",75.038,"78.79999999999994","74.839999999999961",69.656,34.9,16.2,20.7
"BOOI4","2021-08-13 06:00",60.5839999999999,"85.1",270,"0","1.3250021999999999","313.5","-6.2992125984251976E-4",74.3539999999999,"78.67399999999995","74.857999999999933",69.6739999999999,34.9,16.2,20.7
"BOOI4","2021-08-13 07:00",58.838,"92.3",60804,"0","1.5960026","261.89999999999998","-1.4566929133858269E-3",73.472,"78.511999999999887","74.893999999999906",69.656,34.9,16.2,20.7
"BOOI4","2021-08-13 08:00",63.7699999999999,"83.3",460440,"0","3.1710052000000002","255.2","2.1653543307086618E-3",72.9679999999999,"78.349999999999937","74.893999999999906",69.656,34.9,16.1,20.7
"BOOI4","2021-08-13 09:00",68.3599999999999,"71.67",994680,"0","4.8380080000000003","255.1","7.0078740157480321E-3",73.346,"78.187999999999974","74.911999999999892",69.6739999999999,34.9,16.1,20.7
"BOOI4","2021-08-13 10:00",72.3199999999999,"60.1",1725120,"0","5.6500089999999998","255.5","1.405511811023622E-2",74.8939999999999,"78.025999999999925","74.947999999999965",69.656,34.8,16.1,20.7
"BOOI4","2021-08-13 11:00",75.7039999999999,"55.9",2304360,"0","5.6150092999999996","264","1.9291338582677169E-2",77.414,"77.827999999999903","74.929999999999978",69.6919999999999,34.8,16.1,20.7
"BOOI4","2021-08-13 12:00",78.6199999999999,"52.61",2763720,"0","3.7550062999999998","295.60000000000002","2.2480314960629921E-2",80.7259999999999,"77.66599999999994","74.947999999999965",69.6919999999999,34.6,16.1,20.7
"BOOI4","2021-08-13 13:00",80.78,"42.3",3049200,"0","3.4460055999999999","325.8","2.5314960629921269E-2",84.2539999999999,"77.503999999999891","74.947999999999965",69.6919999999999,34.6,16.1,20.7
"BOOI4","2021-08-13 14:00",81.8779999999999,"43.71",3114000,"0","4.1110066999999999","325.89999999999998","2.7165354330708661E-2",87.4579999999999,"77.449999999999932","74.911999999999892",69.6919999999999,34.5,16.1,20.8
"BOOI4","2021-08-13 15:00",83.0659999999999,"44.65",2980800,"0","5.9900102999999998","328.9","2.818897637795276E-2",89.8159999999999,"77.359999999999914","74.911999999999892",69.6919999999999,34.4,16.1,20.8
"BOOI4","2021-08-13 16:00",83.4079999999999,"40.65",2661120,"0","5.2440090000000001","321.39999999999998","2.543307086614174E-2",91.3279999999999,"77.359999999999914","74.929999999999978",69.7099999999999,34.3,16.1,20.8
"BOOI4","2021-08-13 17:00",83.3179999999999,"40.68",2182320,"0","6.1540100000000004","310.60000000000002","2.2795275590551181E-2",92.03,"77.449999999999932","74.911999999999892",69.7279999999999,34.3,16,20.8
"BOOI4","2021-08-13 18:00",81.9499999999999,"39.17",1596600,"0","5.7360096","307.60000000000002","1.8385826771653551E-2",91.8679999999999,"77.575999999999922","74.893999999999906",69.7099999999999,34.3,16,20.8
"BOOI4","2021-08-13 19:00",79.5199999999999,"45.6",894240,"0","4.1100070000000004","310.89999999999998","1.066929133858268E-2",90.8239999999999,"77.755999999999958","74.857999999999933",69.7279999999999,34.3,16,20.8
"BOOI4","2021-08-13 20:00",72.896,"59.54",354600,"0","3.2400053","302.8","3.9763779527559068E-3",88.772,"77.971999999999966","74.857999999999933",69.746,34.3,16,20.8
"BOOI4","2021-08-13 21:00",68.414,"66.78",20559.6,"0","1.8210031","313.60000000000002","-7.874015748031497E-5",86.2519999999999,"78.169999999999888","74.857999999999933",69.7279999999999,34.4,16,20.8
"BOOI4","2021-08-13 22:00",68.0539999999999,"67.7",0,"0","1.7610030000000001","340.9","-3.1496062992125988E-4",83.93,"78.331999999999951","74.803999999999888",69.746,34.4,15.9,20.8
"BOOI4","2021-08-13 23:00",65.9659999999999,"72.05",0,"0","2.1670036000000001","343.4","-1.181102362204725E-4",81.9499999999999,"78.4939999999999","74.821999999999974",69.746,34.5,15.9,20.8
"BOOI4","2021-08-14 00:00",65.48,"69.72",0,"0","2.2860038","1.4730000000000001","-7.874015748031497E-5",80.24,"78.583999999999932","74.821999999999974",69.746,34.5,15.9,20.8
"BOOI4","2021-08-14 01:00",62.4739999999999,"73.97",0,"0","1.9560032000000001","341.4","-3.1496062992125988E-4",78.6919999999999,"78.655999999999963","74.821999999999974",69.782,34.5,15.9,20.8
"BOOI4","2021-08-14 02:00",61.6279999999999,"73.349999999999994",0,"0","1.0750017000000001","312.7","-9.4488188976377975E-4",77.2339999999999,"78.691999999999936","74.839999999999961",69.764,34.5,15.9,20.8
"BOOI4","2021-08-14 03:00",60.7279999999999,"73.09",0,"0","2.0550033999999999","303.5","-2.3622047244094491E-4",75.938,"78.637999999999977","74.857999999999933",69.764,34.5,15.9,20.8
"BOOI4","2021-08-14 04:00",61.0519999999999,"66.92",0,"0","1.8870031","304.2","-3.1496062992125988E-4",74.7679999999999,"78.565999999999946","74.87599999999992",69.782,34.6,15.9,20.8
"BOOI4","2021-08-14 05:00",55.04,"85.8",0,"0","1.0080016999999999","265.10000000000002","-9.4488188976377975E-4",73.598,"78.439999999999955","74.911999999999892",69.782,34.6,15.9,20.8
"BOOI4","2021-08-14 06:00",56.5339999999999,"78.55",201.6,"0","0.7710013","293.5","-1.1023622047244099E-3",72.5539999999999,"78.331999999999951","74.893999999999906",69.782,34.5,15.9,20.8
"BOOI4","2021-08-14 07:00",57.1999999999999,"81.5",86436,"0","0.39100066","273.5","-1.614173228346457E-3",71.5999999999999,"78.187999999999974","74.929999999999978",69.7999999999999,34.5,15.9,20.8
"BOOI4","2021-08-14 08:00",64.9759999999999,"72.63",568080,"0","0.43600070000000002","262.3","1.653543307086615E-3",71.1319999999999,"78.025999999999925","74.947999999999965",69.782,34.5,15.9,20.8
"BOOI4","2021-08-14 09:00",72.5539999999999,"49.71",1210680,"0","5.5000090000000001E-2","186.3","6.574803149606301E-3",71.888,"77.827999999999903","74.965999999999937",69.8179999999999,34.4,15.8,20.8
"BOOI4","2021-08-14 10:00",74.588,"45.81",1853280,"0","1.224002","144","1.2952755905511809E-2",74.0119999999999,"77.66599999999994","74.965999999999937",69.782,34.4,15.9,20.8
"BOOI4","2021-08-14 11:00",77.4859999999999,"40.47",2405880,"0","1.3920022999999999","162.6","1.7834645669291341E-2",77.1079999999999,"77.449999999999932","74.965999999999937",69.8179999999999,34.3,15.9,20.8
"BOOI4","2021-08-14 12:00",77.3419999999999,"40.85",2833200,"0","2.8500046999999999","153.5","2.299212598425197E-2",80.6539999999999,"77.269999999999897","74.947999999999965",69.7999999999999,34.2,15.9,20.8
"BOOI4","2021-08-14 13:00",79.448,"38.17",3088800,"0","3.3540055999999998","158.69999999999999","2.5748031496063001E-2",84.3079999999999,"77.089999999999961","74.965999999999937",69.8179999999999,34.1,15.9,20.8
"BOOI4","2021-08-14 14:00",79.5019999999999,"34.75",3139200,"0","2.8380048000000002","198.4","2.6102362204724412E-2",87.5119999999999,"76.999999999999929","74.929999999999978",69.8179999999999,34,15.9,20.8
"BOOI4","2021-08-14 15:00",81.7339999999999,"38.479999999999997",2984400,"0","3.2020054","99.7","2.547244094488189E-2",90.23,"76.927999999999898","74.929999999999978",69.8359999999999,33.9,15.8,20.8
"BOOI4","2021-08-14 16:00",80.672,"38.19",2580840,"0","4.3120073999999997","112.7","2.3740157480314959E-2",92.0659999999999,"76.909999999999911","74.87599999999992",69.8179999999999,33.9,15.8,20.8
"BOOI4","2021-08-14 17:00",80.7439999999999,"40.630000000000003",2161440,"0","4.8220077000000003","128.69999999999999","2.106299212598426E-2",93.056,"77.017999999999915","74.893999999999906",69.7999999999999,33.8,15.8,20.8
"BOOI4","2021-08-14 18:00",79.646,"41.46",1567440,"0","4.5560080000000003","163","1.6023622047244099E-2",92.912,"77.161999999999892","74.821999999999974",69.8359999999999,33.8,15.8,20.8
"BOOI4","2021-08-14 19:00",77.2159999999999,"51.31",874800,"0","4.0860066000000002","157.6","1.011811023622048E-2",91.7779999999999,"77.323999999999941","74.803999999999888",69.8539999999999,33.9,15.8,20.8
"BOOI4","2021-08-14 20:00",73.3279999999999,"60.18",301680,"0","2.0760035999999999","171.2","2.0866141732283471E-3",89.6179999999999,"77.557999999999936","74.803999999999888",69.8539999999999,33.8,15.7,20.8
"BOOI4","2021-08-14 21:00",69.6199999999999,"62.53",14648.4,"0","6.0000100000000001E-2","145.4","-1.6929133858267721E-3",87.0619999999999,"77.773999999999944","74.803999999999888",69.8539999999999,33.9,15.7,20.8
"BOOI4","2021-08-14 22:00",67.7119999999999,"65.78",0,"0","1.4120022999999999","148.6","-4.7244094488188988E-4",84.74,"77.971999999999966","74.767999999999915",69.872,33.9,15.7,20.8
"BOOI4","2021-08-14 23:00",66.0739999999999,"69.25",0,"0","2.2640037999999998","131.5","0",82.6699999999999,"78.133999999999929","74.749999999999929",69.872,33.9,15.7,20.8
"BOOI4","2021-08-15 00:00",65.498,"67.53",0,"0","2.1740035999999998","145.19999999999999","-7.874015748031497E-5",80.888,"78.25999999999992","74.749999999999929",69.8539999999999,34,15.7,20.8
"BOOI4","2021-08-15 01:00",63.572,"70.63",0,"0","2.8000045","145.9","2.3622047244094491E-4",79.322,"78.349999999999937","74.749999999999929",69.8539999999999,34,15.6,20.8
"BOOI4","2021-08-15 02:00",62.1679999999999,"73.91",0,"0","2.9150046999999999","145.5","1.181102362204725E-4",77.8819999999999,"78.385999999999896","74.749999999999929",69.872,34,15.6,20.8
"BOOI4","2021-08-15 03:00",58.8919999999999,"82.6",0,"0","2.4540039999999999","166.7","-3.1496062992125988E-4",76.5859999999999,"78.349999999999937","74.767999999999915",69.89,34,15.6,20.8
"BOOI4","2021-08-15 04:00",59.54,"80.2",0,"0","1.6100026000000001","146.9","-7.0866141732283468E-4",75.4159999999999,"78.331999999999951","74.785999999999902",69.8539999999999,34,15.6,20.8
"BOOI4","2021-08-15 05:00",57.596,"84.6",0,"0","1.7040029000000001","134.80000000000001","-6.2992125984251976E-4",74.3539999999999,"78.20599999999996","74.803999999999888",69.9079999999999,34,15.6,20.8
"BOOI4","2021-08-15 06:00",55.8859999999999,"91.3",194.4,"0","2.5960041999999999","108","-5.1181102362204728E-4",73.3099999999999,"78.097999999999956","74.803999999999888",69.89,34,15.6,20.8
"BOOI4","2021-08-15 07:00",57.6859999999999,"89.4",74628,"0","0.91300150000000002","94.9","-1.5354330708661421E-3",72.3919999999999,"77.971999999999966","74.839999999999961",69.89,34,15.6,20.8
"BOOI4","2021-08-15 08:00",62.7439999999999,"83.2",523440,"0","2.0610034000000002","116","1.9291338582677171E-3",71.9419999999999,"77.809999999999917","74.857999999999933",69.9079999999999,33.9,15.7,20.8
"BOOI4","2021-08-15 09:00",67.0279999999999,"80.099999999999994",1173600,"0","3.9780066000000001","159","7.1653543307086624E-3",72.59,"77.647999999999954","74.857999999999933",69.9079999999999,33.9,15.7,20.8
"BOOI4","2021-08-15 10:00",72.2839999999999,"68.849999999999994",1817640,"0","5.5180090000000002","164.7","1.326771653543307E-2",74.4439999999999,"77.449999999999932","74.87599999999992",69.9259999999999,33.8,15.7,20.8
"BOOI4","2021-08-15 11:00",74.7679999999999,"57.64",2384640,"0","6.7390112999999996","151.9","1.8976377952755911E-2",77.198,"77.269999999999897","74.857999999999933",69.9079999999999,33.7,15.7,20.8
"BOOI4","2021-08-15 12:00",77.1079999999999,"52.01",2819160,"0","7.5360120000000004","142.19999999999999","2.4527559055118119E-2",80.4019999999999,"77.107999999999933","74.857999999999933",69.9079999999999,33.6,15.6,20.8
"BOOI4","2021-08-15 13:00",77.8999999999999,"45.45",3096000,"0","7.6010127000000001","134.69999999999999","2.7559055118110239E-2",83.6599999999999,"76.945999999999984","74.87599999999992",69.9079999999999,33.6,15.6,20.8
"BOOI4","2021-08-15 14:00",79.3939999999999,"45.8",3150000,"0","7.2740119999999999","135","2.8622047244094489E-2",86.738,"76.855999999999966","74.839999999999961",69.9259999999999,33.4,15.6,20.8
"BOOI4","2021-08-15 15:00",80.2039999999999,"46.14",3020400,"0","7.2510120000000002","157.9","2.8346456692913389E-2",89.24,"76.819999999999894","74.821999999999974",69.9259999999999,33.3,15.6,20.8
"BOOI4","2021-08-15 16:00",79.88,"42.57",2679120,"0","7.7280125999999996","145.30000000000001","2.681102362204725E-2",90.9499999999999,"76.819999999999894","74.803999999999888",69.9259999999999,33.1,15.5,20.8
"BOOI4","2021-08-15 17:00",79.898,"49.27",2180520,"0","8.890015","139.9","2.405511811023622E-2",91.7239999999999,"76.873999999999953","74.785999999999902",69.9079999999999,33.1,15.5,20.8
"BOOI4","2021-08-15 18:00",79.0339999999999,"48.27",1571040,"0","8.6200139999999994","139.6","1.862204724409449E-2",91.472,"76.999999999999929","74.767999999999915",69.9259999999999,33,15.5,20.8
"BOOI4","2021-08-15 19:00",77.4679999999999,"55.11",871920,"0","7.6040130000000001","133.6","1.283464566929134E-2",90.356,"77.197999999999965","74.731999999999957",69.9259999999999,33,15.5,20.8
"BOOI4","2021-08-15 20:00",73.0399999999999,"67.739999999999995",292320,"0","4.8800080000000001","122.4","4.4488188976377959E-3",88.4659999999999,"77.395999999999987","74.71399999999997",69.9259999999999,33.1,15.5,20.8
"BOOI4","2021-08-15 21:00",69.7099999999999,"75.55",14526,"0","4.5110080000000004","114.6","9.0551181102362219E-4",86.18,"77.593999999999909","74.677999999999898",69.9259999999999,33.2,15.4,20.8
"BOOI4","2021-08-15 22:00",68.4679999999999,"76.459999999999994",0,"0","5.1980089999999999","124.4","7.0866141732283468E-4",84.056,"77.755999999999958","74.677999999999898",69.9259999999999,33.2,15.5,20.8
"BOOI4","2021-08-15 23:00",65.9839999999999,"82",0,"0","3.8420062000000001","137.5","1.968503937007874E-4",82.256,"77.881999999999948","74.677999999999898",69.9439999999999,33.2,15.5,20.8
"BOOI4","2021-08-16 00:00",63.9679999999999,"86.9",0,"0","3.1620051999999998","144.9","-2.7559055118110242E-4",80.672,"78.007999999999939","74.677999999999898",69.9619999999999,33.3,15.5,20.8
"BOOI4","2021-08-16 01:00",62.564,"90.2",0,"0","3.0640051000000001","140.4","-4.3307086614173231E-4",79.2859999999999,"78.097999999999956","74.641999999999925",69.9619999999999,33.3,15.5,20.8
"BOOI4","2021-08-16 02:00",61.8439999999999,"92.3",0,"0","3.0720049999999999","131.80000000000001","-5.5118110236220485E-4",78.0439999999999,"78.097999999999956","74.659999999999911",69.9439999999999,33.4,15.5,20.8
"BOOI4","2021-08-16 03:00",60.656,"93.4",0,"0","4.2070069999999999","131.9","-4.3307086614173231E-4",76.9099999999999,"78.115999999999943","74.71399999999997",69.9619999999999,33.4,15.4,20.8
"BOOI4","2021-08-16 04:00",60.5839999999999,"94.8",0,"0","3.4700058","138.4","-6.2992125984251976E-4",75.8659999999999,"78.061999999999884","74.71399999999997",69.9619999999999,33.4,15.4,20.8
"BOOI4","2021-08-16 05:00",59.5039999999999,"96.6",0,"0","3.8490063999999999","135.69999999999999","-5.905511811023623E-4",74.93,"77.971999999999966","74.695999999999984",69.9439999999999,33.4,15.4,20.8
"BOOI4","2021-08-16 06:00",58.6039999999999,"97.2",151.2,"0","3.1800052999999999","138.9","-7.4803149606299225E-4",74.0659999999999,"77.881999999999948","74.749999999999929",69.9619999999999,33.3,15.4,20.8
"BOOI4","2021-08-16 07:00",59.54,"95.7",69876,"0","3.9580063999999999","131.69999999999999","-1.220472440944882E-3",73.256,"77.755999999999958","74.731999999999957",69.9619999999999,33.3,15.3,20.8
"BOOI4","2021-08-16 08:00",62.7619999999999,"91.9",517320,"0","3.5650057999999998","141.9","1.771653543307087E-3",72.8239999999999,"77.611999999999895","74.749999999999929",69.9619999999999,33.4,15.3,20.8
"BOOI4","2021-08-16 09:00",67.8199999999999,"85.8",1145160,"0","6.2780104000000003","160.6","6.6141732283464582E-3",73.346,"77.467999999999918","74.785999999999902",69.98,33.2,15.3,20.8
"BOOI4","2021-08-16 10:00",71.888,"78.63",1780200,"0","6.0980100000000004","170.9","1.216535433070866E-2",74.9659999999999,"77.323999999999941","74.767999999999915",69.9619999999999,33.1,15.4,20.8
"BOOI4","2021-08-16 11:00",74.84,"72.41",2337840,"0","6.2160105999999997","163.69999999999999","1.7401574803149609E-2",77.5399999999999,"77.143999999999906","74.767999999999915",69.9619999999999,33,15.4,20.8
"BOOI4","2021-08-16 12:00",77.9179999999999,"66.52",2794320,"0","6.5160108000000001","158.30000000000001","2.1968503937007881E-2",80.7259999999999,"76.999999999999929","74.767999999999915",69.98,32.9,15.4,20.8
"BOOI4","2021-08-16 13:00",79.0699999999999,"61.04",2742480,"0","7.9090129999999998","161.30000000000001","2.409448818897638E-2",83.714,"76.891999999999925","74.767999999999915",69.98,32.7,15.3,20.8
"BOOI4","2021-08-16 14:00",80.7619999999999,"54",2783160,"0","6.4390105999999996","158.69999999999999","2.4724409448818901E-2",85.964,"76.801999999999907","74.749999999999929",69.98,32.5,15.3,20.8
"BOOI4","2021-08-16 15:00",80.996,"56.87",2665080,"0","7.8780130000000002","143.80000000000001","2.5000000000000001E-2",88.43,"76.765999999999948","74.749999999999929",69.9619999999999,32.3,15.3,20.8
"BOOI4","2021-08-16 16:00",81.1939999999999,"56.49",2490840,"0","8.2000139999999995","131.4","2.405511811023622E-2",90.1039999999999,"76.783999999999921","74.71399999999997",69.98,32,15.3,20.8
"BOOI4","2021-08-16 17:00",80.8519999999999,"57.48",2008080,"0","7.9580130000000002","143.80000000000001","2.0669291338582679E-2",91.0399999999999,"76.83799999999998","74.71399999999997",69.9619999999999,31.9,15.2,20.8
"BOOI4","2021-08-16 18:00",80.0779999999999,"57.64",1502640,"0","8.5000140000000002","138.80000000000001","1.7283464566929141E-2",90.9859999999999,"76.945999999999984","74.695999999999984",70.0159999999999,31.8,15.2,20.8
"BOOI4","2021-08-16 19:00",78.0079999999999,"60.79",816120,"0","9.1300150000000002","133.9","1.255905511811024E-2",89.8879999999999,"77.089999999999961","74.659999999999911",69.9619999999999,31.8,15.2,20.8
"BOOI4","2021-08-16 20:00",73.364,"72.59",246816,"0","6.6750109999999996","127.4","5.4724409448818909E-3",88.0519999999999,"77.287999999999982","74.641999999999925",69.98,31.9,15.1,20.8
"BOOI4","2021-08-16 21:00",69.2419999999999,"81.3",9835.2,"0","4.9610079999999996","121.5","7.4803149606299225E-4",85.874,"77.449999999999932","74.623999999999953",69.98,32.1,15.1,20.8
"BOOI4","2021-08-16 22:00",67.082,"83.7",0,"0","5.4960089999999999","124.6","5.1181102362204728E-4",83.8759999999999,"77.629999999999981","74.623999999999953",69.998,32.2,15.1,20.8
"BOOI4","2021-08-16 23:00",66.1099999999999,"82.6",0,"0","5.5060089999999997","127.5","3.5433070866141729E-4",82.13,"77.755999999999958","74.623999999999953",69.998,32.2,15.1,20.8
"BOOI4","2021-08-17 00:00",63.446,"87.7",0,"0","4.5720077000000003","154.5","-3.9370078740157492E-5",80.546,"77.863999999999962","74.605999999999966",69.998,32.3,15.1,20.8
"BOOI4","2021-08-17 01:00",61.898,"91.9",0,"0","4.7860079999999998","155.80000000000001","-1.968503937007874E-4",79.1599999999999,"77.917999999999921","74.605999999999966",69.98,32.3,15.2,20.8
"BOOI4","2021-08-17 02:00",62.0239999999999,"91.9",0,"0","4.2490069999999998","153.80000000000001","-3.5433070866141729E-4",77.9179999999999,"77.935999999999908","74.623999999999953",69.998,32.3,15.1,20.8
"BOOI4","2021-08-17 03:00",60.9439999999999,"93",0,"0","4.223007","155.30000000000001","-3.9370078740157491E-4",76.8199999999999,"77.917999999999921","74.623999999999953",69.998,32.3,15.1,20.8
"BOOI4","2021-08-17 04:00",60.188,"93.3",0,"0","3.8150062999999999","161.69999999999999","-4.7244094488188988E-4",75.8659999999999,"77.863999999999962","74.641999999999925",70.0159999999999,32.3,15.1,20.8
"BOOI4","2021-08-17 05:00",59.198,"95",0,"0","2.8540049000000001","161.69999999999999","-6.6929133858267733E-4",74.9659999999999,"77.809999999999917","74.641999999999925",69.998,32.3,15.1,20.8
"BOOI4","2021-08-17 06:00",59.99,"94.2",108,"0","1.6470028000000001","172.2","-9.4488188976377975E-4",74.1739999999999,"77.683999999999926","74.659999999999911",69.998,32.3,15.1,20.7
"BOOI4","2021-08-17 07:00",60.4579999999999,"93.9",42804,"0","2.8980049999999999","158.1","-1.2992125984251971E-3",73.598,"77.575999999999922","74.677999999999898",70.0339999999999,32.3,15.1,20.8
"BOOI4","2021-08-17 08:00",63.3919999999999,"91.2",326160,"0","3.2150051999999998","147.69999999999999","1.574803149606299E-3",73.3099999999999,"77.449999999999932","74.677999999999898",70.0159999999999,32.3,15.1,20.7
"BOOI4","2021-08-17 09:00",67.532,"86.6",649440,"0","4.9700084000000002","143.80000000000001","4.4488188976377959E-3",73.7239999999999,"77.305999999999969","74.677999999999898",69.98,32.3,15.1,20.7
"BOOI4","2021-08-17 10:00",74.3539999999999,"75.86",1613160,"0","7.2630119999999998","165.2","1.1574803149606299E-2",75.146,"77.161999999999892","74.695999999999984",70.0159999999999,32.2,15.1,20.7
"BOOI4","2021-08-17 11:00",79.4119999999999,"66.930000000000007",2082600,"0","7.0010120000000002","169.8","1.696850393700788E-2",77.4679999999999,"76.999999999999929","74.71399999999997",70.0159999999999,31.9,15.1,20.7
"BOOI4","2021-08-17 12:00",81.122,"66.67",2709000,"0","6.8220115000000003","173.6","2.2913385826771659E-2",80.6359999999999,"76.83799999999998","74.695999999999984",70.0339999999999,31.7,15.1,20.7
"BOOI4","2021-08-17 13:00",83.2099999999999,"64.77",2959200,"0","7.0950116999999997","165.4","2.566929133858268E-2",84.0199999999999,"76.747999999999962","74.677999999999898",69.998,31.3,15.1,20.7
"BOOI4","2021-08-17 14:00",84.488,"61.23",2944800,"0","7.4400124999999999","158.1","2.6338582677165361E-2",87.08,"76.657999999999944","74.677999999999898",70.0339999999999,31,15.1,20.7
"BOOI4","2021-08-17 15:00",83.498,"65.95",2275200,"0","8.5500144999999996","150.5","2.299212598425197E-2",89.33,"76.639999999999958","74.659999999999911",70.0159999999999,30.6,15,20.7
"BOOI4","2021-08-17 16:00",84.2899999999999,"63.26",1970280,"0","10.160017","139.4","2.1811023622047249E-2",90.0859999999999,"76.639999999999958","74.677999999999898",70.0159999999999,30.2,15,20.7
"BOOI4","2021-08-17 17:00",84.956,"61.86",1948680,"0","10.490017999999999","141.1","2.2047244094488199E-2",90.7339999999999,"76.71199999999989","74.623999999999953",70.0159999999999,29.9,15,20.7
"BOOI4","2021-08-17 18:00",83.822,"62.63",1416600,"0","10.850018499999999","145.19999999999999","1.834645669291339E-2",90.7339999999999,"76.819999999999894","74.641999999999925",70.0339999999999,29.7,14.9,20.7
"BOOI4","2021-08-17 19:00",81.68,"67.25",676080,"0","9.3800159999999995","133.80000000000001","1.1653543307086621E-2",89.762,"76.981999999999957","74.569999999999894",70.0159999999999,29.8,14.9,20.7
"BOOI4","2021-08-17 20:00",77.3239999999999,"77.239999999999995",129384,"0","6.4570106999999997","132.6","4.8425196850393707E-3",88.124,"77.161999999999892","74.58799999999998",70.0339999999999,30,14.9,20.7
"BOOI4","2021-08-17 21:00",74.5699999999999,"83.1",6670.8,"0","4.9040080000000001","134.19999999999999","6.6929133858267733E-4",86.2519999999999,"77.323999999999941","74.533999999999921",70.0159999999999,30.1,14.9,20.7
"BOOI4","2021-08-17 22:00",72.7159999999999,"87.6",0,"0","5.1680089999999996","134.1","3.9370078740157491E-4",84.596,"77.503999999999891","74.533999999999921",70.0159999999999,30.3,14.9,20.7
"BOOI4","2021-08-17 23:00",71.1679999999999,"91.5",0,"0","4.4910072999999997","133.4","-3.9370078740157492E-5",83.1739999999999,"77.611999999999895","74.533999999999921",70.0339999999999,30.3,14.9,20.7
"BOOI4","2021-08-18 00:00",69.6739999999999,"94.1",0,"0","3.4000056000000001","141.19999999999999","-4.3307086614173231E-4",81.914,"77.755999999999958","74.515999999999948",70.0339999999999,30.5,14.9,20.7
"BOOI4","2021-08-18 01:00",68.9539999999999,"95.3",0,"0","3.6130059999999999","146.6","-5.1181102362204728E-4",80.798,"77.827999999999903","74.533999999999921",70.0339999999999,30.5,14.9,20.7
"BOOI4","2021-08-18 02:00",68.1439999999999,"96.4",0,"0","3.641006","143","-5.5118110236220485E-4",79.8259999999999,"77.881999999999948","74.551999999999907",70.0519999999999,30.6,14.9,20.7
"BOOI4","2021-08-18 03:00",68.0539999999999,"97",0,"0","3.7670062","136.9","-5.905511811023623E-4",78.9439999999999,"77.863999999999962","74.569999999999894",70.0339999999999,30.6,14.9,20.8
"BOOI4","2021-08-18 04:00",67.172,"98.1",0,"0","4.6040077000000004","129.4","-5.5118110236220485E-4",78.1339999999999,"77.845999999999989","74.569999999999894",70.0339999999999,30.6,14.9,20.8
"BOOI4","2021-08-18 05:00",65.9119999999999,"99.4",0,"0","3.6500059999999999","140.69999999999999","-7.0866141732283468E-4",77.3599999999999,"77.827999999999903","74.58799999999998",70.0339999999999,30.6,14.9,20.7
"BOOI4","2021-08-18 06:00",66.0019999999999,"99.8",75.6,"0","4.5960080000000003","131.30000000000001","-6.6929133858267733E-4",76.64,"77.773999999999944","74.58799999999998",70.0519999999999,30.7,14.9,20.7
"BOOI4","2021-08-18 07:00",65.9839999999999,"99.4",54108,"0","4.3210072999999998","138.5","-5.1181102362204728E-4",75.9919999999999,"77.66599999999994","74.605999999999966",70.0339999999999,30.7,14.9,20.7
"BOOI4","2021-08-18 08:00",68.4859999999999,"97.6",441720,"0","4.8140077999999997","159.1","1.4173228346456689E-3",75.6319999999999,"77.593999999999909","74.623999999999953",69.998,30.7,14.9,20.7
"BOOI4","2021-08-18 09:00",73.5619999999999,"87.6",1059480,"0","6.7120110000000004","157.1","6.2992125984251976E-3",76.1179999999999,"77.485999999999905","74.641999999999925",70.0519999999999,30.6,14.9,20.7
"BOOI4","2021-08-18 10:00",78.08,"78",1683720,"0","6.5760107000000003","158.30000000000001","1.2519685039370079E-2",77.648,"77.395999999999987","74.623999999999953",70.0519999999999,30.4,14.9,20.7
"BOOI4","2021-08-18 11:00",79.9519999999999,"72.67",2250720,"0","8.0100130000000007","162.6","1.8661417322834651E-2",80.006,"77.269999999999897","74.641999999999925",70.0339999999999,30,14.9,20.7
"BOOI4","2021-08-18 12:00",83.822,"65.760000000000005",2682720,"0","9.520016","166.8","2.350393700787402E-2",82.7779999999999,"77.161999999999892","74.623999999999953",70.0339999999999,29.5,14.8,20.7
"BOOI4","2021-08-18 13:00",83.246,"64.92",2695680,"0","8.5000140000000002","166.2","2.4842519685039369E-2",85.6039999999999,"77.071999999999974","74.659999999999911",70.0339999999999,29.2,14.8,20.7
"BOOI4","2021-08-18 14:00",85.6939999999999,"58.26",2664360,"0","8.5200150000000008","158","2.5787401574803151E-2",87.9079999999999,"77.035999999999902","74.659999999999911",70.0339999999999,28.7,14.8,20.7
"BOOI4","2021-08-18 15:00",85.4599999999999,"59.98",2309760,"0","9.8900170000000003","147","2.4921259842519691E-2",89.78,"77.017999999999915","74.641999999999925",70.0519999999999,28.3,14.7,20.7
"BOOI4","2021-08-18 16:00",85.6039999999999,"60.49",1441440,"0","9.1000160000000001","148.19999999999999","1.8661417322834651E-2",90.1939999999999,"77.053999999999888","74.623999999999953",70.0519999999999,28,14.7,20.7
"BOOI4","2021-08-18 17:00",86.3239999999999,"61.9",1720440,"0","8.7100139999999993","147.1","2.0157480314960629E-2",90.5539999999999,"77.12599999999992","74.623999999999953",70.0339999999999,27.6,14.7,20.7
"BOOI4","2021-08-18 18:00",84.1819999999999,"64.81",1108440,"0","8.9400150000000007","136.19999999999999","1.547244094488189E-2",90.5179999999999,"77.215999999999937","74.58799999999998",70.0339999999999,27.4,14.6,20.7
"BOOI4","2021-08-18 19:00",82.0039999999999,"70.31",434520,"0","6.7770114000000001","131.5","8.4251968503937028E-3",89.546,"77.359999999999914","74.623999999999953",70.0519999999999,27.5,14.6,20.7
"BOOI4","2021-08-18 20:00",79.088,"76.88",143424,"0","5.7310094999999999","127.8","4.3700787401574808E-3",88.124,"77.503999999999891","74.58799999999998",70.0699999999999,27.6,14.6,20.7
"BOOI4","2021-08-18 21:00",75.614,"85.6",5698.8,"0","4.0410066000000002","116.8","7.4803149606299225E-4",86.5939999999999,"77.683999999999926","74.605999999999966",70.0519999999999,27.8,14.6,20.7
"BOOI4","2021-08-18 22:00",74.4439999999999,"88.3",0,"0","4.8070079999999997","124.8","3.9370078740157491E-4",85.064,"77.791999999999931","74.58799999999998",70.0519999999999,27.9,14.6,20.7
"BOOI4","2021-08-18 23:00",73.4179999999999,"89.6",0,"0","4.7740080000000003","132.19999999999999","2.7559055118110242E-4",83.7499999999999,"77.935999999999908","74.58799999999998",70.0339999999999,28,14.6,20.7
"BOOI4","2021-08-19 00:00",71.888,"93",0,"0","3.3870057999999998","141.30000000000001","-7.874015748031497E-5",82.6159999999999,"78.025999999999925","74.605999999999966",70.0519999999999,28.1,14.6,20.7
"BOOI4","2021-08-19 01:00",70.2679999999999,"95.4",0,"0","2.6630044000000002","149.4","-3.1496062992125988E-4",81.6079999999999,"78.061999999999884","74.605999999999966",70.0699999999999,28.2,14.6,20.7
"BOOI4","2021-08-19 02:00",70.232,"95.2",3.6,"0","2.8910048000000002","159","-3.5433070866141729E-4",80.672,"78.115999999999943","74.605999999999966",70.0519999999999,28.3,14.6,20.7
"BOOI4","2021-08-19 03:00",69.0439999999999,"96.5",0,"0","3.1880052000000001","147.80000000000001","-3.5433070866141729E-4",79.8079999999999,"78.115999999999943","74.605999999999966",70.0339999999999,28.3,14.6,20.7
"BOOI4","2021-08-19 04:00",67.6039999999999,"98.4",0,"0","2.6920047","160","-4.7244094488188988E-4",79.0339999999999,"78.097999999999956","74.641999999999925",70.0699999999999,28.3,14.6,20.7
"BOOI4","2021-08-19 05:00",67.064,"98.9",0,"0","2.392004","159.1","-5.5118110236220485E-4",78.2779999999999,"78.061999999999884","74.659999999999911",70.0699999999999,28.3,14.6,20.7
"BOOI4","2021-08-19 06:00",66.2899999999999,"100",50.4,"0","2.4340038000000002","165.4","-5.905511811023623E-4",77.5579999999999,"78.007999999999939","74.677999999999898",70.0519999999999,28.3,14.6,20.7
"BOOI4","2021-08-19 07:00",66.956,"100",44496,"0","1.4210024000000001","142.4","-5.1181102362204728E-4",76.874,"77.917999999999921","74.731999999999957",70.0519999999999,28.4,14.6,20.7
"BOOI4","2021-08-19 08:00",70.5199999999999,"97",414000,"0","2.4650042000000001","132.5","1.4566929133858269E-3",76.5679999999999,"77.863999999999962","74.71399999999997",70.0519999999999,28.4,14.6,20.7
"BOOI4","2021-08-19 09:00",73.94,"91.3",950760,"0","4.1010070000000001","137.1","5.8267716535433077E-3",77.072,"77.737999999999985","74.731999999999957",70.0699999999999,28.3,14.6,20.7
"BOOI4","2021-08-19 10:00",77.63,"86.9",1548720,"0","4.3950069999999997","165.8","1.0905511811023619E-2",78.548,"77.66599999999994","74.767999999999915",70.0699999999999,28.1,14.6,20.7
"BOOI4","2021-08-19 11:00",81.3199999999999,"80.5",2113200,"0","4.6640077","148.4","1.610236220472441E-2",80.8519999999999,"77.539999999999949","74.749999999999929",70.0699999999999,27.7,14.6,20.7
"BOOI4","2021-08-19 12:00",82.3279999999999,"69.62",2563560,"0","7.3130119999999996","131","2.1535433070866149E-2",83.6419999999999,"77.449999999999932","74.749999999999929",70.0699999999999,27.2,14.6,20.7
"BOOI4","2021-08-19 13:00",84.7039999999999,"63.05",2814120,"0","9.2900159999999996","142.19999999999999","2.5629921259842529E-2",86.396,"77.377999999999901","74.749999999999929",70.0699999999999,26.8,14.6,20.7
"BOOI4","2021-08-19 14:00",85.514,"58.14",2873520,"0","11.290018","151.30000000000001","2.8937007874015749E-2",88.7539999999999,"77.341999999999928","74.767999999999915",70.088,26.2,14.5,20.7
"BOOI4","2021-08-19 15:00",85.964,"58.61",2705760,"0","10.710018","141.6","2.8346456692913389E-2",90.662,"77.323999999999941","74.749999999999929",70.0699999999999,25.7,14.5,20.7
"BOOI4","2021-08-19 16:00",86.1619999999999,"59.65",2240640,"0","10.740017999999999","138.6","2.5511811023622051E-2",91.9939999999999,"77.323999999999941","74.749999999999929",70.088,25.2,14.4,20.7
"BOOI4","2021-08-19 17:00",86.2699999999999,"58.85",1552320,"0","10.450017000000001","143.5","2.0275590551181111E-2",92.2099999999999,"77.395999999999987","74.731999999999957",70.088,24.9,14.4,20.7
"BOOI4","2021-08-19 18:00",85.5859999999999,"60.43",1336320,"0","9.9900160000000007","141.4","1.8188976377952758E-2",92.012,"77.485999999999905","74.71399999999997",70.0699999999999,24.7,14.4,20.7
"BOOI4","2021-08-19 19:00",83.714,"65.86",711000,"0","8.260014","136.1","1.1574803149606299E-2",91.256,"77.611999999999895","74.71399999999997",70.106,24.7,14.4,20.7
"BOOI4","2021-08-19 20:00",79.4839999999999,"75.2",191520,"0","6.3520107000000001","125.5","4.960629921259843E-3",89.78,"77.773999999999944","74.731999999999957",70.088,24.8,14.4,20.7
"BOOI4","2021-08-19 21:00",76.2619999999999,"82.5",5680.8,"0","5.0090079999999997","117.3","9.0551181102362219E-4",87.9439999999999,"77.935999999999908","74.731999999999957",70.106,24.9,14.4,20.7
"BOOI4","2021-08-19 22:00",74.606,"85.3",0,"0","5.1940090000000003","129.30000000000001","5.905511811023623E-4",86.2519999999999,"78.07999999999997","74.695999999999984",70.106,25,14.4,20.7
"BOOI4","2021-08-19 23:00",72.2659999999999,"90.8",3.6,"0","3.9920065","149.5","0",84.83,"78.169999999999888","74.731999999999957",70.106,25.1,14.4,20.7
"BOOI4","2021-08-20 00:00",71.114,"93.1",0,"0","3.3020054999999999","148.4","-3.1496062992125988E-4",83.5699999999999,"78.277999999999892","74.731999999999957",70.088,25.2,14.4,20.7
"BOOI4","2021-08-20 01:00",70.8439999999999,"93.7",0,"0","3.5470060000000001","140.9","-3.9370078740157491E-4",82.472,"78.331999999999951","74.731999999999957",70.106,25.3,14.4,20.6
"BOOI4","2021-08-20 02:00",69.89,"95.5",0,"0","3.5950060000000001","138.30000000000001","-4.3307086614173231E-4",81.482,"78.367999999999924","74.731999999999957",70.106,25.4,14.4,20.6
"BOOI4","2021-08-20 03:00",68.9539999999999,"97",0,"0","4.0360069999999997","141.80000000000001","-4.7244094488188988E-4",80.5999999999999,"78.367999999999924","74.749999999999929",70.088,25.4,14.4,20.6
"BOOI4","2021-08-20 04:00",68.3239999999999,"97.5",0,"0","4.279007","131.4","-5.1181102362204728E-4",79.7899999999999,"78.367999999999924","74.767999999999915",70.088,25.4,14.4,20.6
"BOOI4","2021-08-20 05:00",67.28,"98.4",0,"0","4.0940064999999999","122.5","-5.5118110236220485E-4",79.0339999999999,"78.313999999999965","74.767999999999915",70.106,25.4,14.4,20.6
"BOOI4","2021-08-20 06:00",66.7579999999999,"99.5",21.6,"0","4.0420065000000003","117.5","-6.2992125984251976E-4",78.314,"78.277999999999892","74.803999999999888",70.106,25.4,14.4,20.6
"BOOI4","2021-08-20 07:00",67.3699999999999,"99.1",33624,"0","4.7060079999999997","118","-5.1181102362204728E-4",77.63,"78.187999999999974","74.839999999999961",70.106,25.5,14.3,20.6
"BOOI4","2021-08-20 08:00",70.34,"95.9",433080,"0","5.2160086999999997","128.69999999999999","1.5354330708661421E-3",77.2699999999999,"78.115999999999943","74.857999999999933",70.106,25.5,14.3,20.6
"BOOI4","2021-08-20 09:00",75.8119999999999,"87.5",1032120,"0","6.6160107000000004","143.30000000000001","6.574803149606301E-3",77.756,"78.025999999999925","74.857999999999933",70.124,25.5,14.3,20.6
"BOOI4","2021-08-20 10:00",78.422,"83",1724760,"0","8.2300140000000006","138.9","1.3031496062992131E-2",79.3759999999999,"77.917999999999921","74.893999999999906",70.124,25.2,14.3,20.6
"BOOI4","2021-08-20 11:00",81.6259999999999,"79.19",2097720,"0","10.800018","141.1","1.7283464566929141E-2",81.6619999999999,"77.809999999999917","74.911999999999892",70.088,24.8,14.4,20.6
"BOOI4","2021-08-20 12:00",82.7239999999999,"77.069999999999993",2328120,"0","14.600023999999999","142.1","2.0669291338582679E-2",83.9659999999999,"77.701999999999913","74.893999999999906",70.088,24.4,14.3,20.6
"BOOI4","2021-08-20 13:00",85.2619999999999,"71.77",2522880,"0","15.680026","144.69999999999999","2.3582677165354331E-2",85.9279999999999,"77.629999999999981","74.911999999999892",70.124,24.1,14.3,20.6
"BOOI4","2021-08-20 14:00",86.522,"69.27",3020400,"0","17.230028000000001","145.80000000000001","2.9409448818897638E-2",88.0339999999999,"77.557999999999936","74.911999999999892",70.1419999999999,23.7,14.2,20.6
"BOOI4","2021-08-20 15:00",88.7539999999999,"63.26",1746720,"0","15.000025000000001","147.69999999999999","2.1535433070866149E-2",89.2039999999999,"77.557999999999936","74.893999999999906",70.124,23.4,14.2,20.6
"BOOI4","2021-08-20 16:00",88.0339999999999,"66.12",2456280,"0","16.210028000000001","152","2.7519685039370079E-2",90.212,"77.557999999999936","74.911999999999892",70.1419999999999,23,14.2,20.6
"BOOI4","2021-08-20 17:00",87.5659999999999,"66.12",1777320,"0","16.270026999999999","148.1","2.3149606299212599E-2",90.9679999999999,"77.593999999999909","74.857999999999933",70.124,22.7,14.1,20.6
"BOOI4","2021-08-20 18:00",85.964,"69.33",848880,"0","14.780025","158","1.6259842519685042E-2",90.68,"77.647999999999954","74.87599999999992",70.1599999999999,22.7,14.1,20.6
"BOOI4","2021-08-20 19:00",84.1999999999999,"73.930000000000007",144108,"0","12.460020999999999","157.5","9.5669291338582683E-3",89.5099999999999,"77.773999999999944","74.87599999999992",70.1419999999999,22.7,14.1,20.6
"BOOI4","2021-08-20 20:00",81.914,"79.36",42552,"0","9.7800159999999998","149.6","5.94488188976378E-3",88.124,"77.881999999999948","74.857999999999933",70.124,22.8,14.1,20.6
"BOOI4","2021-08-20 21:00",80.9599999999999,"81.900000000000006",1242,"0","8.6500140000000005","152.19999999999999","1.8897637795275599E-3",86.864,"78.007999999999939","74.857999999999933",70.196,22.9,14.1,20.6
"BOOI4","2021-08-20 22:00",78.89,"88.9",0,"0","9.0600149999999999","152.4","1.2992125984251971E-3",85.8019999999999,"78.115999999999943","74.857999999999933",70.1599999999999,22.9,14.1,20.6
"BOOI4","2021-08-20 23:00",75.506,"82.7",0,"0","6.8020110000000003","133.19999999999999","7.874015748031497E-4",84.9199999999999,"78.223999999999947","74.87599999999992",70.1599999999999,22.9,14.1,20.6
"BOOI4","2021-08-21 00:00",69.4579999999999,"99",572.4,"0.27","6.9260115999999998","43.01","7.874015748031497E-5",83.2999999999999,"78.313999999999965","74.87599999999992",70.1599999999999,23,14.1,20.6
"BOOI4","2021-08-21 01:00",68.8279999999999,"98.8",1202.4,"7.0000000000000007E-2","3.0840049999999999","150.9","-3.1496062992125988E-4",81.4279999999999,"78.349999999999937","74.87599999999992",70.1599999999999,23,14.1,20.6
"BOOI4","2021-08-21 02:00",68.8999999999999,"99.7",1213.2,"0","0.90000146999999997","234","-4.7244094488188988E-4",80.096,"78.385999999999896","74.893999999999906",70.1599999999999,23,14.1,20.6
"BOOI4","2021-08-21 03:00",68.522,"100",1216.8,"0","2.0860034999999999","228.1","-3.9370078740157491E-4",79.106,"78.385999999999896","74.893999999999906",70.1599999999999,23.1,14.1,20.6
"BOOI4","2021-08-21 04:00",67.6759999999999,"100",1216.8,"0","3.4250056999999998","243.3","-3.5433070866141729E-4",78.0619999999999,"78.349999999999937","74.911999999999892",70.1779999999999,23.1,14.1,20.6
"BOOI4","2021-08-21 05:00",69.1339999999999,"100",1216.8,"0","6.5580109999999996","262.7","-2.3622047244094491E-4",77.0179999999999,"78.313999999999965","74.947999999999965",70.1779999999999,23.1,14.1,20.6
"BOOI4","2021-08-21 06:00",68.8279999999999,"97.1",1216.8,"0","7.7860129999999996","276.60000000000002","-1.968503937007874E-4",76.1179999999999,"78.20599999999996","74.947999999999965",70.196,23.1,14.1,20.6
"BOOI4","2021-08-21 07:00",67.19,"97.1",19231.2,"0","6.4700107999999998","290","0",75.2359999999999,"78.133999999999929","74.947999999999965",70.1779999999999,23.1,14.1,20.7
"BOOI4","2021-08-21 08:00",67.0279999999999,"93.2",420120,"0","4.2590070000000004","314.5","1.614173228346457E-3",74.5339999999999,"78.043999999999912","74.983999999999924",70.1779999999999,23.1,14.1,20.7
"BOOI4","2021-08-21 09:00",68.1439999999999,"83.3",1082160,"0","5.584009","319.5","6.574803149606301E-3",74.48,"77.917999999999921","74.983999999999924",70.196,23.1,14.1,20.6
"BOOI4","2021-08-21 10:00",69.2599999999999,"81.2",1735920,"0","6.8840113000000001","332.5","1.1692913385826771E-2",74.93,"77.755999999999958","75.00199999999991",70.1779999999999,23,14.1,20.6
"BOOI4","2021-08-21 11:00",72.0859999999999,"74.48",2303640,"0","5.8460096999999998","321.7","1.6259842519685042E-2",76.19,"77.647999999999954","74.983999999999924",70.196,22.8,14.1,20.6
"BOOI4","2021-08-21 12:00",72.0679999999999,"68.52",2759040,"0","7.0510120000000001","306.10000000000002","2.0393700787401579E-2",77.8819999999999,"77.521999999999977","74.983999999999924",70.1779999999999,22.6,14.1,20.6
"BOOI4","2021-08-21 13:00",74.2099999999999,"66.319999999999993",3027600,"0","6.9700116999999997","307.8","2.2795275590551181E-2",79.4839999999999,"77.359999999999914","74.983999999999924",70.1779999999999,22.4,14.1,20.6
"BOOI4","2021-08-21 14:00",75.2899999999999,"63.79",3085200,"0","6.2480099999999998","314.10000000000002","2.3976377952755909E-2",81.2119999999999,"77.233999999999924","74.983999999999924",70.196,22.2,14.1,20.6
"BOOI4","2021-08-21 15:00",76.532,"62",2937600,"0","6.8390110000000002","313.5","2.405511811023622E-2",83.2999999999999,"77.107999999999933","74.965999999999937",70.196,21.8,14,20.6
"BOOI4","2021-08-21 16:00",76.6579999999999,"61.03",2594160,"0","7.3630120000000003","319.89999999999998","2.2322834645669289E-2",84.9019999999999,"77.035999999999902","74.965999999999937",70.196,21.6,13.9,20.6
"BOOI4","2021-08-21 17:00",76.6039999999999,"59.42",2094840,"0","7.6090125999999998","307.10000000000002","1.9251968503937011E-2",85.748,"76.981999999999957","74.947999999999965",70.214,21.3,13.9,20.6
"BOOI4","2021-08-21 18:00",75.9739999999999,"58.51",1497960,"0","6.3380102999999997","322","1.460629921259843E-2",85.6579999999999,"76.945999999999984","74.911999999999892",70.232,21.3,13.8,20.6
"BOOI4","2021-08-21 19:00",73.3999999999999,"61.77",797400,"0","4.9290085000000001","311.39999999999998","8.3464566929133868E-3",84.7039999999999,"76.945999999999984","74.911999999999892",70.214,21.3,13.8,20.6
"BOOI4","2021-08-21 20:00",67.9279999999999,"77.27",207504,"0","2.7770044999999999","302","1.25984251968504E-3",82.7779999999999,"76.927999999999898","74.87599999999992",70.196,21.3,13.8,20.6
"BOOI4","2021-08-21 21:00",65.0119999999999,"80.7",5144.4,"0","1.7120028","293.8","-6.2992125984251976E-4",80.4739999999999,"76.927999999999898","74.87599999999992",70.214,21.4,13.8,20.6
"BOOI4","2021-08-21 22:00",62.1319999999999,"87.7",0,"0","2.0270035000000002","280.8","-6.2992125984251976E-4",78.4039999999999,"76.909999999999911","74.821999999999974",70.214,21.4,13.8,20.6
"BOOI4","2021-08-21 23:00",62.5999999999999,"84.8",0,"0","3.1760054000000002","337.3","-3.1496062992125988E-4",76.64,"76.83799999999998","74.821999999999974",70.232,21.5,13.8,20.6
"BOOI4","2021-08-22 00:00",61.2859999999999,"87.2",0,"0","3.9520065999999998","10.71","-1.968503937007874E-4",75.0739999999999,"76.783999999999921","74.803999999999888",70.232,21.5,13.9,20.6
"BOOI4","2021-08-22 01:00",58.7659999999999,"90.5",0,"0","2.481004","356.4","-6.2992125984251976E-4",73.6699999999999,"76.675999999999917","74.767999999999915",70.214,21.5,13.9,20.6
"BOOI4","2021-08-22 02:00",59.1439999999999,"87.6",0,"0","2.3510040000000001","354.6","-6.6929133858267733E-4",72.446,"76.567999999999913","74.749999999999929",70.214,21.5,13.9,20.6
"BOOI4","2021-08-22 03:00",58.388,"88.6",0,"0","2.7400045","11.05","-5.5118110236220485E-4",71.348,"76.441999999999936","74.731999999999957",70.214,21.5,13.9,20.6
"BOOI4","2021-08-22 04:00",57.38,"90.3",0,"0","2.8130047","16.72","-5.5118110236220485E-4",70.34,"76.297999999999959","74.71399999999997",70.232,21.5,13.9,20.6
"BOOI4","2021-08-22 05:00",56.8039999999999,"92",3.6,"0","2.1790037","23.41","-7.874015748031497E-4",69.44,"76.135999999999896","74.695999999999984",70.2499999999999,21.5,13.9,20.6
"BOOI4","2021-08-22 06:00",56.3179999999999,"93",46.8,"0","2.360004","19.91","-7.4803149606299225E-4",68.6119999999999,"75.95599999999996","74.659999999999911",70.232,21.5,13.9,20.6
"BOOI4","2021-08-22 07:00",57.2179999999999,"90.4",42696,"0","1.7550029","8.67","-7.4803149606299225E-4",67.8919999999999,"75.757999999999939","74.641999999999925",70.232,21.5,13.9,20.6
"BOOI4","2021-08-22 08:00",58.6039999999999,"91.3",435960,"0","3.1400049999999999","52.12","1.3385826771653551E-3",67.514,"75.595999999999989","74.605999999999966",70.2499999999999,21.5,13.9,20.6
"BOOI4","2021-08-22 09:00",63.8239999999999,"84.1",1046520,"0","4.6430078000000004","63.08","5.6692913385826774E-3",68.1619999999999,"75.379999999999981","74.58799999999998",70.2499999999999,21.4,13.9,20.6
"BOOI4","2021-08-22 10:00",67.7659999999999,"72.41",1675440,"0","7.7220124999999999","88.9","1.177165354330709E-2",70.0699999999999,"75.181999999999945","74.533999999999921",70.232,21.4,13.9,20.6
"BOOI4","2021-08-22 11:00",70.196,"69.040000000000006",2239200,"0","9.4700164999999998","118.4","1.7007874015748031E-2",72.788,"74.965999999999937","74.515999999999948",70.2679999999999,21.2,13.8,20.6
"BOOI4","2021-08-22 12:00",72.338,"68.77",2678760,"0","8.1900130000000004","134.9","2.0433070866141739E-2",76.1179999999999,"74.785999999999902","74.443999999999903",70.232,21,13.8,20.6
"BOOI4","2021-08-22 13:00",73.9579999999999,"66.03",2941200,"0","8.510014","141.19999999999999","2.2913385826771659E-2",79.5739999999999,"74.605999999999966","74.425999999999917",70.232,20.8,13.7,20.6
"BOOI4","2021-08-22 14:00",75.7039999999999,"62.43",2998800,"0","8.4400139999999997","145.9","2.4173228346456702E-2",82.832,"74.479999999999976","74.353999999999886",70.2499999999999,20.5,13.7,20.6
"BOOI4","2021-08-22 15:00",77.2339999999999,"60.87",2843280,"0","10.060017","142.1","2.4488188976377959E-2",85.3519999999999,"74.353999999999886","74.29999999999994",70.232,20.3,13.6,20.6
"BOOI4","2021-08-22 16:00",78.9259999999999,"60.12",2513520,"0","9.1200150000000004","148.5","2.2874015748031499E-2",87.098,"74.317999999999913","74.263999999999967",70.232,20,13.5,20.6
"BOOI4","2021-08-22 17:00",79.2679999999999,"58.59",2008800,"0","8.6500140000000005","143.1","1.9803149606299211E-2",88.124,"74.263999999999967","74.209999999999908",70.2679999999999,19.8,13.4,20.6
"BOOI4","2021-08-22 18:00",79.0519999999999,"61.94",1401480,"0","9.2200159999999993","142.19999999999999","1.6181102362204731E-2",88.0699999999999,"74.317999999999913","74.17399999999995",70.2499999999999,19.8,13.4,20.6
"BOOI4","2021-08-22 19:00",77.6659999999999,"66.34",753840,"0","9.2400149999999996","136.6","1.1141732283464569E-2",86.8279999999999,"74.407999999999944","74.083999999999932",70.2499999999999,19.7,13.4,20.6
"BOOI4","2021-08-22 20:00",73.472,"74.78",172368,"0","6.562011","136.5","3.9370078740157488E-3",85.0099999999999,"74.497999999999962","74.029999999999973",70.232,19.8,13.4,20.6
"BOOI4","2021-08-22 21:00",71.8519999999999,"77.459999999999994",4010.4,"0","6.2490100000000002","129.1","1.181102362204725E-3",82.9039999999999,"74.569999999999894","73.975999999999928",70.2499999999999,19.8,13.4,20.5
"BOOI4","2021-08-22 22:00",69.4039999999999,"83.8",0,"0","4.3810070000000003","139.1","3.1496062992125988E-4",81.1039999999999,"74.659999999999911","73.939999999999955",70.232,19.9,13.4,20.6
"BOOI4","2021-08-22 23:00",68.4499999999999,"86.5",0,"0","5.0630090000000001","150.5","1.968503937007874E-4",79.5919999999999,"74.731999999999957","73.885999999999896",70.2499999999999,19.9,13.4,20.6
"BOOI4","2021-08-23 00:00",68.5399999999999,"87.3",0,"0","4.2320070000000003","141.30000000000001","-3.9370078740157492E-5",78.422,"74.821999999999974","73.849999999999937",70.232,20,13.4,20.5
"BOOI4","2021-08-23 01:00",68.0539999999999,"90.5",0,"0","6.3240103999999997","149.5","1.5748031496062989E-4",77.4859999999999,"74.857999999999933","73.831999999999951",70.232,19.9,13.4,20.5
"BOOI4","2021-08-23 02:00",67.4239999999999,"93.7",0,"0","6.1310099999999998","157.80000000000001","-7.874015748031497E-5",76.6759999999999,"74.893999999999906","73.795999999999978",70.232,20,13.4,20.5
"BOOI4","2021-08-23 03:00",68.2159999999999,"93.2",0,"0","5.7780094000000002","153.6","-2.3622047244094491E-4",76.0279999999999,"74.839999999999961","73.75999999999992",70.2499999999999,20,13.4,20.5
"BOOI4","2021-08-23 04:00",70.6279999999999,"90.4",3.6,"0","5.2130089999999996","170.5","-2.3622047244094491E-4",75.5599999999999,"74.839999999999961","73.741999999999933",70.214,20,13.4,20.5
"BOOI4","2021-08-23 05:00",74.714,"85",10.8,"0","3.7310064000000001","306.60000000000002","3.9370078740157492E-5",75.398,"74.803999999999888","73.723999999999947",70.232,20,13.4,20.5
"BOOI4","2021-08-23 06:00",71.0779999999999,"92.6",0,"0","4.9670085999999998","171.2","3.9370078740157492E-5",75.2539999999999,"74.731999999999957","73.687999999999974",70.2499999999999,20,13.4,20.5
"BOOI4","2021-08-23 07:00",69.3679999999999,"94.4",11030.4,"0","5.5810094000000001","149.69999999999999","-2.3622047244094491E-4",74.84,"74.677999999999898","73.687999999999974",70.214,20,13.4,20.5
"BOOI4","2021-08-23 08:00",72.0859999999999,"89.2",401040,"0","6.2130102999999997","112.2","2.0472440944881891E-3",74.5339999999999,"74.605999999999966","73.633999999999929",70.232,20,13.4,20.5
"BOOI4","2021-08-23 09:00",75.4339999999999,"84.1",1102680,"0","7.936013","126.4","7.7165354330708674E-3",75.2539999999999,"74.533999999999921","73.633999999999929",70.232,20,13.4,20.5
"BOOI4","2021-08-23 10:00",76.6939999999999,"84.6",1363320,"0","9.9500170000000008","133.6","1.0905511811023619E-2",77.0179999999999,"74.46199999999989","73.615999999999943",70.214,19.9,13.3,20.5
"BOOI4","2021-08-23 11:00",79.8079999999999,"81.599999999999994",2162520,"0","9.4500150000000005","136.19999999999999","1.669291338582677E-2",79.1419999999999,"74.425999999999917","73.57999999999997",70.214,19.8,13.3,20.5
"BOOI4","2021-08-23 12:00",81.806,"78.67",2642760,"0","10.030017000000001","143.69999999999999","2.0944881889763789E-2",82.238,"74.353999999999886","73.561999999999884",70.196,19.5,13.3,20.5
"BOOI4","2021-08-23 13:00",84.9919999999999,"75.39",2864880,"0","9.5000160000000005","158.1","2.3700787401574809E-2",85.4239999999999,"74.353999999999886","73.543999999999912",70.196,19.3,13.2,20.5
"BOOI4","2021-08-23 14:00",87.8179999999999,"68.900000000000006",2926800,"0","8.4500139999999995","155.30000000000001","2.5629921259842529E-2",88.4659999999999,"74.335999999999899","73.507999999999939",70.1779999999999,19.1,13,20.5
"BOOI4","2021-08-23 15:00",90.4999999999999,"65.91",2768760,"0","5.1960087000000001","167.4","2.5000000000000001E-2",91.346,"74.353999999999886","73.507999999999939",70.1779999999999,18.8,13,20.5
"BOOI4","2021-08-23 16:00",89.2039999999999,"68.459999999999994",1820160,"0","5.6590094999999998","167","1.8385826771653551E-2",92.8939999999999,"74.389999999999958","73.45399999999988",70.1779999999999,18.7,12.9,20.5
"BOOI4","2021-08-23 17:00",89.1319999999999,"70.819999999999993",1313280,"0","4.4430075000000002","132.6","1.3622047244094489E-2",92.9839999999999,"74.46199999999989","73.399999999999935",70.1599999999999,18.7,12.9,20.5
"BOOI4","2021-08-23 18:00",89.0599999999999,"70.78",1215720,"0","5.8700093999999998","98.3","1.326771653543307E-2",92.732,"74.605999999999966","73.399999999999935",70.1419999999999,18.6,12.8,20.5
"BOOI4","2021-08-23 19:00",87.3499999999999,"73.78",714240,"0","5.79901","104.2","8.8976377952755918E-3",92.0659999999999,"74.767999999999915","73.381999999999948",70.1599999999999,18.6,12.7,20.5
"BOOI4","2021-08-23 20:00",83.4259999999999,"81.400000000000006",132192,"0","4.4360074999999997","105.6","2.6377952755905522E-3",90.5359999999999,"74.947999999999965","73.363999999999962",70.1419999999999,18.6,12.7,20.5
"BOOI4","2021-08-23 21:00",80.8339999999999,"86.3",2167.2,"0","3.7360063000000001","96","3.9370078740157491E-4",88.7179999999999,"75.091999999999928","73.327999999999903",70.124,18.7,12.7,20.5
"BOOI4","2021-08-23 22:00",80.4739999999999,"91.1",0,"0","5.7420090000000004","115.3","5.1181102362204728E-4",87.098,"75.289999999999949","73.309999999999917",70.1419999999999,18.7,12.7,20.5
"BOOI4","2021-08-23 23:00",78.98,"96",0,"0","5.4900092999999996","144.1","0",85.838,"75.433999999999926","73.327999999999903",70.124,18.7,12.8,20.5
"BOOI4","2021-08-24 00:00",77.522,"97.5",0,"0","3.7880063000000002","169.3","-3.9370078740157491E-4",84.7579999999999,"75.595999999999989","73.309999999999917",70.106,18.8,12.8,20.5
"BOOI4","2021-08-24 01:00",76.3699999999999,"96.3",0,"0","2.0220034","191.6","-6.2992125984251976E-4",83.6779999999999,"75.70399999999988","73.345999999999989",70.124,18.8,12.8,20.5
"BOOI4","2021-08-24 02:00",75.614,"95.6",0,"0","2.4360042000000002","186.8","-5.5118110236220485E-4",82.688,"75.793999999999912","73.327999999999903",70.088,18.8,12.8,20.5
"BOOI4","2021-08-24 03:00",75.38,"95.6",0,"0","3.7400061999999998","183.7","-3.5433070866141729E-4",81.806,"75.847999999999956","73.345999999999989",70.088,18.8,12.8,20.5
"BOOI4","2021-08-24 04:00",74.6779999999999,"96.2",0,"0","3.6860062999999998","177.3","-3.9370078740157491E-4",80.996,"75.883999999999929","73.363999999999962",70.088,18.8,12.9,20.5
"BOOI4","2021-08-24 05:00",73.7419999999999,"97.4",0,"0","3.7710059999999999","177.1","-4.7244094488188988E-4",80.24,"75.901999999999916","73.381999999999948",70.088,18.8,12.9,20.5
"BOOI4","2021-08-24 06:00",73.7419999999999,"96.6",0,"0","4.2490069999999998","183.9","-4.3307086614173231E-4",79.5199999999999,"75.919999999999888","73.381999999999948",70.0699999999999,18.9,12.9,20.5
"BOOI4","2021-08-24 07:00",73.922,"95.7",34524,"0","4.6620080000000002","180.9","-2.7559055118110242E-4",78.872,"75.919999999999888","73.399999999999935",70.0699999999999,19,13,20.5
"BOOI4","2021-08-24 08:00",77.756,"88.6",424440,"0","5.2250085000000004","183","2.283464566929135E-3",78.53,"75.919999999999888","73.417999999999921",70.0699999999999,19,13,20.5
"BOOI4","2021-08-24 09:00",81.698,"78.89",1023120,"0","6.2670107000000002","175.4","8.2677165354330725E-3",79.106,"75.883999999999929","73.435999999999908",70.0519999999999,18.8,13,20.5
"BOOI4","2021-08-24 10:00",84.938,"71.38",1645920,"0","7.5930122999999998","186.1","1.503937007874016E-2",80.7079999999999,"75.865999999999943","73.471999999999966",70.0699999999999,18.8,12.9,20.5
"BOOI4","2021-08-24 11:00",87.1339999999999,"64.94",2203920,"0","10.080016000000001","183.8","2.212598425196851E-2",82.9759999999999,"75.811999999999884","73.489999999999952",70.0339999999999,18.5,12.7,20.5
"BOOI4","2021-08-24 12:00",89.2579999999999,"61.03",2617560,"0","10.210017000000001","178.2","2.6889763779527561E-2",85.73,"75.793999999999912","73.471999999999966",70.0159999999999,18.4,12.6,20.5
"BOOI4","2021-08-24 13:00",92.1199999999999,"59.1",2841480,"0","10.120017000000001","175","2.9724409448818899E-2",88.5739999999999,"75.775999999999925","73.489999999999952",70.0159999999999,18.1,12.5,20.5
"BOOI4","2021-08-24 14:00",92.282,"58.69",2912400,"0","5.90001","210.5","2.8503937007874021E-2",91.472,"75.775999999999925","73.507999999999939",69.998,17.9,12.4,20.5
"BOOI4","2021-08-24 15:00",93.8839999999999,"55.17",2260080,"0","4.4880075000000001","212.3","2.2755905511811021E-2",93.7579999999999,"75.811999999999884","73.525999999999925",70.0339999999999,17.7,12.2,20.5
"BOOI4","2021-08-24 16:00",88.2499999999999,"68.040000000000006",1193760,"0","4.4400069999999996","297.89999999999998","1.452755905511811E-2",94.73,"75.811999999999884","73.507999999999939",69.998,17.6,12.2,20.5
"BOOI4","2021-08-24 17:00",81.6619999999999,"79.8",289800,"0.05","9.1700149999999994","131.4","7.1653543307086624E-3",92.282,"75.919999999999888","73.507999999999939",70.0159999999999,17.6,12.2,20.5
"BOOI4","2021-08-24 18:00",76.964,"88.2",277344,"0","6.4930110000000001","142.69999999999999","4.6062992125984262E-3",89.3659999999999,"76.045999999999978","73.543999999999912",69.998,17.7,12.1,20.5
"BOOI4","2021-08-24 19:00",76.3699999999999,"81.599999999999994",112428,"0.05","9.1500149999999998","153.5","3.031496062992127E-3",87.08,"76.189999999999955","73.543999999999912",69.98,17.8,12.1,20.5
"BOOI4","2021-08-24 20:00",77.8099999999999,"81.7",192132,"0","10.390017500000001","132.4","3.8976377952755908E-3",84.9199999999999,"76.333999999999932","73.543999999999912",69.98,17.8,12.2,20.5
"BOOI4","2021-08-24 21:00",75.38,"88.1",2685.6,"0","6.3460099999999997","176.1","1.2992125984251971E-3",83.2099999999999,"76.441999999999936","73.543999999999912",70.0159999999999,17.8,12.2,20.5
"BOOI4","2021-08-24 22:00",75.4699999999999,"87.7",0,"0","4.8160075999999998","173.3","9.8425196850393721E-4",81.8599999999999,"76.531999999999954","73.561999999999884",69.98,17.8,12.2,20.5
"BOOI4","2021-08-24 23:00",74.1919999999999,"91.5",0,"0","5.0680084000000001","151.9","7.4803149606299225E-4",80.8159999999999,"76.585999999999899","73.57999999999997",69.9619999999999,17.8,12.2,20.5
"BOOI4","2021-08-25 00:00",73.13,"95.3",0,"0","1.5040024999999999","143.1","2.3622047244094491E-4",80.0419999999999,"76.621999999999971","73.597999999999956",69.98,17.8,12.3,20.5
"BOOI4","2021-08-25 01:00",72.3199999999999,"97",0,"0","2.1050034000000002","52.8","1.5748031496062989E-4",79.4119999999999,"76.639999999999958","73.615999999999943",69.98,17.8,12.3,20.4
"BOOI4","2021-08-25 02:00",72.806,"97",0,"0","1.780003","56.23","1.181102362204725E-4",78.89,"76.585999999999899","73.651999999999916",69.9619999999999,17.8,12.3,20.4
"BOOI4","2021-08-25 03:00",73.13,"97.9",0,"0.01","1.6170027","139.19999999999999","1.5748031496062989E-4",78.4939999999999,"76.567999999999913","73.633999999999929",69.9439999999999,17.8,12.4,20.4
"BOOI4","2021-08-25 04:00",73.9579999999999,"96.7",0,"0.01","3.5640059000000002","150.4","2.3622047244094491E-4",78.1519999999999,"76.513999999999967","73.723999999999947",69.9439999999999,17.8,12.4,20.4
"BOOI4","2021-08-25 05:00",73.6159999999999,"98.6",0,"0","1.3620023000000001","221.8","7.874015748031497E-5",77.8099999999999,"76.459999999999908","73.723999999999947",69.9439999999999,17.8,12.4,20.5
"BOOI4","2021-08-25 06:00",75.4159999999999,"95.1",0,"0","6.4880110000000002","247.6","2.3622047244094491E-4",77.522,"76.387999999999977","73.75999999999992",69.9439999999999,17.9,12.4,20.4
"BOOI4","2021-08-25 07:00",74.6599999999999,"91.7",2862,"0","5.0780086999999998","237.4","5.1181102362204728E-4",77.2519999999999,"76.315999999999946","73.75999999999992",69.9619999999999,17.9,12.4,20.4
"BOOI4","2021-08-25 08:00",74.03,"95.1",74844,"0","3.1870053","227.2","1.1023622047244099E-3",76.946,"76.2439999999999","73.75999999999992",69.9619999999999,17.8,12.4,20.4
"BOOI4","2021-08-25 09:00",78.872,"81",572040,"0","2.4210039999999999","262","4.3307086614173236E-3",77.0539999999999,"76.189999999999955","73.75999999999992",69.9439999999999,17.8,12.4,20.4
"BOOI4","2021-08-25 10:00",81.7699999999999,"70",1146600,"0","2.1290035","55.3","9.0551181102362221E-3",78.1339999999999,"76.099999999999937","73.75999999999992",69.998,17.8,12.4,20.4
"BOOI4","2021-08-25 11:00",82.0039999999999,"73.13",1489320,"0.01","3.7060062999999999","143.80000000000001","1.3346456692913389E-2",79.8619999999999,"76.00999999999992","73.795999999999978",69.9619999999999,17.6,12.2,20.4
"BOOI4","2021-08-25 12:00",85.2079999999999,"63.18",2613960,"0","3.3140056000000002","91","2.1692913385826781E-2",82.2019999999999,"75.95599999999996","73.795999999999978",69.9079999999999,17.6,12.1,20.4
"BOOI4","2021-08-25 13:00",88.196,"59.35",2853000,"0","3.1140050000000001","293","2.429133858267717E-2",85.73,"75.919999999999888","73.795999999999978",69.9439999999999,17.5,11.9,20.4
"BOOI4","2021-08-25 14:00",87.764,"64.37",2870280,"0","4.9050079999999996","330.6","2.5787401574803151E-2",89.0599999999999,"75.883999999999929","73.777999999999892",69.9439999999999,17.3,11.9,20.4
"BOOI4","2021-08-25 15:00",87.5659999999999,"67.540000000000006",2728440,"0","5.4450089999999998","350.6","2.4803149606299219E-2",91.472,"75.847999999999956","73.75999999999992",69.9439999999999,17.2,11.6,20.4
"BOOI4","2021-08-25 16:00",88.0519999999999,"66.84",2207880,"0","6.2020099999999996","7.5730000000000004","2.1220472440944889E-2",93.0019999999999,"75.865999999999943","73.813999999999965",69.9259999999999,17.1,11.5,20.4
"BOOI4","2021-08-25 17:00",85.3699999999999,"74.84",1632240,"0","6.6120109999999999","13.12","1.6496062992125991E-2",93.4699999999999,"75.865999999999943","73.795999999999978",69.9439999999999,17.1,11.3,20.4
"BOOI4","2021-08-25 18:00",85.6939999999999,"72.900000000000006",1129680,"0","6.6640110000000004","13.24","1.200787401574803E-2",92.6419999999999,"75.937999999999974","73.741999999999933",69.9439999999999,17.1,11.3,20.4
"BOOI4","2021-08-25 19:00",84.2359999999999,"75.930000000000007",631080,"0","5.9010100000000003","21.71","7.5984251968503952E-3",91.4359999999999,"75.991999999999933","73.741999999999933",69.9259999999999,17,11.3,20.4
"BOOI4","2021-08-25 20:00",79.9159999999999,"85.5",135576,"0","4.0390066999999998","18.149999999999999","1.732283464566929E-3",89.6539999999999,"76.081999999999951","73.741999999999933",69.9259999999999,17.1,11.3,20.4
"BOOI4","2021-08-25 21:00",76.298,"92.4",1947.6,"0","2.4610042999999999","26.8","-1.181102362204725E-4",87.6199999999999,"76.189999999999955","73.75999999999992",69.9259999999999,17.1,11.3,20.4
"BOOI4","2021-08-25 22:00",75.2179999999999,"94.9",0,"0","1.7630030000000001","79.760000000000005","-5.5118110236220485E-4",85.838,"76.261999999999887","73.741999999999933",69.9439999999999,17.1,11.3,20.4
"BOOI4","2021-08-25 23:00",73.9759999999999,"97",0,"0","0.83800140000000001","59.78","-7.874015748031497E-4",84.3439999999999,"76.351999999999904","73.741999999999933",69.9259999999999,17.2,11.3,20.4
"BOOI4","2021-08-26 00:00",74.0119999999999,"96.7",0,"0","1.5450025999999999","102.9","-7.0866141732283468E-4",83.0119999999999,"76.369999999999891","73.75999999999992",69.9259999999999,17.2,11.4,20.4
"BOOI4","2021-08-26 01:00",71.7439999999999,"98.5",0,"0","1.2430019999999999","13.93","-7.874015748031497E-4",81.8599999999999,"76.42399999999995","73.741999999999933",69.9259999999999,17.2,11.4,20.4
"BOOI4","2021-08-26 02:00",69.08,"100",0,"0","1.6470028000000001","51.9","-7.874015748031497E-4",80.798,"76.441999999999936","73.75999999999992",69.9259999999999,17.2,11.5,20.4
"BOOI4","2021-08-26 03:00",70.2499999999999,"100",0,"0","2.1460035","44.46","-7.4803149606299225E-4",79.8439999999999,"76.459999999999908","73.777999999999892",69.9079999999999,17.2,11.5,20.4
"BOOI4","2021-08-26 04:00",69.4579999999999,"100",0,"0","3.1780054999999998","18.21","-6.6929133858267733E-4",79.0339999999999,"76.405999999999963","73.777999999999892",69.9439999999999,17.2,11.5,20.4
"BOOI4","2021-08-26 05:00",68.5579999999999,"100",0,"0","3.3150054999999998","47.19","-6.2992125984251976E-4",78.296,"76.387999999999977","73.795999999999978",69.9259999999999,17.2,11.5,20.3
"BOOI4","2021-08-26 06:00",68.1079999999999,"100",3.6,"0","3.0030049999999999","49.05","-6.6929133858267733E-4",77.63,"76.333999999999932","73.831999999999951",69.9619999999999,17.2,11.6,20.3
"BOOI4","2021-08-26 07:00",69.0619999999999,"100",42048,"0","2.6550045","53.2","-5.5118110236220485E-4",77.0359999999999,"76.261999999999887","73.813999999999965",69.9259999999999,17.2,11.6,20.3
"BOOI4","2021-08-26 08:00",72.482,"100",457920,"0","4.2840069999999999","81.3","1.3385826771653551E-3",76.838,"76.153999999999883","73.813999999999965",69.9259999999999,17.2,11.6,20.3
"BOOI4","2021-08-26 09:00",72.9319999999999,"99.4",403200,"0","4.9210086000000004","114.4","2.5590551181102371E-3",77.4679999999999,"76.117999999999924","73.813999999999965",69.9079999999999,17.2,11.6,20.3
"BOOI4","2021-08-26 10:00",68.0359999999999,"97.5",68580,"0.1","6.9520115999999996","114","6.6929133858267733E-4",77.5039999999999,"75.991999999999933","73.831999999999951",69.9259999999999,17.2,11.6,20.3
"BOOI4","2021-08-26 11:00",68.2519999999999,"97.9",15721.2,"0.18","4.2740070000000001","342.4","2.7559055118110242E-4",76.2619999999999,"75.865999999999943","73.831999999999951",69.9259999999999,21.9,11.9,20.3
"BOOI4","2021-08-26 12:00",68.5579999999999,"99.1",103572,"0.01","5.451009","110.2","8.2677165354330727E-4",75.4159999999999,"75.775999999999925","73.831999999999951",69.9259999999999,22,11.9,20.3
"BOOI4","2021-08-26 13:00",68.0179999999999,"98.4",109188,"0.2","5.0470079999999999","89.4","9.0551181102362219E-4",74.8759999999999,"75.685999999999908","73.813999999999965",69.89,33.4,11.9,20.3
"BOOI4","2021-08-26 14:00",72.356,"90.5",905760,"0","7.1560119999999996","126.5","6.3385826771653556E-3",74.714,"75.595999999999989","73.831999999999951",69.9439999999999,31.5,11.8,20.3
"BOOI4","2021-08-26 15:00",79.124,"71.64",2441520,"0","11.460019000000001","105.3","1.779527559055118E-2",76.838,"75.487999999999985","73.813999999999965",69.9079999999999,30.9,11.7,20.3
"BOOI4","2021-08-26 16:00",82.598,"63.45",2450880,"0","14.030023999999999","119.8","2.381889763779528E-2",78.9259999999999,"75.379999999999981","73.813999999999965",69.9259999999999,30.5,11.7,20.3
"BOOI4","2021-08-26 17:00",84.0739999999999,"73.63",1890360,"0","14.810024","134.30000000000001","1.9881889763779529E-2",79.9519999999999,"75.307999999999936","73.813999999999965",69.9079999999999,30.1,11.5,20.3
"BOOI4","2021-08-26 18:00",84.4699999999999,"74.599999999999994",983160,"0","10.270016999999999","146.80000000000001","1.228346456692914E-2",80.348,"75.217999999999918","73.795999999999978",69.89,29.9,11.5,20.3
"BOOI4","2021-08-26 19:00",78.7999999999999,"82.5",691200,"0","5.3750086000000001","69.760000000000005","6.929133858267717E-3",80.456,"75.145999999999987","73.75999999999992",69.9259999999999,29.7,11.5,20.3
"BOOI4","2021-08-26 20:00",75.8839999999999,"88.5",98316,"0","5.8370094000000003","73.98","1.377952755905512E-3",79.3579999999999,"75.091999999999928","73.75999999999992",69.9259999999999,29.6,11.5,20.3
"BOOI4","2021-08-26 21:00",74.714,"90.5",1267.2,"0","7.8920130000000004","114.4","6.2992125984251976E-4",78.1159999999999,"75.037999999999982","73.723999999999947",69.9259999999999,29.6,11.6,20.4
"BOOI4","2021-08-26 22:00",73.346,"94.3",0,"0","9.9700164999999998","122.1","3.5433070866141729E-4",77.1079999999999,"75.055999999999969","73.687999999999974",69.9079999999999,29.5,11.6,20.3
"BOOI4","2021-08-26 23:00",72.6259999999999,"93.2",0,"0","10.080016000000001","134.5","2.7559055118110242E-4",76.2619999999999,"75.055999999999969","73.669999999999888",69.9439999999999,29.5,11.6,20.3
"BOOI4","2021-08-27 00:00",72.1579999999999,"88.2",0,"0","10.420017","139","7.0866141732283468E-4",75.4519999999999,"75.037999999999982","73.669999999999888",69.9259999999999,29.4,11.7,20.3
"BOOI4","2021-08-27 01:00",71.9239999999999,"92.2",0,"0","14.850025","157.1","7.0866141732283468E-4",74.714,"75.00199999999991","73.633999999999929",69.9079999999999,29.3,11.6,20.4
"BOOI4","2021-08-27 02:00",72.0679999999999,"87.4",0,"0","11.71002","164.9","9.4488188976377975E-4",74.1019999999999,"74.983999999999924","73.633999999999929",69.9259999999999,29.3,11.6,20.3
"BOOI4","2021-08-27 03:00",72.59,"88.8",0,"0","8.9100149999999996","175.8","7.874015748031497E-4",73.5619999999999,"74.911999999999892","73.615999999999943",69.9439999999999,29.2,11.6,20.4
"BOOI4","2021-08-27 04:00",71.5999999999999,"92.8",0,"0","7.2160120000000001","175.3","3.9370078740157491E-4",73.2019999999999,"74.857999999999933","73.57999999999997",69.9259999999999,29.2,11.6,20.3
"BOOI4","2021-08-27 05:00",71.0599999999999,"95.3",0,"0","3.9440067000000001","191","-1.181102362204725E-4",72.9319999999999,"74.785999999999902","73.57999999999997",69.9079999999999,29.2,11.7,20.3
"BOOI4","2021-08-27 06:00",71.7259999999999,"96.1",0,"0","2.8460046999999999","336.9","-3.9370078740157491E-4",72.7339999999999,"74.749999999999929","73.525999999999925",69.9619999999999,29.1,11.7,20.3
"BOOI4","2021-08-27 07:00",71.2039999999999,"97.2",4406.4,"0","4.311007","50.55","-2.3622047244094491E-4",72.698,"74.659999999999911","73.507999999999939",69.9259999999999,29,11.7,20.4
"BOOI4","2021-08-27 08:00",72.248,"92.2",183852,"0","6.8980110000000003","78.489999999999995","1.377952755905512E-3",72.7699999999999,"74.569999999999894","73.489999999999952",69.9079999999999,29,11.7,20.3
"BOOI4","2021-08-27 09:00",73.5439999999999,"89.1",536040,"0","10.190016999999999","99.4","4.8031496062992136E-3",73.1839999999999,"74.497999999999962","73.471999999999966",69.9259999999999,28.9,11.7,20.3
"BOOI4","2021-08-27 10:00",75.6499999999999,"87.5",1483200,"0","10.280017000000001","96.9","1.055118110236221E-2",74.3179999999999,"74.407999999999944","73.435999999999908",69.9259999999999,28.9,11.6,20.3
"BOOI4","2021-08-27 11:00",79.0519999999999,"82.4",2142000,"0","10.540017000000001","122.8","1.5787401574803149E-2",76.298,"74.335999999999899","73.417999999999921",69.9079999999999,28.7,11.6,20.3
"BOOI4","2021-08-27 12:00",81.8779999999999,"79.92",2560680,"0","11.150019","138.69999999999999","2.0078740157480322E-2",78.4759999999999,"74.281999999999954","73.417999999999921",69.9259999999999,28.5,11.6,20.3
"BOOI4","2021-08-27 13:00",85.874,"75.08",2797560,"0","11.330019","146.4","2.350393700787402E-2",80.672,"74.209999999999908","73.363999999999962",69.9259999999999,28.2,11.3,20.3
"BOOI4","2021-08-27 14:00",88.8259999999999,"71.39",2809440,"0","12.950021","157.9","2.6141732283464569E-2",82.346,"74.191999999999936","73.345999999999989",69.9439999999999,27.9,11.4,20.3
"BOOI4","2021-08-27 15:00",91.796,"62.57",2143800,"0","10.570017","180","2.3740157480314959E-2",83.3359999999999,"74.137999999999977","73.309999999999917",69.9259999999999,27.5,11.2,20.3
"BOOI4","2021-08-27 16:00",91.8679999999999,"62.26",1953720,"0","8.8700139999999994","197","2.2480314960629921E-2",84.146,"74.137999999999977","73.273999999999944",69.9619999999999,27.1,11.1,20.3
"BOOI4","2021-08-27 17:00",91.3999999999999,"58.57",1981800,"0","10.340017","193.1","2.429133858267717E-2",85.2619999999999,"74.17399999999995","73.237999999999985",69.9079999999999,26.7,11,20.3
"BOOI4","2021-08-27 18:00",89.546,"56.93",1267920,"0","9.8300160000000005","193.5","1.8818897637795279E-2",85.6759999999999,"74.227999999999895","73.237999999999985",69.9259999999999,26.3,11,20.3
"BOOI4","2021-08-27 19:00",85.874,"64.58",639000,"0","7.2000117000000001","198.4","1.106299212598425E-2",85.064,"74.29999999999994","73.201999999999913",69.89,26.1,10.8,20.3
"BOOI4","2021-08-27 20:00",81.8599999999999,"73.08",59508,"0","5.0650085999999996","202.9","4.4094488188976388E-3",83.588,"74.407999999999944","73.147999999999954",69.9259999999999,26.1,10.9,20.2
"BOOI4","2021-08-27 21:00",80.222,"77.83",1630.8,"0","4.2970069999999998","197.9","9.4488188976377975E-4",82.0039999999999,"74.479999999999976","73.16599999999994",69.9259999999999,26.1,10.9,20.2
"BOOI4","2021-08-27 22:00",80.672,"78.05",0,"0","4.6830077000000001","183.9","7.0866141732283468E-4",80.78,"74.569999999999894","73.111999999999895",69.9259999999999,26.1,11,20.2
"BOOI4","2021-08-27 23:00",79.088,"81",0,"0","5.6860093999999997","178.5","1.0629921259842519E-3",79.88,"74.659999999999911","73.111999999999895",69.9079999999999,26.2,11,20.3
"BOOI4","2021-08-28 00:00",77.18,"86.9",0,"0","4.9720079999999998","184.5","5.1181102362204728E-4",79.0339999999999,"74.71399999999997","73.075999999999922",69.9079999999999,26.2,11,20.3
"BOOI4","2021-08-28 01:00",76.8019999999999,"89",0,"0","4.4150070000000001","188.9","7.874015748031497E-5",78.2239999999999,"74.767999999999915","73.093999999999909",69.9079999999999,26.2,11,20.3
"BOOI4","2021-08-28 02:00",77.4499999999999,"87.1",0,"0","4.5800076000000001","195.9","1.181102362204725E-4",77.63,"74.785999999999902","73.093999999999909",69.89,26.1,11.1,20.3
"BOOI4","2021-08-28 03:00",78.0439999999999,"84.9",0,"0","4.6730074999999998","204","3.1496062992125988E-4",77.198,"74.785999999999902","73.075999999999922",69.9079999999999,26.2,11.1,20.3
"BOOI4","2021-08-28 04:00",75.488,"92.9",0,"0.01","4.7260074999999997","191.6","0",76.874,"74.839999999999961","73.075999999999922",69.9079999999999,26.2,11.1,20.3
"BOOI4","2021-08-28 05:00",76.6039999999999,"87.7",0,"0.02","7.7360129999999998","176.3","4.3307086614173231E-4",76.496,"74.785999999999902","73.057999999999936",69.872,26.2,11.2,20.3
"BOOI4","2021-08-28 06:00",75.0919999999999,"91.5",0,"0.11","3.689006","151","-1.968503937007874E-4",76.172,"74.785999999999902","73.057999999999936",69.89,26.2,11.2,20.3
"BOOI4","2021-08-28 07:00",76.298,"86.9",11304,"0","9.2500149999999994","153.80000000000001","7.874015748031497E-4",75.8659999999999,"74.749999999999929","73.075999999999922",69.872,26.1,11.1,20.3
"BOOI4","2021-08-28 08:00",76.406,"87.8",186444,"0","7.4890122000000003","167.3","3.1496062992125988E-3",75.6859999999999,"74.731999999999957","73.057999999999936",69.872,26.1,11.1,20.3
"BOOI4","2021-08-28 09:00",77.6119999999999,"90.9",401760,"0.04","5.1060084999999997","140.6","3.6220472440944892E-3",75.848,"74.71399999999997","73.003999999999891",69.8539999999999,26.1,11.1,20.3
"BOOI4","2021-08-28 10:00",82.58,"79.11",1739880,"0","5.3600086999999998","133","1.34251968503937E-2",77.5039999999999,"74.695999999999984","73.039999999999949",69.8359999999999,25.9,11.1,20.3
"BOOI4","2021-08-28 11:00",83.156,"78.489999999999995",1904040,"0","5.9970100000000004","142.9","1.5984251968503942E-2",79.6999999999999,"74.641999999999925","73.039999999999949",69.8539999999999,25.8,11,20.3
"BOOI4","2021-08-28 12:00",85.28,"72.69",2106000,"0","6.0200100000000001","139.4","1.8188976377952758E-2",81.896,"74.605999999999966","73.021999999999977",69.872,25.5,10.8,20.3
"BOOI4","2021-08-28 13:00",88.9699999999999,"65.72",2445120,"0","7.306012","181.5","2.295275590551181E-2",83.6779999999999,"74.58799999999998","73.039999999999949",69.8539999999999,25.2,10.8,20.3
"BOOI4","2021-08-28 14:00",90.032,"58.84",2694240,"0","7.3500123000000004","190.6","2.6417322834645679E-2",86.4679999999999,"74.551999999999907","73.021999999999977",69.8359999999999,24.7,10.7,20.3
"BOOI4","2021-08-28 15:00",89.2939999999999,"61.58",2739600,"0","8.5500144999999996","189.4","2.8267716535433071E-2",89.0239999999999,"74.605999999999966","73.039999999999949",69.8539999999999,24.2,10.5,20.3
"BOOI4","2021-08-28 16:00",89.762,"61.35",1993680,"0","9.9700164999999998","178","2.3740157480314959E-2",90.3919999999999,"74.605999999999966","73.003999999999891",69.8539999999999,23.7,10.3,20.3
"BOOI4","2021-08-28 17:00",89.5099999999999,"60.34",1409760,"0","8.890015","182.8","1.854330708661418E-2",90.356,"74.677999999999898","73.021999999999977",69.8359999999999,23.3,10.3,20.2
"BOOI4","2021-08-28 18:00",88.6099999999999,"60.96",1241280,"0","9.4100160000000006","186.5","1.748031496062992E-2",90.14,"74.767999999999915","73.021999999999977",69.8359999999999,23.1,10.2,20.2
"BOOI4","2021-08-28 19:00",85.7839999999999,"65.430000000000007",603000,"0","7.1260120000000002","198.9","1.035433070866142E-2",88.988,"74.821999999999974","72.985999999999905",69.8359999999999,23,10.1,20.2
"BOOI4","2021-08-28 20:00",80.438,"75.069999999999993",127836,"0","4.3210072999999998","194.3","2.6771653543307089E-3",87.2779999999999,"74.929999999999978","72.985999999999905",69.8179999999999,23,10.1,20.2
"BOOI4","2021-08-28 21:00",76.8019999999999,"85.1",687.6,"0","4.2300069999999996","178.7","5.1181102362204728E-4",85.3339999999999,"75.019999999999897","73.021999999999977",69.8359999999999,23.1,10.1,20.2
"BOOI4","2021-08-28 22:00",78.1519999999999,"79.489999999999995",0,"0","6.1590100000000003","177.1","8.2677165354330727E-4",83.6599999999999,"75.091999999999928","72.985999999999905",69.8359999999999,23.1,10.2,20.2
"BOOI4","2021-08-28 23:00",76.3339999999999,"83.2",0,"0","5.0950084000000002","185.9","7.0866141732283468E-4",82.238,"75.199999999999932","72.985999999999905",69.7999999999999,23.1,10.2,20.2
"BOOI4","2021-08-29 00:00",75.1999999999999,"85.5",0,"0","3.7480060000000002","193.1","1.5748031496062989E-4",81.0859999999999,"75.253999999999891","72.985999999999905",69.782,23.1,10.3,20.2
"BOOI4","2021-08-29 01:00",74.372,"88.2",0,"0","3.4320059999999999","201.7","-1.181102362204725E-4",80.0779999999999,"75.289999999999949","73.003999999999891",69.782,23.1,10.3,20.2
"BOOI4","2021-08-29 02:00",75.4519999999999,"85.6",0,"0","4.0830070000000003","207.3","3.9370078740157492E-5",79.3039999999999,"75.289999999999949","73.021999999999977",69.764,23.1,10.3,20.2
"BOOI4","2021-08-29 03:00",74.4439999999999,"84.5",0,"0","7.5140130000000003","250.7","7.4803149606299225E-4",78.6919999999999,"75.289999999999949","73.021999999999977",69.782,23.1,10.4,20.2
"BOOI4","2021-08-29 04:00",69.422,"95.2",0,"0","5.0230082999999999","319.8","7.874015748031497E-5",78.0439999999999,"75.271999999999977","73.039999999999949",69.782,23.1,10.3,20.2
"BOOI4","2021-08-29 05:00",68.3599999999999,"96.1",0,"0","3.9510063999999998","79.37","-4.7244094488188988E-4",77.1259999999999,"75.235999999999905","73.021999999999977",69.764,23.1,10.3,20.2
"BOOI4","2021-08-29 06:00",68.1619999999999,"98.2",0,"0","8.260014","151.30000000000001","-2.7559055118110242E-4",76.388,"75.235999999999905","73.039999999999949",69.782,23,10.4,20.2
"BOOI4","2021-08-29 07:00",69.296,"96.7",11638.8,"0","8.0500139999999991","173.3","-3.1496062992125988E-4",75.74,"75.163999999999973","73.039999999999949",69.764,23,10.4,20.2
"BOOI4","2021-08-29 08:00",69.6739999999999,"90",135252,"0","5.4970093000000002","322.60000000000002","1.8897637795275599E-3",75.3079999999999,"75.109999999999914","73.075999999999922",69.7999999999999,23,10.4,20.2
"BOOI4","2021-08-29 09:00",71.4739999999999,"82.6",661680,"0","5.4210086000000004","302.8","5.0393700787401581E-3",75.3259999999999,"75.00199999999991","73.075999999999922",69.782,23,10.4,20.2
"BOOI4","2021-08-29 10:00",73.9759999999999,"79.760000000000005",1265760,"0","8.9400150000000007","285.8","1.0984251968503941E-2",76.298,"74.965999999999937","73.057999999999936",69.764,22.9,10.3,20.2
"BOOI4","2021-08-29 11:00",74.8039999999999,"82.8",1241640,"0","7.9490129999999999","299.7","1.02755905511811E-2",77.4679999999999,"74.87599999999992","73.057999999999936",69.782,22.8,10.3,20.2
"BOOI4","2021-08-29 12:00",77.3419999999999,"75.86",2040840,"0","5.8540096000000004","323.2","1.547244094488189E-2",79.3759999999999,"74.785999999999902","73.075999999999922",69.764,22.6,10.2,20.2
"BOOI4","2021-08-29 13:00",78.4759999999999,"71.13",2454480,"0","5.9600099999999996","337.6","1.9606299212598429E-2",81.9499999999999,"74.71399999999997","73.093999999999909",69.782,22.4,10.1,20.1
"BOOI4","2021-08-29 14:00",80.5999999999999,"61.41",2384280,"0","4.7350082000000002","343.2","2.0078740157480322E-2",84.398,"74.659999999999911","73.057999999999936",69.746,22.1,10,20.1
"BOOI4","2021-08-29 15:00",81.2659999999999,"59.64",2727360,"0","4.8190080000000002","356.7","2.3070866141732281E-2",86.63,"74.58799999999998","73.057999999999936",69.746,21.8,9.8,20.1
"BOOI4","2021-08-29 16:00",80.456,"57.84",2065320,"0","3.4390056000000002","329.1","1.7913385826771658E-2",88.43,"74.533999999999921","73.057999999999936",69.7279999999999,21.6,9.7,20.1
"BOOI4","2021-08-29 17:00",80.69,"57.05",1484640,"0","2.6990044000000002","334.5","1.311023622047244E-2",88.88,"74.533999999999921","73.039999999999949",69.7279999999999,21.4,9.6,20.1
"BOOI4","2021-08-29 18:00",77.6839999999999,"66.02",829440,"0","2.6550045","299.39999999999998","7.9921259842519708E-3",88.2499999999999,"74.569999999999894","73.021999999999977",69.746,21.3,9.6,20.1
"BOOI4","2021-08-29 19:00",75.8839999999999,"71.849999999999994",431640,"0","1.4710023000000001","303.10000000000002","3.464566929133858E-3",86.864,"74.605999999999966","73.003999999999891",69.764,21.4,9.6,20.1
"BOOI4","2021-08-29 20:00",72.4099999999999,"77.319999999999993",146952,"0","0.87800144999999996","294.7","-5.905511811023623E-4",85.1179999999999,"74.605999999999966","73.003999999999891",69.7279999999999,21.4,9.6,20.1
"BOOI4","2021-08-29 21:00",70.322,"80.900000000000006",3229.2,"0","7.0000110000000004E-2","317","-7.4803149606299225E-4",83.1739999999999,"74.641999999999925","72.985999999999905",69.7279999999999,21.4,9.6,20.1
"BOOI4","2021-08-29 22:00",66.164,"89.1",0,"0","0.16000026000000001","292.10000000000002","-7.0866141732283468E-4",81.3019999999999,"74.71399999999997","73.003999999999891",69.746,21.4,9.7,20.1
"BOOI4","2021-08-29 23:00",64.022,"93.6",0,"0","9.0000150000000001E-2","211.4","-7.4803149606299225E-4",79.5919999999999,"74.749999999999929","72.985999999999905",69.746,21.4,9.7,20.1
"BOOI4","2021-08-30 00:00",67.946,"76.92",0,"0","0.67400115999999999","291.89999999999998","-4.7244094488188988E-4",78.1159999999999,"74.749999999999929","72.949999999999932",69.6919999999999,21.4,9.7,20.1
"BOOI4","2021-08-30 01:00",67.9999999999999,"74.489999999999995",0,"0","1.0840018","321.2","-1.181102362204725E-4",76.8199999999999,"74.695999999999984","72.967999999999918",69.7279999999999,21.4,9.7,20.1
"BOOI4","2021-08-30 02:00",66.7939999999999,"75.08",0,"0","1.9490031999999999","341.3","3.1496062992125988E-4",75.722,"74.695999999999984","72.967999999999918",69.746,21.4,9.7,20.1
"BOOI4","2021-08-30 03:00",66.4339999999999,"73.95",0,"0","0.79700130000000002","336.9","-3.1496062992125988E-4",74.714,"74.58799999999998","72.985999999999905",69.6919999999999,21.4,9.7,20.1
"BOOI4","2021-08-30 04:00",64.7779999999999,"76.98",0,"0","1.0240016999999999","343.5","-1.968503937007874E-4",73.7779999999999,"74.569999999999894","72.949999999999932",69.7099999999999,21.4,9.8,20.1
"BOOI4","2021-08-30 05:00",63.4999999999999,"82.2",0,"0","0.85400140000000002","348.1","-3.1496062992125988E-4",72.9499999999999,"74.46199999999989","72.949999999999932",69.6919999999999,21.4,9.8,20.1
"BOOI4","2021-08-30 06:00",61.9159999999999,"87.2",0,"0","0.30700050000000001","29.02","-6.2992125984251976E-4",72.2839999999999,"74.371999999999971","72.913999999999973",69.6919999999999,21.4,9.8,20.1
"BOOI4","2021-08-30 07:00",62.1859999999999,"89.5",15760.8,"0","1.0770017999999999","34.380000000000003","-3.1496062992125988E-4",71.6179999999999,"74.281999999999954","72.931999999999945",69.7099999999999,21.4,9.8,20.1
"BOOI4","2021-08-30 08:00",64.9759999999999,"86.6",291240,"0","1.6770027999999999","42.16","9.4488188976377975E-4",71.3119999999999,"74.155999999999963","72.913999999999973",69.7099999999999,21.4,9.9,20.1
"BOOI4","2021-08-30 09:00",71.096,"80.099999999999994",948960,"0","1.7480028999999999","91","5.5118110236220489E-3",71.9599999999999,"74.029999999999973","72.895999999999987",69.7099999999999,21.3,9.8,20.1
"BOOI4","2021-08-30 10:00",75.0199999999999,"73.02",1621080,"0","3.9930067","105","1.1850393700787399E-2",73.94,"73.885999999999896","72.877999999999901",69.6919999999999,21.2,9.7,20.1
"BOOI4","2021-08-30 11:00",77.306,"62.46",2161800,"0","5.5540089999999998","121.7","1.748031496062992E-2",76.8199999999999,"73.75999999999992","72.859999999999914",69.7099999999999,21,9.6,20.1
"BOOI4","2021-08-30 12:00",79.196,"58.82",2544480,"0","4.8240074999999996","123.7","2.10236220472441E-2",80.1499999999999,"73.651999999999916","72.841999999999928",69.6919999999999,20.8,9.4,20.1
"BOOI4","2021-08-30 13:00",80.4919999999999,"59.86",2551320,"0","4.5430073999999996","117.3","2.1732283464566939E-2",83.606,"73.561999999999884","72.841999999999928",69.6919999999999,20.6,9.3,20.1
"BOOI4","2021-08-30 14:00",81.8419999999999,"60.21",2877840,"0","3.7000060000000001","160.19999999999999","2.3937007874015748E-2",86.9179999999999,"73.471999999999966","72.787999999999982",69.6739999999999,20.3,9.1,20
"BOOI4","2021-08-30 15:00",82.2919999999999,"58.06",2093760,"0","2.6840042999999998","153.69999999999999","1.807086614173229E-2",89.0419999999999,"73.417999999999921","72.787999999999982",69.6739999999999,20.1,8.9,20.1
"BOOI4","2021-08-30 16:00",81.7159999999999,"59.61",1722600,"0","3.7120060000000001","119.6","1.6023622047244099E-2",89.906,"73.399999999999935","72.75199999999991",69.6739999999999,19.9,8.9,20.1
"BOOI4","2021-08-30 17:00",84.38,"48.1",1933560,"0","3.1510053","54.15","1.7086614173228348E-2",90.7519999999999,"73.417999999999921","72.715999999999937",69.6739999999999,19.7,8.7,20.1
"BOOI4","2021-08-30 18:00",82.3819999999999,"59.15",1240200,"0","3.6680062000000002","50.17","1.2244094488188979E-2",90.896,"73.471999999999966","72.715999999999937",69.6739999999999,19.6,8.6,20.1
"BOOI4","2021-08-30 19:00",78.4759999999999,"70.75",507600,"0","4.3170070000000003","43.81","6.6141732283464582E-3",89.6359999999999,"73.507999999999939","72.661999999999892",69.638,19.6,8.6,20.1
"BOOI4","2021-08-30 20:00",72.806,"78.31",91584,"0","4.8090080000000004","71","2.0866141732283471E-3",87.5839999999999,"73.561999999999884","72.643999999999906",69.656,19.6,8.6,20.1
"BOOI4","2021-08-30 21:00",72.7519999999999,"73.599999999999994",644.4,"0","4.8500079999999999","84.9","9.0551181102362219E-4",85.3519999999999,"73.633999999999929","72.62599999999992",69.6739999999999,19.6,8.6,20.1
"BOOI4","2021-08-30 22:00",71.2759999999999,"77.209999999999994",0,"0","5.1120086000000002","98.2","9.8425196850393721E-4",83.4619999999999,"73.723999999999947","72.607999999999933",69.656,19.7,8.6,20.1
"BOOI4","2021-08-30 23:00",72.1759999999999,"72.23",0,"0","5.8030099999999996","82.5","8.2677165354330727E-4",81.9679999999999,"73.777999999999892","72.535999999999902",69.6739999999999,19.7,8.7,20.1
"BOOI4","2021-08-31 00:00",63.1759999999999,"98.9",75.6,"0.64","10.250017","12.46","3.1496062992125988E-4",79.3039999999999,"73.849999999999937","72.535999999999902",69.6739999999999,30.4,8.8,20.1
"BOOI4","2021-08-31 01:00",63.3019999999999,"98.1",270,"0.05","9.2200159999999993","85.5","-3.5433070866141729E-4",76.874,"73.885999999999896","72.535999999999902",69.638,30.4,9,20.1
"BOOI4","2021-08-31 02:00",64.688,"91.4",424.8,"0.04","12.31002","114.3","1.181102362204725E-4",75.2179999999999,"73.831999999999951","72.535999999999902",69.656,30.6,9,20.3
"BOOI4","2021-08-31 03:00",64.0039999999999,"93.7",306,"0","7.3030119999999998","115.1","0",73.9759999999999,"73.777999999999892","72.535999999999902",69.6739999999999,30.6,9.1,20.3
"BOOI4","2021-08-31 04:00",63.0319999999999,"97.3",212.4,"0","2.1440036","300.2","-8.2677165354330727E-4",73.1119999999999,"73.651999999999916","72.517999999999915",69.6739999999999,30.5,9.2,20.4
"BOOI4","2021-08-31 05:00",62.8339999999999,"98.8",223.2,"0","2.1610035999999999","313.7","-8.6614173228346462E-4",72.482,"73.543999999999912","72.517999999999915",69.656,30.4,9.2,20.4
"BOOI4","2021-08-31 06:00",62.78,"99.4",147.6,"0.01","1.8730031","298.2","-9.4488188976377975E-4",71.9239999999999,"73.399999999999935","72.517999999999915",69.638,30.3,9.2,20.4
"BOOI4","2021-08-31 07:00",62.6359999999999,"99.8",4363.2,"0.02","1.226002","209.1","-1.0629921259842519E-3",71.4739999999999,"73.273999999999944","72.499999999999929",69.638,30.2,9.3,20.4
"BOOI4","2021-08-31 08:00",63.1579999999999,"100",112752,"0.01","2.4870043000000002","72.27","5.905511811023623E-4",71.1859999999999,"73.16599999999994","72.445999999999984",69.6199999999999,30.2,9.3,20.4
"BOOI4","2021-08-31 09:00",63.7519999999999,"99.5",192888,"0","2.9060049999999999","12.54","1.25984251968504E-3",71.0419999999999,"73.003999999999891","72.445999999999984",69.6199999999999,30.1,9.3,20.4
"BOOI4","2021-08-31 10:00",64.2019999999999,"99.3",207936,"0.01","2.1730037000000002","9.5299999999999994","1.4173228346456689E-3",70.9159999999999,"72.895999999999987","72.46399999999997",69.6019999999999,30.1,9.3,20.4
"BOOI4","2021-08-31 11:00",65.732,"98",411480,"0","2.2910037000000001","344.2","2.8346456692913392E-3",71.2039999999999,"72.769999999999897","72.445999999999984",69.638,30,9.4,20.3
"BOOI4","2021-08-31 12:00",67.19,"94.2",629280,"0","3.9930067","25.69","4.4488188976377959E-3",71.6539999999999,"72.661999999999892","72.409999999999911",69.6199999999999,30,9.4,20.3
"BOOI4","2021-08-31 13:00",70.4839999999999,"83.1",1360800,"0","5.6830090000000002","32.799999999999997","9.488188976377954E-3",72.5179999999999,"72.535999999999902","72.391999999999925",69.6019999999999,29.9,9.4,20.3
"BOOI4","2021-08-31 14:00",71.4199999999999,"85.1",1445760,"0","7.7710129999999999","54.65","1.10236220472441E-2",73.94,"72.445999999999984","72.355999999999966",69.6199999999999,29.9,9.3,20.3
"BOOI4","2021-08-31 15:00",73.238,"77.27",2196720,"0","9.2200159999999993","72.55","1.6771653543307091E-2",75.596,"72.301999999999907","72.319999999999894",69.6019999999999,29.7,9.3,20.3
"BOOI4","2021-08-31 16:00",75.596,"73.94",1566360,"0","7.8840130000000004","65.900000000000006","1.338582677165355E-2",76.4239999999999,"72.229999999999976","72.301999999999907",69.6019999999999,29.7,9.2,20.3
"BOOI4","2021-08-31 17:00",76.6939999999999,"66.739999999999995",1742760,"0","8.9800149999999999","75.16","1.5708661417322842E-2",77.1259999999999,"72.175999999999917","72.247999999999962",69.5839999999999,29.5,9.2,20.3
"BOOI4","2021-08-31 18:00",75.6679999999999,"69.790000000000006",1093680,"0","8.0100130000000007","77.12","1.161417322834646E-2",77.18,"72.139999999999958","72.265999999999948",69.6019999999999,29.5,9.2,20.3
"BOOI4","2021-08-31 19:00",72.482,"71.349999999999994",572040,"0","8.2300140000000006","75.77","7.7165354330708674E-3",76.6759999999999,"72.067999999999913","72.157999999999944",69.5839999999999,29.4,9.2,20.3
"BOOI4","2021-08-31 20:00",67.406,"82.5",82296,"0","5.2130089999999996","87.6","1.574803149606299E-3",75.1279999999999,"72.04999999999994","72.175999999999917",69.5839999999999,29.4,9.2,20.3
"BOOI4","2021-08-31 21:00",65.9659999999999,"87.1",640.8,"0","1.3640022000000001","75.39","-6.2992125984251976E-4",73.6519999999999,"72.031999999999954","72.103999999999886",69.5659999999999,29.4,9.2,20.3
"BOOI4","2021-08-31 22:00",63.1759999999999,"91.4",0,"0","2.549004","90.9","-3.5433070866141729E-4",72.4099999999999,"71.977999999999895","72.04999999999994",69.5659999999999,29.4,9.3,20.3
"BOOI4","2021-08-31 23:00",62.006,"92.4",0,"0","0.40300068","54.14","-1.0629921259842519E-3",71.1679999999999,"71.959999999999908","72.031999999999954",69.5659999999999,29.4,9.3,20.2
"BOOI4","2021-09-01 00:00",60.7279999999999,"95.9",0,"0","1.200002E-2","58.71","-1.25984251968504E-3",70.088,"71.905999999999963","71.995999999999981",69.548,29.4,9.3,20.2
"BOOI4","2021-09-01 01:00",60.3499999999999,"97.7",0,"0","1.0500016999999999","52.27","-9.4488188976377975E-4",69.1159999999999,"71.851999999999904","71.959999999999908",69.548,29.4,9.3,20.2
"BOOI4","2021-09-01 02:00",59.2519999999999,"98.1",0,"0","1.6950027999999999","27.1","-7.874015748031497E-4",68.2159999999999,"71.815999999999946","71.995999999999981",69.5659999999999,29.4,9.3,20.2
"BOOI4","2021-09-01 03:00",59.8279999999999,"98.2",0,"0","1.4130023","9.7899999999999991","-8.6614173228346462E-4",67.514,"71.725999999999928","71.905999999999963",69.5119999999999,29.4,9.3,20.2
"BOOI4","2021-09-01 04:00",59.1079999999999,"98",0,"0","1.3060020999999999","12.72","-8.6614173228346462E-4",66.8839999999999,"71.617999999999924","71.851999999999904",69.5119999999999,29.4,9.3,20.2
"BOOI4","2021-09-01 05:00",58.64,"98.2",0,"0","1.7990029999999999","18.59","-7.874015748031497E-4",66.272,"71.563999999999965","71.815999999999946",69.53,29.3,9.3,20.2
"BOOI4","2021-09-01 06:00",57.848,"98.3",0,"0","2.396004","22.81","-7.0866141732283468E-4",65.696,"71.419999999999888","71.761999999999887",69.53,29.3,9.3,20.2
"BOOI4","2021-09-01 07:00",57.6859999999999,"98.5",15548.4,"0","2.6760044000000001","28.22","-6.2992125984251976E-4",65.1199999999999,"71.347999999999956","71.761999999999887",69.4939999999999,29.3,9.3,20.2
"BOOI4","2021-09-01 08:00",60.998,"96",400320,"0","3.0570050000000002","23.18","6.6929133858267733E-4",64.8499999999999,"71.20399999999988","71.689999999999955",69.4939999999999,29.3,9.3,20.2
"BOOI4","2021-09-01 09:00",65.246,"94.6",970200,"0","4.9800079999999998","63.82","4.566929133858269E-3",65.588,"71.077999999999903","71.689999999999955",69.5119999999999,29.3,9.3,20.2
"BOOI4","2021-09-01 10:00",69.53,"79.09",1581840,"0","6.9680114","95","1.0039370078740161E-2",67.5499999999999,"70.987999999999985","71.671999999999969",69.4939999999999,29.2,9.4,20.1
"BOOI4","2021-09-01 11:00",71.5279999999999,"67.92",2148120,"0","8.4700140000000008","99.7","1.6338582677165359E-2",69.8539999999999,"70.825999999999922","71.581999999999951",69.4759999999999,29.1,9.3,20.1
"BOOI4","2021-09-01 12:00",73.9759999999999,"61.55",2587680,"0","8.4400139999999997","92.5","2.0826771653543311E-2",72.1579999999999,"70.735999999999905","71.563999999999965",69.4759999999999,29,9.2,20.1
"BOOI4","2021-09-01 13:00",75.398,"57.82",2836800,"0","7.9790134000000004","96.5","2.3464566929133859E-2",74.372,"70.645999999999987","71.527999999999892",69.44,28.9,9.1,20.1
"BOOI4","2021-09-01 14:00",77.2519999999999,"55.46",2880000,"0","7.9640136000000004","97.2","2.4842519685039369E-2",76.4239999999999,"70.555999999999969","71.491999999999933",69.44,28.7,9.1,20.1
"BOOI4","2021-09-01 15:00",77.5039999999999,"55.92",2719440,"0","8.9100149999999996","101.3","2.4842519685039369E-2",77.7199999999999,"70.519999999999897","71.437999999999974",69.4579999999999,28.6,9,20.1
"BOOI4","2021-09-01 16:00",77.4499999999999,"56.36",2337120,"0","9.1300150000000002","104.5","2.2795275590551181E-2",78.4579999999999,"70.465999999999937","71.383999999999929",69.422,28.4,8.9,20.1
"BOOI4","2021-09-01 17:00",77.1439999999999,"58.61",1814400,"0","8.1700130000000009","110.2","1.8503937007874019E-2",78.8539999999999,"70.429999999999978","71.347999999999956",69.422,28.2,8.9,20.1
"BOOI4","2021-09-01 18:00",76.6939999999999,"61.11",1182240,"0","7.6810125999999999","108.4","1.3622047244094489E-2",78.656,"70.411999999999892","71.293999999999912",69.422,28.2,8.9,20.1
"BOOI4","2021-09-01 19:00",73.5619999999999,"67",590400,"0","5.8410099999999998","99.5","7.3228346456692926E-3",77.8279999999999,"70.411999999999892","71.239999999999952",69.422,28.1,8.9,20.1
"BOOI4","2021-09-01 20:00",68.522,"78.59",92700,"0","3.5950060000000001","93.6","7.0866141732283468E-4",76.1539999999999,"70.411999999999892","71.20399999999988",69.3859999999999,28.1,8.9,20.1
"BOOI4","2021-09-01 21:00",64.6519999999999,"87.5",446.4,"0","2.0240032999999999","65.63","-4.7244094488188988E-4",74.3179999999999,"70.411999999999892","71.149999999999935",69.4039999999999,28.1,8.9,20.1
"BOOI4","2021-09-01 22:00",62.5099999999999,"90.4",0,"0","2.0960035000000001","62.94","-6.2992125984251976E-4",72.6619999999999,"70.429999999999978","71.095999999999989",69.3859999999999,28.1,9,20.1
"BOOI4","2021-09-01 23:00",62.4199999999999,"90",0,"0","2.6690043999999999","68.78","-5.1181102362204728E-4",71.3119999999999,"70.411999999999892","71.095999999999989",69.3859999999999,28.1,9,20.1
"BOOI4","2021-09-02 00:00",62.0419999999999,"91.9",0,"0","4.0530065999999998","98","-2.7559055118110242E-4",70.088,"70.447999999999965","71.041999999999931",69.3679999999999,28.1,9,20.1
"BOOI4","2021-09-02 01:00",62.0779999999999,"92.3",0,"0","4.7880079999999996","99.3","-2.7559055118110242E-4",69.0439999999999,"70.393999999999906","71.005999999999958",69.3679999999999,28.1,9,20.1
"BOOI4","2021-09-02 02:00",61.124,"92.6",0,"0","4.7470080000000001","107.5","-2.7559055118110242E-4",68.18,"70.339999999999961","70.969999999999899",69.3499999999999,28.2,9,20.1
"BOOI4","2021-09-02 03:00",60.296,"93.1",0,"0","4.5520076999999999","109.6","-3.1496062992125988E-4",67.388,"70.285999999999902","70.91599999999994",69.314,28.2,9,20.1
"BOOI4","2021-09-02 04:00",59.846,"93.2",0,"0","4.6060075999999999","111.3","-2.7559055118110242E-4",66.6499999999999,"70.249999999999929","70.897999999999954",69.3499999999999,28.2,9,20.1
"BOOI4","2021-09-02 05:00",58.4599999999999,"95.3",0,"0","3.6450062000000001","119","-4.7244094488188988E-4",66.0199999999999,"70.141999999999925","70.879999999999981",69.296,28.1,9,20.1
"BOOI4","2021-09-02 06:00",57.7759999999999,"95.8",0,"0","3.4620058999999999","116.6","-5.5118110236220485E-4",65.4079999999999,"70.069999999999894","70.825999999999922",69.314,28.1,9,20.1
"BOOI4","2021-09-02 07:00",58.064,"96.5",29520,"0","4.6730074999999998","115.2","-3.9370078740157491E-4",64.832,"69.979999999999976","70.825999999999922",69.2779999999999,28.1,9,20.1
"BOOI4","2021-09-02 08:00",59.522,"96.9",203004,"0","5.9860100000000003","124.5","6.6929133858267733E-4",64.598,"69.871999999999971","70.789999999999949",69.296,28.1,9,20.1
"BOOI4","2021-09-02 09:00",61.772,"93.1",434160,"0","7.9370130000000003","133.1","2.6771653543307089E-3",64.8859999999999,"69.79999999999994","70.735999999999905",69.296,28,9.1,20.1
"BOOI4","2021-09-02 10:00",63.3019999999999,"89.7",624960,"0","7.7060126999999996","142.30000000000001","4.4094488188976388E-3",65.5339999999999,"69.655999999999963","70.717999999999918",69.2419999999999,28.1,9.1,20
"BOOI4","2021-09-02 11:00",67.856,"79.94",1243080,"0","9.6500170000000001","139.1","8.8582677165354347E-3",66.614,"69.547999999999959","70.663999999999973",69.2599999999999,28,9.1,20
"BOOI4","2021-09-02 12:00",68.972,"75.739999999999995",1328400,"0","11.580019","135.69999999999999","1.1811023622047249E-2",68.1439999999999,"69.439999999999955","70.627999999999901",69.2419999999999,28,9,20
"BOOI4","2021-09-02 13:00",69.9439999999999,"73.66",1167480,"0","11.680018","131","1.212598425196851E-2",69.2239999999999,"69.349999999999937","70.573999999999941",69.2239999999999,27.9,9,20
"BOOI4","2021-09-02 14:00",70.9699999999999,"68.900000000000006",1200600,"0","12.540020999999999","135","1.350393700787402E-2",70.232,"69.241999999999933","70.573999999999941",69.206,27.9,9,20
"BOOI4","2021-09-02 15:00",73.2019999999999,"66.06",1648440,"0","14.250023000000001","133.80000000000001","1.720472440944882E-2",71.24,"69.169999999999888","70.50199999999991",69.206,27.8,9,20
"BOOI4","2021-09-02 16:00",72.1759999999999,"69.17",1165320,"0","13.950023","130.19999999999999","1.515748031496063E-2",72.6079999999999,"69.133999999999929","70.483999999999924",69.1699999999999,27.7,9,20
"BOOI4","2021-09-02 17:00",71.8519999999999,"71.73",582120,"0","10.710018","127.9","9.8818897637795288E-3",72.7699999999999,"69.097999999999956","70.429999999999978",69.188,27.7,8.9,20
"BOOI4","2021-09-02 18:00",69.6739999999999,"76.11",191412,"0.01","6.6760109999999999","107.1","5.5905511811023623E-3",72.356,"69.043999999999912","70.37599999999992",69.1699999999999,27.7,8.9,20
"BOOI4","2021-09-02 19:00",67.1539999999999,"76.81",115956,"0.01","7.7980130000000001","104.7","4.4488188976377959E-3",71.348,"69.007999999999939","70.339999999999961",69.1339999999999,27.7,8.9,20
"BOOI4","2021-09-02 20:00",67.2439999999999,"77.72",62568,"0","6.5760107000000003","116.2","2.244094488188977E-3",70.2679999999999,"69.043999999999912","70.267999999999915",69.1339999999999,27.7,8.9,20
"BOOI4","2021-09-02 21:00",66.614,"83.1",410.4,"0","7.5100125999999996","110.7","1.377952755905512E-3",69.3679999999999,"69.025999999999925","70.231999999999957",69.1339999999999,27.7,9,20
"BOOI4","2021-09-02 22:00",67.2079999999999,"84.3",0,"0","7.7910132000000001","115.4","1.220472440944882E-3",68.7199999999999,"69.007999999999939","70.21399999999997",69.098,27.7,9,20
"BOOI4","2021-09-02 23:00",67.9279999999999,"80.599999999999994",0,"0","9.9400169999999992","121.7","1.4173228346456689E-3",68.3599999999999,"68.971999999999966","70.177999999999898",69.098,27.7,9,20
"BOOI4","2021-09-03 00:00",67.838,"79.31",0,"0","11.460019000000001","131.30000000000001","1.6929133858267721E-3",68.0539999999999,"68.989999999999952","70.123999999999953",69.0619999999999,27.6,9,19.9
"BOOI4","2021-09-03 01:00",66.8119999999999,"82.3",0,"0","12.490021","134.30000000000001","1.732283464566929E-3",67.6759999999999,"68.95399999999988","70.051999999999907",69.0619999999999,27.6,9,19.9
"BOOI4","2021-09-03 02:00",67.64,"77.78",0,"0","12.400021000000001","146.69999999999999","1.8503937007874019E-3",67.3519999999999,"68.899999999999935","70.051999999999907",69.0439999999999,27.6,9,19.9
"BOOI4","2021-09-03 03:00",66.5779999999999,"81.5",0,"0","10.870018","152.69999999999999","1.6929133858267721E-3",67.046,"68.863999999999962","70.051999999999907",69.0439999999999,27.6,9,19.9
"BOOI4","2021-09-03 04:00",62.7259999999999,"96.7",0,"0.33","9.9100160000000006","163.1","3.9370078740157491E-4",66.5599999999999,"68.827999999999903","69.96199999999989",69.0079999999999,27.7,9,20
"BOOI4","2021-09-03 05:00",62.5279999999999,"97.1",0,"0","7.9770130000000004","152.5","2.3622047244094491E-4",66.2359999999999,"68.755999999999958","69.925999999999917",69.0079999999999,27.8,9,20
"BOOI4","2021-09-03 06:00",62.8339999999999,"96.4",0,"0","9.6700160000000004","147.69999999999999","2.3622047244094491E-4",65.9659999999999,"68.719999999999899","69.907999999999944",68.99,27.8,9,20
"BOOI4","2021-09-03 07:00",63.014,"96.7",10461.6,"0","9.5800160000000005","156.80000000000001","2.7559055118110242E-4",65.822,"68.647999999999954","69.853999999999886",68.99,28,9.1,20
"BOOI4","2021-09-03 08:00",62.7619999999999,"98.4",55116,"0","8.6100139999999996","156.5","7.4803149606299225E-4",65.7679999999999,"68.593999999999909","69.835999999999899",68.99,28,9.1,20
"BOOI4","2021-09-03 09:00",62.6359999999999,"100",120816,"0.03","7.5720124000000002","157","7.4803149606299225E-4",65.7859999999999,"68.539999999999949","69.781999999999954",68.9539999999999,28,9.1,20
"BOOI4","2021-09-03 10:00",63.5899999999999,"100",303840,"0","7.189012","157.4","1.732283464566929E-3",66.0199999999999,"68.503999999999891","69.763999999999967",68.9539999999999,28.1,9.1,20
"BOOI4","2021-09-03 11:00",65.624,"99.4",678600,"0","7.8360133000000003","159.69999999999999","3.779527559055119E-3",66.596,"68.431999999999945","69.727999999999895",68.9179999999999,28.1,9.1,20
"BOOI4","2021-09-03 12:00",68.63,"95.1",990000,"0","5.9180098000000001","183.6","6.2204724409448834E-3",67.8019999999999,"68.413999999999973","69.691999999999936",68.9179999999999,28.2,9.1,20
"BOOI4","2021-09-03 13:00",72.0499999999999,"90.7",1242720,"0","3.9810064000000001","211.4","8.6220472440944902E-3",69.332,"68.341999999999928","69.637999999999977",68.8999999999999,28.2,9.1,20
"BOOI4","2021-09-03 14:00",75.5239999999999,"86.7",1850400,"0","3.0840049999999999","211.2","1.3346456692913389E-2",71.9599999999999,"68.305999999999969","69.601999999999904",68.8819999999999,28.1,9,20
"BOOI4","2021-09-03 15:00",75.9199999999999,"85.5",806400,"0","2.7670047000000002","226.3","6.7716535433070884E-3",73.3819999999999,"68.287999999999982","69.583999999999932",68.8819999999999,28.1,9,19.9
"BOOI4","2021-09-03 16:00",76.1539999999999,"86.5",931680,"0","2.9720049999999998","201.4","7.51968503937008E-3",74.0119999999999,"68.287999999999982","69.529999999999973",68.864,28.1,9,19.9
"BOOI4","2021-09-03 17:00",74.8039999999999,"88.9",414000,"0","1.3350023","191.5","3.543307086614174E-3",74.4259999999999,"68.287999999999982","69.511999999999887",68.8819999999999,28.1,9,19.9
"BOOI4","2021-09-03 18:00",71.996,"96.7",171180,"0","3.1110053","47.34","1.771653543307087E-3",74.138,"68.323999999999941","69.4939999999999",68.7919999999999,28.1,9,19.9
"BOOI4","2021-09-03 19:00",71.7619999999999,"97.7",155844,"0","1.790003","54.6","1.25984251968504E-3",73.5259999999999,"68.395999999999987","69.439999999999955",68.8099999999999,28.1,9,20
"BOOI4","2021-09-03 20:00",71.006,"99.1",26503.2,"0","1.3560022","30.51","0",73.0759999999999,"68.449999999999932","69.403999999999883",68.7739999999999,28.1,9.1,20
"BOOI4","2021-09-03 21:00",68.522,"99.3",136.8,"0","4.1740069999999996","348","7.874015748031497E-5",72.446,"68.521999999999977","69.367999999999924",68.738,28.2,9.1,20
"BOOI4","2021-09-03 22:00",67.856,"99.8",0,"0","3.6440060000000001","339.2","3.9370078740157492E-5",71.69,"68.611999999999895","69.367999999999924",68.756,28.2,9.1,20
"BOOI4","2021-09-03 23:00",67.6039999999999,"99.5",0,"0","3.5990060000000001","352.4","3.9370078740157492E-5",71.096,"68.683999999999926","69.331999999999951",68.756,28.2,9.1,20
"BOOI4","2021-09-04 00:00",66.8839999999999,"99.4",0,"0","3.8680064999999999","3.51","3.9370078740157492E-5",70.5739999999999,"68.737999999999985","69.295999999999978",68.7019999999999,28.3,9.1,20
"BOOI4","2021-09-04 01:00",66.2539999999999,"99.5",0,"0","2.9110048000000002","342.1","3.9370078740157492E-5",70.0159999999999,"68.773999999999944","69.295999999999978",68.7199999999999,28.3,9.1,20
"BOOI4","2021-09-04 02:00",66.0739999999999,"99.5",0,"0","3.3370055999999999","344.7","3.9370078740157492E-5",69.548,"68.827999999999903","69.277999999999892",68.7019999999999,28.3,9.1,20
"BOOI4","2021-09-04 03:00",65.822,"99.6",0,"0","2.6440046000000001","332.1","3.9370078740157492E-5",69.188,"68.899999999999935","69.223999999999947",68.6839999999999,28.3,9.2,19.9
"BOOI4","2021-09-04 04:00",65.498,"99.9",0,"0","1.9000032","315.10000000000002","3.9370078740157492E-5",68.9359999999999,"68.899999999999935","69.223999999999947",68.6659999999999,28.3,9.2,19.9
"BOOI4","2021-09-04 05:00",65.1019999999999,"99.2",0,"0","2.9330048999999998","333.8","3.9370078740157492E-5",68.6839999999999,"68.899999999999935","69.223999999999947",68.6659999999999,28.3,9.2,19.9
"BOOI4","2021-09-04 06:00",64.8859999999999,"99.1",0,"0","2.2820038999999999","335.7","3.9370078740157492E-5",68.3419999999999,"68.971999999999966","69.20599999999996",68.648,28.3,9.2,19.9
"BOOI4","2021-09-04 07:00",64.4539999999999,"98.2",3106.8,"0","3.5420058000000001","334","7.874015748031497E-5",68.072,"68.935999999999908","69.20599999999996",68.6119999999999,28.3,9.2,19.9
"BOOI4","2021-09-04 08:00",64.58,"96.7",71676,"0","5.5080090000000004","340.7","7.4803149606299225E-4",67.7659999999999,"68.917999999999921","69.20599999999996",68.5759999999999,28.3,9.2,19.9
"BOOI4","2021-09-04 09:00",65.048,"95.1",261828,"0","6.5080109999999998","343.1","2.0472440944881891E-3",67.622,"68.881999999999948","69.20599999999996",68.5939999999999,28.3,9.2,19.9
"BOOI4","2021-09-04 10:00",65.7499999999999,"93",431640,"0","6.4990110000000003","345.4","3.3464566929133871E-3",67.8019999999999,"68.881999999999948","69.187999999999974",68.5579999999999,28.3,9.2,19.9
"BOOI4","2021-09-04 11:00",65.156,"92.7",386280,"0","5.3780089999999996","352.1","3.3464566929133871E-3",68.0539999999999,"68.863999999999962","69.151999999999916",68.5579999999999,28.3,9.2,19.9
"BOOI4","2021-09-04 12:00",66.5779999999999,"89.5",571680,"0","4.1290069999999996","352","4.4094488188976388E-3",68.198,"68.827999999999903","69.169999999999888",68.5399999999999,28.3,9.2,19.9
"BOOI4","2021-09-04 13:00",66.7579999999999,"89.5",656280,"0","4.1390066000000001","334.1","5.1968503937007884E-3",68.5939999999999,"68.809999999999917","69.151999999999916",68.5039999999999,28.3,9.2,19.9
"BOOI4","2021-09-04 14:00",70.2499999999999,"79.55",1132560,"0","4.2700069999999997","331.5","8.3858267716535439E-3",69.0619999999999,"68.791999999999931","69.169999999999888",68.5039999999999,28.3,9.2,19.9
"BOOI4","2021-09-04 15:00",72.5359999999999,"70.02",2523600,"0","5.2350082000000002","350.1","1.8149606299212601E-2",71.2579999999999,"68.773999999999944","69.133999999999929",68.5039999999999,28.1,9.2,19.9
"BOOI4","2021-09-04 16:00",74.588,"68.44",2224080,"0","5.4370092999999997","357.2","1.7283464566929141E-2",73.2019999999999,"68.719999999999899","69.115999999999943",68.4859999999999,28.1,9.1,19.9
"BOOI4","2021-09-04 17:00",74.8939999999999,"61.58",1693800,"0","5.8630100000000001","355","1.4999999999999999E-2",74.246,"68.683999999999926","69.097999999999956",68.4679999999999,28,9.1,19.9
"BOOI4","2021-09-04 18:00",75.9919999999999,"61.11",1105920,"0","5.2470090000000003","342.1","1.0866141732283469E-2",73.7599999999999,"68.701999999999913","69.097999999999956",68.4499999999999,27.9,9,19.9
"BOOI4","2021-09-04 19:00",73.5259999999999,"70.75",591840,"0","2.3230040000000001","311.2","4.2125984251968514E-3",73.0939999999999,"68.701999999999913","69.097999999999956",68.4319999999999,27.9,9,19.8
"BOOI4","2021-09-04 20:00",67.7119999999999,"83.3",93960,"0","0.59700096000000002","269","-1.2992125984251971E-3",71.9419999999999,"68.701999999999913","69.061999999999884",68.414,27.9,9,19.8
"BOOI4","2021-09-04 21:00",63.3199999999999,"92.1",288,"0","0.4200007","246.6","-1.181102362204725E-3",70.5919999999999,"68.737999999999985","69.043999999999912",68.4319999999999,28,9,19.8
"BOOI4","2021-09-04 22:00",62.1679999999999,"93.7",0,"0","2.457004","260.3","-6.2992125984251976E-4",69.3499999999999,"68.719999999999899","69.043999999999912",68.396,28,9,19.8
"BOOI4","2021-09-04 23:00",61.2679999999999,"94.8",0,"0","3.0150049999999999","261.2","-5.5118110236220485E-4",68.2519999999999,"68.755999999999958","69.025999999999925",68.396,28,9.1,19.8
"BOOI4","2021-09-05 00:00",62.8339999999999,"93.4",0,"0","3.2060053000000002","276.3","-5.5118110236220485E-4",67.28,"68.719999999999899","69.025999999999925",68.3779999999999,28,9.1,19.8
"BOOI4","2021-09-05 01:00",60.998,"96",0,"0","2.3620038000000001","278.89999999999998","-6.6929133858267733E-4",66.488,"68.737999999999985","68.989999999999952",68.3599999999999,28,9.1,19.8
"BOOI4","2021-09-05 02:00",61.0699999999999,"94.6",0,"0","2.8960047000000002","277.7","-5.905511811023623E-4",65.7499999999999,"68.701999999999913","68.989999999999952",68.3419999999999,28,9.1,19.8
"BOOI4","2021-09-05 03:00",60.7819999999999,"94.1",0,"0","3.8380063","278.5","-3.9370078740157491E-4",65.156,"68.683999999999926","68.971999999999966",68.3239999999999,28,9.1,19.8
"BOOI4","2021-09-05 04:00",60.6199999999999,"95.2",0,"0","4.0870065999999996","274.89999999999998","-4.3307086614173231E-4",64.6159999999999,"68.647999999999954","68.95399999999988",68.306,28,9.1,19.8
"BOOI4","2021-09-05 05:00",62.6359999999999,"89.2",0,"0","3.5540058999999999","282","-3.9370078740157491E-4",64.2019999999999,"68.611999999999895","68.95399999999988",68.288,28,9.1,19.8
"BOOI4","2021-09-05 06:00",57.8659999999999,"98.6",0,"0","3.5110058999999998","262.8","-5.1181102362204728E-4",63.806,"68.539999999999949","68.95399999999988",68.306,28,9.2,19.8
"BOOI4","2021-09-05 07:00",58.9819999999999,"99.5",20516.4,"0","2.7590045999999999","261.60000000000002","-6.6929133858267733E-4",63.2839999999999,"68.467999999999918","68.935999999999908",68.2699999999999,28,9.2,19.8
"BOOI4","2021-09-05 08:00",63.5899999999999,"95",381600,"0","3.5750060000000001","264.7","5.905511811023623E-4",63.1039999999999,"68.413999999999973","68.899999999999935",68.2699999999999,28,9.2,19.8
"BOOI4","2021-09-05 09:00",68.5939999999999,"85.6",1008000,"0","3.7760064999999998","265.5","5.2755905511811044E-3",64.148,"68.359999999999914","68.899999999999935",68.2519999999999,28,9.2,19.8
"BOOI4","2021-09-05 10:00",72.5359999999999,"76.7",1410480,"0","2.0940034000000001","262.7","9.3700787401574809E-3",66.2539999999999,"68.233999999999924","68.881999999999948",68.2159999999999,27.9,9.2,19.8
"BOOI4","2021-09-05 11:00",75.4519999999999,"67.34",1957680,"0","3.8060063999999998","254.3","1.47244094488189E-2",68.8099999999999,"68.197999999999965","68.881999999999948",68.2159999999999,27.9,9.1,19.8
"BOOI4","2021-09-05 12:00",78.0439999999999,"62.59",2577600,"0","4.5140076000000002","271","2.0748031496063E-2",71.7259999999999,"68.107999999999933","68.827999999999903",68.198,27.7,9.1,19.8
"BOOI4","2021-09-05 13:00",79.9699999999999,"47.94",2813040,"0","5.4160089999999999","248.9","2.3897637795275591E-2",74.138,"68.071999999999974","68.827999999999903",68.18,27.7,9,19.8
"BOOI4","2021-09-05 14:00",81.4099999999999,"42.09",2880000,"0","5.6790094","260","2.6377952755905518E-2",76.19,"68.053999999999888","68.809999999999917",68.18,27.5,8.9,19.8
"BOOI4","2021-09-05 15:00",81.9319999999999,"38.68",2716920,"0","5.4500089999999997","262.7","2.6181102362204729E-2",78.2419999999999,"68.053999999999888","68.773999999999944",68.18,27.3,8.8,19.8
"BOOI4","2021-09-05 16:00",82.6159999999999,"42.83",2328120,"0","6.7810110000000003","250.9","2.4763779527559059E-2",79.8259999999999,"68.053999999999888","68.755999999999958",68.1619999999999,27.1,8.7,19.8
"BOOI4","2021-09-05 17:00",81.7699999999999,"41.7",1813680,"0","7.2700120000000004","254.8","2.133858267716536E-2",80.6359999999999,"68.107999999999933","68.737999999999985",68.1259999999999,27.1,8.6,19.8
"BOOI4","2021-09-05 18:00",81.2839999999999,"43.01",1212480,"0","7.1000120000000004","255.3","1.6889763779527559E-2",80.348,"68.143999999999906","68.755999999999958",68.1079999999999,27,8.7,19.8
"BOOI4","2021-09-05 19:00",78.1159999999999,"52.84",591120,"0","5.1340083999999999","243.3","8.6614173228346473E-3",79.0519999999999,"68.197999999999965","68.719999999999899",68.1079999999999,27,8.6,19.8
"BOOI4","2021-09-05 20:00",69.0079999999999,"75.930000000000007",91908,"0","2.8670046","248.1","9.0551181102362219E-4",77.2519999999999,"68.269999999999897","68.66599999999994",68.09,27,8.6,19.8
"BOOI4","2021-09-05 21:00",66.1999999999999,"84.9",219.6,"0","2.5780044000000002","254.2","-3.5433070866141729E-4",75.3439999999999,"68.305999999999969","68.683999999999926",68.09,27,8.6,19.8
"BOOI4","2021-09-05 22:00",66.596,"85.7",0,"0","2.5770043999999999","251.1","-4.3307086614173231E-4",73.9579999999999,"68.395999999999987","68.629999999999981",68.072,27,8.6,19.8
"BOOI4","2021-09-05 23:00",63.8779999999999,"91",0,"0","3.3440056","251.2","-3.5433070866141729E-4",72.6439999999999,"68.449999999999932","68.611999999999895",68.0539999999999,27,8.6,19.8
"BOOI4","2021-09-06 00:00",63.6079999999999,"93",0,"0","3.4480057","250.3","-5.1181102362204728E-4",71.4199999999999,"68.521999999999977","68.611999999999895",68.0539999999999,27.1,8.6,19.8
"BOOI4","2021-09-06 01:00",64.2199999999999,"92.6",0,"0","2.0750033999999999","305.7","-7.874015748031497E-4",70.5199999999999,"68.521999999999977","68.611999999999895",68.0539999999999,27.1,8.6,19.8
"BOOI4","2021-09-06 02:00",63.6259999999999,"93.9",0,"0","1.5070026000000001","249.5","-9.8425196850393721E-4",69.998,"68.539999999999949","68.611999999999895",68.0179999999999,27.1,8.7,19.7
"BOOI4","2021-09-06 03:00",64.1659999999999,"90.5",0,"0","1.212002","352.2","-1.0629921259842519E-3",69.314,"68.539999999999949","68.611999999999895",68.0359999999999,27.1,8.7,19.7
"BOOI4","2021-09-06 04:00",63.3019999999999,"91.8",0,"0","3.0770050000000002","10.46","-5.905511811023623E-4",68.5759999999999,"68.557999999999936","68.593999999999909",67.9999999999999,27.1,8.7,19.7
"BOOI4","2021-09-06 05:00",62.456,"92.2",0,"0","2.5080041999999998","15.43","-7.0866141732283468E-4",67.874,"68.521999999999977","68.593999999999909",67.964,27.1,8.7,19.7
"BOOI4","2021-09-06 06:00",60.2419999999999,"96",0,"0","0.32000053000000001","8.65","-1.4173228346456689E-3",67.1359999999999,"68.485999999999905","68.575999999999922",67.982,27.1,8.7,19.7
"BOOI4","2021-09-06 07:00",59.756,"96.6",13874.4,"0","0.36900060000000001","60.15","-1.3385826771653551E-3",66.3439999999999,"68.467999999999918","68.557999999999936",67.964,27.1,8.8,19.7
"BOOI4","2021-09-06 08:00",64.1839999999999,"89.8",348120,"0","0.87400144000000002","54.81","3.5433070866141729E-4",65.84,"68.413999999999973","68.593999999999909",67.964,27.1,8.8,19.7
"BOOI4","2021-09-06 09:00",69.4579999999999,"76.42",946080,"0","2.2280036999999999","72.42","5.2755905511811044E-3",66.4339999999999,"68.395999999999987","68.557999999999936",67.946,27,8.8,19.7
"BOOI4","2021-09-06 10:00",73.796,"61.86",1567800,"0","4.0660067","149.1","1.188976377952756E-2",68.2699999999999,"68.305999999999969","68.539999999999949",67.9279999999999,27,8.7,19.7
"BOOI4","2021-09-06 11:00",77.5759999999999,"57.42",2136240,"0","5.5100090000000002","156","1.826771653543308E-2",70.9159999999999,"68.269999999999897","68.539999999999949",67.9099999999999,26.9,8.6,19.7
"BOOI4","2021-09-06 12:00",80.546,"52.8",2377440,"0","4.2080070000000003","153.6","2.0275590551181111E-2",74.3179999999999,"68.233999999999924","68.539999999999949",67.9279999999999,26.8,8.6,19.7
"BOOI4","2021-09-06 13:00",83.1739999999999,"53.07",2736000,"0","4.2960070000000004","175.8","2.3661417322834648E-2",78.0079999999999,"68.179999999999978","68.557999999999936",67.9099999999999,26.6,8.5,19.7
"BOOI4","2021-09-06 14:00",84.4699999999999,"47.5",2791800,"0","3.8640062999999998","165.5","2.4448818897637802E-2",81.446,"68.161999999999892","68.521999999999977",67.874,26.4,8.4,19.7
"BOOI4","2021-09-06 15:00",85.28,"54.87",2624760,"0","5.0070079999999999","178.8","2.4527559055118119E-2",84.164,"68.161999999999892","68.521999999999977",67.874,26.2,8.3,19.7
"BOOI4","2021-09-06 16:00",85.3519999999999,"58.73",2233800,"0","6.4150105000000002","165.3","2.2322834645669289E-2",85.964,"68.197999999999965","68.503999999999891",67.874,26.1,8.2,19.6
"BOOI4","2021-09-06 17:00",85.64,"59.62",1710720,"0","6.7070106999999997","183.5","1.8503937007874019E-2",86.5759999999999,"68.197999999999965","68.503999999999891",67.856,26,8.3,19.6
"BOOI4","2021-09-06 18:00",85.3339999999999,"61.02",1108800,"0","6.9960117000000004","180.8","1.409448818897638E-2",86.1259999999999,"68.287999999999982","68.503999999999891",67.838,25.9,8.2,19.6
"BOOI4","2021-09-06 19:00",82.022,"67",511920,"0","5.5150090000000001","193.4","7.6377952755905523E-3",84.7039999999999,"68.377999999999901","68.467999999999918",67.838,25.9,8.2,19.6
"BOOI4","2021-09-06 20:00",74.948,"84",69156,"0","3.2180051999999999","186.2","5.905511811023623E-4",82.706,"68.467999999999918","68.449999999999932",67.838,25.9,8.2,19.6
"BOOI4","2021-09-06 21:00",71.6179999999999,"91.2",133.2,"0","1.7100028","191.7","-6.6929133858267733E-4",80.7079999999999,"68.575999999999922","68.431999999999945",67.8019999999999,25.9,8.3,19.6
"BOOI4","2021-09-06 22:00",70.124,"93.3",0,"0","1.5890027","197.4","-8.2677165354330727E-4",78.9619999999999,"68.66599999999994","68.431999999999945",67.8019999999999,25.9,8.3,19.6
"BOOI4","2021-09-06 23:00",69.8359999999999,"93.4",0,"0","2.4040039000000002","196.3","-6.6929133858267733E-4",77.4679999999999,"68.773999999999944","68.449999999999932",67.7659999999999,26,8.3,19.6
"BOOI4","2021-09-07 00:00",69.0439999999999,"95.1",0,"0","3.2360053","198.5","-5.5118110236220485E-4",76.2079999999999,"68.881999999999948","68.431999999999945",67.7839999999999,26,8.3,19.6
"BOOI4","2021-09-07 01:00",69.8539999999999,"94.8",0,"0","4.0820069999999999","203.5","-5.1181102362204728E-4",75.1099999999999,"68.95399999999988","68.431999999999945",67.748,26,8.3,19.6
"BOOI4","2021-09-07 02:00",69.2239999999999,"94.9",0,"0","4.311007","217.5","-4.3307086614173231E-4",74.1739999999999,"69.025999999999925","68.449999999999932",67.748,26,8.3,19.6
"BOOI4","2021-09-07 03:00",68.846,"94.2",0,"0","4.3790072999999996","214.2","-3.9370078740157491E-4",73.3819999999999,"69.025999999999925","68.431999999999945",67.73,26,8.3,19.6
"BOOI4","2021-09-07 04:00",67.964,"94.3",0,"0","3.4690056","212.8","-5.1181102362204728E-4",72.698,"69.115999999999943","68.449999999999932",67.748,26,8.3,19.6
"BOOI4","2021-09-07 05:00",69.188,"89.1",0,"0","5.2260084000000004","220.2","-7.874015748031497E-5",72.1039999999999,"69.097999999999956","68.449999999999932",67.7119999999999,26.1,8.3,19.6
"BOOI4","2021-09-07 06:00",67.964,"90.9",0,"0","5.1580085999999996","234","-7.874015748031497E-5",71.546,"69.097999999999956","68.485999999999905",67.7119999999999,26.1,8.3,19.6
"BOOI4","2021-09-07 07:00",67.298,"91.3",5068.8,"0","5.2430089999999998","242.5","-3.9370078740157492E-5",70.9699999999999,"69.115999999999943","68.485999999999905",67.7119999999999,26,8.4,19.6
"BOOI4","2021-09-07 08:00",69.89,"87.4",244188,"0","5.2860084000000001","246.3","1.25984251968504E-3",70.6099999999999,"69.115999999999943","68.467999999999918",67.6939999999999,26,8.4,19.6
"BOOI4","2021-09-07 09:00",73.0759999999999,"79.98",775080,"0","6.7410110000000003","254.3","6.2992125984251976E-3",71.0599999999999,"69.115999999999943","68.503999999999891",67.6939999999999,26,8.4,19.6
"BOOI4","2021-09-07 10:00",76.8019999999999,"76.77",1331280,"0","7.3960122999999998","276.5","1.094488188976378E-2",72.2839999999999,"69.097999999999956","68.485999999999905",67.6759999999999,25.9,8.3,19.6
"BOOI4","2021-09-07 11:00",78.9439999999999,"74.98",1917000,"0","6.6730112999999998","315.3","1.5748031496062999E-2",74.4439999999999,"69.07999999999997","68.503999999999891",67.6759999999999,25.8,8.3,19.6
"BOOI4","2021-09-07 12:00",81.374,"58.38",2359800,"0","7.1800119999999996","332.1","2.0354330708661422E-2",76.9999999999999,"69.061999999999884","68.521999999999977",67.6579999999999,25.7,8.3,19.6
"BOOI4","2021-09-07 13:00",79.4659999999999,"59.57",2590920,"0","10.220017","345.4","2.4685039370078741E-2",79.4119999999999,"69.043999999999912","68.521999999999977",67.64,25.6,8.1,19.6
"BOOI4","2021-09-07 14:00",80.0779999999999,"50.37",2647440,"0","11.130019000000001","343.1","2.6929133858267722E-2",81.2839999999999,"69.07999999999997","68.539999999999949",67.64,25.4,8.1,19.6
"BOOI4","2021-09-07 15:00",80.1859999999999,"40.61",2629440,"0","11.440018999999999","345.9","2.9133858267716538E-2",82.688,"69.07999999999997","68.539999999999949",67.64,25.1,8,19.6
"BOOI4","2021-09-07 16:00",80.3119999999999,"38.96",2314080,"0","7.9690130000000003","338.2","2.5196850393700791E-2",83.822,"69.115999999999943","68.539999999999949",67.622,25,7.9,19.6
"BOOI4","2021-09-07 17:00",79.538,"38.06",1768320,"0","7.8250127000000003","335.2","2.1653543307086621E-2",84.2539999999999,"69.133999999999929","68.539999999999949",67.6039999999999,24.9,7.9,19.6
"BOOI4","2021-09-07 18:00",77.9359999999999,"41.26",1197000,"0","7.9460129999999998","330","1.748031496062992E-2",83.732,"69.169999999999888","68.539999999999949",67.6039999999999,24.8,7.9,19.5
"BOOI4","2021-09-07 19:00",74.2999999999999,"45.78",556200,"0","5.2200090000000001","318","8.6614173228346473E-3",82.3999999999999,"69.223999999999947","68.539999999999949",67.5859999999999,24.8,7.9,19.5
"BOOI4","2021-09-07 20:00",66.614,"62.64",78660,"0","2.6810044999999998","298.5","7.874015748031497E-4",80.2039999999999,"69.313999999999965","68.575999999999922",67.5679999999999,24.8,7.9,19.5
"BOOI4","2021-09-07 21:00",65.138,"65.239999999999995",183.6,"0","3.7300062","292.7","7.874015748031497E-4",78.0259999999999,"69.349999999999937","68.557999999999936",67.5679999999999,24.8,7.9,19.5
"BOOI4","2021-09-07 22:00",64.49,"68.06",0,"0","4.5850077000000002","288.39999999999998","9.8425196850393721E-4",76.1359999999999,"69.385999999999896","68.557999999999936",67.5499999999999,24.8,7.9,19.5
"BOOI4","2021-09-07 23:00",63.2839999999999,"70.28",0,"0","4.5520076999999999","285.3","8.2677165354330727E-4",74.588,"69.457999999999942","68.575999999999922",67.5499999999999,24.8,7.9,19.5
"BOOI4","2021-09-08 00:00",61.43,"73.34",0,"0","5.318009","279.89999999999998","9.0551181102362219E-4",73.2199999999999,"69.457999999999942","68.575999999999922",67.5499999999999,24.8,7.9,19.5
"BOOI4","2021-09-08 01:00",58.8919999999999,"81.099999999999994",0,"0","4.9280080000000002","268.10000000000002","3.9370078740157491E-4",71.9239999999999,"69.439999999999955","68.539999999999949",67.532,24.8,7.9,19.5
"BOOI4","2021-09-08 02:00",59.5039999999999,"78",0,"0","6.0420103000000003","275.39999999999998","5.1181102362204728E-4",70.772,"69.439999999999955","68.593999999999909",67.532,24.8,7.9,19.5
"BOOI4","2021-09-08 03:00",58.5859999999999,"79.61",0,"0","5.3900090000000001","272.3","2.7559055118110242E-4",69.7279999999999,"69.385999999999896","68.593999999999909",67.532,24.8,7.9,19.5
"BOOI4","2021-09-08 04:00",57.5599999999999,"81.7",0,"0","6.0630097000000003","275.60000000000002","3.5433070866141729E-4",68.738,"69.367999999999924","68.611999999999895",67.514,24.8,7.9,19.5
"BOOI4","2021-09-08 05:00",56.5699999999999,"83.7",0,"0","6.3700104","277","2.7559055118110242E-4",67.838,"69.277999999999892","68.611999999999895",67.496,24.8,7.9,19.5
"BOOI4","2021-09-08 06:00",54.8779999999999,"87",0,"0","6.1630099999999999","276.89999999999998","1.181102362204725E-4",66.9919999999999,"69.20599999999996","68.629999999999981",67.514,24.8,7.9,19.5
"BOOI4","2021-09-08 07:00",54.5179999999999,"86.5",9669.6,"0","5.8590096999999997","282","3.9370078740157492E-5",66.164,"69.133999999999929","68.629999999999981",67.496,24.8,7.9,19.5
"BOOI4","2021-09-08 08:00",58.6939999999999,"77.13",337680,"0","6.0030099999999997","282.5","1.6929133858267721E-3",65.5339999999999,"69.043999999999912","68.629999999999981",67.496,24.7,7.9,19.5
"BOOI4","2021-09-08 09:00",64.6339999999999,"62.51",939960,"0","5.7890096","295.2","7.0866141732283472E-3",65.8579999999999,"68.917999999999921","68.629999999999981",67.496,24.6,7.9,19.5
"BOOI4","2021-09-08 10:00",69.08,"55.84",1569240,"0","6.0340100000000003","313.10000000000002","1.2913385826771659E-2",67.3699999999999,"68.809999999999917","68.629999999999981",67.4599999999999,24.6,7.9,19.5
"BOOI4","2021-09-08 11:00",72.7519999999999,"48.91",2125080,"0","6.4360103999999998","305.2","1.8228346456692919E-2",69.9079999999999,"68.701999999999913","68.647999999999954",67.4599999999999,24.4,7.9,19.4
"BOOI4","2021-09-08 12:00",75.7939999999999,"41.68",2548800,"0","7.5090127000000004","303.2","2.350393700787402E-2",72.9499999999999,"68.611999999999895","68.629999999999981",67.4599999999999,24.3,7.8,19.5
"BOOI4","2021-09-08 13:00",77.3779999999999,"40.36",2730240,"0","9.2700150000000008","322.89999999999998","2.7834645669291339E-2",75.7939999999999,"68.539999999999949","68.611999999999895",67.4599999999999,24.1,7.7,19.4
"BOOI4","2021-09-08 14:00",77.5759999999999,"39.770000000000003",2616840,"0","8.8200149999999997","325.3","2.7519685039370079E-2",78.2599999999999,"68.449999999999932","68.611999999999895",67.4419999999999,23.9,7.7,19.4
"BOOI4","2021-09-08 15:00",77.8819999999999,"38.479999999999997",2650320,"0","9.2300160000000009","316","2.8346456692913389E-2",80.0599999999999,"68.395999999999987","68.593999999999909",67.406,23.7,7.6,19.5
"BOOI4","2021-09-08 16:00",78.296,"39.33",2158920,"0","8.840014","331.9","2.4645669291338591E-2",81.2659999999999,"68.413999999999973","68.575999999999922",67.4419999999999,23.4,7.5,19.4
"BOOI4","2021-09-08 17:00",78.53,"39.25",1665360,"0","8.1900130000000004","324.89999999999998","2.0826771653543311E-2",81.356,"68.377999999999901","68.557999999999936",67.4419999999999,23.3,7.5,19.4
"BOOI4","2021-09-08 18:00",76.6939999999999,"40.25",1227600,"0","7.6720129999999997","325.89999999999998","1.6850393700787409E-2",81.2119999999999,"68.395999999999987","68.539999999999949",67.4239999999999,23.3,7.4,19.4
"BOOI4","2021-09-08 19:00",73.1119999999999,"46.25",525240,"0","5.544009","338.5","8.7795275590551204E-3",80.1319999999999,"68.413999999999973","68.539999999999949",67.4239999999999,23.3,7.4,19.4
"BOOI4","2021-09-08 20:00",65.4619999999999,"63.75",70704,"0","1.5770025999999999","315.10000000000002","3.5433070866141729E-4",78.188,"68.449999999999932","68.503999999999891",67.4239999999999,23.3,7.4,19.4
"BOOI4","2021-09-08 21:00",61.2859999999999,"73.37",133.2,"0","0.88100149999999999","306","-8.2677165354330727E-4",76.172,"68.485999999999905","68.467999999999918",67.4419999999999,23.3,7.4,19.4
"BOOI4","2021-09-08 22:00",59.9179999999999,"76.3",0,"0","0.5290009","304.3","-1.1023622047244099E-3",74.39,"68.539999999999949","68.467999999999918",67.4239999999999,23.3,7.4,19.4
"BOOI4","2021-09-08 23:00",58.6939999999999,"78.7",0,"0","0.40100068","319.39999999999998","-1.220472440944882E-3",72.8419999999999,"68.557999999999936","68.449999999999932",67.4239999999999,23.3,7.4,19.4
"BOOI4","2021-09-09 00:00",56.8759999999999,"82.9",0,"0","1.4940024999999999","301","-6.2992125984251976E-4",71.4739999999999,"68.557999999999936","68.449999999999932",67.406,23.3,7.4,19.4
"BOOI4","2021-09-09 01:00",56.1199999999999,"85",0,"0","1.2990022000000001","303.60000000000002","-7.4803149606299225E-4",70.232,"68.575999999999922","68.431999999999945",67.388,23.3,7.4,19.4
"BOOI4","2021-09-09 02:00",55.148,"86.6",0,"0","1.5650027","312.10000000000002","-6.6929133858267733E-4",69.1339999999999,"68.557999999999936","68.431999999999945",67.406,23.3,7.4,19.4
"BOOI4","2021-09-09 03:00",55.814,"85.3",0,"0","1.8110029999999999","302.60000000000002","-5.905511811023623E-4",68.1439999999999,"68.521999999999977","68.413999999999973",67.388,23.3,7.5,19.4
"BOOI4","2021-09-09 04:00",55.1839999999999,"86.5",0,"0","1.5000024999999999","293.8","-7.0866141732283468E-4",67.2619999999999,"68.485999999999905","68.395999999999987",67.388,23.3,7.5,19.4
"BOOI4","2021-09-09 05:00",51.5839999999999,"93.9",0,"0","2.0460033000000002","279.3","-5.905511811023623E-4",66.4339999999999,"68.449999999999932","68.395999999999987",67.3699999999999,23.2,7.5,19.4
"BOOI4","2021-09-09 06:00",51.1699999999999,"94.8",0,"0","1.6620028","267.10000000000002","-7.874015748031497E-4",65.5519999999999,"68.377999999999901","68.359999999999914",67.388,23.2,7.5,19.4
"BOOI4","2021-09-09 07:00",52.556,"92.2",9331.2,"0","2.1090035","272.8","-6.6929133858267733E-4",64.7779999999999,"68.269999999999897","68.377999999999901",67.3699999999999,23.2,7.5,19.4
"BOOI4","2021-09-09 08:00",59.648,"80.599999999999994",333360,"0","2.1610035999999999","289.89999999999998","4.3307086614173231E-4",64.256,"68.161999999999892","68.377999999999901",67.3519999999999,23.3,7.5,19.4
"BOOI4","2021-09-09 09:00",65.282,"68.569999999999993",954000,"0","1.9910034000000001","314","5.1968503937007884E-3",64.7779999999999,"68.107999999999933","68.359999999999914",67.3519999999999,23.2,7.5,19.4
"BOOI4","2021-09-09 10:00",68.1439999999999,"59.83",1355400,"0","3.6760060000000001","311.89999999999998","1.007874015748032E-2",66.38,"67.999999999999929","68.323999999999941",67.3519999999999,23.1,7.4,19.4
"BOOI4","2021-09-09 11:00",71.78,"54.1",1855080,"0","3.1480049999999999","311.8","1.421259842519685E-2",68.6119999999999,"67.873999999999953","68.359999999999914",67.3339999999999,23,7.4,19.4
"BOOI4","2021-09-09 12:00",75.146,"47.59",2484000,"0","3.7830062","308.2","1.9881889763779529E-2",71.69,"67.819999999999894","68.323999999999941",67.3339999999999,22.8,7.4,19.4
"BOOI4","2021-09-09 13:00",74.624,"45.86",2657160,"0","4.0100069999999999","324.10000000000002","2.2047244094488199E-2",75.0019999999999,"67.71199999999989","68.287999999999982",67.3339999999999,22.6,7.3,19.3
"BOOI4","2021-09-09 14:00",76.8919999999999,"41.21",2752200,"0","3.5980059999999998","356.8","2.271653543307087E-2",78.08,"67.657999999999944","68.305999999999969",67.3339999999999,22.4,7.2,19.3
"BOOI4","2021-09-09 15:00",77.6839999999999,"41.76",2604600,"0","3.7160063000000001","0.80800000000000005","2.212598425196851E-2",80.564,"67.621999999999971","68.25199999999991",67.3339999999999,22.2,7.2,19.3
"BOOI4","2021-09-09 16:00",78.6199999999999,"38.6",2186640,"0","3.0200049999999998","341.1","1.858267716535433E-2",82.3099999999999,"67.603999999999886","68.233999999999924",67.3159999999999,22,7.1,19.3
"BOOI4","2021-09-09 17:00",79.772,"37.659999999999997",1657080,"0","1.5180026","54.52","1.28740157480315E-2",83.1019999999999,"67.603999999999886","68.197999999999965",67.28,22,7.1,19.3
"BOOI4","2021-09-09 18:00",79.322,"38.99",1092240,"0","1.5460026","324","8.3858267716535439E-3",82.832,"67.621999999999971","68.161999999999892",67.28,21.9,7.1,19.3
"BOOI4","2021-09-09 19:00",73.8499999999999,"47.7",521640,"0","1.8170029999999999","48.97","3.6220472440944892E-3",81.7159999999999,"67.693999999999903","68.143999999999906",67.28,21.9,7.1,19.3
"BOOI4","2021-09-09 20:00",69.4039999999999,"55.13",57420,"0","0.49800083000000001","81.7","-8.6614173228346462E-4",79.646,"67.729999999999976","68.143999999999906",67.28,22,7.1,19.3
"BOOI4","2021-09-09 21:00",66.1999999999999,"62.7",86.4,"0","0.10100017","87.5","-1.653543307086615E-3",77.4319999999999,"67.801999999999907","68.12599999999992",67.2619999999999,22,7.1,19.2
"BOOI4","2021-09-09 22:00",63.788,"68.12",0,"0","0.30600050000000001","139.6","-1.3385826771653551E-3",75.506,"67.855999999999966","68.071999999999974",67.28,22,7.1,19.2
"BOOI4","2021-09-09 23:00",61.5739999999999,"71.599999999999994",0,"0","0.36900060000000001","107","-1.25984251968504E-3",73.8679999999999,"67.891999999999925","68.089999999999961",67.2619999999999,22,7.1,19.2
"BOOI4","2021-09-10 00:00",60.9079999999999,"73.37",0,"0","0.77200126999999996","134.5","-9.4488188976377975E-4",72.446,"67.945999999999984","68.053999999999888",67.2619999999999,22,7.1,19.2
"BOOI4","2021-09-10 01:00",58.9279999999999,"78.98",0,"0","2.7920045999999998","168.4","0",71.2039999999999,"67.981999999999957","68.035999999999902",67.2619999999999,22,7.1,19.2
"BOOI4","2021-09-10 02:00",57.596,"82.5",0,"0","2.9690050000000001","175.1","-1.181102362204725E-4",70.1419999999999,"67.96399999999997","68.035999999999902",67.2259999999999,22,7.1,19.2
"BOOI4","2021-09-10 03:00",57.488,"83.5",0,"0","2.4200040999999999","183","-3.5433070866141729E-4",69.188,"67.927999999999898","67.999999999999929",67.2439999999999,22,7.1,19.2
"BOOI4","2021-09-10 04:00",57.3619999999999,"83.5",0,"0","2.5970043999999999","170.8","-3.1496062992125988E-4",68.3599999999999,"67.945999999999984","68.035999999999902",67.2259999999999,22,7.1,19.2
"BOOI4","2021-09-10 05:00",55.6159999999999,"87.2",0,"0","2.7400045","124.7","-3.5433070866141729E-4",67.6039999999999,"67.909999999999911","68.017999999999915",67.2259999999999,22,7.1,19.2
"BOOI4","2021-09-10 06:00",56.156,"89.3",0,"0","3.7070061999999999","117.3","-3.1496062992125988E-4",66.8839999999999,"67.83799999999998","67.981999999999957",67.2079999999999,22,7.1,19.2
"BOOI4","2021-09-10 07:00",55.4539999999999,"90.8",6285.6,"0","4.4560075000000001","125.8","-1.5748031496062989E-4",66.2539999999999,"67.783999999999921","67.981999999999957",67.2079999999999,22,7.1,19.2
"BOOI4","2021-09-10 08:00",59.4859999999999,"85.5",265320,"0","4.6150080000000004","134.19999999999999","6.6929133858267733E-4",65.8039999999999,"67.71199999999989","67.96399999999997",67.2079999999999,22,7.1,19.2
"BOOI4","2021-09-10 09:00",65.7499999999999,"75.3",813600,"0","6.538011","150","5.7086614173228346E-3",66.1999999999999,"67.639999999999958","67.927999999999898",67.19,22,7.1,19.2
"BOOI4","2021-09-10 10:00",71.4739999999999,"60.91",1441800,"0","10.820017999999999","153.4","1.350393700787402E-2",67.6039999999999,"67.54999999999994","67.96399999999997",67.19,21.8,7.1,19.2
"BOOI4","2021-09-10 11:00",74.9659999999999,"56.66",1969560,"0","11.590020000000001","154.19999999999999","0.02",69.872,"67.477999999999895","67.927999999999898",67.172,21.7,7,19.2
"BOOI4","2021-09-10 12:00",78.98,"52.65",2390400,"0","10.810017999999999","157.9","2.405511811023622E-2",72.68,"67.387999999999977","67.927999999999898",67.172,21.5,6.9,19.2
"BOOI4","2021-09-10 13:00",81.5539999999999,"50.93",2646000,"0","11.260018000000001","153.30000000000001","2.7440944881889771E-2",75.6859999999999,"67.333999999999932","67.909999999999911",67.172,21.4,6.9,19.1
"BOOI4","2021-09-10 14:00",83.246,"48.9",2667960,"0","9.0800140000000003","150.4","2.708661417322835E-2",78.6019999999999,"67.297999999999959","67.909999999999911",67.172,21.2,6.8,19.1
"BOOI4","2021-09-10 15:00",82.9939999999999,"50.21",2406960,"0","8.3600139999999996","149","2.5590551181102369E-2",81.1939999999999,"67.315999999999946","67.891999999999925",67.1539999999999,21,6.7,19.1
"BOOI4","2021-09-10 16:00",83.3359999999999,"50.8",1986480,"0","8.2000139999999995","166.7","2.2913385826771659E-2",82.7599999999999,"67.297999999999959","67.873999999999953",67.1179999999999,20.8,6.7,19.2
"BOOI4","2021-09-10 17:00",83.732,"53.51",1477080,"0","7.7930130000000002","163.69999999999999","1.862204724409449E-2",83.4259999999999,"67.369999999999891","67.855999999999966",67.1539999999999,20.7,6.6,19.2
"BOOI4","2021-09-10 18:00",81.338,"57",769320,"0","5.94801","178.6","1.1692913385826771E-2",82.9759999999999,"67.405999999999963","67.83799999999998",67.1179999999999,20.7,6.6,19.2
"BOOI4","2021-09-10 19:00",77.288,"66.47",202572,"0","2.7430045999999999","163.5","3.8582677165354341E-3",81.6259999999999,"67.477999999999895","67.801999999999907",67.1359999999999,20.8,6.6,19.2
"BOOI4","2021-09-10 20:00",74.3539999999999,"72.89",26413.2,"0","2.1360035000000002","143.4","4.7244094488188988E-4",79.988,"67.585999999999899","67.801999999999907",67.1179999999999,20.8,6.6,19.2
"BOOI4","2021-09-10 21:00",71.0599999999999,"80.400000000000006",0,"0","2.8010046000000002","143.80000000000001","3.1496062992125988E-4",78.3859999999999,"67.71199999999989","67.783999999999921",67.0999999999999,20.8,6.6,19.1
"BOOI4","2021-09-10 22:00",68.7019999999999,"86",0,"0","2.9230049","163.19999999999999","-3.9370078740157492E-5",76.946,"67.801999999999907","67.747999999999962",67.0999999999999,20.9,6.6,19.1
"BOOI4","2021-09-10 23:00",67.3159999999999,"89.2",0,"0","1.9980032000000001","168.6","-4.7244094488188988E-4",75.7039999999999,"67.891999999999925","67.747999999999962",67.0999999999999,20.9,6.6,19.1
"BOOI4","2021-09-11 00:00",65.5159999999999,"93.1",0,"0","1.2330021","177.1","-7.874015748031497E-4",74.606,"67.96399999999997","67.747999999999962",67.082,20.9,6.6,19.1
"BOOI4","2021-09-11 01:00",65.9839999999999,"92.7",0,"0","0.57500099999999998","137.4","-1.023622047244095E-3",73.6339999999999,"68.035999999999902","67.729999999999976",67.064,20.9,6.6,19.1
"BOOI4","2021-09-11 02:00",63.896,"96.6",0,"0","0.48100080000000001","183.4","-1.0629921259842519E-3",72.7519999999999,"68.071999999999974","67.729999999999976",67.064,20.9,6.6,19.1
"BOOI4","2021-09-11 03:00",63.0679999999999,"98.4",0,"0","1.8000029","185.3","-7.874015748031497E-4",71.9779999999999,"68.143999999999906","67.729999999999976",67.064,20.9,6.6,19.1
"BOOI4","2021-09-11 04:00",63.5179999999999,"99",0,"0","1.5550025999999999","215.5","-8.6614173228346462E-4",71.2759999999999,"68.161999999999892","67.729999999999976",67.046,20.9,6.6,19.1
"BOOI4","2021-09-11 05:00",63.14,"99.6",0,"0","1.1130017999999999","213.9","-9.4488188976377975E-4",70.646,"68.179999999999978","67.747999999999962",67.0279999999999,20.9,6.6,19.1
"BOOI4","2021-09-11 06:00",61.9699999999999,"100",0,"0","1.0370017","212","-9.8425196850393721E-4",70.0519999999999,"68.215999999999937","67.747999999999962",67.046,20.9,6.7,19.1
"BOOI4","2021-09-11 07:00",60.8179999999999,"100",3924,"0","0.8940015","150.4","-9.8425196850393721E-4",69.44,"68.161999999999892","67.747999999999962",67.0279999999999,20.9,6.7,19.1
"BOOI4","2021-09-11 08:00",61.1419999999999,"100",164340,"0","1.3040022","180.2","0",68.972,"68.161999999999892","67.747999999999962",67.0279999999999,20.9,6.7,19.1
"BOOI4","2021-09-11 09:00",66.8119999999999,"100",668880,"0","2.7100043","159.69999999999999","3.1889763779527559E-3",69.188,"68.12599999999992","67.765999999999948",67.0099999999999,20.9,6.7,19.1
"BOOI4","2021-09-11 10:00",76.6579999999999,"81.599999999999994",1266840,"0","3.3300054000000001","191.9","8.1889763779527565E-3",70.5019999999999,"68.12599999999992","67.765999999999948",67.0099999999999,20.9,6.7,19.1
"BOOI4","2021-09-11 11:00",81.3019999999999,"72.930000000000007",1786680,"0","5.1440080000000004","188.4","1.433070866141732E-2",72.8239999999999,"68.107999999999933","67.783999999999921",67.0099999999999,20.8,6.6,19.1
"BOOI4","2021-09-11 12:00",84.7039999999999,"66.09",2226960,"0","5.71401","177.9","1.97244094488189E-2",75.83,"68.035999999999902","67.801999999999907",66.9919999999999,20.7,6.6,19.1
"BOOI4","2021-09-11 13:00",88.538,"59.41",2454120,"0","6.7360110000000004","193.5","2.3858267716535441E-2",78.998,"68.035999999999902","67.801999999999907",66.9739999999999,20.6,6.5,19.1
"BOOI4","2021-09-11 14:00",90.68,"56.07",2508480,"0","7.1900120000000003","189.6","2.6023622047244101E-2",81.9499999999999,"68.053999999999888","67.783999999999921",66.9739999999999,20.4,6.4,19
"BOOI4","2021-09-11 15:00",91.5439999999999,"54.2",2321280,"0","8.8800139999999992","172.4","2.653543307086615E-2",84.3079999999999,"68.035999999999902","67.783999999999921",66.9739999999999,20.2,6.4,19
"BOOI4","2021-09-11 16:00",92.6419999999999,"52.3",2071440,"0","8.890015","170.8","2.5354330708661419E-2",85.9279999999999,"68.071999999999974","67.765999999999948",66.956,20,6.4,19
"BOOI4","2021-09-11 17:00",89.7259999999999,"54.95",1350360,"0","8.7100139999999993","175.2","0.02",86.648,"68.12599999999992","67.783999999999921",66.938,20,6.3,19
"BOOI4","2021-09-11 18:00",89.438,"57.46",669960,"0","6.7190113","194.9","1.228346456692914E-2",86.0179999999999,"68.197999999999965","67.765999999999948",66.956,20,6.3,19
"BOOI4","2021-09-11 19:00",84.74,"64.760000000000005",320400,"0","6.3230104000000003","197.1","7.9527559055118137E-3",84.9739999999999,"68.341999999999928","67.783999999999921",66.938,20,6.3,19
"BOOI4","2021-09-11 20:00",79.2499999999999,"75.989999999999995",36900,"0","2.9670049999999999","213","1.181102362204725E-3",83.5159999999999,"68.485999999999905","67.765999999999948",66.9199999999999,20,6.3,18.9
"BOOI4","2021-09-11 21:00",76.4239999999999,"81.7",0,"0","2.5820042999999999","205.4","2.3622047244094491E-4",81.8599999999999,"68.575999999999922","67.783999999999921",66.9199999999999,20,6.3,18.9
"BOOI4","2021-09-11 22:00",73.9039999999999,"86.3",0,"0","2.0650034000000002","203.8","-1.5748031496062989E-4",80.4199999999999,"68.719999999999899","67.783999999999921",66.938,20,6.3,19
"BOOI4","2021-09-11 23:00",72.7339999999999,"88.7",0,"0","2.0630035000000002","203.3","-2.7559055118110242E-4",79.214,"68.863999999999962","67.783999999999921",66.9019999999999,20.1,6.3,19
"BOOI4","2021-09-12 00:00",71.3659999999999,"90.8",0,"0","2.0110033","202.5","-3.5433070866141729E-4",78.1519999999999,"68.971999999999966","67.801999999999907",66.9019999999999,20.1,6.3,19
"BOOI4","2021-09-12 01:00",70.232,"92.3",0,"0","1.6110027","182.7","-5.5118110236220485E-4",77.1439999999999,"69.061999999999884","67.819999999999894",66.9019999999999,20.1,6.3,19
"BOOI4","2021-09-12 02:00",69.6199999999999,"93.6",0,"0","1.9200032","190.6","-5.5118110236220485E-4",76.28,"69.187999999999974","67.83799999999998",66.9019999999999,20.2,6.3,19
"BOOI4","2021-09-12 03:00",68.3419999999999,"95.2",0,"0","0.26500043000000001","139.69999999999999","-1.023622047244095E-3",75.5239999999999,"69.25999999999992","67.83799999999998",66.8839999999999,20.2,6.3,19
"BOOI4","2021-09-12 04:00",65.6599999999999,"97.6",0,"0","1.9300032","188.4","-6.2992125984251976E-4",74.7859999999999,"69.295999999999978","67.855999999999966",66.8839999999999,20.1,6.3,19
"BOOI4","2021-09-12 05:00",65.696,"98.3",0,"0","1.0910017000000001","210","-8.2677165354330727E-4",74.1019999999999,"69.349999999999937","67.891999999999925",66.8659999999999,20.1,6.3,19
"BOOI4","2021-09-12 06:00",68.8999999999999,"93.7",0,"0","3.2720056","236.6","-5.1181102362204728E-4",73.598,"69.349999999999937","67.891999999999925",66.8659999999999,20.1,6.3,19
"BOOI4","2021-09-12 07:00",68.3779999999999,"98.1",4561.2,"0","6.5900109999999996","297.10000000000002","-3.9370078740157492E-5",73.2739999999999,"69.385999999999896","67.945999999999984",66.8659999999999,20.1,6.3,19
"BOOI4","2021-09-12 08:00",67.3519999999999,"95.3",192564,"0","6.9990119999999996","342.5","2.7559055118110242E-4",73.0939999999999,"69.385999999999896","67.96399999999997",66.848,20.1,6.4,19
"BOOI4","2021-09-12 09:00",67.982,"85.2",489240,"0","5.8140096999999997","345.9","3.464566929133858E-3",73.022,"69.367999999999924","67.999999999999929",66.848,20.2,6.4,19
"BOOI4","2021-09-12 10:00",70.6279999999999,"83.7",1132560,"0","7.6870130000000003","54.98","8.3858267716535439E-3",73.6159999999999,"69.349999999999937","67.999999999999929",66.83,20.2,6.3,19
"BOOI4","2021-09-12 11:00",73.3279999999999,"78.02",1091520,"0","6.4000105999999999","338.4","9.2125984251968523E-3",74.948,"69.349999999999937","68.035999999999902",66.848,20.1,6.3,18.9
"BOOI4","2021-09-12 12:00",71.222,"76",1300320,"0","5.9550099999999997","338.3","1.1574803149606299E-2",76.3339999999999,"69.313999999999965","68.071999999999974",66.83,20.1,6.3,18.9
"BOOI4","2021-09-12 13:00",73.1659999999999,"75.08",1028880,"0","6.4520106000000004","34.520000000000003","1.0039370078740161E-2",76.7659999999999,"69.277999999999892","68.071999999999974",66.8119999999999,20,6.3,18.9
"BOOI4","2021-09-12 14:00",71.8699999999999,"72.17",863640,"0","5.7530099999999997","336","9.0944881889763792E-3",77.2699999999999,"69.295999999999978","68.107999999999933",66.848,20,6.3,18.9
"BOOI4","2021-09-12 15:00",74.714,"70.900000000000006",1448640,"0","6.7740115999999997","10.57","1.3188976377952759E-2",77.6659999999999,"69.277999999999892","68.089999999999961",66.8119999999999,20,6.3,18.9
"BOOI4","2021-09-12 16:00",75.614,"67.790000000000006",1520640,"0","6.4790105999999996","28.08","1.393700787401575E-2",79.1779999999999,"69.295999999999978","68.12599999999992",66.8119999999999,20,6.3,18.9
"BOOI4","2021-09-12 17:00",76.0279999999999,"69.010000000000005",1216800,"0","5.5080090000000004","10.19","1.1692913385826771E-2",79.9699999999999,"69.295999999999978","68.161999999999892",66.8119999999999,19.9,6.2,18.9
"BOOI4","2021-09-12 18:00",74.714,"72.349999999999994",204804,"0","4.0380070000000003","32.659999999999997","4.4094488188976388E-3",79.772,"69.313999999999965","68.161999999999892",66.7939999999999,19.9,6.2,18.9
"BOOI4","2021-09-12 19:00",73.3099999999999,"77.959999999999994",203040,"0","5.5230093","61.89","4.2125984251968514E-3",78.89,"69.331999999999951","68.161999999999892",66.8119999999999,19.9,6.2,18.8
"BOOI4","2021-09-12 20:00",71.0599999999999,"82.4",33624,"0","5.1860084999999998","43.1","9.8425196850393721E-4",77.8999999999999,"69.367999999999924","68.143999999999906",66.8119999999999,19.9,6.2,18.8
"BOOI4","2021-09-12 21:00",70.3939999999999,"83.7",0,"0","3.4480057","52.97","3.5433070866141729E-4",76.946,"69.403999999999883","68.179999999999978",66.7939999999999,19.9,6.2,18.8
"BOOI4","2021-09-12 22:00",68.8819999999999,"86.3",0,"0","2.9200046","71.31","1.181102362204725E-4",76.1539999999999,"69.421999999999969","68.197999999999965",66.8119999999999,20,6.2,18.8
"BOOI4","2021-09-12 23:00",67.964,"89.1",0,"0","2.8230045000000001","19.43","0",75.4159999999999,"69.439999999999955","68.197999999999965",66.8119999999999,20,6.2,18.8
"BOOI4","2021-09-13 00:00",65.624,"93.3",0,"0","3.7860062000000001","55.14","-7.874015748031497E-5",74.696,"69.475999999999928","68.197999999999965",66.7939999999999,20,6.2,18.8
"BOOI4","2021-09-13 01:00",64.3099999999999,"95",0,"0","2.9510049999999999","64.02","-3.1496062992125988E-4",73.9039999999999,"69.4939999999999","68.215999999999937",66.7759999999999,20,6.3,18.8
"BOOI4","2021-09-13 02:00",64.0579999999999,"96.9",0,"0","2.5840044","55.72","-4.3307086614173231E-4",73.2019999999999,"69.4939999999999","68.215999999999937",66.7939999999999,20,6.3,18.8
"BOOI4","2021-09-13 03:00",63.6259999999999,"97.6",0,"0","2.9860047999999999","32.53","-4.3307086614173231E-4",72.6259999999999,"69.511999999999887","68.233999999999924",66.7939999999999,20,6.3,18.8
"BOOI4","2021-09-13 04:00",63.0679999999999,"96.8",0,"0","4.1840067000000003","26.42","-3.1496062992125988E-4",72.1759999999999,"69.4939999999999","68.25199999999991",66.7579999999999,20,6.3,18.8
"BOOI4","2021-09-13 05:00",63.248,"97",0,"0","3.8200061000000001","51.61","-3.5433070866141729E-4",71.7619999999999,"69.4939999999999","68.269999999999897",66.7759999999999,20,6.3,18.8
"BOOI4","2021-09-13 06:00",62.9419999999999,"99.1",0,"0","4.4340070000000003","78.89","-3.5433070866141729E-4",71.3119999999999,"69.421999999999969","68.269999999999897",66.7579999999999,20,6.3,18.8
"BOOI4","2021-09-13 07:00",63.338,"100",1854,"0","4.6970080000000003","85.1","-4.3307086614173231E-4",70.6999999999999,"69.439999999999955","68.287999999999982",66.7939999999999,19.9,6.3,18.8
"BOOI4","2021-09-13 08:00",64.3819999999999,"100",89568,"0","5.6940093000000003","89.9","2.3622047244094491E-4",70.3759999999999,"69.349999999999937","68.287999999999982",66.7939999999999,19.9,6.3,18.8
"BOOI4","2021-09-13 09:00",65.4259999999999,"100",228780,"0","5.7520100000000003","94.4","1.377952755905512E-3",70.4119999999999,"69.331999999999951","68.305999999999969",66.7759999999999,19.9,6.3,18.8
"BOOI4","2021-09-13 10:00",69.8179999999999,"93.5",981720,"0","5.6810093000000004","111.6","5.5118110236220489E-3",71.006,"69.277999999999892","68.305999999999969",66.7759999999999,19.9,6.3,18.8
"BOOI4","2021-09-13 11:00",73.7599999999999,"79.2",1563840,"0","6.3290104999999999","142.4","1.110236220472441E-2",72.59,"69.223999999999947","68.323999999999941",66.7759999999999,19.9,6.3,18.8
"BOOI4","2021-09-13 12:00",76.7119999999999,"70.42",1933200,"0","6.7200110000000004","158.19999999999999","1.586614173228347E-2",74.84,"69.151999999999916","68.305999999999969",66.7759999999999,19.8,6.3,18.8
"BOOI4","2021-09-13 13:00",78.764,"66.72",2208960,"0","7.6510129999999998","166.4","1.9448818897637801E-2",77.2519999999999,"69.07999999999997","68.305999999999969",66.7579999999999,19.7,6.3,18.8
"BOOI4","2021-09-13 14:00",82.2919999999999,"60.57",2044800,"0","10.330017","146.4","2.10236220472441E-2",79.2859999999999,"69.061999999999884","68.323999999999941",66.7759999999999,19.6,6.2,18.7
"BOOI4","2021-09-13 15:00",83.2999999999999,"58.79",2266560,"0","11.860018999999999","170.3","2.539370078740158E-2",81.3199999999999,"69.043999999999912","68.323999999999941",66.7939999999999,19.5,6.1,18.7
"BOOI4","2021-09-13 16:00",84.8659999999999,"55.49",1398600,"0","11.480019","176","2.0078740157480322E-2",82.1659999999999,"69.025999999999925","68.287999999999982",66.7759999999999,19.4,6.1,18.7
"BOOI4","2021-09-13 17:00",85.388,"53.76",1445400,"0","11.430019","180.7","2.1417322834645671E-2",82.7599999999999,"69.061999999999884","68.305999999999969",66.7579999999999,19.4,6.1,18.7
"BOOI4","2021-09-13 18:00",83.2279999999999,"56.79",733320,"0","9.7600160000000002","203.6","1.555118110236221E-2",82.5619999999999,"69.097999999999956","68.305999999999969",66.7579999999999,19.4,6.1,18.8
"BOOI4","2021-09-13 19:00",81.914,"60.38",300240,"0","5.8230095000000004","204.4","7.2047244094488186E-3",81.7699999999999,"69.133999999999929","68.269999999999897",66.7759999999999,19.4,6.1,18.7
"BOOI4","2021-09-13 20:00",77.3239999999999,"70.28",16995.6,"0","3.6350060000000002","200.5","1.377952755905512E-3",80.6359999999999,"69.20599999999996","68.269999999999897",66.7759999999999,19.4,6.1,18.8
"BOOI4","2021-09-13 21:00",74.6419999999999,"76.89",0,"0","1.9090031000000001","188.3","-7.874015748031497E-5",79.322,"69.241999999999933","68.287999999999982",66.7579999999999,19.4,6.1,18.7
"BOOI4","2021-09-13 22:00",71.3119999999999,"84.3",0,"0","1.8050029000000001","183","-3.1496062992125988E-4",78.2239999999999,"69.367999999999924","68.287999999999982",66.7579999999999,19.4,6.1,18.7
"BOOI4","2021-09-13 23:00",74.1739999999999,"81.900000000000006",0,"0","2.5650040000000001","190.7","-1.181102362204725E-4",77.306,"69.421999999999969","68.287999999999982",66.74,19.4,6.1,18.7
"BOOI4","2021-09-14 00:00",74.2999999999999,"83",0,"0","4.7420080000000002","201.8","5.1181102362204728E-4",76.6759999999999,"69.511999999999887","68.269999999999897",66.7579999999999,19.5,6.1,18.7
"BOOI4","2021-09-14 01:00",73.2919999999999,"84.8",0,"0","5.2520090000000001","238.9","6.2992125984251976E-4",76.1539999999999,"69.565999999999946","68.287999999999982",66.7759999999999,19.5,6.1,18.7
"BOOI4","2021-09-14 02:00",70.2499999999999,"88.8",0,"0","3.1130051999999999","290","-7.874015748031497E-5",75.5779999999999,"69.583999999999932","68.287999999999982",66.7579999999999,19.5,6.1,18.7
"BOOI4","2021-09-14 03:00",67.1359999999999,"93.7",0,"0","1.1430019","220.9","-8.2677165354330727E-4",74.822,"69.637999999999977","68.323999999999941",66.74,19.5,6.1,18.7
"BOOI4","2021-09-14 04:00",67.532,"92.4",0,"0","2.6720044999999999","285.5","-5.5118110236220485E-4",74.1019999999999,"69.67399999999995","68.305999999999969",66.7579999999999,19.5,6.1,18.7
"BOOI4","2021-09-14 05:00",66.1999999999999,"90.3",0,"0","2.1610035999999999","316.2","-6.2992125984251976E-4",73.3819999999999,"69.691999999999936","68.323999999999941",66.74,19.5,6.1,18.7
"BOOI4","2021-09-14 06:00",62.564,"94.8",0,"0","2.6330043999999999","335.3","-5.1181102362204728E-4",72.6079999999999,"69.709999999999908","68.341999999999928",66.74,19.5,6.1,18.7
"BOOI4","2021-09-14 07:00",61.43,"94",6908.4,"0","2.0360033999999998","317.5","-6.6929133858267733E-4",71.7619999999999,"69.709999999999908","68.359999999999914",66.7579999999999,19.5,6.1,18.7
"BOOI4","2021-09-14 08:00",61.8259999999999,"92.5",193248,"0","4.8490080000000004","342.5","3.5433070866141729E-4",71.0239999999999,"69.691999999999936","68.359999999999914",66.7759999999999,19.5,6.1,18.7
"BOOI4","2021-09-14 09:00",61.772,"91.8",521280,"0","7.0190115000000004","338.6","3.2677165354330719E-3",70.8259999999999,"69.691999999999936","68.395999999999987",66.74,19.5,6.1,18.7
"BOOI4","2021-09-14 10:00",63.23,"88.3",393120,"0","6.7040110000000004","338.2","3.6220472440944892E-3",70.9519999999999,"69.637999999999977","68.377999999999901",66.7759999999999,19.5,6.1,18.7
"BOOI4","2021-09-14 11:00",64.2199999999999,"84.2",753840,"0","7.0890120000000003","345.1","6.1417322834645682E-3",71.2759999999999,"69.601999999999904","68.377999999999901",66.7579999999999,19.4,6.1,18.7
"BOOI4","2021-09-14 12:00",66.3439999999999,"78.89",1109520,"0","5.3360089999999998","335.2","8.6220472440944902E-3",71.996,"69.565999999999946","68.413999999999973",66.7759999999999,19.4,6.1,18.7
"BOOI4","2021-09-14 13:00",71.78,"69",2342160,"0","5.3470089999999999","321.60000000000002","1.6732283464566931E-2",73.7779999999999,"69.511999999999887","68.413999999999973",66.7579999999999,19.3,6.1,18.7
"BOOI4","2021-09-14 14:00",72.8779999999999,"65.959999999999994",1653480,"0","4.7640076000000002","298.89999999999998","1.4015748031496061E-2",76.172,"69.4939999999999","68.449999999999932",66.7579999999999,19.4,6.1,18.6
"BOOI4","2021-09-14 15:00",74.3179999999999,"60.09",2094120,"0","5.5130090000000003","330.1","1.7834645669291341E-2",77.9539999999999,"69.439999999999955","68.431999999999945",66.74,19.3,6.1,18.6
"BOOI4","2021-09-14 16:00",73.7599999999999,"64.08",843480,"0","4.7140079999999998","326.3","9.6062992125984271E-3",78.53,"69.385999999999896","68.413999999999973",66.7579999999999,19.2,6.1,18.6
"BOOI4","2021-09-14 17:00",72.572,"66.540000000000006",833760,"0","3.6990059999999998","322.3","8.3070866141732296E-3",78.5119999999999,"69.349999999999937","68.413999999999973",66.722,19.2,6.1,18.6
"BOOI4","2021-09-14 18:00",70.6999999999999,"69.77",478440,"0","3.8610063000000001","315.39999999999998","5.8661417322834648E-3",78.1699999999999,"69.331999999999951","68.431999999999945",66.7579999999999,19.2,6.1,18.6
"BOOI4","2021-09-14 19:00",70.232,"71.37",285156,"0","3.2330052999999999","324.60000000000002","2.952755905511811E-3",77.3239999999999,"69.349999999999937","68.431999999999945",66.74,19.2,6.1,18.6
"BOOI4","2021-09-14 20:00",63.914,"84.8",36396,"0","0.7710013","331.8","1.181102362204725E-4",76.0279999999999,"69.349999999999937","68.431999999999945",66.74,19.2,6.1,18.6
"BOOI4","2021-09-14 21:00",61.0519999999999,"90",0,"0","9.8000160000000003E-2","302.7","-4.7244094488188988E-4",74.5339999999999,"69.349999999999937","68.431999999999945",66.7579999999999,19.2,6.1,18.5
"BOOI4","2021-09-14 22:00",58.406,"95.1",0,"0","0.30200051999999999","251.5","-3.9370078740157491E-4",73.1839999999999,"69.385999999999896","68.431999999999945",66.74,19.2,6.1,18.5
"BOOI4","2021-09-14 23:00",57.29,"97.1",0,"0","0.65500104000000003","252.6","-3.5433070866141729E-4",71.996,"69.385999999999896","68.449999999999932",66.74,19.2,6.1,18.5
"BOOI4","2021-09-15 00:00",58.406,"96.9",0,"0","0.20500034","265.7","-4.3307086614173231E-4",70.9339999999999,"69.367999999999924","68.431999999999945",66.7579999999999,19.3,6.1,18.5
"BOOI4","2021-09-15 01:00",60.1519999999999,"93",0,"0","1.1970019999999999","316","-2.3622047244094491E-4",70.0159999999999,"69.367999999999924","68.395999999999987",66.74,19.3,6.1,18.5
"BOOI4","2021-09-15 02:00",60.746,"90.4",0,"0","1.3620023000000001","342.8","-1.968503937007874E-4",69.2419999999999,"69.331999999999951","68.413999999999973",66.7579999999999,19.2,6.1,18.5
"BOOI4","2021-09-15 03:00",60.2419999999999,"90.7",0,"0","1.9740032999999999","347.4","-3.9370078740157492E-5",68.5399999999999,"69.295999999999978","68.413999999999973",66.74,19.2,6.1,18.5
"BOOI4","2021-09-15 04:00",57.1999999999999,"96.5",0,"0","0.40700066000000001","5.2309999999999999","-3.9370078740157491E-4",67.874,"69.20599999999996","68.413999999999973",66.74,19.2,6.1,18.5
"BOOI4","2021-09-15 05:00",55.0039999999999,"98.5",0,"0","0.19700034","263.10000000000002","-4.3307086614173231E-4",67.172,"69.133999999999929","68.413999999999973",66.74,19.2,6.1,18.5
"BOOI4","2021-09-15 06:00",56.4079999999999,"99.2",0,"0","0.11500019","303.2","-4.3307086614173231E-4",66.506,"69.07999999999997","68.413999999999973",66.7579999999999,19.2,6.1,18.5
"BOOI4","2021-09-15 07:00",56.138,"99.9",4442.4,"0","0.99400160000000004","265.39999999999998","-3.5433070866141729E-4",65.8939999999999,"68.989999999999952","68.413999999999973",66.74,19.2,6.1,18.5
"BOOI4","2021-09-15 08:00",61.322,"96.5",296640,"0","0.90000146999999997","257.2","-1.5748031496062989E-4",65.4259999999999,"68.899999999999935","68.395999999999987",66.74,19.2,6.1,18.5
"BOOI4","2021-09-15 09:00",65.2099999999999,"87.2",852120,"0","1.8130029999999999","191.2","4.0944881889763782E-3",65.93,"68.827999999999903","68.431999999999945",66.722,19.2,6.1,18.5
"BOOI4","2021-09-15 10:00",69.3499999999999,"77.17",1437840,"0","4.0030064999999997","195","9.1732283464566952E-3",67.4599999999999,"68.737999999999985","68.377999999999901",66.7579999999999,19.2,6.1,18.5
"BOOI4","2021-09-15 11:00",72.014,"69.489999999999995",1974960,"0","6.04101","178.7","1.503937007874016E-2",69.8359999999999,"68.629999999999981","68.359999999999914",66.74,19.1,6,18.5
"BOOI4","2021-09-15 12:00",74.624,"58.61",2396880,"0","5.1220083000000001","172.5","1.9055118110236219E-2",72.7699999999999,"68.521999999999977","68.341999999999928",66.74,19,6,18.5
"BOOI4","2021-09-15 13:00",77.3239999999999,"50.41",2279160,"0","5.794009","181.8","2.019685039370079E-2",75.7939999999999,"68.449999999999932","68.341999999999928",66.74,19,6,18.5
"BOOI4","2021-09-15 14:00",79.0699999999999,"47.43",2682000,"0","4.9470080000000003","196.3","2.3307086614173231E-2",78.422,"68.395999999999987","68.323999999999941",66.74,18.9,5.9,18.5
"BOOI4","2021-09-15 15:00",80.564,"43.15",2481840,"0","4.8380080000000003","155.1","2.2362204724409449E-2",80.9779999999999,"68.341999999999928","68.305999999999969",66.7579999999999,18.8,5.9,18.5
"BOOI4","2021-09-15 16:00",80.7619999999999,"41.39",2121480,"0","5.0970079999999998","163","2.0590551181102371E-2",82.7419999999999,"68.341999999999928","68.269999999999897",66.74,18.8,5.9,18.5
"BOOI4","2021-09-15 17:00",80.6539999999999,"39.86",1633320,"0","5.4290094","180.8","1.775590551181103E-2",83.4439999999999,"68.305999999999969","68.269999999999897",66.74,18.7,5.8,18.5
"BOOI4","2021-09-15 18:00",78.998,"40.159999999999997",995400,"0","7.1800119999999996","171.4","1.515748031496063E-2",82.796,"68.359999999999914","68.233999999999924",66.722,18.7,5.8,18.5
"BOOI4","2021-09-15 19:00",75.272,"49.03",354240,"0","6.8000109999999996","170.1","9.2913385826771666E-3",81.3919999999999,"68.395999999999987","68.215999999999937",66.74,18.7,5.8,18.5
"BOOI4","2021-09-15 20:00",69.9259999999999,"60.2",27532.8,"0","5.5280094000000002","162","2.283464566929135E-3",79.448,"68.449999999999932","68.233999999999924",66.722,18.8,5.8,18.5
"BOOI4","2021-09-15 21:00",65.588,"69.83",0,"0","5.8440099999999999","158.4","1.4566929133858269E-3",77.5579999999999,"68.467999999999918","68.179999999999978",66.74,18.8,5.8,18.4
"BOOI4","2021-09-15 22:00",63.8419999999999,"74.95",0,"0","6.655011","156","1.181102362204725E-3",75.9019999999999,"68.539999999999949","68.161999999999892",66.74,18.8,5.8,18.4
"BOOI4","2021-09-15 23:00",62.546,"79.41",0,"0","4.5380073000000003","168","3.9370078740157491E-4",74.4619999999999,"68.593999999999909","68.161999999999892",66.74,18.8,5.8,18.4
