"station","valid","tmpf","relh","solar","precip","speed","drct","et","soil04t","soil12t","soil24t","soil50t","soil12vwc","soil24vwc","soil50vwc"
"BOOI4","2022-05-17 00:00",61.1599999999999,49.5,0,0,4.293007,55.24,0.00141732283464567,71.4199999999999,63.4279999999999,57.9019999999999,51.332,37.1,23.5,26.9
"BOOI4","2022-05-17 01:00",58.9099999999999,53.22,0,0,1.9490032,64.2,-7.8740157480315e-05,69.6739999999999,63.6079999999999,57.9199999999999,51.3679999999999,37.1,23.5,26.9
"BOOI4","2022-05-17 02:00",58.0099999999999,55.9,0,0,2.471004,61.95,0.00015748031496063,68.198,63.7339999999999,57.9019999999999,51.422,37.1,23.4,26.9
"BOOI4","2022-05-17 03:00",60.7099999999999,46.82,0,0,3.4870057,100.9,0.000984251968503937,66.9019999999999,63.7519999999999,57.938,51.44,37.1,23.4,26.9
"BOOI4","2022-05-17 04:00",59.2159999999999,48.95,0,0,2.357004,132.9,0.000236220472440945,65.822,63.8239999999999,57.938,51.44,37.1,23.4,26.9
"BOOI4","2022-05-17 05:00",56.5519999999999,57.74,0,0,2.939005,53.7,0.000551181102362205,64.8859999999999,63.7519999999999,58.0279999999999,51.4939999999999,37.1,23.4,26.9
"BOOI4","2022-05-17 06:00",54.122,63.36,0,0,2.357004,16.85,-7.8740157480315e-05,64.0039999999999,63.7159999999999,58.046,51.4759999999999,37,23.4,26.9
"BOOI4","2022-05-17 07:00",54.2659999999999,63.34,4093.2,0,4.292007,21.08,0.0031496062992126,63.2119999999999,63.6079999999999,58.082,51.5119999999999,37,23.4,26.9
"BOOI4","2022-05-17 08:00",54.8419999999999,64.92,118188,0,3.026005,59.83,0.00255905511811024,62.5999999999999,63.464,58.1179999999999,51.548,37,23.3,26.9
"BOOI4","2022-05-17 09:00",62.5099999999999,47.47,640440,0,6.2620106,85.6,0.00838582677165354,62.4739999999999,63.3199999999999,58.1539999999999,51.53,37,23.3,26.9
"BOOI4","2022-05-17 10:00",64.94,43.71,874800,0,9.530016,90.9,0.0145669291338583,63.338,63.1579999999999,58.172,51.566,37,23.3,26.9
"BOOI4","2022-05-17 11:00",67.8919999999999,42.93,882000,0,8.240013,98.1,0.0142913385826772,64.238,62.996,58.2259999999999,51.5839999999999,36.9,23.2,26.9
"BOOI4","2022-05-17 12:00",69.9079999999999,38.97,1413000,0,9.9700165,108.1,0.0196456692913386,65.5519999999999,62.816,58.2079999999999,51.6199999999999,36.9,23.2,26.9
"BOOI4","2022-05-17 13:00",70.5019999999999,37.79,1141920,0,10.560018,128,0.02,66.74,62.672,58.2439999999999,51.6199999999999,36.9,23.2,26.9
"BOOI4","2022-05-17 14:00",70.7899999999999,41.83,945360,0,8.060014,114.9,0.0164566929133858,67.4599999999999,62.564,58.2439999999999,51.638,36.9,23.2,26.9
"BOOI4","2022-05-17 15:00",70.6999999999999,45.13,462960,0,9.610016,88.2,0.000196850393700787,67.856,62.5099999999999,58.28,51.6739999999999,36.9,23.2,26.9
"BOOI4","2022-05-17 16:00",70.34,47.73,200376,0,4.390007,136.4,0.00708661417322835,67.5859999999999,62.3659999999999,58.2619999999999,51.746,36.8,23.1,26.9
"BOOI4","2022-05-17 17:00",67.8919999999999,57.99,97056,0,3.7910063,123.7,0.00496062992125984,67.2079999999999,62.3659999999999,58.2619999999999,51.7099999999999,36.8,23.1,26.9
"BOOI4","2022-05-17 18:00",67.082,66.61,268992,0.01,12.18002,139.2,0.00905511811023622,66.5239999999999,62.4019999999999,58.2079999999999,51.746,36.8,23.1,26.9
"BOOI4","2022-05-17 19:00",65.732,71.25,259920,0,7.052012,91,0.00574803149606299,65.8579999999999,62.3839999999999,58.2439999999999,51.764,36.8,23.1,26.9
"BOOI4","2022-05-17 20:00",64.346,67.9,142308,0,5.5690093,50.12,0.00413385826771654,65.3179999999999,62.4019999999999,58.2079999999999,51.7819999999999,36.8,23.1,26.9
"BOOI4","2022-05-17 21:00",63.23,66.23,41976,0,6.5690107,77.52,0.0021259842519685,64.6339999999999,62.3839999999999,58.2259999999999,51.7999999999999,36.8,23.1,26.9
"BOOI4","2022-05-17 22:00",60.9259999999999,68.24,36,0,6.644011,101.8,0.00204724409448819,63.788,62.348,58.2079999999999,51.8359999999999,36.8,23.1,26.9
"BOOI4","2022-05-17 23:00",59.9539999999999,69.11,0,0,5.499009,98.6,0.00161417322834646,62.9239999999999,62.3119999999999,58.2259999999999,51.8359999999999,36.8,23.1,26.9
"BOOI4","2022-05-18 00:00",57.8659999999999,74.87,0,0,5.7340093,103.2,0.00153543307086614,62.1679999999999,62.2579999999999,58.2439999999999,51.872,36.8,23.1,26.9
"BOOI4","2022-05-18 02:00",58.298,76.46,0,0,3.8980064,84.8,0.00118110236220473,61.6099999999999,62.1319999999999,58.2079999999999,51.89,36.8,23,26.9
"BOOI4","2022-05-18 03:00",58.3699999999999,75.36,0,0,4.8910084,54.88,0.0012992125984252,61.322,62.0779999999999,58.2079999999999,51.9079999999999,36.7,23,26.9
"BOOI4","2022-05-18 04:00",56.03,87.5,0,0.01,4.950008,60.55,0.000748031496062992,61.0339999999999,61.9699999999999,58.19,51.9259999999999,36.7,23,26.9
"BOOI4","2022-05-18 05:00",54.698,94.6,0,0.32,4.453007,26.95,0.000433070866141732,60.746,61.79,58.2079999999999,51.9259999999999,36.7,23.1,26.9
"BOOI4","2022-05-18 06:00",54.4279999999999,97.9,0,0.15,2.7290044,1.495,0.000118110236220472,60.1519999999999,61.7359999999999,58.19,51.9619999999999,37.1,23.2,26.9
"BOOI4","2022-05-18 07:00",55.1119999999999,96.9,964.8,0.02,3.594006,43.57,0.000196850393700787,59.7199999999999,61.556,58.1539999999999,51.998,37.7,23.4,26.9
"BOOI4","2022-05-18 08:00",55.7599999999999,96.7,93888,0.01,3.623006,42.97,0.00078740157480315,59.4499999999999,61.448,58.19,52.0159999999999,37.6,23.5,26.9
"BOOI4","2022-05-18 09:00",58.5859999999999,96.9,438840,0,2.417004,71.31,0.00275590551181102,59.522,61.2679999999999,58.1539999999999,52.0159999999999,37.5,23.6,26.9
"BOOI4","2022-05-18 10:00",59.756,95.5,572040,0,2.6280043,337.1,0.00377952755905512,60.4039999999999,61.124,58.19,52.0339999999999,37.4,23.7,26.9
"BOOI4","2022-05-18 11:00",62.6179999999999,91.4,1014120,0,5.98001,340.4,0.00641732283464567,61.43,61.0339999999999,58.1179999999999,52.0339999999999,37.4,23.7,26.9
"BOOI4","2022-05-18 12:00",66.1819999999999,84.7,1987920,0,7.4280124,354.4,0.0121653543307087,62.996,60.872,58.1179999999999,52.088,37.2,23.8,26.9
"BOOI4","2022-05-18 13:00",70.772,68.65,3042000,0,6.849011,5.01,0.0205118110236221,65.5159999999999,60.746,58.082,52.0699999999999,37.2,23.9,26.9
"BOOI4","2022-05-18 14:00",74.156,61.54,3171600,0,5.7290096,353.3,0.0236614173228346,68.3779999999999,60.656,58.0279999999999,52.088,37.2,23.9,26.9
"BOOI4","2022-05-18 15:00",75.1999999999999,57.48,3297600,0,7.5410123,316.9,0.0264566929133858,70.898,60.656,58.046,52.124,37.1,23.9,26.9
"BOOI4","2022-05-18 16:00",78.0439999999999,52.75,3121200,0,8.320014,301.4,0.0269291338582677,72.5359999999999,60.656,58.0279999999999,52.124,37.1,24,26.9
"BOOI4","2022-05-18 17:00",79.88,45.73,2759760,0,7.224012,301.5,0.0256692913385827,73.6339999999999,60.764,57.938,52.1599999999999,37.1,24,26.9
"BOOI4","2022-05-18 18:00",81.3919999999999,39.54,2275200,0,8.410014,286.7,0.0248818897637795,74.156,60.9259999999999,57.938,52.1599999999999,37.1,24,26.9
"BOOI4","2022-05-18 19:00",80.456,49.64,1521000,0,7.769013,274.2,0.018740157480315,73.8859999999999,61.124,57.9019999999999,52.214,37.1,24.1,26.9
"BOOI4","2022-05-18 20:00",79.6819999999999,50.02,947880,0,8.5500145,242.9,0.0150787401574803,73.0579999999999,61.3759999999999,57.8839999999999,52.214,37.2,24.1,26.9
"BOOI4","2022-05-18 21:00",73.9039999999999,64.27,343440,0,6.6020107,243.4,0.00409448818897638,71.7619999999999,61.6099999999999,57.8839999999999,52.214,37.2,24.1,26.9
"BOOI4","2022-05-18 22:00",68.198,74.06,33768,0,5.97901,252.3,0.00165354330708661,70.124,61.8079999999999,57.848,52.2319999999999,37.2,24,26.9
"BOOI4","2022-05-18 23:00",66.5239999999999,75.45,36,0,5.683009,256.6,0.000866141732283465,68.522,62.0419999999999,57.83,52.2499999999999,37.1,24,26.9
"BOOI4","2022-05-19 00:00",63.9499999999999,82.3,0,0,4.948008,249.9,0.00031496062992126,67.0999999999999,62.2039999999999,57.83,52.2679999999999,37.2,24,26.9
"BOOI4","2022-05-19 01:00",63.23,81.5,0,0,4.902008,256,3.93700787401575e-05,65.93,62.3119999999999,57.848,52.2859999999999,37.2,24,26.9
"BOOI4","2022-05-19 02:00",64.022,78.24,0,0,6.969012,283.4,0.00102362204724409,64.94,62.438,57.8659999999999,52.322,37.1,23.9,26.9
"BOOI4","2022-05-19 03:00",64.4539999999999,78.82,0,0,6.0110097,266.1,0.000590551181102362,64.2019999999999,62.4739999999999,57.8659999999999,52.2859999999999,37.1,23.9,26.9
"BOOI4","2022-05-19 04:00",64.3099999999999,78.48,0,0,3.8150063,256.1,-3.93700787401575e-05,63.6439999999999,62.456,57.9019999999999,52.3399999999999,37.1,23.9,26.9
"BOOI4","2022-05-19 05:00",64.13,78.65,0,0,3.621006,256.3,-0.00015748031496063,63.248,62.438,57.9199999999999,52.3579999999999,37.1,23.8,26.9
"BOOI4","2022-05-19 06:00",62.348,75.11,0,0,1.3650023,35.24,-0.00094488188976378,62.798,62.348,57.938,52.3399999999999,37.1,23.8,26.9
"BOOI4","2022-05-19 07:00",62.2759999999999,71.75,4629.6,0,1.0780019,51.85,0.000708661417322835,62.096,62.2759999999999,57.9739999999999,52.3579999999999,37.1,23.8,26.9
"BOOI4","2022-05-19 08:00",60.44,87.2,144000,0,2.0320034,156.1,0.00200787401574803,61.538,62.2039999999999,57.9739999999999,52.3579999999999,37.1,23.8,26.9
"BOOI4","2022-05-19 09:00",65.2279999999999,84.3,456480,0,4.9640083,168.9,0.00425196850393701,61.6279999999999,62.114,58.0099999999999,52.3759999999999,37,23.8,26.9
"BOOI4","2022-05-19 10:00",71.2939999999999,79.38,1080720,0,5.562009,165.7,0.0084251968503937,62.5099999999999,61.9699999999999,58.046,52.3939999999999,37,23.8,26.9
"BOOI4","2022-05-19 11:00",74.1919999999999,75.22,1818000,0,10.540017,186.7,0.0153543307086614,64.6339999999999,61.88,58.0279999999999,52.3939999999999,37,23.8,26.9
"BOOI4","2022-05-19 12:00",79.538,65.13,2188080,0,13.200022,194.3,0.0201968503937008,66.614,61.7539999999999,58.046,52.4119999999999,37,23.8,26.9
"BOOI4","2022-05-19 13:00",82.0399999999999,51.68,2952000,0,16.080027,191.3,0.0298425196850394,69.0079999999999,61.7179999999999,58.064,52.4119999999999,37,23.8,26.9
"BOOI4","2022-05-19 14:00",84.164,49.52,3189600,0,18.63003,190.7,0.0367322834645669,71.564,61.646,58.064,52.448,37,23.8,26.9
"BOOI4","2022-05-19 15:00",86.8999999999999,40.31,3254400,0,20.110033,191.2,0.0411023622047244,74.2279999999999,61.682,58.064,52.4659999999999,37,23.8,26.8
"BOOI4","2022-05-19 16:00",87.8179999999999,43.6,3063600,0,19.520033,194,0.0419291338582677,76.6759999999999,61.772,58.064,52.4659999999999,37,23.8,26.9
"BOOI4","2022-05-19 17:00",87.7999999999999,43.29,2752560,0,21.560036,202.9,0.0432283464566929,78.548,61.9339999999999,58.064,52.4839999999999,37,23.8,26.9
"BOOI4","2022-05-19 18:00",85.2079999999999,54.17,1555200,0,21.820036,206,0.0308661417322835,79.2859999999999,62.1499999999999,58.082,52.5019999999999,37,23.7,26.9
"BOOI4","2022-05-19 19:00",84.4699999999999,55.18,904680,0,20.590034,196.8,0.0235826771653543,78.6919999999999,62.4739999999999,58.082,52.5019999999999,37.1,23.7,26.9
"BOOI4","2022-05-19 20:00",81.7159999999999,56.27,456840,0,18.040031,191.2,0.017244094488189,77.7019999999999,62.7439999999999,58.082,52.5199999999999,37.1,23.7,26.9
"BOOI4","2022-05-19 21:00",79.322,61.82,166716,0,16.710028,196.5,0.00531496062992126,76.4239999999999,63.122,58.046,52.5199999999999,37.1,23.7,26.9
"BOOI4","2022-05-19 22:00",76.9099999999999,64.91,41148,0,16.550028,193.4,0.00417322834645669,75.1279999999999,63.4279999999999,58.0999999999999,52.5199999999999,37.2,23.7,26.9
"BOOI4","2022-05-19 23:00",74.7679999999999,70.25,108,0,15.510026,191.2,0.00334645669291339,73.8859999999999,63.7159999999999,58.1179999999999,52.556,37.1,23.6,26.9
"BOOI4","2022-05-20 00:00",73.9579999999999,71.85,0,0,16.230026,198.3,0.00283464566929134,72.7339999999999,63.9499999999999,58.172,52.556,37.2,23.6,26.9
"BOOI4","2022-05-20 01:00",72.59,75.86,0,0,15.920026,206.5,0.00248031496062992,71.7619999999999,64.148,58.2079999999999,52.556,37.2,23.6,26.9
"BOOI4","2022-05-20 02:00",72.788,77.8,0,0,13.810023,228.7,0.00188976377952756,70.898,64.346,58.2439999999999,52.5739999999999,37.2,23.5,26.9
"BOOI4","2022-05-20 03:00",63.6619999999999,73.48,0,0,16.660027,299.1,0.00216535433070866,70.106,64.4179999999999,58.298,52.6099999999999,37.2,23.5,26.9
"BOOI4","2022-05-20 04:00",59.1079999999999,78.47,3.6,0,14.410024,341.8,0.00141732283464567,69.0439999999999,64.5079999999999,58.316,52.646,37.2,23.5,26.8
"BOOI4","2022-05-20 05:00",58.0999999999999,79.4,0,0,10.560018,354.7,0.00094488188976378,67.838,64.5259999999999,58.406,52.646,37.2,23.5,26.9
"BOOI4","2022-05-20 06:00",57.506,82,0,0,7.7190127,1.263,0.000590551181102362,66.848,64.58,58.4599999999999,52.646,37.1,23.4,26.8
"BOOI4","2022-05-20 07:00",55.04,93.2,763.2,0.01,9.600016,349.7,0.0021259842519685,65.9659999999999,64.58,58.514,52.646,37.1,23.4,26.8
"BOOI4","2022-05-20 08:00",55.1839999999999,90.8,11790,0.01,5.80301,353.7,0.000905511811023622,64.9039999999999,64.49,58.5679999999999,52.682,37.1,23.4,26.8
"BOOI4","2022-05-20 09:00",55.2739999999999,88.8,84708,0,5.7810097,340,0.00149606299212598,64.0039999999999,64.3819999999999,58.622,52.682,37.1,23.3,26.8
"BOOI4","2022-05-20 10:00",55.58,87.9,262872,0,5.7930093,334.1,0.00259842519685039,63.4279999999999,64.3099999999999,58.6939999999999,52.6999999999999,37.1,23.3,26.8
"BOOI4","2022-05-20 11:00",56.1019999999999,86,294840,0,6.9020114,335.4,0.00318897637795276,62.996,64.1659999999999,58.73,52.7179999999999,37,23.2,26.9
"BOOI4","2022-05-20 12:00",57.8659999999999,83.4,628200,0,6.3860106,319.6,0.00511811023622047,62.9599999999999,64.0039999999999,58.8019999999999,52.7179999999999,37,23.2,26.9
"BOOI4","2022-05-20 13:00",59.0539999999999,72.67,866160,0,8.560014,307.2,0.00783464566929134,63.446,63.8599999999999,58.8019999999999,52.7359999999999,37,23.1,26.9
"BOOI4","2022-05-20 14:00",59.54,60.65,773640,0,11.92002,303.6,0.01,63.68,63.698,58.874,52.7359999999999,37,23.1,26.9
"BOOI4","2022-05-20 15:00",62.114,55.4,1155240,0,12.05002,306.4,0.00755905511811024,64.0039999999999,63.5359999999999,58.9099999999999,52.7539999999999,37,23.1,26.9
"BOOI4","2022-05-20 16:00",65.2999999999999,46.98,1594080,0,12.51002,306.4,0.0186614173228347,65.03,63.374,58.9099999999999,52.772,36.9,23.1,26.9
"BOOI4","2022-05-20 17:00",67.046,39.86,2121120,0,11.52002,309.7,0.0224803149606299,66.938,63.2659999999999,58.9279999999999,52.79,36.9,23.1,26.9
"BOOI4","2022-05-20 18:00",68.972,36.38,1257480,0,11.510019,307.4,0.0196062992125984,68.306,63.1579999999999,58.946,52.8079999999999,36.9,23.1,26.9
"BOOI4","2022-05-20 19:00",69.8539999999999,32.93,1603800,0,12.650021,306.1,0.0218897637795276,69.1339999999999,63.0859999999999,58.946,52.8079999999999,36.9,23,26.9
"BOOI4","2022-05-20 20:00",66.506,38.96,912960,0,14.330024,306.7,0.0184251968503937,69.5119999999999,63.0679999999999,58.946,52.8259999999999,36.9,23,26.9
"BOOI4","2022-05-20 21:00",61.5019999999999,49.99,238644,0,10.320018,309.7,0.00417322834645669,68.7019999999999,63.0679999999999,58.9819999999999,52.8619999999999,36.9,22.9,26.9
"BOOI4","2022-05-20 22:00",58.082,50.19,24609.6,0,6.553011,314.8,0.00240157480314961,67.082,63.0859999999999,58.9819999999999,52.88,36.9,22.9,26.9
"BOOI4","2022-05-20 23:00",56.93,51.77,122.4,0,6.754011,309,0.00208661417322835,65.372,63.1759999999999,58.964,52.8619999999999,36.9,22.9,27
"BOOI4","2022-05-21 00:00",55.148,53.7,0,0,9.860017,300.4,0.00240157480314961,63.914,63.1759999999999,58.946,52.898,36.9,22.8,27
"BOOI4","2022-05-21 01:00",54.5539999999999,54.76,0,0,8.140014,289.8,0.0021259842519685,62.5999999999999,63.1939999999999,58.946,52.9159999999999,36.9,22.8,27
"BOOI4","2022-05-21 02:00",53.096,62.95,0,0,11.83002,299.4,0.0021259842519685,61.448,63.1579999999999,58.9819999999999,52.9519999999999,36.8,22.8,27
"BOOI4","2022-05-21 03:00",51.1699999999999,72.26,0,0,10.190017,300.3,0.00149606299212598,60.44,63.0679999999999,58.964,52.9519999999999,36.8,22.8,27
"BOOI4","2022-05-21 04:00",49.964,75.79,0,0,9.250015,343.6,0.00102362204724409,59.6119999999999,62.996,58.964,52.9699999999999,36.7,22.8,27
"BOOI4","2022-05-21 05:00",47.696,76.48,0,0,11.300018,351.4,0.000984251968503937,59.0359999999999,62.798,58.946,52.9699999999999,36.8,22.7,27
"BOOI4","2022-05-21 06:00",44.2381999999999,79.05,0,0,8.350014,1.206,0.000748031496062992,58.298,62.672,58.9819999999999,53.0239999999999,36.7,22.7,27
"BOOI4","2022-05-21 07:00",43.8745999999999,78.1,3531.6,0,6.854011,343.5,0.00200787401574803,57.29,62.4919999999999,58.9819999999999,53.0239999999999,36.7,22.7,27
"BOOI4","2022-05-21 08:00",44.7565999999999,76.77,72972,0,6.3020105,339.8,0.00232283464566929,56.606,62.2759999999999,58.9819999999999,53.0239999999999,36.6,22.7,27
"BOOI4","2022-05-21 09:00",45.6781999999999,71.87,246096,0,8.690014,340.5,0.00401574803149606,56.2279999999999,62.0779999999999,58.964,53.0599999999999,36.7,22.6,27
"BOOI4","2022-05-21 10:00",48.1999999999999,65.41,873360,0,9.060015,355,0.00728346456692913,56.3539999999999,61.898,58.9819999999999,53.0599999999999,36.6,22.6,27
"BOOI4","2022-05-21 11:00",49.4779999999999,61.49,867960,0,8.390014,1.064,0.0078740157480315,57.0739999999999,61.646,58.9099999999999,53.096,36.5,22.5,27
"BOOI4","2022-05-21 12:00",50.288,55.19,1519920,0,8.400014,347.4,0.0110629921259842,58.1179999999999,61.4119999999999,58.9099999999999,53.1319999999999,36.6,22.5,27
"BOOI4","2022-05-21 13:00",50.7739999999999,55.15,1548000,0,9.790016,339.6,0.0124015748031496,59.6119999999999,61.214,58.874,53.1319999999999,36.5,22.6,27
"BOOI4","2022-05-21 14:00",52.1419999999999,53.16,1260360,0,9.230016,337.3,0.0118110236220472,60.6199999999999,61.0159999999999,58.8919999999999,53.1319999999999,36.5,22.5,27
"BOOI4","2022-05-21 15:00",53.4019999999999,48.38,1088280,0,8.540014,330.5,0.0116929133858268,61.1419999999999,60.8539999999999,58.838,53.1319999999999,36.4,22.5,27
"BOOI4","2022-05-21 16:00",53.78,49.03,546120,0,5.2700086,307.4,0.00748031496062992,61.4119999999999,60.746,58.8199999999999,53.1679999999999,36.4,22.5,27
"BOOI4","2022-05-21 17:00",55.13,51.68,443160,0,5.96301,252.8,0.00748031496062992,61.1779999999999,60.638,58.73,53.1679999999999,36.5,22.5,27
"BOOI4","2022-05-21 18:00",56.93,51.41,842760,0,11.160019,291.7,0.0118897637795276,61.088,60.5839999999999,58.73,53.1859999999999,36.5,22.4,27
"BOOI4","2022-05-21 19:00",58.0999999999999,49.65,804960,0,10.040017,306.5,0.010511811023622,61.4839999999999,60.53,58.7119999999999,53.1859999999999,36.4,22.4,27
"BOOI4","2022-05-21 20:00",56.2819999999999,51.86,765000,0,8.520015,336.7,0.00850393700787402,61.664,60.4939999999999,58.6579999999999,53.1859999999999,36.4,22.4,27
"BOOI4","2022-05-21 21:00",52.9159999999999,57.19,277272,0,6.4730105,334.8,0.00263779527559055,61.1599999999999,60.4579999999999,58.622,53.24,36.4,22.3,27
"BOOI4","2022-05-21 22:00",51.4939999999999,58.72,28447.2,0,4.115007,320.9,0.00149606299212598,60.1339999999999,60.422,58.5499999999999,53.2579999999999,36.4,22.3,27
"BOOI4","2022-05-21 23:00",47.4619999999999,66.8,162,0,5.607009,312.2,0.00145669291338583,58.9279999999999,60.4039999999999,58.5319999999999,53.2579999999999,36.4,22.3,27.1
"BOOI4","2022-05-22 00:00",46.472,69.5,0,0,3.712006,307.6,0.00078740157480315,57.6319999999999,60.3859999999999,58.4779999999999,53.2939999999999,36.4,22.3,27.1
"BOOI4","2022-05-22 01:00",45.7429999999999,71.91,0,0,4.6650076,301.2,0.00094488188976378,56.5699999999999,60.3499999999999,58.4599999999999,53.2579999999999,36.3,22.3,27.1
"BOOI4","2022-05-22 02:00",44.0887999999999,74.72,0,0,4.337007,287.2,0.000708661417322835,55.58,60.2419999999999,58.406,53.33,36.3,22.3,27.1
"BOOI4","2022-05-22 03:00",41.1349999999999,78.73,0,0,4.3800073,280.6,0.000590551181102362,54.5179999999999,60.1339999999999,58.388,53.33,36.3,22.2,27.1
"BOOI4","2022-05-22 04:00",41.9881999999999,79.05,0,0,3.9980066,268.9,0.00031496062992126,53.5279999999999,60.0079999999999,58.3519999999999,53.3119999999999,36.3,22.2,27.1
"BOOI4","2022-05-22 05:00",38.8526,86.4,0,0,6.05901,269.8,0.000551181102362205,52.6099999999999,59.846,58.298,53.348,36.3,22.2,27.1
"BOOI4","2022-05-22 06:00",39.3853999999999,84.4,0,0,6.498011,264,0.000354330708661417,51.7279999999999,59.648,58.2619999999999,53.3659999999999,36.2,22.2,27.1
"BOOI4","2022-05-22 07:00",39.2414,85,13158,0,6.28801,261.2,0.00114173228346457,50.9359999999999,59.4679999999999,58.2439999999999,53.348,36.2,22.1,27.1
"BOOI4","2022-05-22 08:00",41.6948,83,307440,0,7.0570116,259.2,0.00236220472440945,50.3239999999999,59.2519999999999,58.19,53.3839999999999,36.2,22.1,27.1
"BOOI4","2022-05-22 09:00",46.922,72.14,864000,0,11.380018,268.3,0.00570866141732283,50.5759999999999,59.0539999999999,58.1359999999999,53.3659999999999,36.1,22.1,27.1
"BOOI4","2022-05-22 10:00",51.0439999999999,57.95,1509120,0,15.040025,294,0.0109448818897638,51.8179999999999,58.8019999999999,58.0999999999999,53.4019999999999,36.1,22.1,27.1
"BOOI4","2022-05-22 11:00",53.9779999999999,48.81,2120040,0,17.69003,295.6,0.0168503937007874,53.816,58.5319999999999,58.064,53.4019999999999,36.1,22.1,27.1
"BOOI4","2022-05-22 12:00",57.1999999999999,43.66,2647440,0,17.600029,297.4,0.0211811023622047,56.3359999999999,58.298,58.0099999999999,53.4199999999999,36,22,27.1
"BOOI4","2022-05-22 13:00",57.7039999999999,39.59,3034800,0,17.410028,300.2,0.0246850393700787,59.1619999999999,58.1359999999999,57.956,53.4199999999999,36,22,27.1
"BOOI4","2022-05-22 14:00",60.1159999999999,38.05,3186000,0,14.640025,307.3,0.026259842519685,61.988,57.956,57.8839999999999,53.4199999999999,36,22,27.1
"BOOI4","2022-05-22 15:00",61.322,36.65,2890800,0,16.340027,294.8,0.0263779527559055,64.4359999999999,57.8839999999999,57.8119999999999,53.438,36,22,27.1
"BOOI4","2022-05-22 16:00",62.006,36.15,2930400,0,12.790022,310.2,0.0256692913385827,66.4519999999999,57.8659999999999,57.7759999999999,53.456,36,21.9,27.1
"BOOI4","2022-05-22 17:00",62.8519999999999,35.08,2607480,0,11.99002,317.1,0.0238976377952756,67.73,57.9199999999999,57.722,53.456,36,21.9,27.1
"BOOI4","2022-05-22 18:00",62.2039999999999,35.52,2135520,0,9.0100155,335.5,0.0197637795275591,68.846,58.064,57.6499999999999,53.456,36,21.9,27.1
"BOOI4","2022-05-22 19:00",62.8519999999999,32.73,1662840,0,7.782013,331.3,0.0164566929133858,69.1519999999999,58.2619999999999,57.5599999999999,53.456,36.1,21.9,27.1
"BOOI4","2022-05-22 20:00",61.88,33.7,946440,0,7.1740117,356.2,0.0118897637795276,68.738,58.496,57.5419999999999,53.456,36.1,21.9,27.1
"BOOI4","2022-05-22 21:00",59.7199999999999,35.36,476280,0,6.3650107,5.537,0.00389763779527559,67.496,58.7119999999999,57.506,53.4739999999999,36.1,21.9,27.1
"BOOI4","2022-05-22 22:00",54.8779999999999,41.25,58536,0,3.9150066,16.88,0.0015748031496063,65.696,58.9819999999999,57.4159999999999,53.456,36.1,21.9,27.1
"BOOI4","2022-05-22 23:00",50.9359999999999,49.74,223.2,0,2.4080038,36.4,0.00031496062992126,63.788,59.2159999999999,57.3439999999999,53.456,36.1,21.9,27.1
"BOOI4","2022-05-23 00:00",51.2419999999999,46.39,0,0,2.5170043,46.13,0.000275590551181102,61.988,59.414,57.38,53.4919999999999,36.2,21.8,27.1
"BOOI4","2022-05-23 01:00",47.3539999999999,56.26,0,0,3.0630052,40.87,0.000511811023622047,60.566,59.5939999999999,57.3619999999999,53.4919999999999,36.2,21.8,27.1
"BOOI4","2022-05-23 02:00",46.598,62.42,0,0,2.7440045,58.16,0.000118110236220472,59.2159999999999,59.6659999999999,57.29,53.5099999999999,36.2,21.8,27.1
"BOOI4","2022-05-23 03:00",46.832,60.81,0,0,2.7250044,72.22,0,58.172,59.7019999999999,57.3259999999999,53.5279999999999,36.2,21.7,27.1
"BOOI4","2022-05-23 04:00",46.2812,63.83,0,0,4.503008,93,0.000551181102362205,57.2359999999999,59.6839999999999,57.3259999999999,53.5279999999999,36.1,21.7,27.1
"BOOI4","2022-05-23 05:00",45.1562,67.36,0,0,4.6390076,90.9,0.000433070866141732,56.2999999999999,59.648,57.3259999999999,53.5099999999999,36.1,21.7,27.1
"BOOI4","2022-05-23 06:00",42.6344,76.82,0,0,4.224007,78.04,0.000196850393700787,55.4179999999999,59.54,57.3259999999999,53.4739999999999,36.1,21.7,27.1
"BOOI4","2022-05-23 07:00",42.1448,75.56,10533.6,0,3.1890051,69.86,0.0012992125984252,54.6079999999999,59.4499999999999,57.3259999999999,53.4919999999999,36,21.7,27.1
"BOOI4","2022-05-23 08:00",46.814,69.85,295560,0,3.4880056,78.26,0.00275590551181102,53.8699999999999,59.3419999999999,57.3259999999999,53.4919999999999,36.1,21.6,27.1
"BOOI4","2022-05-23 09:00",51.3499999999999,56.86,788760,0,7.135012,100.2,0.00716535433070866,53.9779999999999,59.18,57.3439999999999,53.5099999999999,36.1,21.6,27.1
"BOOI4","2022-05-23 10:00",53.114,57.89,894240,0,7.858013,102.8,0.00909448818897638,54.9859999999999,58.9819999999999,57.3259999999999,53.4919999999999,36,21.6,27.1
"BOOI4","2022-05-23 11:00",55.238,50.92,1014840,0,8.770015,91.1,0.0109055118110236,56.03,58.8199999999999,57.3259999999999,53.5279999999999,36,21.6,27.1
"BOOI4","2022-05-23 12:00",57.5599999999999,44.13,1635840,0,8.370014,112.1,0.0146850393700787,57.4159999999999,58.622,57.3439999999999,53.5099999999999,35.9,21.6,27.1
"BOOI4","2022-05-23 13:00",59.3599999999999,43.23,2606040,0,9.270015,103.1,0.0206692913385827,60.1699999999999,58.4779999999999,57.29,53.5099999999999,36,21.6,27.1
"BOOI4","2022-05-23 14:00",60.53,39.4,2784600,0,8.010013,86.2,0.0216929133858268,63.248,58.3339999999999,57.272,53.5099999999999,36,21.6,27.1
"BOOI4","2022-05-23 15:00",62.9239999999999,36.66,2894400,0,11.530019,74.88,0.0248818897637795,65.84,58.298,57.272,53.4919999999999,35.9,21.6,27.1
"BOOI4","2022-05-23 16:00",62.7439999999999,35.98,1972800,0,11.570019,88.3,0.0217322834645669,67.6939999999999,58.28,57.2359999999999,53.4919999999999,36,21.6,27.1
"BOOI4","2022-05-23 17:00",64.0579999999999,33.46,2028960,0,10.280017,85.3,0.0214566929133858,68.4859999999999,58.3699999999999,57.2179999999999,53.5099999999999,36,21.6,27.1
"BOOI4","2022-05-23 18:00",62.906,35.43,1190160,0,9.570016,109.4,0.0168503937007874,68.9179999999999,58.4779999999999,57.1999999999999,53.5099999999999,36,21.6,27.1
"BOOI4","2022-05-23 19:00",62.564,37.03,511200,0,8.690014,107.4,0.0127165354330709,68.198,58.6579999999999,57.146,53.5099999999999,36,21.6,27.1
"BOOI4","2022-05-23 20:00",61.3399999999999,37.14,375120,0,8.290014,114,0.0101968503937008,67.1179999999999,58.838,57.146,53.4919999999999,36,21.6,27.1
"BOOI4","2022-05-23 21:00",59.3599999999999,41.41,136980,0,7.113012,111.3,0.00641732283464567,65.8939999999999,59.072,57.1279999999999,53.5279999999999,36,21.5,27.1
"BOOI4","2022-05-23 22:00",56.6779999999999,46.76,22755.6,0,5.213009,95.6,0.00271653543307087,64.5259999999999,59.2519999999999,57.0739999999999,53.5099999999999,36.1,21.5,27
"BOOI4","2022-05-23 23:00",56.5339999999999,45.15,126,0,4.9700084,81.7,0.00232283464566929,63.1939999999999,59.4499999999999,57.0739999999999,53.4739999999999,36.1,21.5,27
"BOOI4","2022-05-24 00:00",55.0759999999999,50.42,0,0,5.2550087,80.8,0.00224409448818898,62.0779999999999,59.5759999999999,57.038,53.4919999999999,36.1,21.5,27.1
"BOOI4","2022-05-24 01:00",52.5919999999999,59.89,0,0,3.2780054,73.98,0.00141732283464567,61.196,59.6659999999999,57.0739999999999,53.5099999999999,36,21.5,27
"BOOI4","2022-05-24 02:00",52.0159999999999,57.49,0,0,1.3810023,61.77,0.000551181102362205,60.3499999999999,59.738,57.0739999999999,53.4919999999999,36,21.4,27
"BOOI4","2022-05-24 03:00",50.198,62.18,0,0,1.5370026,64.04,0.000590551181102362,59.414,59.7199999999999,57.0919999999999,53.4919999999999,36,21.4,27
"BOOI4","2022-05-24 04:00",49.28,62.42,0,0,2.5700042,25.77,0.000905511811023622,58.4239999999999,59.7019999999999,57.0739999999999,53.4919999999999,36.1,21.4,27
"BOOI4","2022-05-24 05:00",49.3699999999999,62.01,0,0,3.7530062,24.22,0.00110236220472441,57.6679999999999,59.6839999999999,57.1099999999999,53.4739999999999,36.1,21.4,27
"BOOI4","2022-05-24 06:00",48.2539999999999,67.23,0,0,4.8610077,40.88,0.00118110236220473,57.056,59.5759999999999,57.1099999999999,53.5099999999999,36,21.4,27
"BOOI4","2022-05-24 07:00",47.948,73.26,6631.2,0,3.3780055,52.84,0.00173228346456693,56.5519999999999,59.5039999999999,57.146,53.4919999999999,36,21.4,27
"BOOI4","2022-05-24 08:00",51.2779999999999,73.59,105408,0,5.2490087,80.4,0.00271653543307087,56.2099999999999,59.3599999999999,57.1279999999999,53.4919999999999,36,21.4,27
"BOOI4","2022-05-24 09:00",53.7259999999999,64.28,353160,0,8.150014,107.3,0.00559055118110236,56.264,59.2339999999999,57.1099999999999,53.5099999999999,35.9,21.4,27
"BOOI4","2022-05-24 10:00",54.806,58.39,534240,0,11.320019,112.7,0.00913385826771654,56.714,59.0899999999999,57.164,53.4919999999999,35.9,21.4,27
"BOOI4","2022-05-24 11:00",55.8859999999999,57.21,759240,0,11.720019,114.4,0.0106692913385827,57.3439999999999,58.946,57.164,53.5279999999999,35.9,21.4,27.1
"BOOI4","2022-05-24 12:00",56.8039999999999,54.14,777960,0,11.270019,109.4,0.0111811023622047,58.1179999999999,58.838,57.146,53.4919999999999,35.9,21.4,27
"BOOI4","2022-05-24 13:00",56.9839999999999,54.47,580320,0,10.820018,102.5,0.0103149606299213,58.73,58.6939999999999,57.164,53.546,36,21.3,27
"BOOI4","2022-05-24 14:00",57.5779999999999,58.38,684360,0,10.830018,104.6,0.0109842519685039,59.072,58.622,57.146,53.4919999999999,36,21.3,27
"BOOI4","2022-05-24 15:00",54.7159999999999,71.88,950040,0,11.26,105.2,0.0101181102362205,59.306,58.5499999999999,57.1099999999999,53.4919999999999,36.1,21.3,27
"BOOI4","2022-05-24 16:00",55.13,76.8,823320,0,10.61,85,0.00771653543307087,59.3599999999999,58.4779999999999,57.1099999999999,53.546,36,21.3,27
"BOOI4","2022-05-24 17:00",52.43,86.1,432000,0.02,11.87,81.3,0.005,59.0899999999999,58.4419999999999,57.0919999999999,53.5099999999999,36,21.3,27
"BOOI4","2022-05-24 18:00",50.8999999999999,90.7,259920,0.05,14.61,69.07,0.00311023622047244,58.3699999999999,58.406,57.056,53.5279999999999,36,21.3,27
"BOOI4","2022-05-24 19:00",49.2619999999999,93.9,183168,0.06,16.19,58.13,0.0021259842519685,57.4339999999999,58.3699999999999,57.0199999999999,53.5279999999999,35.9,21.3,27
"BOOI4","2022-05-24 20:00",49.046,97.8,85644,0.21,13.32,49.65,0.000984251968503937,56.48,58.3519999999999,57.038,53.5099999999999,35.9,21.3,27
"BOOI4","2022-05-24 21:00",49.496,99.1,28083.6,0.17,12.86,41.65,-0.000354330708661417,55.4539999999999,58.298,57.0019999999999,53.4739999999999,36,21.3,27
"BOOI4","2022-05-24 22:00",50.5759999999999,99.3,5839.2,0.09,15.18,49.68,3.93700787401575e-05,54.8419999999999,58.2439999999999,57.0199999999999,53.4919999999999,37,21.3,27
"BOOI4","2022-05-24 23:00",50.9179999999999,98.1,3.6,0.04,13.93,46.63,7.8740157480315e-05,54.4819999999999,58.172,56.9659999999999,53.4919999999999,38.1,21.4,27
"BOOI4","2022-05-25 00:00",50.648,96.4,0,0.03,17.33,56.8,0.00015748031496063,54.248,58.082,56.948,53.4919999999999,38.1,21.6,27
"BOOI4","2022-05-25 01:00",49.946,97.6,3.6,0.03,18.63,60.3,0.00015748031496063,53.9779999999999,57.956,56.93,53.4919999999999,38,21.7,27
"BOOI4","2022-05-25 02:00",49.406,98.4,0,0.04,18.94,64.45,0.000118110236220472,53.6539999999999,57.848,56.9119999999999,53.4919999999999,38.1,21.8,27
"BOOI4","2022-05-25 03:00",49.316,98.9,0,0.01,18,68.99,7.8740157480315e-05,53.3839999999999,57.722,56.9119999999999,53.4919999999999,37.9,21.9,27
"BOOI4","2022-05-25 04:00",48.9919999999999,99.8,0,0.01,16.41,69.85,3.93700787401575e-05,53.1679999999999,57.5419999999999,56.822,53.5279999999999,37.7,22,27
"BOOI4","2022-05-25 05:00",48.938,100,0,0,14.44,70.57,0,52.9699999999999,57.4159999999999,56.8399999999999,53.4919999999999,37.6,22,27
"BOOI4","2022-05-25 06:00",48.956,100,0,0.04,12.74,68.84,0,52.79,57.29,56.8039999999999,53.5099999999999,37.6,22.1,27
"BOOI4","2022-05-25 07:00",49.2079999999999,100,1177.2,0.03,10.98,68.31,3.93700787401575e-05,52.6279999999999,57.182,56.7859999999999,53.4919999999999,37.7,22.1,27
"BOOI4","2022-05-25 08:00",49.5859999999999,100,29808,0,10.65,64.4,0.000118110236220472,52.5739999999999,57.0019999999999,56.7499999999999,53.5099999999999,37.6,22.2,27
"BOOI4","2022-05-25 09:00",49.9099999999999,100,97092,0,9.23,55.61,0.000433070866141732,52.6279999999999,56.8759999999999,56.714,53.5099999999999,37.5,22.3,27
"BOOI4","2022-05-25 10:00",50.5039999999999,100,210780,0.01,9.24,49.59,0.000905511811023622,52.8259999999999,56.7499999999999,56.6599999999999,53.5099999999999,37.4,22.4,27
"BOOI4","2022-05-25 11:00",50.9179999999999,100,259020,0,7.872,42.27,0.00118110236220473,53.114,56.588,56.624,53.5099999999999,37.3,22.4,27
"BOOI4","2022-05-25 12:00",51.638,100,412200,0,8.13,34.55,0.0018503937007874,53.4739999999999,56.4619999999999,56.606,53.4919999999999,37.2,22.5,27
"BOOI4","2022-05-25 13:00",52.322,100,635760,0,10.18,40.7,0.00271653543307087,54.1039999999999,56.372,56.5519999999999,53.4919999999999,37.2,22.5,27
"BOOI4","2022-05-25 14:00",53.996,98.7,704520,0,10.16,48.47,0.0031496062992126,54.8419999999999,56.264,56.498,53.5099999999999,37.1,22.5,27
"BOOI4","2022-05-25 15:00",54.914,96.2,620280,0,7.996,37.01,0.00338582677165354,55.5619999999999,56.1739999999999,56.48,53.5279999999999,37,22.6,27
"BOOI4","2022-05-25 16:00",55.5439999999999,97.1,581040,0,7.627,30.12,0.00330708661417323,56.0839999999999,56.1199999999999,56.4079999999999,53.5099999999999,36.9,22.6,27
"BOOI4","2022-05-25 17:00",55.58,97.6,628560,0,8.51,26.92,0.0034251968503937,56.5699999999999,56.0839999999999,56.372,53.5279999999999,36.9,22.7,27
"BOOI4","2022-05-25 18:00",55.7599999999999,96.4,644040,0,10.59,18.79,0.00318897637795276,56.9839999999999,56.0839999999999,56.3179999999999,53.5099999999999,36.9,22.7,27
"BOOI4","2022-05-25 19:00",55.0579999999999,97.5,185256,0,11.82,16.03,0.00141732283464567,56.8759999999999,56.066,56.2819999999999,53.5279999999999,36.9,22.8,27
"BOOI4","2022-05-25 20:00",54.2839999999999,99.3,63720,0.1,12.55,13.64,0.000551181102362205,56.4259999999999,56.0839999999999,56.2099999999999,53.4919999999999,36.9,22.9,27
"BOOI4","2022-05-25 21:00",53.798,100,48240,0.21,13.84,11.54,-0.00114173228346457,55.9579999999999,56.1019999999999,56.1739999999999,53.5099999999999,37.6,25.2,27.1
"BOOI4","2022-05-25 22:00",53.2759999999999,100,6775.2,0.05,13.98,14.47,0,55.5619999999999,56.0839999999999,56.138,53.5099999999999,37.8,25.8,27.1
"BOOI4","2022-05-25 23:00",53.006,100,0,0.02,10.53,18.43,0,55.2199999999999,56.1199999999999,56.1199999999999,53.5099999999999,37.8,26.7,27.2
"BOOI4","2022-05-26 00:00",53.006,99.8,0,0,11.32,16.08,0,54.9499999999999,56.1019999999999,56.048,53.5279999999999,37.7,27,27.2
"BOOI4","2022-05-26 01:00",52.9159999999999,99.8,0,0,9.53,21.09,0,54.7339999999999,56.0839999999999,56.048,53.5099999999999,37.6,27.3,27.2
"BOOI4","2022-05-26 02:00",52.6999999999999,100,0,0.02,7.696,25.83,0,54.5539999999999,56.0839999999999,55.9939999999999,53.4919999999999,37.6,27.7,27.2
"BOOI4","2022-05-26 03:00",52.646,100,0,0,6.942,16.83,0,54.4099999999999,56.048,55.9759999999999,53.5099999999999,37.6,28.3,27.3
"BOOI4","2022-05-26 04:00",52.43,100,0,0,7.33,13.55,0,54.2839999999999,55.9939999999999,55.922,53.5279999999999,37.5,28.9,27.3
"BOOI4","2022-05-26 05:00",52.196,100,0,0,8.22,13.57,0,54.1759999999999,55.9579999999999,55.8859999999999,53.4919999999999,37.6,29.8,27.3
"BOOI4","2022-05-26 06:00",51.998,100,0,0,6.452,16.3,0,54.0679999999999,55.922,55.8859999999999,53.5279999999999,37.5,30.2,27.3
"BOOI4","2022-05-26 07:00",51.296,100,2728.8,0,8.59,15.27,3.93700787401575e-05,53.9419999999999,55.8499999999999,55.832,53.4739999999999,37.5,30.9,27.3
"BOOI4","2022-05-26 08:00",50.63,100,50544,0,8.63,12.41,0.000236220472440945,53.7619999999999,55.796,55.814,53.4919999999999,37.5,31.3,27.3
"BOOI4","2022-05-26 09:00",50.5759999999999,100,184428,0,10.04,14.13,0.00078740157480315,53.6539999999999,55.7599999999999,55.7779999999999,53.4919999999999,37.5,31.4,27.3
"BOOI4","2022-05-26 10:00",51.9439999999999,99.3,578520,0,9.84,15.76,0.00251968503937008,53.7619999999999,55.688,55.7599999999999,53.4739999999999,37.5,31.5,27.3
"BOOI4","2022-05-26 11:00",52.5919999999999,96.9,756360,0,9.28,13.77,0.00362204724409449,54.4999999999999,55.6699999999999,55.706,53.5099999999999,37.4,31.6,27.3
"BOOI4","2022-05-26 12:00",52.898,96.7,942480,0,8.63,359.5,0.00468503937007874,55.1839999999999,55.58,55.688,53.4919999999999,37.4,31.6,27.4
"BOOI4","2022-05-26 13:00",52.7539999999999,96.3,740520,0,8.57,353.8,0.00393700787401575,55.796,55.5439999999999,55.706,53.4919999999999,37.4,31.6,27.4
"BOOI4","2022-05-26 14:00",53.3119999999999,94.3,740160,0,8.75,353,0.00397637795275591,56.066,55.49,55.6519999999999,53.4919999999999,37.4,31.6,27.4
"BOOI4","2022-05-26 15:00",52.9339999999999,95,709920,0,10.11,353.9,0.00397637795275591,56.3179999999999,55.5079999999999,55.6159999999999,53.4739999999999,37.4,31.7,27.4
"BOOI4","2022-05-26 16:00",54.122,92,895320,0,9.62,358.7,0.005,56.498,55.5079999999999,55.58,53.4739999999999,37.4,31.7,27.4
"BOOI4","2022-05-26 17:00",54.338,91.1,593640,0,10.23,350.4,0.00397637795275591,56.6779999999999,55.5079999999999,55.5439999999999,53.4739999999999,37.4,31.7,27.4
"BOOI4","2022-05-26 18:00",53.906,89.8,442080,0,10.79,346.7,0.00354330708661417,56.4619999999999,55.5079999999999,55.5259999999999,53.4739999999999,37.4,31.7,27.4
"BOOI4","2022-05-26 19:00",54.7699999999999,86.8,583920,0,11.43,348.1,0.00409448818897638,56.246,55.5619999999999,55.49,53.438,37.4,31.7,27.4
"BOOI4","2022-05-26 20:00",54.23,86.6,374040,0,9.58,351.1,0.00267716535433071,56.156,55.5619999999999,55.472,53.438,37.4,31.7,27.4
"BOOI4","2022-05-26 21:00",53.3839999999999,86.8,122436,0,8.75,9.11,0.000826771653543307,55.796,55.598,55.4359999999999,53.4199999999999,37.4,31.7,27.4
"BOOI4","2022-05-26 22:00",53.1679999999999,87.1,9928.8,0,8.61,12.95,0.000511811023622047,55.2019999999999,55.598,55.4359999999999,53.456,37.4,31.7,27.4
"BOOI4","2022-05-26 23:00",52.7539999999999,92.2,86.4,0,5.284,347.7,0.000236220472440945,54.68,55.6339999999999,55.3999999999999,53.4199999999999,37.3,31.7,27.4
"BOOI4","2022-05-27 00:00",53.0779999999999,91.4,0,0,6.347,347.3,0.000236220472440945,54.3199999999999,55.6159999999999,55.3819999999999,53.4199999999999,37.3,31.7,27.4
"BOOI4","2022-05-27 01:00",52.898,90.1,0,0,4.843,346,0.00015748031496063,54.0679999999999,55.6339999999999,55.346,53.4199999999999,37.3,31.6,27.4
"BOOI4","2022-05-27 02:00",52.5739999999999,90.3,0,0,6.18,10.27,0.000354330708661417,53.798,55.58,55.346,53.4019999999999,37.3,31.6,27.4
"BOOI4","2022-05-27 03:00",49.856,94.8,0,0,5.401,344,7.8740157480315e-05,53.4019999999999,55.5259999999999,55.2919999999999,53.3839999999999,37.3,31.6,27.4
"BOOI4","2022-05-27 04:00",47.8939999999999,95.9,0,0,5.503,336.7,0,52.664,55.49,55.2919999999999,53.3839999999999,37.3,31.5,27.4
"BOOI4","2022-05-27 05:00",47.7499999999999,98.5,0,0,3.286,322,-0.00015748031496063,51.872,55.4359999999999,55.3099999999999,53.3839999999999,37.3,31.3,27.4
"BOOI4","2022-05-27 06:00",46.7599999999999,98.7,0,0,3.423,328.9,-0.00015748031496063,51.188,55.364,55.2739999999999,53.3659999999999,37.3,31.3,27.4
"BOOI4","2022-05-27 07:00",46.796,98.5,21376.8,0,3.358,316.7,0.000196850393700787,50.522,55.256,55.238,53.3659999999999,37.2,31.3,27.4
"BOOI4","2022-05-27 08:00",49.316,95.7,346320,0,5.32,310.5,0.00165354330708661,50.18,55.1839999999999,55.2019999999999,53.33,37.2,31,27.4
"BOOI4","2022-05-27 09:00",53.1859999999999,91.6,896040,0,7.627,309.3,0.00429133858267717,50.756,55.04,55.2019999999999,53.3839999999999,37.1,31,27.3
"BOOI4","2022-05-27 10:00",57.5419999999999,84.7,1528920,0,6.968,336.8,0.00830708661417323,52.4659999999999,54.914,55.1839999999999,53.3659999999999,37.1,31,27.3
"BOOI4","2022-05-27 11:00",59.7199999999999,73.75,2135520,0,6.64,345.5,0.0128346456692913,54.788,54.806,55.148,53.3659999999999,37.1,31,27.3
"BOOI4","2022-05-27 12:00",61.4839999999999,72.01,2647800,0,5.706,336.7,0.0167322834645669,57.614,54.68,55.1119999999999,53.3119999999999,37.1,31,27.3
"BOOI4","2022-05-27 13:00",64.1839999999999,65.58,3056400,0,5.655,327.2,0.0198818897637795,60.7279999999999,54.6439999999999,55.0939999999999,53.3119999999999,37.1,30.9,27.3
"BOOI4","2022-05-27 14:00",67.856,62.27,3290400,0,4.448,342.9,0.0224409448818898,63.7519999999999,54.6079999999999,55.0939999999999,53.3119999999999,37.1,30.9,27.3
"BOOI4","2022-05-27 15:00",69.0439999999999,59.92,3322800,0,3.189,346.2,0.0231496062992126,66.83,54.68,55.0579999999999,53.33,37.1,30.9,27.3
"BOOI4","2022-05-27 16:00",72.356,51.27,3150000,0,2.434,327.6,0.0224015748031496,69.422,54.8239999999999,54.9859999999999,53.3119999999999,37.1,30.9,27.4
"BOOI4","2022-05-27 17:00",74.606,49.45,2799000,0,2.599,69.92,0.0205905511811024,71.1859999999999,55.04,54.9859999999999,53.2939999999999,37.1,30.9,27.3
"BOOI4","2022-05-27 18:00",75.83,45.27,2162880,0,1.618,289.4,0.0155511811023622,72.5539999999999,55.3819999999999,54.9499999999999,53.2759999999999,37.2,30.9,27.3
"BOOI4","2022-05-27 19:00",76.3159999999999,42.74,1692000,0,2,211.9,0.0125984251968504,73.1659999999999,55.7239999999999,54.932,53.3119999999999,37.2,30.9,27.3
"BOOI4","2022-05-27 20:00",75.7759999999999,47.44,986400,0,1.709,140.7,0.00692913385826772,73.022,56.138,54.914,53.24,37.2,30.9,27.3
"BOOI4","2022-05-27 21:00",72.7519999999999,53.49,509760,0,4.702,177.3,0.0068503937007874,71.7619999999999,56.5699999999999,54.896,53.2759999999999,37.3,30.1,27.3
"BOOI4","2022-05-27 22:00",65.5519999999999,74.58,68184,0,3.351,181.8,0.000669291338582677,69.746,57.0199999999999,54.896,53.2579999999999,37.3,29.9,27.3
"BOOI4","2022-05-27 23:00",66.038,65.25,223.2,0,2.381,177.2,-0.000275590551181102,67.7119999999999,57.38,54.896,53.24,37.3,29.8,27.3
"BOOI4","2022-05-28 00:00",63.3199999999999,72.91,0,0,4.213,151.6,0.000551181102362205,65.8759999999999,57.74,54.896,53.24,37.3,29.7,27.3
"BOOI4","2022-05-28 01:00",60.8179999999999,77.9,0,0,3.582,173,-3.93700787401575e-05,64.2739999999999,58.0279999999999,54.914,53.222,37.4,29.7,27.3
"BOOI4","2022-05-28 02:00",60.1339999999999,79.06,0,0,3.405,180.8,-0.00031496062992126,62.9239999999999,58.19,54.9679999999999,53.24,37.4,28.8,27.3
"BOOI4","2022-05-28 03:00",58.874,81.5,0,0,4.128,173.1,-0.000118110236220472,61.772,58.3699999999999,55.0039999999999,53.222,37.4,28.4,27.3
"BOOI4","2022-05-28 04:00",59.072,81,0,0,5.226,175.1,0,60.746,58.4239999999999,55.0579999999999,53.222,37.4,28.4,27.3
"BOOI4","2022-05-28 05:00",57.6859999999999,84.8,0,0,5.171,171.7,-3.93700787401575e-05,59.972,58.4599999999999,55.0759999999999,53.2039999999999,37.4,28.2,27.3
"BOOI4","2022-05-28 06:00",57.4519999999999,86.2,0,0,4.175,173.8,-0.000354330708661417,59.2339999999999,58.4419999999999,55.148,53.1859999999999,37.4,28.2,27.3
"BOOI4","2022-05-28 07:00",58.8919999999999,81.6,11984.4,0,9.4,159.6,0.00271653543307087,58.73,58.4419999999999,55.2199999999999,53.1859999999999,37.3,28.1,27.2
"BOOI4","2022-05-28 08:00",59.54,83.1,225648,0,6.63,164,0.00326771653543307,58.388,58.3519999999999,55.256,53.1859999999999,37.3,27.8,27.2
"BOOI4","2022-05-28 09:00",63.3919999999999,77.13,603000,0,8.37,168.3,0.00610236220472441,58.64,58.28,55.3099999999999,53.1679999999999,37.3,27.7,27.2
"BOOI4","2022-05-28 10:00",67.9279999999999,69.8,1213920,0,13.02,170.4,0.0120866141732284,59.756,58.19,55.364,53.1499999999999,37.2,27.7,27.2
"BOOI4","2022-05-28 11:00",71.582,63.68,1458720,0,15.05,170,0.0160629921259842,61.3399999999999,58.064,55.3999999999999,53.1319999999999,37.2,27.6,27.2
"BOOI4","2022-05-28 12:00",73.2019999999999,68.94,929160,0.04,11.64,169.2,0.0120472440944882,62.3119999999999,58.0099999999999,55.4359999999999,53.1319999999999,37.2,27.5,27.2
"BOOI4","2022-05-28 13:00",77.5939999999999,53.22,2937600,0,21.79,186.1,0.0294488188976378,64.0759999999999,57.956,55.4539999999999,53.1319999999999,37.2,27.4,27.2
"BOOI4","2022-05-28 14:00",79.7539999999999,48.01,3214800,0,23.02,189.1,0.036496062992126,66.164,57.9199999999999,55.5259999999999,53.1499999999999,37.2,27.4,27.2
"BOOI4","2022-05-28 15:00",81.1759999999999,48.93,3243600,0,21.79,186.8,0.0377165354330709,68.9359999999999,57.956,55.5439999999999,53.1319999999999,37.2,27.4,27.2
"BOOI4","2022-05-28 16:00",83.3359999999999,48.21,3067200,0,20.72,189.8,0.0374803149606299,71.78,57.9919999999999,55.5259999999999,53.096,37.2,27.4,27.2
"BOOI4","2022-05-28 17:00",83.93,46.3,2719800,0,17.95,188.7,0.0347244094488189,74.1739999999999,58.1179999999999,55.58,53.114,37.2,27.3,27.2
"BOOI4","2022-05-28 18:00",84.164,46.18,2235960,0,18.05,187.3,0.0320866141732283,75.74,58.28,55.6339999999999,53.1319999999999,37.2,27.3,27.1
"BOOI4","2022-05-28 19:00",82.364,50.6,1674000,0,16.67,184.9,0.0270472440944882,76.3519999999999,58.5499999999999,55.6339999999999,53.114,37.3,27.3,27.1
"BOOI4","2022-05-28 20:00",80.798,53.43,795240,0,15.08,172.6,0.0186220472440945,76.0099999999999,58.838,55.6519999999999,53.0779999999999,37.3,27.2,27.1
"BOOI4","2022-05-28 21:00",78.08,58.53,545040,0,12.73,173,0.0140157480314961,74.93,59.198,55.6519999999999,53.096,37.3,27.1,27.1
"BOOI4","2022-05-28 22:00",74.2279999999999,65.46,62964,0,9.27,166.3,0.00307086614173228,73.472,59.522,55.7239999999999,53.114,37.4,27,27.1
"BOOI4","2022-05-28 23:00",71.4919999999999,71.47,234,0,9.98,156.7,0.00220472440944882,71.8519999999999,59.864,55.7239999999999,53.114,37.3,26.8,27.1
"BOOI4","2022-05-29 00:00",69.1519999999999,77.6,0,0,9.09,149.9,0.00141732283464567,70.3939999999999,60.1339999999999,55.7599999999999,53.114,37.4,26.8,27.1
"BOOI4","2022-05-29 01:00",67.1179999999999,83.4,0,0,8.16,149.7,0.000866141732283465,69.1519999999999,60.3859999999999,55.814,53.1319999999999,37.4,26.8,27.1
"BOOI4","2022-05-29 02:00",67.4599999999999,83.7,0,0,9.8,153.4,0.000748031496062992,68.09,60.5839999999999,55.8499999999999,53.096,37.4,26.7,27.1
"BOOI4","2022-05-29 03:00",66.2179999999999,87.1,0,0,9.26,151.9,0.00047244094488189,67.2079999999999,60.7279999999999,55.922,53.1319999999999,37.4,26.6,27.1
"BOOI4","2022-05-29 04:00",66.4699999999999,87.9,0,0,9.34,152,0.000393700787401575,66.5599999999999,60.7999999999999,55.9759999999999,53.114,37.4,26.5,27.1
"BOOI4","2022-05-29 05:00",66.8659999999999,87.1,0,0,7.536,146.5,0.000196850393700787,66.0739999999999,60.8539999999999,56.03,53.114,37.4,26.5,27.1
"BOOI4","2022-05-29 06:00",67.064,86.7,0,0,9.38,147.4,0.000393700787401575,65.5699999999999,60.9079999999999,56.1019999999999,53.114,37.4,26.5,27.1
"BOOI4","2022-05-29 07:00",68.6659999999999,81.6,8164.8,0,12.61,160.2,0.00397637795275591,65.1919999999999,60.89,56.1919999999999,53.096,37.4,26.4,27.1
"BOOI4","2022-05-29 08:00",68.756,81.1,93420,0,14.93,170.2,0.00582677165354331,65.03,60.872,56.2279999999999,53.1319999999999,37.4,26.2,27.1
"BOOI4","2022-05-29 09:00",69.08,81.2,167148,0,13.01,165.5,0.00535433070866142,64.9759999999999,60.89,56.2819999999999,53.114,37.3,26.2,27.1
"BOOI4","2022-05-29 10:00",69.296,80.6,514800,0,17.44,158.2,0.00858267716535433,65.3539999999999,60.8179999999999,56.3539999999999,53.1319999999999,37.3,25.9,27.1
"BOOI4","2022-05-29 11:00",66.938,89.5,155412,0.02,20.48,157.5,0.00535433070866142,65.3539999999999,60.8179999999999,56.4079999999999,53.114,37.3,25.9,27.1
"BOOI4","2022-05-29 12:00",70.988,85.2,1398240,0,18.66,142.2,0.00984251968503937,65.39,60.7819999999999,56.498,53.114,37.3,25.9,27.1
"BOOI4","2022-05-29 13:00",72.68,79.67,2605680,0,21.11,153.2,0.0183858267716536,67.514,60.746,56.5339999999999,53.114,37.3,25.8,27.1
"BOOI4","2022-05-29 14:00",77.7919999999999,70.04,2717640,0,20.38,166.6,0.0224803149606299,69.8539999999999,60.7099999999999,56.588,53.114,37.3,25.8,27.1
"BOOI4","2022-05-29 15:00",78.098,68.49,2567880,0,19.64,166.9,0.0243700787401575,72.374,60.7279999999999,56.606,53.096,37.3,25.7,27.1
"BOOI4","2022-05-29 16:00",79.9339999999999,68.19,1859760,0,20.32,165.2,0.0223622047244094,74.1019999999999,60.7999999999999,56.6419999999999,53.1319999999999,37.3,25.6,27.1
"BOOI4","2022-05-29 17:00",81.6439999999999,66.85,1103760,0,16.62,164.8,0.0173622047244095,74.372,60.9079999999999,56.696,53.1319999999999,37.3,25.6,27.1
"BOOI4","2022-05-29 18:00",82.688,62.9,1141200,0,16.12,171.9,0.0185826771653543,74.624,61.0699999999999,56.7499999999999,53.1319999999999,37.3,25.6,27.1
"BOOI4","2022-05-29 19:00",83.4439999999999,57.98,1365480,0,19.67,180.8,0.0231889763779528,75.0739999999999,61.2319999999999,56.8039999999999,53.1679999999999,37.4,25.5,27.1
"BOOI4","2022-05-29 20:00",82.8499999999999,59.25,887040,0,17.57,181.8,0.0193307086614173,75.3259999999999,61.4659999999999,56.7859999999999,53.1499999999999,37.4,25.4,27.1
"BOOI4","2022-05-29 21:00",80.33,61.87,256932,0,11.6,177.1,0.01,74.8039999999999,61.7179999999999,56.8759999999999,53.1679999999999,37.3,25.3,27.1
"BOOI4","2022-05-29 22:00",77.8819999999999,65.07,69948,0,9.66,174.3,0.00334645669291339,73.8679999999999,61.9519999999999,56.9119999999999,53.1679999999999,37.4,25.2,27.1
"BOOI4","2022-05-29 23:00",76.496,65.79,244.8,0,8.82,154.8,0.00228346456692913,72.7159999999999,62.1679999999999,56.9659999999999,53.1679999999999,37.4,25.2,27.1
"BOOI4","2022-05-30 00:00",77.1439999999999,59.67,0,0,9.77,161.7,0.00263779527559055,71.7259999999999,62.3659999999999,57.0019999999999,53.1679999999999,37.4,25,27.1
"BOOI4","2022-05-30 01:00",74.7679999999999,64.63,0,0,11.39,159.1,0.00322834645669291,70.9159999999999,62.564,57.038,53.1679999999999,37.4,25,27.1
"BOOI4","2022-05-30 02:00",74.39,70.28,0,0,11.72,159.4,0.00259842519685039,70.196,62.7079999999999,57.0919999999999,53.1859999999999,37.4,25,27.1
"BOOI4","2022-05-30 03:00",73.346,75.08,0,0,13.92,157.8,0.00216535433070866,69.548,62.798,57.182,53.2039999999999,37.4,25,27.1
"BOOI4","2022-05-30 04:00",73.9759999999999,73.77,0,0,15.46,173.3,0.00232283464566929,68.99,62.888,57.2179999999999,53.222,37.4,24.9,27.1
"BOOI4","2022-05-30 05:00",73.706,74.46,3.6,0,17.46,181.2,0.00251968503937008,68.63,62.9239999999999,57.29,53.24,37.4,24.8,27.1
"BOOI4","2022-05-30 06:00",73.0939999999999,76.79,0,0,20.65,182.7,0.00248031496062992,68.414,62.9419999999999,57.3619999999999,53.24,37.4,24.8,27.1
"BOOI4","2022-05-30 07:00",72.4279999999999,79.37,11631.6,0,17.72,181.1,0.00724409448818898,68.198,62.9419999999999,57.4519999999999,53.2579999999999,37.4,24.7,27.1
"BOOI4","2022-05-30 08:00",71.996,81.4,118872,0,15.02,185.8,0.0062992125984252,67.9999999999999,62.9419999999999,57.488,53.2759999999999,37.4,24.7,27.1
"BOOI4","2022-05-30 09:00",74.7859999999999,76.87,553320,0,17.02,183,0.00897637795275591,68.0359999999999,62.9419999999999,57.5599999999999,53.2759999999999,37.4,24.7,27.1
"BOOI4","2022-05-30 10:00",77.5939999999999,69.96,1142280,0,17.76,184.4,0.0144094488188976,68.8099999999999,62.906,57.614,53.2939999999999,37.3,24.6,27.1
"BOOI4","2022-05-30 11:00",80.546,60.39,1956960,0,15.54,176.5,0.0213385826771654,70.646,62.906,57.6499999999999,53.2939999999999,37.3,24.5,27.1
"BOOI4","2022-05-30 12:00",84.3619999999999,53.57,2552400,0,21.13,189,0.0316535433070866,72.9859999999999,62.888,57.722,53.2939999999999,37.3,24.5,27.1
"BOOI4","2022-05-30 13:00",83.9839999999999,49.36,2426400,0,21.1,186,0.0346062992125984,75.3079999999999,62.888,57.7759999999999,53.3119999999999,37.3,24.5,27.1
"BOOI4","2022-05-30 14:00",87.0259999999999,43.71,3204000,0,21.61,177.4,0.041259842519685,77.414,62.9419999999999,57.848,53.3119999999999,37.3,24.5,27.1
"BOOI4","2022-05-30 15:00",89.564,38.82,3250800,0,21.74,177.7,0.0451181102362205,79.7899999999999,63.0859999999999,57.8659999999999,53.348,37.4,24.4,27.1
"BOOI4","2022-05-30 16:00",89.9779999999999,39.82,3013200,0,24.97,182.9,0.0473622047244095,81.59,63.248,57.9199999999999,53.348,37.3,24.4,27.1
"BOOI4","2022-05-30 17:00",88.556,46.2,2536560,0,27.49,189.1,0.0449212598425197,82.6339999999999,63.4819999999999,57.956,53.348,37.3,24.4,27.1
"BOOI4","2022-05-30 18:00",86.5399999999999,51.34,1734120,0,27.67,200.3,0.0354724409448819,82.7239999999999,63.788,57.9919999999999,53.3839999999999,37.4,24.3,27.1
"BOOI4","2022-05-30 19:00",85.0279999999999,52.92,1127160,0,26.94,190.2,0.0291732283464567,82.1659999999999,64.0939999999999,58.082,53.3659999999999,37.4,24.3,27.1
"BOOI4","2022-05-30 20:00",83.282,57.51,579600,0,24.98,186.8,0.0232283464566929,81.1939999999999,64.4359999999999,58.082,53.3839999999999,37.4,24.3,27.1
"BOOI4","2022-05-30 21:00",80.9419999999999,63.12,203400,0,22.58,184.8,0.0175196850393701,79.898,64.7599999999999,58.1539999999999,53.4199999999999,37.5,24.3,27.1
"BOOI4","2022-05-30 22:00",79.3579999999999,67.9,58356,0,21.28,183,0.00476377952755906,78.5839999999999,65.0839999999999,58.19,53.4199999999999,37.5,24.2,27.1
"BOOI4","2022-05-30 23:00",78.0079999999999,72.3,324,0,18.47,181.4,0.00338582677165354,77.3779999999999,65.3539999999999,58.298,53.438,37.5,24.2,27.1
"BOOI4","2022-05-31 00:00",76.964,73.16,0,0,18.79,188.9,0.0028740157480315,76.28,65.606,58.3519999999999,53.4739999999999,37.5,24.1,27.1
"BOOI4","2022-05-31 01:00",63.446,86,0,0.06,20.32,248.6,0.00244094488188976,75.1099999999999,65.8039999999999,58.406,53.456,37.5,24,27.2
"BOOI4","2022-05-31 02:00",63.3019999999999,93.8,0,0.01,13.68,213,0.000511811023622047,73.2019999999999,65.8939999999999,58.496,53.4919999999999,37.5,24,27.2
"BOOI4","2022-05-31 03:00",63.014,93.6,0,0,9.4,215.2,3.93700787401575e-05,71.4919999999999,65.9839999999999,58.5859999999999,53.4919999999999,37.5,24,27.2
"BOOI4","2022-05-31 04:00",62.6179999999999,96,0,0,8.74,202.9,-0.00015748031496063,70.196,66.0019999999999,58.6939999999999,53.5099999999999,37.5,24,27.2
"BOOI4","2022-05-31 05:00",62.1679999999999,97.4,0,0,6.945,188,-0.000393700787401575,69.1159999999999,66.0019999999999,58.748,53.546,37.5,23.9,27.2
"BOOI4","2022-05-31 06:00",61.6099999999999,97.1,0,0,5.687,181.6,-0.00047244094488189,68.18,65.948,58.856,53.564,37.4,23.9,27.2
"BOOI4","2022-05-31 07:00",62.348,99,3517.2,0,7.518,198.1,0.000275590551181102,67.2619999999999,65.8759999999999,58.9099999999999,53.546,37.4,23.8,27.2
"BOOI4","2022-05-31 08:00",63.8419999999999,95.4,127116,0,10.82,216.9,0.00122047244094488,66.7039999999999,65.732,59.0539999999999,53.564,37.4,23.8,27.2
"BOOI4","2022-05-31 09:00",64.9039999999999,95.1,511920,0,10.8,226.1,0.00346456692913386,66.5599999999999,65.624,59.1079999999999,53.5999999999999,37.4,23.7,27.2
"BOOI4","2022-05-31 10:00",67.4599999999999,81.9,1092240,0,11.9,229.8,0.00755905511811024,66.9199999999999,65.4259999999999,59.1619999999999,53.6359999999999,37.3,23.7,27.2
"BOOI4","2022-05-31 11:00",68.3239999999999,69.29,1622880,0,12.42,238.7,0.0135433070866142,67.838,65.282,59.2339999999999,53.6539999999999,37.3,23.7,27.2
"BOOI4","2022-05-31 12:00",70.7359999999999,67.05,2505960,0,11.33,238.7,0.0192913385826772,69.5839999999999,65.0839999999999,59.306,53.672,37.4,23.6,27.2
"BOOI4","2022-05-31 13:00",71.2759999999999,62.65,2259360,0,12.97,240.4,0.0200787401574803,71.9419999999999,64.9759999999999,59.3599999999999,53.6539999999999,37.3,23.6,27.2
"BOOI4","2022-05-31 14:00",71.888,55.87,1567440,0,15.8,254.3,0.0194488188976378,72.788,64.8679999999999,59.396,53.69,37.3,23.6,27.2
"BOOI4","2022-05-31 15:00",75.1279999999999,49.72,2016000,0,17.33,252.7,0.025,73.6519999999999,64.814,59.4499999999999,53.7079999999999,37.3,23.6,27.2
"BOOI4","2022-05-31 16:00",77.5759999999999,43.8,2742120,0,19.13,263.9,0.0322834645669291,75.2359999999999,64.814,59.4679999999999,53.7079999999999,37.3,23.6,27.2
"BOOI4","2022-05-31 17:00",76.946,46.98,2527920,0,18.38,270.8,0.0317322834645669,77.2699999999999,64.8499999999999,59.522,53.7619999999999,37.3,23.6,27.2
"BOOI4","2022-05-31 18:00",78.6019999999999,47.22,1964160,0,16.09,286.6,0.0260629921259843,77.9539999999999,64.94,59.54,53.7619999999999,37.3,23.6,27.3
"BOOI4","2022-05-31 19:00",78.098,45.24,1832040,0,15.19,285.4,0.025748031496063,78.548,65.048,59.5759999999999,53.78,37.3,23.6,27.3
"BOOI4","2022-05-31 20:00",77.4859999999999,44.1,995760,0,12.73,283.1,0.0190944881889764,78.3859999999999,65.2099999999999,59.6119999999999,53.798,37.3,23.5,27.3
"BOOI4","2022-05-31 21:00",73.4539999999999,57.45,537840,0,11.88,302.4,0.0138582677165354,77.3779999999999,65.4259999999999,59.63,53.8339999999999,37.3,23.5,27.3
"BOOI4","2022-05-31 22:00",69.53,63.32,108360,0,9.58,313.7,0.00299212598425197,75.9199999999999,65.624,59.6659999999999,53.8339999999999,37.3,23.4,27.3
"BOOI4","2022-05-31 23:00",67.1539999999999,66.89,374.4,0,5.735,320.4,0.00137795275590551,74.282,65.822,59.6839999999999,53.8699999999999,37.3,23.4,27.3
"BOOI4","2022-06-01 00:00",64.3279999999999,72.34,0,0,5.522,325.3,0.000905511811023622,72.7519999999999,65.9659999999999,59.756,53.906,37.3,23.4,27.3
"BOOI4","2022-06-01 01:00",61.448,77.43,0,0,7.368,333.1,0.000905511811023622,71.222,66.0739999999999,59.7739999999999,53.9239999999999,37.3,23.3,27.3
"BOOI4","2022-06-01 02:00",58.6039999999999,80.4,0,0,6.314,335.7,0.00047244094488189,69.7999999999999,66.146,59.8279999999999,53.9239999999999,37.3,23.3,27.3
"BOOI4","2022-06-01 03:00",57.4159999999999,82.5,0,0,4.135,334.4,-0.000118110236220472,68.4859999999999,66.1819999999999,59.864,53.9599999999999,37.3,23.3,27.3
"BOOI4","2022-06-01 04:00",56.246,84.5,0,0,5.662,343.9,3.93700787401575e-05,67.3159999999999,66.1279999999999,59.9179999999999,53.996,37.3,23.3,27.3
"BOOI4","2022-06-01 05:00",54.6619999999999,88,0,0,3.564,344.3,-0.000433070866141732,66.2359999999999,66.0919999999999,59.9359999999999,54.014,37.3,23.3,27.3
"BOOI4","2022-06-01 06:00",53.6179999999999,90.1,0,0,2.411,355.8,-0.00078740157480315,65.3179999999999,65.948,59.99,53.996,37.3,23.3,27.3
"BOOI4","2022-06-01 07:00",52.7359999999999,92,7401.6,0,2.107,318.2,0.000433070866141732,64.4359999999999,65.8039999999999,60.0439999999999,54.0499999999999,37.2,23.2,27.3
"BOOI4","2022-06-01 08:00",53.9239999999999,91.4,156492,0,4.218,290.3,0.00149606299212598,63.698,65.6599999999999,60.0619999999999,54.0859999999999,37.2,23.2,27.3
"BOOI4","2022-06-01 09:00",55.94,83.1,483840,0,5.078,322.9,0.0037007874015748,63.4099999999999,65.4439999999999,60.1339999999999,54.1039999999999,37.2,23.2,27.3
"BOOI4","2022-06-01 10:00",59.0539999999999,70.9,1132560,0,6.729,357,0.00846456692913386,63.8779999999999,65.2279999999999,60.188,54.1039999999999,37.2,23.2,27.3
"BOOI4","2022-06-01 11:00",63.014,63.19,1930320,0,7.483,7.965,0.0143307086614173,65.138,64.9939999999999,60.206,54.122,37.1,23.1,27.3
"BOOI4","2022-06-01 12:00",64.0939999999999,57.5,2446200,0,6.74,1.392,0.0182677165354331,67.532,64.814,60.2419999999999,54.1579999999999,37.1,23.1,27.3
"BOOI4","2022-06-01 13:00",66.1279999999999,54.26,2669040,0,5.398,2.421,0.0197244094488189,70.232,64.6159999999999,60.2599999999999,54.1759999999999,37.1,23.1,27.3
"BOOI4","2022-06-01 14:00",66.4159999999999,53.13,3308400,0,5.279,351.4,0.0237007874015748,73.3999999999999,64.472,60.2599999999999,54.2119999999999,37.1,23.1,27.3
"BOOI4","2022-06-01 15:00",69.3499999999999,46.31,3250800,0,6.864,318.4,0.025236220472441,76.4599999999999,64.3999999999999,60.2779999999999,54.2119999999999,37.1,23.1,27.3
"BOOI4","2022-06-01 16:00",68.7919999999999,45.46,2231280,0,6.97,307.5,0.0208661417322835,78.3679999999999,64.4359999999999,60.2779999999999,54.23,37.1,23,27.3
"BOOI4","2022-06-01 17:00",70.0159999999999,42.89,978840,0,5.541,343.6,0.012992125984252,78.0079999999999,64.5619999999999,60.2779999999999,54.2839999999999,37.1,23,27.3
"BOOI4","2022-06-01 18:00",71.582,40.77,1643760,0,5.913,340.2,0.0164173228346457,77.414,64.7419999999999,60.296,54.2839999999999,37.1,23,27.3
"BOOI4","2022-06-01 19:00",73.13,37.91,1790280,0,8.54,311.5,0.0198031496062992,77.7199999999999,64.9939999999999,60.2779999999999,54.3019999999999,37.1,23,27.3
"BOOI4","2022-06-01 20:00",71.3119999999999,39.8,990360,0,11.22,305,0.0173228346456693,77.4859999999999,65.246,60.2599999999999,54.3199999999999,37.2,23,27.3
"BOOI4","2022-06-01 21:00",67.6939999999999,46.95,515520,0,8.91,337.2,0.0111023622047244,76.2079999999999,65.5159999999999,60.296,54.338,37.1,22.9,27.3
"BOOI4","2022-06-01 22:00",63.8419999999999,51.49,108576,0,6.289,339.6,0.00259842519685039,74.48,65.714,60.296,54.374,37.2,22.9,27.2
"BOOI4","2022-06-01 23:00",59.2339999999999,60.54,522,0,2.224,316.3,3.93700787401575e-05,72.5179999999999,65.93,60.314,54.3919999999999,37.2,22.9,27.2
"BOOI4","2022-06-02 00:00",59.3599999999999,58.76,0,0,1.993,314.9,-0.000275590551181102,70.7359999999999,66.1099999999999,60.332,54.4099999999999,37.2,22.9,27.2
"BOOI4","2022-06-02 01:00",57.7579999999999,55.29,0,0,4.785,340.3,0.00118110236220473,69.1159999999999,66.2179999999999,60.3499999999999,54.464,37.2,22.9,27.2
"BOOI4","2022-06-02 02:00",56.138,55.97,0,0,4.328,345.7,0.000984251968503937,67.6579999999999,66.2539999999999,60.3859999999999,54.464,37.2,22.9,27.2
"BOOI4","2022-06-02 03:00",54.6439999999999,57.5,0,0,3.811,345.2,0.000669291338582677,66.3259999999999,66.2359999999999,60.4039999999999,54.4819999999999,37.1,22.9,27.3
"BOOI4","2022-06-02 04:00",51.098,67.04,0,0,0.88,320.5,-0.00114173228346457,65.0839999999999,66.164,60.4759999999999,54.5179999999999,37.1,22.9,27.3
"BOOI4","2022-06-02 05:00",52.538,62.07,0,0,3.038,305.8,0.000118110236220472,63.914,66.056,60.5119999999999,54.5539999999999,37.1,22.8,27.2
"BOOI4","2022-06-02 06:00",50.63,68.87,0,0,3.358,294,0.000118110236220472,62.8339999999999,65.8939999999999,60.566,54.572,37.1,22.8,27.2
"BOOI4","2022-06-02 07:00",49.874,73.8,23536.8,0,5.432,286.8,0.00263779527559055,61.8439999999999,65.6779999999999,60.5839999999999,54.572,37,22.8,27.3
"BOOI4","2022-06-02 08:00",54.3019999999999,64.65,347760,0,7.247,284,0.00492125984251969,61.1419999999999,65.4619999999999,60.6199999999999,54.572,37,22.8,27.3
"BOOI4","2022-06-02 09:00",60.9439999999999,53.56,928800,0,8.24,286.3,0.01,61.2499999999999,65.246,60.656,54.6079999999999,37,22.7,27.3
"BOOI4","2022-06-02 10:00",64.94,44,1569240,0,8.94,282.7,0.0164566929133858,62.5999999999999,64.9579999999999,60.6919999999999,54.6259999999999,36.9,22.7,27.3
"BOOI4","2022-06-02 11:00",67.5499999999999,40.81,2179440,0,10.25,281.6,0.0218897637795276,64.832,64.7239999999999,60.6919999999999,54.6619999999999,36.9,22.7,27.3
"BOOI4","2022-06-02 12:00",70.1779999999999,33.25,2700000,0,11.28,282.5,0.0274803149606299,67.514,64.4359999999999,60.7099999999999,54.6619999999999,36.9,22.7,27.3
"BOOI4","2022-06-02 13:00",72.8599999999999,31.35,3121200,0,10.7,281.8,0.0311417322834646,70.5019999999999,64.2919999999999,60.7099999999999,54.698,37,22.6,27.3
"BOOI4","2022-06-02 14:00",75.4159999999999,27.27,3358800,0,11.73,285.2,0.0347244094488189,73.5259999999999,64.148,60.7099999999999,54.7159999999999,37,22.6,27.3
"BOOI4","2022-06-02 15:00",76.7839999999999,23.86,3362400,0,12.13,290.2,0.036496062992126,76.0099999999999,64.1119999999999,60.7099999999999,54.7159999999999,36.9,22.6,27.3
"BOOI4","2022-06-02 16:00",76.6939999999999,24.61,3268800,0,14.21,287.7,0.0384251968503937,78.1339999999999,64.1659999999999,60.6739999999999,54.7519999999999,36.9,22.6,27.3
"BOOI4","2022-06-02 17:00",77.396,24.72,2908800,0,13.98,291.2,0.0367322834645669,79.538,64.2739999999999,60.6739999999999,54.7699999999999,36.9,22.6,27.2
"BOOI4","2022-06-02 18:00",78.6919999999999,23.61,2198520,0,13.63,289,0.0324409448818898,80.1319999999999,64.5079999999999,60.6739999999999,54.788,36.9,22.6,27.3
"BOOI4","2022-06-02 19:00",77.7019999999999,24.77,1419480,0,13.16,295,0.0270866141732284,79.9159999999999,64.7419999999999,60.6739999999999,54.806,37,22.6,27.3
"BOOI4","2022-06-02 20:00",77.5399999999999,23.99,942120,0,12.86,299.1,0.0234645669291339,78.7999999999999,64.9939999999999,60.638,54.8419999999999,37,22.6,27.2
"BOOI4","2022-06-02 21:00",75.506,27.84,563040,0,10.05,298.4,0.0174015748031496,77.5039999999999,65.264,60.638,54.8599999999999,37,22.6,27.2
"BOOI4","2022-06-02 22:00",67.7839999999999,39.23,98496,0,4.952,291.9,0.00346456692913386,75.8659999999999,65.5159999999999,60.656,54.8599999999999,37.1,22.6,27.2
"BOOI4","2022-06-02 23:00",65.1019999999999,42.79,622.8,0,2.733,268.2,0.000866141732283465,73.9039999999999,65.7859999999999,60.638,54.8779999999999,37.1,22.6,27.3
"BOOI4","2022-06-03 00:00",63.8779999999999,44.72,0,0,3.52,271.2,0.00106299212598425,72.0679999999999,65.9659999999999,60.656,54.896,37.1,22.6,27.3
"BOOI4","2022-06-03 01:00",59.0359999999999,55.67,0,0,4.438,266.7,0.00133858267716536,70.43,66.1099999999999,60.656,54.914,37.1,22.5,27.3
"BOOI4","2022-06-03 02:00",60.656,50.36,0,0,5.643,277.7,0.00200787401574803,69.0079999999999,66.1819999999999,60.6919999999999,54.932,37.1,22.5,27.3
"BOOI4","2022-06-03 03:00",57.722,59.02,0,0,4.873,261.4,0.000984251968503937,67.73,66.1999999999999,60.7279999999999,54.9499999999999,37,22.5,27.3
"BOOI4","2022-06-03 04:00",58.838,55.97,0,0,6.771,279.9,0.0018503937007874,66.614,66.1819999999999,60.764,54.9859999999999,37.1,22.5,27.3
"BOOI4","2022-06-03 05:00",58.8019999999999,54.89,0,0,4.867,275.9,0.00102362204724409,65.588,66.1279999999999,60.7999999999999,54.9859999999999,37.1,22.5,27.3
"BOOI4","2022-06-03 06:00",58.838,51,0,0,7.183,286.7,0.00177165354330709,64.6699999999999,66.0019999999999,60.8179999999999,54.9679999999999,37,22.5,27.3
"BOOI4","2022-06-03 07:00",57.0739999999999,54.29,21074.4,0,6.292,303,0.00586614173228346,63.8779999999999,65.9119999999999,60.89,55.022,37,22.4,27.3
"BOOI4","2022-06-03 08:00",62.3839999999999,50.54,344880,0,3.36,305.5,0.00492125984251969,63.3199999999999,65.7499999999999,60.89,55.0579999999999,37,22.4,27.3
"BOOI4","2022-06-03 09:00",66.2359999999999,44.07,922320,0,4.015,332.5,0.00980314960629921,63.5899999999999,65.5519999999999,60.9259999999999,55.0939999999999,37,22.4,27.3
"BOOI4","2022-06-03 10:00",68.5579999999999,39.75,1579680,0,6.194,354.9,0.016496062992126,64.8679999999999,65.372,60.9619999999999,55.0579999999999,36.9,22.3,27.3
"BOOI4","2022-06-03 11:00",71.6539999999999,34.23,2198880,0,6.441,13.22,0.0215354330708661,66.9019999999999,65.1739999999999,60.998,55.1119999999999,36.9,22.3,27.3
"BOOI4","2022-06-03 12:00",73.832,28,2738880,0,5.685,3.414,0.0255511811023622,69.6199999999999,65.0119999999999,60.998,55.1119999999999,36.9,22.3,27.3
"BOOI4","2022-06-03 13:00",74.3539999999999,27.61,3142800,0,5.761,354.2,0.0287007874015748,72.7339999999999,64.8499999999999,61.0339999999999,55.13,36.9,22.3,27.3
"BOOI4","2022-06-03 14:00",76.3339999999999,25.66,3380400,0,7.468,320.2,0.0325984251968504,75.7759999999999,64.796,61.0159999999999,55.148,36.9,22.3,27.3
"BOOI4","2022-06-03 15:00",77.0539999999999,24,3423600,0,9.09,281.6,0.0351968503937008,78.3859999999999,64.7599999999999,61.0339999999999,55.1659999999999,36.9,22.3,27.3
"BOOI4","2022-06-03 16:00",78.6019999999999,21.16,3247200,0,7.416,306.9,0.0324803149606299,80.564,64.832,61.0159999999999,55.2019999999999,36.9,22.3,27.3
"BOOI4","2022-06-03 17:00",80.24,21.72,2875320,0,6.847,291.5,0.0296850393700787,82.1659999999999,64.9939999999999,61.0339999999999,55.2199999999999,36.9,22.2,27.3
"BOOI4","2022-06-03 18:00",80.24,21.28,2368440,0,4.861,327.8,0.0233464566929134,83.156,65.2099999999999,61.0159999999999,55.238,37,22.2,27.3
"BOOI4","2022-06-03 19:00",79.0339999999999,22.91,1768320,0,3.184,27.75,0.0162204724409449,83.4619999999999,65.498,61.0159999999999,55.2019999999999,36.9,22.2,27.3
"BOOI4","2022-06-03 20:00",77.648,24.09,896760,0,5.013,41.25,0.012755905511811,82.8859999999999,65.8039999999999,61.0159999999999,55.256,37,22.2,27.3
"BOOI4","2022-06-03 21:00",75.056,23.53,491400,0,4.687,33.6,0.00905511811023622,81.1939999999999,66.1819999999999,61.0159999999999,55.256,37,22.2,27.3
"BOOI4","2022-06-03 22:00",67.3699999999999,35.3,42768,0,4.298,45.05,0.00299212598425197,79.0159999999999,66.506,61.0339999999999,55.2739999999999,37.1,22.2,27.3
"BOOI4","2022-06-03 23:00",66.3079999999999,41.42,306,0,2.657,58.13,0.00102362204724409,77.0539999999999,66.8119999999999,61.0699999999999,55.2919999999999,37.1,22.2,27.3
"BOOI4","2022-06-04 00:00",65.6779999999999,39.53,0,0,3.838,76.36,0.0018503937007874,75.38,67.064,61.088,55.3279999999999,37.1,22.2,27.3
"BOOI4","2022-06-04 01:00",66.6859999999999,35.36,0,0,3.051,54.67,0.00118110236220473,74.03,67.28,61.106,55.364,37.1,22.2,27.3
"BOOI4","2022-06-04 02:00",65.48,39.94,0,0,2.855,32.78,0.00110236220472441,72.914,67.4239999999999,61.1419999999999,55.346,37.1,22.2,27.3
"BOOI4","2022-06-04 03:00",63.2659999999999,44.9,0,0,5.546,97.7,0.00224409448818898,71.78,67.532,61.1779999999999,55.3819999999999,37.1,22.2,27.3
"BOOI4","2022-06-04 04:00",61.5919999999999,55.15,0,0,3.924,115.9,0.00149606299212598,70.646,67.532,61.2499999999999,55.3819999999999,37.1,22.2,27.3
"BOOI4","2022-06-04 05:00",62.0599999999999,52.1,0,0,4.212,71.21,0.00118110236220473,69.872,67.514,61.2859999999999,55.3819999999999,37.1,22.2,27.3
"BOOI4","2022-06-04 06:00",61.6279999999999,52.65,0,0,3.633,77.18,0.000866141732283465,69.2239999999999,67.4599999999999,61.3399999999999,55.3819999999999,37.1,22.2,27.3
"BOOI4","2022-06-04 07:00",61.2499999999999,56.74,7297.2,0,4.899,86.5,0.00456692913385827,68.5039999999999,67.406,61.4119999999999,55.4359999999999,37.1,22.2,27.3
"BOOI4","2022-06-04 08:00",61.196,63,111168,0,4.778,97.1,0.00456692913385827,67.946,67.3159999999999,61.4659999999999,55.4539999999999,37.1,22.1,27.3
"BOOI4","2022-06-04 09:00",61.538,67.84,228384,0,5.703,107.7,0.0052755905511811,67.6939999999999,67.19,61.5199999999999,55.472,37,22.1,27.3
"BOOI4","2022-06-04 10:00",65.7499999999999,69.72,1184760,0,5.787,106.8,0.0100393700787402,67.9099999999999,67.046,61.556,55.472,37,22.1,27.3
"BOOI4","2022-06-04 11:00",67.4779999999999,67.69,1682640,0,6.807,88.5,0.0137007874015748,69.7099999999999,66.9199999999999,61.5919999999999,55.49,37,22.1,27.3
"BOOI4","2022-06-04 12:00",68.5579999999999,65.25,1454400,0,8.22,91.7,0.0136614173228346,71.24,66.7579999999999,61.646,55.49,37,22.1,27.3
"BOOI4","2022-06-04 13:00",73.796,59.85,2104920,0,8.61,87.7,0.0190157480314961,72.356,66.6679999999999,61.664,55.5259999999999,37,22.1,27.3
"BOOI4","2022-06-04 14:00",75.848,50.71,1247400,0,6.44,157.8,0.0150787401574803,74.156,66.5779999999999,61.6999999999999,55.5439999999999,36.9,22.1,27.3
"BOOI4","2022-06-04 15:00",75.2539999999999,52.85,785160,0,8.28,197.3,0.0142913385826772,74.624,66.5419999999999,61.7359999999999,55.5439999999999,36.9,22,27.3
"BOOI4","2022-06-04 16:00",74.3179999999999,53.31,566640,0,8.64,172.2,0.0125590551181102,74.4619999999999,66.5419999999999,61.772,55.58,36.9,22,27.3
"BOOI4","2022-06-04 17:00",74.8579999999999,47.89,594360,0,11.23,183.9,0.0153937007874016,73.94,66.596,61.772,55.598,37,22,27.3
"BOOI4","2022-06-04 18:00",73.7419999999999,50.09,315720,0,9.53,194.7,0.0130314960629921,73.4359999999999,66.6499999999999,61.8079999999999,55.6159999999999,37,22,27.2
"BOOI4","2022-06-04 19:00",73.022,53.77,363960,0,7.547,160,0.0104724409448819,72.9679999999999,66.722,61.79,55.6339999999999,37,22,27.2
"BOOI4","2022-06-04 20:00",69.44,68.78,203652,0.01,6.215,143.9,0.00704724409448819,72.5179999999999,66.7759999999999,61.8079999999999,55.6159999999999,37,22,27.2
"BOOI4","2022-06-04 21:00",67.0279999999999,84.2,204444,0,5.78,88.8,0.00196850393700787,71.672,66.83,61.8259999999999,55.6519999999999,37,22,27.3
"BOOI4","2022-06-04 22:00",63.7519999999999,87.7,75132,0,6.313,102.6,0.00114173228346457,70.8079999999999,66.8659999999999,61.8439999999999,55.6519999999999,37,21.9,27.2
"BOOI4","2022-06-04 23:00",62.1499999999999,91.5,493.2,0,5.022,84.2,0.000551181102362205,69.6919999999999,66.9019999999999,61.8619999999999,55.688,37,21.9,27.2
"BOOI4","2022-06-05 00:00",61.9699999999999,91.1,0,0,5.206,83.5,0.000511811023622047,68.8099999999999,66.8659999999999,61.898,55.7239999999999,37,21.9,27.2
"BOOI4","2022-06-05 01:00",61.7539999999999,91.8,0,0,4.699,93.8,0.000433070866141732,67.9999999999999,66.8839999999999,61.88,55.7239999999999,37,21.9,27.3
"BOOI4","2022-06-05 02:00",61.9159999999999,90.8,0,0,2.815,121.8,0.00031496062992126,67.3699999999999,66.83,61.9159999999999,55.7239999999999,36.9,21.9,27.2
"BOOI4","2022-06-05 03:00",60.3499999999999,91.9,0,0,1.456,105,0.000196850393700787,66.6499999999999,66.74,61.9159999999999,55.7419999999999,36.9,21.9,27.2
"BOOI4","2022-06-05 04:00",60.2779999999999,92.5,0,0,1.718,135.1,0.000196850393700787,65.8759999999999,66.6499999999999,61.9519999999999,55.7599999999999,36.9,21.9,27.3
"BOOI4","2022-06-05 05:00",56.6419999999999,95.5,0,0,2.555,171.2,0.000196850393700787,65.1199999999999,66.5239999999999,61.988,55.796,36.8,21.8,27.3
"BOOI4","2022-06-05 06:00",57.0019999999999,95.8,0,0,1.472,170,7.8740157480315e-05,64.4359999999999,66.398,61.9699999999999,55.814,36.9,21.8,27.3
"BOOI4","2022-06-05 07:00",55.9759999999999,97.2,14324.4,0,1.366,92.5,0.000236220472440945,63.8599999999999,66.2539999999999,62.006,55.8499999999999,36.8,21.8,27.3
"BOOI4","2022-06-05 08:00",58.874,95.5,226332,0,1.876,74.64,0.00153543307086614,63.464,66.0919999999999,62.006,55.8499999999999,36.8,21.8,27.3
"BOOI4","2022-06-05 09:00",64.3819999999999,79.07,609480,0,4.006,141.3,0.00456692913385827,63.806,65.93,61.988,55.8499999999999,36.8,21.8,27.3
"BOOI4","2022-06-05 10:00",68.414,66.99,1111320,0,6.25,156,0.00984251968503937,64.832,65.7679999999999,62.006,55.8679999999999,36.8,21.8,27.3
"BOOI4","2022-06-05 11:00",72.014,60.82,1931760,0,8.68,169.7,0.0175196850393701,66.7579999999999,65.606,62.0239999999999,55.8859999999999,36.8,21.8,27.2
"BOOI4","2022-06-05 12:00",74.588,57.52,2599200,0,7.384,164.4,0.0219685039370079,69.4759999999999,65.4619999999999,62.0239999999999,55.922,36.7,21.8,27.3
"BOOI4","2022-06-05 13:00",77.5039999999999,57.18,2750760,0,8.64,180.2,0.0249212598425197,72.788,65.3179999999999,62.006,55.94,36.7,21.8,27.2
"BOOI4","2022-06-05 14:00",78.188,59.49,2577960,0,9.32,176.3,0.0244094488188976,75.2899999999999,65.264,62.006,55.94,36.7,21.8,27.2
"BOOI4","2022-06-05 15:00",79.988,56.25,2656080,0,9.98,180.4,0.0260236220472441,77.396,65.246,61.9519999999999,55.9579999999999,36.7,21.8,27.2
"BOOI4","2022-06-05 16:00",79.5739999999999,57.33,1821240,0,11.28,160.9,0.021496062992126,78.6919999999999,65.3179999999999,61.9339999999999,55.9939999999999,36.8,21.8,27.2
"BOOI4","2022-06-05 17:00",80.096,57.83,1322280,0,12.46,171.2,0.0201181102362205,79.1599999999999,65.48,61.9519999999999,55.9759999999999,36.8,21.8,27.2
"BOOI4","2022-06-05 18:00",65.048,93.9,274716,0.21,17.41,192.6,0.00818897637795276,77.864,65.696,61.9519999999999,56.0119999999999,36.8,21.7,27.2
"BOOI4","2022-06-05 19:00",63.8419999999999,99.7,20548.8,0.98,8.15,274.1,0.000590551181102362,73.7419999999999,65.9839999999999,61.9159999999999,56.03,40.3,22.8,27.3
"BOOI4","2022-06-05 20:00",63.3919999999999,97.8,27648,0.41,6.651,139.7,0.000275590551181102,71.7619999999999,66.4159999999999,61.9519999999999,56.048,40,23.9,27.4
"BOOI4","2022-06-05 21:00",64.4539999999999,97.2,2538,0.12,5.675,170.3,0.00062992125984252,70.34,66.722,61.9519999999999,56.066,40.2,24.5,27.4
"BOOI4","2022-06-05 22:00",64.256,97.7,990,0.21,6.311,239,0.000196850393700787,69.188,66.9739999999999,62.006,56.0839999999999,40.3,28.8,27.6
"BOOI4","2022-06-05 23:00",63.9859999999999,97.6,0,0.18,4.843,192.1,0.00015748031496063,68.288,67.1179999999999,62.006,56.1019999999999,40.4,33.7,27.7
"BOOI4","2022-06-06 00:00",63.9859999999999,96.7,0,0.09,4.214,170.7,0.00015748031496063,67.6939999999999,67.19,62.0239999999999,56.138,40.3,33.9,27.7
"BOOI4","2022-06-06 01:00",63.2839999999999,99.3,0,0.02,9.07,199.9,0.00015748031496063,67.1539999999999,67.1539999999999,62.096,56.156,40.3,34,27.8
"BOOI4","2022-06-06 02:00",63.338,98.6,0,0.09,6.847,192.7,7.8740157480315e-05,66.6499999999999,67.082,62.1319999999999,56.1919999999999,40.5,34.1,27.8
"BOOI4","2022-06-06 03:00",63.0319999999999,100,3.6,0.23,5.024,168.3,3.93700787401575e-05,66.1099999999999,66.956,62.114,56.2279999999999,41.1,34.1,27.9
"BOOI4","2022-06-06 04:00",63.4279999999999,98.6,0,0.35,6.733,157.9,0.000118110236220472,65.7499999999999,66.8839999999999,62.1499999999999,56.264,42.8,34.1,27.9
"BOOI4","2022-06-06 05:00",62.996,99.7,0,0.26,6.749,169.8,7.8740157480315e-05,65.498,66.6859999999999,62.2039999999999,56.2819999999999,42.8,34.1,27.9
"BOOI4","2022-06-06 06:00",63.0319999999999,100,0,0.06,7.108,189.6,0,65.2999999999999,66.596,62.2039999999999,56.3179999999999,42.8,34.1,28
"BOOI4","2022-06-06 07:00",62.7439999999999,100,15678,0,4.702,192.8,0.000118110236220472,65.0839999999999,66.38,62.24,56.3179999999999,42.8,34.1,28
"BOOI4","2022-06-06 08:00",63.248,100,172656,0,3.685,210.2,0.00110236220472441,65.0119999999999,66.2539999999999,62.2579999999999,56.3359999999999,42.8,34,28
"BOOI4","2022-06-06 09:00",63.788,100,244512,0,2.917,231.7,0.00161417322834646,65.2999999999999,66.0919999999999,62.2579999999999,56.3539999999999,42.8,34,28
"BOOI4","2022-06-06 10:00",65.624,99.5,496080,0.03,1.526,288.2,0.00338582677165354,65.6599999999999,65.948,62.2579999999999,56.372,42.8,34,27.9
"BOOI4","2022-06-06 11:00",66.7579999999999,96.8,815400,0,1.605,336.3,0.00566929133858268,66.9739999999999,65.822,62.2579999999999,56.372,42.8,34,27.9
"BOOI4","2022-06-06 12:00",67.3339999999999,92.8,883440,0,3.432,13.94,0.0062992125984252,68.3419999999999,65.732,62.2939999999999,56.39,42.8,34,27.9
"BOOI4","2022-06-06 13:00",66.6499999999999,95.9,296280,0.01,3.729,356.5,0.00244094488188976,68.5939999999999,65.606,62.2759999999999,56.4079999999999,42.8,34,27.9
"BOOI4","2022-06-06 14:00",65.84,98.7,128772,0.04,3.232,16.24,0.00106299212598425,68.18,65.5159999999999,62.2759999999999,56.4079999999999,42.8,34.1,28
"BOOI4","2022-06-06 15:00",65.6779999999999,99.6,110952,0.06,1.87,25.79,0.00078740157480315,67.622,65.498,62.2759999999999,56.4259999999999,42.8,34.1,28.1
"BOOI4","2022-06-06 16:00",69.4039999999999,94.4,1524240,0.03,5.472,43.79,0.0091732283464567,67.964,65.498,62.2579999999999,56.48,42.8,34,28.1
"BOOI4","2022-06-06 17:00",69.4579999999999,92.2,1229760,0,5.824,22.19,0.00834645669291339,69.98,65.5159999999999,62.2759999999999,56.48,42.8,34,28.1
"BOOI4","2022-06-06 18:00",70.8619999999999,87.7,1832040,0,7.839,32.83,0.0114173228346457,70.88,65.5159999999999,62.222,56.4619999999999,42.8,34,28.1
"BOOI4","2022-06-06 19:00",70.6819999999999,85.1,1539720,0,7.577,27.94,0.0102362204724409,71.9239999999999,65.498,62.222,56.48,42.8,34,28.1
"BOOI4","2022-06-06 20:00",71.222,83.3,798480,0,6.92,36.32,0.00559055118110236,71.8339999999999,65.5339999999999,62.2039999999999,56.5159999999999,42.8,34,28.1
"BOOI4","2022-06-06 21:00",68.7019999999999,88.2,293400,0,7.07,35.89,0.00208661417322835,70.9519999999999,65.606,62.2039999999999,56.5339999999999,42.8,34,28
"BOOI4","2022-06-06 22:00",66.3259999999999,88.7,46332,0,8.31,47.86,0.00031496062992126,69.746,65.6779999999999,62.1859999999999,56.5339999999999,42.9,34,28
"BOOI4","2022-06-06 23:00",64.5619999999999,90.9,446.4,0,7.256,60.02,0,68.5579999999999,65.7499999999999,62.1499999999999,56.5519999999999,42.9,33.9,28
"BOOI4","2022-06-07 00:00",63.572,92.2,0,0,5.21,67.36,-0.000354330708661417,67.388,65.84,62.1859999999999,56.5699999999999,42.9,33.9,28
"BOOI4","2022-06-07 01:00",63.1759999999999,91.9,0,0,4.57,49.72,-0.00047244094488189,66.5239999999999,65.8759999999999,62.1679999999999,56.588,42.9,33.9,28
"BOOI4","2022-06-07 02:00",61.7179999999999,93.7,0,0,4.224,51.58,-0.000590551181102362,65.8759999999999,65.8759999999999,62.1859999999999,56.606,42.9,33.9,28
"BOOI4","2022-06-07 03:00",61.5919999999999,90.9,0,0,2.781,36.23,-0.00078740157480315,65.1919999999999,65.84,62.1679999999999,56.606,42.9,33.9,28
"BOOI4","2022-06-07 04:00",61.088,91.5,0,0,3.215,23.23,-0.000669291338582677,64.472,65.8039999999999,62.1679999999999,56.624,42.9,33.9,28
"BOOI4","2022-06-07 05:00",59.2159999999999,94.6,0,0,2.109,33.91,-0.000984251968503937,63.7339999999999,65.714,62.1679999999999,56.624,42.9,33.9,28
"BOOI4","2022-06-07 06:00",58.7119999999999,97.7,0,0,0.185,17.16,-0.00173228346456693,62.9239999999999,65.624,62.1859999999999,56.6419999999999,42.9,33.9,28
"BOOI4","2022-06-07 07:00",58.0999999999999,98.2,18622.8,0,2.338,347,0.000236220472440945,62.1679999999999,65.48,62.1679999999999,56.6599999999999,42.8,33.9,28
"BOOI4","2022-06-07 08:00",61.3939999999999,93.4,365760,0,3.253,21.51,0.00224409448818898,61.8259999999999,65.3359999999999,62.1859999999999,56.6599999999999,42.8,33.9,28
"BOOI4","2022-06-07 09:00",63.5539999999999,89.2,879120,0,4.302,36.23,0.00551181102362205,62.4739999999999,65.2099999999999,62.1679999999999,56.6779999999999,42.8,33.9,28
"BOOI4","2022-06-07 10:00",65.9659999999999,77.5,1527120,0,6.593,57.04,0.0101574803149606,64.0939999999999,65.03,62.1859999999999,56.714,42.9,33.9,28
"BOOI4","2022-06-07 11:00",68.072,70.64,2083320,0,6.18,62.82,0.015,66.272,64.8499999999999,62.1859999999999,56.7319999999999,42.8,33.9,28
"BOOI4","2022-06-07 12:00",69.548,65.63,2682360,0,4.353,67.42,0.019251968503937,68.9179999999999,64.706,62.1679999999999,56.714,42.8,33.9,28.1
"BOOI4","2022-06-07 13:00",71.438,61.21,3088800,0,4.18,128.9,0.0225196850393701,72.0679999999999,64.598,62.1679999999999,56.7679999999999,42.8,33.9,28.1
"BOOI4","2022-06-07 14:00",72.3019999999999,61.76,3322800,0,4.466,135.6,0.0245669291338583,75.0199999999999,64.5619999999999,62.1499999999999,56.7499999999999,42.8,33.9,28.1
"BOOI4","2022-06-07 15:00",73.5259999999999,57.86,3366000,0,3.985,105.8,0.0250393700787402,77.3599999999999,64.6159999999999,62.1319999999999,56.7499999999999,42.8,33.9,28.1
"BOOI4","2022-06-07 16:00",75.5599999999999,58.74,3272400,0,4.683,146.8,0.025,79.0519999999999,64.7239999999999,62.114,56.7859999999999,42.8,33.9,28.1
"BOOI4","2022-06-07 17:00",75.8839999999999,55.51,2854440,0,5.92,127.8,0.0230708661417323,79.9519999999999,64.922,62.0779999999999,56.7859999999999,42.9,33.9,28
"BOOI4","2022-06-07 18:00",76.856,53.76,2372760,0,4.873,143,0.0197244094488189,79.9699999999999,65.1919999999999,62.0779999999999,56.7859999999999,42.8,33.9,28
"BOOI4","2022-06-07 19:00",75.506,54.09,1299240,0,3.054,133.4,0.0106692913385827,79.5739999999999,65.498,62.0239999999999,56.7859999999999,42.9,33.9,28
"BOOI4","2022-06-07 20:00",74.8039999999999,55.21,385920,0,3.357,201,0.00535433070866142,78.1519999999999,65.8039999999999,62.0419999999999,56.822,42.9,33.9,28
"BOOI4","2022-06-07 21:00",73.1659999999999,65.29,181656,0,2.435,134.8,0.00122047244094488,76.4419999999999,66.146,62.0239999999999,56.822,42.9,33.9,28
"BOOI4","2022-06-07 22:00",69.3859999999999,77.81,29124,0,4.395,155.2,0.000708661417322835,74.696,66.4339999999999,62.0239999999999,56.8399999999999,43,33.9,28
"BOOI4","2022-06-07 23:00",67.7119999999999,81.9,522,0,2.486,120.6,-0.00031496062992126,72.9499999999999,66.7039999999999,62.0239999999999,56.8039999999999,43,33.9,28
"BOOI4","2022-06-08 00:00",67.946,81.7,0,0,0.695,48.03,-0.00137795275590551,71.672,66.9019999999999,62.0419999999999,56.8579999999999,42.9,33.8,28
"BOOI4","2022-06-08 01:00",67.4599999999999,83.1,0,0,2.692,231.5,-0.00047244094488189,70.7539999999999,67.0099999999999,62.0779999999999,56.8759999999999,43,33.8,28
"BOOI4","2022-06-08 02:00",64.6699999999999,91.6,0,0,6.186,206,-7.8740157480315e-05,69.782,67.0999999999999,62.096,56.8759999999999,43,33.8,28
"BOOI4","2022-06-08 03:00",63.7339999999999,93.4,0,0,4.056,163.9,-0.000551181102362205,68.8819999999999,67.1179999999999,62.1319999999999,56.8579999999999,42.9,33.8,28
"BOOI4","2022-06-08 04:00",62.7439999999999,95.8,0,0,0.771,78.46,-0.00141732283464567,68.072,67.046,62.1679999999999,56.8759999999999,42.9,33.8,28
"BOOI4","2022-06-08 05:00",61.7539999999999,97.5,0,0,0.463,340.8,-0.00153543307086614,67.2439999999999,67.046,62.2039999999999,56.8939999999999,42.9,33.8,28
"BOOI4","2022-06-08 06:00",61.322,97.7,0,0,3.318,297.3,-0.000866141732283465,66.4159999999999,66.956,62.2579999999999,56.8939999999999,42.9,33.8,28
"BOOI4","2022-06-08 07:00",61.5199999999999,96.9,12236.4,0,6.401,292.3,0.000393700787401575,65.6599999999999,66.848,62.2939999999999,56.9119999999999,41.8,33.8,28
"BOOI4","2022-06-08 08:00",62.438,94.9,72468,0,7.027,286.7,0.00094488188976378,65.156,66.7579999999999,62.3119999999999,56.93,41.6,33.8,28
"BOOI4","2022-06-08 09:00",63.464,92.9,477000,0,5.672,321,0.00350393700787402,65.1019999999999,66.596,62.3659999999999,56.9119999999999,41.6,33.8,28
"BOOI4","2022-06-08 10:00",65.4439999999999,89.5,735120,0,7.289,355.3,0.00507874015748032,65.6779999999999,66.4519999999999,62.3839999999999,56.948,41.4,33.8,28
"BOOI4","2022-06-08 11:00",67.532,81.4,1854720,0,8.95,8.89,0.0123622047244095,67.0099999999999,66.3079999999999,62.3839999999999,56.948,41.4,33.8,28
"BOOI4","2022-06-08 12:00",68.4859999999999,69.54,2218320,0,10.29,11.52,0.0161811023622047,68.3419999999999,66.146,62.438,56.948,41.3,33.8,28
"BOOI4","2022-06-08 13:00",70.4659999999999,60.76,2662560,0,9.39,11.66,0.0210629921259843,70.1419999999999,66.0019999999999,62.438,56.9659999999999,41.3,33.8,28
"BOOI4","2022-06-08 14:00",71.7259999999999,57.57,3031200,0,8.21,347.3,0.0209055118110236,72.356,65.948,62.4739999999999,56.9659999999999,41.3,33.8,28
"BOOI4","2022-06-08 15:00",73.346,50.65,2705040,0,9.27,326,0.0246456692913386,76.838,65.8579999999999,62.4739999999999,57.0019999999999,41.2,33.8,28
"BOOI4","2022-06-08 16:00",75.9199999999999,46.89,2890800,0,9.35,326.1,0.0266141732283465,78.314,65.93,62.4919999999999,57.0019999999999,41.2,33.8,28
"BOOI4","2022-06-08 17:00",76.3519999999999,39.39,1796040,0,7.288,331.4,0.019488188976378,79.0519999999999,66.0199999999999,62.4739999999999,57.0019999999999,41.2,33.8,28
"BOOI4","2022-06-08 18:00",76.2439999999999,40.79,1843200,0,8.52,324.5,0.0214173228346457,79.1599999999999,66.164,62.4739999999999,57.0199999999999,41.2,33.8,28
"BOOI4","2022-06-08 19:00",76.3159999999999,39.37,1088280,0,7.773,323.6,0.016259842519685,78.7099999999999,66.3259999999999,62.456,57.038,41.2,33.8,28
"BOOI4","2022-06-08 20:00",73.7779999999999,49.86,577440,0,4.872,314.8,0.00838582677165354,77.5039999999999,66.5599999999999,62.456,57.038,41.1,33.8,28
"BOOI4","2022-06-08 21:00",68.3419999999999,62,110340,0,3.055,283.5,0.00161417322834646,75.7939999999999,66.7939999999999,62.4739999999999,57.0739999999999,40.3,33.8,28
"BOOI4","2022-06-08 22:00",64.13,74.04,856.8,0,1.407,267.6,-0.000354330708661417,73.832,66.9919999999999,62.4739999999999,57.038,40.3,33.8,28
"BOOI4","2022-06-08 23:00",66.848,58.16,0,0,1.231,300.1,-0.000433070866141732,72.0679999999999,67.172,62.5099999999999,57.056,40.2,33.8,28
"BOOI4","2022-06-09 00:00",63.6259999999999,70.39,0,0,3.082,292.3,0.00062992125984252,70.556,67.28,62.4919999999999,57.0739999999999,40.2,33.8,28
"BOOI4","2022-06-09 01:00",62.564,71.01,0,0,2.816,291.6,0.000354330708661417,69.206,67.3519999999999,62.5279999999999,57.0739999999999,40.2,33.8,28
"BOOI4","2022-06-09 02:00",62.4919999999999,71.42,3.6,0,3.353,287,0.000433070866141732,68.0359999999999,67.388,62.546,57.0919999999999,40.1,33.8,28
"BOOI4","2022-06-09 03:00",61.448,74.03,0,0,4.101,293.4,0.000708661417322835,67.1539999999999,67.3339999999999,62.582,57.1279999999999,40.1,33.8,28
"BOOI4","2022-06-09 04:00",60.332,77.07,0,0,5.037,301.7,0.00078740157480315,66.2539999999999,67.2619999999999,62.6359999999999,57.1279999999999,40.1,33.8,28
"BOOI4","2022-06-09 05:00",59.3239999999999,78.67,0,0,4.179,306.9,0.000433070866141732,65.39,67.1179999999999,62.672,57.1099999999999,40,33.8,28
"BOOI4","2022-06-09 06:00",58.6039999999999,81.2,23598,0,3.278,304,0.000118110236220472,64.6339999999999,67.0099999999999,62.6539999999999,57.146,39.9,33.8,28
"BOOI4","2022-06-09 07:00",61.088,78.29,231984,0,3.057,310,0.00145669291338583,64.148,66.83,62.672,57.146,39.8,33.8,28
"BOOI4","2022-06-09 08:00",64.7419999999999,71.31,543960,0,2.466,323,0.00389763779527559,64.256,66.6679999999999,62.7079999999999,57.164,39.8,33.8,28
"BOOI4","2022-06-09 09:00",68.4859999999999,59.69,1386360,0,2.236,349.4,0.00976377952755906,65.6419999999999,66.4699999999999,62.7619999999999,57.164,39.7,33.8,28
"BOOI4","2022-06-09 10:00",71.888,47.73,1950840,0,2.346,43.23,0.0146850393700787,68.2519999999999,66.272,62.7619999999999,57.146,39.7,33.7,28
"BOOI4","2022-06-09 11:00",75.2179999999999,41.54,2575800,0,2.221,125.3,0.0197637795275591,71.3659999999999,66.056,62.78,57.1999999999999,39.6,33.7,28
"BOOI4","2022-06-09 12:00",74.948,38.35,3117600,0,3.796,119,0.0254330708661417,75.3259999999999,65.93,62.7619999999999,57.182,39.7,33.7,28
"BOOI4","2022-06-09 13:00",76.3339999999999,36.36,3272400,0,3.511,167.5,0.0269291338582677,78.9439999999999,65.8939999999999,62.78,57.1999999999999,39.6,33.7,28
"BOOI4","2022-06-09 14:00",77.1259999999999,38.58,3286800,0,3.11,159.5,0.0266535433070866,81.8419999999999,65.8939999999999,62.78,57.1999999999999,39.7,33.8,28
"BOOI4","2022-06-09 15:00",79.0159999999999,35.66,3042000,0,3.445,237.1,0.0259055118110236,84.1999999999999,66.038,62.7619999999999,57.2179999999999,39.7,33.8,28
"BOOI4","2022-06-09 16:00",77.738,39.93,1459440,0,4.865,221.9,0.0172834645669291,84.722,66.2899999999999,62.7619999999999,57.2359999999999,39.7,33.8,28
"BOOI4","2022-06-09 17:00",76.8019999999999,42.55,706680,0,4.286,220.3,0.0116141732283465,83.5519999999999,66.596,62.7259999999999,57.2539999999999,39.7,33.7,28
"BOOI4","2022-06-09 18:00",69.656,70.18,211032,0,10.76,248.9,0.0116535433070866,81.5539999999999,67.0099999999999,62.7439999999999,57.2539999999999,39.7,33.7,28
"BOOI4","2022-06-09 19:00",66.7759999999999,80.8,229716,0,13.6,254.3,0.00700787401574803,79.3579999999999,67.388,62.7079999999999,57.2539999999999,39.7,33.7,28
"BOOI4","2022-06-09 20:00",66.6859999999999,80.5,110232,0,8.63,267.1,0.00385826771653543,77.5039999999999,67.748,62.7259999999999,57.272,39.8,33.7,28
"BOOI4","2022-06-09 21:00",64.832,89.2,28389.6,0,6.647,255.1,0.00196850393700787,75.7759999999999,68.072,62.7439999999999,57.29,39.8,33.7,28
"BOOI4","2022-06-09 22:00",64.58,93.4,270,0,5.446,255.6,0.000511811023622047,74.246,68.3239999999999,62.78,57.272,39.8,33.7,28
"BOOI4","2022-06-09 23:00",64.3819999999999,92.4,0,0.02,4.85,277.2,0.000354330708661417,72.9859999999999,68.4859999999999,62.78,57.3259999999999,39.7,33.7,28
"BOOI4","2022-06-10 00:00",63.7159999999999,92.3,0,0,3.773,291.4,0.000433070866141732,71.8339999999999,68.5939999999999,62.816,57.3439999999999,39.7,33.7,28
"BOOI4","2022-06-10 01:00",63.5899999999999,93.8,0,0.01,1.423,237.7,0.000196850393700787,70.9159999999999,68.63,62.8519999999999,57.3259999999999,39.8,33.6,28
"BOOI4","2022-06-10 02:00",63.572,93.7,0,0,1.954,277.1,0.000196850393700787,70.1599999999999,68.5939999999999,62.9239999999999,57.3259999999999,39.7,33.6,28
"BOOI4","2022-06-10 03:00",63.464,96.1,0,0.01,1.204,268.6,0.00015748031496063,69.53,68.5579999999999,62.9599999999999,57.3439999999999,39.6,33.6,28
"BOOI4","2022-06-10 04:00",62.2939999999999,96.8,0,0.03,2.08,262.8,0.00015748031496063,68.9179999999999,68.4499999999999,63.014,57.3619999999999,39.6,33.6,28
"BOOI4","2022-06-10 05:00",61.664,97.3,0,0.03,0.993,112.5,7.8740157480315e-05,68.3239999999999,68.3599999999999,63.0859999999999,57.38,39.6,33.6,28
"BOOI4","2022-06-10 06:00",61.214,98.4,1990.8,0.06,1.569,216.2,7.8740157480315e-05,67.7839999999999,68.2159999999999,63.14,57.398,39.6,33.6,28
"BOOI4","2022-06-10 07:00",61.214,99.6,34164,0.05,2.817,122.6,0.000275590551181102,67.2439999999999,68.072,63.1759999999999,57.398,39.5,33.6,28
"BOOI4","2022-06-10 08:00",61.772,98.9,134820,0,2.453,173.5,0.000905511811023622,66.938,67.9099999999999,63.23,57.4339999999999,39.5,33.6,28
"BOOI4","2022-06-10 09:00",63.7699999999999,95.1,690840,0,2.819,133,0.00425196850393701,67.406,67.7659999999999,63.248,57.4159999999999,39.5,33.6,27.9
"BOOI4","2022-06-10 10:00",64.49,91.9,835200,0,4.892,100.4,0.00555118110236221,68.3599999999999,67.622,63.248,57.4339999999999,39.5,33.6,27.9
"BOOI4","2022-06-10 11:00",67.7839999999999,83.6,1868400,0,6.738,102,0.0118110236220472,69.5659999999999,67.4779999999999,63.2839999999999,57.4339999999999,39.5,33.6,27.9
"BOOI4","2022-06-10 12:00",66.6679999999999,87.5,1397160,0,6.04,104.8,0.0101181102362205,71.6539999999999,67.3339999999999,63.3199999999999,57.4519999999999,39.4,33.6,27.9
"BOOI4","2022-06-10 13:00",68.0539999999999,84.6,2523960,0,7.046,111.8,0.0165354330708661,73.5619999999999,67.2439999999999,63.3199999999999,57.4699999999999,39.4,33.6,27.9
"BOOI4","2022-06-10 14:00",68.2519999999999,86.7,843120,0,6.18,100.4,0.00744094488188976,74.0119999999999,67.172,63.3199999999999,57.488,39.4,33.6,27.9
"BOOI4","2022-06-10 15:00",68.9539999999999,84.2,1090440,0,7.238,85.6,0.00866141732283465,73.4179999999999,67.1539999999999,63.356,57.4699999999999,39.4,33.6,27.9
"BOOI4","2022-06-10 16:00",71.6359999999999,76.67,2404080,0,6.555,131.8,0.0169685039370079,74.498,67.19,63.356,57.506,39.4,33.6,27.9
"BOOI4","2022-06-10 17:00",73.346,73.65,1667520,0,3.278,120.3,0.012755905511811,75.9019999999999,67.2619999999999,63.356,57.5239999999999,39.4,33.6,27.9
"BOOI4","2022-06-10 18:00",75.398,70.42,1588680,0,2.641,109.5,0.0118110236220472,76.3519999999999,67.3339999999999,63.356,57.5419999999999,39.4,33.6,27.9
"BOOI4","2022-06-10 19:00",74.5699999999999,69.89,951480,0,2.248,84.7,0.00728346456692913,76.514,67.406,63.338,57.5419999999999,39.4,33.6,27.9
"BOOI4","2022-06-10 20:00",72.482,75.2,503640,0,2.802,113.3,0.00393700787401575,75.722,67.5679999999999,63.356,57.5599999999999,39.4,33.6,27.9
"BOOI4","2022-06-10 21:00",70.2859999999999,80.1,62244,0,2.889,113.1,0.000590551181102362,74.246,67.6759999999999,63.356,57.5779999999999,39.4,33.6,27.9
"BOOI4","2022-06-10 22:00",68.99,82.4,1162.8,0,1.985,130,-0.00015748031496063,72.6259999999999,67.8199999999999,63.374,57.5779999999999,39.4,33.6,27.9
"BOOI4","2022-06-10 23:00",67.2079999999999,86.6,0,0,2.423,140.5,-0.00015748031496063,71.24,67.9279999999999,63.356,57.596,39.4,33.6,27.9
"BOOI4","2022-06-11 00:00",66.2539999999999,90.5,0,0,4.004,144.1,-3.93700787401575e-05,70.0699999999999,68.0179999999999,63.356,57.614,39.4,33.6,27.9
"BOOI4","2022-06-11 01:00",64.58,93.8,0,0,3.179,132.5,-0.00031496062992126,69.08,68.0359999999999,63.3919999999999,57.614,39.4,33.6,27.9
"BOOI4","2022-06-11 02:00",64.022,95.6,0,0,4.867,152.2,-0.000196850393700787,68.3239999999999,68.0179999999999,63.4099999999999,57.6319999999999,39.3,33.6,27.9
"BOOI4","2022-06-11 03:00",63.2659999999999,97.8,0,0,4.645,164.2,-0.000354330708661417,67.5679999999999,67.982,63.4279999999999,57.6499999999999,39.3,33.5,27.9
"BOOI4","2022-06-11 04:00",62.4919999999999,98.8,0,0,4.182,158,-0.00047244094488189,66.9019999999999,67.8919999999999,63.4279999999999,57.6499999999999,39.3,33.5,27.9
"BOOI4","2022-06-11 05:00",62.1679999999999,99.8,0,0,3.736,158.3,-0.000551181102362205,66.2899999999999,67.7839999999999,63.464,57.6679999999999,39.3,33.5,27.9
"BOOI4","2022-06-11 06:00",61.7359999999999,100,11376,0,3.993,159.9,-0.000511811023622047,65.7859999999999,67.64,63.464,57.6859999999999,39.2,33.5,27.9
"BOOI4","2022-06-11 07:00",64.3819999999999,100,298440,0,4.991,164.8,0.000196850393700787,65.606,67.514,63.4999999999999,57.7039999999999,39.2,33.5,27.9
"BOOI4","2022-06-11 08:00",65.6599999999999,98.1,384480,0,4.85,223.4,0.00216535433070866,66.2179999999999,67.3699999999999,63.5179999999999,57.7039999999999,39.2,33.5,27.9
"BOOI4","2022-06-11 09:00",65.3179999999999,99.6,105912,0.05,4.353,216.4,0.00078740157480315,66.4339999999999,67.2079999999999,63.5359999999999,57.722,39.1,33.5,27.9
"BOOI4","2022-06-11 10:00",65.84,100,231084,0.07,6.847,197.7,0.00137795275590551,66.506,67.046,63.5179999999999,57.74,39.1,33.5,27.9
"BOOI4","2022-06-11 11:00",67.19,100,611640,0.02,8,187.3,0.00354330708661417,66.7939999999999,66.9019999999999,63.5539999999999,57.74,39.1,33.5,27.9
"BOOI4","2022-06-11 12:00",70.4839999999999,91.3,1412280,0,9.69,205.1,0.00826771653543307,68.288,66.7579999999999,63.5179999999999,57.74,39.1,33.5,27.9
"BOOI4","2022-06-11 13:00",73.814,80.3,1337760,0,5.672,200.6,0.0103149606299213,69.98,66.6859999999999,63.5359999999999,57.7759999999999,39.2,33.5,27.9
"BOOI4","2022-06-11 14:00",76.6939999999999,75.62,1272240,0,6.993,179.3,0.012244094488189,71.24,66.5779999999999,63.4999999999999,57.7759999999999,39.1,33.5,27.9
"BOOI4","2022-06-11 15:00",78.08,74.96,2248920,0,11.19,191.6,0.0193307086614173,72.5359999999999,66.5239999999999,63.4819999999999,57.8119999999999,39.1,33.5,27.9
"BOOI4","2022-06-11 16:00",80.33,70.99,2512440,0,7.908,164.8,0.0207086614173228,74.588,66.5419999999999,63.4819999999999,57.8119999999999,39.1,33.5,27.9
"BOOI4","2022-06-11 17:00",79.0339999999999,76.2,1059120,0,6.701,152.8,0.0115354330708661,76.046,66.5779999999999,63.464,57.8119999999999,39.1,33.5,27.9
"BOOI4","2022-06-11 18:00",74.8759999999999,89.9,108180,0.12,2.39,128.1,0.00188976377952756,75.0019999999999,66.6859999999999,63.446,57.848,39.2,33.5,27.9
"BOOI4","2022-06-11 19:00",73.49,92.4,176544,0.03,4.536,110.7,0.00228346456692913,74.2099999999999,66.7939999999999,63.446,57.83,39.2,33.5,27.9
"BOOI4","2022-06-11 20:00",73.1659999999999,94.6,513360,0.06,8.55,76.25,0.00271653543307087,73.5259999999999,66.9739999999999,63.4279999999999,57.8659999999999,39.5,33.6,27.9
"BOOI4","2022-06-11 21:00",71.7619999999999,97.1,116352,0,7.337,120,-0.000196850393700787,72.7519999999999,67.1539999999999,63.4279999999999,57.8839999999999,39.5,33.6,27.9
"BOOI4","2022-06-11 22:00",71.006,97,993.6,0,6.584,151,0.000236220472440945,71.78,67.28,63.4099999999999,57.8839999999999,39.5,33.7,27.9
"BOOI4","2022-06-11 23:00",70.1779999999999,98.6,0,0,4.573,149.4,0.00015748031496063,70.898,67.3519999999999,63.4279999999999,57.9019999999999,39.5,33.7,27.9
"BOOI4","2022-06-12 00:00",69.872,100,0,0,2.941,149.4,3.93700787401575e-05,70.214,67.4419999999999,63.446,57.9199999999999,39.5,33.7,27.9
"BOOI4","2022-06-12 01:00",68.8819999999999,100,0,0,2.143,148.9,0,69.6199999999999,67.514,63.4279999999999,57.9199999999999,39.5,33.7,27.9
"BOOI4","2022-06-12 02:00",68.396,100,0,0,2.066,145.6,0,69.0619999999999,67.532,63.4099999999999,57.938,39.5,33.7,27.9
"BOOI4","2022-06-12 03:00",67.73,100,0,0,2.996,97.9,0,68.522,67.496,63.446,57.938,39.5,33.7,27.9
"BOOI4","2022-06-12 04:00",66.5239999999999,100,0,0,3.435,81.7,0,68.0539999999999,67.4239999999999,63.446,57.956,39.5,33.7,28
"BOOI4","2022-06-12 05:00",66.7759999999999,100,0,0,2.643,22.53,0,67.748,67.3699999999999,63.446,57.9739999999999,39.5,33.7,28
"BOOI4","2022-06-12 06:00",66.6679999999999,100,2451.6,0,0.572,354.4,3.93700787401575e-05,67.5859999999999,67.298,63.446,57.9739999999999,39.4,33.7,28
"BOOI4","2022-06-12 07:00",67.2439999999999,100,99792,0,1.748,91.5,0.000551181102362205,67.496,67.2259999999999,63.4819999999999,57.9919999999999,39.4,33.7,28.1
"BOOI4","2022-06-12 08:00",68.846,100,593640,0,2.765,133.3,0.00318897637795276,68.0179999999999,67.1539999999999,63.4999999999999,58.0099999999999,39.4,33.7,28
"BOOI4","2022-06-12 09:00",70.988,100,586440,0,3.957,166.1,0.0037007874015748,68.8099999999999,67.064,63.4999999999999,57.9919999999999,39.4,33.7,28.1
"BOOI4","2022-06-12 10:00",74.156,94.9,1303200,0.01,2.197,188.5,0.00877952755905512,70.214,66.9739999999999,63.4999999999999,58.0279999999999,39.4,33.7,28
"BOOI4","2022-06-12 11:00",78.0619999999999,86.5,2170440,0,4.259,176.4,0.0153149606299213,72.698,66.9019999999999,63.4999999999999,58.046,39.4,33.7,28.1
"BOOI4","2022-06-12 12:00",79.1419999999999,84.8,1929600,0,4.967,111.4,0.0149212598425197,75.398,66.848,63.5539999999999,58.0279999999999,39.4,33.7,28.1
"BOOI4","2022-06-12 13:00",80.0779999999999,77.39,2262240,0,7.363,106.4,0.0179133858267717,77.0179999999999,66.848,63.5179999999999,58.064,39.4,33.7,28
"BOOI4","2022-06-12 14:00",82.3099999999999,72.05,3236400,0,7.075,126.5,0.025236220472441,79.3939999999999,66.938,63.5539999999999,58.064,39.4,33.7,28
"BOOI4","2022-06-12 15:00",83.8939999999999,65.25,2995200,0,6.735,120.7,0.025236220472441,81.6259999999999,67.064,63.4819999999999,58.064,39.4,33.7,28.1
"BOOI4","2022-06-12 16:00",85.082,68.67,2772360,0,6.341,119.9,0.0241732283464567,82.598,67.2619999999999,63.4999999999999,58.0999999999999,39.4,33.7,28.1
"BOOI4","2022-06-12 17:00",85.838,61.74,2301480,0,7.069,123.2,0.021496062992126,82.7419999999999,67.4779999999999,63.4999999999999,58.1359999999999,39.4,33.7,28.1
"BOOI4","2022-06-12 18:00",86.306,61.83,1692360,0,6.595,123,0.0178346456692913,82.4359999999999,67.7659999999999,63.4999999999999,58.0999999999999,39.4,33.7,28.1
"BOOI4","2022-06-12 19:00",85.6579999999999,66.65,1060200,0,7.117,128.2,0.0132283464566929,81.914,68.072,63.5179999999999,58.1179999999999,39.4,33.7,28.1
"BOOI4","2022-06-12 20:00",83.732,72.39,548640,0,8.08,154.4,0.00877952755905512,80.7439999999999,68.414,63.5179999999999,58.1179999999999,39.4,33.6,28
"BOOI4","2022-06-12 21:00",80.2939999999999,81.3,116172,0,4.683,134.5,0.00192913385826772,79.1419999999999,68.6659999999999,63.5359999999999,58.1359999999999,39.5,33.6,28
"BOOI4","2022-06-12 22:00",77.4319999999999,88.8,792,0,5.322,125,0.000590551181102362,77.63,68.99,63.5539999999999,58.1539999999999,39.4,33.6,28
"BOOI4","2022-06-12 23:00",76.496,91.9,0,0,5.583,102.2,7.8740157480315e-05,76.3159999999999,69.188,63.6079999999999,58.172,39.4,33.6,28
"BOOI4","2022-06-13 00:00",75.8119999999999,94.3,0,0,7.049,99.1,7.8740157480315e-05,75.3079999999999,69.3679999999999,63.6259999999999,58.1539999999999,39.4,33.6,28
"BOOI4","2022-06-13 01:00",74.822,95.4,0,0,6.876,126.1,-3.93700787401575e-05,74.498,69.4939999999999,63.6439999999999,58.172,39.4,33.6,27.9
"BOOI4","2022-06-13 02:00",74.6779999999999,96.6,0,0,6.841,133.5,-0.000196850393700787,73.8859999999999,69.5659999999999,63.698,58.19,39.4,33.6,27.9
"BOOI4","2022-06-13 03:00",74.5339999999999,97.4,0,0,8.38,125.7,-0.00015748031496063,73.472,69.5839999999999,63.7519999999999,58.2079999999999,39.4,33.6,27.9
"BOOI4","2022-06-13 04:00",74.7859999999999,98.1,0,0,8.21,135.6,-0.000236220472440945,73.1659999999999,69.6019999999999,63.806,58.2079999999999,39.4,33.6,27.9
"BOOI4","2022-06-13 05:00",74.732,99.3,0,0,10.13,126.6,-0.000236220472440945,72.9859999999999,69.5839999999999,63.8779999999999,58.2259999999999,39.4,33.6,27.9
"BOOI4","2022-06-13 06:00",75.848,99.6,2815.2,0,10.97,125.3,-0.00031496062992126,72.896,69.5659999999999,63.914,58.2259999999999,39.4,33.6,27.9
"BOOI4","2022-06-13 07:00",76.496,100,33300,0,14.17,112.8,0.000275590551181102,72.9859999999999,69.5119999999999,63.9499999999999,58.2079999999999,39.4,33.5,27.9
"BOOI4","2022-06-13 08:00",77.1259999999999,99.4,77004,0,9.54,145.1,0.000590551181102362,73.2019999999999,69.44,64.0039999999999,58.2259999999999,39.3,33.5,27.9
"BOOI4","2022-06-13 09:00",78.9259999999999,96.6,537120,0,11.97,144,0.00338582677165354,73.6519999999999,69.422,64.0579999999999,58.2619999999999,39.3,33.5,27.9
"BOOI4","2022-06-13 10:00",82.1119999999999,90.2,1563840,0,16.99,160.8,0.0107086614173228,74.714,69.3499999999999,64.0939999999999,58.2619999999999,39.3,33.5,27.8
"BOOI4","2022-06-13 11:00",85.4239999999999,81.3,2298960,0,18.39,172.8,0.0182283464566929,76.406,69.3679999999999,64.148,58.28,39.3,33.5,27.9
"BOOI4","2022-06-13 12:00",86.522,75.33,2242080,0,13.03,177.6,0.0210236220472441,78.3499999999999,69.332,64.1659999999999,58.2619999999999,39.3,33.5,27.9
"BOOI4","2022-06-13 13:00",88.646,68.72,2247120,0,8.63,181.2,0.0221653543307087,79.88,69.3679999999999,64.1839999999999,58.28,39.3,33.5,27.9
"BOOI4","2022-06-13 14:00",89.762,65.31,2358000,0,9.39,163,0.0237007874015748,81.3199999999999,69.422,64.238,58.298,39.3,33.4,27.9
"BOOI4","2022-06-13 15:00",91.706,63.72,3128400,0,11.08,154,0.0312992125984252,84.4159999999999,69.4939999999999,64.2739999999999,58.316,39.3,33.4,27.9
"BOOI4","2022-06-13 16:00",94.298,56.57,2794320,0,12.71,169.3,0.0325590551181102,86.2519999999999,69.638,64.2919999999999,58.316,39.2,33.3,27.9
"BOOI4","2022-06-13 17:00",94.8199999999999,55.89,2395800,0,15.33,172,0.0328346456692913,87.0079999999999,69.9079999999999,64.3279999999999,58.316,39.3,33.2,27.9
"BOOI4","2022-06-13 18:00",93.4159999999999,58.16,1755000,0,16.64,184.4,0.0304330708661417,87.206,70.1599999999999,64.364,58.3339999999999,39.3,33.2,27.9
"BOOI4","2022-06-13 19:00",92.6419999999999,59.08,1058760,0,13.44,176.4,0.0211417322834646,86.99,70.5019999999999,64.3819999999999,58.3519999999999,39.4,33.2,27.9
"BOOI4","2022-06-13 20:00",90.6079999999999,60.57,523080,0,11.3,179.7,0.0142125984251968,86.1259999999999,70.8619999999999,64.4359999999999,58.3699999999999,39.3,33.1,27.9
"BOOI4","2022-06-13 21:00",86.0539999999999,68.98,127260,0,9.43,182.6,0.00795275590551181,84.5239999999999,71.222,64.472,58.3519999999999,39.4,33.1,27.9
"BOOI4","2022-06-13 22:00",84.0739999999999,70.97,806.4,0,10.66,191.3,0.0034251968503937,82.8859999999999,71.5999999999999,64.5259999999999,58.388,39.4,33,27.9
"BOOI4","2022-06-13 23:00",84.1279999999999,68.18,0,0,12.05,198.6,0.00358267716535433,81.338,71.906,64.5619999999999,58.406,39.4,32.9,27.9
"BOOI4","2022-06-14 00:00",83.156,73.11,0,0,12.62,199.6,0.00322834645669291,80.1499999999999,72.1579999999999,64.598,58.406,39.4,32.9,27.9
"BOOI4","2022-06-14 01:00",81.8419999999999,76.44,0,0,14.23,197.4,0.00295275590551181,79.196,72.374,64.688,58.406,39.4,32.8,27.9
"BOOI4","2022-06-14 02:00",80.2939999999999,79.75,0,0,12.94,194.5,0.00224409448818898,78.3679999999999,72.4999999999999,64.7779999999999,58.406,39.4,31.5,27.9
"BOOI4","2022-06-14 03:00",79.5199999999999,80.4,0,0,13.22,196.9,0.00188976377952756,77.5579999999999,72.59,64.814,58.4599999999999,39.3,30,27.9
"BOOI4","2022-06-14 04:00",78.1159999999999,81.3,0,0,13.71,198.2,0.00204724409448819,76.8019999999999,72.59,64.94,58.4599999999999,39.3,30,27.9
"BOOI4","2022-06-14 05:00",77.738,82.2,3.6,0,12.09,198.6,0.00165354330708661,76.082,72.59,64.9939999999999,58.4779999999999,39.3,29.7,27.9
"BOOI4","2022-06-14 06:00",77.7019999999999,81.7,15498,0,11.66,194.7,0.00153543307086614,75.488,72.572,65.0839999999999,58.496,39.3,29.7,27.9
"BOOI4","2022-06-14 07:00",79.988,75.87,321120,0,13.38,195.6,0.00641732283464567,75.164,72.5179999999999,65.138,58.514,39.3,29.5,27.8
"BOOI4","2022-06-14 08:00",82.6159999999999,67.82,908280,0,18.77,196.6,0.0146850393700787,75.6679999999999,72.446,65.2279999999999,58.5319999999999,39.3,29,27.8
"BOOI4","2022-06-14 09:00",85.7659999999999,61.48,1472040,0,20.63,202,0.0223622047244094,76.5679999999999,72.356,65.264,58.514,39.2,28.9,27.8
"BOOI4","2022-06-14 10:00",88.1779999999999,55.65,2034000,0,20.49,210.9,0.0297244094488189,78.0619999999999,72.2839999999999,65.372,58.5499999999999,39.2,28.8,27.8
"BOOI4","2022-06-14 11:00",90.9319999999999,50.61,2442960,0,21.47,206.9,0.0360629921259843,80.5999999999999,72.2119999999999,65.4619999999999,58.5859999999999,39.2,28.7,27.8
"BOOI4","2022-06-14 12:00",92.5699999999999,46.56,2919600,0,21.83,208,0.0425196850393701,83.2099999999999,72.1579999999999,65.48,58.5859999999999,39.2,28.6,27.8
"BOOI4","2022-06-14 13:00",94.9099999999999,44.19,3153600,0,21.59,209.9,0.0466535433070866,85.64,72.1759999999999,65.5519999999999,58.6039999999999,39.2,28.5,27.8
"BOOI4","2022-06-14 14:00",95.0539999999999,43.05,3189600,0,22.37,215.9,0.049251968503937,87.5839999999999,72.248,65.606,58.622,39.2,28.5,27.8
"BOOI4","2022-06-14 15:00",95.612,43.36,3027600,0,23.11,210.9,0.0492913385826772,88.772,72.374,65.624,58.64,39.2,28.3,27.8
"BOOI4","2022-06-14 16:00",96.6019999999999,43.9,2687760,0,21.98,210.5,0.0463385826771654,89.3839999999999,72.59,65.696,58.64,39.2,28.3,27.8
"BOOI4","2022-06-14 17:00",95.2699999999999,46.81,2185920,0,19.84,213.5,0.0401968503937008,89.438,72.8419999999999,65.7499999999999,58.6759999999999,39.2,28.2,27.8
"BOOI4","2022-06-14 18:00",94.5679999999999,46.34,1714320,0,18.43,226.8,0.0350787401574803,89.3659999999999,73.1839999999999,65.8039999999999,58.6759999999999,39.2,28.2,27.8
"BOOI4","2022-06-14 19:00",92.498,52.81,826920,0,14.37,217.9,0.0232283464566929,89.0599999999999,73.5079999999999,65.8579999999999,58.6939999999999,39.2,28,27.8
"BOOI4","2022-06-14 20:00",89.8339999999999,57.54,300240,0,11.37,211.5,0.0150393700787402,88.1419999999999,73.8499999999999,65.8939999999999,58.73,39.2,28,27.8
"BOOI4","2022-06-14 21:00",86.756,65.97,25736.4,0,8.39,190,0.0084251968503937,86.6839999999999,74.1919999999999,65.948,58.748,39.2,27.8,27.8
"BOOI4","2022-06-14 22:00",85.4599999999999,68.85,507.6,0,9.55,186.6,0.00366141732283465,85.3699999999999,74.498,66.0199999999999,58.7839999999999,39.3,27.7,27.8
"BOOI4","2022-06-14 23:00",74.9659999999999,83.4,3.6,0.06,14.37,237.6,0.00295275590551181,84.0019999999999,74.7859999999999,66.0739999999999,58.7839999999999,39.2,27.5,27.9
"BOOI4","2022-06-15 00:00",69.188,92.4,75.6,0.08,13.19,267.1,0.00133858267716536,80.9419999999999,75.056,66.1279999999999,58.8019999999999,39.7,29.8,27.9
"BOOI4","2022-06-15 01:00",69.098,97.2,0,0.06,4.222,58.2,-0.000275590551181102,78.4939999999999,75.3619999999999,66.2899999999999,58.8199999999999,40.2,32.9,28.1
"BOOI4","2022-06-15 02:00",69.3679999999999,98.9,25.2,0.06,6.299,182.2,-0.000196850393700787,76.8019999999999,75.488,66.3439999999999,58.856,40.4,33,28.1
"BOOI4","2022-06-15 03:00",68.3419999999999,98.6,61.2,0.04,10.18,221.8,-3.93700787401575e-05,75.2539999999999,75.5599999999999,66.488,58.874,40.9,33.4,28.1
"BOOI4","2022-06-15 04:00",67.0999999999999,100,0,0.04,11.41,174.1,-0.00015748031496063,74.264,75.488,66.5599999999999,58.9099999999999,41.4,33.5,28.2
"BOOI4","2022-06-15 05:00",66.3619999999999,99.4,25.2,0.03,5.24,128.8,-0.000393700787401575,73.3819999999999,75.398,66.7039999999999,58.964,42,33.8,28.3
"BOOI4","2022-06-15 06:00",65.7859999999999,100,2059.2,0.02,7.779,101.9,-0.00031496062992126,72.572,75.2359999999999,66.7579999999999,59.0179999999999,43.2,33.8,28.3
"BOOI4","2022-06-15 07:00",66.2899999999999,97.4,49716,0.01,9.31,120.6,0.00047244094488189,72.14,74.9839999999999,66.8839999999999,59.072,43.2,33.8,28.4
"BOOI4","2022-06-15 08:00",67.6759999999999,93.1,188712,0.01,9.64,127.7,0.00188976377952756,71.996,74.732,66.938,59.1259999999999,43.2,33.8,28.4
"BOOI4","2022-06-15 09:00",70.538,89.1,376200,0,9.05,135.3,0.00389763779527559,72.014,74.4439999999999,67.046,59.1619999999999,43.2,33.8,28.4
"BOOI4","2022-06-15 10:00",76.532,82.4,1735560,0.01,11.57,137.3,0.012755905511811,73.1659999999999,74.2099999999999,67.0999999999999,59.1439999999999,43.2,33.8,28.4
"BOOI4","2022-06-15 11:00",72.032,89.2,777600,0.01,4.667,66.19,0.00712598425196851,74.8939999999999,73.8859999999999,67.172,59.198,43.2,33.8,28.4
"BOOI4","2022-06-15 12:00",71.7079999999999,90.2,620280,0.01,5.458,6.754,0.00531496062992126,74.8939999999999,73.6519999999999,67.2079999999999,59.2159999999999,43.1,33.7,28.4
"BOOI4","2022-06-15 13:00",72.9679999999999,90.5,761760,0,5.407,11.78,0.00622047244094488,75.0919999999999,73.4539999999999,67.2619999999999,59.2699999999999,43.1,33.7,28.4
"BOOI4","2022-06-15 14:00",77.4679999999999,87,1665360,0.01,3.973,357.5,0.0122834645669291,75.8839999999999,73.3099999999999,67.298,59.288,43.1,33.7,28.4
"BOOI4","2022-06-15 15:00",69.656,92.9,1501920,0,13.71,296.9,0.0111417322834646,77.414,73.13,67.3339999999999,59.288,43.2,33.7,28.4
"BOOI4","2022-06-15 16:00",67.838,86.5,1743840,0.01,11.97,338.4,0.0108661417322835,77.1439999999999,73.0039999999999,67.3699999999999,59.3599999999999,43.2,33.7,28.4
"BOOI4","2022-06-15 17:00",71.4019999999999,77.74,2116800,0,9.01,349.8,0.0146850393700787,77.2699999999999,72.9499999999999,67.3699999999999,59.3599999999999,43.2,33.7,28.4
"BOOI4","2022-06-15 18:00",71.888,76.53,1528200,0.01,4.256,353.5,0.0115354330708661,77.7739999999999,72.8779999999999,67.406,59.396,43.2,33.7,28.4
"BOOI4","2022-06-15 19:00",73.7419999999999,77.1,1094040,0,2.766,298,0.00799212598425197,78.0619999999999,72.8599999999999,67.406,59.396,43.1,33.7,28.4
"BOOI4","2022-06-15 20:00",73.1119999999999,78.73,586800,0.01,6.107,262.2,0.00515748031496063,77.522,72.8419999999999,67.4239999999999,59.432,43.1,33.7,28.5
"BOOI4","2022-06-15 21:00",69.7279999999999,89.6,145260,0,4.141,240.4,0.00062992125984252,75.9919999999999,72.8239999999999,67.4419999999999,59.4499999999999,43.2,33.7,28.5
"BOOI4","2022-06-15 22:00",67.4779999999999,95.1,1202.4,0,3.704,184.5,-0.000393700787401575,74.3179999999999,72.8419999999999,67.4419999999999,59.522,43.2,33.7,28.5
"BOOI4","2022-06-15 23:00",67.082,94.3,0,0,4.043,209.3,-0.00047244094488189,72.8419999999999,72.8239999999999,67.4239999999999,59.522,43.2,33.7,28.5
"BOOI4","2022-06-16 00:00",65.1019999999999,97.8,0,0.01,3.472,204.7,-0.000551181102362205,71.6179999999999,72.788,67.4239999999999,59.54,43.2,33.7,28.5
"BOOI4","2022-06-16 01:00",65.84,96.1,0,0,5.728,207.5,-0.000433070866141732,70.538,72.68,67.4419999999999,59.5759999999999,43.1,33.7,28.5
"BOOI4","2022-06-16 02:00",65.2099999999999,97.3,0,0,5.143,213.9,-0.000433070866141732,69.6739999999999,72.572,67.4599999999999,59.5939999999999,43.1,33.7,28.5
"BOOI4","2022-06-16 03:00",64.706,98,0,0,5.79,226.7,-0.000433070866141732,68.9179999999999,72.464,67.4419999999999,59.63,43.1,33.7,28.5
"BOOI4","2022-06-16 04:00",64.2739999999999,97.8,0,0.01,5.703,222.4,-0.00047244094488189,68.2519999999999,72.2659999999999,67.4599999999999,59.6659999999999,43.1,33.7,28.5
"BOOI4","2022-06-16 05:00",64.0759999999999,97.3,3.6,0,7.115,232,-0.000354330708661417,67.64,72.0679999999999,67.4419999999999,59.6839999999999,43.1,33.7,28.5
"BOOI4","2022-06-16 06:00",64.0039999999999,97.9,23162.4,0,7.578,239.9,-0.000275590551181102,67.082,71.8519999999999,67.4419999999999,59.7019999999999,43.1,33.7,28.5
"BOOI4","2022-06-16 07:00",66.1099999999999,94.7,339120,0,9.61,240.9,0.00106299212598425,66.8839999999999,71.6179999999999,67.4419999999999,59.7199999999999,43.1,33.7,28.5
"BOOI4","2022-06-16 08:00",69.44,85.3,893520,0,10.63,261.4,0.00547244094488189,67.6759999999999,71.3839999999999,67.4239999999999,59.756,43.1,33.7,28.5
"BOOI4","2022-06-16 09:00",72.482,75.28,1519560,0.01,11.47,265.9,0.0116535433070866,69.08,71.1499999999999,67.4419999999999,59.7739999999999,43.1,33.7,28.5
"BOOI4","2022-06-16 10:00",75.7939999999999,58.08,2131200,0,9.03,264.5,0.0176771653543307,70.9699999999999,70.898,67.406,59.8279999999999,43,33.7,28.5
"BOOI4","2022-06-16 11:00",79.0519999999999,54.17,2656440,0,9.34,277.8,0.0244488188976378,73.922,70.6999999999999,67.388,59.8279999999999,43,33.7,28.5
"BOOI4","2022-06-16 12:00",80.348,54.82,3056400,0,10.1,286,0.0288976377952756,76.9279999999999,70.556,67.3519999999999,59.846,43,33.7,28.5
"BOOI4","2022-06-16 13:00",81.9319999999999,49.54,3294000,0.01,10.16,277.9,0.0315748031496063,79.3579999999999,70.4659999999999,67.3159999999999,59.864,43,33.7,28.5
"BOOI4","2022-06-16 14:00",83.156,48.4,3326400,0,11.95,274.5,0.0338188976377953,80.798,70.3759999999999,67.298,59.8999999999999,43,33.7,28.5
"BOOI4","2022-06-16 15:00",83.8579999999999,47.84,3171600,0,12.12,272.8,0.0340157480314961,80.996,70.448,67.2619999999999,59.8999999999999,43.1,33.6,28.5
"BOOI4","2022-06-16 16:00",85.5679999999999,42.42,2840400,0,10.76,276.7,0.0319685039370079,81.1579999999999,70.538,67.2079999999999,59.9179999999999,43.1,33.6,28.5
"BOOI4","2022-06-16 17:00",86.8999999999999,40.31,2369880,0.01,10.79,272,0.0300393700787402,81.2839999999999,70.6999999999999,67.172,59.9539999999999,43,33.7,28.5
"BOOI4","2022-06-16 18:00",87.2599999999999,40.43,1737360,0,10.25,265.3,0.0258267716535433,81.2119999999999,70.9159999999999,67.1539999999999,59.9539999999999,43.1,33.7,28.5
"BOOI4","2022-06-16 19:00",86.6119999999999,43.7,1100520,0,7.688,264.2,0.0181102362204724,81.0679999999999,71.1499999999999,67.1179999999999,59.972,43.1,33.7,28.5
"BOOI4","2022-06-16 20:00",83.84,52.99,587880,0,5.912,234.4,0.0102755905511811,79.9339999999999,71.438,67.082,60.0079999999999,43.1,33.7,28.5
"BOOI4","2022-06-16 21:00",75.7759999999999,81.3,132336,0,3.662,251,0.00173228346456693,78.1339999999999,71.7619999999999,67.064,60.0079999999999,43.1,33.6,28.5
"BOOI4","2022-06-16 22:00",72.9679999999999,80.8,1710,0,3.779,253.6,0.00047244094488189,76.532,72.0679999999999,67.046,60.0439999999999,43.2,33.6,28.5
"BOOI4","2022-06-16 23:00",73.598,74.32,0,0.01,4.612,280.6,0.00110236220472441,75.1099999999999,72.2839999999999,67.046,60.0439999999999,43.1,33.6,28.5
"BOOI4","2022-06-17 00:00",73.0759999999999,70.57,0,0,2.498,303.8,0.000275590551181102,73.8679999999999,72.482,67.046,60.0619999999999,43.1,33.6,28.5
"BOOI4","2022-06-17 01:00",72.1759999999999,62.2,0,0,1.725,354.2,7.8740157480315e-05,72.788,72.59,67.046,60.08,43.1,33.5,28.5
"BOOI4","2022-06-17 02:00",69.4579999999999,69.23,0,0,0.821,345.2,-0.00078740157480315,71.8159999999999,72.6439999999999,67.046,60.098,43.1,33.5,28.5
"BOOI4","2022-06-17 03:00",68.7019999999999,73.07,0,0,0.021,292.5,-0.00153543307086614,71.0419999999999,72.6619999999999,67.064,60.1159999999999,43.1,33.6,28.5
"BOOI4","2022-06-17 04:00",68.09,72.9,0,0,0.257,306.2,-0.00125984251968504,70.34,72.59,67.082,60.1339999999999,42.3,33.6,28.5
"BOOI4","2022-06-17 05:00",67.9279999999999,70.92,75.6,0,1.56,352.7,-0.00031496062992126,69.638,72.5179999999999,67.1179999999999,60.1519999999999,42.2,33.6,28.5
"BOOI4","2022-06-17 06:00",67.5859999999999,71.27,25794,0.01,2.194,358.5,0.000118110236220472,68.9539999999999,72.374,67.1539999999999,60.1519999999999,42.2,33.6,28.4
"BOOI4","2022-06-17 07:00",68.9539999999999,71.31,307800,0,2.694,358.2,0.00177165354330709,68.5039999999999,72.248,67.172,60.1519999999999,42.1,33.6,28.4
"BOOI4","2022-06-17 08:00",72.338,69.07,899640,0,3.138,22.35,0.0065748031496063,69.1339999999999,72.0679999999999,67.2079999999999,60.1699999999999,42.1,33.6,28.5
"BOOI4","2022-06-17 09:00",75.164,61.29,1550520,0,5.26,26.12,0.0131889763779528,70.8619999999999,71.888,67.2259999999999,60.206,42,33.6,28.5
"BOOI4","2022-06-17 10:00",76.946,56.71,2130840,0,7.023,26,0.0192913385826772,72.3919999999999,71.7079999999999,67.2439999999999,60.206,41.9,33.6,28.5
"BOOI4","2022-06-17 11:00",78.296,54.18,2660400,0,5.77,25.93,0.0230314960629921,74.9659999999999,71.5279999999999,67.2259999999999,60.2239999999999,41.9,33.6,28.5
"BOOI4","2022-06-17 12:00",80.3839999999999,53.77,3060000,0,5.809,20.53,0.0264566929133858,78.3499999999999,71.4019999999999,67.2619999999999,60.2599999999999,41.9,33.6,28.5
"BOOI4","2022-06-17 13:00",81.914,52.41,3304800,0.01,6.92,26.41,0.029488188976378,81.014,71.3839999999999,67.2619999999999,60.2599999999999,41.8,33.6,28.5
"BOOI4","2022-06-17 14:00",83.0119999999999,43.96,3348000,0,6.35,37.83,0.0304724409448819,82.94,71.348,67.28,60.2419999999999,41.8,33.6,28.6
"BOOI4","2022-06-17 15:00",83.7859999999999,48.37,3186000,0,3.858,12.09,0.0280314960629921,84.038,71.4919999999999,67.2619999999999,60.2779999999999,41.9,33.6,28.6
"BOOI4","2022-06-17 16:00",85.2619999999999,45.63,2832840,0,4.499,47.22,0.0262204724409449,84.2899999999999,71.7079999999999,67.28,60.2779999999999,41.9,33.6,28.6
"BOOI4","2022-06-17 17:00",87.2779999999999,39.93,2359440,0,3.023,45.47,0.0213385826771654,84.3079999999999,71.9779999999999,67.2439999999999,60.296,41.9,33.6,28.6
"BOOI4","2022-06-17 18:00",85.406,44.57,1730520,0,3.746,54.61,0.0175196850393701,84.5779999999999,72.374,67.2439999999999,60.314,41.9,33.6,28.6
"BOOI4","2022-06-17 19:00",86.2339999999999,42.69,1108080,0,2.985,55.55,0.0116141732283465,84.4339999999999,72.806,67.2619999999999,60.332,41.1,33.6,28.6
"BOOI4","2022-06-17 20:00",82.832,53.51,608400,0.01,3.419,68.08,0.00740157480314961,83.1739999999999,73.256,67.2439999999999,60.3499999999999,41.1,33.6,28.6
"BOOI4","2022-06-17 21:00",77.7199999999999,62.85,145188,0,1.48,84.2,0.00031496062992126,81.014,73.6519999999999,67.2439999999999,60.3679999999999,41.1,33.6,28.6
"BOOI4","2022-06-17 22:00",73.2199999999999,75.12,1263.6,0,1.108,63.02,-0.000511811023622047,78.9619999999999,74.0839999999999,67.28,60.3499999999999,41.1,33.6,28.6
"BOOI4","2022-06-17 23:00",71.888,74.06,0,0,1.379,69.32,-0.00047244094488189,77.1259999999999,74.372,67.3159999999999,60.3859999999999,41.1,33.6,28.6
"BOOI4","2022-06-18 00:00",71.2579999999999,71.23,0,0,2.469,69.98,0.000118110236220472,75.5779999999999,74.6419999999999,67.3699999999999,60.422,41.1,33.6,28.6
"BOOI4","2022-06-18 01:00",67.64,80.6,0,0,2.799,81,0.000118110236220472,74.1919999999999,74.7679999999999,67.406,60.422,41,33.6,28.6
"BOOI4","2022-06-18 02:00",67.406,77.46,0,0,2.963,93.1,0.00015748031496063,72.9499999999999,74.8759999999999,67.4419999999999,60.422,41,33.6,28.6
"BOOI4","2022-06-18 03:00",65.9839999999999,79.42,0,0,4.38,81.8,0.000393700787401575,71.8159999999999,74.9119999999999,67.532,60.44,41,33.5,28.6
"BOOI4","2022-06-18 04:00",65.7499999999999,79.41,0,0,4.712,87.2,0.000393700787401575,70.8079999999999,74.84,67.5859999999999,60.4579999999999,40.9,33.5,28.6
"BOOI4","2022-06-18 05:00",64.2019999999999,82.9,86.4,0,4.845,88.2,0.000354330708661417,69.89,74.7499999999999,67.6759999999999,60.4759999999999,40.9,33.5,28.6
"BOOI4","2022-06-18 06:00",64.1839999999999,81.8,34452,0.01,2.761,93.2,-3.93700787401575e-05,69.0619999999999,74.588,67.7119999999999,60.4579999999999,40.8,33.5,28.6
"BOOI4","2022-06-18 07:00",66.9739999999999,77.46,350280,0,4.796,88.1,0.0021259842519685,68.63,74.39,67.8019999999999,60.5119999999999,40.7,33.5,28.6
"BOOI4","2022-06-18 08:00",70.3939999999999,69.32,815400,0,7.519,112.2,0.0075984251968504,68.99,74.1739999999999,67.856,60.5119999999999,40.7,33.5,28.6
"BOOI4","2022-06-18 09:00",72.6259999999999,65.03,1273680,0,9.67,121.6,0.0127952755905512,70.2679999999999,73.9579999999999,67.9099999999999,60.5119999999999,40.6,33.4,28.6
"BOOI4","2022-06-18 10:00",75.4159999999999,61.83,2079360,0,10.98,127.7,0.0194488188976378,71.6179999999999,73.7239999999999,67.9279999999999,60.53,40.6,33.4,28.5
"BOOI4","2022-06-18 11:00",77.4319999999999,60.38,2590200,0,12.24,129.6,0.0244488188976378,73.5439999999999,73.5079999999999,67.9999999999999,60.548,40.5,33.4,28.5
"BOOI4","2022-06-18 12:00",80.3119999999999,58.26,2980800,0,12.07,136,0.0278346456692913,76.3339999999999,73.3279999999999,68.0179999999999,60.548,40.5,33.4,28.5
"BOOI4","2022-06-18 13:00",81.698,54.55,3204000,0,13.24,128.1,0.031259842519685,79.3939999999999,73.2019999999999,68.0359999999999,60.5839999999999,40.6,33.4,28.5
"BOOI4","2022-06-18 14:00",82.6699999999999,54.64,3243600,0,14.05,128.1,0.0332283464566929,82.238,73.1659999999999,68.072,60.6199999999999,40.5,33.4,28.5
"BOOI4","2022-06-18 15:00",84.0019999999999,52.11,3092400,0,15.08,121.8,0.0336614173228346,84.2539999999999,73.238,68.09,60.6019999999999,40.5,33.4,28.5
"BOOI4","2022-06-18 16:00",84.6319999999999,51.78,2763720,0,15.11,121.5,0.0320472440944882,84.9019999999999,73.346,68.1079999999999,60.6199999999999,40.5,33.4,28.5
"BOOI4","2022-06-18 17:00",84.6859999999999,49.52,2267280,0,15.03,128.2,0.0295275590551181,84.4699999999999,73.598,68.09,60.656,40.5,33.4,28.5
"BOOI4","2022-06-18 18:00",83.8759999999999,49.96,1675440,0,14.29,138.6,0.0255511811023622,84.2539999999999,73.832,68.09,60.656,40.5,33.4,28.5
"BOOI4","2022-06-18 19:00",82.3279999999999,55.2,1017000,0.01,14.47,137.7,0.0207874015748032,83.8759999999999,74.138,68.1079999999999,60.6919999999999,40.5,33.4,28.5
"BOOI4","2022-06-18 20:00",80.0779999999999,59.67,499680,0,13.47,147.3,0.0148818897637795,82.688,74.4619999999999,68.1259999999999,60.6919999999999,40.5,33.3,28.5
"BOOI4","2022-06-18 21:00",77.3419999999999,61.88,105228,0,9.21,139.6,0.00712598425196851,80.996,74.7679999999999,68.1439999999999,60.7099999999999,40.5,33.3,28.5
"BOOI4","2022-06-18 22:00",75.2179999999999,66.6,1274.4,0,7.361,139.6,0.00259842519685039,79.3039999999999,75.0199999999999,68.1619999999999,60.7279999999999,40.5,33.3,28.5
"BOOI4","2022-06-18 23:00",73.8499999999999,68.22,0,0,9.75,130.6,0.00267716535433071,77.8819999999999,75.2359999999999,68.198,60.746,40.5,33.3,28.5
"BOOI4","2022-06-19 00:00",72.3199999999999,70.71,0,0,8.18,136.1,0.00208661417322835,76.622,75.3619999999999,68.2159999999999,60.764,40.5,33.3,28.5
"BOOI4","2022-06-19 01:00",70.6999999999999,74.5,0,0,8.41,143.6,0.0018503937007874,75.5239999999999,75.4699999999999,68.2699999999999,60.764,40.4,33.3,28.5
"BOOI4","2022-06-19 02:00",69.6739999999999,75.64,0,0,6.392,140.6,0.00125984251968504,74.5519999999999,75.4699999999999,68.306,60.7819999999999,40.4,33.3,28.5
"BOOI4","2022-06-19 03:00",68.396,77.78,0,0,9.16,131.9,0.00153543307086614,73.688,75.4519999999999,68.3599999999999,60.8179999999999,40.4,33.3,28.5
"BOOI4","2022-06-19 04:00",67.64,78.36,0,0,9.09,140.8,0.0012992125984252,72.8779999999999,75.3439999999999,68.4319999999999,60.8179999999999,40.3,33.3,28.5
"BOOI4","2022-06-19 05:00",66.6679999999999,79.86,3.6,0,7.578,144.7,0.00106299212598425,72.1759999999999,75.2359999999999,68.4859999999999,60.8359999999999,40.3,33.3,28.5
"BOOI4","2022-06-19 06:00",66.6859999999999,78.51,16308,0,8.68,141.5,0.00110236220472441,71.4919999999999,75.0919999999999,68.5399999999999,60.872,40.3,33.3,28.5
"BOOI4","2022-06-19 07:00",68.738,71.42,275436,0,9.39,151.5,0.00476377952755906,71.006,74.93,68.5759999999999,60.9079999999999,40.2,33.3,28.5
"BOOI4","2022-06-19 08:00",71.546,60.98,818280,0,11.92,155.3,0.0108661417322835,71.2039999999999,74.732,68.63,60.89,40.2,33.3,28.5
"BOOI4","2022-06-19 09:00",73.9579999999999,59.71,1419480,0.01,14.27,168.1,0.017007874015748,72.338,74.5519999999999,68.6839999999999,60.9079999999999,40.1,33.3,28.5
"BOOI4","2022-06-19 10:00",77.2339999999999,57.05,1987920,0,15.66,177.4,0.022992125984252,73.4539999999999,74.2999999999999,68.6839999999999,60.9079999999999,40.1,33.3,28.5
"BOOI4","2022-06-19 11:00",81.7159999999999,54.19,2511360,0,15.73,181.2,0.027992125984252,75.38,74.1199999999999,68.7199999999999,60.9259999999999,40.1,33.3,28.5
"BOOI4","2022-06-19 12:00",83.7499999999999,54.71,2908800,0,14.49,184.2,0.0311417322834646,78.2779999999999,73.9579999999999,68.7199999999999,60.9439999999999,40,33.3,28.5
"BOOI4","2022-06-19 13:00",85.406,57.37,3150000,0,12.9,174.6,0.0323622047244094,81.3919999999999,73.8499999999999,68.7739999999999,60.98,40,33.3,28.5
"BOOI4","2022-06-19 14:00",86.7919999999999,57.81,3232800,0,12.42,165.9,0.0327952755905512,84.2179999999999,73.832,68.756,60.998,40,33.3,28.5
"BOOI4","2022-06-19 15:00",88.7539999999999,57.07,3096000,0,13.37,168.9,0.0333070866141732,86.2159999999999,73.922,68.756,60.998,40,33.3,28.5
"BOOI4","2022-06-19 16:00",89.1499999999999,57.29,2761560,0,14.03,167.1,0.0318503937007874,86.7919999999999,74.0659999999999,68.756,61.0519999999999,40,33.2,28.5
"BOOI4","2022-06-19 17:00",91.112,54.09,2187720,0,13.67,173.5,0.028503937007874,86.6839999999999,74.3179999999999,68.756,61.0519999999999,40.1,33.2,28.5
"BOOI4","2022-06-19 18:00",90.3919999999999,56.43,1692360,0,14.65,177.6,0.0256692913385827,86.846,74.624,68.7739999999999,61.0699999999999,40,33.2,28.5
"BOOI4","2022-06-19 19:00",88.0699999999999,61.99,1057680,0,13.33,172.1,0.0192913385826772,86.8279999999999,74.9839999999999,68.7739999999999,61.088,40.1,33.2,28.5
"BOOI4","2022-06-19 20:00",85.4599999999999,66.43,552960,0,12.89,169.9,0.0136614173228346,85.856,75.3259999999999,68.756,61.124,40.1,33.2,28.5
"BOOI4","2022-06-19 21:00",82.0759999999999,72.58,108900,0,10.81,167.8,0.00732283464566929,84.2539999999999,75.6859999999999,68.7919999999999,61.106,40.1,33.2,28.5
"BOOI4","2022-06-19 22:00",80.1319999999999,76.07,1202.4,0,9.25,164.7,0.00228346456692913,82.6339999999999,76.0279999999999,68.8099999999999,61.1419999999999,40.1,33.2,28.5
"BOOI4","2022-06-19 23:00",78.1519999999999,79.15,3.6,0,8.89,164.1,0.0018503937007874,81.2839999999999,76.298,68.864,61.1599999999999,40.1,33.2,28.5
"BOOI4","2022-06-20 00:00",77.3599999999999,78.92,0,0,8.53,169.8,0.00149606299212598,80.0419999999999,76.496,68.8999999999999,61.1599999999999,40.1,33,28.4
"BOOI4","2022-06-20 01:00",76.0999999999999,80.1,0,0,9.93,179.8,0.0015748031496063,79.0159999999999,76.6579999999999,68.9359999999999,61.1779999999999,40.1,32.9,28.4
"BOOI4","2022-06-20 02:00",75.2539999999999,80,0,0,9.32,186.5,0.00145669291338583,78.0619999999999,76.7119999999999,68.972,61.214,40.1,32.8,28.4
"BOOI4","2022-06-20 03:00",74.1919999999999,82.1,0,0,8.92,192.5,0.00125984251968504,77.2159999999999,76.7119999999999,69.0259999999999,61.2499999999999,40.1,32.8,28.4
"BOOI4","2022-06-20 04:00",73.0039999999999,85.7,0,0,7.895,193.1,0.000905511811023622,76.4599999999999,76.6759999999999,69.1159999999999,61.2499999999999,40,32.6,28.4
"BOOI4","2022-06-20 05:00",71.8519999999999,88.3,0,0,5.742,185.8,0.00031496062992126,75.74,76.5859999999999,69.1519999999999,61.2859999999999,40,32.6,28.4
"BOOI4","2022-06-20 06:00",71.1499999999999,89,22226.4,0,5.339,162.4,0.000196850393700787,75.0739999999999,76.496,69.2239999999999,61.2859999999999,40,32.5,28.4
"BOOI4","2022-06-20 07:00",72.8419999999999,84.1,310680,0,6.368,164.1,0.00216535433070866,74.606,76.388,69.2779999999999,61.322,39.9,32.4,28.4
"BOOI4","2022-06-20 08:00",76.532,74.44,851760,0.01,10.22,180.1,0.00846456692913386,74.822,76.2079999999999,69.314,61.322,39.9,31.3,28.4
"BOOI4","2022-06-20 09:00",79.772,69.33,1453680,0,12.87,201.4,0.0155511811023622,76.0099999999999,76.0279999999999,69.3859999999999,61.3579999999999,39.9,31.2,28.4
"BOOI4","2022-06-20 10:00",82.706,65.53,2040120,0,14.16,210.1,0.0216535433070866,77.0539999999999,75.8659999999999,69.3859999999999,61.3759999999999,39.8,30.6,28.4
"BOOI4","2022-06-20 11:00",86.3779999999999,61.17,2552760,0,14.86,210.9,0.0272047244094488,78.98,75.7039999999999,69.4579999999999,61.3759999999999,39.8,30.5,28.4
"BOOI4","2022-06-20 12:00",87.782,57.51,2937600,0,15.52,208.1,0.0324409448818898,81.9499999999999,75.5779999999999,69.4759999999999,61.4119999999999,39.8,30.5,28.4
"BOOI4","2022-06-20 13:00",90.2839999999999,55.02,3164400,0,15.75,201.3,0.0359448818897638,84.722,75.5419999999999,69.5119999999999,61.4119999999999,39.8,30.2,28.4
"BOOI4","2022-06-20 14:00",91.2019999999999,51.78,3204000,0,15.65,196.9,0.0382677165354331,87.08,75.5599999999999,69.53,61.43,39.8,30.2,28.4
"BOOI4","2022-06-20 15:00",91.9759999999999,54.23,3045600,0,14.87,195.4,0.0375984251968504,88.3939999999999,75.6319999999999,69.5659999999999,61.4659999999999,39.8,30.1,28.4
"BOOI4","2022-06-20 16:00",92.5159999999999,51.09,2721960,0,15.52,190.5,0.0362598425196851,88.7539999999999,75.8119999999999,69.5659999999999,61.4839999999999,39.8,29.9,28.4
"BOOI4","2022-06-20 17:00",92.6779999999999,52.61,2252160,0,15.68,190.9,0.0331496062992126,88.664,76.046,69.6019999999999,61.5199999999999,39.8,29.9,28.4
"BOOI4","2022-06-20 18:00",91.814,56.2,1657440,0,15.32,181.8,0.0275196850393701,88.7899999999999,76.3699999999999,69.6019999999999,61.5199999999999,39.8,29.8,28.4
"BOOI4","2022-06-20 19:00",90.8239999999999,58.06,1045440,0,16.21,183.3,0.0233070866141732,88.646,76.6759999999999,69.6199999999999,61.538,39.8,29.8,28.4
"BOOI4","2022-06-20 20:00",87.5119999999999,64.29,557280,0,13.5,173.6,0.0153149606299213,87.5839999999999,77.0539999999999,69.638,61.556,39.9,29.6,28.4
"BOOI4","2022-06-20 21:00",84.38,67.79,121212,0,12.78,177.2,0.00937007874015748,86.0539999999999,77.414,69.6919999999999,61.5739999999999,39.9,29.6,28.4
"BOOI4","2022-06-20 22:00",82.49,70.44,957.6,0,11.77,180.3,0.00350393700787402,84.506,77.738,69.7099999999999,61.6099999999999,39.8,29.3,28.4
"BOOI4","2022-06-20 23:00",80.8519999999999,71.84,0,0,10.5,181.6,0.0028740157480315,83.138,77.99,69.746,61.6279999999999,39.9,29.1,28.3
"BOOI4","2022-06-21 00:00",79.7539999999999,74.41,0,0,10.58,188.3,0.00259842519685039,82.0039999999999,78.1699999999999,69.7999999999999,61.6099999999999,39.9,29.1,28.3
"BOOI4","2022-06-21 01:00",79.2499999999999,76.26,0,0,11.73,196.9,0.00248031496062992,80.996,78.2779999999999,69.8539999999999,61.646,39.9,28.9,28.3
"BOOI4","2022-06-21 02:00",79.0519999999999,76.16,0,0,11.65,202.2,0.00224409448818898,80.1499999999999,78.3679999999999,69.9079999999999,61.664,39.8,28.8,28.3
"BOOI4","2022-06-21 03:00",80.114,72.33,0,0,13.23,210.6,0.00271653543307087,79.448,78.3679999999999,69.98,61.682,39.8,28.7,28.3
"BOOI4","2022-06-21 04:00",79.448,73.91,0,0,14.43,214.7,0.00299212598425197,78.89,78.332,70.0699999999999,61.7179999999999,39.8,28.5,28.3
"BOOI4","2022-06-21 05:00",78.998,76.12,3.6,0,13.56,222.9,0.00259842519685039,78.4039999999999,78.2599999999999,70.124,61.7359999999999,39.8,28.4,28.3
"BOOI4","2022-06-21 06:00",78.206,78.93,16833.6,0,11.22,226.9,0.00200787401574803,77.99,78.1339999999999,70.1779999999999,61.7539999999999,39.7,28.3,28.3
"BOOI4","2022-06-21 07:00",79.6999999999999,78.11,282780,0,11.27,227,0.00582677165354331,77.6659999999999,78.0079999999999,70.232,61.7359999999999,39.7,28.2,28.4
"BOOI4","2022-06-21 08:00",81.5539999999999,76.65,821520,0,13.64,228.8,0.0106692913385827,77.9539999999999,77.8819999999999,70.3039999999999,61.772,39.7,28.1,28.4
"BOOI4","2022-06-21 09:00",84.3079999999999,72.01,1422360,0,14.22,233.4,0.0157874015748031,78.9079999999999,77.7019999999999,70.3579999999999,61.8079999999999,39.6,28,28.4
"BOOI4","2022-06-21 10:00",86.738,66.29,2017440,0,13.41,246.3,0.0217716535433071,79.9519999999999,77.5759999999999,70.4119999999999,61.8619999999999,39.6,27.9,28.4
"BOOI4","2022-06-21 11:00",87.9619999999999,63.85,2489040,0,13.98,256.3,0.027244094488189,81.5179999999999,77.4319999999999,70.448,61.88,39.6,27.7,28.4
"BOOI4","2022-06-21 12:00",89.114,61.81,2944800,0,12.68,266.3,0.0307086614173228,84.3259999999999,77.3239999999999,70.5019999999999,61.8619999999999,39.6,27.6,28.4
"BOOI4","2022-06-21 13:00",89.1319999999999,54.32,3056400,0,12.15,290.4,0.032244094488189,87.332,77.306,70.538,61.898,39.6,27.5,28.4
"BOOI4","2022-06-21 14:00",90.3199999999999,47.95,3218400,0,11.66,287.3,0.0358267716535433,89.8339999999999,77.3419999999999,70.5919999999999,61.9339999999999,39.6,27.4,28.4
"BOOI4","2022-06-21 15:00",91.1659999999999,45.53,3060000,0,9.74,285.1,0.0343700787401575,90.6439999999999,77.4499999999999,70.5919999999999,61.9519999999999,39.6,27.3,28.4
"BOOI4","2022-06-21 16:00",91.9939999999999,43.09,2732760,0,10.14,302,0.0334645669291339,91.0759999999999,77.648,70.6279999999999,61.9519999999999,39.6,27.3,28.4
"BOOI4","2022-06-21 17:00",91.6159999999999,39.89,2278080,0,8.15,321.8,0.0283070866141732,91.2199999999999,77.8819999999999,70.646,61.9519999999999,39.6,27.3,28.4
"BOOI4","2022-06-21 18:00",86.648,39.85,1625400,0,10.64,335.9,0.0264566929133858,91.256,78.2419999999999,70.6819999999999,61.988,39.6,27.1,28.4
"BOOI4","2022-06-21 19:00",84.74,38.28,831240,0,9.33,325.9,0.0192125984251969,90.356,78.5659999999999,70.6999999999999,62.006,39.6,27.1,28.4
"BOOI4","2022-06-21 20:00",83.48,42.58,597960,0,6.454,331.1,0.0123622047244095,88.6099999999999,78.9259999999999,70.7359999999999,62.0599999999999,39.7,27.1,28.4
"BOOI4","2022-06-21 21:00",78.3679999999999,53.18,120960,0,4.113,301,0.0037007874015748,86.63,79.2859999999999,70.7539999999999,62.0419999999999,39.7,27,28.4
"BOOI4","2022-06-21 22:00",75.506,59.77,1317.6,0,4.313,298.6,0.00240157480314961,84.74,79.5199999999999,70.772,62.0779999999999,39.6,26.8,28.4
"BOOI4","2022-06-21 23:00",74.3539999999999,55.53,0,0,3.051,309,0.00169291338582677,83.0659999999999,79.7539999999999,70.8439999999999,62.096,39.6,26.8,28.4
"BOOI4","2022-06-22 00:00",72.698,54.18,0,0,3.839,311,0.00220472440944882,81.6619999999999,79.88,70.9339999999999,62.1499999999999,39.6,26.7,28.5
"BOOI4","2022-06-22 01:00",71.888,53.97,0,0,4.252,309,0.00228346456692913,80.3659999999999,79.9339999999999,70.9519999999999,62.1679999999999,39.6,26.5,28.5
"BOOI4","2022-06-22 02:00",71.222,55.51,0,0,4.443,302.4,0.00236220472440945,79.322,79.9339999999999,71.0419999999999,62.1859999999999,39.6,26.5,28.5
"BOOI4","2022-06-22 03:00",70.646,56.07,0,0,3.852,289.9,0.0018503937007874,78.3859999999999,79.8439999999999,71.096,62.2039999999999,39.6,26.4,28.5
"BOOI4","2022-06-22 04:00",67.7659999999999,64.53,0,0,5.616,282.5,0.00208661417322835,77.4319999999999,79.7179999999999,71.1859999999999,62.24,39.6,26.3,28.5
"BOOI4","2022-06-22 05:00",66.596,68.35,72,0,5.013,276.3,0.00145669291338583,76.4599999999999,79.538,71.2579999999999,62.2579999999999,39.5,26.3,28.5
"BOOI4","2022-06-22 06:00",66.146,66.86,18262.8,0,6.455,287.1,0.0018503937007874,75.6319999999999,79.3579999999999,71.3119999999999,62.2759999999999,39.5,26.2,28.5
"BOOI4","2022-06-22 07:00",69.53,63.61,268920,0,5.231,302.2,0.00366141732283465,74.93,79.088,71.3659999999999,62.2939999999999,39.5,26.1,28.5
"BOOI4","2022-06-22 08:00",75.146,54.83,769680,0,5.279,317.9,0.0084251968503937,74.9839999999999,78.89,71.456,62.3119999999999,39.4,26.1,28.5
"BOOI4","2022-06-22 09:00",76.7119999999999,53.22,1520280,0,6.508,336.4,0.0153149606299213,76.3159999999999,78.6019999999999,71.4739999999999,62.348,39.4,26,28.5
"BOOI4","2022-06-22 10:00",77.2159999999999,53.88,1512720,0,6.498,337,0.0164173228346457,77.972,78.332,71.5279999999999,62.3839999999999,39.3,26,28.5
"BOOI4","2022-06-22 11:00",79.8439999999999,48.18,2508840,0,6.676,335.5,0.0236614173228346,78.998,78.08,71.564,62.3839999999999,39.4,25.9,28.5
"BOOI4","2022-06-22 12:00",82.2019999999999,45.31,2923200,0,8.6,319.4,0.0288976377952756,81.032,77.846,71.582,62.4199999999999,39.3,25.9,28.5
"BOOI4","2022-06-22 13:00",82.832,42.37,3150000,0,8.61,309.7,0.0317322834645669,83.588,77.7199999999999,71.5999999999999,62.456,39.3,25.8,28.4
"BOOI4","2022-06-22 14:00",84.9199999999999,39.42,3186000,0,8.58,298,0.0331102362204724,85.8199999999999,77.6119999999999,71.5999999999999,62.456,39.3,25.8,28.4
"BOOI4","2022-06-22 15:00",85.6039999999999,39.17,3038400,0,7.816,310.3,0.0321259842519685,86.846,77.648,71.6359999999999,62.4919999999999,39.2,25.8,28.4
"BOOI4","2022-06-22 16:00",86.288,37.51,2720160,0,7.248,312.2,0.0299212598425197,87.4039999999999,77.7919999999999,71.6539999999999,62.5279999999999,39.3,25.8,28.4
"BOOI4","2022-06-22 17:00",87.08,36.71,2262240,0,5.702,311.9,0.0248818897637795,87.9079999999999,77.9539999999999,71.6359999999999,62.5279999999999,39.3,25.7,28.4
"BOOI4","2022-06-22 18:00",86.2159999999999,35.88,1672920,0,6.629,313,0.0218110236220472,88.646,78.2239999999999,71.6359999999999,62.564,39.3,25.7,28.4
"BOOI4","2022-06-22 19:00",86.972,37.31,1065960,0,4.763,313.1,0.0148818897637795,88.6999999999999,78.5119999999999,71.5999999999999,62.5999999999999,39.3,25.7,28.4
"BOOI4","2022-06-22 20:00",85.1539999999999,41.75,576720,0,2.522,17.08,0.0065748031496063,87.5839999999999,78.8539999999999,71.6539999999999,62.6359999999999,39.3,25.7,28.4
"BOOI4","2022-06-22 21:00",79.988,47.64,134316,0,0.55,17.35,-0.00114173228346457,85.6939999999999,79.1599999999999,71.6179999999999,62.6179999999999,39.3,25.6,28.4
"BOOI4","2022-06-22 22:00",76.3519999999999,53.99,2059.2,0,0.005,12.6,-0.00173228346456693,83.8579999999999,79.4839999999999,71.6359999999999,62.69,39.3,25.6,28.5
"BOOI4","2022-06-22 23:00",73.346,66.72,0,0,0.094,264.5,-0.00141732283464567,82.256,79.6999999999999,71.672,62.7079999999999,39.3,25.5,28.5
"BOOI4","2022-06-23 00:00",71.78,66.61,0,0,0.349,256.8,-0.00110236220472441,80.8699999999999,79.898,71.7079999999999,62.7259999999999,39.3,25.5,28.5
"BOOI4","2022-06-23 01:00",72.4099999999999,65.13,0,0,0.733,207.4,-0.000669291338582677,79.7359999999999,79.9519999999999,71.7439999999999,62.7439999999999,39.3,25.4,28.5
"BOOI4","2022-06-23 02:00",71.69,62.86,0,0,1.783,211.8,0.000118110236220472,78.7099999999999,79.9519999999999,71.798,62.78,39.3,25.4,28.5
"BOOI4","2022-06-23 03:00",71.546,63.66,0,0,0.762,221.8,-0.000708661417322835,77.756,79.898,71.8339999999999,62.798,39.3,25.4,28.4
"BOOI4","2022-06-23 04:00",68.3239999999999,77.16,0,0,1.401,208.8,-0.000275590551181102,76.9099999999999,79.8079999999999,71.8699999999999,62.816,39.2,25.3,28.4
"BOOI4","2022-06-23 05:00",67.046,79.4,14.4,0,3.915,235.6,0.000551181102362205,76.0999999999999,79.646,71.9419999999999,62.8519999999999,39.2,25.3,28.4
"BOOI4","2022-06-23 06:00",66.9199999999999,80.6,20520,0,3.594,245.6,0.000236220472440945,75.398,79.448,71.9599999999999,62.8519999999999,39.2,25.3,28.4
"BOOI4","2022-06-23 07:00",69.2779999999999,80.3,258840,0,2.811,250.9,0.0012992125984252,74.8759999999999,79.2859999999999,72.032,62.8519999999999,39.1,25.3,28.4
"BOOI4","2022-06-23 08:00",76.2259999999999,63.76,837360,0,3.708,236.5,0.00677165354330709,75.0739999999999,79.0519999999999,72.0679999999999,62.906,39.1,25.2,28.5
"BOOI4","2022-06-23 09:00",80.6539999999999,49.5,1415520,0,2.659,219.7,0.0117716535433071,76.3699999999999,78.782,72.0859999999999,62.9599999999999,39.1,25.2,28.5
"BOOI4","2022-06-23 10:00",82.3279999999999,46.21,1996200,0,6.326,229.2,0.0212992125984252,77.6839999999999,78.548,72.122,62.9779999999999,39.1,25.1,28.5
"BOOI4","2022-06-23 11:00",84.5599999999999,45.22,2518920,0,8.59,217.2,0.0272834645669291,78.782,78.314,72.1759999999999,62.9779999999999,39,25.1,28.5
"BOOI4","2022-06-23 12:00",87.6739999999999,40.1,2832120,0,10.46,210.2,0.0327165354330709,80.5999999999999,78.1339999999999,72.1939999999999,63.0319999999999,39,25.1,28.4
"BOOI4","2022-06-23 13:00",88.6819999999999,36.4,3132000,0,12.46,196.2,0.038503937007874,82.598,78.0259999999999,72.2119999999999,63.0499999999999,39,25,28.4
"BOOI4","2022-06-23 14:00",89.222,39.74,2984400,0,12.98,197.2,0.0384645669291339,84.74,77.972,72.1939999999999,63.0679999999999,39,25,28.4
"BOOI4","2022-06-23 15:00",90.14,41.66,3020400,0,15.24,209.6,0.0410236220472441,86.3599999999999,78.0259999999999,72.1939999999999,63.0679999999999,38.9,25,28.4
"BOOI4","2022-06-23 16:00",87.098,41.83,2671920,0,17.66,218.7,0.0390551181102362,86.8819999999999,78.206,72.1759999999999,63.1039999999999,39,25,28.4
"BOOI4","2022-06-23 17:00",85.7119999999999,40.34,2210760,0,16.24,215.5,0.0346850393700788,86.9539999999999,78.4039999999999,72.1939999999999,63.1039999999999,39,25,28.4
"BOOI4","2022-06-23 18:00",85.4779999999999,43.65,1648080,0,14.15,200.3,0.0284251968503937,87.2419999999999,78.6739999999999,72.1759999999999,63.14,39,25,28.4
"BOOI4","2022-06-23 19:00",82.922,48.4,1007280,0,11.77,177.7,0.0202755905511811,86.9359999999999,78.98,72.1759999999999,63.1939999999999,39,25,28.4
"BOOI4","2022-06-23 20:00",81.2839999999999,54.9,544680,0,9.44,174.8,0.0133464566929134,85.8019999999999,79.2499999999999,72.1939999999999,63.2119999999999,39,25,28.4
"BOOI4","2022-06-23 21:00",77.8819999999999,63.49,132732,0,7.98,184.9,0.00688976377952756,84.2539999999999,79.5019999999999,72.1939999999999,63.2119999999999,39,24.9,28.5
"BOOI4","2022-06-23 22:00",74.282,73.22,1353.6,0,5.328,197.1,0.0018503937007874,82.814,79.7359999999999,72.2119999999999,63.248,39,24.9,28.5
"BOOI4","2022-06-23 23:00",73.13,75.34,0,0,3.771,188.8,0.000748031496062992,81.5179999999999,79.9519999999999,72.23,63.2659999999999,39,24.8,28.5
"BOOI4","2022-06-24 00:00",71.888,75.93,0,0,4.044,194.9,0.00078740157480315,80.348,80.0779999999999,72.23,63.2659999999999,39,24.8,28.5
"BOOI4","2022-06-24 01:00",70.5199999999999,80.6,0,0,1.034,185.4,-0.000590551181102362,79.3039999999999,80.096,72.2659999999999,63.3199999999999,39,24.7,28.5
"BOOI4","2022-06-24 02:00",71.348,82.6,0,0,1.487,169.4,-0.000433070866141732,78.53,80.096,72.3019999999999,63.338,39,24.7,28.5
"BOOI4","2022-06-24 03:00",71.8159999999999,85,0,0,4.132,166.7,0.000354330708661417,77.9539999999999,80.0419999999999,72.374,63.356,39,24.7,28.5
"BOOI4","2022-06-24 04:00",73.2919999999999,79.46,0,0,5.921,174.4,0.000748031496062992,77.4859999999999,79.9159999999999,72.3919999999999,63.356,39,24.6,28.5
"BOOI4","2022-06-24 05:00",68.2339999999999,97.3,3.6,0.08,9.92,206.9,0.000866141732283465,77.0539999999999,79.8259999999999,72.4279999999999,63.4099999999999,38.9,24.6,28.5
"BOOI4","2022-06-24 06:00",65.9119999999999,95.8,3276,0.04,13.78,170.9,0.000236220472440945,75.488,79.6279999999999,72.5179999999999,63.446,39.3,24.9,28.5
"BOOI4","2022-06-24 07:00",67.622,89.3,94068,0.02,12.78,161.2,0.00216535433070866,74.282,79.4839999999999,72.5539999999999,63.446,39.4,24.9,28.5
"BOOI4","2022-06-24 08:00",68.846,89.7,363600,0.01,11.48,164.8,0.00448818897637795,73.796,79.2499999999999,72.59,63.464,39.2,24.9,28.5
"BOOI4","2022-06-24 09:00",67.5679999999999,94.3,209844,0.01,10.79,176.2,0.00291338582677165,73.472,79.0339999999999,72.6259999999999,63.4819999999999,39.6,25,28.5
"BOOI4","2022-06-24 10:00",69.3499999999999,92.3,403920,0,10.18,152.6,0.00377952755905512,73.238,78.764,72.6619999999999,63.4999999999999,39.5,25.1,28.6
"BOOI4","2022-06-24 11:00",72.374,87.4,936360,0.01,11.23,157.6,0.00716535433070866,73.4179999999999,78.4759999999999,72.698,63.572,39.3,25.2,28.5
"BOOI4","2022-06-24 12:00",73.472,84.6,2264400,0,13.32,165.2,0.0156692913385827,74.6419999999999,78.188,72.698,63.572,39.3,25.2,28.5
"BOOI4","2022-06-24 13:00",75.9739999999999,78.58,2980800,0.01,15.37,157,0.0210629921259843,75.956,77.9359999999999,72.7339999999999,63.5899999999999,39.2,25.1,28.5
"BOOI4","2022-06-24 14:00",78.3859999999999,78.48,3200400,0,14.39,163.8,0.0238188976377953,77.7919999999999,77.6659999999999,72.7339999999999,63.5899999999999,39.1,25.2,28.5
"BOOI4","2022-06-24 15:00",80.006,76.6,3049200,0.01,13.12,167.9,0.0239370078740157,79.5919999999999,77.4859999999999,72.7159999999999,63.6259999999999,39.1,25.2,28.5
"BOOI4","2022-06-24 16:00",81.1759999999999,75.33,2763720,0,11.87,159.5,0.0231496062992126,80.0419999999999,77.3599999999999,72.698,63.698,39,25.2,28.5
"BOOI4","2022-06-24 17:00",81.1039999999999,74.17,2072880,0.01,11.94,152.9,0.0194488188976378,80.2939999999999,77.2699999999999,72.6619999999999,63.698,39,25.2,28.5
"BOOI4","2022-06-24 18:00",79.1599999999999,77.35,1652400,0,12.46,138.7,0.0155511811023622,80.5099999999999,77.2519999999999,72.6259999999999,63.7159999999999,39,25.2,28.5
"BOOI4","2022-06-24 19:00",77.2519999999999,76.59,1033920,0,14.71,151,0.012244094488189,80.114,77.288,72.59,63.7519999999999,39,25.2,28.5
"BOOI4","2022-06-24 20:00",75.2899999999999,81.8,439200,0,11.3,152.8,0.00712598425196851,78.8539999999999,77.3419999999999,72.6079999999999,63.7339999999999,39,25.2,28.5
"BOOI4","2022-06-24 21:00",73.256,86.1,82584,0,8.6,152.8,0.00232283464566929,77.5759999999999,77.3779999999999,72.5539999999999,63.806,39,25.2,28.5
"BOOI4","2022-06-24 22:00",71.672,88.7,914.4,0,7.754,144.7,0.000590551181102362,76.4239999999999,77.4319999999999,72.5539999999999,63.806,39,25.2,28.5
"BOOI4","2022-06-24 23:00",71.996,85.4,0,0,8.11,124.5,0.000669291338582677,75.5239999999999,77.414,72.4999999999999,63.806,39,25.2,28.5
"BOOI4","2022-06-25 00:00",71.582,85.7,3.6,0,6.834,114.3,0.000590551181102362,74.84,77.3419999999999,72.482,63.8239999999999,38.9,25.1,28.5
"BOOI4","2022-06-25 01:00",70.088,89.1,0,0.01,6.417,104.7,0.000354330708661417,74.264,77.2699999999999,72.464,63.8599999999999,38.9,25.1,28.5
"BOOI4","2022-06-25 02:00",70.0699999999999,86.9,0,0,8.53,97.1,0.00047244094488189,73.6159999999999,77.1619999999999,72.4279999999999,63.896,38.9,25.1,28.5
"BOOI4","2022-06-25 03:00",70.5019999999999,84.8,0,0,9.97,107.3,0.000905511811023622,73.022,76.982,72.3919999999999,63.914,38.9,25,28.5
"BOOI4","2022-06-25 04:00",71.2039999999999,81.4,0,0,10.48,119.1,0.00110236220472441,72.5539999999999,76.8199999999999,72.4099999999999,63.9499999999999,38.8,25,28.5
"BOOI4","2022-06-25 05:00",69.746,87.4,0,0,10.69,121.3,0.000984251968503937,72.0859999999999,76.64,72.374,63.932,38.8,25,28.5
"BOOI4","2022-06-25 06:00",69.314,89.5,1774.8,0,8.12,113.2,0.00047244094488189,71.7439999999999,76.4419999999999,72.356,63.9679999999999,38.8,24.9,28.5
"BOOI4","2022-06-25 07:00",68.9359999999999,91.9,33840,0,8.04,94.1,0.00177165354330709,71.582,76.2259999999999,72.3199999999999,63.9859999999999,38.7,24.9,28.5
"BOOI4","2022-06-25 08:00",68.5399999999999,94.8,130500,0,8.44,99.2,0.00200787401574803,71.5099999999999,75.9919999999999,72.3199999999999,64.022,38.7,24.9,28.5
"BOOI4","2022-06-25 09:00",68.63,96.2,324360,0,9.25,75.09,0.00271653543307087,71.6359999999999,75.8119999999999,72.2839999999999,64.0399999999999,38.6,24.9,28.5
"BOOI4","2022-06-25 10:00",69.3679999999999,94.8,457200,0,8.53,66.36,0.00350393700787402,71.9779999999999,75.5779999999999,72.248,64.022,38.6,24.8,28.4
"BOOI4","2022-06-25 11:00",70.322,94.2,711720,0,7.998,51.67,0.00523622047244095,72.464,75.38,72.1939999999999,64.0759999999999,38.6,24.8,28.4
"BOOI4","2022-06-25 12:00",73.9039999999999,86.8,1411920,0,2.886,44.71,0.0103937007874016,73.9579999999999,75.1999999999999,72.1759999999999,64.0759999999999,38.6,24.7,28.4
"BOOI4","2022-06-25 13:00",76.064,83.6,1390320,0,3.175,316.9,0.0108661417322835,75.5239999999999,75.038,72.1039999999999,64.0939999999999,38.5,24.7,28.4
"BOOI4","2022-06-25 14:00",78.5659999999999,82,905760,0,3.789,320.1,0.00822834645669291,76.6579999999999,74.9119999999999,72.0859999999999,64.148,38.6,24.7,28.4
"BOOI4","2022-06-25 15:00",79.0339999999999,81.2,840600,0.01,4.64,345.8,0.00846456692913386,77.2159999999999,74.822,72.032,64.13,38.6,24.7,28.4
"BOOI4","2022-06-25 16:00",79.772,77.69,1265400,0,7.762,335.3,0.0123228346456693,77.63,74.7679999999999,71.996,64.148,38.5,24.6,28.4
"BOOI4","2022-06-25 17:00",84.2359999999999,66.97,1940760,0,6.483,337,0.0175196850393701,78.764,74.7679999999999,71.9419999999999,64.1839999999999,38.5,24.6,28.4
"BOOI4","2022-06-25 18:00",81.2659999999999,71.79,1025640,0,9.79,336.8,0.0140157480314961,79.6999999999999,74.822,71.888,64.1839999999999,38.5,24.6,28.4
"BOOI4","2022-06-25 19:00",79.9159999999999,70.03,817200,0,11.63,338.8,0.0125196850393701,79.0699999999999,74.8759999999999,71.8339999999999,64.2019999999999,38.5,24.5,28.5
"BOOI4","2022-06-25 20:00",79.2499999999999,70.46,493560,0,9.33,339.6,0.00885826771653543,77.972,75.0019999999999,71.78,64.2019999999999,38.5,24.5,28.5
"BOOI4","2022-06-25 21:00",75.398,71.63,90576,0,7.965,341.1,0.00476377952755906,76.6939999999999,75.146,71.7439999999999,64.2019999999999,38.5,24.5,28.5
"BOOI4","2022-06-25 22:00",71.4739999999999,80.4,1504.8,0,5.232,342,0.00133858267716536,75.38,75.272,71.672,64.238,38.5,24.5,28.5
"BOOI4","2022-06-25 23:00",69.188,70.66,0,0,5.651,303.5,0.00137795275590551,74.246,75.398,71.6359999999999,64.256,38.5,24.4,28.5
"BOOI4","2022-06-26 00:00",69.6019999999999,61.96,0,0,8.5,306.2,0.00251968503937008,73.1839999999999,75.4519999999999,71.582,64.256,38.5,24.4,28.5
"BOOI4","2022-06-26 01:00",66.596,63.16,0,0,9.21,318.6,0.00271653543307087,72.032,75.488,71.564,64.256,38.5,24.3,28.5
"BOOI4","2022-06-26 02:00",64.706,62.18,0,0,6.244,324.7,0.00196850393700787,70.8079999999999,75.488,71.564,64.2919999999999,38.5,24.3,28.5
"BOOI4","2022-06-26 03:00",62.456,65.66,0,0,5.998,312.6,0.00169291338582677,69.7279999999999,75.398,71.5279999999999,64.2739999999999,38.5,24.3,28.5
"BOOI4","2022-06-26 04:00",59.9359999999999,72.67,0,0,5.499,298.6,0.00122047244094488,68.7199999999999,75.3619999999999,71.5279999999999,64.3099999999999,38.5,24.3,28.5
"BOOI4","2022-06-26 05:00",57.956,79.25,3.6,0,5.993,284.5,0.00094488188976378,67.874,75.146,71.5099999999999,64.3099999999999,38.4,24.3,28.5
"BOOI4","2022-06-26 06:00",57.9019999999999,80.5,19778.4,0,5.894,265.7,0.00047244094488189,67.0279999999999,74.948,71.4739999999999,64.3279999999999,38.4,24.3,28.5
"BOOI4","2022-06-26 07:00",59.738,78.25,298080,0,7.422,268.2,0.00228346456692913,66.3439999999999,74.7499999999999,71.4919999999999,64.3099999999999,38.3,24.2,28.6
"BOOI4","2022-06-26 08:00",62.4919999999999,68.29,795960,0,10.63,296.7,0.00811023622047244,66.5779999999999,74.48,71.438,64.346,38.4,24.2,28.6
"BOOI4","2022-06-26 09:00",65.6419999999999,62.13,1357920,0,10.91,317.5,0.0126377952755906,67.8019999999999,74.2099999999999,71.4199999999999,64.3279999999999,38.3,24.1,28.6
"BOOI4","2022-06-26 10:00",65.714,59.57,1946160,0,10.84,321.6,0.0168110236220472,69.1339999999999,73.9579999999999,71.4019999999999,64.346,38.3,24.1,28.6
"BOOI4","2022-06-26 11:00",68.414,55.09,2454480,0,11.59,324.1,0.021259842519685,70.0339999999999,73.688,71.4199999999999,64.346,38.2,24.1,28.6
"BOOI4","2022-06-26 12:00",69.8179999999999,50.88,2790360,0,11.46,316,0.0243700787401575,71.2759999999999,73.472,71.33,64.3999999999999,38.2,24.1,28.6
"BOOI4","2022-06-26 13:00",72.698,51.48,3009600,0,12.56,312.3,0.0276771653543307,73.2919999999999,73.3099999999999,71.3119999999999,64.3819999999999,38.2,24.1,28.6
"BOOI4","2022-06-26 14:00",72.482,46.39,3168000,0,12.63,323,0.0296850393700787,75.6679999999999,73.2199999999999,71.2579999999999,64.3999999999999,38.2,24,28.6
"BOOI4","2022-06-26 15:00",74.4259999999999,42.85,3009600,0,12.33,324,0.0297244094488189,76.9099999999999,73.2019999999999,71.222,64.4179999999999,38.2,24,28.6
"BOOI4","2022-06-26 16:00",75.5599999999999,40.52,2694240,0,13.01,317.1,0.0296456692913386,77.648,73.3099999999999,71.1679999999999,64.3999999999999,38.2,24,28.6
"BOOI4","2022-06-26 17:00",75.7759999999999,38.58,2195280,0,11.23,322.2,0.0262204724409449,78.422,73.49,71.114,64.4359999999999,38.2,23.9,28.6
"BOOI4","2022-06-26 18:00",76.7839999999999,37.51,1670400,0,9.19,326.5,0.0215748031496063,79.3759999999999,73.688,71.0599999999999,64.4179999999999,38.3,23.9,28.6
"BOOI4","2022-06-26 19:00",76.1359999999999,39.91,993240,0,10.09,318.3,0.0188188976377953,79.3939999999999,73.9939999999999,70.988,64.4359999999999,38.3,23.9,28.6
"BOOI4","2022-06-26 20:00",74.2999999999999,39.14,555480,0,7.863,326.1,0.0127952755905512,78.0439999999999,74.2999999999999,70.9699999999999,64.4539999999999,38.3,23.8,28.6
"BOOI4","2022-06-26 21:00",68.6659999999999,51.19,132408,0,4.461,330.4,0.00405511811023622,76.2619999999999,74.5699999999999,70.9339999999999,64.4359999999999,38.3,23.8,28.6
"BOOI4","2022-06-26 22:00",65.0839999999999,58.9,1724.4,0,4.517,308.3,0.0018503937007874,74.5519999999999,74.84,70.8619999999999,64.4539999999999,38.3,23.8,28.6
"BOOI4","2022-06-26 23:00",65.246,56.61,0,0,4.291,292.8,0.00165354330708661,73.0399999999999,75.056,70.898,64.4179999999999,38.3,23.7,28.6
"BOOI4","2022-06-27 00:00",63.014,61.67,0,0,3.864,307.8,0.00122047244094488,71.7619999999999,75.146,70.8619999999999,64.472,38.3,23.8,28.6
"BOOI4","2022-06-27 01:00",60.764,67.46,0,0,2.36,295.3,0.00047244094488189,70.6099999999999,75.2539999999999,70.8619999999999,64.4539999999999,38.3,23.8,28.6
"BOOI4","2022-06-27 02:00",57.7759999999999,76.12,0,0,1.843,280.9,0,69.5839999999999,75.2359999999999,70.8619999999999,64.472,38.3,23.7,28.6
"BOOI4","2022-06-27 03:00",58.6939999999999,72.48,0,0,4.838,270.4,0.000590551181102362,68.5939999999999,75.1819999999999,70.8619999999999,64.472,38.2,23.7,28.6
"BOOI4","2022-06-27 04:00",58.0279999999999,71.69,0,0,5.268,298.2,0.000826771653543307,67.7659999999999,75.056,70.898,64.472,38.2,23.7,28.6
"BOOI4","2022-06-27 05:00",57.7579999999999,70.43,0,0,3.061,308.9,0.000393700787401575,66.9919999999999,74.8759999999999,70.898,64.4539999999999,38.2,23.6,28.6
"BOOI4","2022-06-27 06:00",55.7779999999999,77.77,16714.8,0,3.212,294,0.00047244094488189,66.2899999999999,74.714,70.898,64.49,38.1,23.6,28.6
"BOOI4","2022-06-27 07:00",59.414,75.13,278460,0,2.316,265.2,0.00078740157480315,65.7679999999999,74.48,70.898,64.49,38.1,23.6,28.6
"BOOI4","2022-06-27 08:00",65.2999999999999,62.59,778320,0.01,5.113,275.3,0.0062992125984252,66.1279999999999,74.2099999999999,70.898,64.472,38.1,23.5,28.6
"BOOI4","2022-06-27 09:00",69.53,50.67,1371240,0,6.004,264.8,0.0121653543307087,67.7119999999999,73.9579999999999,70.9159999999999,64.472,38.1,23.5,28.6
"BOOI4","2022-06-27 10:00",72.5179999999999,46.36,1954080,0,7.15,246.5,0.0190551181102362,68.6839999999999,73.706,70.9339999999999,64.49,38,23.5,28.6
"BOOI4","2022-06-27 11:00",75.5239999999999,41.35,2406960,0,8.75,256.3,0.0241732283464567,69.872,73.4539999999999,70.898,64.49,38,23.4,28.6
"BOOI4","2022-06-27 12:00",77.5399999999999,39.49,2905200,0,8.22,266,0.0285826771653543,71.5999999999999,73.238,70.8619999999999,64.5079999999999,38,23.4,28.6
"BOOI4","2022-06-27 13:00",79.1419999999999,35.01,3157200,0,5.323,288.6,0.0286220472440945,73.7419999999999,73.1119999999999,70.8619999999999,64.49,38,23.5,28.6
"BOOI4","2022-06-27 14:00",80.456,35.72,3200400,0,5.804,297.3,0.0299606299212598,75.9919999999999,73.0399999999999,70.8439999999999,64.5079999999999,38,23.5,28.6
"BOOI4","2022-06-27 15:00",81.4099999999999,32.74,3052800,0,5.472,317,0.0289370078740157,78.0079999999999,73.13,70.7899999999999,64.5079999999999,38,23.4,28.6
"BOOI4","2022-06-27 16:00",82.3819999999999,32.64,2568600,0,3.628,271.7,0.0239763779527559,79.7539999999999,73.3099999999999,70.7539999999999,64.49,38,23.4,28.6
"BOOI4","2022-06-27 17:00",83.2999999999999,34.37,2190240,0,4.772,241.9,0.0225590551181102,80.9419999999999,73.5439999999999,70.7179999999999,64.49,38,23.4,28.6
"BOOI4","2022-06-27 18:00",82.688,32.01,1744200,0,5.997,240.2,0.0211417322834646,81.464,73.8679999999999,70.6819999999999,64.5259999999999,38,23.4,28.6
"BOOI4","2022-06-27 19:00",80.798,37.58,995400,0,6.735,224.8,0.0167716535433071,81.2119999999999,74.2999999999999,70.646,64.5079999999999,38.1,23.3,28.6
"BOOI4","2022-06-27 20:00",78.6019999999999,40.52,538920,0,6.239,221.4,0.0116929133858268,80.2759999999999,74.696,70.5919999999999,64.49,38.1,23.3,28.6
"BOOI4","2022-06-27 21:00",74.4259999999999,46.38,127944,0,5.575,223.9,0.00574803149606299,78.998,75.0739999999999,70.6279999999999,64.5079999999999,38.1,23.3,28.6
"BOOI4","2022-06-27 22:00",72.5179999999999,47.69,1702.8,0,6.11,231.7,0.00326771653543307,77.5399999999999,75.4159999999999,70.5919999999999,64.5259999999999,38.1,23.3,28.6
"BOOI4","2022-06-27 23:00",70.2859999999999,51.82,0,0,6.049,230.2,0.0028740157480315,76.1539999999999,75.722,70.5919999999999,64.5259999999999,38.1,23.2,28.6
"BOOI4","2022-06-28 00:00",68.5579999999999,57.18,0,0,7.832,223.2,0.00307086614173228,74.9659999999999,75.938,70.5919999999999,64.5439999999999,38.2,23.2,28.6
"BOOI4","2022-06-28 01:00",65.588,64.43,0,0,6.447,236.2,0.00200787401574803,73.8499999999999,76.064,70.6279999999999,64.5439999999999,38.2,23.2,28.6
"BOOI4","2022-06-28 02:00",62.798,70.01,0,0,5.302,227.6,0.00145669291338583,72.8599999999999,76.1179999999999,70.646,64.5439999999999,38.1,23.2,28.6
"BOOI4","2022-06-28 03:00",61.9339999999999,70.6,0,0,4.858,225.8,0.00122047244094488,71.9239999999999,76.1179999999999,70.6819999999999,64.58,38.1,23.2,28.6
"BOOI4","2022-06-28 04:00",62.6359999999999,68.16,0,0,5.656,227.4,0.0012992125984252,71.0419999999999,76.046,70.7179999999999,64.5259999999999,38.1,23.2,28.6
"BOOI4","2022-06-28 05:00",60.44,74.68,0,0,4.988,228.1,0.000905511811023622,70.232,75.938,70.772,64.5259999999999,38.1,23.2,28.6
"BOOI4","2022-06-28 06:00",60.3859999999999,75.56,16063.2,0,6.667,230.5,0.00110236220472441,69.5119999999999,75.7759999999999,70.7899999999999,64.5259999999999,38.1,23.1,28.6
"BOOI4","2022-06-28 07:00",63.0499999999999,70.79,271800,0,6.331,234.9,0.00303149606299213,68.9359999999999,75.596,70.8439999999999,64.5259999999999,38,23.1,28.6
"BOOI4","2022-06-28 08:00",67.73,60.02,774000,0,7.051,228.4,0.00795275590551181,68.9179999999999,75.3619999999999,70.88,64.5439999999999,38,23.1,28.6
"BOOI4","2022-06-28 09:00",72.032,51.03,1353960,0,11.4,230.1,0.016259842519685,69.6019999999999,75.1279999999999,70.898,64.5439999999999,37.9,23.1,28.6
"BOOI4","2022-06-28 10:00",75.3079999999999,48.07,1934280,0,12.58,224.6,0.0224409448818898,70.8619999999999,74.93,70.9339999999999,64.5259999999999,37.9,23.1,28.6
"BOOI4","2022-06-28 11:00",77.8099999999999,46.77,2404440,0,14.18,221.7,0.0280708661417323,72.482,74.6599999999999,70.9339999999999,64.5439999999999,37.9,23,28.6
"BOOI4","2022-06-28 12:00",79.88,45.03,2887200,0,14.9,214.6,0.0325196850393701,74.498,74.48,70.9519999999999,64.5619999999999,37.9,23,28.6
"BOOI4","2022-06-28 13:00",81.0679999999999,43.54,3135600,0,15.73,210.5,0.0354724409448819,76.622,74.372,70.9519999999999,64.5619999999999,37.9,23,28.6
"BOOI4","2022-06-28 14:00",83.3359999999999,41.47,3193200,0,16.74,208.5,0.0380708661417323,78.5839999999999,74.3179999999999,70.9339999999999,64.5259999999999,37.8,23,28.6
"BOOI4","2022-06-28 15:00",84.1099999999999,40.59,3067200,0,16.87,212,0.0386220472440945,80.348,74.3359999999999,70.9519999999999,64.5259999999999,37.9,23,28.5
"BOOI4","2022-06-28 16:00",85.172,42.65,2716920,0,16.58,216.6,0.0366535433070866,81.6079999999999,74.4619999999999,70.9339999999999,64.5619999999999,37.9,22.9,28.5
"BOOI4","2022-06-28 17:00",85.1539999999999,44.75,2259720,0,15.01,223.4,0.0320866141732283,82.364,74.6599999999999,70.9159999999999,64.5619999999999,37.9,22.9,28.5
"BOOI4","2022-06-28 18:00",85.1539999999999,46.44,1672560,0,14.71,233,0.027755905511811,82.598,74.93,70.898,64.5619999999999,37.9,22.9,28.5
"BOOI4","2022-06-28 19:00",84.4159999999999,47.68,1024920,0,13.61,238.7,0.0223228346456693,82.346,75.2359999999999,70.88,64.5619999999999,38,22.9,28.5
"BOOI4","2022-06-28 20:00",81.7699999999999,50.76,505800,0,10.62,224.2,0.0151574803149606,81.59,75.5419999999999,70.88,64.5619999999999,38,22.8,28.5
"BOOI4","2022-06-28 21:00",78.8539999999999,55.39,123912,0,8.47,223.2,0.0084251968503937,80.5099999999999,75.8659999999999,70.8619999999999,64.598,38,22.8,28.5
"BOOI4","2022-06-28 22:00",76.856,59.81,1641.6,0,6.638,223.4,0.00303149606299213,79.3579999999999,76.1539999999999,70.8619999999999,64.58,38.1,22.9,28.5
"BOOI4","2022-06-28 23:00",71.8519999999999,72.23,0,0,5.786,241.2,0.00216535433070866,78.2419999999999,76.388,70.88,64.5619999999999,38,22.9,28.5
"BOOI4","2022-06-29 00:00",69.0259999999999,80.3,0,0,4.164,260.6,0.000748031496062992,77.18,76.5679999999999,70.88,64.598,38,22.8,28.5
"BOOI4","2022-06-29 01:00",69.548,78.04,0,0,4.109,262.8,0.000590551181102362,76.2439999999999,76.6579999999999,70.9339999999999,64.58,38,22.8,28.5
"BOOI4","2022-06-29 02:00",69.2599999999999,77.75,0,0,2.761,259.6,7.8740157480315e-05,75.3619999999999,76.748,70.9699999999999,64.6159999999999,38,22.8,28.6
"BOOI4","2022-06-29 03:00",69.656,74.7,0,0,0.877,308.4,-0.00062992125984252,74.5339999999999,76.73,70.988,64.6159999999999,38,22.8,28.6
"BOOI4","2022-06-29 04:00",65.606,86.5,0,0,0.903,247.5,-0.000748031496062992,73.7419999999999,76.6759999999999,71.0239999999999,64.6159999999999,38,22.7,28.6
"BOOI4","2022-06-29 05:00",65.1019999999999,87.3,0,0,0.588,232.9,-0.000905511811023622,72.9859999999999,76.6039999999999,71.0779999999999,64.6159999999999,38,22.7,28.6
"BOOI4","2022-06-29 06:00",65.5159999999999,86.9,17348.4,0,0.823,237.3,-0.000748031496062992,72.2839999999999,76.4779999999999,71.096,64.58,38,22.7,28.6
"BOOI4","2022-06-29 07:00",68.4499999999999,83.1,284868,0,0.252,121.7,0,71.798,76.298,71.1859999999999,64.6159999999999,37.9,22.7,28.6
"BOOI4","2022-06-29 08:00",70.8079999999999,80.3,776880,0,2.546,153.5,0.00503937007874016,71.9599999999999,76.1359999999999,71.1679999999999,64.598,37.9,22.7,28.6
"BOOI4","2022-06-29 09:00",75.956,71.99,1337040,0,4.781,188.5,0.010511811023622,72.896,75.9739999999999,71.24,64.6519999999999,37.9,22.6,28.6
"BOOI4","2022-06-29 10:00",79.214,69.98,1928880,0,5.177,183.4,0.0161417322834646,74.5519999999999,75.7759999999999,71.222,64.6339999999999,37.8,22.6,28.6
"BOOI4","2022-06-29 11:00",82.9759999999999,53.69,2465640,0,6.972,177.9,0.0225984251968504,76.6759999999999,75.5779999999999,71.2579999999999,64.6339999999999,37.8,22.6,28.6
"BOOI4","2022-06-29 12:00",85.388,52.05,2852280,0,9.48,205.8,0.0294094488188976,78.9079999999999,75.4519999999999,71.2939999999999,64.6519999999999,37.9,22.6,28.6
"BOOI4","2022-06-29 13:00",87.332,49.62,3103200,0,10.4,202.4,0.0329527559055118,81.122,75.38,71.2939999999999,64.6339999999999,37.8,22.6,28.6
"BOOI4","2022-06-29 14:00",90.374,45.56,3164400,0,11.93,204.8,0.0364173228346457,83.282,75.3619999999999,71.2939999999999,64.6519999999999,37.9,22.6,28.6
"BOOI4","2022-06-29 15:00",90.8419999999999,43.41,2998800,0,15.19,199.5,0.0398818897637795,84.9739999999999,75.488,71.2939999999999,64.6339999999999,37.8,22.5,28.6
"BOOI4","2022-06-29 16:00",91.5259999999999,39.33,2732400,0,17.16,203.1,0.0413779527559055,86.0359999999999,75.6859999999999,71.2759999999999,64.6699999999999,37.8,22.5,28.6
"BOOI4","2022-06-29 17:00",91.832,39.66,2287440,0,16.3,203.2,0.0379133858267717,86.5399999999999,75.938,71.2759999999999,64.6699999999999,37.9,22.5,28.6
"BOOI4","2022-06-29 18:00",90.6259999999999,39.92,1750320,0,17.25,197.3,0.0357086614173228,86.4679999999999,76.28,71.2939999999999,64.6519999999999,37.9,22.5,28.6
"BOOI4","2022-06-29 19:00",88.9159999999999,43.35,1026360,0,15.83,201.6,0.027755905511811,85.9099999999999,76.622,71.2759999999999,64.706,37.9,22.5,28.6
"BOOI4","2022-06-29 20:00",85.9279999999999,48.57,585360,0,13.42,199.4,0.0198425196850394,84.938,76.964,71.2759999999999,64.688,37.9,22.5,28.6
"BOOI4","2022-06-29 21:00",82.5439999999999,50.12,126468,0,11.57,200.8,0.0131102362204724,83.6779999999999,77.3239999999999,71.2939999999999,64.7239999999999,38,22.4,28.6
"BOOI4","2022-06-29 22:00",77.522,64.57,1015.2,0,8.06,198.7,0.00377952755905512,82.2919999999999,77.6659999999999,71.3119999999999,64.706,38,22.4,28.6
"BOOI4","2022-06-29 23:00",75.6319999999999,69.25,0,0,6.99,193.3,0.00216535433070866,80.9779999999999,77.8999999999999,71.348,64.688,38,22.5,28.6
"BOOI4","2022-06-30 00:00",76.6759999999999,65.91,0,0,8.8,196,0.00236220472440945,79.8259999999999,78.1159999999999,71.3839999999999,64.706,38,22.5,28.6
"BOOI4","2022-06-30 01:00",75.5419999999999,67.59,0,0,11.05,198.1,0.00295275590551181,78.8359999999999,78.2239999999999,71.456,64.7239999999999,38,22.4,28.6
"BOOI4","2022-06-30 02:00",75.6499999999999,65.94,0,0,11.96,200.7,0.00318897637795276,77.972,78.296,71.5099999999999,64.7419999999999,38,22.4,28.6
"BOOI4","2022-06-30 03:00",73.022,71.05,0,0,12.22,207.5,0.0028740157480315,77.2339999999999,78.2779999999999,71.5099999999999,64.7599999999999,38,22.4,28.6
"BOOI4","2022-06-30 04:00",72.122,72.12,0,0,10.85,203.7,0.00224409448818898,76.4779999999999,78.2239999999999,71.564,64.7419999999999,38,22.4,28.6
"BOOI4","2022-06-30 05:00",71.7619999999999,71.53,0,0,10.99,201.2,0.00220472440944882,75.7579999999999,78.1339999999999,71.6539999999999,64.7599999999999,38,22.4,28.6
"BOOI4","2022-06-30 06:00",70.556,73.74,14846.4,0,9.69,204.9,0.00196850393700787,75.0919999999999,78.0079999999999,71.672,64.7599999999999,38,22.4,28.6
"BOOI4","2022-06-30 07:00",71.6179999999999,71.05,291240,0,10.39,202,0.00559055118110236,74.5519999999999,77.864,71.7619999999999,64.7779999999999,37.9,22.4,28.6
"BOOI4","2022-06-30 08:00",76.2259999999999,58.17,806760,0,13.17,204.3,0.012755905511811,74.498,77.6839999999999,71.8159999999999,64.7779999999999,37.9,22.3,28.6
"BOOI4","2022-06-30 09:00",80.006,49.92,1437840,0,16.97,209.8,0.0226377952755905,75.0919999999999,77.5039999999999,71.8519999999999,64.7779999999999,37.9,22.3,28.6
"BOOI4","2022-06-30 10:00",80.672,48.67,1523520,0,18.01,215.7,0.0265748031496063,76.046,77.3239999999999,71.888,64.7779999999999,37.8,22.3,28.6
"BOOI4","2022-06-30 11:00",83.8579999999999,46.84,2226240,0,17.66,212,0.0312204724409449,77.1619999999999,77.1259999999999,71.9239999999999,64.796,37.8,22.3,28.6
"BOOI4","2022-06-30 12:00",86.09,47.49,2313000,0,15.38,210.5,0.0316535433070866,78.6019999999999,76.946,71.9419999999999,64.796,37.8,22.3,28.6
"BOOI4","2022-06-30 13:00",86.8099999999999,46.65,2638440,0,17.12,212.8,0.0364173228346457,80.3839999999999,76.874,71.9779999999999,64.814,37.8,22.2,28.6
"BOOI4","2022-06-30 14:00",87.998,43.55,2620800,0,16.17,218.2,0.0370472440944882,81.9319999999999,76.8199999999999,71.9779999999999,64.832,37.8,22.2,28.6
"BOOI4","2022-06-30 15:00",89.8879999999999,43.5,1834920,0,11.94,209.8,0.0279133858267717,82.7419999999999,76.838,71.996,64.832,37.8,22.2,28.6
"BOOI4","2022-06-30 16:00",87.746,46.11,1542240,0,15.28,234.2,0.0300787401574803,83.282,76.946,72.032,64.8679999999999,37.8,22.2,28.6
"BOOI4","2022-06-30 17:00",88.6099999999999,50.3,1375920,0,10.89,246.4,0.0231496062992126,83.3359999999999,77.072,72.014,64.8499999999999,37.9,22.2,28.6
"BOOI4","2022-06-30 18:00",89.438,47.17,1476720,0,8.91,241.6,0.0216141732283465,83.7859999999999,77.2159999999999,72.014,64.8499999999999,37.9,22.2,28.6
"BOOI4","2022-06-30 19:00",86.8819999999999,56.89,669960,0,8.35,241.8,0.0152362204724409,83.7679999999999,77.4499999999999,72.014,64.8679999999999,37.9,22.1,28.6
"BOOI4","2022-06-30 20:00",85.6939999999999,60.38,564120,0,5.421,223.8,0.00925196850393701,83.372,77.63,72.0499999999999,64.9039999999999,37.9,22.1,28.6
"BOOI4","2022-06-30 21:00",82.6339999999999,64.77,30132,0,2.624,274.4,0.00283464566929134,82.5619999999999,77.8279999999999,72.032,64.8679999999999,38,22.1,28.6
"BOOI4","2022-06-30 22:00",81.6439999999999,67.3,684,0,4.665,249.9,0.00259842519685039,81.6259999999999,78.0619999999999,72.0499999999999,64.9039999999999,37.9,22.1,28.6
"BOOI4","2022-06-30 23:00",81.6619999999999,66.59,0,0,1.163,306,0.00047244094488189,80.906,78.206,72.0679999999999,64.922,38,22.1,28.6
"BOOI4","2022-07-01 00:00",79.2499999999999,72.75,0,0,1.223,338.6,0.000393700787401575,80.24,78.332,72.0679999999999,64.94,38,22,28.6
"BOOI4","2022-07-01 01:00",76.082,75.76,0,0,1.927,342.1,0.000551181102362205,79.556,78.4039999999999,72.14,64.94,38,22,28.6
"BOOI4","2022-07-01 02:00",73.238,74.77,0,0,3.634,354.3,0.00118110236220473,78.782,78.4579999999999,72.14,64.94,38,22,28.6
"BOOI4","2022-07-01 03:00",72.68,71.81,0,0,5.356,11.15,0.00165354330708661,77.972,78.4759999999999,72.2119999999999,64.9759999999999,38,22,28.6
"BOOI4","2022-07-01 04:00",70.6099999999999,73.75,0,0,6.876,13.35,0.0018503937007874,77.198,78.4579999999999,72.2119999999999,64.9579999999999,38,22,28.6
"BOOI4","2022-07-01 05:00",69.2779999999999,74,0,0,5.844,13.95,0.00153543307086614,76.4239999999999,78.3859999999999,72.2839999999999,64.9759999999999,38,21.9,28.6
"BOOI4","2022-07-01 06:00",68.522,75.71,15033.6,0,4.993,25.61,0.00125984251968504,75.7039999999999,78.314,72.3019999999999,64.9939999999999,37.9,21.9,28.6
"BOOI4","2022-07-01 07:00",68.1259999999999,77.88,95580,0,4.464,35.49,0.00279527559055118,75.1099999999999,78.1699999999999,72.338,65.03,38,21.9,28.6
"BOOI4","2022-07-01 08:00",70.0159999999999,72.17,258372,0,3.74,14.13,0.00381889763779528,74.7499999999999,78.0079999999999,72.374,65.0119999999999,37.9,21.9,28.6
"BOOI4","2022-07-01 09:00",72.6439999999999,67.91,637920,0,2.508,17.57,0.0060236220472441,74.7499999999999,77.864,72.4099999999999,65.048,37.9,21.9,28.6
"BOOI4","2022-07-01 10:00",73.4179999999999,63.88,759960,0,1.863,222.4,0.00716535433070866,75.3259999999999,77.6659999999999,72.4279999999999,65.03,37.8,21.9,28.7
"BOOI4","2022-07-01 11:00",74.246,65.76,1054440,0,6.762,227.6,0.0121259842519685,75.7939999999999,77.5039999999999,72.446,65.048,37.8,21.9,28.6
"BOOI4","2022-07-01 12:00",74.5339999999999,64.3,1177560,0,4.242,281.6,0.0116535433070866,76.5679999999999,77.3419999999999,72.464,65.0659999999999,37.8,21.9,28.6
"BOOI4","2022-07-01 13:00",75.5779999999999,59.61,1130760,0,3.068,317.6,0.0112204724409449,77.2699999999999,77.18,72.464,65.0839999999999,37.8,21.9,28.7
"BOOI4","2022-07-01 14:00",76.532,60.31,1131480,0,2.634,322.9,0.0109842519685039,77.738,77.09,72.464,65.1019999999999,37.8,21.9,28.7
"BOOI4","2022-07-01 15:00",77.738,58.74,1385280,0,2.037,351.6,0.0122047244094488,78.422,77.0179999999999,72.464,65.1019999999999,37.7,21.8,28.7
"BOOI4","2022-07-01 16:00",79.2679999999999,51.81,2211840,0,2.023,338.2,0.017755905511811,79.556,76.964,72.482,65.1199999999999,37.7,21.8,28.6
"BOOI4","2022-07-01 17:00",79.988,50.26,2212200,0,2.048,51.16,0.0177952755905512,81.23,76.982,72.482,65.1019999999999,37.7,21.8,28.7
"BOOI4","2022-07-01 18:00",81.8419999999999,49.58,1795320,0,2.042,229.6,0.0146850393700787,82.2199999999999,76.9999999999999,72.464,65.1199999999999,37.7,21.8,28.7
"BOOI4","2022-07-01 19:00",80.996,49.88,1082160,0,3.187,247,0.0108661417322835,82.5259999999999,77.072,72.464,65.156,37.7,21.8,28.6
"BOOI4","2022-07-01 20:00",78.4939999999999,56.78,592200,0,4.665,260.3,0.00783464566929134,81.9499999999999,77.18,72.446,65.156,37.8,21.8,28.6
"BOOI4","2022-07-01 21:00",73.3999999999999,71.01,132156,0,3.755,234.4,0.00208661417322835,80.8339999999999,77.3419999999999,72.464,65.1919999999999,37.8,21.7,28.6
"BOOI4","2022-07-01 22:00",70.9519999999999,74.71,1324.8,0,3.577,233.6,0.00062992125984252,79.538,77.5399999999999,72.464,65.1919999999999,37.8,21.7,28.7
"BOOI4","2022-07-01 23:00",67.3159999999999,83.1,0,0,3.008,224.6,3.93700787401575e-05,78.2599999999999,77.7019999999999,72.446,65.1919999999999,37.8,21.7,28.7
"BOOI4","2022-07-02 00:00",66.2899999999999,83.4,0,0,2.8,227.7,-0.000118110236220472,77.1079999999999,77.7919999999999,72.446,65.1919999999999,37.8,21.7,28.7
"BOOI4","2022-07-02 01:00",65.7679999999999,82.2,0,0,2.961,228.6,0,76.046,77.8819999999999,72.464,65.2099999999999,37.8,21.7,28.7
"BOOI4","2022-07-02 02:00",64.6339999999999,83.5,0,0,3.512,256.6,3.93700787401575e-05,75.146,77.846,72.446,65.2279999999999,37.8,21.6,28.7
"BOOI4","2022-07-02 03:00",63.4819999999999,86.4,0,0,3.679,252.5,-3.93700787401575e-05,74.2999999999999,77.7739999999999,72.482,65.2279999999999,37.8,21.6,28.7
"BOOI4","2022-07-02 04:00",61.988,89.3,0,0,2.467,245,-0.000393700787401575,73.5079999999999,77.6839999999999,72.4999999999999,65.282,37.8,21.6,28.7
"BOOI4","2022-07-02 05:00",60.998,92.5,0,0,2.682,256.3,-0.000433070866141732,72.7519999999999,77.5399999999999,72.5179999999999,65.246,37.8,21.6,28.7
"BOOI4","2022-07-02 06:00",60.548,94.6,9356.4,0,0.483,241.8,-0.00106299212598425,72.0679999999999,77.3599999999999,72.5179999999999,65.282,37.7,21.6,28.7
"BOOI4","2022-07-02 07:00",65.264,87.5,334800,0,0.645,57.65,0.000196850393700787,71.546,77.1619999999999,72.5179999999999,65.3179999999999,37.7,21.6,28.7
"BOOI4","2022-07-02 08:00",73.3999999999999,71.18,729720,0,0.038,14.33,0.00374015748031496,71.7079999999999,76.964,72.5359999999999,65.3179999999999,37.7,21.6,28.7
"BOOI4","2022-07-02 09:00",73.4359999999999,68.05,1185120,0,3.436,209.5,0.00937007874015748,72.572,76.73,72.5539999999999,65.3359999999999,37.6,21.6,28.7
"BOOI4","2022-07-02 10:00",76.622,62.58,2050920,0,4.691,180.9,0.0160629921259842,74.282,76.496,72.5539999999999,65.3359999999999,37.6,21.6,28.7
"BOOI4","2022-07-02 11:00",79.9699999999999,54.68,2564640,0,9.63,182.2,0.0238976377952756,76.3159999999999,76.28,72.5359999999999,65.3539999999999,37.5,21.6,28.7
"BOOI4","2022-07-02 12:00",79.9699999999999,52.19,2898000,0,10.6,173.9,0.0286220472440945,78.3499999999999,76.0999999999999,72.5359999999999,65.3539999999999,37.5,21.5,28.7
"BOOI4","2022-07-02 13:00",81.4279999999999,48.39,2539440,0,9.64,184.7,0.027244094488189,79.898,75.9739999999999,72.5179999999999,65.3539999999999,37.5,21.5,28.7
"BOOI4","2022-07-02 14:00",81.2839999999999,42.92,3182400,0,9.38,175.3,0.0316535433070866,81.914,75.9199999999999,72.5359999999999,65.3539999999999,37.5,21.5,28.7
"BOOI4","2022-07-02 15:00",82.1119999999999,45.7,2638800,0,9.02,177.3,0.0289370078740157,83.4619999999999,75.9739999999999,72.482,65.39,37.5,21.5,28.7
"BOOI4","2022-07-02 16:00",83.156,38.44,2840040,0,7.291,175.6,0.0286614173228346,84.8659999999999,76.0999999999999,72.446,65.39,37.5,21.4,28.7
"BOOI4","2022-07-02 17:00",83.3359999999999,42.61,2334240,0,6.565,173.8,0.0248031496062992,85.8019999999999,76.28,72.4279999999999,65.372,37.5,21.4,28.7
"BOOI4","2022-07-02 18:00",82.7779999999999,42.21,1732320,0,5.639,178.9,0.0193307086614173,86.0359999999999,76.5859999999999,72.3919999999999,65.4079999999999,37.6,21.4,28.7
"BOOI4","2022-07-02 19:00",81.8779999999999,43.42,1020600,0,5.989,120,0.0145669291338583,85.532,76.856,72.3919999999999,65.4259999999999,37.6,21.4,28.7
"BOOI4","2022-07-02 20:00",78.098,53.79,532440,0,5.35,120.9,0.00909448818897638,84.398,77.18,72.374,65.4439999999999,37.6,21.4,28.7
"BOOI4","2022-07-02 21:00",74.48,61.95,121140,0,4.471,127.4,0.00334645669291339,82.9759999999999,77.522,72.338,65.4439999999999,37.7,21.4,28.7
"BOOI4","2022-07-02 22:00",71.8699999999999,68.2,1368,0,4.804,149,0.00169291338582677,81.464,77.8099999999999,72.356,65.4619999999999,37.7,21.4,28.7
"BOOI4","2022-07-02 23:00",69.9439999999999,71.66,0,0,5.219,151.2,0.00145669291338583,80.096,78.0439999999999,72.356,65.4619999999999,37.7,21.4,28.7
"BOOI4","2022-07-03 00:00",66.8119999999999,80.8,0,0,2.874,178.4,0.00031496062992126,78.872,78.2419999999999,72.356,65.498,37.7,21.3,28.7
"BOOI4","2022-07-03 01:00",67.064,76.57,0,0,1.909,185.3,-0.000196850393700787,77.738,78.3499999999999,72.3919999999999,65.498,37.7,21.3,28.7
"BOOI4","2022-07-03 02:00",66.4159999999999,76.99,0,0,2.284,179.5,0,76.7119999999999,78.3499999999999,72.3919999999999,65.498,37.7,21.3,28.7
"BOOI4","2022-07-03 03:00",65.7679999999999,79.39,0,0,2.811,129.9,0.000196850393700787,75.7939999999999,78.3499999999999,72.446,65.498,37.7,21.3,28.7
"BOOI4","2022-07-03 04:00",64.0759999999999,83.7,0,0,1.16,145.7,-0.000590551181102362,74.9659999999999,78.296,72.482,65.5339999999999,37.7,21.3,28.7
"BOOI4","2022-07-03 05:00",63.446,85.9,0,0,0.195,114.4,-0.00114173228346457,74.2099999999999,78.1519999999999,72.4999999999999,65.5159999999999,37.7,21.3,28.7
"BOOI4","2022-07-03 06:00",62.7259999999999,89.8,14425.2,0,3.004,120.2,-0.00015748031496063,73.5439999999999,77.99,72.5539999999999,65.5339999999999,37.7,21.2,28.7
"BOOI4","2022-07-03 07:00",64.688,86.9,275220,0,3.041,132.2,0.000551181102362205,73.0939999999999,77.8099999999999,72.6079999999999,65.5519999999999,37.6,21.2,28.7
"BOOI4","2022-07-03 08:00",69.296,82.3,793440,0,5.429,155.2,0.00515748031496063,73.1839999999999,77.5939999999999,72.6259999999999,65.5519999999999,37.6,21.2,28.7
"BOOI4","2022-07-03 09:00",73.706,73.17,1307160,0,6.759,151.8,0.0104330708661417,73.9939999999999,77.396,72.6439999999999,65.5699999999999,37.5,21.2,28.7
"BOOI4","2022-07-03 10:00",76.1359999999999,73.08,1804680,0,8.38,160.9,0.0152362204724409,75.4339999999999,77.18,72.6439999999999,65.588,37.5,21.2,28.7
"BOOI4","2022-07-03 11:00",77.63,71.28,2477520,0,8.02,160,0.0201181102362205,77.288,76.982,72.7159999999999,65.5699999999999,37.5,21.2,28.7
"BOOI4","2022-07-03 12:00",81.5539999999999,62.01,2844720,0,10.03,169.4,0.0247244094488189,79.3759999999999,76.8019999999999,72.68,65.606,37.4,21.2,28.7
"BOOI4","2022-07-03 13:00",81.356,64.11,2685600,0,9.65,169.5,0.025236220472441,81.59,76.6759999999999,72.698,65.606,37.4,21.2,28.7
"BOOI4","2022-07-03 14:00",81.8599999999999,63.7,2412720,0,9.76,166.7,0.0242913385826772,83.156,76.64,72.6619999999999,65.624,37.4,21.2,28.7
"BOOI4","2022-07-03 15:00",83.606,61.67,2662920,0,9.53,165.8,0.0262204724409449,84.4519999999999,76.6579999999999,72.68,65.588,37.4,21.2,28.7
"BOOI4","2022-07-03 16:00",84.1099999999999,60.53,2077200,0,9.58,153.5,0.0229133858267717,85.3699999999999,76.7659999999999,72.698,65.624,37.4,21.2,28.7
"BOOI4","2022-07-03 17:00",84.056,62.13,1587960,0,10.66,149.9,0.0201968503937008,85.64,76.964,72.6439999999999,65.606,37.4,21.1,28.7
"BOOI4","2022-07-03 18:00",84.596,61.15,1583640,0,11.21,151.3,0.0201574803149606,85.4239999999999,77.198,72.6439999999999,65.6419999999999,37.5,21.1,28.7
"BOOI4","2022-07-03 19:00",84.5779999999999,61.7,1092240,0,10.49,148.6,0.0162204724409449,85.0999999999999,77.4859999999999,72.6439999999999,65.6419999999999,37.5,21.1,28.7
"BOOI4","2022-07-03 20:00",82.49,65.05,607320,0,9.05,150.8,0.0108267716535433,84.4519999999999,77.756,72.6439999999999,65.6419999999999,37.5,21.1,28.7
"BOOI4","2022-07-03 21:00",78.422,74.73,125712,0,7.316,150.9,0.00460629921259843,83.3539999999999,78.0259999999999,72.6259999999999,65.6599999999999,37.5,21.1,28.7
"BOOI4","2022-07-03 22:00",76.7119999999999,77.69,1018.8,0,3.236,139,0.00047244094488189,82.1119999999999,78.2779999999999,72.6079999999999,65.6779999999999,37.6,21.1,28.7
"BOOI4","2022-07-03 23:00",74.948,81.5,0,0,6.005,145.7,0.00094488188976378,80.996,78.4759999999999,72.6259999999999,65.6779999999999,37.6,21.1,28.7
"BOOI4","2022-07-04 00:00",73.9759999999999,83.7,0,0,6.499,149,0.00078740157480315,79.988,78.6199999999999,72.6439999999999,65.696,37.6,21,28.7
"BOOI4","2022-07-04 01:00",73.4359999999999,84.2,0,0,6.785,136.3,0.000748031496062992,79.106,78.746,72.698,65.714,37.6,21,28.7
"BOOI4","2022-07-04 02:00",72.7519999999999,84.5,0,0,5.943,143.1,0.000551181102362205,78.3499999999999,78.7999999999999,72.7159999999999,65.732,37.6,21,28.7
"BOOI4","2022-07-04 03:00",72.014,86.7,0,0,6.068,143.6,0.00047244094488189,77.6839999999999,78.764,72.7519999999999,65.714,37.6,21,28.7
"BOOI4","2022-07-04 04:00",72.1939999999999,86.9,0,0,7.26,132.3,0.000551181102362205,77.1439999999999,78.7099999999999,72.7699999999999,65.7499999999999,37.6,21,28.7
"BOOI4","2022-07-04 05:00",71.9599999999999,89.3,0,0,7.893,144.8,0.000511811023622047,76.6939999999999,78.6199999999999,72.806,65.7499999999999,37.6,21,28.7
"BOOI4","2022-07-04 06:00",72.6439999999999,92.9,669.6,0,5.177,147,0,76.3519999999999,78.5119999999999,72.8419999999999,65.7499999999999,37.6,21,28.7
"BOOI4","2022-07-04 07:00",71.0599999999999,99.4,1886.4,0.06,8.17,262.3,0.000393700787401575,75.7939999999999,78.3679999999999,72.914,65.732,38,21.2,28.7
"BOOI4","2022-07-04 08:00",70.538,100,4154.4,0.04,5.384,140.6,7.8740157480315e-05,75.0019999999999,78.2599999999999,73.0039999999999,65.7859999999999,40.8,21.5,28.7
"BOOI4","2022-07-04 09:00",71.2579999999999,100,31644,0.01,7.267,159.3,0.000236220472440945,74.4079999999999,78.1339999999999,73.0579999999999,65.7679999999999,41.4,22.2,28.8
"BOOI4","2022-07-04 10:00",72.6079999999999,99.4,455040,0.02,7.885,129.2,0.00283464566929134,74.3179999999999,77.972,73.1119999999999,65.8039999999999,40.3,23,28.8
"BOOI4","2022-07-04 11:00",76.5499999999999,95.5,1284120,0,9.83,139.7,0.00803149606299213,75.0739999999999,77.7739999999999,73.1659999999999,65.7859999999999,39.7,23,28.8
"BOOI4","2022-07-04 12:00",78.4759999999999,92.1,1606320,0,11.85,157.1,0.0111417322834646,76.496,77.5939999999999,73.2199999999999,65.84,39.3,22.8,28.8
"BOOI4","2022-07-04 13:00",80.5279999999999,89.6,2473560,0,12.02,160.6,0.0171653543307087,78.6199999999999,77.396,73.238,65.84,39.1,22.7,28.8
"BOOI4","2022-07-04 14:00",86.396,83.1,2782800,0.01,12.75,178.1,0.0218503937007874,80.5099999999999,77.2519999999999,73.238,65.822,38.9,22.6,28.8
"BOOI4","2022-07-04 15:00",89.672,69.95,2169000,0,11.78,206.9,0.022007874015748,81.8419999999999,77.1439999999999,73.2739999999999,65.84,38.8,22.5,28.8
"BOOI4","2022-07-04 16:00",90.374,72.56,1683720,0,10.33,204.1,0.0188582677165354,82.5259999999999,77.1079999999999,73.2019999999999,65.8579999999999,38.7,22.5,28.8
"BOOI4","2022-07-04 17:00",92.372,62.07,2462040,0,12.16,208.6,0.0261023622047244,83.606,77.1259999999999,73.2019999999999,65.8759999999999,38.7,22.5,28.8
"BOOI4","2022-07-04 18:00",89.7259999999999,72.32,1084680,0,9.08,218,0.0152755905511811,83.948,77.18,73.1839999999999,65.8759999999999,38.6,22.4,28.8
"BOOI4","2022-07-04 19:00",88.4659999999999,75.6,904680,0,5.564,240.4,0.0107086614173228,83.6779999999999,77.306,73.1839999999999,65.8939999999999,38.6,22.4,28.8
"BOOI4","2022-07-04 20:00",86.9359999999999,85,357120,0.01,2.485,265,0.00374015748031496,83.3179999999999,77.396,73.148,65.8939999999999,38.6,22.3,28.8
"BOOI4","2022-07-04 21:00",83.0659999999999,92.4,87084,0,1.468,194.9,3.93700787401575e-05,82.6339999999999,77.522,73.13,65.93,38.6,22.3,28.8
"BOOI4","2022-07-04 22:00",80.7619999999999,91.9,1378.8,0,2.136,190.7,-0.000196850393700787,81.7339999999999,77.6659999999999,73.0939999999999,65.9659999999999,38.6,22.3,28.8
"BOOI4","2022-07-04 23:00",79.322,92.9,0,0,3.016,197.2,-0.000118110236220472,80.8699999999999,77.756,73.13,65.948,38.5,22.3,28.8
"BOOI4","2022-07-05 00:00",78.3679999999999,92.9,0,0,3.579,199.7,-3.93700787401575e-05,80.0419999999999,77.8279999999999,73.1119999999999,65.9659999999999,38.5,22.2,28.8
"BOOI4","2022-07-05 01:00",78.098,92.5,0,0,4.359,203.1,3.93700787401575e-05,79.3039999999999,77.8999999999999,73.0939999999999,66.0019999999999,38.5,22.2,28.8
"BOOI4","2022-07-05 02:00",76.964,95.5,0,0,3.637,198.3,-0.00015748031496063,78.638,77.9179999999999,73.0939999999999,65.9839999999999,38.5,22.2,28.8
"BOOI4","2022-07-05 03:00",76.622,95.5,0,0,3.586,199.8,-0.000196850393700787,78.1159999999999,77.8999999999999,73.0939999999999,66.0019999999999,38.5,22.2,28.8
"BOOI4","2022-07-05 04:00",75.3439999999999,97.3,0,0,3.04,198.5,-0.000393700787401575,77.6119999999999,77.846,73.0939999999999,66.038,38.5,22.2,28.8
"BOOI4","2022-07-05 05:00",75.74,95,0,0,4.211,211.9,-0.000236220472440945,77.1079999999999,77.7739999999999,73.1119999999999,66.0199999999999,38.4,22.2,28.8
"BOOI4","2022-07-05 06:00",77.1619999999999,89.1,20001.6,0.01,5.604,224.6,0.000275590551181102,76.6939999999999,77.7019999999999,73.1119999999999,66.0199999999999,38.4,22.2,28.8
"BOOI4","2022-07-05 07:00",80.096,80.4,344520,0,7.427,230.1,0.00346456692913386,76.4779999999999,77.5939999999999,73.148,66.056,38.4,22.1,28.7
"BOOI4","2022-07-05 08:00",79.6279999999999,81.9,556920,0,7.69,226.8,0.00661417322834646,76.6939999999999,77.4679999999999,73.1119999999999,66.056,38.3,22.1,28.8
"BOOI4","2022-07-05 09:00",81.7159999999999,76.96,903960,0,8.42,228.4,0.00980314960629921,77.1439999999999,77.396,73.13,66.056,38.3,22.1,28.7
"BOOI4","2022-07-05 10:00",84.4519999999999,74.21,1676520,0,8.79,241.4,0.0157874015748031,78.2419999999999,77.2339999999999,73.13,66.056,38.2,22.1,28.7
"BOOI4","2022-07-05 11:00",84.488,72.58,2096640,0,10.8,251,0.021496062992126,79.9519999999999,77.1079999999999,73.13,66.1099999999999,38.2,22.1,28.7
"BOOI4","2022-07-05 12:00",86.3599999999999,71.43,1870200,0,6.73,239.4,0.0181102362204724,81.0859999999999,77.0539999999999,73.1119999999999,66.1099999999999,38.2,22.1,28.7
"BOOI4","2022-07-05 13:00",89.2939999999999,65.34,2959200,0,6.931,247.6,0.0266535433070866,82.8499999999999,76.964,73.0939999999999,66.1099999999999,38.1,22.1,28.7
"BOOI4","2022-07-05 14:00",90.806,64.38,2941200,0.01,5.335,232,0.0268897637795276,85.082,76.964,73.0759999999999,66.1099999999999,38.1,22.1,28.7
"BOOI4","2022-07-05 15:00",91.0759999999999,65.51,2880000,0.05,5.874,201.8,0.0272834645669291,87.2419999999999,76.964,73.0939999999999,66.146,38.1,22.1,28.7
"BOOI4","2022-07-05 16:00",93.146,63.04,2330280,0,5.61,203.5,0.0235433070866142,88.106,77.0539999999999,73.0759999999999,66.146,38,22.1,28.7
"BOOI4","2022-07-05 17:00",93.596,56.6,2314080,0,5.474,196.5,0.0235433070866142,88.7359999999999,77.2159999999999,73.0399999999999,66.1279999999999,38,22,28.7
"BOOI4","2022-07-05 18:00",90.7339999999999,70.35,1164240,0,5.322,204.4,0.014251968503937,88.6279999999999,77.4679999999999,73.022,66.146,38.1,22,28.8
"BOOI4","2022-07-05 19:00",87.206,79.91,341640,0,5.78,228.2,0.00744094488188976,87.4579999999999,77.738,73.022,66.1819999999999,38.1,22,28.8
"BOOI4","2022-07-05 20:00",71.9599999999999,93.2,21052.8,0.23,16.41,314.6,0.00669291338582677,85.298,78.08,73.0039999999999,66.1999999999999,38.2,22,28.7
"BOOI4","2022-07-05 21:00",71.4919999999999,92.6,14191.2,0.01,12.55,353,0.00196850393700787,82.3279999999999,78.3859999999999,73.0039999999999,66.164,38.2,22,28.7
"BOOI4","2022-07-05 22:00",71.114,94.1,921.6,0,9.81,43.18,0.000669291338582677,80.3119999999999,78.6739999999999,73.022,66.2179999999999,38.3,22,28.7
"BOOI4","2022-07-05 23:00",71.0779999999999,95.8,0,0,5.599,118.1,0.000393700787401575,78.9619999999999,78.872,73.0759999999999,66.1999999999999,38.3,22,28.7
"BOOI4","2022-07-06 00:00",70.0699999999999,97.5,0,0,2.55,200.5,0.00015748031496063,78.08,78.9619999999999,73.0399999999999,66.1819999999999,38.3,22,28.7
"BOOI4","2022-07-06 01:00",69.5659999999999,98,0,0,1.735,229.7,7.8740157480315e-05,77.288,78.9619999999999,73.0759999999999,66.2179999999999,38.3,22,28.7
"BOOI4","2022-07-06 02:00",69.0259999999999,98.7,0,0,2.871,339.9,7.8740157480315e-05,76.514,78.9259999999999,73.1119999999999,66.2359999999999,38.3,22,28.7
"BOOI4","2022-07-06 03:00",68.6839999999999,99.5,0,0,3.337,346.2,3.93700787401575e-05,75.8119999999999,78.7999999999999,73.1659999999999,66.2359999999999,38.3,21.9,28.7
"BOOI4","2022-07-06 04:00",68.2699999999999,99.9,0,0,3.816,1.114,0,75.164,78.656,73.2019999999999,66.272,38.2,21.9,28.7
"BOOI4","2022-07-06 05:00",68.3779999999999,100,0,0,3.352,29.78,0,74.5699999999999,78.5119999999999,73.2199999999999,66.2359999999999,38.2,21.9,28.7
"BOOI4","2022-07-06 06:00",68.2699999999999,100,10382.4,0,1.709,45.65,3.93700787401575e-05,74.0659999999999,78.2599999999999,73.256,66.2539999999999,38.2,21.9,28.8
"BOOI4","2022-07-06 07:00",69.2239999999999,100,109620,0,2.468,23.6,0.000354330708661417,73.7779999999999,78.08,73.3099999999999,66.272,38.2,21.9,28.8
"BOOI4","2022-07-06 08:00",70.214,100,166644,0,1.237,38.68,0.00122047244094488,73.7239999999999,77.8279999999999,73.3099999999999,66.272,38.1,21.9,28.8
"BOOI4","2022-07-06 09:00",70.9339999999999,99.9,287568,0,1.21,24.27,0.0021259842519685,73.8679999999999,77.6119999999999,73.346,66.3079999999999,38.2,21.9,28.8
"BOOI4","2022-07-06 10:00",72.7519999999999,95.4,848520,0,3.064,22.35,0.00582677165354331,74.2279999999999,77.414,73.3279999999999,66.2899999999999,38.1,21.8,28.8
"BOOI4","2022-07-06 11:00",73.2919999999999,93.4,1097640,0,6.894,38.84,0.00779527559055118,75.0919999999999,77.18,73.364,66.2899999999999,38.1,21.8,28.8
"BOOI4","2022-07-06 12:00",74.7499999999999,91.1,1311480,0,8.68,58.22,0.00964566929133858,75.7759999999999,76.9999999999999,73.346,66.3079999999999,38.1,21.8,28.8
"BOOI4","2022-07-06 13:00",75.9919999999999,87.7,1291320,0,8.93,78.87,0.0104330708661417,76.4239999999999,76.838,73.346,66.3439999999999,38,21.8,28.8
"BOOI4","2022-07-06 14:00",75.1099999999999,90.1,754200,0,12.27,69.91,0.00748031496062992,76.6039999999999,76.6939999999999,73.3279999999999,66.3259999999999,38,21.8,28.8
"BOOI4","2022-07-06 15:00",75.056,90.7,615600,0,10.82,89.6,0.00625984251968504,76.3339999999999,76.622,73.3099999999999,66.3079999999999,38,21.8,28.8
"BOOI4","2022-07-06 16:00",75.1099999999999,90.2,608400,0,5.766,129,0.00559055118110236,76.3519999999999,76.514,73.2739999999999,66.3439999999999,38,21.7,28.8
"BOOI4","2022-07-06 17:00",74.7499999999999,92.1,343440,0,3.552,167.9,0.00322834645669291,76.406,76.4419999999999,73.256,66.3439999999999,38,21.7,28.8
"BOOI4","2022-07-06 18:00",75.2539999999999,90.2,430200,0,3.132,169.9,0.00381889763779528,76.4419999999999,76.406,73.2199999999999,66.3619999999999,38.1,21.8,28.8
"BOOI4","2022-07-06 19:00",76.082,88.3,447120,0,1.85,153.5,0.00366141732283465,76.5859999999999,76.3159999999999,73.2019999999999,66.38,38,21.8,28.8
"BOOI4","2022-07-06 20:00",76.748,86.4,482760,0,1.292,132.7,0.00283464566929134,76.748,76.298,73.1659999999999,66.38,38,21.8,28.8
"BOOI4","2022-07-06 21:00",73.8499999999999,94,130032,0,1.437,105.4,-0.000511811023622047,76.514,76.2439999999999,73.13,66.38,38,21.8,28.8
"BOOI4","2022-07-06 22:00",73.0039999999999,95.5,1152,0,2.304,109.6,7.8740157480315e-05,75.8119999999999,76.2079999999999,73.0939999999999,66.398,38,21.7,28.8
"BOOI4","2022-07-06 23:00",71.348,98.6,0,0,0.422,76.06,-0.000118110236220472,75.0739999999999,76.172,73.0939999999999,66.4159999999999,38,21.7,28.8
"BOOI4","2022-07-07 00:00",69.8539999999999,99.6,0,0,0.889,67.23,-0.000118110236220472,74.4259999999999,76.1179999999999,73.0579999999999,66.4159999999999,38,21.7,28.8
"BOOI4","2022-07-07 01:00",69.8179999999999,100,3.6,0,1.265,62.62,-0.000118110236220472,73.814,76.064,72.9859999999999,66.4159999999999,38,21.7,28.8
"BOOI4","2022-07-07 02:00",69.2599999999999,100,0,0,1.153,59.49,-0.000118110236220472,73.2919999999999,75.9919999999999,73.0039999999999,66.4519999999999,37.9,21.7,28.8
"BOOI4","2022-07-07 03:00",68.4499999999999,100,3.6,0,1.677,60.66,-0.000118110236220472,72.9319999999999,75.8659999999999,72.9679999999999,66.4519999999999,38,21.6,28.8
"BOOI4","2022-07-07 04:00",69.296,100,0,0,0.66,55.11,-0.00015748031496063,72.5539999999999,75.7579999999999,72.9319999999999,66.4159999999999,38,21.6,28.8
"BOOI4","2022-07-07 05:00",68.1619999999999,100,10.8,0,1.82,56.38,-0.000118110236220472,72.2119999999999,75.614,72.914,66.4519999999999,37.9,21.6,28.8
"BOOI4","2022-07-07 06:00",69.6919999999999,100,9900,0,0.907,62.58,-7.8740157480315e-05,72.032,75.488,72.896,66.4519999999999,37.9,21.6,28.8
"BOOI4","2022-07-07 07:00",70.556,100,50292,0,0.628,71.04,0.000393700787401575,72.032,75.3439999999999,72.8599999999999,66.4699999999999,37.9,21.6,28.8
"BOOI4","2022-07-07 08:00",71.9419999999999,100,167436,0,3.68,88.1,0.00118110236220473,72.1939999999999,75.1819999999999,72.806,66.4699999999999,37.9,21.6,28.8
"BOOI4","2022-07-07 09:00",72.6619999999999,100,365760,0,6.12,111.7,0.00240157480314961,72.59,75.038,72.7699999999999,66.4699999999999,37.9,21.5,28.8
"BOOI4","2022-07-07 10:00",73.3099999999999,100,380520,0,5.855,140.8,0.00251968503937008,73.13,74.8939999999999,72.7519999999999,66.488,37.8,21.5,28.8
"BOOI4","2022-07-07 11:00",75.83,96.9,936360,0,4.283,122.6,0.00641732283464567,73.8679999999999,74.7679999999999,72.7159999999999,66.488,37.8,21.5,28.8
"BOOI4","2022-07-07 12:00",79.7359999999999,85.2,1707840,0,5.578,78.33,0.0126771653543307,75.488,74.6419999999999,72.6619999999999,66.5239999999999,37.8,21.6,28.8
"BOOI4","2022-07-07 13:00",79.5919999999999,84.7,1829160,0,7.799,99,0.0146062992125984,77.2699999999999,74.5699999999999,72.6079999999999,66.488,37.8,21.5,28.8
"BOOI4","2022-07-07 14:00",79.4119999999999,86.6,1046520,0,7.019,94.4,0.00956692913385827,78.0619999999999,74.498,72.572,66.488,37.8,21.5,28.8
"BOOI4","2022-07-07 15:00",81.356,82.6,1592280,0,8.19,142.9,0.0131102362204724,78.6019999999999,74.498,72.5359999999999,66.506,37.8,21.5,28.8
"BOOI4","2022-07-07 16:00",81.3919999999999,81.5,2844720,0,8.98,148.5,0.0224015748031496,80.672,74.5699999999999,72.482,66.506,37.7,21.5,28.8
"BOOI4","2022-07-07 17:00",79.3759999999999,86.8,1058760,0,7.316,128.7,0.00960629921259843,81.698,74.624,72.446,66.5239999999999,37.8,21.4,28.8
"BOOI4","2022-07-07 18:00",80.0239999999999,84.9,925200,0,5.337,127.5,0.00838582677165354,81.446,74.714,72.4099999999999,66.5239999999999,37.8,21.4,28.8
"BOOI4","2022-07-07 19:00",78.872,87.2,375840,0,4.29,131.5,0.00425196850393701,80.906,74.8759999999999,72.356,66.506,37.8,21.4,28.8
"BOOI4","2022-07-07 20:00",78.2419999999999,90.2,169956,0,2.849,100.2,0.0021259842519685,80.1319999999999,75.0199999999999,72.338,66.5419999999999,37.8,21.4,28.8
"BOOI4","2022-07-07 21:00",76.4599999999999,94.5,49284,0.01,2.776,107.4,0.000433070866141732,79.232,75.2179999999999,72.2839999999999,66.5239999999999,37.9,21.4,28.8
"BOOI4","2022-07-07 22:00",75.5239999999999,97,442.8,0,0.893,41.05,3.93700787401575e-05,78.422,75.3439999999999,72.2659999999999,66.5599999999999,37.9,21.4,28.8
"BOOI4","2022-07-07 23:00",74.2279999999999,99.3,0,0,2.364,61.22,3.93700787401575e-05,77.6839999999999,75.4339999999999,72.248,66.5239999999999,37.8,21.4,28.8
"BOOI4","2022-07-08 00:00",73.3099999999999,99.4,0,0.01,1.687,43.06,0,77.09,75.506,72.23,66.5419999999999,37.9,21.4,28.8
"BOOI4","2022-07-08 01:00",72.9499999999999,100,0,0.04,1.72,45.8,-3.93700787401575e-05,76.5499999999999,75.5419999999999,72.1939999999999,66.5239999999999,37.9,21.3,28.8
"BOOI4","2022-07-08 02:00",72.5179999999999,100,0,0.04,2.452,46.47,-3.93700787401575e-05,76.064,75.5779999999999,72.1939999999999,66.5419999999999,37.9,21.3,28.8
"BOOI4","2022-07-08 03:00",72.464,100,3.6,0.01,2.352,22.83,-3.93700787401575e-05,75.614,75.5419999999999,72.1939999999999,66.5239999999999,37.9,21.3,28.8
"BOOI4","2022-07-08 04:00",72.698,100,0,0,3.724,37.43,-3.93700787401575e-05,75.2359999999999,75.506,72.1759999999999,66.5599999999999,37.8,21.3,28.8
"BOOI4","2022-07-08 05:00",72.2839999999999,100,0,0,2.89,26.73,-3.93700787401575e-05,74.93,75.488,72.1939999999999,66.5599999999999,37.9,21.3,28.8
"BOOI4","2022-07-08 06:00",71.24,100,2062.8,0,2.531,26.83,-3.93700787401575e-05,74.6779999999999,75.398,72.1759999999999,66.5419999999999,37.9,21.3,28.8
"BOOI4","2022-07-08 07:00",71.7259999999999,100,18421.2,0.24,5.129,14.44,0.00015748031496063,74.4079999999999,75.3439999999999,72.1759999999999,66.5599999999999,37.9,21.4,28.8
"BOOI4","2022-07-08 08:00",71.906,100,104364,0.02,3.965,60.95,0.000748031496062992,74.1199999999999,75.2359999999999,72.1939999999999,66.5599999999999,37.9,21.4,28.8
"BOOI4","2022-07-08 09:00",71.2039999999999,100,193644,0.18,1.298,148.2,0.00141732283464567,74.048,75.146,72.1759999999999,66.5419999999999,38.1,21.4,28.8
"BOOI4","2022-07-08 10:00",73.6339999999999,97.8,675720,0.07,2.847,22.31,0.00476377952755906,74.2279999999999,75.0739999999999,72.1759999999999,66.5419999999999,39.6,21.7,28.9
"BOOI4","2022-07-08 11:00",76.8199999999999,88.4,1542960,0,4.844,23.21,0.0110236220472441,75.398,74.9659999999999,72.2119999999999,66.5599999999999,39.2,21.8,28.9
"BOOI4","2022-07-08 12:00",76.5679999999999,89.6,1121040,0,7.493,31.5,0.00909448818897638,76.514,74.8939999999999,72.2119999999999,66.5419999999999,39,21.9,28.9
"BOOI4","2022-07-08 13:00",76.388,91,1739520,0,11.16,45.74,0.0126377952755906,77.0359999999999,74.8039999999999,72.1579999999999,66.5419999999999,38.8,21.9,28.9
"BOOI4","2022-07-08 14:00",76.622,88.8,1484280,0,11.93,58.55,0.0115354330708661,77.5579999999999,74.732,72.1579999999999,66.5599999999999,38.7,21.9,28.9
"BOOI4","2022-07-08 15:00",75.74,90.1,1071720,0,12,67.41,0.00929133858267717,77.4679999999999,74.732,72.14,66.5599999999999,38.6,21.8,28.9
"BOOI4","2022-07-08 16:00",77.63,83.3,1574640,0,10.74,68.41,0.0129527559055118,77.7919999999999,74.7859999999999,72.122,66.5419999999999,38.5,21.8,28.9
"BOOI4","2022-07-08 17:00",78.9619999999999,83,2058840,0,11.06,55.58,0.0155905511811024,78.1339999999999,74.8039999999999,72.122,66.5599999999999,38.4,21.8,28.9
"BOOI4","2022-07-08 18:00",78.9439999999999,76.4,1746000,0,10.17,54.99,0.0146062992125984,78.6199999999999,74.822,72.0859999999999,66.5419999999999,38.4,21.8,28.9
"BOOI4","2022-07-08 19:00",78.2419999999999,79.33,1051920,0,9.64,59.88,0.0104724409448819,78.53,74.8939999999999,72.0679999999999,66.5599999999999,38.4,21.8,28.9
"BOOI4","2022-07-08 20:00",76.5679999999999,81.7,378000,0,8.22,62.46,0.00555118110236221,77.7739999999999,75.0019999999999,72.0679999999999,66.5419999999999,38.3,21.8,28.9
"BOOI4","2022-07-08 21:00",72.4279999999999,92.9,127944,0,3.49,59.68,3.93700787401575e-05,76.73,75.0919999999999,72.014,66.5419999999999,38.4,21.8,28.9
"BOOI4","2022-07-08 22:00",71.8159999999999,91.3,1083.6,0,3.665,56.56,-0.000196850393700787,75.8839999999999,75.1819999999999,72.032,66.5419999999999,38.4,21.8,28.9
"BOOI4","2022-07-08 23:00",70.9339999999999,93.2,0,0,1.016,64.69,-0.000866141732283465,75.0739999999999,75.2179999999999,71.996,66.5419999999999,38.3,21.8,28.9
"BOOI4","2022-07-09 00:00",71.114,92.7,0,0,1.255,6.886,-0.00078740157480315,74.39,75.272,72.014,66.5779999999999,38.3,21.8,28.9
"BOOI4","2022-07-09 01:00",70.664,97.5,0,0,0.948,15.73,-0.00094488188976378,73.7779999999999,75.2539999999999,71.996,66.5599999999999,38.3,21.8,28.9
"BOOI4","2022-07-09 02:00",68.8279999999999,99.6,0,0,3.357,40.5,-0.000590551181102362,73.3099999999999,75.2359999999999,71.9779999999999,66.5599999999999,38.3,21.8,28.8
"BOOI4","2022-07-09 03:00",68.8279999999999,100,0,0,2.758,35.37,-0.000748031496062992,72.806,75.1819999999999,71.9779999999999,66.5599999999999,38.3,21.7,28.9
"BOOI4","2022-07-09 04:00",67.5859999999999,100,0,0,1.211,42.87,-0.00094488188976378,72.3199999999999,75.056,72.014,66.5599999999999,38.3,21.7,28.8
"BOOI4","2022-07-09 05:00",67.1359999999999,100,0,0,1.222,38.36,-0.00094488188976378,71.8339999999999,74.9659999999999,72.014,66.5599999999999,38.2,21.7,28.9
"BOOI4","2022-07-09 06:00",65.4259999999999,100,9180,0,1.911,52.66,-0.000826771653543307,71.33,74.84,71.9779999999999,66.5599999999999,38.2,21.7,28.9
"BOOI4","2022-07-09 07:00",67.4419999999999,99.8,264960,0,2.133,51.35,-0.000118110236220472,70.9519999999999,74.6779999999999,71.9779999999999,66.5599999999999,38.2,21.7,28.9
"BOOI4","2022-07-09 08:00",68.972,92.8,777240,0,4.939,56.83,0.00385826771653543,71.222,74.5159999999999,71.9599999999999,66.5599999999999,38.1,21.7,28.9
"BOOI4","2022-07-09 09:00",71.69,82.4,1372320,0,5.094,68.86,0.00901574803149606,72.1939999999999,74.372,71.9599999999999,66.5419999999999,38.1,21.7,28.9
"BOOI4","2022-07-09 10:00",73.94,77.35,1973880,0,5.374,84.2,0.0142125984251968,73.688,74.1919999999999,71.9419999999999,66.5599999999999,38,21.7,28.9
"BOOI4","2022-07-09 11:00",75.956,70.91,2512440,0,2.565,97.4,0.0184645669291339,75.9019999999999,74.0659999999999,71.9239999999999,66.5419999999999,37.9,21.6,28.9
"BOOI4","2022-07-09 12:00",78.296,73.67,2894400,0,2.837,44.63,0.0216535433070866,78.2239999999999,73.9759999999999,71.888,66.5599999999999,38,21.6,28.9
"BOOI4","2022-07-09 13:00",78.4039999999999,74.75,3301200,0,4.973,46.88,0.0251181102362205,80.1499999999999,73.8679999999999,71.888,66.5599999999999,37.9,21.6,28.9
"BOOI4","2022-07-09 14:00",79.898,69.35,3261600,0,5.066,61.29,0.0254330708661417,81.6619999999999,73.832,71.8699999999999,66.5599999999999,37.9,21.6,28.9
"BOOI4","2022-07-09 15:00",80.906,68.43,3024000,0,3.159,36.96,0.0238582677165354,83.03,73.8679999999999,71.8339999999999,66.5779999999999,37.8,21.6,28.9
"BOOI4","2022-07-09 16:00",82.5439999999999,65.09,2853000,0,3.432,36.48,0.0231102362204724,84.1099999999999,73.9759999999999,71.798,66.5599999999999,37.8,21.5,28.9
"BOOI4","2022-07-09 17:00",82.6339999999999,66.12,2413080,0,2.94,45.95,0.0197244094488189,84.5239999999999,74.138,71.7619999999999,66.5599999999999,37.8,21.5,28.9
"BOOI4","2022-07-09 18:00",82.8499999999999,62.26,1850760,0,3.072,53.57,0.0155511811023622,84.4159999999999,74.4259999999999,71.7439999999999,66.5599999999999,37.8,21.5,28.9
"BOOI4","2022-07-09 19:00",81.1039999999999,65.17,1010880,0,4.061,119.9,0.0100787401574803,83.8039999999999,74.732,71.7259999999999,66.5779999999999,37.8,21.5,28.9
"BOOI4","2022-07-09 20:00",79.664,73.14,579960,0,4.038,124.4,0.00570866141732283,82.58,75.0919999999999,71.672,66.5599999999999,37.9,21.5,28.8
"BOOI4","2022-07-09 21:00",76.64,80.4,120744,0,2.52,111.3,0.000393700787401575,81.0679999999999,75.4159999999999,71.672,66.5419999999999,37.9,21.5,28.8
"BOOI4","2022-07-09 22:00",74.4259999999999,83.8,1404,0,3.005,108.5,0.000236220472440945,79.5739999999999,75.7579999999999,71.672,66.5599999999999,38,21.5,28.9
"BOOI4","2022-07-09 23:00",73.3099999999999,87,0,0,3.436,115.3,0.000236220472440945,78.2779999999999,76.064,71.6539999999999,66.5419999999999,38,21.5,28.8
"BOOI4","2022-07-10 00:00",72.14,90,0,0,2.013,134.4,-0.000393700787401575,77.198,76.2439999999999,71.69,66.5239999999999,38,21.4,28.8
"BOOI4","2022-07-10 01:00",70.124,93.9,0,0,2.842,139,-0.000354330708661417,76.28,76.406,71.7259999999999,66.5419999999999,38,21.4,28.8
"BOOI4","2022-07-10 02:00",69.2419999999999,95.3,0,0,3.17,150.2,-0.000393700787401575,75.506,76.496,71.7259999999999,66.5239999999999,38,21.4,28.9
"BOOI4","2022-07-10 03:00",68.198,97.1,0,0,3.544,148.3,-0.00047244094488189,74.7859999999999,76.496,71.78,66.5419999999999,38,21.4,28.8
"BOOI4","2022-07-10 04:00",67.9099999999999,98,0,0,3.656,143.1,-0.000511811023622047,74.1019999999999,76.4599999999999,71.798,66.5419999999999,38,21.4,28.8
"BOOI4","2022-07-10 05:00",67.064,99.1,0,0,4.12,157.1,-0.000511811023622047,73.5079999999999,76.406,71.8339999999999,66.5419999999999,38,21.4,28.9
"BOOI4","2022-07-10 06:00",66.6859999999999,99.5,9730.8,0,3.578,158.6,-0.000590551181102362,72.9319999999999,76.28,71.8699999999999,66.5419999999999,38,21.4,28.8
"BOOI4","2022-07-10 07:00",68.9359999999999,97.9,291240,0,3.878,159.7,0.00015748031496063,72.5539999999999,76.1539999999999,71.9239999999999,66.5599999999999,38,21.4,28.9
"BOOI4","2022-07-10 08:00",70.4839999999999,97.4,445680,0,5.015,177.4,0.00251968503937008,72.7339999999999,76.0279999999999,71.9599999999999,66.5239999999999,37.9,21.4,28.8
"BOOI4","2022-07-10 09:00",71.6179999999999,96.3,413640,0,3.95,179,0.00311023622047244,73.13,75.848,71.9779999999999,66.5419999999999,37.9,21.4,28.9
"BOOI4","2022-07-10 10:00",75.38,90.6,1282320,0.01,7.37,185.9,0.00822834645669291,73.58,75.6499999999999,71.996,66.5419999999999,37.9,21.4,28.8
"BOOI4","2022-07-10 11:00",78.0439999999999,84.1,2478960,0,11.58,181.2,0.0173228346456693,75.722,75.488,72.014,66.5419999999999,37.8,21.4,28.8
"BOOI4","2022-07-10 12:00",80.582,76.41,2867040,0,12.99,177.3,0.0219291338582677,78.1159999999999,75.38,72.0499999999999,66.5419999999999,37.8,21.3,28.8
"BOOI4","2022-07-10 13:00",82.6519999999999,72.64,3142800,0,13.61,177.9,0.0261417322834646,80.0419999999999,75.2179999999999,72.0499999999999,66.5239999999999,37.7,21.3,28.8
"BOOI4","2022-07-10 14:00",83.9839999999999,68.26,3186000,0,14.23,179.8,0.0282677165354331,81.6439999999999,75.146,72.032,66.5239999999999,37.7,21.3,28.9
"BOOI4","2022-07-10 15:00",85.7119999999999,70.26,3052800,0,15.6,178.5,0.0285826771653543,82.7419999999999,75.1099999999999,72.0679999999999,66.5239999999999,37.7,21.3,28.8
"BOOI4","2022-07-10 16:00",86.7919999999999,65.1,2741040,0,16.45,185.3,0.0283858267716535,83.5339999999999,75.1819999999999,72.0679999999999,66.5239999999999,37.6,21.3,28.8
"BOOI4","2022-07-10 17:00",86.288,64.06,2285280,0,17.58,193.1,0.0268110236220473,83.714,75.3619999999999,72.0499999999999,66.5239999999999,37.6,21.3,28.8
"BOOI4","2022-07-10 18:00",86.6839999999999,64.08,1729080,0,13.88,212.7,0.0215748031496063,83.2999999999999,75.596,72.032,66.506,37.6,21.3,28.8
"BOOI4","2022-07-10 19:00",85.388,69.92,1011960,0,11.45,216,0.0150787401574803,82.7419999999999,75.848,71.996,66.5239999999999,37.7,21.3,28.8
"BOOI4","2022-07-10 20:00",82.9759999999999,77.12,529200,0,7.231,210.3,0.00755905511811024,81.9679999999999,76.172,71.996,66.5599999999999,37.7,21.2,28.8
"BOOI4","2022-07-10 21:00",77.8999999999999,90.3,91548,0,3.782,197.7,0.000669291338582677,80.888,76.4779999999999,71.996,66.5239999999999,37.7,21.2,28.8
"BOOI4","2022-07-10 22:00",76.73,92.4,1065.6,0,3.79,181.4,-3.93700787401575e-05,79.898,76.7659999999999,71.996,66.5239999999999,37.8,21.2,28.8
"BOOI4","2022-07-10 23:00",77.072,90.6,0,0,6.251,191.8,0.000196850393700787,79.0519999999999,77.0179999999999,72.014,66.5419999999999,37.9,21.2,28.8
"BOOI4","2022-07-11 00:00",76.8019999999999,90.8,0,0,5.513,194.8,0.00015748031496063,78.332,77.2159999999999,71.996,66.5239999999999,37.9,21.2,28.8
"BOOI4","2022-07-11 01:00",75.74,92.3,0,0,5.336,198.9,0.000118110236220472,77.7739999999999,77.3419999999999,72.0859999999999,66.5419999999999,37.9,21.2,28.8
"BOOI4","2022-07-11 02:00",75.6679999999999,91.8,0,0,5.906,214.5,0.00015748031496063,77.2159999999999,77.4499999999999,72.122,66.5599999999999,37.9,21.2,28.8
"BOOI4","2022-07-11 03:00",74.8039999999999,94.1,0,0,6.393,233.5,7.8740157480315e-05,76.6759999999999,77.4679999999999,72.14,66.5239999999999,37.9,21.2,28.8
"BOOI4","2022-07-11 04:00",75.3619999999999,93.2,0,0,7.207,224.8,3.93700787401575e-05,76.28,77.4679999999999,72.1939999999999,66.5419999999999,37.9,21.2,28.8
"BOOI4","2022-07-11 05:00",71.78,96.8,3.6,0.03,15.67,241.3,0.000590551181102362,75.9919999999999,77.414,72.23,66.5419999999999,37.9,21.2,28.8
"BOOI4","2022-07-11 06:00",72.5539999999999,91.2,122.4,0.06,16.51,325,0.00047244094488189,75.3259999999999,77.3779999999999,72.2659999999999,66.5239999999999,37.9,21.2,28.8
"BOOI4","2022-07-11 07:00",72.7339999999999,94.8,16682.4,0.02,12.23,355.7,0.00196850393700787,74.714,77.288,72.338,66.5239999999999,37.9,21.2,28.8
"BOOI4","2022-07-11 08:00",73.6159999999999,89.7,280728,0,9.66,352.8,0.00350393700787402,74.3539999999999,77.198,72.356,66.5419999999999,37.9,21.2,28.8
"BOOI4","2022-07-11 09:00",74.9659999999999,88.8,646920,0,6.411,343.1,0.00562992125984252,74.5159999999999,77.09,72.3919999999999,66.5599999999999,37.9,21.1,28.8
"BOOI4","2022-07-11 10:00",76.73,84.1,867960,0,3.558,338.8,0.00700787401574803,74.948,76.964,72.4279999999999,66.5419999999999,37.9,21.1,28.8
"BOOI4","2022-07-11 11:00",79.988,72.63,1433160,0,1.297,327.6,0.0112204724409449,76.1359999999999,76.8199999999999,72.464,66.5419999999999,37.8,21.1,28.8
"BOOI4","2022-07-11 12:00",79.7539999999999,74.34,1989720,0,2.979,275.2,0.0164173228346457,77.864,76.6759999999999,72.464,66.5599999999999,37.8,21.1,28.8
"BOOI4","2022-07-11 13:00",77.1259999999999,80.1,1130760,0,8.59,261.9,0.0120472440944882,78.9619999999999,76.532,72.4999999999999,66.5599999999999,37.8,21.1,28.8
"BOOI4","2022-07-11 14:00",79.3579999999999,74.66,1887840,0,11.31,272.5,0.0174015748031496,78.9619999999999,76.4779999999999,72.4999999999999,66.5599999999999,37.7,21,28.8
"BOOI4","2022-07-11 15:00",81.1939999999999,64.09,2652480,0,13.25,279.2,0.0246456692913386,79.6279999999999,76.406,72.5179999999999,66.5599999999999,37.7,21,28.8
"BOOI4","2022-07-11 16:00",81.0679999999999,62.7,2589120,0,14.59,293.2,0.0251574803149606,80.582,76.406,72.5539999999999,66.5599999999999,37.7,21,28.8
"BOOI4","2022-07-11 17:00",81.374,60.95,2283480,0,13.67,302.1,0.0243700787401575,80.906,76.388,72.5359999999999,66.596,37.6,21,28.8
"BOOI4","2022-07-11 18:00",80.5279999999999,63.25,1774080,0,13.89,296.5,0.0210629921259843,80.6359999999999,76.4239999999999,72.5359999999999,66.5779999999999,37.6,20.9,28.8
"BOOI4","2022-07-11 19:00",80.1859999999999,60.28,1097280,0,12.41,292,0.0162992125984252,79.9699999999999,76.496,72.5539999999999,66.596,37.6,20.9,28.8
"BOOI4","2022-07-11 20:00",77.3239999999999,62.98,603000,0,10.95,304.7,0.0116141732283465,78.9259999999999,76.5859999999999,72.5359999999999,66.596,37.6,20.9,28.8
"BOOI4","2022-07-11 21:00",73.4539999999999,69.93,133920,0,7.826,304.2,0.00464566929133858,77.5039999999999,76.7119999999999,72.5179999999999,66.596,37.6,20.9,28.8
"BOOI4","2022-07-11 22:00",69.89,81.2,1425.6,0,6.184,278.9,0.00110236220472441,76.172,76.8199999999999,72.482,66.596,37.7,20.9,28.8
"BOOI4","2022-07-11 23:00",68.7919999999999,82,0,0,6.348,281.1,0.000708661417322835,75.0019999999999,76.9099999999999,72.5359999999999,66.596,37.7,20.9,28.8
"BOOI4","2022-07-12 00:00",68.648,78.4,0,0,6.614,293.8,0.000826771653543307,73.9759999999999,76.946,72.5539999999999,66.614,37.8,20.8,28.8
"BOOI4","2022-07-12 01:00",66.8119999999999,82.1,0,0,6.35,287,0.000708661417322835,73.0399999999999,76.946,72.5539999999999,66.6319999999999,37.8,20.8,28.8
"BOOI4","2022-07-12 02:00",66.2539999999999,82.7,0,0,6.893,290,0.000826771653543307,72.2119999999999,76.856,72.59,66.614,37.7,20.8,28.8
"BOOI4","2022-07-12 03:00",65.822,82.4,0,0,6.287,295.4,0.00047244094488189,71.4739999999999,76.7659999999999,72.5539999999999,66.614,37.7,20.8,28.8
"BOOI4","2022-07-12 04:00",63.788,87.2,0,0,5.252,304.2,0.000275590551181102,70.8259999999999,76.6039999999999,72.6079999999999,66.6319999999999,37.7,20.8,28.8
"BOOI4","2022-07-12 05:00",63.0499999999999,88.7,0,0,4.899,290.2,-3.93700787401575e-05,70.1779999999999,76.4239999999999,72.6079999999999,66.6499999999999,37.7,20.8,28.8
"BOOI4","2022-07-12 06:00",62.5999999999999,89.7,8514,0,4.866,300.6,-7.8740157480315e-05,69.5839999999999,76.2439999999999,72.6079999999999,66.6319999999999,37.7,20.8,28.8
"BOOI4","2022-07-12 07:00",64.7239999999999,87.2,268812,0,5.291,291,0.000984251968503937,69.1519999999999,76.0099999999999,72.6259999999999,66.6499999999999,37.6,20.8,28.8
"BOOI4","2022-07-12 08:00",69.206,79.5,816120,0,6.017,282.6,0.00531496062992126,69.4939999999999,75.7759999999999,72.6079999999999,66.6859999999999,37.6,20.8,28.8
"BOOI4","2022-07-12 09:00",71.5279999999999,75.02,1426320,0,6.615,309.3,0.0108267716535433,70.8619999999999,75.5419999999999,72.6079999999999,66.6679999999999,37.5,20.8,28.9
"BOOI4","2022-07-12 10:00",74.588,71.99,2040840,0,7.032,303.9,0.015748031496063,72.5359999999999,75.2899999999999,72.59,66.6679999999999,37.5,20.8,28.9
"BOOI4","2022-07-12 11:00",77.198,63.5,2572920,0,6.787,315.5,0.020748031496063,74.5159999999999,75.0919999999999,72.59,66.6499999999999,37.4,20.8,28.9
"BOOI4","2022-07-12 12:00",78.5839999999999,62.83,2741760,0,7.853,317.1,0.023503937007874,76.5499999999999,74.8939999999999,72.572,66.6679999999999,37.4,20.7,28.9
"BOOI4","2022-07-12 13:00",79.124,60.14,3272400,0,9.19,312.6,0.0284645669291339,78.3499999999999,74.732,72.5359999999999,66.6679999999999,37.3,20.7,28.9
"BOOI4","2022-07-12 14:00",80.6179999999999,54.16,3438000,0,8.97,313.7,0.0303937007874016,80.096,74.6599999999999,72.4999999999999,66.7039999999999,37.2,20.6,28.9
"BOOI4","2022-07-12 15:00",80.8519999999999,54.39,2926800,0,9.64,310.6,0.0279527559055118,81.59,74.696,72.482,66.6859999999999,37.2,20.7,28.9
"BOOI4","2022-07-12 16:00",81.338,49.92,2661120,0,7.754,319.8,0.025748031496063,82.3279999999999,74.714,72.4279999999999,66.7039999999999,37.2,20.7,28.8
"BOOI4","2022-07-12 17:00",81.7699999999999,51.96,2203920,0,7.283,312.7,0.022244094488189,82.7239999999999,74.84,72.4099999999999,66.7039999999999,37.2,20.6,28.8
"BOOI4","2022-07-12 18:00",80.5099999999999,54.21,1677240,0.01,7.235,309.2,0.0185433070866142,82.598,75.1279999999999,72.356,66.722,37.2,20.6,28.8
"BOOI4","2022-07-12 19:00",80.8339999999999,56.36,1024560,0,7.181,296.4,0.0136614173228346,81.8779999999999,75.4159999999999,72.338,66.7039999999999,37.2,20.6,28.8
"BOOI4","2022-07-12 20:00",77.6119999999999,68.58,566280,0,5.208,270.8,0.00720472440944882,80.798,75.7579999999999,72.3019999999999,66.7039999999999,37.3,20.5,28.8
"BOOI4","2022-07-12 21:00",71.4199999999999,86.4,122292,0,3.471,261.3,0.000669291338582677,79.3939999999999,76.064,72.2839999999999,66.722,37.3,20.5,28.8
"BOOI4","2022-07-12 22:00",67.9279999999999,92.1,1314,0,3.105,257.3,-0.00015748031496063,77.99,76.3699999999999,72.2659999999999,66.74,37.4,20.5,28.8
"BOOI4","2022-07-12 23:00",67.3159999999999,91,0,0,3.348,260.7,-0.000275590551181102,76.7119999999999,76.6039999999999,72.248,66.74,37.4,20.5,28.8
"BOOI4","2022-07-13 00:00",66.272,91.9,0,0,4.641,262.2,-0.000118110236220472,75.5779999999999,76.7839999999999,72.248,66.7579999999999,37.4,20.5,28.8
"BOOI4","2022-07-13 01:00",65.0839999999999,93.4,0,0,4.859,259.1,-0.000118110236220472,74.5519999999999,76.8919999999999,72.248,66.7759999999999,37.5,20.5,28.8
"BOOI4","2022-07-13 02:00",65.0119999999999,92.8,0,0,4.754,251.2,-0.000196850393700787,73.688,76.9099999999999,72.3019999999999,66.74,37.5,20.5,28.8
"BOOI4","2022-07-13 03:00",63.7519999999999,94.7,0,0,5.087,243.6,-0.000196850393700787,72.914,76.9279999999999,72.3199999999999,66.74,37.5,20.5,28.8
"BOOI4","2022-07-13 04:00",63.5539999999999,93.8,0,0,5.609,248.1,-0.000196850393700787,72.1579999999999,76.838,72.338,66.7579999999999,37.6,20.5,28.8
"BOOI4","2022-07-13 05:00",62.3839999999999,95.5,0,0,5.901,252.8,-0.000196850393700787,71.4919999999999,76.7839999999999,72.3919999999999,66.7579999999999,37.5,20.5,28.8
"BOOI4","2022-07-13 06:00",63.374,93.1,7279.2,0,6.547,265.5,-0.000118110236220472,70.898,76.6039999999999,72.4099999999999,66.7579999999999,37.5,20.5,28.8
"BOOI4","2022-07-13 07:00",66.4699999999999,87.2,241956,0,2.459,7.614,0.00015748031496063,70.4659999999999,76.4599999999999,72.4279999999999,66.7759999999999,37.5,20.5,28.8
"BOOI4","2022-07-13 08:00",70.5739999999999,80.3,784800,0,2.701,328.8,0.00456692913385827,70.772,76.298,72.482,66.74,37.5,20.5,28.8
"BOOI4","2022-07-13 09:00",75.83,69.94,1411920,0,3.937,280.4,0.0104724409448819,72.122,76.082,72.482,66.7579999999999,37.4,20.4,28.8
"BOOI4","2022-07-13 10:00",77.8099999999999,67.52,2011680,0,5.448,264.2,0.016259842519685,73.7779999999999,75.8839999999999,72.482,66.7759999999999,37.4,20.4,28.8
"BOOI4","2022-07-13 11:00",79.88,61.74,2534760,0,5.716,315.7,0.0212204724409449,75.7579999999999,75.6679999999999,72.482,66.7759999999999,37.2,20.4,28.8
"BOOI4","2022-07-13 12:00",82.1839999999999,62.58,2944800,0,3.882,322.4,0.0240157480314961,78.188,75.5419999999999,72.5179999999999,66.7939999999999,37.2,20.3,28.8
"BOOI4","2022-07-13 13:00",83.9659999999999,59.03,3168000,0,3.04,332.1,0.0258661417322835,80.5099999999999,75.4159999999999,72.4999999999999,66.7759999999999,37.1,20.3,28.8
"BOOI4","2022-07-13 14:00",83.0839999999999,57.3,3232800,0,3.928,37.9,0.0272834645669291,82.2919999999999,75.3619999999999,72.4999999999999,66.7939999999999,37.1,20.2,28.8
"BOOI4","2022-07-13 15:00",84.3079999999999,52.99,2620080,0,3.25,26.76,0.0229527559055118,83.6599999999999,75.3439999999999,72.482,66.7759999999999,37,20.2,28.8
"BOOI4","2022-07-13 16:00",83.9659999999999,59.01,2523240,0,2.325,41.1,0.0213385826771654,84.5239999999999,75.4699999999999,72.446,66.7759999999999,37,20.2,28.8
"BOOI4","2022-07-13 17:00",84.1099999999999,57.28,1637280,0,2.899,49.03,0.0149212598425197,84.8119999999999,75.6319999999999,72.446,66.8119999999999,37.1,20.2,28.8
"BOOI4","2022-07-13 18:00",84.6679999999999,58.61,1645560,0,2.804,28.27,0.0145275590551181,84.4339999999999,75.9019999999999,72.4099999999999,66.7579999999999,37,20.2,28.8
"BOOI4","2022-07-13 19:00",82.688,68.44,1189800,0,3.598,20.09,0.0113385826771653,84.0919999999999,76.2079999999999,72.3919999999999,66.8119999999999,37.1,20.2,28.8
"BOOI4","2022-07-13 20:00",78.9079999999999,77.87,376920,0,3.989,57.78,0.00476377952755906,83.1919999999999,76.532,72.4099999999999,66.8119999999999,37.2,20.1,28.8
"BOOI4","2022-07-13 21:00",76.406,82.8,61164,0,1.861,63.46,0.000275590551181102,81.9499999999999,76.9099999999999,72.3919999999999,66.7939999999999,37.2,20.1,28.8
"BOOI4","2022-07-13 22:00",75.4699999999999,81.1,982.8,0,2.882,77.58,-0.000118110236220472,80.69,77.198,72.4279999999999,66.7939999999999,37.3,20.1,28.8
"BOOI4","2022-07-13 23:00",73.94,86.5,0,0,1.185,76.54,-0.000866141732283465,79.6279999999999,77.5039999999999,72.4279999999999,66.7939999999999,37.3,20.1,28.8
"BOOI4","2022-07-14 00:00",73.688,83.9,0,0,3.289,96.6,-3.93700787401575e-05,78.764,77.7019999999999,72.4279999999999,66.8119999999999,37.3,20.1,28.8
"BOOI4","2022-07-14 01:00",71.7619999999999,83.8,0,0,3.816,103.1,3.93700787401575e-05,77.8819999999999,77.846,72.4999999999999,66.83,37.3,20.1,28.8
"BOOI4","2022-07-14 02:00",69.998,87.7,0,0,3.135,89.8,-0.000354330708661417,76.982,77.9179999999999,72.4999999999999,66.8119999999999,37.4,20.1,28.8
"BOOI4","2022-07-14 03:00",68.09,91.9,0,0,3.003,84.5,-0.00047244094488189,76.1539999999999,77.972,72.5539999999999,66.83,37.4,20.1,28.8
"BOOI4","2022-07-14 04:00",67.748,91.1,0,0,3.686,84.4,-0.000393700787401575,75.3619999999999,77.9539999999999,72.6079999999999,66.848,37.4,20.1,28.8
"BOOI4","2022-07-14 05:00",66.5239999999999,93.5,0,0,3.753,89.1,-0.00047244094488189,74.6419999999999,77.8819999999999,72.6439999999999,66.83,37.4,20.1,28.8
"BOOI4","2022-07-14 06:00",66.1279999999999,93.5,5180.4,0,3.595,104.3,-0.000511811023622047,74.0119999999999,77.7919999999999,72.68,66.83,37.4,20.1,28.8
"BOOI4","2022-07-14 07:00",67.748,92.3,148140,0,3.828,93.4,0.00047244094488189,73.5439999999999,77.7199999999999,72.7339999999999,66.83,37.4,20.1,28.8
"BOOI4","2022-07-14 08:00",69.4579999999999,89.3,565560,0,5.295,118.1,0.00377952755905512,73.6159999999999,77.5579999999999,72.7519999999999,66.83,37.4,20.1,28.9
"BOOI4","2022-07-14 09:00",74.498,82.2,1226160,0,6.468,145.3,0.00881889763779528,74.4079999999999,77.414,72.806,66.848,37.3,20.1,28.8
"BOOI4","2022-07-14 10:00",77.8819999999999,78.19,1913040,0,7.062,131.5,0.0144488188976378,76.19,77.2339999999999,72.8419999999999,66.848,37.3,20.1,28.8
"BOOI4","2022-07-14 11:00",80.672,69.38,2357280,0,7.405,143.9,0.019251968503937,78.5119999999999,77.1079999999999,72.8599999999999,66.8659999999999,37.2,20,28.8
"BOOI4","2022-07-14 12:00",83.6419999999999,66.82,2898000,0,7.668,155,0.0251181102362205,81.3199999999999,76.9279999999999,72.896,66.8659999999999,37.1,20,28.8
"BOOI4","2022-07-14 13:00",86.1079999999999,59.36,3128400,0,8.89,159.7,0.0288582677165354,83.93,76.838,72.896,66.848,37,19.9,28.8
"BOOI4","2022-07-14 14:00",88.0159999999999,58.08,3153600,0,9.4,164.3,0.0311811023622047,86.0179999999999,76.7659999999999,72.914,66.8659999999999,37,19.9,28.8
"BOOI4","2022-07-14 15:00",88.8079999999999,54.12,3049200,0,9.84,161.1,0.0316535433070866,87.782,76.7839999999999,72.9319999999999,66.8659999999999,36.9,19.8,28.8
"BOOI4","2022-07-14 16:00",90.6079999999999,51.88,2698560,0,9.3,167.1,0.0298031496062992,88.7899999999999,76.838,72.9499999999999,66.8839999999999,36.9,19.8,28.8
"BOOI4","2022-07-14 17:00",90.9859999999999,51.57,2051280,0,7.981,186.8,0.0241338582677165,88.772,76.982,72.914,66.848,36.9,19.8,28.8
"BOOI4","2022-07-14 18:00",89.8159999999999,57.34,1720080,0,8.76,183.4,0.0218897637795276,88.2679999999999,77.2339999999999,72.9499999999999,66.8659999999999,36.8,19.7,28.8
"BOOI4","2022-07-14 19:00",87.9079999999999,63.49,1000800,0,7.134,171.9,0.0138188976377953,87.4759999999999,77.5579999999999,72.914,66.8659999999999,36.9,19.8,28.8
"BOOI4","2022-07-14 20:00",84.8119999999999,67.46,531000,0,6.923,158.8,0.00877952755905512,86.3599999999999,77.8999999999999,72.914,66.9019999999999,36.9,19.8,28.8
"BOOI4","2022-07-14 21:00",80.456,72.75,76752,0,6.957,156.2,0.00440944881889764,84.8659999999999,78.2419999999999,72.9319999999999,66.9019999999999,37,19.8,28.8
"BOOI4","2022-07-14 22:00",78.8359999999999,77.09,734.4,0,4.893,132.7,0.00122047244094488,83.39,78.5659999999999,72.9679999999999,66.9199999999999,37.1,19.8,28.8
"BOOI4","2022-07-14 23:00",78.4939999999999,78.94,0,0,6.571,133.2,0.00133858267716536,82.1839999999999,78.872,72.9679999999999,66.9019999999999,37.1,19.8,28.8
"BOOI4","2022-07-15 00:00",77.5579999999999,79.26,0,0,6.976,133.7,0.00141732283464567,81.2119999999999,79.0699999999999,73.0039999999999,66.9199999999999,37.2,19.8,28.8
"BOOI4","2022-07-15 01:00",76.964,80.1,0,0,6.844,133.2,0.00122047244094488,80.4019999999999,79.196,73.0579999999999,66.9199999999999,37.2,19.7,28.8
"BOOI4","2022-07-15 02:00",76.6759999999999,80.2,0,0,7.933,131.9,0.00141732283464567,79.7539999999999,79.2859999999999,73.0759999999999,66.9199999999999,37.3,19.7,28.8
"BOOI4","2022-07-15 03:00",73.238,91.2,0,0.05,9.12,132,0.00102362204724409,79.088,79.322,73.148,66.9019999999999,37.3,19.7,28.8
"BOOI4","2022-07-15 04:00",73.022,92,0,0,9.18,107.4,0.000354330708661417,78.3679999999999,79.3039999999999,73.2019999999999,66.938,37.3,19.7,28.8
"BOOI4","2022-07-15 05:00",72.3019999999999,92.4,10.8,0.1,9.98,142.6,0.000236220472440945,77.6839999999999,79.2679999999999,73.2739999999999,66.938,37.3,19.7,28.8
"BOOI4","2022-07-15 06:00",71.798,94.5,3139.2,0.01,9.33,141.1,0.000236220472440945,76.946,79.196,73.3099999999999,66.956,37.3,19.7,28.8
"BOOI4","2022-07-15 07:00",72.23,94.3,118332,0,7.634,143.7,0.000984251968503937,76.3699999999999,79.088,73.364,66.9739999999999,37.3,19.7,28.8
"BOOI4","2022-07-15 08:00",75.3439999999999,86,387000,0,11.1,164.9,0.00409448818897638,76.19,78.9439999999999,73.4179999999999,66.938,37.2,19.7,28.8
"BOOI4","2022-07-15 09:00",78.5119999999999,78.85,1094400,0,7.252,175.5,0.00921259842519685,76.6939999999999,78.764,73.4539999999999,66.956,37.2,19.7,28.8
"BOOI4","2022-07-15 10:00",81.464,74.03,1921320,0,7.8,182.7,0.0161023622047244,78.4579999999999,78.6019999999999,73.472,66.9739999999999,37.1,19.6,28.8
"BOOI4","2022-07-15 11:00",83.8039999999999,71.22,2451600,0,8.41,172.9,0.0211417322834646,80.222,78.4039999999999,73.5079999999999,66.9739999999999,37.1,19.6,28.8
"BOOI4","2022-07-15 12:00",87.098,64.67,2843280,0,3.529,158.3,0.0238188976377953,82.472,78.2419999999999,73.5439999999999,66.9739999999999,37,19.6,28.8
"BOOI4","2022-07-15 13:00",88.898,62.34,3171600,0,1.612,156.7,0.0262204724409449,84.956,78.08,73.5439999999999,66.9919999999999,37,19.6,28.8
"BOOI4","2022-07-15 14:00",88.6999999999999,62.12,3031200,0,3.142,64.77,0.0259842519685039,86.99,78.0079999999999,73.58,66.9919999999999,36.8,19.6,28.8
"BOOI4","2022-07-15 15:00",86.8099999999999,72.16,2852640,0,7.245,56.29,0.0259448818897638,87.6019999999999,77.9179999999999,73.598,67.0099999999999,36.8,19.5,28.8
"BOOI4","2022-07-15 16:00",87.0079999999999,71.53,2861640,0,7.859,54.73,0.0256692913385827,88.214,77.9359999999999,73.58,67.0099999999999,36.8,19.5,28.8
"BOOI4","2022-07-15 17:00",87.0079999999999,71.27,2499480,0,7.485,51.89,0.0228346456692913,88.3579999999999,78.0439999999999,73.6159999999999,67.0279999999999,36.7,19.4,28.8
"BOOI4","2022-07-15 18:00",85.6939999999999,73.25,1510200,0,9.19,59.61,0.0154724409448819,87.8539999999999,78.206,73.6159999999999,67.0279999999999,36.8,19.4,28.8
"BOOI4","2022-07-15 19:00",82.8859999999999,81.2,748440,0,9.05,55.06,0.00948818897637795,86.7199999999999,78.422,73.6159999999999,67.046,36.8,19.4,28.8
"BOOI4","2022-07-15 20:00",80.24,85.4,469440,0,8.74,65.58,0.00606299212598425,85.388,78.656,73.6339999999999,67.064,36.9,19.4,28.8
"BOOI4","2022-07-15 21:00",78.098,88.6,50256,0,7.766,62.88,0.00196850393700787,83.948,78.9259999999999,73.6159999999999,67.046,36.9,19.4,28.8
"BOOI4","2022-07-15 22:00",75.8839999999999,92,410.4,0,9.18,60.92,0.000748031496062992,82.6699999999999,79.214,73.6159999999999,67.064,37,19.4,28.8
"BOOI4","2022-07-15 23:00",74.9839999999999,92.1,0,0,9.07,57.38,0.000511811023622047,81.482,79.3939999999999,73.6339999999999,67.082,37,19.4,28.8
"BOOI4","2022-07-16 00:00",73.3279999999999,96,3.6,0,7.887,56.07,0.000236220472440945,80.456,79.5739999999999,73.6519999999999,67.0999999999999,37.1,19.4,28.8
"BOOI4","2022-07-16 01:00",71.9779999999999,98.6,0,0,5.796,51.7,-0.00015748031496063,79.5019999999999,79.5919999999999,73.706,67.082,37.1,19.4,28.8
"BOOI4","2022-07-16 02:00",72.1759999999999,98.8,0,0,6.035,60.02,-0.000236220472440945,78.7099999999999,79.664,73.7419999999999,67.0999999999999,37.1,19.4,28.8
"BOOI4","2022-07-16 03:00",71.456,99,0,0,5.807,61.66,-0.000236220472440945,78.1339999999999,79.6279999999999,73.7779999999999,67.0999999999999,37.1,19.4,28.8
"BOOI4","2022-07-16 04:00",71.5279999999999,98.4,0,0,5.01,44.27,-0.000275590551181102,77.5579999999999,79.556,73.814,67.1539999999999,37.1,19.4,28.8
"BOOI4","2022-07-16 05:00",71.3839999999999,96.6,0,0,7.224,59.87,-7.8740157480315e-05,77.1079999999999,79.448,73.8499999999999,67.1539999999999,37.1,19.4,28.8
"BOOI4","2022-07-16 06:00",69.5119999999999,98,7628.4,0,4.674,61.46,-0.00015748031496063,76.6579999999999,79.3579999999999,73.8859999999999,67.1359999999999,37.1,19.4,28.8
"BOOI4","2022-07-16 07:00",70.088,98.9,141336,0,3.699,65.62,3.93700787401575e-05,76.172,79.214,73.94,67.1359999999999,37.1,19.4,28.8
"BOOI4","2022-07-16 08:00",70.6819999999999,95.4,293400,0,5.68,66.24,0.00200787401574803,76.0099999999999,79.0339999999999,73.9579999999999,67.172,37.1,19.4,28.8
"BOOI4","2022-07-16 09:00",72.482,91.1,614520,0,5.25,65.89,0.00456692913385827,76.1539999999999,78.89,74.0119999999999,67.1539999999999,37,19.4,28.8
"BOOI4","2022-07-16 10:00",73.13,88.3,957240,0,6.664,58.78,0.00740157480314961,76.6759999999999,78.746,74.048,67.19,37,19.4,28.8
"BOOI4","2022-07-16 11:00",73.8859999999999,86,1046160,0,6.393,52.77,0.00846456692913386,77.288,78.5659999999999,74.0119999999999,67.2079999999999,37,19.4,28.8
"BOOI4","2022-07-16 12:00",75.7939999999999,81.6,1998000,0,7.985,60.54,0.015,78.188,78.4039999999999,74.048,67.19,36.8,19.3,28.8
"BOOI4","2022-07-16 13:00",76.3519999999999,82.9,1484280,0,8.29,64.66,0.0125590551181102,79.1599999999999,78.2779999999999,74.0659999999999,67.2079999999999,36.9,19.3,28.8
"BOOI4","2022-07-16 14:00",77.4319999999999,79.47,1774800,0,7.922,70.33,0.0145669291338583,79.898,78.206,74.0659999999999,67.2259999999999,36.8,19.3,28.8
"BOOI4","2022-07-16 15:00",76.6759999999999,82,1241280,0,7.35,71.33,0.011496062992126,80.546,78.098,74.048,67.2079999999999,36.8,19.3,28.8
"BOOI4","2022-07-16 16:00",77.0179999999999,79.43,1441440,0,7.607,73.99,0.0126377952755906,80.7079999999999,78.098,74.048,67.2259999999999,36.7,19.3,28.8
"BOOI4","2022-07-16 17:00",76.7839999999999,80.2,991440,0,5.804,60.01,0.00948818897637795,80.9599999999999,78.0619999999999,74.03,67.2439999999999,36.7,19.3,28.8
"BOOI4","2022-07-16 18:00",76.5679999999999,79.52,761760,0,5.092,58.44,0.00767716535433071,80.798,78.098,73.9939999999999,67.2619999999999,36.8,19.2,28.8
"BOOI4","2022-07-16 19:00",76.1359999999999,85.1,432720,0,4.47,60.47,0.00484251968503937,80.33,78.1339999999999,74.03,67.298,36.8,19.2,28.8
"BOOI4","2022-07-16 20:00",74.282,90.2,161568,0,3.419,63.21,0.00220472440944882,79.6999999999999,78.1699999999999,74.0119999999999,67.28,36.8,19.2,28.7
"BOOI4","2022-07-16 21:00",73.346,89.8,28148.4,0,2.197,91.6,0.000511811023622047,78.998,78.2419999999999,73.9939999999999,67.28,36.9,19.2,28.7
"BOOI4","2022-07-16 22:00",72.0499999999999,94.2,309.6,0,3.122,81.5,0.00031496062992126,78.2419999999999,78.2599999999999,73.9939999999999,67.298,36.8,19.2,28.7
"BOOI4","2022-07-16 23:00",71.4199999999999,96.4,0,0,3.535,48.93,0.00015748031496063,77.5399999999999,78.2779999999999,73.9759999999999,67.3159999999999,36.9,19.2,28.7
"BOOI4","2022-07-17 00:00",71.438,96.8,0,0,1.165,176.1,-3.93700787401575e-05,76.9999999999999,78.2599999999999,73.9579999999999,67.3339999999999,36.9,19.2,28.7
"BOOI4","2022-07-17 01:00",71.114,97.5,0,0,1.565,99,-3.93700787401575e-05,76.514,78.2239999999999,73.9579999999999,67.3339999999999,36.9,19.2,28.7
"BOOI4","2022-07-17 02:00",70.4659999999999,98.8,0,0,0.876,264.6,-0.000118110236220472,76.0999999999999,78.1519999999999,73.9579999999999,67.3519999999999,36.9,19.2,28.7
"BOOI4","2022-07-17 03:00",70.0519999999999,99.6,0,0,0.628,53.25,-0.000118110236220472,75.7579999999999,78.098,73.9579999999999,67.3519999999999,36.9,19.2,28.7
"BOOI4","2022-07-17 04:00",69.9619999999999,100,0,0,2.302,40.57,-0.000118110236220472,75.4339999999999,77.99,73.9579999999999,67.3519999999999,36.9,19.2,28.7
"BOOI4","2022-07-17 05:00",69.9259999999999,100,0,0,1.982,14.95,-0.000118110236220472,75.1099999999999,77.8819999999999,73.9579999999999,67.388,36.9,19.2,28.7
"BOOI4","2022-07-17 06:00",69.5659999999999,100,2343.6,0,2.507,45.71,-7.8740157480315e-05,74.7859999999999,77.7739999999999,73.9759999999999,67.3699999999999,36.9,19.2,28.7
"BOOI4","2022-07-17 07:00",69.98,100,61920,0.01,3.001,62.2,0.00031496062992126,74.48,77.63,73.9579999999999,67.406,36.9,19.2,28.7
"BOOI4","2022-07-17 08:00",70.4659999999999,100,222732,0,2.3,38.11,0.00153543307086614,74.4619999999999,77.4859999999999,73.9579999999999,67.4239999999999,36.9,19.2,28.7
"BOOI4","2022-07-17 09:00",72.7519999999999,95.2,788400,0,4.142,57.31,0.00484251968503937,74.696,77.3599999999999,73.9579999999999,67.406,36.9,19.2,28.7
"BOOI4","2022-07-17 10:00",74.732,88.1,1513080,0,4.124,51.38,0.0103543307086614,75.7759999999999,77.2339999999999,73.922,67.406,36.8,19.1,28.7
"BOOI4","2022-07-17 11:00",77.0179999999999,81.8,2086560,0,4.226,19.21,0.0151968503937008,77.2699999999999,77.1079999999999,73.9039999999999,67.4239999999999,36.8,19.1,28.7
"BOOI4","2022-07-17 12:00",79.7539999999999,74.75,3045600,0,5.542,51.05,0.0224803149606299,78.9619999999999,76.964,73.94,67.4419999999999,36.7,19,28.7
"BOOI4","2022-07-17 13:00",80.888,70.07,2829240,0,4.927,25.46,0.0226771653543307,81.1039999999999,76.8919999999999,73.8679999999999,67.4599999999999,36.6,19,28.7
"BOOI4","2022-07-17 14:00",81.5539999999999,59.83,3247200,0,5.682,22.63,0.0267322834645669,83.0119999999999,76.8019999999999,73.8499999999999,67.4599999999999,36.5,19,28.7
"BOOI4","2022-07-17 15:00",82.6159999999999,60.63,3250800,0,6.123,25.33,0.027755905511811,84.8839999999999,76.7839999999999,73.8499999999999,67.4599999999999,36.4,19,28.7
"BOOI4","2022-07-17 16:00",81.6619999999999,62.84,2639880,0,5.347,25.13,0.0235826771653543,86.072,76.8199999999999,73.796,67.4599999999999,36.3,18.9,28.7
"BOOI4","2022-07-17 17:00",82.796,58.64,1932480,0,5.365,22.28,0.0186220472440945,85.9999999999999,76.9099999999999,73.7599999999999,67.4779999999999,36.3,18.9,28.7
"BOOI4","2022-07-17 18:00",83.5159999999999,56.2,1763280,0,5.479,31.68,0.0172834645669291,85.5499999999999,77.09,73.7239999999999,67.4779999999999,36.2,18.8,28.7
"BOOI4","2022-07-17 19:00",83.1739999999999,58.9,911160,0,4.223,26.5,0.0102362204724409,84.9919999999999,77.3419999999999,73.688,67.496,36.3,18.8,28.7
"BOOI4","2022-07-17 20:00",81.9679999999999,65.69,515880,0,2.156,25.76,0.00440944881889764,84.038,77.6119999999999,73.706,67.4779999999999,36.3,18.7,28.7
"BOOI4","2022-07-17 21:00",76.4239999999999,78.89,113292,0,0.306,29.16,-0.00118110236220473,82.6699999999999,77.9179999999999,73.6699999999999,67.514,36.4,18.7,28.7
"BOOI4","2022-07-17 22:00",74.0839999999999,80.3,918,0,0.018,322.8,-0.00110236220472441,81.2839999999999,78.188,73.6699999999999,67.496,36.4,18.7,28.7
"BOOI4","2022-07-17 23:00",71.3659999999999,89.4,0,0,0.597,270.1,-0.000748031496062992,80.0239999999999,78.44,73.6699999999999,67.532,36.5,18.7,28.7
"BOOI4","2022-07-18 00:00",71.0419999999999,86.7,0,0,0.699,278,-0.000748031496062992,78.9079999999999,78.6019999999999,73.688,67.514,36.6,18.7,28.7
"BOOI4","2022-07-18 01:00",69.7099999999999,90.2,0,0,0.631,267.9,-0.000748031496062992,77.99,78.746,73.688,67.532,36.5,18.7,28.7
"BOOI4","2022-07-18 02:00",68.7019999999999,90.8,0,0,2.516,264.1,-0.000236220472440945,77.1259999999999,78.746,73.7239999999999,67.5499999999999,36.5,18.7,28.7
"BOOI4","2022-07-18 03:00",69.314,89.7,0,0,3.379,275.7,-7.8740157480315e-05,76.388,78.746,73.7599999999999,67.5499999999999,36.5,18.7,28.7
"BOOI4","2022-07-18 04:00",68.522,90.8,0,0,3.693,274.6,-7.8740157480315e-05,75.7579999999999,78.7099999999999,73.7779999999999,67.5679999999999,36.5,18.7,28.7
"BOOI4","2022-07-18 05:00",68.396,90.9,0,0,3.719,273.9,-7.8740157480315e-05,75.164,78.6019999999999,73.7779999999999,67.532,36.5,18.7,28.7
"BOOI4","2022-07-18 06:00",65.3539999999999,94.9,4341.6,0,2.965,259.9,-0.000275590551181102,74.588,78.4939999999999,73.832,67.5499999999999,36.5,18.7,28.7
"BOOI4","2022-07-18 07:00",69.9259999999999,92.3,222192,0,3.104,253.8,-0.000118110236220472,74.156,78.3859999999999,73.832,67.5679999999999,36.5,18.8,28.7
"BOOI4","2022-07-18 08:00",75.9019999999999,81,747720,0,1.568,287.9,0.00433070866141732,74.48,78.188,73.8679999999999,67.5679999999999,36.5,18.7,28.7
"BOOI4","2022-07-18 09:00",79.4119999999999,73.04,1347840,0,1.062,289.6,0.00940944881889764,75.848,78.0439999999999,73.8859999999999,67.5859999999999,36.4,18.7,28.7
"BOOI4","2022-07-18 10:00",80.546,73.04,1994040,0,2.666,252.4,0.0153937007874016,77.648,77.8279999999999,73.9039999999999,67.5859999999999,36.3,18.7,28.7
"BOOI4","2022-07-18 11:00",82.3279999999999,67.91,2581200,0,3.65,242.8,0.020748031496063,79.3579999999999,77.7019999999999,73.9039999999999,67.5859999999999,36.2,18.6,28.7
"BOOI4","2022-07-18 12:00",84.056,66.41,2923200,0,4.656,248.7,0.0242125984251969,81.3199999999999,77.5939999999999,73.9579999999999,67.5859999999999,36.1,18.6,28.7
"BOOI4","2022-07-18 13:00",85.19,63.62,3117600,0,5.239,243,0.0265748031496063,83.3539999999999,77.4319999999999,73.922,67.5859999999999,36,18.6,28.7
"BOOI4","2022-07-18 14:00",85.4419999999999,64.67,3182400,0,6.022,226.3,0.0280314960629921,85.3699999999999,77.3599999999999,73.9039999999999,67.5859999999999,35.9,18.6,28.7
"BOOI4","2022-07-18 15:00",86.756,61.6,3103200,0,6.527,231.1,0.0280708661417323,87.2599999999999,77.3599999999999,73.9039999999999,67.5859999999999,35.8,18.5,28.7
"BOOI4","2022-07-18 16:00",87.332,60.47,2810520,0,6.21,224.6,0.0260236220472441,88.196,77.414,73.8859999999999,67.6039999999999,35.7,18.4,28.7
"BOOI4","2022-07-18 17:00",87.9619999999999,59.47,2320200,0,5.347,216.5,0.0221653543307087,88.664,77.4859999999999,73.8859999999999,67.6039999999999,35.6,18.4,28.7
"BOOI4","2022-07-18 18:00",88.1779999999999,63.55,1760760,0,5.255,213,0.0178740157480315,88.5019999999999,77.7199999999999,73.8679999999999,67.64,35.5,18.3,28.7
"BOOI4","2022-07-18 19:00",87.0259999999999,64.74,1028160,0,4.746,197.5,0.0116141732283465,87.9619999999999,77.99,73.8499999999999,67.622,35.6,18.3,28.7
"BOOI4","2022-07-18 20:00",83.714,76.03,547920,0,4.141,176.4,0.00598425196850394,86.9539999999999,78.296,73.832,67.64,35.6,18.3,28.7
"BOOI4","2022-07-18 21:00",80.114,79.13,103536,0,2.92,168.9,0.00062992125984252,85.4779999999999,78.638,73.832,67.64,35.7,18.3,28.7
"BOOI4","2022-07-18 22:00",76.7839999999999,85.7,500.4,0,4.069,160.5,0.00047244094488189,83.9659999999999,78.98,73.832,67.6579999999999,35.8,18.3,28.7
"BOOI4","2022-07-18 23:00",73.7419999999999,90.8,0,0,3.503,170.3,-0.000118110236220472,82.6159999999999,79.214,73.832,67.6579999999999,35.9,18.3,28.7
"BOOI4","2022-07-19 00:00",72.6619999999999,90.8,0,0,3.85,189.1,-0.000236220472440945,81.4279999999999,79.43,73.8859999999999,67.64,35.9,18.3,28.7
"BOOI4","2022-07-19 01:00",70.6099999999999,93.6,0,0,3.809,198.3,-0.000236220472440945,80.3839999999999,79.5739999999999,73.8859999999999,67.6579999999999,35.9,18.3,28.6
"BOOI4","2022-07-19 02:00",70.8439999999999,93.4,0,0,4.298,199.5,-0.00031496062992126,79.448,79.646,73.922,67.6579999999999,36,18.3,28.6
"BOOI4","2022-07-19 03:00",70.538,92.5,0,0,5.449,206.7,-0.00015748031496063,78.6199999999999,79.664,73.9579999999999,67.6579999999999,36,18.3,28.6
"BOOI4","2022-07-19 04:00",68.9539999999999,94.8,0,0,5.376,203.3,-0.000196850393700787,77.846,79.6279999999999,74.0119999999999,67.6759999999999,36,18.3,28.6
"BOOI4","2022-07-19 05:00",68.4679999999999,95.4,0,0,5.97,205.6,-0.000236220472440945,77.1259999999999,79.5739999999999,74.0659999999999,67.6579999999999,36,18.3,28.6
"BOOI4","2022-07-19 06:00",67.3339999999999,97.2,4136.4,0,5.082,198.5,-0.000354330708661417,76.4599999999999,79.4659999999999,74.0839999999999,67.6759999999999,35.9,18.3,28.6
"BOOI4","2022-07-19 07:00",70.6279999999999,92.2,218412,0,6.298,180.7,0.000236220472440945,75.938,79.34,74.138,67.6939999999999,35.9,18.3,28.4
"BOOI4","2022-07-19 08:00",73.9579999999999,87.4,758880,0,9.06,184.6,0.00507874015748032,75.9919999999999,79.1779999999999,74.1919999999999,67.6939999999999,35.9,18.3,28.4
"BOOI4","2022-07-19 09:00",77.3779999999999,78.65,1379160,0,12.42,181.6,0.0114566929133858,76.9279999999999,79.0339999999999,74.2099999999999,67.6939999999999,35.8,18.3,28.4
"BOOI4","2022-07-19 10:00",80.7259999999999,71.8,1926000,0,12.42,196,0.0175590551181102,78.188,78.8179999999999,74.264,67.6939999999999,35.7,18.2,28.4
"BOOI4","2022-07-19 11:00",82.1839999999999,69.69,2028960,0,13.69,198.5,0.0206299212598425,79.4839999999999,78.656,74.264,67.6939999999999,35.6,18.2,28.4
"BOOI4","2022-07-19 12:00",86.0539999999999,64.81,2952000,0,14.73,190.3,0.0286220472440945,81.248,78.4939999999999,74.282,67.7119999999999,35.4,18.2,28.3
"BOOI4","2022-07-19 13:00",88.214,56.43,3099600,0,15.7,187.9,0.033503937007874,83.4079999999999,78.3499999999999,74.282,67.7119999999999,35.3,18.2,28.3
"BOOI4","2022-07-19 14:00",89.78,56.24,3171600,0,14.97,197.9,0.0358267716535433,85.496,78.2419999999999,74.2999999999999,67.73,35.1,18.1,28.4
"BOOI4","2022-07-19 15:00",90.914,53.3,2988000,0,14.09,211.7,0.0351574803149606,87.4759999999999,78.1519999999999,74.264,67.7119999999999,35,18.1,28.3
"BOOI4","2022-07-19 16:00",90.8599999999999,58.91,2628000,0,14.96,243.6,0.0330708661417323,88.7359999999999,78.1699999999999,74.264,67.748,34.9,18,28.3
"BOOI4","2022-07-19 17:00",89.3659999999999,59.32,2049840,0,14.67,245.1,0.0275590551181102,89.096,78.2239999999999,74.282,67.73,34.7,17.9,28.3
"BOOI4","2022-07-19 18:00",88.9699999999999,62.42,1276200,0,10.89,244.7,0.0188976377952756,88.5919999999999,78.3499999999999,74.264,67.748,34.7,17.9,28.3
"BOOI4","2022-07-19 19:00",87.9439999999999,62.39,920520,0,9.73,256.5,0.0147637795275591,87.7999999999999,78.5839999999999,74.246,67.748,34.7,17.9,28.3
"BOOI4","2022-07-19 20:00",83.948,58.52,518760,0,8.32,295.3,0.0105905511811024,86.7919999999999,78.764,74.2279999999999,67.7659999999999,34.8,17.9,28.3
"BOOI4","2022-07-19 21:00",77.198,70.24,96840,0,5.365,283.6,0.00362204724409449,85.2259999999999,79.0159999999999,74.2099999999999,67.748,34.8,17.9,28.1
"BOOI4","2022-07-19 22:00",71.7619999999999,83.7,756,0,3.141,265.7,0.000433070866141732,83.588,79.214,74.2279999999999,67.7839999999999,35,17.9,28
"BOOI4","2022-07-19 23:00",71.564,80.1,0,0,3.107,232.7,0.000236220472440945,82.1119999999999,79.4119999999999,74.246,67.7839999999999,35,17.9,28
"BOOI4","2022-07-20 00:00",72.2839999999999,79.3,0,0,5.001,230,0.000669291338582677,80.8699999999999,79.538,74.264,67.8019999999999,35,17.9,28
"BOOI4","2022-07-20 01:00",70.088,85.6,0,0,5.95,238.5,0.000590551181102362,79.8079999999999,79.5739999999999,74.264,67.8019999999999,35,17.9,28
"BOOI4","2022-07-20 02:00",72.014,73.14,0,0,7.961,267,0.00118110236220473,78.872,79.6279999999999,74.2999999999999,67.8019999999999,35.1,17.9,28
"BOOI4","2022-07-20 03:00",71.1679999999999,71.9,0,0,8.77,280.3,0.00204724409448819,78.0259999999999,79.5739999999999,74.3539999999999,67.8199999999999,35.1,17.9,27.9
"BOOI4","2022-07-20 04:00",71.1859999999999,72.93,0,0,8.61,283.7,0.00200787401574803,77.306,79.5019999999999,74.3359999999999,67.8199999999999,35,17.9,27.9
"BOOI4","2022-07-20 05:00",69.6199999999999,76.95,0,0,6.837,268.4,0.00118110236220473,76.64,79.3759999999999,74.39,67.8199999999999,35,17.9,27.8
"BOOI4","2022-07-20 06:00",69.3679999999999,78.21,3146.4,0,7.67,274.8,0.00122047244094488,76.0099999999999,79.232,74.4259999999999,67.838,35,17.9,27.9
"BOOI4","2022-07-20 07:00",70.5919999999999,77.51,190872,0,10.17,274.9,0.00409448818897638,75.506,79.0699999999999,74.4079999999999,67.838,35,17.9,27.9
"BOOI4","2022-07-20 08:00",72.482,76,715320,0,11.41,279,0.00783464566929134,75.4699999999999,78.872,74.4619999999999,67.838,34.9,17.9,27.9
"BOOI4","2022-07-20 09:00",74.264,74.28,1344960,0,13.6,285.3,0.0129527559055118,76.172,78.7099999999999,74.48,67.856,34.9,17.9,27.9
"BOOI4","2022-07-20 10:00",76.19,72.18,1988280,0,14.25,296.8,0.0178346456692913,77.2339999999999,78.5119999999999,74.4619999999999,67.874,34.8,17.9,27.9
"BOOI4","2022-07-20 11:00",78.89,65.77,2538720,0,13.67,300.6,0.0225984251968504,78.764,78.332,74.48,67.8919999999999,34.6,17.8,27.8
"BOOI4","2022-07-20 12:00",81.1939999999999,60.82,2930400,0,13.25,305.3,0.0278346456692913,80.7259999999999,78.1699999999999,74.498,67.874,34.5,17.8,27.8
"BOOI4","2022-07-20 13:00",82.3819999999999,53.19,3182400,0,13.71,306.2,0.0316141732283465,82.8679999999999,78.0439999999999,74.4619999999999,67.856,34.4,17.7,27.8
"BOOI4","2022-07-20 14:00",84.0919999999999,52.55,3222000,0,13.18,309.7,0.0332283464566929,84.956,77.8819999999999,74.4439999999999,67.8919999999999,34.2,17.6,27.8
"BOOI4","2022-07-20 15:00",84.6859999999999,49.21,3049200,0,14.42,302.9,0.0338976377952756,86.63,77.8099999999999,74.4619999999999,67.9099999999999,34.1,17.6,27.8
"BOOI4","2022-07-20 16:00",85.4779999999999,51.18,2646360,0,13.64,305.5,0.0316535433070866,87.6919999999999,77.8099999999999,74.4439999999999,67.9099999999999,34,17.6,27.8
"BOOI4","2022-07-20 17:00",85.748,53.39,2188080,0,11.15,308.5,0.0267322834645669,88.0159999999999,77.864,74.4259999999999,67.9279999999999,33.9,17.5,27.8
"BOOI4","2022-07-20 18:00",85.064,51.67,1656720,0,11.74,307.5,0.0236220472440945,87.764,77.972,74.372,67.9099999999999,33.8,17.5,27.7
"BOOI4","2022-07-20 19:00",84.0739999999999,53.22,976320,0,10.22,303.5,0.0174015748031496,87.0079999999999,78.1339999999999,74.3539999999999,67.9099999999999,33.8,17.4,27.7
"BOOI4","2022-07-20 20:00",81.3019999999999,60.15,499320,0,7.007,295.7,0.0094488188976378,85.946,78.332,74.3359999999999,67.9099999999999,33.9,17.4,27.6
"BOOI4","2022-07-20 21:00",76.046,70.52,89424,0,5.134,279.4,0.0028740157480315,84.5239999999999,78.5659999999999,74.3539999999999,67.9279999999999,33.9,17.4,27.3
"BOOI4","2022-07-20 22:00",70.43,85.1,669.6,0,4.261,264.2,0.00062992125984252,83.03,78.764,74.3179999999999,67.964,34,17.4,27.2
"BOOI4","2022-07-20 23:00",70.5919999999999,85.5,0,0,4.772,263.5,0.000393700787401575,81.68,78.9439999999999,74.3179999999999,67.946,34.1,17.4,27.2
"BOOI4","2022-07-21 00:00",67.8019999999999,91.1,0,0,5.291,261,0.000236220472440945,80.564,79.0339999999999,74.2999999999999,67.946,34,17.4,27.1
"BOOI4","2022-07-21 01:00",66.9919999999999,92.1,0,0,5.003,261.8,-7.8740157480315e-05,79.538,79.0699999999999,74.3179999999999,67.964,34.1,17.4,27.1
"BOOI4","2022-07-21 02:00",66.38,92.5,0,0,5.826,261.6,0,78.6199999999999,79.088,74.3539999999999,67.964,34.1,17.4,27.1
"BOOI4","2022-07-21 03:00",66.2359999999999,90.6,0,0,5.36,258.6,0,77.7739999999999,79.0519999999999,74.372,67.964,34.1,17.4,27.1
"BOOI4","2022-07-21 04:00",65.4619999999999,91.8,0,0,5.729,261,0,77.0359999999999,78.98,74.372,67.982,34.1,17.4,26.9
"BOOI4","2022-07-21 05:00",65.1739999999999,91.5,0,0,6.106,260.1,3.93700787401575e-05,76.3519999999999,78.872,74.4259999999999,67.982,34.1,17.4,26.9
"BOOI4","2022-07-21 06:00",63.4279999999999,94.4,2833.2,0,4.803,254.4,-0.00015748031496063,75.722,78.746,74.4439999999999,67.9999999999999,34.1,17.5,26.9
"BOOI4","2022-07-21 07:00",67.964,87.8,197424,0,6.211,254.1,0.000433070866141732,75.1999999999999,78.5659999999999,74.4439999999999,67.982,34.1,17.5,26.9
"BOOI4","2022-07-21 08:00",71.9599999999999,81.4,689760,0,8.05,244.4,0.00570866141732283,75.2179999999999,78.4039999999999,74.4439999999999,68.0179999999999,34.1,17.5,26.8
"BOOI4","2022-07-21 09:00",74.5159999999999,77.91,763200,0,9.59,255.5,0.00822834645669291,75.7939999999999,78.206,74.4619999999999,68.0359999999999,34,17.4,26.7
"BOOI4","2022-07-21 10:00",79.0519999999999,70.58,1795320,0,11.23,277.5,0.0163385826771654,76.6759999999999,78.0079999999999,74.4439999999999,68.0359999999999,33.9,17.4,26.7
"BOOI4","2022-07-21 11:00",81.6259999999999,68.69,2364120,0,10.59,301.9,0.0212992125984252,78.2599999999999,77.864,74.4439999999999,68.0359999999999,33.8,17.4,26.7
"BOOI4","2022-07-21 12:00",84.506,62.43,2962800,0,8.73,302.3,0.0263385826771654,80.7079999999999,77.6659999999999,74.4619999999999,68.0359999999999,33.6,17.3,26.6
"BOOI4","2022-07-21 13:00",85.7119999999999,59.62,3186000,0,10.78,296.8,0.0303543307086614,83.39,77.5039999999999,74.4439999999999,68.0359999999999,33.5,17.3,26.6
"BOOI4","2022-07-21 14:00",85.856,56.74,3200400,0,11.34,311.2,0.031496062992126,85.6759999999999,77.414,74.4439999999999,68.0359999999999,33.3,17.2,26.6
"BOOI4","2022-07-21 15:00",86.2339999999999,45.08,3164400,0,9.86,328.9,0.0337007874015748,87.4759999999999,77.396,74.4079999999999,68.0539999999999,33.2,17.2,26.5
"BOOI4","2022-07-21 16:00",86.306,39.07,2860920,0,9.24,335.4,0.0325590551181102,88.8079999999999,77.3779999999999,74.372,68.072,32.9,17.1,26.5
"BOOI4","2022-07-21 17:00",86.2699999999999,39.79,2364120,0,8.1,344.9,0.0277952755905512,89.24,77.4679999999999,74.3539999999999,68.072,32.8,17,26.5
"BOOI4","2022-07-21 18:00",86.864,43.22,1765080,0,5.715,330.5,0.020236220472441,88.9699999999999,77.63,74.3359999999999,68.072,32.7,17.1,26.4
"BOOI4","2022-07-21 19:00",85.9279999999999,48.86,1021320,0,3.446,340.8,0.011496062992126,88.214,77.846,74.2999999999999,68.0539999999999,32.6,17,26.4
"BOOI4","2022-07-21 20:00",82.9759999999999,54.48,526680,0,2.412,345.3,0.00515748031496063,87.098,78.1339999999999,74.282,68.09,32.7,17,26.3
"BOOI4","2022-07-21 21:00",77.8279999999999,62.93,88848,0,1.288,12.62,-0.000393700787401575,85.514,78.3859999999999,74.264,68.09,32.9,17,26.3
"BOOI4","2022-07-21 22:00",72.7699999999999,71.47,399.6,0,0.047,342,-0.00145669291338583,83.8579999999999,78.6919999999999,74.246,68.09,32.9,17,26.3
"BOOI4","2022-07-21 23:00",71.006,76.7,0,0,0,0,-0.00145669291338583,82.3279999999999,78.89,74.246,68.1079999999999,33,17,26.3
"BOOI4","2022-07-22 00:00",69.7279999999999,80.8,0,0,1.619,162.1,-0.00031496062992126,81.0499999999999,79.0339999999999,74.246,68.1079999999999,33,17,26.3
"BOOI4","2022-07-22 01:00",67.9279999999999,84.2,0,0,1.773,191.8,-0.000393700787401575,79.9159999999999,79.124,74.246,68.1079999999999,33.1,17,26.3
"BOOI4","2022-07-22 02:00",69.1699999999999,81.9,0,0,2.616,212.3,-0.000118110236220472,79.088,79.1599999999999,74.2999999999999,68.1079999999999,33.1,17,26.2
"BOOI4","2022-07-22 03:00",70.124,81,0,0,7.03,239.8,0.000866141732283465,78.4939999999999,79.106,74.3179999999999,68.1259999999999,33.1,17,26.2
"BOOI4","2022-07-22 04:00",68.7019999999999,78.78,0,0,7.649,182.6,0.00137795275590551,77.9539999999999,79.0339999999999,74.3179999999999,68.1259999999999,33.1,17,26.1
"BOOI4","2022-07-22 05:00",68.1259999999999,81.6,0,0,4.829,74.33,0.00047244094488189,77.3599999999999,78.9619999999999,74.372,68.1079999999999,33.1,17,26.1
"BOOI4","2022-07-22 06:00",66.4159999999999,90.7,1738.8,0,5.239,208,7.8740157480315e-05,76.856,78.8359999999999,74.372,68.1259999999999,33.1,17,26.1
"BOOI4","2022-07-22 07:00",67.532,90.8,152640,0,5.957,232.3,0.000433070866141732,76.3159999999999,78.7099999999999,74.4079999999999,68.1259999999999,33,17,26.1
"BOOI4","2022-07-22 08:00",73.5079999999999,75.12,694800,0,3.73,211.6,0.0047244094488189,76.388,78.5659999999999,74.4259999999999,68.1619999999999,33,17.1,26
"BOOI4","2022-07-22 09:00",73.3819999999999,79.27,898920,0,3.786,10.11,0.00783464566929134,77.072,78.3859999999999,74.4619999999999,68.1439999999999,32.9,17,26
"BOOI4","2022-07-22 10:00",79.8079999999999,68.34,2001960,0,3.142,40.21,0.0152755905511811,77.8999999999999,78.2239999999999,74.48,68.1259999999999,32.8,17,26
"BOOI4","2022-07-22 11:00",77.414,75.79,1056960,0,6.563,154.7,0.0111417322834646,79.196,78.0619999999999,74.4439999999999,68.1619999999999,32.7,17,25.9
"BOOI4","2022-07-22 12:00",80.438,73.83,1691280,0,8.33,167.3,0.0153543307086614,80.1319999999999,77.9539999999999,74.48,68.1619999999999,32.7,17,25.9
"BOOI4","2022-07-22 13:00",85.856,54.85,3178800,0,9.17,176,0.0287007874015748,82.5619999999999,77.7919999999999,74.4439999999999,68.1619999999999,32.4,16.9,25.9
"BOOI4","2022-07-22 14:00",87.4039999999999,53.4,3182400,0,11.84,196.4,0.0333464566929134,85.4779999999999,77.6839999999999,74.4439999999999,68.18,32.3,16.8,25.9
"BOOI4","2022-07-22 15:00",88.7539999999999,56.18,3038400,0,11.25,200.9,0.0324409448818898,87.764,77.63,74.4439999999999,68.18,32.1,16.7,25.9
"BOOI4","2022-07-22 16:00",90.248,58.88,2721240,0,9.73,201.3,0.0291732283464567,89.6359999999999,77.6119999999999,74.39,68.18,31.9,16.8,25.9
"BOOI4","2022-07-22 17:00",92.246,58.69,2241360,0,8.76,212,0.0254330708661417,90.662,77.648,74.4079999999999,68.198,31.7,16.7,25.9
"BOOI4","2022-07-22 18:00",91.8679999999999,62.26,1607040,0,7.01,223.9,0.0190944881889764,90.806,77.756,74.372,68.198,31.6,16.6,25.8
"BOOI4","2022-07-22 19:00",90.3379999999999,68.78,851760,0,6.722,251.7,0.012244094488189,90.14,77.9539999999999,74.3359999999999,68.18,31.6,16.5,25.8
"BOOI4","2022-07-22 20:00",87.4759999999999,76.02,481680,0,5.083,248.3,0.00649606299212599,89.0419999999999,78.1699999999999,74.3359999999999,68.198,31.6,16.5,25.8
"BOOI4","2022-07-22 21:00",83.822,84.4,69192,0,3.113,246.1,0.000511811023622047,87.764,78.422,74.2999999999999,68.18,31.7,16.5,25.8
"BOOI4","2022-07-22 22:00",80.0239999999999,88.7,460.8,0,3.139,216,0.000275590551181102,86.396,78.6739999999999,74.2999999999999,68.2159999999999,31.7,16.5,25.7
"BOOI4","2022-07-22 23:00",80.0599999999999,83.6,0,0,4.679,224.4,0.000748031496062992,85.19,78.9079999999999,74.2999999999999,68.2159999999999,31.9,16.5,25.7
"BOOI4","2022-07-23 00:00",79.0519999999999,85.3,0,0,3.683,220.9,0.000551181102362205,84.1279999999999,79.0519999999999,74.2999999999999,68.2159999999999,31.9,16.5,25.7
"BOOI4","2022-07-23 01:00",76.946,90.6,0,0,2.612,261,-3.93700787401575e-05,83.1739999999999,79.1779999999999,74.3359999999999,68.2339999999999,31.9,16.6,25.6
"BOOI4","2022-07-23 02:00",75.1999999999999,93.9,0,0,1.151,38.16,-0.000551181102362205,82.3819999999999,79.2499999999999,74.3359999999999,68.2159999999999,32,16.6,25.6
"BOOI4","2022-07-23 03:00",74.2999999999999,95.4,0,0,2.23,252.4,-0.000433070866141732,81.6079999999999,79.2679999999999,74.3539999999999,68.2339999999999,32,16.6,25.6
"BOOI4","2022-07-23 04:00",73.49,95.7,0,0,0.387,178.5,-0.000826771653543307,80.8699999999999,79.2679999999999,74.372,68.2339999999999,32,16.6,25.6
"BOOI4","2022-07-23 05:00",72.7339999999999,97.3,0,0,1.441,39.42,-0.00062992125984252,80.1859999999999,79.2499999999999,74.39,68.2339999999999,32,16.6,25.5
"BOOI4","2022-07-23 06:00",73.2919999999999,95.3,2754,0,0.766,88.3,-0.000748031496062992,79.5739999999999,79.214,74.4259999999999,68.2339999999999,32,16.6,25.5
"BOOI4","2022-07-23 07:00",73.5439999999999,94,167472,0,4.039,189.8,-0.000236220472440945,79.0339999999999,79.106,74.4619999999999,68.2159999999999,32,16.6,25.5
"BOOI4","2022-07-23 08:00",78.9079999999999,83.9,668160,0,3.523,203.8,0.00456692913385827,79.124,79.0339999999999,74.498,68.2699999999999,32,16.6,25.6
"BOOI4","2022-07-23 09:00",82.598,74.39,1313640,0,7.788,211,0.0118503937007874,80.0239999999999,78.9079999999999,74.48,68.2339999999999,31.9,16.6,25.5
"BOOI4","2022-07-23 10:00",85.388,67.64,1931760,0,8.93,223.8,0.018740157480315,81.23,78.8179999999999,74.5339999999999,68.2519999999999,31.7,16.6,25.5
"BOOI4","2022-07-23 11:00",87.1699999999999,63.99,2430360,0,9.15,217.5,0.0239763779527559,82.9579999999999,78.6739999999999,74.5159999999999,68.2699999999999,31.5,16.5,25.5
"BOOI4","2022-07-23 12:00",89.7439999999999,59.6,2842200,0,10.16,206.4,0.0285433070866142,85.2619999999999,78.6019999999999,74.5159999999999,68.2699999999999,31.2,16.5,25.5
"BOOI4","2022-07-23 13:00",91.6339999999999,54.85,3146400,0,11.47,211.4,0.0335826771653543,87.7279999999999,78.4939999999999,74.5339999999999,68.2699999999999,31,16.5,25.5
"BOOI4","2022-07-23 14:00",91.6699999999999,57,2667960,0,11.13,204.2,0.0303149606299213,89.7079999999999,78.4039999999999,74.5339999999999,68.2519999999999,30.8,16.4,25.4
"BOOI4","2022-07-23 15:00",90.9319999999999,58.97,2000160,0,9.84,214.3,0.0251968503937008,90.8239999999999,78.3859999999999,74.5339999999999,68.288,30.6,16.3,25.4
"BOOI4","2022-07-23 16:00",93.3079999999999,56.12,2368080,0,6.149,263.8,0.0248031496062992,91.4359999999999,78.422,74.5339999999999,68.2699999999999,30.4,16.2,25.3
"BOOI4","2022-07-23 17:00",91.598,60.78,1101960,0,3.301,291.4,0.0127952755905512,91.814,78.5119999999999,74.5159999999999,68.288,30.3,16.3,25.3
"BOOI4","2022-07-23 18:00",89.798,66.44,732240,0,4.991,143.6,0.0103937007874016,91.256,78.656,74.5339999999999,68.306,30.3,16.2,25.3
"BOOI4","2022-07-23 19:00",87.5119999999999,69.4,471600,0,5.859,185.4,0.00830708661417323,90.374,78.7999999999999,74.5339999999999,68.288,30.3,16.2,25.3
"BOOI4","2022-07-23 20:00",86.09,70.21,177480,0,4.397,162.8,0.00507874015748032,89.2939999999999,78.998,74.48,68.288,30.3,16.2,25.3
"BOOI4","2022-07-23 21:00",82.5439999999999,79.06,12362.4,0,6.372,154.3,0.00401574803149606,88.0519999999999,79.196,74.5159999999999,68.288,30.4,16.2,25.2
"BOOI4","2022-07-23 22:00",79.9159999999999,82.6,226.8,0.08,8.31,162.5,0.00244094488188976,86.8279999999999,79.3579999999999,74.5339999999999,68.306,30.5,16.2,25.2
"BOOI4","2022-07-23 23:00",74.714,95.4,3.6,0.15,10.56,181,0.00133858267716536,85.3339999999999,79.5019999999999,74.5339999999999,68.306,30.5,16.2,25.2
"BOOI4","2022-07-24 00:00",73.2739999999999,98.9,198,0,5.225,113.7,0,83.7499999999999,79.5919999999999,74.5699999999999,68.306,30.6,16.2,25.2
"BOOI4","2022-07-24 01:00",72.9319999999999,98.6,583.2,0,1.254,83.9,-0.00015748031496063,82.598,79.664,74.606,68.288,30.6,16.2,25.2
"BOOI4","2022-07-24 02:00",73.0579999999999,99.1,586.8,0,0.917,141.7,-0.000196850393700787,81.6259999999999,79.646,74.606,68.3419999999999,30.7,16.2,25.2
"BOOI4","2022-07-24 03:00",72.7159999999999,99.6,633.6,0,1.991,337.6,-0.00015748031496063,80.8699999999999,79.6099999999999,74.624,68.3239999999999,30.7,16.2,25.2
"BOOI4","2022-07-24 04:00",73.814,97,518.4,0,6.277,343.4,-3.93700787401575e-05,80.1859999999999,79.538,74.6599999999999,68.3239999999999,30.7,16.2,25.2
"BOOI4","2022-07-24 05:00",72.6439999999999,93,543.6,0,10.25,343.5,0.000433070866141732,79.4659999999999,79.448,74.6779999999999,68.3419999999999,30.7,16.2,25.2
"BOOI4","2022-07-24 06:00",70.772,96.2,4305.6,0,9.8,346.8,0.000393700787401575,78.548,79.3579999999999,74.732,68.3419999999999,30.7,16.3,25.1
"BOOI4","2022-07-24 07:00",70.5919999999999,95.4,164088,0,9.52,346.1,0.00015748031496063,77.6839999999999,79.214,74.7499999999999,68.3599999999999,30.7,16.3,25.1
"BOOI4","2022-07-24 08:00",71.7259999999999,91.2,706320,0,9.68,342.3,0.00405511811023622,77.3239999999999,79.088,74.7859999999999,68.3779999999999,30.7,16.3,25.1
"BOOI4","2022-07-24 09:00",73.922,81.1,1343160,0,8.72,345.7,0.0091732283464567,77.648,78.9079999999999,74.7679999999999,68.3599999999999,30.5,16.3,25
"BOOI4","2022-07-24 10:00",75.1819999999999,73.19,2006640,0,8.65,345.8,0.015748031496063,78.3499999999999,78.7099999999999,74.7679999999999,68.3599999999999,30.4,16.2,25
"BOOI4","2022-07-24 11:00",76.4779999999999,66.54,2616840,0,10.47,341.3,0.0212992125984252,79.538,78.5119999999999,74.8039999999999,68.3779999999999,30.1,16.2,25
"BOOI4","2022-07-24 12:00",77.7199999999999,63.22,2923200,0,9.11,344.2,0.0243307086614173,81.1579999999999,78.314,74.7859999999999,68.3779999999999,29.9,16.2,25
"BOOI4","2022-07-24 13:00",79.5919999999999,59.45,3186000,0,9.96,344.2,0.0276377952755906,83.1199999999999,78.1339999999999,74.7679999999999,68.3779999999999,29.7,16.1,24.9
"BOOI4","2022-07-24 14:00",80.1319999999999,54.56,3211200,0,9.38,348.2,0.0290157480314961,84.9919999999999,77.99,74.7859999999999,68.396,29.5,16.1,24.9
"BOOI4","2022-07-24 15:00",80.4019999999999,56.69,3070800,0,8.41,339.8,0.027992125984252,86.846,77.864,74.7679999999999,68.396,29.4,16,24.9
"BOOI4","2022-07-24 16:00",80.996,52.08,2647080,0,8.1,350.9,0.0257086614173228,87.998,77.738,74.732,68.396,29.2,16,24.9
"BOOI4","2022-07-24 17:00",80.456,52.69,2341440,0,7.479,353.3,0.0231102362204724,88.5199999999999,77.648,74.714,68.414,29,15.9,24.9
"BOOI4","2022-07-24 18:00",80.1319999999999,54.85,1735920,0,5.929,347.6,0.0175984251968504,88.2859999999999,77.6119999999999,74.6779999999999,68.4319999999999,28.9,15.9,24.9
"BOOI4","2022-07-24 19:00",77.3779999999999,63.95,760320,0,4.497,340.4,0.00929133858267717,87.2419999999999,77.648,74.6599999999999,68.4319999999999,28.8,15.8,24.9
"BOOI4","2022-07-24 20:00",77.09,66.37,415080,0,2.084,325,0.00338582677165354,85.8019999999999,77.7019999999999,74.624,68.414,28.9,15.8,24.8
"BOOI4","2022-07-24 21:00",71.33,81.3,68148,0,1.838,339.3,-0.000590551181102362,84.056,77.7919999999999,74.606,68.4319999999999,28.9,15.8,24.8
"BOOI4","2022-07-24 22:00",69.548,78.76,284.4,0,2.926,359.1,0.00047244094488189,82.2199999999999,77.864,74.588,68.4319999999999,29,15.8,24.8
"BOOI4","2022-07-24 23:00",67.622,82.1,0,0,3.245,9.16,0.000393700787401575,80.6179999999999,77.9179999999999,74.5699999999999,68.4319999999999,29,15.8,24.8
"BOOI4","2022-07-25 00:00",66.6859999999999,83.3,0,0,2.697,9.76,0.00015748031496063,79.196,77.8999999999999,74.5519999999999,68.4319999999999,29,15.8,24.8
"BOOI4","2022-07-25 01:00",64.3819999999999,89,0,0,2.877,359,7.8740157480315e-05,78.0259999999999,77.846,74.5339999999999,68.4499999999999,29,15.8,24.8
"BOOI4","2022-07-25 02:00",64.2919999999999,87.5,0,0,2.344,4.882,-0.000118110236220472,77.0359999999999,77.756,74.498,68.4679999999999,29,15.9,24.7
"BOOI4","2022-07-25 03:00",63.7339999999999,85.6,0,0,2.942,12.39,0,76.1539999999999,77.6839999999999,74.5159999999999,68.4499999999999,29.1,15.9,24.7
"BOOI4","2022-07-25 04:00",63.0499999999999,84.6,0,0,3.823,11.8,0.000275590551181102,75.3259999999999,77.5039999999999,74.5159999999999,68.4679999999999,29.1,15.9,24.7
"BOOI4","2022-07-25 05:00",62.3119999999999,84.7,0,0,2.034,2.981,-0.000118110236220472,74.4619999999999,77.3419999999999,74.498,68.4319999999999,29.1,15.9,24.7
"BOOI4","2022-07-25 06:00",61.79,85.1,4125.6,0,2.29,351.1,-7.8740157480315e-05,73.6519999999999,77.1619999999999,74.498,68.4859999999999,29.1,15.9,24.7
"BOOI4","2022-07-25 07:00",65.9659999999999,79.01,264744,0,0.928,355.6,-0.000118110236220472,72.9859999999999,76.964,74.4619999999999,68.4859999999999,29,15.9,24.6
"BOOI4","2022-07-25 08:00",64.7419999999999,84.3,453960,0,1.79,45.73,0.00279527559055118,73.0939999999999,76.73,74.4619999999999,68.4859999999999,29,15.9,24.7
"BOOI4","2022-07-25 09:00",65.3539999999999,85.7,601200,0,1.392,193.5,0.00421259842519685,73.4539999999999,76.532,74.4259999999999,68.4859999999999,28.9,15.9,24.7
"BOOI4","2022-07-25 10:00",67.982,76.02,987480,0,2.693,196,0.00724409448818898,74.2099999999999,76.3159999999999,74.4079999999999,68.4859999999999,28.9,15.9,24.7
"BOOI4","2022-07-25 11:00",69.3499999999999,74.87,1139400,0,1.746,219.1,0.00866141732283465,75.3259999999999,76.1179999999999,74.39,68.4859999999999,28.9,15.9,24.7
"BOOI4","2022-07-25 12:00",72.9499999999999,67.58,1499040,0,0.971,156.9,0.0111811023622047,76.4599999999999,75.9199999999999,74.3179999999999,68.4859999999999,28.7,15.9,24.6
"BOOI4","2022-07-25 13:00",72.788,64.16,1569600,0,2.766,85.3,0.0129133858267717,77.9179999999999,75.74,74.282,68.5039999999999,28.6,15.9,24.6
"BOOI4","2022-07-25 14:00",74.732,57.64,2127960,0,3.052,142.5,0.017007874015748,79.448,75.596,74.246,68.5039999999999,28.5,15.8,24.5
"BOOI4","2022-07-25 15:00",74.0119999999999,61.85,1904760,0,2.595,189.9,0.0156299212598425,81.374,75.4699999999999,74.1919999999999,68.5039999999999,28.3,15.8,24.5
"BOOI4","2022-07-25 16:00",74.372,60.81,1338840,0,2.742,276.1,0.0118503937007874,82.256,75.398,74.138,68.522,28.3,15.7,24.5
"BOOI4","2022-07-25 17:00",74.2999999999999,60.75,1228320,0,2.261,46.7,0.0107086614173228,82.472,75.3439999999999,74.0659999999999,68.5039999999999,28.3,15.7,24.5
"BOOI4","2022-07-25 18:00",74.1019999999999,62.81,1041480,0,2.628,47.23,0.0091732283464567,82.364,75.3079999999999,74.0119999999999,68.5039999999999,28.2,15.6,24.5
"BOOI4","2022-07-25 19:00",73.7419999999999,61.49,696600,0,1.565,32.87,0.00582677165354331,82.022,75.3259999999999,73.9579999999999,68.522,28.2,15.6,24.5
"BOOI4","2022-07-25 20:00",73.148,70,382320,0,1.332,26.81,0.00263779527559055,81.1939999999999,75.398,73.922,68.5039999999999,28.3,15.6,24.5
"BOOI4","2022-07-25 21:00",67.8199999999999,87,82332,0,0.942,53.76,-0.00122047244094488,80.006,75.398,73.8859999999999,68.5399999999999,28.3,15.6,24.5
"BOOI4","2022-07-25 22:00",66.848,85.7,306,0,0.99,53.1,-0.00031496062992126,78.6019999999999,75.4339999999999,73.832,68.5399999999999,28.4,15.7,24.4
"BOOI4","2022-07-25 23:00",65.156,89.1,0,0,1.26,93.1,-0.000236220472440945,77.2699999999999,75.4519999999999,73.7779999999999,68.522,28.3,15.7,24.4
"BOOI4","2022-07-26 00:00",63.932,87.5,0,0,0.999,120.4,-0.00031496062992126,76.1179999999999,75.4699999999999,73.7239999999999,68.5399999999999,28.3,15.7,24.4
"BOOI4","2022-07-26 01:00",64.0039999999999,86.9,0,0,0.32,109.1,-0.000590551181102362,75.056,75.4339999999999,73.688,68.522,28.4,15.7,24.4
"BOOI4","2022-07-26 02:00",60.7819999999999,94.1,0,0,2.234,70.58,-0.00015748031496063,74.138,75.398,73.6699999999999,68.522,28.4,15.7,24.4
"BOOI4","2022-07-26 03:00",60.4939999999999,93,0,0,2.038,82.2,-0.000236220472440945,73.346,75.272,73.6339999999999,68.5399999999999,28.4,15.7,24.4
"BOOI4","2022-07-26 04:00",60.9619999999999,92.2,0,0,2.742,84.8,-0.000196850393700787,72.6439999999999,75.1819999999999,73.58,68.522,28.4,15.7,24.3
"BOOI4","2022-07-26 05:00",60.566,92.8,0,0,2.427,104.4,-0.000196850393700787,71.9779999999999,75.038,73.5619999999999,68.522,28.4,15.7,24.3
"BOOI4","2022-07-26 06:00",59.1259999999999,95.8,2178,0,1.872,84.9,-0.00031496062992126,71.348,74.8759999999999,73.49,68.5399999999999,28.4,15.7,24.3
"BOOI4","2022-07-26 07:00",62.7079999999999,90.4,191520,0,1.541,134.1,-0.00062992125984252,70.8439999999999,74.732,73.472,68.522,28.4,15.7,24.4
"BOOI4","2022-07-26 08:00",67.3699999999999,88.4,721800,0,0.809,142.9,0.00318897637795276,71.2039999999999,74.5519999999999,73.4539999999999,68.522,28.4,15.7,24.3
"BOOI4","2022-07-26 09:00",68.7919999999999,84.7,1266120,0,1.811,207.1,0.00795275590551181,72.482,74.372,73.4359999999999,68.522,28.3,15.7,24.3
"BOOI4","2022-07-26 10:00",72.9319999999999,79.75,1579680,0,2.86,186.5,0.0109842519685039,74.138,74.1919999999999,73.364,68.5039999999999,28.2,15.7,24.3
"BOOI4","2022-07-26 11:00",73.832,75.11,2246040,0,3.722,186,0.0160629921259842,76.4239999999999,74.0119999999999,73.3279999999999,68.5039999999999,28.1,15.6,24.3
"BOOI4","2022-07-26 12:00",74.1739999999999,72.89,2727720,0,4.958,161.8,0.0200393700787402,79.2499999999999,73.8859999999999,73.2919999999999,68.522,27.9,15.6,24.3
"BOOI4","2022-07-26 13:00",75.9019999999999,71.21,2883600,0,5.338,167.7,0.0222047244094488,82.346,73.7779999999999,73.238,68.5039999999999,27.8,15.5,24.3
"BOOI4","2022-07-26 14:00",77.756,68.04,3024000,0,5.456,173,0.0237795275590551,84.8119999999999,73.688,73.1839999999999,68.5039999999999,27.6,15.5,24.2
"BOOI4","2022-07-26 15:00",78.6199999999999,64.71,2970000,0,4.054,153.5,0.023740157480315,87.2779999999999,73.6699999999999,73.13,68.522,27.5,15.4,24.2
"BOOI4","2022-07-26 16:00",80.1859999999999,63.54,2553120,0,3.517,160.1,0.020748031496063,88.8619999999999,73.6519999999999,73.0759999999999,68.4859999999999,27.4,15.3,24.2
"BOOI4","2022-07-26 17:00",81.1939999999999,63.34,2158560,0,3.787,192.8,0.0181496062992126,89.69,73.7419999999999,72.9859999999999,68.5039999999999,27.4,15.3,24.2
"BOOI4","2022-07-26 18:00",79.3759999999999,65.51,1068840,0,5.286,223,0.0115748031496063,89.4019999999999,73.8679999999999,72.9499999999999,68.4859999999999,27.3,15.3,24.1
"BOOI4","2022-07-26 19:00",80.8159999999999,65.68,863280,0,4.573,243.3,0.00909448818897638,88.2859999999999,74.0839999999999,72.8779999999999,68.4859999999999,27.4,15.2,24.1
"BOOI4","2022-07-26 20:00",76.6579999999999,77.61,204660,0,2.522,248.6,0.00303149606299213,86.846,74.282,72.8419999999999,68.4859999999999,27.4,15.2,24.1
"BOOI4","2022-07-26 21:00",75.038,82.8,25948.8,0,2.094,219.4,0.000551181102362205,85.19,74.498,72.806,68.4679999999999,27.5,15.2,24.1
"BOOI4","2022-07-26 22:00",72.788,91.3,90,0,2.22,199.5,-0.000196850393700787,83.732,74.714,72.788,68.4679999999999,27.5,15.2,24.1
"BOOI4","2022-07-26 23:00",72.014,93.1,0,0,2.559,170.8,-0.00031496062992126,82.4359999999999,74.8939999999999,72.7339999999999,68.4679999999999,27.6,15.2,24.1
"BOOI4","2022-07-27 00:00",71.8159999999999,94.9,0,0,1.816,23.81,-0.000511811023622047,81.3019999999999,75.0199999999999,72.7519999999999,68.4499999999999,27.6,15.2,24.1
"BOOI4","2022-07-27 01:00",70.2499999999999,97.4,3.6,0,2.317,208.7,-0.000551181102362205,80.3839999999999,75.1279999999999,72.7159999999999,68.4499999999999,27.6,15.2,24
"BOOI4","2022-07-27 02:00",69.08,97.9,0,0,3.512,256.8,-0.00047244094488189,79.4839999999999,75.1999999999999,72.698,68.4319999999999,27.6,15.3,24.1
"BOOI4","2022-07-27 03:00",68.0539999999999,99.2,0,0,4.075,256.8,-0.00047244094488189,78.5659999999999,75.2179999999999,72.68,68.4319999999999,27.6,15.3,24
"BOOI4","2022-07-27 04:00",69.1339999999999,97.4,0,0,5.392,266.1,-0.000393700787401575,77.7919999999999,75.2179999999999,72.698,68.414,27.7,15.3,24
"BOOI4","2022-07-27 05:00",67.3699999999999,99.3,0,0,4.015,250.1,-0.000433070866141732,77.072,75.2179999999999,72.68,68.4319999999999,27.7,15.3,24
"BOOI4","2022-07-27 06:00",66.4519999999999,100,1969.2,0,5.775,235.2,-0.000433070866141732,76.388,75.1819999999999,72.7159999999999,68.4319999999999,27.7,15.3,24
"BOOI4","2022-07-27 07:00",66.956,99.5,131400,0,7.34,270.2,-0.00078740157480315,75.83,75.1279999999999,72.7159999999999,68.396,27.7,15.3,24
"BOOI4","2022-07-27 08:00",69.4939999999999,94.4,630000,0,7.008,288.8,0.00283464566929134,75.6679999999999,75.0019999999999,72.7159999999999,68.396,27.7,15.3,24
"BOOI4","2022-07-27 09:00",72.3919999999999,87.6,1241280,0,7.163,305.7,0.0078740157480315,76.298,74.948,72.698,68.3779999999999,27.6,15.3,24
"BOOI4","2022-07-27 10:00",74.7679999999999,78.61,1847520,0,6.756,317.9,0.0133858267716536,77.5759999999999,74.84,72.7339999999999,68.3779999999999,27.5,15.3,24
"BOOI4","2022-07-27 11:00",77.072,67.55,2396160,0,7.889,314.5,0.0190944881889764,79.5919999999999,74.732,72.7159999999999,68.3779999999999,27.4,15.2,24
"BOOI4","2022-07-27 12:00",79.1599999999999,57.95,2856600,0,7.397,316.4,0.0242125984251969,82.0759999999999,74.6419999999999,72.698,68.3779999999999,27.2,15.2,24
"BOOI4","2022-07-27 13:00",80.5279999999999,56.17,3114000,0,7.54,310.5,0.0270472440944882,84.6679999999999,74.5699999999999,72.698,68.3599999999999,27.1,15.1,23.9
"BOOI4","2022-07-27 14:00",81.3919999999999,52.56,3034800,0,8.98,293.5,0.0287007874015748,86.8819999999999,74.48,72.698,68.3599999999999,27,15.1,23.9
"BOOI4","2022-07-27 15:00",81.914,52.92,3052800,0,7.549,307.2,0.0285433070866142,88.8079999999999,74.48,72.6439999999999,68.3419999999999,26.8,15,23.9
"BOOI4","2022-07-27 16:00",83.5519999999999,51.55,2724120,0,7.361,283.2,0.0266141732283465,90.248,74.498,72.6439999999999,68.3239999999999,26.7,14.9,23.8
"BOOI4","2022-07-27 17:00",83.4259999999999,48.71,2247840,0,8.34,279,0.0246456692913386,90.8599999999999,74.5699999999999,72.6259999999999,68.3419999999999,26.6,14.9,23.8
"BOOI4","2022-07-27 18:00",83.5699999999999,51.75,1684080,0,8.12,261.7,0.0201968503937008,90.5179999999999,74.6599999999999,72.6079999999999,68.3239999999999,26.5,14.8,23.8
"BOOI4","2022-07-27 19:00",82.8499999999999,58.41,968400,0,5.972,229.8,0.0126377952755906,89.6179999999999,74.8579999999999,72.59,68.306,26.4,14.7,23.8
"BOOI4","2022-07-27 20:00",78.1699999999999,69.17,362880,0,5.836,230.8,0.00700787401574803,88.196,75.038,72.572,68.288,26.5,14.7,23.7
"BOOI4","2022-07-27 21:00",74.48,79.35,19105.2,0,3.27,245.1,0.00177165354330709,86.4499999999999,75.2539999999999,72.5539999999999,68.306,26.6,14.7,23.8
"BOOI4","2022-07-27 22:00",72.788,86,75.6,0,1.737,352.2,-0.00031496062992126,84.9919999999999,75.4519999999999,72.5539999999999,68.2699999999999,26.6,14.7,23.8
"BOOI4","2022-07-27 23:00",68.0179999999999,95.3,0,0.02,6.558,2.143,0.000275590551181102,83.606,75.6499999999999,72.5359999999999,68.288,26.6,14.7,23.8
"BOOI4","2022-07-28 00:00",68.0359999999999,96.8,0,0,1.138,29.77,-0.000905511811023622,82.2199999999999,75.7759999999999,72.5539999999999,68.306,26.6,14.7,23.8
"BOOI4","2022-07-28 01:00",67.7839999999999,97.2,3.6,0.08,7.256,275.2,-0.000275590551181102,81.0499999999999,75.8659999999999,72.5539999999999,68.288,26.7,14.7,23.8
"BOOI4","2022-07-28 02:00",65.4079999999999,88.9,176.4,0.12,9.07,305.3,-3.93700787401575e-05,79.7539999999999,75.8839999999999,72.6079999999999,68.2699999999999,26.6,14.7,23.8
"BOOI4","2022-07-28 03:00",63.9499999999999,92.9,932.4,0.03,3.262,358.7,-0.000354330708661417,78.1339999999999,75.9019999999999,72.59,68.2519999999999,26.6,14.8,23.8
"BOOI4","2022-07-28 04:00",63.7339999999999,95.1,1216.8,0,1.548,8.85,-0.00078740157480315,76.982,75.8839999999999,72.6259999999999,68.2519999999999,26.5,14.8,23.7
"BOOI4","2022-07-28 05:00",62.438,96.2,1216.8,0,0.712,309.2,-0.00102362204724409,76.064,75.8119999999999,72.6439999999999,68.2519999999999,26.5,14.8,23.7
"BOOI4","2022-07-28 06:00",60.9619999999999,97.5,5778,0,3.147,272.1,-0.000551181102362205,75.056,75.6679999999999,72.68,68.2339999999999,26.5,14.8,23.7
"BOOI4","2022-07-28 07:00",62.5099999999999,95.5,195588,0,5.282,275.1,-0.00031496062992126,74.03,75.5419999999999,72.68,68.2339999999999,26.5,14.8,23.7
"BOOI4","2022-07-28 08:00",64.5619999999999,88.7,520560,0,6.431,296.8,0.00279527559055118,73.58,75.38,72.7159999999999,68.2339999999999,26.5,14.8,23.7
"BOOI4","2022-07-28 09:00",65.6779999999999,83.5,858960,0,5.65,321.7,0.00590551181102362,73.6519999999999,75.2179999999999,72.7159999999999,68.2339999999999,26.4,14.9,23.7
"BOOI4","2022-07-28 10:00",69.9619999999999,76.7,1922040,0,5.595,341.5,0.0129133858267717,74.2999999999999,75.0199999999999,72.7339999999999,68.198,26.3,14.8,23.7
"BOOI4","2022-07-28 11:00",70.34,71.67,2491200,0,6.729,338.3,0.0181496062992126,76.0999999999999,74.8579999999999,72.7339999999999,68.2159999999999,26.2,14.8,23.7
"BOOI4","2022-07-28 12:00",72.0859999999999,64.78,2952000,0,6.545,335.3,0.0220472440944882,78.1159999999999,74.696,72.7159999999999,68.198,26.1,14.7,23.6
"BOOI4","2022-07-28 13:00",72.914,61.37,3196800,0,6.581,337.5,0.0243307086614173,80.0599999999999,74.5159999999999,72.7159999999999,68.198,26,14.7,23.6
"BOOI4","2022-07-28 14:00",74.3179999999999,58.37,3117600,0,5.813,326.3,0.0244488188976378,82.256,74.372,72.7159999999999,68.198,25.8,14.6,23.6
"BOOI4","2022-07-28 15:00",74.9839999999999,59.32,2908800,0,5.779,330.1,0.0238188976377953,83.606,74.246,72.68,68.1619999999999,25.8,14.6,23.5
"BOOI4","2022-07-28 16:00",76.838,55.63,2377080,0,5.648,321.9,0.0201968503937008,84.614,74.1739999999999,72.6619999999999,68.1619999999999,25.7,14.6,23.5
"BOOI4","2022-07-28 17:00",76.0999999999999,54.55,2182320,0,6.156,346.8,0.0197637795275591,84.8839999999999,74.1739999999999,72.6079999999999,68.18,25.6,14.5,23.5
"BOOI4","2022-07-28 18:00",76.1359999999999,53.75,1747440,0,6.629,336,0.017007874015748,84.8119999999999,74.138,72.59,68.198,25.6,14.4,23.5
"BOOI4","2022-07-28 19:00",74.6419999999999,55.2,1028880,0,6.972,315.9,0.0125590551181102,83.8039999999999,74.246,72.5539999999999,68.1439999999999,25.6,14.4,23.5
"BOOI4","2022-07-28 20:00",72.1579999999999,64.18,545760,0,5.393,298.6,0.00673228346456693,82.3279999999999,74.3179999999999,72.5359999999999,68.18,25.6,14.4,23.5
"BOOI4","2022-07-28 21:00",65.264,85.3,65484,0,3.188,275.8,0.00015748031496063,80.546,74.3539999999999,72.5179999999999,68.1619999999999,25.6,14.4,23.5
"BOOI4","2022-07-28 22:00",63.464,90.8,259.2,0,3.057,257.2,-0.000354330708661417,78.8179999999999,74.39,72.482,68.1619999999999,25.6,14.4,23.5
"BOOI4","2022-07-28 23:00",62.0419999999999,94,0,0,3.436,254.1,-0.000433070866141732,77.396,74.4079999999999,72.464,68.1619999999999,25.6,14.4,23.5
"BOOI4","2022-07-29 00:00",64.4539999999999,85.4,0,0,3.937,276.6,-0.000118110236220472,76.2619999999999,74.372,72.4279999999999,68.1619999999999,25.6,14.4,23.5
"BOOI4","2022-07-29 01:00",63.122,88,0,0,4.099,302.9,-7.8740157480315e-05,75.164,74.3539999999999,72.4099999999999,68.1439999999999,25.6,14.4,23.5
"BOOI4","2022-07-29 02:00",62.2579999999999,89.3,0,0,3.26,305.3,-0.000354330708661417,74.138,74.264,72.3919999999999,68.1259999999999,25.6,14.4,23.5
"BOOI4","2022-07-29 03:00",61.6999999999999,89.1,0,0,2.925,307.7,-0.000433070866141732,73.2019999999999,74.156,72.3919999999999,68.1619999999999,25.6,14.4,23.5
"BOOI4","2022-07-29 04:00",60.566,88.7,0,0,2.257,308.4,-0.000551181102362205,72.374,73.9939999999999,72.374,68.1079999999999,25.6,14.5,23.5
"BOOI4","2022-07-29 05:00",59.756,89.6,0,0,1.742,309.2,-0.000669291338582677,71.564,73.832,72.356,68.1439999999999,25.6,14.5,23.4
"BOOI4","2022-07-29 06:00",58.4599999999999,91.4,1846.8,0,2.661,308.7,-0.000511811023622047,70.8259999999999,73.688,72.374,68.1259999999999,25.6,14.5,23.4
"BOOI4","2022-07-29 07:00",60.89,86.3,177048,0,2.172,329.5,-0.000511811023622047,70.1779999999999,73.5079999999999,72.338,68.1259999999999,25.6,14.5,23.4
"BOOI4","2022-07-29 08:00",65.372,80,698040,0,4.686,338.6,0.00393700787401575,70.124,73.346,72.3019999999999,68.1259999999999,25.5,14.5,23.4
"BOOI4","2022-07-29 09:00",69.206,70.27,1332360,0,4.525,347,0.00909448818897638,71.096,73.13,72.2659999999999,68.1259999999999,25.5,14.5,23.4
"BOOI4","2022-07-29 10:00",70.898,64.61,1956960,0,4.146,334.2,0.014251968503937,72.8239999999999,72.9499999999999,72.2659999999999,68.1079999999999,25.4,14.4,23.4
"BOOI4","2022-07-29 11:00",73.256,64.75,2479680,0,4.404,343.6,0.0187007874015748,75.4519999999999,72.7519999999999,72.1939999999999,68.1259999999999,25.3,14.4,23.3
"BOOI4","2022-07-29 12:00",74.6599999999999,59.02,2977200,0,5.448,335,0.0231102362204724,78.314,72.59,72.1579999999999,68.09,25.2,14.3,23.3
"BOOI4","2022-07-29 13:00",75.7759999999999,56.29,3222000,0,5.943,334.5,0.0256692913385827,81.1939999999999,72.464,72.14,68.09,25.1,14.3,23.3
"BOOI4","2022-07-29 14:00",75.956,54.53,3229200,0,6.324,321.2,0.0262204724409449,83.8039999999999,72.3199999999999,72.1039999999999,68.09,25,14.3,23.3
"BOOI4","2022-07-29 15:00",77.4499999999999,57.12,3092400,0,6.467,318.9,0.0257874015748032,86.0359999999999,72.248,72.0679999999999,68.09,25,14.2,23.3
"BOOI4","2022-07-29 16:00",78.5119999999999,51.66,2437920,0,5.243,337.5,0.0216929133858268,87.0619999999999,72.23,71.9779999999999,68.072,24.9,14.1,23.3
"BOOI4","2022-07-29 17:00",78.296,54.2,1924200,0,4.186,336,0.017244094488189,87.4939999999999,72.248,71.9419999999999,68.072,24.9,14.1,23.3
"BOOI4","2022-07-29 18:00",75.9739999999999,58.33,919800,0,3.289,339.9,0.00976377952755906,86.7199999999999,72.338,71.8699999999999,68.09,24.9,14,23.2
"BOOI4","2022-07-29 19:00",75.4519999999999,62.65,325080,0,1.675,9.2,0.00421259842519685,85.046,72.4999999999999,71.8339999999999,68.0539999999999,24.9,14,23.2
"BOOI4","2022-07-29 20:00",74.7859999999999,63.97,316800,0,0.51,38.33,0.00165354330708661,83.4079999999999,72.6439999999999,71.78,68.0539999999999,25,14,23.2
"BOOI4","2022-07-29 21:00",69.98,78.02,99072,0,0.495,54.31,-0.0012992125984252,81.9319999999999,72.788,71.7439999999999,68.072,25,14,23.2
"BOOI4","2022-07-29 22:00",67.0999999999999,86.1,270,0,0.158,167.5,7.8740157480315e-05,80.2939999999999,72.9319999999999,71.7079999999999,68.0359999999999,25,14,23.2
"BOOI4","2022-07-29 23:00",69.548,72.92,0,0,0.757,152.3,0.00031496062992126,78.764,73.0579999999999,71.672,68.0359999999999,25,14,23.2
"BOOI4","2022-07-30 00:00",64.9939999999999,85.4,0,0,1.556,173.6,0.00047244094488189,77.4319999999999,73.1119999999999,71.6539999999999,68.0179999999999,25.1,14,23.2
"BOOI4","2022-07-30 01:00",63.8779999999999,86.4,0,0,2.154,188.2,0.000551181102362205,76.2439999999999,73.13,71.6359999999999,68.0359999999999,25.1,14,23.2
"BOOI4","2022-07-30 02:00",61.3759999999999,89.1,0,0,2.346,213.9,0.00047244094488189,75.146,73.13,71.6359999999999,68.0179999999999,25.1,14,23.2
"BOOI4","2022-07-30 03:00",61.7179999999999,89.9,0,0,1.969,221.4,0.000393700787401575,74.1739999999999,73.1119999999999,71.6179999999999,68.0359999999999,25.1,14,23.2
"BOOI4","2022-07-30 04:00",61.79,89.9,0,0,1.733,224.2,0.000275590551181102,73.2739999999999,73.0399999999999,71.6359999999999,68.0179999999999,25.1,14,23.2
"BOOI4","2022-07-30 05:00",60.548,91.7,0,0,2.572,215.2,0.00031496062992126,72.464,72.9319999999999,71.582,67.9999999999999,25.1,14,23.2
"BOOI4","2022-07-30 06:00",57.6319999999999,95.9,1522.8,0,2.386,244.6,0.000196850393700787,71.7079999999999,72.8419999999999,71.5999999999999,68.0179999999999,25.1,14.1,23.2
"BOOI4","2022-07-30 07:00",61.124,93,153360,0,2.997,256.5,-0.000748031496062992,71.0419999999999,72.7339999999999,71.564,67.9999999999999,25,14.1,23.1
"BOOI4","2022-07-30 08:00",66.7759999999999,84.3,703440,0,3.219,252.2,0.00330708661417323,71.1679999999999,72.5539999999999,71.546,67.982,25.1,14.1,23.1
"BOOI4","2022-07-30 09:00",70.3579999999999,78.79,1330200,0,3.501,208.6,0.00866141732283465,72.356,72.4099999999999,71.564,67.982,25.1,14.1,23.1
"BOOI4","2022-07-30 10:00",73.5439999999999,71.88,1930680,0,5.42,170,0.0141338582677165,74.246,72.248,71.5279999999999,67.982,25,14,23.1
"BOOI4","2022-07-30 11:00",76.964,63.64,2457000,0,5.517,169.3,0.0189370078740158,76.8019999999999,72.0859999999999,71.5099999999999,67.982,24.8,14,23.1
"BOOI4","2022-07-30 12:00",79.0339999999999,60.22,2792160,0,4.774,181.6,0.0227952755905512,79.8619999999999,71.9779999999999,71.4739999999999,67.982,24.8,13.9,23
"BOOI4","2022-07-30 13:00",80.3659999999999,58.49,3164400,0,5.054,190.8,0.0261023622047244,82.8679999999999,71.8699999999999,71.456,67.964,24.7,13.9,23
"BOOI4","2022-07-30 14:00",79.7179999999999,47.05,3348000,0,6.428,174,0.0292125984251969,85.964,71.798,71.4019999999999,67.946,24.7,13.9,23
"BOOI4","2022-07-30 15:00",80.3839999999999,53.5,2838240,0,6.4,162.5,0.0264566929133858,88.124,71.7619999999999,71.3839999999999,67.946,24.6,13.8,22.9
"BOOI4","2022-07-30 16:00",82.49,49.26,2429640,0,5.307,165.3,0.0226377952755905,88.9699999999999,71.798,71.33,67.9099999999999,24.6,13.7,23
"BOOI4","2022-07-30 17:00",82.1839999999999,46.06,2341440,0,5.398,167.7,0.0223228346456693,89.78,71.8699999999999,71.2939999999999,67.9099999999999,24.5,13.7,23
"BOOI4","2022-07-30 18:00",81.9679999999999,46.89,1736640,0,3.41,171.1,0.0159842519685039,89.7439999999999,71.996,71.2759999999999,67.9099999999999,24.5,13.6,22.9
"BOOI4","2022-07-30 19:00",80.798,54.08,935280,0,4.142,110,0.0108661417322835,88.7899999999999,72.1579999999999,71.222,67.9099999999999,24.6,13.5,22.9
"BOOI4","2022-07-30 20:00",78.0079999999999,61.88,440640,0,3.26,95,0.00496062992125984,87.1519999999999,72.374,71.1859999999999,67.8919999999999,24.6,13.5,22.9
"BOOI4","2022-07-30 21:00",72.014,73.36,66204,0,1.836,75.29,-0.000433070866141732,85.2439999999999,72.5539999999999,71.1679999999999,67.856,24.6,13.5,22.9
"BOOI4","2022-07-30 22:00",72.0679999999999,71.43,223.2,0,2.512,102.1,0.000433070866141732,83.3359999999999,72.7519999999999,71.1499999999999,67.856,24.6,13.5,22.9
"BOOI4","2022-07-30 23:00",68.1439999999999,79.84,0,0,2.572,138.8,0.000196850393700787,81.68,72.896,71.114,67.874,24.7,13.5,22.9
"BOOI4","2022-07-31 00:00",64.5259999999999,86.1,0,0,2.689,184.4,-0.000118110236220472,80.2939999999999,73.0399999999999,71.114,67.856,24.7,13.5,22.9
"BOOI4","2022-07-31 01:00",63.0859999999999,87.9,0,0,2.747,204,-0.000236220472440945,78.9439999999999,73.1119999999999,71.114,67.838,24.8,13.5,22.9
"BOOI4","2022-07-31 02:00",61.6999999999999,90.8,0,0,2.19,185.4,-0.00047244094488189,77.738,73.1839999999999,71.1319999999999,67.856,24.8,13.5,22.9
"BOOI4","2022-07-31 03:00",61.106,92.9,0,0,2.238,189.9,-0.000511811023622047,76.6939999999999,73.13,71.1319999999999,67.838,24.8,13.5,22.9
"BOOI4","2022-07-31 04:00",61.2859999999999,94.7,0,0,1.574,195.3,-0.000748031496062992,75.8119999999999,73.13,71.114,67.8019999999999,24.8,13.5,22.9
"BOOI4","2022-07-31 05:00",61.682,96.4,0,0,1.48,192.7,-0.000826771653543307,75.1099999999999,73.0759999999999,71.114,67.7839999999999,24.8,13.5,22.9
"BOOI4","2022-07-31 06:00",62.7439999999999,97,1346.4,0,2.628,174.7,-0.00062992125984252,74.48,73.0039999999999,71.1499999999999,67.8199999999999,24.7,13.5,22.9
"BOOI4","2022-07-31 07:00",63.8419999999999,96.8,143460,0,3.465,169,-0.000826771653543307,73.922,72.9319999999999,71.1499999999999,67.7839999999999,24.7,13.6,22.8
"BOOI4","2022-07-31 08:00",68.9359999999999,93.6,668520,0,4.496,172.2,0.00295275590551181,73.9939999999999,72.788,71.1499999999999,67.7839999999999,24.7,13.6,22.8
"BOOI4","2022-07-31 09:00",72.0679999999999,89.6,1307880,0,6.668,199.5,0.00795275590551181,74.93,72.6619999999999,71.1499999999999,67.7659999999999,24.7,13.6,22.8
"BOOI4","2022-07-31 10:00",74.6779999999999,85.8,1903320,0,6.814,201.5,0.0129133858267717,76.5859999999999,72.5539999999999,71.1319999999999,67.748,24.6,13.5,22.8
"BOOI4","2022-07-31 11:00",77.2339999999999,80.5,2497680,0,7.774,198.8,0.017992125984252,78.89,72.4279999999999,71.1499999999999,67.7659999999999,24.6,13.5,22.8
"BOOI4","2022-07-31 12:00",78.4039999999999,78.15,2821680,0,8.74,188.5,0.0215354330708661,81.4999999999999,72.356,71.1319999999999,67.7659999999999,24.5,13.5,22.7
"BOOI4","2022-07-31 13:00",80.8159999999999,71.12,2564280,0,7.333,204.4,0.0208267716535433,83.7859999999999,72.2659999999999,71.114,67.73,24.4,13.4,22.7
"BOOI4","2022-07-31 14:00",81.4999999999999,69.91,2898000,0,9.68,195.6,0.024488188976378,85.6759999999999,72.2119999999999,71.114,67.73,24.4,13.4,22.7
"BOOI4","2022-07-31 15:00",82.5259999999999,66.51,3038400,0,13.14,191.2,0.027007874015748,87.5119999999999,72.2119999999999,71.0779999999999,67.748,24.4,13.3,22.7
"BOOI4","2022-07-31 16:00",83.7679999999999,65.93,2762640,0,12.63,202.3,0.0260629921259843,88.772,72.23,71.0419999999999,67.7119999999999,24.3,13.2,22.7
"BOOI4","2022-07-31 17:00",83.732,66.9,1851840,0,11.06,206,0.020236220472441,89.2039999999999,72.3019999999999,71.0419999999999,67.7119999999999,24.3,13.2,22.7
"BOOI4","2022-07-31 18:00",83.7679999999999,68.36,1586160,0,10.88,217.2,0.0182283464566929,88.9699999999999,72.4099999999999,70.988,67.6939999999999,24.3,13.2,22.6
"BOOI4","2022-07-31 19:00",82.256,72.11,773280,0,9.2,224.6,0.011496062992126,88.232,72.59,70.988,67.6939999999999,24.3,13.1,22.6
"BOOI4","2022-07-31 20:00",79.6999999999999,81.4,252648,0,5.656,204.5,0.00468503937007874,87.0619999999999,72.7699999999999,70.988,67.6939999999999,24.4,13.1,22.6
"BOOI4","2022-07-31 21:00",76.2079999999999,88.4,48240,0,5.707,197.8,0.000748031496062992,85.73,72.9319999999999,70.9699999999999,67.6759999999999,24.4,13,22.6
"BOOI4","2022-07-31 22:00",76.6759999999999,89,140.4,0,5.736,203.3,0.000236220472440945,84.3259999999999,73.0939999999999,70.9519999999999,67.6759999999999,24.4,13,22.6
"BOOI4","2022-07-31 23:00",77.414,89.2,0,0,8.12,223.4,0.000551181102362205,83.2099999999999,73.2739999999999,70.9699999999999,67.6579999999999,24.4,13,22.6
"BOOI4","2022-08-01 00:00",75.1819999999999,94.6,0,0,6.985,269.5,0.00015748031496063,82.3099999999999,73.4179999999999,70.988,67.6579999999999,24.5,13,22.6
"BOOI4","2022-08-01 01:00",74.2279999999999,91.9,0,0,5.367,285.9,-0.000275590551181102,81.464,73.5079999999999,70.9339999999999,67.64,24.5,13.1,22.6
"BOOI4","2022-08-01 02:00",71.9599999999999,88,0,0,5.553,298.9,0.00015748031496063,80.546,73.58,70.9699999999999,67.6039999999999,24.5,13.1,22.6
"BOOI4","2022-08-01 03:00",70.322,89,0,0,5.318,296.2,7.8740157480315e-05,79.556,73.6159999999999,70.988,67.622,24.5,13.1,22.6
"BOOI4","2022-08-01 04:00",67.8019999999999,92.4,0,0,5.538,290.2,3.93700787401575e-05,78.656,73.6519999999999,71.0239999999999,67.64,24.5,13.1,22.6
"BOOI4","2022-08-01 05:00",65.822,95,0,0,5.433,276.8,-0.000236220472440945,77.7199999999999,73.6519999999999,71.0239999999999,67.622,24.5,13.1,22.5
"BOOI4","2022-08-01 06:00",64.8859999999999,96.4,1173.6,0,5.179,272.5,-0.000433070866141732,76.838,73.6339999999999,71.006,67.6039999999999,24.5,13.1,22.5
"BOOI4","2022-08-01 07:00",66.9919999999999,92.5,186588,0,5.949,285.8,-0.000118110236220472,76.1359999999999,73.6159999999999,71.0419999999999,67.5859999999999,24.5,13.1,22.5
"BOOI4","2022-08-01 08:00",69.7099999999999,87.3,668520,0,5.336,303.2,0.00366141732283465,76.0279999999999,73.5439999999999,71.0779999999999,67.5859999999999,24.5,13.1,22.5
"BOOI4","2022-08-01 09:00",71.8339999999999,82.1,1265400,0,6.168,318.5,0.00866141732283465,76.64,73.472,71.096,67.5859999999999,24.5,13.1,22.5
"BOOI4","2022-08-01 10:00",73.1119999999999,79.4,1736640,0,5.932,358.6,0.0126377952755906,77.7739999999999,73.3819999999999,71.114,67.5859999999999,24.4,13.1,22.5
"BOOI4","2022-08-01 11:00",76.6039999999999,75.58,2188800,0,4.427,338.2,0.0165354330708661,79.4839999999999,73.3099999999999,71.0779999999999,67.5679999999999,24.4,13.1,22.5
"BOOI4","2022-08-01 12:00",78.638,71.3,2819880,0,4.573,335.2,0.0216141732283465,81.698,73.2019999999999,71.114,67.5679999999999,24.3,13,22.4
"BOOI4","2022-08-01 13:00",81.014,65.37,3150000,0,4.81,290.1,0.0251968503937008,84.6499999999999,73.13,71.096,67.5499999999999,24.3,12.9,22.5
"BOOI4","2022-08-01 14:00",82.598,66.12,3193200,0,6.371,255.1,0.0265354330708662,87.332,73.0939999999999,71.114,67.5679999999999,24.2,12.8,22.5
"BOOI4","2022-08-01 15:00",83.264,61.58,3056400,0,6.531,260.9,0.026496062992126,89.456,73.0579999999999,71.096,67.532,24.1,12.9,22.4
"BOOI4","2022-08-01 16:00",85.874,59.29,2717280,0,4.733,281.9,0.0237795275590551,90.9499999999999,73.0759999999999,71.096,67.514,24.1,12.7,22.4
"BOOI4","2022-08-01 17:00",85.532,58.17,2228400,0,3.408,3.258,0.0196850393700787,91.6879999999999,73.1119999999999,71.0779999999999,67.514,24.1,12.6,22.3
"BOOI4","2022-08-01 18:00",85.8919999999999,57.91,1621080,0,3.17,28.83,0.0148031496062992,91.5439999999999,73.238,71.0599999999999,67.532,24.1,12.6,22.3
"BOOI4","2022-08-01 19:00",84.596,62.84,928800,0,1.543,81.4,0.00771653543307087,90.806,73.3819999999999,71.096,67.496,24.1,12.6,22.3
"BOOI4","2022-08-01 20:00",80.33,75.8,292320,0,2.171,134.1,0.00322834645669291,89.4739999999999,73.598,71.096,67.532,24.2,12.6,22.3
"BOOI4","2022-08-01 21:00",76.1359999999999,86.1,38196,0,2.08,68.84,0,87.8539999999999,73.7779999999999,71.0599999999999,67.496,24.2,12.6,22.3
"BOOI4","2022-08-01 22:00",74.6779999999999,88,97.2,0,1.684,62.03,-0.000590551181102362,86.2519999999999,73.9579999999999,71.0599999999999,67.4779999999999,24.3,12.6,22.3
"BOOI4","2022-08-01 23:00",75.596,82.2,0,0,3.065,109.4,7.8740157480315e-05,84.9199999999999,74.1019999999999,71.0779999999999,67.514,24.3,12.6,22.3
"BOOI4","2022-08-02 00:00",73.706,87.6,0,0,4.153,109.5,0.000196850393700787,83.84,74.246,71.096,67.4779999999999,24.3,12.6,22.3
"BOOI4","2022-08-02 01:00",73.1659999999999,88.9,3.6,0,3.549,117.4,-0.000118110236220472,82.9579999999999,74.3359999999999,71.114,67.496,24.3,12.6,22.3
"BOOI4","2022-08-02 02:00",72.6439999999999,78.68,21.6,0,7.438,44.03,0.000984251968503937,82.2019999999999,74.39,71.1679999999999,67.4779999999999,24.3,12.6,22.3
"BOOI4","2022-08-02 03:00",70.664,83.8,0,0,5.932,140,0.000826771653543307,81.374,74.4259999999999,71.1499999999999,67.4599999999999,24.3,12.6,22.3
"BOOI4","2022-08-02 04:00",71.438,84.5,0,0,6.419,147.6,0.00047244094488189,80.582,74.4439999999999,71.1859999999999,67.4599999999999,24.3,12.6,22.3
"BOOI4","2022-08-02 05:00",71.4919999999999,88.2,0,0,5.325,157.7,0.000196850393700787,79.88,74.4079999999999,71.2039999999999,67.4419999999999,24.3,12.6,22.3
"BOOI4","2022-08-02 06:00",72.014,86.6,982.8,0,4.79,147.1,0.000118110236220472,79.3039999999999,74.4079999999999,71.2039999999999,67.4599999999999,24.3,12.6,22.3
"BOOI4","2022-08-02 07:00",72.4279999999999,86.9,113148,0,5.261,141.8,0.000433070866141732,78.7999999999999,74.3539999999999,71.2579999999999,67.4599999999999,24.3,12.6,22.3
"BOOI4","2022-08-02 08:00",74.48,85.9,543240,0,4.924,129.9,0.00393700787401575,78.7099999999999,74.2999999999999,71.2939999999999,67.4599999999999,24.3,12.6,22.3
"BOOI4","2022-08-02 09:00",77.8099999999999,85.5,1177200,0,7.363,142.6,0.00897637795275591,79.3579999999999,74.246,71.3119999999999,67.4599999999999,24.3,12.6,22.3
"BOOI4","2022-08-02 10:00",80.996,84.2,1809000,0,7.937,172.5,0.0138976377952756,80.8159999999999,74.138,71.3119999999999,67.4419999999999,24.2,12.6,22.3
"BOOI4","2022-08-02 11:00",84.5599999999999,76.52,2343240,0,7.345,186.6,0.0189763779527559,82.8859999999999,74.0659999999999,71.3119999999999,67.4239999999999,24.1,12.5,22.2
"BOOI4","2022-08-02 12:00",86.4859999999999,72.79,2742120,0,8.25,190.4,0.0234645669291339,85.2619999999999,73.9939999999999,71.33,67.4419999999999,24.1,12.4,22.2
"BOOI4","2022-08-02 13:00",88.6999999999999,66.48,2991600,0,9.39,170.7,0.0275196850393701,87.7099999999999,73.9579999999999,71.3659999999999,67.4239999999999,24.1,12.4,22.2
"BOOI4","2022-08-02 14:00",91.562,64.09,3020400,0,10.88,162.4,0.030511811023622,90.14,73.9039999999999,71.3659999999999,67.4419999999999,24.1,12.3,22.1
"BOOI4","2022-08-02 15:00",93.5779999999999,61.04,2890800,0,11.06,166.5,0.0310236220472441,92.0839999999999,73.94,71.348,67.4239999999999,24,12.3,22.1
"BOOI4","2022-08-02 16:00",93.5239999999999,61.16,2595600,0,11.6,182.7,0.0298818897637795,93.362,73.94,71.3659999999999,67.4419999999999,23.9,12.1,22
"BOOI4","2022-08-02 17:00",93.272,61,2150640,0,11,195.6,0.0264566929133858,93.8839999999999,74.0659999999999,71.33,67.388,23.9,12,22
"BOOI4","2022-08-02 18:00",92.4439999999999,63.03,1562400,0,9.46,197.3,0.0205511811023622,93.7039999999999,74.156,71.348,67.406,23.9,12,22.1
"BOOI4","2022-08-02 19:00",90.3919999999999,64.53,879840,0,8.95,198.2,0.0145669291338583,92.9659999999999,74.2999999999999,71.348,67.406,24,12,22
"BOOI4","2022-08-02 20:00",87.7999999999999,67.97,322200,0,8.6,199.5,0.00925196850393701,91.6699999999999,74.5339999999999,71.348,67.4239999999999,24,12,22
"BOOI4","2022-08-02 21:00",84.1279999999999,75.53,34164,0,7.586,198.3,0.00271653543307087,90.122,74.696,71.3659999999999,67.4239999999999,24,11.9,22
"BOOI4","2022-08-02 22:00",80.1499999999999,85.4,14.4,0,4.677,189.2,0.000669291338582677,88.5919999999999,74.8939999999999,71.3659999999999,67.406,24,11.8,21.9
"BOOI4","2022-08-02 23:00",80.6539999999999,87.8,0,0,5.463,192.3,0.000511811023622047,87.332,75.0739999999999,71.3839999999999,67.4239999999999,24,11.8,22
"BOOI4","2022-08-03 00:00",82.5259999999999,83.8,0,0,8.49,200.5,0.00110236220472441,86.3419999999999,75.1999999999999,71.4019999999999,67.4239999999999,24.1,11.8,21.9
"BOOI4","2022-08-03 01:00",82.5259999999999,80,0,0,9.48,204.2,0.00169291338582677,85.514,75.3079999999999,71.456,67.406,24.1,11.8,22
"BOOI4","2022-08-03 02:00",81.3019999999999,79.92,0,0,8.34,208.2,0.00165354330708661,84.7579999999999,75.3439999999999,71.4739999999999,67.388,24.1,11.8,22
"BOOI4","2022-08-03 03:00",81.3919999999999,75.91,0,0,8.75,212.3,0.00192913385826772,84.0919999999999,75.4339999999999,71.5099999999999,67.4239999999999,24.1,11.8,22
"BOOI4","2022-08-03 04:00",80.0239999999999,78.06,0,0,7.884,213,0.00177165354330709,83.4079999999999,75.488,71.5279999999999,67.388,24.1,11.8,21.9
"BOOI4","2022-08-03 05:00",77.2159999999999,84.7,0,0,2.94,291.4,0.000118110236220472,82.706,75.506,71.564,67.406,24.1,11.9,22
"BOOI4","2022-08-03 06:00",73.5259999999999,93.5,417.6,0,2.259,204.3,-0.000433070866141732,82.0759999999999,75.5239999999999,71.5999999999999,67.3699999999999,24.1,11.9,21.9
"BOOI4","2022-08-03 07:00",79.0159999999999,79.74,179928,0,4.588,218.2,0.00078740157480315,81.5359999999999,75.506,71.6539999999999,67.388,24.1,11.9,21.9
"BOOI4","2022-08-03 08:00",82.022,69.74,377640,0,13,260.1,0.00913385826771654,81.446,75.488,71.672,67.388,24.1,11.9,21.9
"BOOI4","2022-08-03 09:00",80.546,74.87,379080,0,9.86,313.4,0.0097244094488189,81.464,75.488,71.7079999999999,67.388,24.1,11.9,21.9
"BOOI4","2022-08-03 10:00",79.5199999999999,80.4,491400,0,7.374,214.8,0.00732283464566929,81.59,75.4339999999999,71.7259999999999,67.4239999999999,24.1,11.8,21.9
"BOOI4","2022-08-03 11:00",80.672,81.8,549360,0,7.694,191.5,0.00700787401574803,81.7519999999999,75.3619999999999,71.7619999999999,67.406,24.1,11.8,21.9
"BOOI4","2022-08-03 12:00",86.6119999999999,70.16,2101320,0,9.59,204.7,0.0190157480314961,82.5619999999999,75.3079999999999,71.7619999999999,67.406,24.1,11.8,21.9
"BOOI4","2022-08-03 13:00",84.6679999999999,73.19,1696680,0,8.21,227.8,0.0179133858267717,84.6859999999999,75.272,71.798,67.388,24,11.7,21.8
"BOOI4","2022-08-03 14:00",87.98,69.38,2714400,0,8.12,251.5,0.0246062992125984,86.198,75.2179999999999,71.8339999999999,67.406,24,11.7,21.8
"BOOI4","2022-08-03 15:00",89.8699999999999,65.31,2998800,0,7.214,270.9,0.0275590551181102,88.8439999999999,75.1819999999999,71.8339999999999,67.388,23.9,11.7,21.7
"BOOI4","2022-08-03 16:00",91.2919999999999,55.72,2673000,0,7.044,294,0.0268110236220473,91.0039999999999,75.1819999999999,71.8339999999999,67.388,23.9,11.5,21.7
"BOOI4","2022-08-03 17:00",91.0039999999999,59.02,2164680,0,6.432,335.1,0.0228346456692913,92.048,75.1999999999999,71.8519999999999,67.406,23.8,11.4,21.7
"BOOI4","2022-08-03 18:00",87.548,66.98,1509480,0,6.346,331.9,0.0173622047244095,92.1379999999999,75.2359999999999,71.8519999999999,67.406,23.8,11.4,21.7
"BOOI4","2022-08-03 19:00",84.938,62.79,906480,0,8.65,349,0.0128740157480315,91.364,75.3439999999999,71.8699999999999,67.406,23.8,11.4,21.7
"BOOI4","2022-08-03 20:00",81.014,70.57,411120,0,5.293,9.84,0.00598425196850394,90.014,75.488,71.888,67.4239999999999,23.9,11.4,21.6
"BOOI4","2022-08-03 21:00",77.414,71.72,42732,0,4.801,15.32,0.00141732283464567,88.3759999999999,75.614,71.8699999999999,67.406,23.9,11.4,21.6
"BOOI4","2022-08-03 22:00",73.688,74.75,100.8,0,4.712,15.03,0.00110236220472441,86.7019999999999,75.7579999999999,71.9239999999999,67.406,23.9,11.4,21.6
"BOOI4","2022-08-03 23:00",71.096,77.26,0,0,3.921,8.8,0.00047244094488189,85.19,75.848,71.9239999999999,67.388,24,11.3,21.6
"BOOI4","2022-08-04 00:00",68.7739999999999,82.4,0,0,4.424,9.04,0.00047244094488189,83.7859999999999,75.938,71.9239999999999,67.406,24,11.3,21.6
"BOOI4","2022-08-04 01:00",66.614,89,0,0,4.488,14.38,7.8740157480315e-05,82.5259999999999,75.9739999999999,71.9419999999999,67.406,24,11.3,21.6
"BOOI4","2022-08-04 02:00",64.94,91.2,0,0,5.468,13.78,0,81.3919999999999,75.9739999999999,71.996,67.4239999999999,24,11.3,21.6
"BOOI4","2022-08-04 03:00",63.1039999999999,93.9,0,0,3.616,4.36,-0.000393700787401575,80.33,75.938,72.014,67.4239999999999,23.9,11.3,21.6
"BOOI4","2022-08-04 04:00",62.3839999999999,93.6,0,0,5.165,13.38,-0.000236220472440945,79.34,75.8839999999999,72.032,67.4239999999999,23.9,11.4,21.6
"BOOI4","2022-08-04 05:00",60.5119999999999,95.9,0,0,3.146,5.233,-0.000551181102362205,78.3859999999999,75.7759999999999,72.0679999999999,67.406,23.9,11.4,21.6
"BOOI4","2022-08-04 06:00",59.4679999999999,96.8,1065.6,0,2.522,358.6,-0.000708661417322835,77.5399999999999,75.7039999999999,72.0679999999999,67.4239999999999,23.9,11.4,21.6
"BOOI4","2022-08-04 07:00",61.3939999999999,93.5,162792,0,2.587,1.066,-0.000748031496062992,76.73,75.5779999999999,72.1039999999999,67.4239999999999,23.8,11.4,21.6
"BOOI4","2022-08-04 08:00",64.6699999999999,89.3,665280,0,5.051,13.39,0.00303149606299213,76.4239999999999,75.4159999999999,72.1039999999999,67.4239999999999,23.8,11.4,21.6
"BOOI4","2022-08-04 09:00",68.9179999999999,82,1295640,0,5.6,29.75,0.00811023622047244,76.9099999999999,75.2359999999999,72.1579999999999,67.4419999999999,23.8,11.4,21.6
"BOOI4","2022-08-04 10:00",72.356,77.61,1918800,0,6.658,40.36,0.0133464566929134,78.0439999999999,75.0919999999999,72.14,67.4599999999999,23.8,11.3,21.6
"BOOI4","2022-08-04 11:00",75.3439999999999,69.13,2459880,0,6.797,61.81,0.0185433070866142,79.8079999999999,74.93,72.14,67.406,23.7,11.2,21.6
"BOOI4","2022-08-04 12:00",78.0079999999999,64.92,2876040,0,4.877,60.82,0.022244094488189,82.1119999999999,74.7859999999999,72.1579999999999,67.4419999999999,23.7,11.2,21.5
"BOOI4","2022-08-04 13:00",79.0159999999999,61.34,3121200,0,3.327,52.08,0.0243700787401575,84.7039999999999,74.6599999999999,72.14,67.4419999999999,23.6,11.2,21.5
"BOOI4","2022-08-04 14:00",80.2039999999999,61.71,3078000,0,3.374,354.4,0.0247244094488189,87.2779999999999,74.5339999999999,72.122,67.4419999999999,23.6,11.1,21.4
"BOOI4","2022-08-04 15:00",82.1119999999999,59.34,2998800,0,4.571,8.93,0.025,89.222,74.4439999999999,72.122,67.4419999999999,23.6,11,21.4
"BOOI4","2022-08-04 16:00",81.446,56.95,2680560,0,5.501,24.23,0.023503937007874,90.446,74.4079999999999,72.1039999999999,67.4419999999999,23.6,11,21.4
"BOOI4","2022-08-04 17:00",82.6159999999999,58.44,2227320,0,5.454,26.45,0.0203543307086614,90.9319999999999,74.4079999999999,72.0499999999999,67.4779999999999,23.5,11,21.4
"BOOI4","2022-08-04 18:00",81.698,63.74,1703880,0,6.466,42.44,0.0168897637795276,90.7699999999999,74.4259999999999,72.0679999999999,67.4779999999999,23.5,10.9,21.4
"BOOI4","2022-08-04 19:00",80.0599999999999,68.35,923760,0,5.655,60.1,0.0102755905511811,89.8879999999999,74.5339999999999,72.032,67.4419999999999,23.6,10.8,21.3
"BOOI4","2022-08-04 20:00",75.398,75.75,371160,0,4.214,70.18,0.00425196850393701,88.5199999999999,74.6419999999999,72.014,67.4779999999999,23.6,10.8,21.3
"BOOI4","2022-08-04 21:00",73.256,78.67,36900,0,1.709,67.84,-0.00031496062992126,86.9179999999999,74.7679999999999,72.014,67.4779999999999,23.6,10.8,21.3
"BOOI4","2022-08-04 22:00",71.8159999999999,82.5,100.8,0,0.272,48.78,-0.00145669291338583,85.3339999999999,74.8759999999999,71.9779999999999,67.496,23.6,10.8,21.3
"BOOI4","2022-08-04 23:00",70.898,84.6,0,0,0.643,85.5,-0.00122047244094488,83.9659999999999,74.93,71.996,67.4599999999999,23.6,10.8,21.3
"BOOI4","2022-08-05 00:00",70.9339999999999,83.2,0,0,2.482,95.5,-0.000393700787401575,82.7779999999999,75.0199999999999,71.9779999999999,67.4779999999999,23.6,10.8,21.3
"BOOI4","2022-08-05 01:00",68.6119999999999,88.7,0,0,2.449,123.4,-0.000433070866141732,81.68,75.038,71.9779999999999,67.4779999999999,23.6,10.8,21.3
"BOOI4","2022-08-05 02:00",68.2519999999999,88.4,0,0,2.115,121.1,-0.000669291338582677,80.6539999999999,75.038,71.996,67.4599999999999,23.6,10.8,21.3
"BOOI4","2022-08-05 03:00",65.498,93.8,0,0,2.084,90.8,-0.00078740157480315,79.7539999999999,75.0199999999999,71.9599999999999,67.4779999999999,23.6,10.8,21.3
"BOOI4","2022-08-05 04:00",65.0119999999999,94.2,0,0,1.271,80.3,-0.00106299212598425,78.9079999999999,74.9659999999999,71.996,67.514,23.6,10.8,21.3
"BOOI4","2022-08-05 05:00",63.6079999999999,96.1,0,0,1.697,71.19,-0.000984251968503937,78.1159999999999,74.8939999999999,72.014,67.496,23.6,10.8,21.3
"BOOI4","2022-08-05 06:00",63.0679999999999,97.9,889.2,0,0.795,55.69,-0.00125984251968504,77.3599999999999,74.7859999999999,72.014,67.496,23.6,10.8,21.3
"BOOI4","2022-08-05 07:00",65.0839999999999,96.3,147960,0,0.552,65.97,-0.00102362204724409,76.7119999999999,74.6779999999999,72.032,67.514,23.6,10.8,21.3
"BOOI4","2022-08-05 08:00",69.1699999999999,89.8,629640,0,2.601,104.1,0.00283464566929134,76.6759999999999,74.5699999999999,71.996,67.514,23.5,10.8,21.3
"BOOI4","2022-08-05 09:00",73.8499999999999,87,1246320,0,5.478,128.9,0.00799212598425197,77.4679999999999,74.4439999999999,72.014,67.514,23.5,10.8,21.3
"BOOI4","2022-08-05 10:00",77.63,80.1,1898640,0,6.379,138.7,0.0137007874015748,79.0339999999999,74.3359999999999,72.014,67.514,23.5,10.8,21.3
"BOOI4","2022-08-05 11:00",79.988,75.46,2452680,0,8.91,155,0.019488188976378,81.2119999999999,74.1919999999999,71.996,67.532,23.4,10.6,21.3
"BOOI4","2022-08-05 12:00",81.6079999999999,68.61,2874600,0,8.89,149.2,0.0240551181102362,83.714,74.0659999999999,71.996,67.514,23.4,10.7,21.2
"BOOI4","2022-08-05 13:00",83.6419999999999,63.04,3146400,0,9.18,142.9,0.027992125984252,86.288,73.9579999999999,71.9599999999999,67.514,23.4,10.6,21.2
"BOOI4","2022-08-05 14:00",85.0279999999999,56.63,3207600,0,9.53,145.7,0.0298425196850394,88.646,73.8859999999999,71.9599999999999,67.532,23.4,10.6,21.1
"BOOI4","2022-08-05 15:00",86.864,54.34,3031200,0,9.18,147.4,0.0299606299212598,90.6079999999999,73.8679999999999,71.906,67.496,23.4,10.5,21.1
"BOOI4","2022-08-05 16:00",87.764,53.83,2716920,0,8.35,139.8,0.0282283464566929,92.048,73.8859999999999,71.906,67.532,23.3,10.4,21.1
"BOOI4","2022-08-05 17:00",87.98,52.1,2230560,0,8.48,132.3,0.0250787401574803,92.7499999999999,73.9039999999999,71.8699999999999,67.532,23.3,10.4,21
"BOOI4","2022-08-05 18:00",88.3939999999999,56.62,1642320,0,6.728,125.5,0.0190944881889764,92.732,73.9939999999999,71.8339999999999,67.5499999999999,23.3,10.3,21
"BOOI4","2022-08-05 19:00",87.1159999999999,62.62,935640,0,5.149,119.1,0.0115748031496063,92.0659999999999,74.1019999999999,71.8339999999999,67.514,23.3,10.3,20.9
"BOOI4","2022-08-05 20:00",82.3279999999999,70.76,411840,0,4.578,119,0.00531496062992126,90.806,74.2279999999999,71.8159999999999,67.514,23.3,10.2,20.9
"BOOI4","2022-08-05 21:00",77.3599999999999,75.97,27457.2,0,4.359,142.9,0.00106299212598425,89.0779999999999,74.39,71.78,67.514,23.3,10.2,20.9
"BOOI4","2022-08-05 22:00",72.7519999999999,82.7,0,0,4.049,170.9,0.00047244094488189,87.314,74.5339999999999,71.798,67.5499999999999,23.4,10.2,20.9
"BOOI4","2022-08-05 23:00",71.1859999999999,84.9,0,0,2.994,181.2,-0.00015748031496063,85.748,74.6599999999999,71.78,67.532,23.4,10.2,20.9
"BOOI4","2022-08-06 00:00",72.0499999999999,85.2,0,0,2.769,176.7,-0.00031496062992126,84.3619999999999,74.7499999999999,71.798,67.532,23.4,10.2,20.9
"BOOI4","2022-08-06 01:00",70.772,89.3,0,0,3.046,170.1,-0.00031496062992126,83.282,74.84,71.78,67.532,23.4,10.2,20.9
"BOOI4","2022-08-06 02:00",71.1499999999999,89.6,0,0,2.819,154.2,-0.000433070866141732,82.3999999999999,74.9119999999999,71.798,67.532,23.4,10.2,20.9
"BOOI4","2022-08-06 03:00",70.8439999999999,92.5,0,0,3.876,148.1,-0.000275590551181102,81.6439999999999,74.8579999999999,71.798,67.5499999999999,23.4,10.2,20.9
"BOOI4","2022-08-06 04:00",70.196,97,0,0,3.365,148.6,-0.00062992125984252,80.9419999999999,74.84,71.8159999999999,67.532,23.4,10.2,21
"BOOI4","2022-08-06 05:00",71.8159999999999,98.7,0,0,3.858,141.7,-0.000669291338582677,80.3659999999999,74.8039999999999,71.798,67.532,23.4,10.2,21
"BOOI4","2022-08-06 06:00",72.5179999999999,99.8,669.6,0,4.757,152.6,-0.00062992125984252,79.9519999999999,74.7499999999999,71.798,67.5499999999999,23.4,10.2,21
"BOOI4","2022-08-06 07:00",73.022,100,70704,0,6.121,153.9,-0.00078740157480315,79.646,74.6779999999999,71.8519999999999,67.532,23.3,10.2,21
"BOOI4","2022-08-06 08:00",75.5779999999999,98.2,407160,0,6.748,157,0.00192913385826772,79.6099999999999,74.624,71.8519999999999,67.532,23.3,10.2,20.9
"BOOI4","2022-08-06 09:00",79.6279999999999,90.8,824400,0,5.066,166.1,0.00574803149606299,80.114,74.5339999999999,71.8699999999999,67.514,23.3,10.2,20.9
"BOOI4","2022-08-06 10:00",83.1919999999999,82,1336680,0,6.291,162.1,0.0110236220472441,81.23,74.4619999999999,71.8699999999999,67.532,23.3,10.2,21
"BOOI4","2022-08-06 11:00",85.514,78.2,1670760,0,7.546,168.7,0.0150787401574803,82.814,74.39,71.8699999999999,67.532,23.3,10.2,21
"BOOI4","2022-08-06 12:00",86.8099999999999,76.8,1873800,0,7.736,177.5,0.0174803149606299,84.398,74.3539999999999,71.8519999999999,67.532,23.3,10.1,20.9
"BOOI4","2022-08-06 13:00",88.5199999999999,72.56,2378520,0,7.36,183.7,0.0218897637795276,86.3239999999999,74.2999999999999,71.888,67.532,23.3,10.1,20.9
"BOOI4","2022-08-06 14:00",89.4199999999999,70.66,2007720,0,6.896,189.5,0.0198818897637795,88.0519999999999,74.2999999999999,71.8519999999999,67.532,23.3,10,20.8
"BOOI4","2022-08-06 15:00",91.256,70.49,2207880,0,6.871,185.8,0.0218503937007874,89.456,74.2999999999999,71.8699999999999,67.532,23.3,10,20.8
"BOOI4","2022-08-06 16:00",94.2079999999999,60.13,2842560,0,7.217,174.7,0.0279527559055118,91.2739999999999,74.3179999999999,71.8159999999999,67.532,23.2,9.9,20.7
"BOOI4","2022-08-06 17:00",94.8019999999999,62.91,2075760,0,6.682,173.5,0.0225196850393701,92.8039999999999,74.3539999999999,71.8159999999999,67.532,23.2,9.9,20.7
"BOOI4","2022-08-06 18:00",93.7939999999999,66.25,1698120,0,5.557,192.3,0.017992125984252,93.4339999999999,74.498,71.798,67.514,23.2,9.8,20.7
"BOOI4","2022-08-06 19:00",92.8579999999999,63.83,1050840,0,6.184,205.9,0.0129133858267717,93.1999999999999,74.5699999999999,71.78,67.532,23.3,9.8,20.7
"BOOI4","2022-08-06 20:00",88.088,72.4,356760,0,6.055,215.3,0.00696850393700787,92.246,74.696,71.798,67.532,23.3,9.8,20.6
"BOOI4","2022-08-06 21:00",85.6579999999999,73.84,23288.4,0,5.414,209.8,0.00188976377952756,90.8599999999999,74.8579999999999,71.798,67.514,23.3,9.8,20.6
"BOOI4","2022-08-06 22:00",82.238,82,3.6,0,3.649,196.3,0.000590551181102362,89.4739999999999,74.9839999999999,71.798,67.532,23.3,9.8,20.6
"BOOI4","2022-08-06 23:00",78.656,90.4,0,0,2.679,141.5,-0.00015748031496063,88.196,75.146,71.798,67.514,23.3,9.8,20.6
"BOOI4","2022-08-07 00:00",78.3859999999999,89.8,0,0,3.809,71.18,-0.000236220472440945,87.1339999999999,75.2539999999999,71.8159999999999,67.532,23.3,9.8,20.6
"BOOI4","2022-08-07 01:00",76.982,94.4,0,0,3.212,117.4,-0.000393700787401575,86.18,75.3439999999999,71.8339999999999,67.532,23.3,9.8,20.6
"BOOI4","2022-08-07 02:00",75.9739999999999,96.8,3.6,0,2.579,50.93,-0.000748031496062992,85.3159999999999,75.4159999999999,71.8519999999999,67.532,23.3,9.8,20.6
"BOOI4","2022-08-07 03:00",75.0739999999999,96.5,0,0,1.31,30.23,-0.00102362204724409,84.5419999999999,75.4699999999999,71.8699999999999,67.532,23.3,9.8,20.6
"BOOI4","2022-08-07 04:00",74.84,98.6,0,0,1.938,51.85,-0.000984251968503937,83.8939999999999,75.488,71.906,67.532,23.3,9.8,20.6
"BOOI4","2022-08-07 05:00",74.1019999999999,98.7,0,0,0.98,31.5,-0.00118110236220473,83.2999999999999,75.506,71.906,67.532,23.3,9.8,20.6
"BOOI4","2022-08-07 06:00",75.2359999999999,99.4,172.8,0,0.284,115,-0.00133858267716536,82.7239999999999,75.488,71.9239999999999,67.532,23.3,9.8,20.6
"BOOI4","2022-08-07 07:00",74.2099999999999,99.5,43020,0,2.598,20.88,-0.000275590551181102,82.2739999999999,75.488,71.9779999999999,67.532,23.3,9.8,20.6
"BOOI4","2022-08-07 08:00",75.272,99.4,244476,0,3.589,44.06,0.00145669291338583,81.9859999999999,75.4519999999999,71.996,67.514,23.3,9.8,20.6
"BOOI4","2022-08-07 09:00",76.7119999999999,95.3,603360,0,6.593,57.63,0.00397637795275591,81.9859999999999,75.398,72.014,67.514,23.3,9.7,20.6
"BOOI4","2022-08-07 10:00",77.9539999999999,92.7,765000,0,5.241,62.83,0.0060236220472441,82.346,75.38,72.032,67.532,23.3,9.7,20.6
"BOOI4","2022-08-07 11:00",79.556,91.4,912600,0,5.928,85.8,0.00748031496062992,82.832,75.3079999999999,72.0499999999999,67.514,23.3,9.7,20.6
"BOOI4","2022-08-07 12:00",80.4739999999999,92.4,1097280,0,6.286,106.8,0.00866141732283465,83.1739999999999,75.2899999999999,72.0499999999999,67.5499999999999,23.3,9.7,20.6
"BOOI4","2022-08-07 13:00",84.1819999999999,84.4,1595880,0,6.382,149.6,0.0128346456692913,83.84,75.2179999999999,72.0679999999999,67.532,23.3,9.7,20.6
"BOOI4","2022-08-07 14:00",83.0659999999999,86.1,1024560,0.01,5.619,159.9,0.00980314960629921,84.9019999999999,75.1999999999999,72.0859999999999,67.5499999999999,23.3,9.7,20.6
"BOOI4","2022-08-07 15:00",84.614,84,1167480,0,5.581,120.7,0.0109448818897638,85.3159999999999,75.1999999999999,72.0859999999999,67.532,23.3,9.6,20.6
"BOOI4","2022-08-07 16:00",82.7599999999999,90.5,438840,0.01,4.492,80.5,0.0047244094488189,84.9919999999999,75.164,72.0859999999999,67.5499999999999,23.3,9.6,20.5
"BOOI4","2022-08-07 17:00",84.506,84.5,1296000,0,6.736,98.5,0.011496062992126,84.83,75.1999999999999,72.0859999999999,67.532,23.3,9.6,20.5
"BOOI4","2022-08-07 18:00",84.7939999999999,82.5,647280,0,4.346,94.6,0.00708661417322835,84.8119999999999,75.2179999999999,72.0859999999999,67.532,23.3,9.6,20.5
"BOOI4","2022-08-07 19:00",82.814,90.1,387720,0,3.644,74.87,0.00440944881889764,84.596,75.2359999999999,72.1039999999999,67.5499999999999,23.3,9.6,20.5
"BOOI4","2022-08-07 20:00",80.564,88.7,58032,0.01,6.051,152.4,0.00173228346456693,84.056,75.272,72.1039999999999,67.5499999999999,23.3,9.6,20.5
"BOOI4","2022-08-07 21:00",77.09,95.1,15721.2,0,4.73,189.1,0.000511811023622047,83.282,75.2899999999999,72.1039999999999,67.5499999999999,23.3,9.6,20.5
"BOOI4","2022-08-07 22:00",77.1079999999999,95.1,10.8,0,4.864,241,0.000275590551181102,82.5439999999999,75.3439999999999,72.122,67.5499999999999,23.3,9.6,20.5
"BOOI4","2022-08-07 23:00",76.532,96,0,0,3.416,257.7,7.8740157480315e-05,81.914,75.3259999999999,72.14,67.5499999999999,23.3,9.6,20.5
"BOOI4","2022-08-08 00:00",76.2619999999999,98.3,0,0,4.548,286.6,0.000118110236220472,81.338,75.38,72.122,67.532,23.3,9.6,20.5
"BOOI4","2022-08-08 01:00",76.4599999999999,99.4,0,0,2.182,313.6,-0.000118110236220472,80.9239999999999,75.38,72.1579999999999,67.5679999999999,23.3,9.6,20.5
"BOOI4","2022-08-08 02:00",71.2579999999999,99.9,0,0,9.58,339.6,3.93700787401575e-05,80.5999999999999,75.3439999999999,72.14,67.5679999999999,23.3,9.6,20.5
"BOOI4","2022-08-08 03:00",69.5659999999999,97.5,0,0,9.39,346.2,0,79.9699999999999,75.3079999999999,72.14,67.5859999999999,23.2,9.6,20.5
"BOOI4","2022-08-08 04:00",68.7919999999999,95.4,0,0,5.969,352.9,0.000196850393700787,79.322,75.3079999999999,72.1579999999999,67.5499999999999,23.2,9.6,20.5
"BOOI4","2022-08-08 05:00",67.2439999999999,94.9,0,0,8.85,341,0.000275590551181102,78.7099999999999,75.2359999999999,72.1759999999999,67.5859999999999,23.2,9.6,20.5
"BOOI4","2022-08-08 06:00",64.814,94.4,151.2,0,11.49,342.5,0.000354330708661417,78.0439999999999,75.1999999999999,72.1579999999999,67.5859999999999,23.2,9.6,20.5
"BOOI4","2022-08-08 07:00",64.688,94.2,16628.4,0,10.28,346.2,0.00114173228346457,77.3419999999999,75.1279999999999,72.1579999999999,67.5859999999999,23.2,9.6,20.5
"BOOI4","2022-08-08 08:00",66.056,90.7,252648,0,8.91,347.3,0.00244094488188976,76.838,75.038,72.1759999999999,67.6039999999999,23.1,9.6,20.5
"BOOI4","2022-08-08 09:00",67.982,82.1,1057320,0,8.91,347.4,0.00704724409448819,76.7839999999999,74.9119999999999,72.14,67.5679999999999,23.1,9.6,20.5
"BOOI4","2022-08-08 10:00",68.09,75.34,1763280,0,9.99,353.3,0.0122834645669291,77.3239999999999,74.7859999999999,72.1579999999999,67.5679999999999,23.1,9.6,20.4
"BOOI4","2022-08-08 11:00",69.872,70.81,2371680,0,9.01,357.6,0.0168503937007874,78.548,74.6419999999999,72.1579999999999,67.5499999999999,23.1,9.6,20.4
"BOOI4","2022-08-08 12:00",71.4739999999999,70.03,2678400,0,8.51,5.041,0.0197637795275591,80.096,74.5339999999999,72.122,67.5859999999999,23.1,9.5,20.4
"BOOI4","2022-08-08 13:00",73.0759999999999,67.25,2775600,0,7.439,14.96,0.0213385826771654,81.9499999999999,74.39,72.14,67.5679999999999,23,9.5,20.4
"BOOI4","2022-08-08 14:00",74.264,65.46,3024000,0,6.406,7.648,0.0229527559055118,83.7499999999999,74.2279999999999,72.122,67.5859999999999,23,9.4,20.3
"BOOI4","2022-08-08 15:00",74.7679999999999,62.01,2783880,0,6.795,1.093,0.0224015748031496,85.514,74.1019999999999,72.1039999999999,67.6039999999999,23,9.4,20.3
"BOOI4","2022-08-08 16:00",75.9739999999999,63.05,2723040,0,7.096,355.5,0.0223228346456693,86.6659999999999,74.048,72.0859999999999,67.6039999999999,22.9,9.4,20.2
"BOOI4","2022-08-08 17:00",76.2439999999999,62.88,2229120,0,7.538,348.4,0.0193700787401575,87.2779999999999,73.9759999999999,72.0499999999999,67.5859999999999,22.9,9.4,20.2
"BOOI4","2022-08-08 18:00",75.6679999999999,64.91,1636200,0,7.482,354.4,0.0154330708661417,87.1519999999999,73.94,71.996,67.5859999999999,22.9,9.3,20.1
"BOOI4","2022-08-08 19:00",74.48,65.91,937440,0,7.06,9.48,0.0104330708661417,86.3419999999999,73.922,71.996,67.5679999999999,22.9,9.3,20.1
"BOOI4","2022-08-08 20:00",71.3659999999999,74.93,421920,0,4.892,22.13,0.00425196850393701,85.064,73.94,71.9419999999999,67.5859999999999,22.9,9.3,20.1
"BOOI4","2022-08-08 21:00",68.1439999999999,81.4,39492,0,3.463,15.42,0.000275590551181102,83.5159999999999,73.94,71.9599999999999,67.5859999999999,22.9,9.3,20.1
"BOOI4","2022-08-08 22:00",64.832,88.3,21.6,0,2.398,357.3,-0.00047244094488189,82.0579999999999,73.9579999999999,71.9239999999999,67.6039999999999,22.9,9.3,20.1
"BOOI4","2022-08-08 23:00",63.8419999999999,89.2,0,0,2.8,341.8,-0.000511811023622047,80.7259999999999,73.94,71.906,67.6039999999999,22.9,9.2,20.1
"BOOI4","2022-08-09 00:00",62.8519999999999,90.4,0,0,2.928,338.6,-0.000511811023622047,79.538,73.9039999999999,71.888,67.6039999999999,22.9,9.2,20.1
"BOOI4","2022-08-09 01:00",61.9339999999999,92,0,0,2.749,344.1,-0.000590551181102362,78.5119999999999,73.8499999999999,71.8699999999999,67.622,22.9,9.2,20.1
"BOOI4","2022-08-09 02:00",61.0519999999999,93.3,0,0,2.936,339.2,-0.00062992125984252,77.5939999999999,73.814,71.8339999999999,67.5859999999999,22.9,9.2,20.1
"BOOI4","2022-08-09 03:00",60.53,94.5,0,0,1.831,339.3,-0.000905511811023622,76.7839999999999,73.7239999999999,71.8339999999999,67.6039999999999,22.9,9.2,20.1
"BOOI4","2022-08-09 04:00",59.864,95,0,0,1.288,355.5,-0.00106299212598425,75.9739999999999,73.6339999999999,71.8159999999999,67.6039999999999,22.9,9.2,20.1
"BOOI4","2022-08-09 05:00",59.3419999999999,95.7,0,0,1.98,12.45,-0.000905511811023622,75.2359999999999,73.5079999999999,71.8159999999999,67.6039999999999,22.9,9.2,20.1
"BOOI4","2022-08-09 06:00",58.316,97.6,590.4,0,2.49,18.97,-0.000826771653543307,74.5699999999999,73.3819999999999,71.78,67.6039999999999,22.8,9.2,20.1
"BOOI4","2022-08-09 07:00",60.0439999999999,94.9,128880,0,2.221,7.95,-0.00106299212598425,73.94,73.2739999999999,71.7619999999999,67.622,22.8,9.2,20.1
"BOOI4","2022-08-09 08:00",63.6079999999999,89.7,621000,0,2.789,17.25,0.00240157480314961,73.796,73.13,71.7619999999999,67.622,22.8,9.2,20.1
"BOOI4","2022-08-09 09:00",68.0539999999999,85.4,1253160,0,3.011,58.72,0.00716535433070866,74.4619999999999,72.9859999999999,71.7079999999999,67.5859999999999,22.7,9.2,20.1
"BOOI4","2022-08-09 10:00",73.0399999999999,72.69,1888200,0,2.772,113.1,0.012755905511811,75.8839999999999,72.806,71.69,67.622,22.7,9.2,20.1
"BOOI4","2022-08-09 11:00",75.83,65.7,2474640,0,2.742,115.3,0.0179133858267717,78.2419999999999,72.6619999999999,71.6539999999999,67.622,22.7,9.2,20.1
"BOOI4","2022-08-09 12:00",75.8659999999999,63.66,2578680,0,2.743,107,0.0194094488188976,80.6359999999999,72.5359999999999,71.6179999999999,67.6039999999999,22.7,9.1,20
"BOOI4","2022-08-09 13:00",77.9179999999999,63.88,2772360,0,3.408,136.1,0.0216535433070866,82.9939999999999,72.446,71.582,67.6039999999999,22.6,9.1,20
"BOOI4","2022-08-09 14:00",76.5859999999999,63.06,3186000,0,5.454,140.3,0.0254724409448819,85.3159999999999,72.374,71.546,67.622,22.6,9.1,19.9
"BOOI4","2022-08-09 15:00",79.1599999999999,64.74,2952000,0,3.895,155.8,0.023740157480315,87.4039999999999,72.3019999999999,71.4919999999999,67.622,22.6,9,19.9
"BOOI4","2022-08-09 16:00",79.8079999999999,56.69,2720160,0,3.821,176.2,0.022244094488189,89.0239999999999,72.2839999999999,71.4739999999999,67.6039999999999,22.6,9.1,19.9
"BOOI4","2022-08-09 17:00",81.122,58.11,2243520,0,3.471,169.1,0.0188582677165354,89.8699999999999,72.3019999999999,71.4199999999999,67.622,22.6,9,19.9
"BOOI4","2022-08-09 18:00",81.5539999999999,54.66,1666800,0,3.276,174.1,0.0146456692913386,89.9239999999999,72.356,71.348,67.622,22.6,9,19.8
"BOOI4","2022-08-09 19:00",80.69,54.75,946800,0,2.569,180.6,0.00834645669291339,89.2579999999999,72.4099999999999,71.33,67.6039999999999,22.6,8.9,19.8
"BOOI4","2022-08-09 20:00",78.656,55.54,317880,0,0.161,141.1,0.000551181102362205,87.8179999999999,72.5359999999999,71.2579999999999,67.622,22.6,8.9,19.7
"BOOI4","2022-08-09 21:00",71.222,77.53,34164,0,0.31,55.93,-0.0012992125984252,85.946,72.6079999999999,71.24,67.622,22.7,8.9,19.7
"BOOI4","2022-08-09 22:00",70.0519999999999,78.36,0,0,0.212,37.79,-0.00153543307086614,84.0919999999999,72.7339999999999,71.24,67.6039999999999,22.7,8.9,19.7
"BOOI4","2022-08-09 23:00",67.0999999999999,82.5,0,0,1.06,60.06,-0.000984251968503937,82.5259999999999,72.8239999999999,71.2039999999999,67.6039999999999,22.7,8.9,19.7
"BOOI4","2022-08-10 00:00",67.28,80.4,0,0,3.75,117.6,0.000275590551181102,81.23,72.8599999999999,71.1679999999999,67.5859999999999,22.7,8.9,19.7
"BOOI4","2022-08-10 01:00",65.6599999999999,84.7,0,0,3.2,135.2,-0.000196850393700787,80.114,72.8599999999999,71.1679999999999,67.6039999999999,22.7,8.9,19.7
"BOOI4","2022-08-10 02:00",64.13,88.7,0,0,3.102,140.6,-0.000393700787401575,79.1419999999999,72.8419999999999,71.1499999999999,67.5859999999999,22.7,8.9,19.7
"BOOI4","2022-08-10 03:00",62.8699999999999,92,0,0,2.031,144.4,-0.00078740157480315,78.2239999999999,72.8239999999999,71.1499999999999,67.5679999999999,22.7,8.9,19.7
"BOOI4","2022-08-10 04:00",62.33,93.1,0,0,1.731,146.2,-0.00094488188976378,77.3599999999999,72.7339999999999,71.1499999999999,67.5679999999999,22.7,8.9,19.7
"BOOI4","2022-08-10 05:00",60.9079999999999,95.7,0,0,1.326,133.1,-0.00106299212598425,76.5679999999999,72.68,71.1319999999999,67.5859999999999,22.6,8.9,19.7
"BOOI4","2022-08-10 06:00",59.7019999999999,98.1,468,0,0.768,153.9,-0.0012992125984252,75.83,72.6079999999999,71.1319999999999,67.5859999999999,22.6,8.9,19.7
"BOOI4","2022-08-10 07:00",59.8279999999999,97.4,127188,0,1.157,179.9,-0.00118110236220473,75.146,72.5179999999999,71.1319999999999,67.5499999999999,22.6,8.9,19.7
"BOOI4","2022-08-10 08:00",65.39,92.3,624240,0,2.083,200.7,0.00228346456692913,74.9659999999999,72.4099999999999,71.0779999999999,67.5499999999999,22.6,8.9,19.7
"BOOI4","2022-08-10 09:00",70.9519999999999,84.5,1236240,0,3.183,225.7,0.00740157480314961,75.722,72.2659999999999,71.0779999999999,67.532,22.5,8.9,19.7
"BOOI4","2022-08-10 10:00",76.622,76.51,1882080,0,1.98,237,0.0129527559055118,77.306,72.1759999999999,71.0599999999999,67.5499999999999,22.5,8.9,19.7
"BOOI4","2022-08-10 11:00",79.2679999999999,68.74,2427480,0,1.782,34.89,0.0181496062992126,79.5919999999999,72.0499999999999,71.0599999999999,67.5499999999999,22.5,8.8,19.8
"BOOI4","2022-08-10 12:00",81.6079999999999,60.84,2849040,0,3.016,34.86,0.0225984251968504,82.1659999999999,71.9419999999999,71.0419999999999,67.532,22.5,8.8,19.7
"BOOI4","2022-08-10 13:00",83.6419999999999,53.72,3103200,0,3.793,59.02,0.0260629921259843,84.6859999999999,71.8699999999999,70.988,67.5499999999999,22.5,8.8,19.7
"BOOI4","2022-08-10 14:00",84.2899999999999,47.74,3164400,0,3.603,56.98,0.0271259842519685,86.972,71.8159999999999,70.9339999999999,67.532,22.5,8.7,19.6
"BOOI4","2022-08-10 15:00",85.9099999999999,53.56,2995200,0,2.661,149.6,0.0254330708661417,89.0419999999999,71.798,70.9339999999999,67.514,22.5,8.7,19.5
"BOOI4","2022-08-10 16:00",86.6659999999999,50.8,2634840,0,3.17,160.3,0.0230708661417323,90.6079999999999,71.78,70.898,67.514,22.5,8.7,19.5
"BOOI4","2022-08-10 17:00",86.7739999999999,48.74,2159280,0,2.04,169.8,0.0183464566929134,91.4179999999999,71.8519999999999,70.88,67.5499999999999,22.5,8.7,19.5
"BOOI4","2022-08-10 18:00",85.4419999999999,53.62,1585800,0,3.557,47.22,0.0153543307086614,91.364,71.9239999999999,70.8079999999999,67.514,22.5,8.6,19.5
"BOOI4","2022-08-10 19:00",83.0119999999999,62.21,905040,0,3.99,47.91,0.00976377952755906,90.5359999999999,72.0499999999999,70.7899999999999,67.496,22.5,8.6,19.4
"BOOI4","2022-08-10 20:00",78.2599999999999,76.58,383400,0,2.519,57.91,0.00303149606299213,89.2039999999999,72.1759999999999,70.772,67.514,22.5,8.6,19.4
"BOOI4","2022-08-10 21:00",75.722,72.68,26726.4,0,0.008,329,-0.00149606299212598,87.4579999999999,72.3199999999999,70.772,67.4779999999999,22.4,8.6,19.3
"BOOI4","2022-08-10 22:00",74.7679999999999,71.41,0,0,0.03,118.6,-0.00165354330708661,85.6939999999999,72.446,70.7539999999999,67.496,22.5,8.6,19.3
"BOOI4","2022-08-10 23:00",75.1819999999999,72.08,0,0,2.114,98.2,-3.93700787401575e-05,84.146,72.5359999999999,70.7359999999999,67.496,22.5,8.6,19.3
"BOOI4","2022-08-11 00:00",72.2659999999999,76.15,0,0,1.86,114.9,-0.000275590551181102,82.9039999999999,72.6259999999999,70.7359999999999,67.4779999999999,22.5,8.6,19.3
"BOOI4","2022-08-11 01:00",70.0339999999999,83.4,0,0,0.999,70.79,-0.00094488188976378,81.806,72.698,70.7179999999999,67.4779999999999,22.5,8.6,19.4
"BOOI4","2022-08-11 02:00",65.5519999999999,91.9,0,0,0.582,218.2,-0.00125984251968504,80.798,72.698,70.7179999999999,67.4779999999999,22.5,8.6,19.4
"BOOI4","2022-08-11 03:00",68.9179999999999,85.1,0,0,0.032,140.2,-0.00153543307086614,79.9339999999999,72.698,70.7179999999999,67.4779999999999,22.5,8.5,19.4
"BOOI4","2022-08-11 04:00",67.7119999999999,87.8,0,0,0,0,-0.0015748031496063,79.106,72.68,70.7539999999999,67.4599999999999,22.5,8.5,19.4
"BOOI4","2022-08-11 05:00",65.696,91.3,0,0,0.905,248.4,-0.00110236220472441,78.3859999999999,72.6259999999999,70.7359999999999,67.4779999999999,22.5,8.5,19.4
"BOOI4","2022-08-11 06:00",67.3699999999999,87.5,313.2,0,0.08,247.8,-0.00149606299212598,77.7919999999999,72.59,70.7359999999999,67.4599999999999,22.5,8.5,19.4
"BOOI4","2022-08-11 07:00",64.238,95.5,89676,0,2.622,40.16,-0.000984251968503937,77.2159999999999,72.4999999999999,70.7359999999999,67.4419999999999,22.4,8.5,19.4
"BOOI4","2022-08-11 08:00",69.656,86.2,544680,0,3.291,52.95,0.00259842519685039,77.0359999999999,72.4099999999999,70.7359999999999,67.4239999999999,22.4,8.5,19.4
"BOOI4","2022-08-11 09:00",76.8919999999999,74.13,1082880,0,2.188,132.3,0.00763779527559055,77.7019999999999,72.338,70.7539999999999,67.4419999999999,22.5,8.5,19.4
"BOOI4","2022-08-11 10:00",81.1759999999999,66.84,1695240,0,1.29,200.5,0.0124803149606299,79.2499999999999,72.248,70.772,67.4239999999999,22.5,8.5,19.3
"BOOI4","2022-08-11 11:00",81.8419999999999,63.55,2229840,0,2.136,145.4,0.0178346456692913,81.4279999999999,72.1039999999999,70.7179999999999,67.4599999999999,22.4,8.5,19.3
"BOOI4","2022-08-11 12:00",83.48,63.82,2801520,0,3.049,160.5,0.0228740157480315,84.0019999999999,72.014,70.7179999999999,67.4239999999999,22.4,8.5,19.2
"BOOI4","2022-08-11 13:00",83.5699999999999,64.43,2197080,0,4.527,176.2,0.0196456692913386,86.288,71.996,70.7179999999999,67.4239999999999,22.4,8.5,19.2
"BOOI4","2022-08-11 14:00",84.6859999999999,61.74,2423520,0,3.905,157.5,0.0214173228346457,87.8539999999999,71.9419999999999,70.6999999999999,67.406,22.4,8.5,19.2
"BOOI4","2022-08-11 15:00",80.2759999999999,76.8,2045160,0,7.67,73.96,0.0195669291338583,88.9339999999999,71.9239999999999,70.664,67.406,22.3,8.4,19.2
"BOOI4","2022-08-11 16:00",81.5539999999999,71.89,2526480,0,10.14,72,0.0220472440944882,89.1859999999999,71.996,70.646,67.3699999999999,22.3,8.4,19.1
"BOOI4","2022-08-11 17:00",82.1119999999999,73.05,2082240,0,10.22,66.89,0.0194488188976378,89.4739999999999,71.996,70.646,67.406,22.3,8.3,19
"BOOI4","2022-08-11 18:00",79.9519999999999,80.9,1537560,0,10.42,71.86,0.0144094488188976,89.3119999999999,72.0679999999999,70.5919999999999,67.388,22.3,8.3,19
"BOOI4","2022-08-11 19:00",75.8659999999999,87.6,554040,0,10.04,86.2,0.00696850393700787,88.5739999999999,72.1759999999999,70.5919999999999,67.3519999999999,22.4,8.3,19
"BOOI4","2022-08-11 20:00",73.0399999999999,91,135324,0,9,80.6,0.00267716535433071,87.296,72.2659999999999,70.5919999999999,67.3699999999999,22.4,8.3,19
"BOOI4","2022-08-11 21:00",71.3659999999999,90.5,3128.4,0,8.19,94.8,0.000236220472440945,85.9099999999999,72.374,70.5919999999999,67.3699999999999,22.4,8.3,19
"BOOI4","2022-08-11 22:00",69.9439999999999,89.3,0,0,8.32,96.1,0.000275590551181102,84.596,72.482,70.5739999999999,67.3519999999999,22.4,8.3,19
"BOOI4","2022-08-11 23:00",68.864,90.8,0,0,6.388,102.5,3.93700787401575e-05,83.4439999999999,72.59,70.5739999999999,67.3699999999999,22.4,8.3,19
"BOOI4","2022-08-12 00:00",67.856,91.8,0,0,5.69,117.1,-7.8740157480315e-05,82.4359999999999,72.6259999999999,70.556,67.3339999999999,22.4,8.3,19
"BOOI4","2022-08-12 01:00",66.9019999999999,94.5,0,0,4.953,117.2,-0.00031496062992126,81.4999999999999,72.6619999999999,70.5739999999999,67.3519999999999,22.4,8.3,19
"BOOI4","2022-08-12 02:00",67.2439999999999,94.5,0,0,4.95,104.6,-0.000354330708661417,80.7439999999999,72.68,70.5739999999999,67.3519999999999,22.4,8.3,19
"BOOI4","2022-08-12 03:00",67.5859999999999,92.8,0,0,5.567,125.4,-0.000275590551181102,80.114,72.6619999999999,70.556,67.3519999999999,22.4,8.3,19
"BOOI4","2022-08-12 04:00",67.7839999999999,91.2,0,0,6.521,143.2,-3.93700787401575e-05,79.5919999999999,72.6259999999999,70.6099999999999,67.3159999999999,22.4,8.3,19
"BOOI4","2022-08-12 05:00",67.3519999999999,91.5,0,0,5.517,143.1,-0.00015748031496063,79.0519999999999,72.6079999999999,70.5919999999999,67.3339999999999,22.4,8.3,19
"BOOI4","2022-08-12 06:00",66.2899999999999,93,187.2,0,5.744,125.4,-0.000196850393700787,78.5119999999999,72.59,70.5739999999999,67.3519999999999,22.4,8.3,19
"BOOI4","2022-08-12 07:00",66.146,94.1,39456,0,6.676,129.7,0.00015748031496063,77.9539999999999,72.5179999999999,70.5919999999999,67.3519999999999,22.4,8.3,19
"BOOI4","2022-08-12 08:00",68.3779999999999,90.5,294480,0,8.59,135.1,0.00251968503937008,77.6119999999999,72.446,70.5919999999999,67.3159999999999,22.4,8.3,19
"BOOI4","2022-08-12 09:00",70.0159999999999,89.5,759240,0,10.71,152.9,0.00582677165354331,77.8099999999999,72.374,70.6279999999999,67.298,22.4,8.3,19
"BOOI4","2022-08-12 10:00",73.148,87.9,965880,0,10.34,166.3,0.00763779527559055,78.3679999999999,72.3019999999999,70.6099999999999,67.298,22.3,8.3,19
"BOOI4","2022-08-12 11:00",75.7579999999999,83.9,1640880,0,9.48,164.9,0.0124409448818898,79.3939999999999,72.2119999999999,70.5739999999999,67.298,22.3,8.3,18.9
"BOOI4","2022-08-12 12:00",77.414,77.8,2090520,0,9.29,145.2,0.0167716535433071,80.996,72.14,70.5919999999999,67.298,22.3,8.2,18.9
"BOOI4","2022-08-12 13:00",79.088,72,2076840,0,10.06,133.3,0.0186614173228347,82.6159999999999,72.0679999999999,70.5739999999999,67.3159999999999,22.2,8.2,18.8
"BOOI4","2022-08-12 14:00",81.7519999999999,64.32,2919600,0,12.13,132.8,0.0259055118110236,84.038,72.014,70.5739999999999,67.298,22.2,8.2,18.8
"BOOI4","2022-08-12 15:00",82.3999999999999,63.25,2728440,0,13.57,136.7,0.0265748031496063,85.5679999999999,71.996,70.5739999999999,67.298,22.2,8.1,18.8
"BOOI4","2022-08-12 16:00",80.9779999999999,62.88,2439000,0,13.56,126.1,0.0251181102362205,86.5039999999999,71.996,70.538,67.28,22.2,8.1,18.7
"BOOI4","2022-08-12 17:00",80.3839999999999,62.95,2037240,0,14.38,129.9,0.0225590551181102,86.9539999999999,71.9779999999999,70.5019999999999,67.2619999999999,22.2,8.2,18.7
"BOOI4","2022-08-12 18:00",79.6099999999999,63.32,1479600,0,14.23,129.1,0.018740157480315,86.8099999999999,72.032,70.5019999999999,67.28,22.2,8.1,18.6
"BOOI4","2022-08-12 19:00",77.9359999999999,68.59,712440,0,11.53,129.9,0.0122834645669291,86.198,72.1039999999999,70.4839999999999,67.2619999999999,22.2,8.1,18.6
"BOOI4","2022-08-12 20:00",75.0019999999999,75.46,198432,0,7.989,127.2,0.00562992125984252,85.1359999999999,72.1759999999999,70.4839999999999,67.2439999999999,22.2,8.1,18.5
"BOOI4","2022-08-12 21:00",72.1579999999999,86.2,13665.6,0,4.886,147.2,0.00062992125984252,83.9659999999999,72.248,70.4659999999999,67.2619999999999,22.2,8.1,18.5
"BOOI4","2022-08-12 22:00",75.74,81.3,0,0,7.249,185.5,0.000905511811023622,82.832,72.3019999999999,70.448,67.2619999999999,22.2,8.1,18.5
"BOOI4","2022-08-12 23:00",73.4359999999999,88.7,0,0,6.658,192.5,0.000511811023622047,81.896,72.374,70.448,67.2619999999999,22.2,8.1,18.5
"BOOI4","2022-08-13 00:00",72.5179999999999,92.5,0,0,7.154,193.7,0.000236220472440945,81.0859999999999,72.3919999999999,70.43,67.2619999999999,22.2,8.1,18.5
"BOOI4","2022-08-13 01:00",70.6819999999999,96.2,0,0,5.558,196.8,-0.000196850393700787,80.3659999999999,72.446,70.448,67.2079999999999,22.2,8.1,18.5
"BOOI4","2022-08-13 02:00",70.7899999999999,97,0,0,5.756,189.5,-0.000354330708661417,79.772,72.4279999999999,70.4119999999999,67.2439999999999,22.2,8.1,18.5
"BOOI4","2022-08-13 03:00",71.096,96.8,0,0,6.752,188.7,-0.00031496062992126,79.2679999999999,72.4279999999999,70.4659999999999,67.2439999999999,22.2,8.1,18.5
"BOOI4","2022-08-13 04:00",70.3579999999999,97.8,0,0,5.675,186.5,-0.000433070866141732,78.8539999999999,72.4099999999999,70.448,67.2259999999999,22.2,8.1,18.6
"BOOI4","2022-08-13 05:00",70.124,98.2,0,0,4.85,188.7,-0.000511811023622047,78.422,72.374,70.4659999999999,67.2439999999999,22.2,8.1,18.5
"BOOI4","2022-08-13 06:00",70.2679999999999,98,21.6,0,5.155,169.5,-0.000511811023622047,78.1339999999999,72.356,70.4839999999999,67.2439999999999,22.2,8.1,18.5
"BOOI4","2022-08-13 07:00",69.9079999999999,97.9,9885.6,0,5.395,188.9,0.000354330708661417,77.846,72.374,70.448,67.2259999999999,22.2,8,18.5
"BOOI4","2022-08-13 08:00",73.256,91.3,447120,0,6.754,196.9,0.00220472440944882,77.5939999999999,72.2839999999999,70.448,67.2259999999999,22.2,8,18.5
"BOOI4","2022-08-13 09:00",75.9199999999999,82.8,1044720,0,8.94,209.4,0.00834645669291339,78.1519999999999,72.23,70.4659999999999,67.19,22.2,8,18.5
"BOOI4","2022-08-13 10:00",78.314,79.1,963720,0,6.827,219.9,0.00913385826771654,78.9259999999999,72.2119999999999,70.4839999999999,67.172,22.2,8,18.5
"BOOI4","2022-08-13 11:00",81.6439999999999,69.24,2069280,0,9.73,257.2,0.018503937007874,80.1679999999999,72.14,70.43,67.2079999999999,22.2,8,18.5
"BOOI4","2022-08-13 12:00",82.9579999999999,66.75,2698200,0,10.64,284.2,0.0249212598425197,82.256,72.0859999999999,70.448,67.2079999999999,22.2,8,18.5
"BOOI4","2022-08-13 13:00",83.9659999999999,69.14,2966400,0,8.6,304.8,0.026259842519685,84.5599999999999,72.1039999999999,70.4119999999999,67.2079999999999,22.1,8,18.4
"BOOI4","2022-08-13 14:00",82.796,75.28,2376000,0,8.03,325.8,0.0210629921259843,86.2699999999999,72.0679999999999,70.3939999999999,67.19,22.1,8,18.4
"BOOI4","2022-08-13 15:00",79.088,78.76,2532240,0,8.01,336.6,0.0207874015748032,87.44,72.0679999999999,70.3939999999999,67.19,22.1,8,18.3
"BOOI4","2022-08-13 16:00",75.3079999999999,82.7,1075320,0,8.72,342.8,0.0101181102362205,87.6739999999999,72.1039999999999,70.3939999999999,67.1539999999999,22.1,8,18.3
"BOOI4","2022-08-13 17:00",74.4619999999999,82.1,600840,0,7.344,341.8,0.00692913385826772,86.6659999999999,72.1759999999999,70.3759999999999,67.172,22.1,7.9,18.3
"BOOI4","2022-08-13 18:00",73.13,82.6,493200,0,7.769,347.9,0.00614173228346457,85.622,72.2659999999999,70.3759999999999,67.172,22.1,7.9,18.3
"BOOI4","2022-08-13 19:00",72.4279999999999,82.5,295200,0,7.989,345.4,0.005,84.6679999999999,72.3199999999999,70.3759999999999,67.172,22.2,7.9,18.2
"BOOI4","2022-08-13 20:00",70.7359999999999,84.8,42444,0,6.329,359.3,0.00263779527559055,83.624,72.4099999999999,70.3579999999999,67.172,22.2,7.9,18.2
"BOOI4","2022-08-13 21:00",69.5839999999999,84.6,4114.8,0,6.171,359.7,0.00110236220472441,82.5619999999999,72.464,70.3579999999999,67.1539999999999,22.2,7.9,18.2
"BOOI4","2022-08-13 22:00",68.6839999999999,87,0,0,6.514,8.14,0.000984251968503937,81.6439999999999,72.4999999999999,70.3579999999999,67.1539999999999,22.2,7.9,18.2
"BOOI4","2022-08-13 23:00",68.288,87.3,0,0,5.974,13.83,0.000866141732283465,80.8519999999999,72.5359999999999,70.3759999999999,67.1359999999999,22.2,7.9,18.2
"BOOI4","2022-08-14 00:00",67.982,88.3,0,0,4.778,9.61,0.000748031496062992,80.1319999999999,72.572,70.3759999999999,67.1359999999999,22.2,7.9,18.2
"BOOI4","2022-08-14 01:00",67.6759999999999,89.2,0,0,4.283,12.51,0.00062992125984252,79.556,72.5539999999999,70.3759999999999,67.1539999999999,22.2,7.9,18.2
"BOOI4","2022-08-14 02:00",67.0999999999999,91.6,0,0,2.291,350.2,0.000354330708661417,79.0159999999999,72.5179999999999,70.3939999999999,67.1179999999999,22.2,7.9,18.2
"BOOI4","2022-08-14 03:00",66.8839999999999,91.9,0,0,3.16,348.5,0.000354330708661417,78.5659999999999,72.4999999999999,70.3759999999999,67.1359999999999,22.1,7.9,18.2
"BOOI4","2022-08-14 04:00",66.3259999999999,93.4,0,0,4.701,7.03,0.000433070866141732,78.1339999999999,72.446,70.3579999999999,67.1359999999999,22.1,7.8,18.2
"BOOI4","2022-08-14 05:00",65.8759999999999,91.4,0,0,5.314,13.94,0.000433070866141732,77.7019999999999,72.374,70.4119999999999,67.1359999999999,22.1,7.8,18.2
"BOOI4","2022-08-14 06:00",65.282,86.6,147.6,0,6.324,16.79,0.000708661417322835,77.2699999999999,72.338,70.43,67.1179999999999,22.1,7.8,18.2
"BOOI4","2022-08-14 07:00",64.8679999999999,87,24480,0,5.783,23.24,0.00125984251968504,76.8019999999999,72.2659999999999,70.43,67.0999999999999,22.1,7.8,18.2
"BOOI4","2022-08-14 08:00",64.9579999999999,85.6,155808,0,5.018,15.33,0.00232283464566929,76.4419999999999,72.1939999999999,70.4119999999999,67.1179999999999,22.1,7.8,18.2
"BOOI4","2022-08-14 09:00",64.598,85.9,406080,0,6.576,29.84,0.00413385826771654,76.28,72.122,70.43,67.0999999999999,22.1,7.8,18.2
"BOOI4","2022-08-14 10:00",64.7779999999999,85.5,509040,0,6.551,13.76,0.00496062992125984,76.3159999999999,72.0679999999999,70.3939999999999,67.0999999999999,22,7.8,18.1
"BOOI4","2022-08-14 11:00",67.406,78.24,1005840,0,6.007,13.93,0.00807086614173229,76.4779999999999,71.9599999999999,70.4119999999999,67.1179999999999,22,7.8,18.2
"BOOI4","2022-08-14 12:00",70.7359999999999,73.46,2154960,0,6.226,17.3,0.015748031496063,77.5579999999999,71.8699999999999,70.3939999999999,67.0999999999999,22,7.8,18.2
"BOOI4","2022-08-14 13:00",72.806,69.63,3002400,0,7.487,22.83,0.022244094488189,79.7179999999999,71.8159999999999,70.3939999999999,67.0999999999999,22,7.8,18.1
"BOOI4","2022-08-14 14:00",74.2099999999999,65.8,3164400,0,7.788,29.56,0.024251968503937,81.8599999999999,71.7619999999999,70.3579999999999,67.082,22,7.8,18.1
"BOOI4","2022-08-14 15:00",74.5519999999999,69.87,2644560,0,7.81,30.57,0.0210236220472441,83.714,71.672,70.322,67.082,22,7.8,18
"BOOI4","2022-08-14 16:00",72.7699999999999,73.11,2183760,0,8.08,43.13,0.0179527559055118,84.6679999999999,71.6179999999999,70.322,67.0999999999999,21.9,7.8,17.9
"BOOI4","2022-08-14 17:00",72.6259999999999,75.86,1788840,0,7.709,45.47,0.0146850393700787,84.8119999999999,71.5999999999999,70.322,67.0999999999999,21.9,7.8,18
"BOOI4","2022-08-14 18:00",70.772,78.15,493200,0,5.518,39.7,0.0060236220472441,84.3619999999999,71.5999999999999,70.2679999999999,67.064,21.9,7.8,17.9
"BOOI4","2022-08-14 19:00",70.1779999999999,82.1,219276,0,3.492,28.24,0.00322834645669291,83.2999999999999,71.6359999999999,70.2679999999999,67.0999999999999,21.9,7.7,17.9
"BOOI4","2022-08-14 20:00",68.396,88.3,98748,0,2.898,45.22,0.0015748031496063,82.238,71.69,70.2499999999999,67.082,21.9,7.7,17.9
"BOOI4","2022-08-14 21:00",67.4599999999999,87.7,8431.2,0,5.487,71.82,0.00078740157480315,81.248,71.7619999999999,70.2499999999999,67.064,21.9,7.7,17.9
"BOOI4","2022-08-14 22:00",66.0199999999999,90.9,0,0,3.783,78.89,0.000511811023622047,80.1859999999999,71.7619999999999,70.232,67.046,21.9,7.7,17.9
"BOOI4","2022-08-14 23:00",65.2279999999999,92.4,0,0,1.684,114.3,0.000236220472440945,79.2499999999999,71.78,70.214,67.082,21.9,7.7,17.9
"BOOI4","2022-08-15 00:00",64.0759999999999,95.9,0,0,2.273,70.53,0.00015748031496063,78.4579999999999,71.78,70.232,67.082,21.9,7.7,17.9
"BOOI4","2022-08-15 01:00",62.6179999999999,97.3,0,0,1.388,61.06,3.93700787401575e-05,77.738,71.7439999999999,70.1779999999999,67.064,21.9,7.7,17.9
"BOOI4","2022-08-15 02:00",61.646,98.5,3.6,0,1.681,57.4,3.93700787401575e-05,76.9279999999999,71.7259999999999,70.1779999999999,67.064,21.9,7.7,17.9
"BOOI4","2022-08-15 03:00",61.9159999999999,99.4,0,0,1.765,46.5,0,76.2259999999999,71.672,70.1779999999999,67.064,21.9,7.7,17.9
"BOOI4","2022-08-15 04:00",59.5759999999999,99.5,3.6,0,1.954,41.71,0,75.596,71.5999999999999,70.1779999999999,67.046,21.9,7.7,17.9
"BOOI4","2022-08-15 05:00",58.6039999999999,100,0,0,3.373,62.42,-3.93700787401575e-05,75.0019999999999,71.546,70.1779999999999,67.046,21.9,7.7,17.9
"BOOI4","2022-08-15 06:00",59.8279999999999,100,237.6,0,2.085,61.23,-3.93700787401575e-05,74.4079999999999,71.4739999999999,70.1599999999999,67.064,21.8,7.6,17.9
"BOOI4","2022-08-15 07:00",61.5019999999999,100,65232,0,3.473,92.7,-0.00149606299212598,73.8679999999999,71.3839999999999,70.1419999999999,67.046,21.8,7.6,17.8
"BOOI4","2022-08-15 08:00",63.572,99.2,455040,0,4.755,93,0.00133858267716536,73.688,71.3119999999999,70.1419999999999,67.046,21.8,7.6,17.8
"BOOI4","2022-08-15 09:00",66.5239999999999,93.6,943200,0,4.653,120.8,0.00503937007874016,74.0839999999999,71.2039999999999,70.124,67.0099999999999,21.8,7.6,17.8
"BOOI4","2022-08-15 10:00",68.1079999999999,91.4,1040760,0,4.109,171.7,0.00681102362204724,75.0199999999999,71.096,70.124,67.046,21.8,7.6,17.8
"BOOI4","2022-08-15 11:00",68.7019999999999,86,717480,0,3.974,168.4,0.00570866141732283,75.83,70.988,70.124,67.064,21.8,7.6,17.8
"BOOI4","2022-08-15 12:00",68.5399999999999,88.4,461880,0,4.849,147.2,0.00440944881889764,76.2079999999999,70.898,70.088,67.0279999999999,21.8,7.7,17.9
"BOOI4","2022-08-15 13:00",68.1439999999999,91.6,489600,0,5.514,108.1,0.00421259842519685,76.082,70.8439999999999,70.0519999999999,67.0099999999999,21.8,7.6,17.9
"BOOI4","2022-08-15 14:00",68.972,89.5,559440,0,5.626,112.1,0.0047244094488189,75.8659999999999,70.7359999999999,70.0159999999999,67.0099999999999,21.8,7.6,17.9
"BOOI4","2022-08-15 15:00",68.5399999999999,92.9,346680,0.01,4.522,94.4,0.00326771653543307,75.6679999999999,70.6819999999999,69.998,67.0279999999999,21.7,7.6,17.9
"BOOI4","2022-08-15 16:00",67.9279999999999,97.3,368280,0.05,3.609,79.92,0.00283464566929134,75.4699999999999,70.6279999999999,69.998,67.0279999999999,21.7,7.6,17.9
"BOOI4","2022-08-15 17:00",67.856,97.9,251100,0.08,1.665,87,0.00188976377952756,75.272,70.5919999999999,69.9619999999999,67.0279999999999,21.7,7.6,17.9
"BOOI4","2022-08-15 18:00",67.1539999999999,98.9,271368,0.06,3.999,73.65,0.00192913385826772,75.0739999999999,70.556,69.9259999999999,67.0279999999999,21.7,7.6,17.9
"BOOI4","2022-08-15 19:00",67.0099999999999,99.5,112716,0.04,3.774,75.4,0.00078740157480315,74.6419999999999,70.5019999999999,69.89,67.0099999999999,21.6,7.6,17.9
"BOOI4","2022-08-15 20:00",66.506,100,65880,0.02,2.731,48.18,0.00047244094488189,74.156,70.4659999999999,69.89,67.0099999999999,21.4,7.6,17.9
"BOOI4","2022-08-15 21:00",65.8939999999999,100,8611.2,0.01,2.093,60.52,3.93700787401575e-05,73.6519999999999,70.43,69.8539999999999,67.0099999999999,21.4,7.6,17.9
"BOOI4","2022-08-15 22:00",65.48,100,57.6,0.01,2.577,47.44,0,73.148,70.3759999999999,69.8179999999999,67.0099999999999,21.4,7.6,17.9
"BOOI4","2022-08-15 23:00",65.156,100,82.8,0,1.953,86.9,0,72.7159999999999,70.3579999999999,69.7999999999999,67.0099999999999,21.3,7.6,17.9
"BOOI4","2022-08-16 00:00",64.688,100,126,0.01,3.001,58.88,0,72.2839999999999,70.3039999999999,69.782,66.9919999999999,21.3,7.6,17.9
"BOOI4","2022-08-16 01:00",64.49,100,162,0,1.682,55.16,0,71.888,70.2679999999999,69.7099999999999,66.9919999999999,21.3,7.5,17.9
"BOOI4","2022-08-16 02:00",64.13,100,136.8,0,1.796,16.21,0,71.4919999999999,70.196,69.7279999999999,66.9739999999999,21.3,7.5,17.9
"BOOI4","2022-08-16 03:00",62.9779999999999,100,140.4,0.01,1.845,17.97,0,71.096,70.1419999999999,69.656,66.9919999999999,21.3,7.5,17.9
"BOOI4","2022-08-16 04:00",62.33,100,122.4,0,1.91,40.18,0,70.5739999999999,70.088,69.6199999999999,66.9739999999999,21.3,7.5,17.9
"BOOI4","2022-08-16 05:00",61.3939999999999,100,133.2,0,2.46,52.84,0,70.0519999999999,69.998,69.6199999999999,66.9739999999999,21.3,7.5,17.9
"BOOI4","2022-08-16 06:00",61.79,100,507.6,0.01,2.687,38.39,0,69.6199999999999,69.98,69.5659999999999,66.9739999999999,21.3,7.5,17.9
"BOOI4","2022-08-16 07:00",61.0159999999999,100,65124,0,3.785,20.8,-0.00149606299212598,69.2779999999999,69.9079999999999,69.5659999999999,66.9739999999999,21.2,7.5,17.9
"BOOI4","2022-08-16 08:00",63.788,100,506160,0,3.769,34.63,0.00137795275590551,69.1159999999999,69.8359999999999,69.548,66.938,21.2,7.5,17.9
"BOOI4","2022-08-16 09:00",67.2079999999999,95.4,1124640,0,6.035,51.06,0.00551181102362205,69.764,69.7279999999999,69.53,66.956,21.2,7.5,17.9
"BOOI4","2022-08-16 10:00",69.4579999999999,92.7,1384920,0.01,6.672,59.99,0.0084251968503937,71.096,69.6919999999999,69.4759999999999,66.938,21.2,7.5,17.9
"BOOI4","2022-08-16 11:00",72.8599999999999,83.9,2161440,0,5.92,75.83,0.0144488188976378,72.7699999999999,69.6199999999999,69.4579999999999,66.938,21.1,7.5,17.9
"BOOI4","2022-08-16 12:00",74.6779999999999,77.78,2174040,0,7.074,81.8,0.0165354330708661,74.7859999999999,69.53,69.44,66.956,21.1,7.5,17.9
"BOOI4","2022-08-16 13:00",76.748,71.8,2467440,0,7.633,79.68,0.0194094488188976,76.4239999999999,69.4939999999999,69.44,66.9199999999999,21.1,7.5,17.8
"BOOI4","2022-08-16 14:00",76.5859999999999,71.05,2082240,0,7.673,76.99,0.0182283464566929,77.5039999999999,69.4579999999999,69.332,66.9199999999999,21.1,7.5,17.8
"BOOI4","2022-08-16 15:00",78.764,60.94,2547720,0,7.488,76.87,0.0217716535433071,78.6739999999999,69.4579999999999,69.314,66.9199999999999,21.1,7.5,17.7
"BOOI4","2022-08-16 16:00",79.2859999999999,66.91,2588040,0,7.563,71.94,0.0224015748031496,80.24,69.4579999999999,69.2599999999999,66.9019999999999,21.1,7.4,17.7
"BOOI4","2022-08-16 17:00",77.972,65.37,1991880,0,8.63,63.09,0.0189763779527559,80.996,69.4579999999999,69.2599999999999,66.8839999999999,21.1,7.4,17.7
"BOOI4","2022-08-16 18:00",76.8919999999999,65.96,1294200,0,7.111,64.07,0.0135826771653543,80.9419999999999,69.53,69.2419999999999,66.8659999999999,21.1,7.4,17.6
"BOOI4","2022-08-16 19:00",76.064,67.74,797400,0,6.302,59.1,0.00881889763779528,80.1679999999999,69.6019999999999,69.188,66.8839999999999,21.1,7.4,17.6
"BOOI4","2022-08-16 20:00",70.772,80.1,270108,0,4.636,62.72,0.00291338582677165,78.98,69.6739999999999,69.1519999999999,66.8659999999999,21.1,7.4,17.6
"BOOI4","2022-08-16 21:00",67.6759999999999,84.4,10494,0,2.283,58.78,-0.000196850393700787,77.4859999999999,69.746,69.1339999999999,66.848,21.1,7.4,17.5
"BOOI4","2022-08-16 22:00",66.2899999999999,87.3,0,0,1.757,49.41,-0.00047244094488189,76.0279999999999,69.8179999999999,69.1159999999999,66.848,21.2,7.4,17.5
"BOOI4","2022-08-16 23:00",66.164,88,0,0,1.637,27.26,-0.000590551181102362,74.7499999999999,69.872,69.08,66.8659999999999,21.2,7.4,17.6
"BOOI4","2022-08-17 00:00",64.2739999999999,91.1,0,0,2.042,15.95,-0.000511811023622047,73.6699999999999,69.89,69.08,66.8659999999999,21.2,7.4,17.6
"BOOI4","2022-08-17 01:00",63.5899999999999,91.5,0,0,1.585,15.51,-0.000669291338582677,72.68,69.9259999999999,69.0439999999999,66.848,21.2,7.4,17.6
"BOOI4","2022-08-17 02:00",62.4019999999999,92.9,0,0,0.98,11.6,-0.000866141732283465,71.798,69.89,69.0619999999999,66.83,21.2,7.4,17.6
"BOOI4","2022-08-17 03:00",62.0779999999999,93.1,0,0,2.034,8.79,-0.000590551181102362,71.0599999999999,69.8539999999999,69.0259999999999,66.83,21.2,7.4,17.6
"BOOI4","2022-08-17 04:00",61.2499999999999,92.1,0,0,2.384,8.39,-0.000511811023622047,70.3939999999999,69.7999999999999,69.0259999999999,66.8119999999999,21.1,7.4,17.6
"BOOI4","2022-08-17 05:00",60.656,92.5,0,0,2.732,357.4,-0.00047244094488189,69.764,69.7279999999999,69.0439999999999,66.8119999999999,21.1,7.4,17.6
"BOOI4","2022-08-17 06:00",60.3499999999999,93.3,151.2,0,2.307,16.36,-0.000551181102362205,69.188,69.656,68.99,66.7939999999999,21.1,7.4,17.6
"BOOI4","2022-08-17 07:00",61.1779999999999,91.1,62064,0,2.495,13.4,-0.00125984251968504,68.648,69.5839999999999,69.0259999999999,66.7939999999999,21.1,7.4,17.6
"BOOI4","2022-08-17 08:00",64.2919999999999,89.1,502920,0,2.759,10.19,0.00192913385826772,68.5399999999999,69.4939999999999,68.9539999999999,66.7939999999999,21.1,7.4,17.6
"BOOI4","2022-08-17 09:00",68.7019999999999,85.5,1125360,0,2.667,50.3,0.00653543307086614,69.3679999999999,69.4039999999999,68.99,66.7759999999999,21.1,7.4,17.6
"BOOI4","2022-08-17 10:00",72.6619999999999,71.39,1751040,0,2.804,112.7,0.0119685039370079,71.2039999999999,69.2779999999999,68.99,66.7759999999999,21.1,7.4,17.6
"BOOI4","2022-08-17 11:00",76.622,58.42,2297160,0,1.616,112.6,0.0167322834645669,73.8679999999999,69.188,68.972,66.7759999999999,21.1,7.4,17.5
"BOOI4","2022-08-17 12:00",77.6119999999999,59.19,2754720,0,2.749,102.1,0.0212992125984252,76.874,69.098,68.9539999999999,66.7579999999999,21.1,7.4,17.5
"BOOI4","2022-08-17 13:00",78.8179999999999,62.45,2764080,0,2.915,121,0.0218110236220472,79.898,69.0259999999999,68.9179999999999,66.7579999999999,21,7.3,17.4
"BOOI4","2022-08-17 14:00",77.198,60.13,2898000,0,3.245,107.4,0.0233464566929134,82.6159999999999,69.0079999999999,68.864,66.74,21,7.3,17.4
"BOOI4","2022-08-17 15:00",77.8279999999999,56.94,1525680,0,2.402,41.5,0.0135826771653543,83.5699999999999,68.972,68.846,66.722,21,7.3,17.4
"BOOI4","2022-08-17 16:00",81.482,52.88,2374200,0,2.207,195.6,0.0188582677165354,83.8939999999999,69.0079999999999,68.8279999999999,66.7039999999999,21,7.3,17.3
"BOOI4","2022-08-17 17:00",80.6179999999999,57,1869120,0,2.99,120.1,0.0161811023622047,84.938,69.0439999999999,68.7919999999999,66.6859999999999,21,7.3,17.2
"BOOI4","2022-08-17 18:00",81.4999999999999,53.05,1524600,0,1.565,223.9,0.0119291338582677,85.064,69.098,68.738,66.722,21,7.3,17.2
"BOOI4","2022-08-17 19:00",79.106,62.06,784440,0,1.518,197.8,0.00606299212598425,84.5599999999999,69.1519999999999,68.7199999999999,66.7039999999999,21,7.3,17.2
"BOOI4","2022-08-17 20:00",73.8679999999999,74.29,249624,0,1.506,268.5,0.00102362204724409,83.156,69.2599999999999,68.6839999999999,66.6859999999999,21,7.2,17.2
"BOOI4","2022-08-17 21:00",72.1039999999999,75.12,10065.6,0,0.857,13.2,-0.000905511811023622,81.374,69.3499999999999,68.6839999999999,66.6859999999999,21,7.2,17.2
"BOOI4","2022-08-17 22:00",66.5419999999999,86.9,0,0,0.445,201.8,-0.00133858267716536,79.6099999999999,69.44,68.6839999999999,66.6859999999999,21,7.2,17.2
"BOOI4","2022-08-17 23:00",68.306,82.3,0,0,0.538,207.9,-0.00125984251968504,78.1159999999999,69.53,68.6659999999999,66.6679999999999,21.1,7.2,17.2
"BOOI4","2022-08-18 00:00",64.4359999999999,90,0,0,1.204,255.1,-0.000984251968503937,76.8019999999999,69.5839999999999,68.648,66.6679999999999,21.1,7.2,17.2
"BOOI4","2022-08-18 01:00",65.1199999999999,85.7,0,0,1.212,252.4,-0.000984251968503937,75.6859999999999,69.6019999999999,68.648,66.6499999999999,21.1,7.2,17.2
"BOOI4","2022-08-18 02:00",65.4259999999999,82.3,0,0,1.534,203.6,-0.000708661417322835,74.696,69.5839999999999,68.648,66.6319999999999,21.1,7.2,17.1
"BOOI4","2022-08-18 03:00",63.7159999999999,86,0,0,2.453,194.1,-0.000433070866141732,73.796,69.5839999999999,68.63,66.6319999999999,21.1,7.2,17.2
"BOOI4","2022-08-18 04:00",61.79,89.8,0,0,2.307,170.4,-0.00062992125984252,72.9859999999999,69.4939999999999,68.63,66.614,21.1,7.2,17.2
"BOOI4","2022-08-18 05:00",61.3039999999999,92.9,0,0,2.841,197.7,-0.000669291338582677,72.2659999999999,69.4579999999999,68.648,66.596,21,7.2,17.2
"BOOI4","2022-08-18 06:00",60.5119999999999,96.5,151.2,0,2.522,208,-0.00078740157480315,71.582,69.3859999999999,68.6119999999999,66.614,21,7.2,17.2
"BOOI4","2022-08-18 07:00",60.638,94.7,54468,0,2.691,216.1,-0.000590551181102362,70.9699999999999,69.296,68.63,66.614,21,7.2,17.2
"BOOI4","2022-08-18 08:00",65.6779999999999,87.8,484560,0,2.399,207.6,0.00165354330708661,70.8439999999999,69.188,68.6119999999999,66.596,21,7.2,17.2
"BOOI4","2022-08-18 09:00",70.3759999999999,85.9,1096560,0,3.867,224.7,0.00673228346456693,71.672,69.08,68.5939999999999,66.596,21,7.2,17.2
"BOOI4","2022-08-18 10:00",74.3179999999999,78.32,1722240,0,5.383,236.5,0.012244094488189,73.3999999999999,68.972,68.5759999999999,66.5599999999999,21,7.2,17.2
"BOOI4","2022-08-18 11:00",77.396,69.8,2274840,0,6.517,241.6,0.0178346456692913,75.848,68.8819999999999,68.5759999999999,66.5599999999999,21,7.2,17.2
"BOOI4","2022-08-18 12:00",79.0159999999999,66.8,2728440,0,8.34,245.2,0.0227165354330709,78.5659999999999,68.7919999999999,68.5579999999999,66.5419999999999,21,7.2,17.1
"BOOI4","2022-08-18 13:00",79.556,65.39,2441520,0,8.78,244,0.0223228346456693,80.996,68.7199999999999,68.522,66.5419999999999,21,7.2,17.1
"BOOI4","2022-08-18 14:00",80.7259999999999,61.02,2995200,0,8.5,234.8,0.0264566929133858,82.9579999999999,68.7199999999999,68.5039999999999,66.506,21,7.2,17
"BOOI4","2022-08-18 15:00",81.23,60.25,2414880,0,8.45,235.7,0.0230314960629921,84.7759999999999,68.6659999999999,68.5039999999999,66.5239999999999,20.9,7.2,17
"BOOI4","2022-08-18 16:00",81.572,60.22,1986480,0,7.611,226,0.0201968503937008,85.5859999999999,68.6839999999999,68.4859999999999,66.506,20.9,7.2,16.9
"BOOI4","2022-08-18 17:00",80.9419999999999,59.01,1763280,0,9.18,226.1,0.019488188976378,85.7119999999999,68.756,68.4499999999999,66.488,21,7.2,16.8
"BOOI4","2022-08-18 18:00",79.322,63.94,880560,0,7.245,213.5,0.0120472440944882,85.1539999999999,68.8099999999999,68.4319999999999,66.488,21,7.1,16.7
"BOOI4","2022-08-18 19:00",79.088,66.8,868680,0,6.752,203.3,0.0102755905511811,84.2899999999999,68.8999999999999,68.4319999999999,66.488,21,7.1,16.7
"BOOI4","2022-08-18 20:00",71.564,83.7,173448,0,4.678,198.3,0.00318897637795276,83.1199999999999,68.99,68.3779999999999,66.4699999999999,21,7.1,16.7
"BOOI4","2022-08-18 21:00",69.4759999999999,86.6,3416.4,0,3.326,193.3,0.000393700787401575,81.464,69.098,68.3599999999999,66.4519999999999,21,7.1,16.7
"BOOI4","2022-08-18 22:00",71.5999999999999,81.1,0,0,3.74,196.3,0.00031496062992126,80.0779999999999,69.188,68.3599999999999,66.4519999999999,21,7.1,16.7
"BOOI4","2022-08-18 23:00",71.4739999999999,82.4,0,0,9.53,209.7,0.00169291338582677,79.0339999999999,69.2419999999999,68.3239999999999,66.4339999999999,21,7.1,16.7
"BOOI4","2022-08-19 00:00",69.2419999999999,91.4,0,0,4.473,282.2,0.000393700787401575,78.098,69.314,68.3419999999999,66.4339999999999,21,7.1,16.7
"BOOI4","2022-08-19 01:00",65.0839999999999,97.7,50.4,0.29,4.776,136.3,-7.8740157480315e-05,76.874,69.3859999999999,68.3419999999999,66.4339999999999,20.9,7.1,16.7
"BOOI4","2022-08-19 02:00",63.14,99.7,86.4,0.07,6.033,102,-0.000196850393700787,75.4339999999999,69.3859999999999,68.3239999999999,66.4339999999999,20.9,7.1,16.7
"BOOI4","2022-08-19 03:00",62.1679999999999,100,25.2,0,5.282,119.1,-0.000275590551181102,74.1019999999999,69.4039999999999,68.3239999999999,66.4159999999999,20.9,7.1,16.7
"BOOI4","2022-08-19 04:00",62.096,100,61.2,0.01,4.546,116.2,-0.00031496062992126,72.9499999999999,69.3679999999999,68.3239999999999,66.4159999999999,20.9,7.1,16.7
"BOOI4","2022-08-19 05:00",61.4839999999999,100,36,0,2.152,73.82,-0.000433070866141732,72.014,69.3679999999999,68.3239999999999,66.4159999999999,20.9,7.1,16.7
"BOOI4","2022-08-19 06:00",61.3939999999999,100,147.6,0,1.714,191.2,-0.00047244094488189,71.24,69.332,68.3239999999999,66.4159999999999,20.9,7.1,16.7
"BOOI4","2022-08-19 07:00",62.3659999999999,100,60552,0,4.031,219.4,-0.00015748031496063,70.538,69.2779999999999,68.306,66.3619999999999,20.9,7.1,16.7
"BOOI4","2022-08-19 08:00",65.498,99.8,530640,0,5.732,252.4,0.00137795275590551,70.3939999999999,69.206,68.3239999999999,66.38,20.9,7.1,16.8
"BOOI4","2022-08-19 09:00",68.6659999999999,95.1,1272240,0,6.039,277.4,0.0062992125984252,71.222,69.098,68.306,66.398,20.9,7.1,16.8
"BOOI4","2022-08-19 10:00",68.306,93.4,1023120,0,4.724,302.8,0.00645669291338583,72.5179999999999,69.0439999999999,68.3239999999999,66.3619999999999,20.9,7.1,16.7
"BOOI4","2022-08-19 11:00",75.488,78.44,2244240,0,3.998,290.7,0.0151968503937008,74.4259999999999,68.99,68.3419999999999,66.3619999999999,20.9,7.1,16.7
"BOOI4","2022-08-19 12:00",77.864,74.43,2816280,0,6.106,302.2,0.0212992125984252,77.2339999999999,68.9359999999999,68.3419999999999,66.3439999999999,20.9,7.1,16.7
"BOOI4","2022-08-19 13:00",77.846,74.54,1758240,0,6.297,265.7,0.0150787401574803,78.9439999999999,68.846,68.306,66.3259999999999,20.9,7.1,16.7
"BOOI4","2022-08-19 14:00",76.2439999999999,72.75,1551600,0,6.194,241.7,0.0141732283464567,79.5919999999999,68.7919999999999,68.306,66.3619999999999,20.9,7.1,16.6
"BOOI4","2022-08-19 15:00",78.5659999999999,69.63,2367000,0,7.37,232.7,0.0195275590551181,80.1859999999999,68.7919999999999,68.2699999999999,66.3079999999999,20.9,7.1,16.5
"BOOI4","2022-08-19 16:00",80.906,65.19,2616120,0,7.407,245,0.0225196850393701,81.59,68.8099999999999,68.2699999999999,66.3439999999999,20.8,7,16.4
"BOOI4","2022-08-19 17:00",76.748,74.28,717480,0,5.937,215.4,0.00913385826771654,81.3019999999999,68.864,68.2519999999999,66.2899999999999,20.8,7,16.4
"BOOI4","2022-08-19 18:00",72.2839999999999,77.39,819720,0,9.04,193.2,0.00925196850393701,80.2039999999999,68.8819999999999,68.2159999999999,66.2899999999999,20.9,7,16.4
"BOOI4","2022-08-19 19:00",62.0599999999999,94.3,126828,0.15,8.63,248.3,0.0037007874015748,78.4039999999999,68.9539999999999,68.2339999999999,66.2899999999999,22.5,7,16.4
"BOOI4","2022-08-19 20:00",63.5359999999999,95.9,86328,0.06,4.732,247.8,0.000826771653543307,76.046,69.0619999999999,68.2159999999999,66.272,22.5,7,16.4
"BOOI4","2022-08-19 21:00",63.914,98.1,6656.4,0,4.506,215.1,-0.000118110236220472,74.6779999999999,69.1519999999999,68.198,66.2899999999999,22.5,7,16.4
"BOOI4","2022-08-19 22:00",64.022,98.8,3.6,0,3.349,206.2,-0.000236220472440945,73.688,69.188,68.198,66.2899999999999,22.6,7,16.4
"BOOI4","2022-08-19 23:00",64.256,97.8,0,0,5.099,223.6,-0.00015748031496063,72.8419999999999,69.206,68.198,66.2539999999999,22.6,7,16.4
"BOOI4","2022-08-20 00:00",64.8679999999999,95,14.4,0,5.835,230,-3.93700787401575e-05,71.9779999999999,69.206,68.18,66.272,22.6,7,16.4
"BOOI4","2022-08-20 01:00",64.94,95.4,25.2,0,6.341,234.8,0.000118110236220472,71.33,69.206,68.18,66.2539999999999,22.7,7,16.4
"BOOI4","2022-08-20 02:00",64.7779999999999,96,3.6,0,4.55,223.9,-7.8740157480315e-05,70.9339999999999,69.188,68.18,66.272,22.8,7,16.4
"BOOI4","2022-08-20 03:00",65.03,96.2,3.6,0,5.485,223.9,-3.93700787401575e-05,70.5199999999999,69.1339999999999,68.1619999999999,66.2539999999999,22.7,7,16.5
"BOOI4","2022-08-20 04:00",64.796,97.2,0,0,6.711,236.1,0,70.196,69.08,68.18,66.2359999999999,22.8,7,16.5
"BOOI4","2022-08-20 05:00",63.0859999999999,98.8,0,0,7.626,247.1,-7.8740157480315e-05,69.7099999999999,69.0439999999999,68.198,66.2179999999999,22.8,7,16.5
"BOOI4","2022-08-20 06:00",63.014,100,21.6,0,7.903,253.1,-0.000118110236220472,69.1519999999999,68.99,68.198,66.2359999999999,22.9,6.9,16.5
"BOOI4","2022-08-20 07:00",63.2119999999999,100,6264,0.01,7.465,249.1,-0.000196850393700787,68.9359999999999,68.9179999999999,68.1619999999999,66.2179999999999,22.9,6.9,16.5
"BOOI4","2022-08-20 08:00",63.788,100,129924,0.01,7.544,267.2,0.000708661417322835,68.846,68.846,68.1619999999999,66.2179999999999,22.9,6.9,16.5
"BOOI4","2022-08-20 09:00",65.2099999999999,98.5,470520,0,7.606,310.9,0.00240157480314961,69.0439999999999,68.7919999999999,68.1619999999999,66.2179999999999,22.9,6.9,16.5
"BOOI4","2022-08-20 10:00",66.056,97.2,738720,0.01,7.042,319.8,0.00440944881889764,69.7279999999999,68.738,68.18,66.164,22.9,6.9,16.5
"BOOI4","2022-08-20 11:00",68.2159999999999,92.2,1469520,0,7.774,318.3,0.00893700787401575,70.9519999999999,68.6659999999999,68.1439999999999,66.1819999999999,22.9,6.9,16.5
"BOOI4","2022-08-20 12:00",67.2259999999999,97.1,1116000,0,9.78,300,0.00716535433070866,71.9779999999999,68.6119999999999,68.1259999999999,66.1819999999999,23,6.9,16.5
"BOOI4","2022-08-20 13:00",67.6039999999999,94.2,1129320,0.01,9.36,313.2,0.00669291338582677,72.2839999999999,68.5399999999999,68.1439999999999,66.1999999999999,23,6.9,16.5
"BOOI4","2022-08-20 14:00",69.332,87.4,1593000,0,9.28,317.1,0.010511811023622,73.0939999999999,68.5039999999999,68.1079999999999,66.164,23,6.9,16.4
"BOOI4","2022-08-20 15:00",72.0679999999999,82.3,1965960,0,8.13,318,0.0136614173228346,74.1739999999999,68.4859999999999,68.072,66.164,23,6.9,16.4
"BOOI4","2022-08-20 16:00",70.88,86.3,1196280,0,6.873,325.2,0.00881889763779528,74.7859999999999,68.414,68.072,66.164,23,6.9,16.4
"BOOI4","2022-08-20 17:00",71.114,84.2,1140120,0,8.54,335,0.00901574803149606,75.0739999999999,68.4319999999999,68.0539999999999,66.146,23,6.9,16.4
"BOOI4","2022-08-20 18:00",72.6259999999999,82,663480,0,5.945,339.3,0.00622047244094488,74.624,68.414,68.0359999999999,66.146,23,6.9,16.4
"BOOI4","2022-08-20 19:00",73.3099999999999,78.99,801720,0,7.101,341.3,0.00720472440944882,74.2099999999999,68.414,68.0179999999999,66.1279999999999,23.1,6.9,16.3
"BOOI4","2022-08-20 20:00",69.3679999999999,88.7,109008,0,3.895,331.1,0.00145669291338583,73.5079999999999,68.4499999999999,67.9999999999999,66.1279999999999,23.1,6.9,16.3
"BOOI4","2022-08-20 21:00",66.9919999999999,93.3,4870.8,0,5.925,341.6,0.000511811023622047,72.59,68.4499999999999,67.964,66.1099999999999,23.1,6.9,16.3
"BOOI4","2022-08-20 22:00",66.5239999999999,95,0,0,4.554,342.9,0.00015748031496063,71.564,68.4679999999999,67.946,66.1279999999999,23.1,6.9,16.4
"BOOI4","2022-08-20 23:00",65.264,97.7,0,0,2.901,316.4,-3.93700787401575e-05,70.7179999999999,68.4679999999999,67.964,66.1099999999999,23.1,6.9,16.4
"BOOI4","2022-08-21 00:00",65.2099999999999,97.5,0,0,4.498,337.8,-3.93700787401575e-05,69.998,68.4859999999999,67.9279999999999,66.1099999999999,23.1,6.9,16.4
"BOOI4","2022-08-21 01:00",64.472,98.3,0,0,5.417,345.2,-3.93700787401575e-05,69.4039999999999,68.4679999999999,67.9099999999999,66.0919999999999,23.1,6.9,16.4
"BOOI4","2022-08-21 02:00",63.6439999999999,99.2,0,0,5.24,342.2,-7.8740157480315e-05,68.846,68.4679999999999,67.8919999999999,66.0919999999999,23.2,6.9,16.4
"BOOI4","2022-08-21 03:00",63.338,99.2,0,0,5.609,345.6,-0.000118110236220472,68.3239999999999,68.4499999999999,67.874,66.0919999999999,23.2,6.9,16.4
"BOOI4","2022-08-21 04:00",62.7619999999999,99.7,0,0,3.829,334.6,-0.00015748031496063,67.838,68.396,67.874,66.056,23.2,6.9,16.4
"BOOI4","2022-08-21 05:00",62.2579999999999,100,0,0,3.381,327.7,-0.000196850393700787,67.3699999999999,68.3599999999999,67.874,66.0739999999999,23.2,6.9,16.4
"BOOI4","2022-08-21 06:00",61.8259999999999,100,64.8,0,4.889,348.1,-0.00015748031496063,66.9739999999999,68.3419999999999,67.8919999999999,66.0739999999999,23.2,6.9,16.4
"BOOI4","2022-08-21 07:00",61.3759999999999,100,21358.8,0,4.563,357.3,-0.000118110236220472,66.614,68.288,67.856,66.0739999999999,23.2,6.9,16.4
"BOOI4","2022-08-21 08:00",61.7179999999999,100,188172,0,5.816,11.89,0.000748031496062992,66.614,68.2159999999999,67.856,66.038,23.2,6.9,16.4
"BOOI4","2022-08-21 09:00",62.1499999999999,100,417600,0,5.332,3.712,0.00224409448818898,66.956,68.1619999999999,67.8019999999999,66.0919999999999,23.2,6.9,16.4
"BOOI4","2022-08-21 10:00",62.9419999999999,100,651960,0,4.356,356.1,0.00374015748031496,67.6759999999999,68.072,67.8199999999999,66.056,23.2,6.9,16.4
"BOOI4","2022-08-21 11:00",64.022,100,722160,0,4.128,8.51,0.00440944881889764,68.4859999999999,68.0179999999999,67.7839999999999,66.0199999999999,23.2,6.9,16.4
"BOOI4","2022-08-21 12:00",65.048,98,825840,0,4.937,14.68,0.00507874015748032,69.2599999999999,67.964,67.7839999999999,66.038,23.2,6.8,16.4
"BOOI4","2022-08-21 13:00",66.9919999999999,92.3,922680,0,4.809,11.31,0.00625984251968504,69.9439999999999,67.8919999999999,67.7659999999999,66.0199999999999,23.2,6.8,16.4
"BOOI4","2022-08-21 14:00",70.232,86.2,1436400,0,5.566,13.49,0.01,70.88,67.874,67.748,65.9839999999999,23.2,6.8,16.4
"BOOI4","2022-08-21 15:00",72.0679999999999,83,1505880,0,4.662,16.66,0.0113385826771653,72.482,67.8199999999999,67.73,66.0199999999999,23.2,6.8,16.3
"BOOI4","2022-08-21 16:00",74.0839999999999,77.38,1585440,0,5.066,24.79,0.0121653543307087,73.6339999999999,67.8019999999999,67.7119999999999,66.0019999999999,23.2,6.8,16.3
"BOOI4","2022-08-21 17:00",76.532,72.42,2010600,0,5.332,41.52,0.0151181102362205,74.8039999999999,67.7659999999999,67.6759999999999,65.9659999999999,23.2,6.8,16.2
"BOOI4","2022-08-21 18:00",76.406,72.42,1348200,0,3.374,64.74,0.0103937007874016,75.5239999999999,67.7839999999999,67.6579999999999,65.9839999999999,23.2,6.8,16.1
"BOOI4","2022-08-21 19:00",75.8839999999999,72.03,817560,0,1.578,99,0.00539370078740158,75.5599999999999,67.7659999999999,67.64,65.9839999999999,23.3,6.8,16.2
"BOOI4","2022-08-21 20:00",70.4119999999999,88.9,156132,0,1.261,165.2,0.000354330708661417,74.8759999999999,67.8019999999999,67.6039999999999,65.9659999999999,23.3,6.8,16.1
"BOOI4","2022-08-21 21:00",67.28,94.9,5659.2,0,1.439,170.5,-0.000826771653543307,73.49,67.838,67.6039999999999,65.9659999999999,23.3,6.8,16.1
"BOOI4","2022-08-21 22:00",63.1939999999999,98.1,0,0,1.811,222,-0.000866141732283465,72.0859999999999,67.874,67.6039999999999,65.948,23.3,6.8,16.1
"BOOI4","2022-08-21 23:00",62.456,99.9,0,0,0.563,245.7,-0.00122047244094488,70.7899999999999,67.9279999999999,67.532,65.9659999999999,23.4,6.8,16.2
"BOOI4","2022-08-22 00:00",62.114,100,0,0,2.116,231.9,-0.000905511811023622,69.638,67.946,67.5499999999999,65.93,23.4,6.8,16.2
"BOOI4","2022-08-22 01:00",62.564,100,0,0,2.046,252.8,-0.000905511811023622,68.648,67.964,67.5499999999999,65.948,23.4,6.8,16.2
"BOOI4","2022-08-22 02:00",60.2779999999999,100,0,0,2.036,257.1,-0.000905511811023622,67.8019999999999,67.946,67.496,65.9659999999999,23.3,6.8,16.2
"BOOI4","2022-08-22 03:00",60.44,100,0,0,2.832,264.3,-0.000826771653543307,66.9919999999999,67.9099999999999,67.532,65.948,23.3,6.8,16.2
"BOOI4","2022-08-22 04:00",59.9539999999999,100,3.6,0,2.36,263.6,-0.000866141732283465,66.2359999999999,67.874,67.496,65.93,23.3,6.8,16.2
"BOOI4","2022-08-22 05:00",58.838,100,0,0,2.554,263.3,-0.000826771653543307,65.606,67.8019999999999,67.4599999999999,65.9119999999999,23.3,6.8,16.2
"BOOI4","2022-08-22 06:00",61.0519999999999,100,187.2,0,4.223,276.9,-0.000669291338582677,65.0659999999999,67.7119999999999,67.496,65.8939999999999,23.3,6.8,16.2
"BOOI4","2022-08-22 07:00",61.4839999999999,100,27079.2,0,5.206,286.3,-0.000551181102362205,64.796,67.6039999999999,67.4779999999999,65.8759999999999,23.3,6.8,16.3
"BOOI4","2022-08-22 08:00",65.3179999999999,98.7,536760,0,4.532,305.7,0.00145669291338583,64.8499999999999,67.532,67.4599999999999,65.8759999999999,23.3,6.8,16.3
"BOOI4","2022-08-22 09:00",65.948,95.8,1085040,0,2.722,19.71,0.00594488188976378,66.056,67.406,67.4239999999999,65.8579999999999,23.3,6.8,16.3
"BOOI4","2022-08-22 10:00",71.906,77.7,1758600,0,3.208,350.7,0.0113779527559055,68.1259999999999,67.3339999999999,67.4239999999999,65.8759999999999,23.4,6.8,16.2
"BOOI4","2022-08-22 11:00",76.1539999999999,63.1,2275560,0,2.879,338.3,0.0168503937007874,70.8619999999999,67.2259999999999,67.388,65.8759999999999,23.3,6.8,16.2
"BOOI4","2022-08-22 12:00",76.3699999999999,54.88,2768040,0,3.206,20.58,0.0214173228346457,73.8499999999999,67.172,67.388,65.84,23.3,6.8,16.1
"BOOI4","2022-08-22 13:00",75.9199999999999,56.26,2472480,0,4.007,75.36,0.0203543307086614,76.0999999999999,67.1179999999999,67.3519999999999,65.8579999999999,23.3,6.8,16
"BOOI4","2022-08-22 14:00",78.9079999999999,50.6,1532520,0,3.05,30.54,0.0138582677165354,76.8919999999999,67.064,67.3159999999999,65.8579999999999,23.3,6.7,16
"BOOI4","2022-08-22 15:00",78.9259999999999,56.7,2828160,0,3.349,73.27,0.022992125984252,78.3679999999999,67.082,67.298,65.822,23.3,6.7,16
"BOOI4","2022-08-22 16:00",80.2039999999999,50.72,2332800,0,2.675,46.64,0.0191732283464567,79.8619999999999,67.082,67.2619999999999,65.84,23.3,6.7,15.8
"BOOI4","2022-08-22 17:00",80.996,53.37,1353240,0,1.776,80.6,0.011496062992126,80.2939999999999,67.1359999999999,67.2619999999999,65.8039999999999,23.3,6.7,15.8
"BOOI4","2022-08-22 18:00",81.5539999999999,48.49,1317960,0,1.48,64.11,0.0103149606299213,80.456,67.2259999999999,67.2079999999999,65.8039999999999,23.3,6.7,15.7
"BOOI4","2022-08-22 19:00",78.1159999999999,55.3,795600,0,0.936,41.49,0.00507874015748032,79.664,67.2619999999999,67.2079999999999,65.822,23.3,6.7,15.7
"BOOI4","2022-08-22 20:00",73.3999999999999,67.59,183420,0,0.109,60.18,-0.000826771653543307,78.332,67.406,67.172,65.7859999999999,23.3,6.7,15.7
"BOOI4","2022-08-22 21:00",71.1499999999999,69.42,3355.2,0,0.095,145.8,-0.00141732283464567,76.5679999999999,67.4779999999999,67.1539999999999,65.7859999999999,23.3,6.7,15.7
"BOOI4","2022-08-22 22:00",67.874,75.65,0,0,0.143,95.8,-0.00141732283464567,74.9119999999999,67.5859999999999,67.1179999999999,65.7499999999999,23.4,6.7,15.7
"BOOI4","2022-08-22 23:00",68.1439999999999,75.65,0,0,0,0,-0.00153543307086614,73.472,67.64,67.1359999999999,65.7679999999999,23.4,6.7,15.7
"BOOI4","2022-08-23 00:00",67.082,77.78,0,0,0.331,140.8,-0.00122047244094488,72.2659999999999,67.6939999999999,67.082,65.7679999999999,23.4,6.7,15.7
"BOOI4","2022-08-23 01:00",65.714,80.4,0,0,0.261,155.4,-0.00125984251968504,71.2039999999999,67.6939999999999,67.0999999999999,65.7499999999999,23.4,6.7,15.8
"BOOI4","2022-08-23 02:00",63.8779999999999,84.2,0,0,1.829,141.6,-0.000433070866141732,70.2499999999999,67.73,67.0999999999999,65.732,23.4,6.7,15.8
"BOOI4","2022-08-23 03:00",64.1839999999999,84.7,0,0,1.613,154.9,-0.000590551181102362,69.44,67.6939999999999,67.0999999999999,65.714,23.4,6.7,15.8
"BOOI4","2022-08-23 04:00",61.682,90.3,0,0,0.839,192.9,-0.000984251968503937,68.8999999999999,67.6939999999999,67.1179999999999,65.714,23.4,6.7,15.8
"BOOI4","2022-08-23 05:00",62.438,90.7,0,0,0.64,224.6,-0.00106299212598425,68.3419999999999,67.5859999999999,67.0999999999999,65.714,23.4,6.7,15.8
"BOOI4","2022-08-23 06:00",62.7439999999999,88.7,39.6,0,0.075,116.3,-0.00137795275590551,68.1439999999999,67.5499999999999,67.082,65.714,23.4,6.7,15.8
"BOOI4","2022-08-23 07:00",64.0939999999999,87.2,53100,0,0.152,112.1,-0.00102362204724409,67.748,67.4779999999999,67.0999999999999,65.6779999999999,23.4,6.7,15.8
"BOOI4","2022-08-23 08:00",68.1259999999999,84.4,382680,0,0.64,149.8,0.00114173228346457,67.7839999999999,67.3699999999999,67.0999999999999,65.696,23.4,6.6,15.8
"BOOI4","2022-08-23 09:00",70.4119999999999,86,723960,0,0.802,174.7,0.00440944881889764,68.63,67.298,67.0999999999999,65.714,23.3,6.7,15.8
"BOOI4","2022-08-23 10:00",72.896,78.6,1102320,0,1.105,146.3,0.00767716535433071,70.106,67.2259999999999,67.082,65.696,23.3,6.7,15.8
"BOOI4","2022-08-23 11:00",74.2999999999999,75.44,1437120,0,2.643,176.7,0.0111023622047244,72.1579999999999,67.1539999999999,67.064,65.6779999999999,23.3,6.7,15.7
"BOOI4","2022-08-23 12:00",75.7579999999999,66.71,1396800,0,3.786,162.3,0.0122834645669291,73.8679999999999,67.0999999999999,67.064,65.6779999999999,23.3,6.7,15.7
"BOOI4","2022-08-23 13:00",78.9079999999999,66.62,2325960,0,3.885,176,0.0188976377952756,75.7579999999999,67.046,67.064,65.6419999999999,23.3,6.6,15.7
"BOOI4","2022-08-23 14:00",79.196,61.27,2890800,0,4.531,183.8,0.0233464566929134,78.9439999999999,67.0279999999999,67.0279999999999,65.6419999999999,23.3,6.6,15.5
"BOOI4","2022-08-23 15:00",79.3579999999999,63.23,2206800,0,3.817,191.9,0.0189763779527559,81.3919999999999,67.0099999999999,67.0099999999999,65.6419999999999,23.3,6.6,15.4
"BOOI4","2022-08-23 16:00",81.7159999999999,60.8,1839600,0,2.511,191.1,0.0155118110236221,82.1659999999999,67.064,66.9739999999999,65.6419999999999,23.3,6.6,15.4
"BOOI4","2022-08-23 17:00",81.1759999999999,58.21,1901880,0,3.63,158.9,0.0165748031496063,83.1199999999999,67.082,66.9739999999999,65.624,23.3,6.6,15.4
"BOOI4","2022-08-23 18:00",81.23,60.14,1322280,0,4.299,155.3,0.0126771653543307,83.264,67.1539999999999,66.938,65.606,23.3,6.6,15.3
"BOOI4","2022-08-23 19:00",79.3759999999999,67.5,711720,0,4.389,138.8,0.0078740157480315,82.5259999999999,67.2619999999999,66.956,65.606,23.3,6.7,15.2
"BOOI4","2022-08-23 20:00",74.1019999999999,76.66,151128,0,4.721,127.4,0.00279527559055118,81.0499999999999,67.3519999999999,66.9199999999999,65.588,23.3,6.6,15.2
"BOOI4","2022-08-23 21:00",71.8339999999999,80,1983.6,0,4.32,121.1,0.000551181102362205,79.2679999999999,67.4419999999999,66.8839999999999,65.588,23.4,6.7,15.3
"BOOI4","2022-08-23 22:00",70.7899999999999,80.6,0,0,4.482,128.1,0.000433070866141732,77.63,67.5679999999999,66.8839999999999,65.5519999999999,23.4,6.6,15.3
"BOOI4","2022-08-23 23:00",68.8099999999999,85.6,0,0,3.048,144.7,-7.8740157480315e-05,76.2619999999999,67.6579999999999,66.9019999999999,65.5699999999999,23.4,6.6,15.3
"BOOI4","2022-08-24 00:00",67.2259999999999,89.2,0,0,3.64,153.9,-0.000118110236220472,75.1099999999999,67.73,66.9199999999999,65.5699999999999,23.4,6.6,15.3
"BOOI4","2022-08-24 01:00",66.5419999999999,90.4,0,0,2.513,148.2,-0.000511811023622047,74.1019999999999,67.7839999999999,66.8839999999999,65.5339999999999,23.4,6.6,15.3
"BOOI4","2022-08-24 02:00",65.606,91.1,0,0,3.346,134.8,-0.000354330708661417,73.2199999999999,67.838,66.8659999999999,65.5339999999999,23.4,6.6,15.3
"BOOI4","2022-08-24 03:00",64.0399999999999,94.5,0,0,2.217,144.9,-0.000708661417322835,72.4099999999999,67.8919999999999,66.9019999999999,65.5699999999999,23.4,6.6,15.3
"BOOI4","2022-08-24 04:00",63.1579999999999,96,0,0,4.526,159.8,-0.000433070866141732,71.69,67.874,66.9199999999999,65.5339999999999,23.4,6.6,15.4
"BOOI4","2022-08-24 05:00",62.7439999999999,97,0,0,2.602,161.5,-0.000708661417322835,71.006,67.856,66.9199999999999,65.5159999999999,23.4,6.6,15.4
"BOOI4","2022-08-24 06:00",63.5539999999999,96.8,0,0,3.211,154.5,-0.000669291338582677,70.5739999999999,67.856,66.9019999999999,65.5159999999999,23.4,6.6,15.4
"BOOI4","2022-08-24 07:00",62.564,98.9,20962.8,0,1.592,192.7,-0.000866141732283465,70.2499999999999,67.8019999999999,66.9019999999999,65.5159999999999,23.4,6.6,15.4
"BOOI4","2022-08-24 08:00",65.2999999999999,97.9,199116,0,1.518,169.7,0.000866141732283465,70.0159999999999,67.7659999999999,66.9199999999999,65.498,23.4,6.6,15.4
"BOOI4","2022-08-24 09:00",69.44,91.8,420840,0,3.498,209.1,0.00291338582677165,70.3759999999999,67.73,66.938,65.48,23.4,6.6,15.4
"BOOI4","2022-08-24 10:00",70.2679999999999,88,469800,0,5.522,240.5,0.0044488188976378,70.988,67.6759999999999,66.938,65.5159999999999,23.4,6.6,15.4
"BOOI4","2022-08-24 11:00",78.2239999999999,72.28,2164320,0,7.515,232.3,0.0162204724409449,72.7159999999999,67.622,66.9199999999999,65.4619999999999,23.4,6.6,15.3
"BOOI4","2022-08-24 12:00",79.9699999999999,73.92,2532960,0,10.06,243.8,0.0214173228346457,75.8659999999999,67.5859999999999,66.956,65.48,23.3,6.6,15.2
"BOOI4","2022-08-24 13:00",82.2739999999999,65.99,2790720,0,9.76,229.4,0.0242913385826772,78.98,67.514,66.9199999999999,65.4619999999999,23.3,6.6,15.1
"BOOI4","2022-08-24 14:00",80.546,69.12,1645920,0,9.69,237.5,0.0180314960629921,80.6179999999999,67.532,66.938,65.48,23.3,6.6,15
"BOOI4","2022-08-24 15:00",80.7259999999999,72.79,1640880,0,7.983,224.8,0.0166141732283465,81.2659999999999,67.532,66.9199999999999,65.4619999999999,23.3,6.6,14.9
"BOOI4","2022-08-24 16:00",81.8779999999999,69.08,1524600,0,7.144,217.5,0.0151181102362205,81.9319999999999,67.5679999999999,66.9019999999999,65.4259999999999,23.3,6.6,14.9
"BOOI4","2022-08-24 17:00",81.7339999999999,67.03,1143720,0,7.401,249.1,0.0133070866141732,82.346,67.6039999999999,66.9199999999999,65.4259999999999,23.3,6.6,14.8
"BOOI4","2022-08-24 18:00",83.624,66.93,1368360,0,6.463,250.6,0.0141732283464567,82.5259999999999,67.7119999999999,66.9199999999999,65.4439999999999,23.3,6.6,14.7
"BOOI4","2022-08-24 19:00",81.7519999999999,69.71,571320,0,5.754,245.2,0.00783464566929134,82.2199999999999,67.8019999999999,66.9019999999999,65.4079999999999,23.3,6.6,14.7
"BOOI4","2022-08-24 20:00",77.306,79.77,170136,0,4.108,230.7,0.0021259842519685,81.248,67.9099999999999,66.8839999999999,65.4439999999999,23.3,6.6,14.7
"BOOI4","2022-08-24 21:00",72.2839999999999,91.2,1998,0,3.267,251.7,-0.00015748031496063,79.898,67.9999999999999,66.8839999999999,65.4079999999999,23.3,6.6,14.7
"BOOI4","2022-08-24 22:00",74.0119999999999,88.7,0,0,4.689,283.4,7.8740157480315e-05,78.656,68.1079999999999,66.8839999999999,65.4079999999999,23.3,6.6,14.7
"BOOI4","2022-08-24 23:00",71.798,92.8,0,0,3.38,291.4,-0.000354330708661417,77.5939999999999,68.198,66.9019999999999,65.39,23.3,6.5,14.7
"BOOI4","2022-08-25 00:00",70.4659999999999,94,0,0,2.629,306.9,-0.000669291338582677,76.5679999999999,68.288,66.9019999999999,65.39,23.3,6.5,14.8
"BOOI4","2022-08-25 01:00",68.8999999999999,95.3,0,0,1.409,312.8,-0.000984251968503937,75.7039999999999,68.3599999999999,66.9019999999999,65.39,23.3,6.5,14.8
"BOOI4","2022-08-25 02:00",66.272,96.4,0,0,1.667,290.4,-0.00094488188976378,74.84,68.4319999999999,66.938,65.372,23.3,6.5,14.8
"BOOI4","2022-08-25 03:00",66.3079999999999,99,0,0,3.633,255.6,-0.000708661417322835,73.9579999999999,68.4679999999999,66.938,65.39,23.3,6.5,14.8
"BOOI4","2022-08-25 04:00",65.84,98.9,0,0,4.079,272.4,-0.000708661417322835,73.238,68.4679999999999,66.956,65.372,23.4,6.5,14.8
"BOOI4","2022-08-25 05:00",65.5339999999999,99.5,0,0,3.645,299.4,-0.000748031496062992,72.6079999999999,68.4859999999999,66.956,65.3359999999999,23.3,6.5,14.8
"BOOI4","2022-08-25 06:00",65.1199999999999,99.1,0,0,3.421,313.9,-0.00078740157480315,72.032,68.522,66.9919999999999,65.3359999999999,23.3,6.5,14.8
"BOOI4","2022-08-25 07:00",65.2279999999999,99.2,38592,0,3.47,318.3,-0.000669291338582677,71.4919999999999,68.4679999999999,67.0279999999999,65.372,23.3,6.5,14.9
"BOOI4","2022-08-25 08:00",67.6759999999999,95.5,443520,0,4.253,326.3,0.00122047244094488,71.24,68.4499999999999,67.0099999999999,65.3359999999999,23.3,6.5,14.9
"BOOI4","2022-08-25 09:00",70.646,91.1,1150920,0,5.273,338.2,0.00633858267716536,71.8699999999999,68.414,67.0279999999999,65.3359999999999,23.3,6.5,14.9
"BOOI4","2022-08-25 10:00",71.438,90.3,1383480,0,5.724,328.6,0.0091732283464567,73.364,68.3779999999999,67.0279999999999,65.3359999999999,23.3,6.5,14.8
"BOOI4","2022-08-25 11:00",71.7439999999999,87.7,1766880,0,6.432,348.9,0.0119685039370079,74.6419999999999,68.3419999999999,67.064,65.3179999999999,23.3,6.5,14.7
"BOOI4","2022-08-25 12:00",70.0159999999999,89.7,2219400,0,7.884,353,0.0146062992125984,76.7839999999999,68.3239999999999,67.064,65.3179999999999,23.3,6.5,14.7
"BOOI4","2022-08-25 13:00",71.546,85.4,1581120,0,7.011,329.2,0.011259842519685,77.7739999999999,68.2519999999999,67.082,65.3179999999999,23.3,6.5,14.6
"BOOI4","2022-08-25 14:00",76.4419999999999,75.59,2480760,0,6.178,329.5,0.0185826771653543,79.6099999999999,68.2519999999999,67.0999999999999,65.2999999999999,23.3,6.5,14.5
"BOOI4","2022-08-25 15:00",77.5579999999999,67.57,2465280,0,6.97,337.6,0.0201574803149606,81.6619999999999,68.2339999999999,67.0999999999999,65.2999999999999,23.3,6.5,14.4
"BOOI4","2022-08-25 16:00",79.43,65.01,2226240,0,7.156,337.6,0.0194488188976378,82.9939999999999,68.2519999999999,67.0999999999999,65.2999999999999,23.3,6.5,14.4
"BOOI4","2022-08-25 17:00",78.0619999999999,66.86,1657080,0,7.918,349,0.0159448818897638,83.4079999999999,68.2699999999999,67.082,65.282,23.3,6.5,14.3
"BOOI4","2022-08-25 18:00",77.0359999999999,68.45,1324800,0,7.471,342.1,0.0134251968503937,83.0839999999999,68.306,67.0999999999999,65.3179999999999,23.2,6.5,14.2
"BOOI4","2022-08-25 19:00",75.722,72.29,595800,0,5.791,344.5,0.00708661417322835,82.2019999999999,68.3599999999999,67.082,65.282,23.3,6.5,14.2
"BOOI4","2022-08-25 20:00",71.4199999999999,83.2,152928,0,2.842,338.3,0.00062992125984252,80.8699999999999,68.396,67.082,65.282,23.3,6.5,14.2
"BOOI4","2022-08-25 21:00",70.6999999999999,84.8,2473.2,0,3.578,355.5,-3.93700787401575e-05,79.3759999999999,68.4859999999999,67.0999999999999,65.2999999999999,23.3,6.5,14.2
"BOOI4","2022-08-25 22:00",67.4419999999999,92.6,0,0,2.625,348.3,-0.00047244094488189,77.99,68.5399999999999,67.1179999999999,65.282,23.3,6.5,14.3
"BOOI4","2022-08-25 23:00",66.056,94.7,0,0,2.417,344.3,-0.000708661417322835,76.748,68.5759999999999,67.1179999999999,65.264,23.3,6.5,14.3
"BOOI4","2022-08-26 00:00",64.4539999999999,96.7,0,0,2.4,348.2,-0.000748031496062992,75.614,68.6119999999999,67.1179999999999,65.246,23.3,6.5,14.3
"BOOI4","2022-08-26 01:00",63.6079999999999,97.7,0,0,2.296,350.7,-0.000826771653543307,74.6419999999999,68.63,67.1179999999999,65.246,23.3,6.5,14.3
"BOOI4","2022-08-26 02:00",63.356,98.6,0,0,2.353,6.539,-0.000866141732283465,73.7239999999999,68.63,67.1179999999999,65.2999999999999,23.3,6.5,14.3
"BOOI4","2022-08-26 03:00",62.2759999999999,99.4,3.6,0,3.341,10.21,-0.000748031496062992,72.914,68.6119999999999,67.1359999999999,65.246,23.3,6.5,14.3
"BOOI4","2022-08-26 04:00",60.89,100,0,0,3.27,4.676,-0.00078740157480315,72.122,68.5759999999999,67.1539999999999,65.2279999999999,23.3,6.5,14.4
"BOOI4","2022-08-26 05:00",60.6739999999999,100,0,0,2.355,7.566,-0.000905511811023622,71.3659999999999,68.5579999999999,67.172,65.264,23.2,6.5,14.3
"BOOI4","2022-08-26 06:00",59.6119999999999,100,10.8,0,1.42,355.2,-0.00106299212598425,70.6819999999999,68.4859999999999,67.1539999999999,65.246,23.2,6.5,14.4
"BOOI4","2022-08-26 07:00",58.9999999999999,100,31464,0,1.664,7.984,-0.000866141732283465,69.998,68.396,67.172,65.246,23.2,6.5,14.4
"BOOI4","2022-08-26 08:00",62.3119999999999,99.1,506880,0,2.027,13.55,0.00122047244094488,69.656,68.3779999999999,67.172,65.246,23.2,6.5,14.4
"BOOI4","2022-08-26 09:00",68.6659999999999,90.8,1096560,0,2.384,29.15,0.00562992125984252,70.2679999999999,68.2699999999999,67.19,65.246,23.2,6.5,14.4
"BOOI4","2022-08-26 10:00",70.538,83.7,1671840,0,3.025,65.3,0.0108267716535433,71.9419999999999,68.18,67.172,65.2279999999999,23.1,6.5,14.3
"BOOI4","2022-08-26 11:00",74.732,73.41,2225520,0,4.646,95.5,0.0157086614173228,74.282,68.1259999999999,67.19,65.2099999999999,23.1,6.5,14.3
"BOOI4","2022-08-26 12:00",76.838,67.18,2711160,0,4.04,120.7,0.0205905511811024,77.2699999999999,68.0359999999999,67.2079999999999,65.2279999999999,23.1,6.5,14.1
"BOOI4","2022-08-26 13:00",78.0439999999999,64.04,2761560,0,5.885,144.7,0.0222834645669291,80.0599999999999,67.964,67.1539999999999,65.2279999999999,23.1,6.4,14.1
"BOOI4","2022-08-26 14:00",78.998,60.26,2973600,0,5.466,149,0.024251968503937,82.796,67.946,67.19,65.2279999999999,23.1,6.4,14
"BOOI4","2022-08-26 15:00",80.4199999999999,59.77,2790360,0,5.638,133.7,0.0237795275590551,84.9919999999999,67.9279999999999,67.1539999999999,65.2099999999999,23.1,6.4,13.9
"BOOI4","2022-08-26 16:00",79.322,60.94,1724040,0,5.886,129.7,0.0172047244094488,86.1439999999999,67.9279999999999,67.1359999999999,65.2099999999999,23.1,6.4,13.9
"BOOI4","2022-08-26 17:00",79.5739999999999,61.63,1054800,0,6.079,119.7,0.0127165354330709,85.64,67.982,67.1179999999999,65.246,23.1,6.4,13.8
"BOOI4","2022-08-26 18:00",78.4939999999999,64.39,975240,0,5.818,127.8,0.0115354330708661,85.0999999999999,68.072,67.0999999999999,65.2099999999999,23.1,6.5,13.7
"BOOI4","2022-08-26 19:00",78.1699999999999,66.43,662760,0,5.185,115.6,0.0075984251968504,84.056,68.1619999999999,67.0999999999999,65.1919999999999,23.1,6.5,13.7
"BOOI4","2022-08-26 20:00",73.0399999999999,77.51,123552,0,4.582,112.7,0.00236220472440945,82.706,68.2699999999999,67.0999999999999,65.2099999999999,23.1,6.5,13.7
"BOOI4","2022-08-26 21:00",71.4739999999999,78.61,1339.2,0,4.513,117.2,0.000905511811023622,81.0679999999999,68.3419999999999,67.064,65.2099999999999,23.1,6.5,13.7
"BOOI4","2022-08-26 22:00",70.1599999999999,82.6,0,0,4.949,123.8,0.000708661417322835,79.6099999999999,68.4319999999999,67.1179999999999,65.2099999999999,23.1,6.5,13.7
"BOOI4","2022-08-26 23:00",68.7739999999999,85.1,0,0,4.337,132.7,0.000393700787401575,78.3499999999999,68.4859999999999,67.082,65.1919999999999,23.1,6.5,13.7
"BOOI4","2022-08-27 00:00",70.2499999999999,84.8,3.6,0,5.773,145.8,0.000590551181102362,77.3239999999999,68.522,67.0999999999999,65.2099999999999,23.1,6.5,13.8
"BOOI4","2022-08-27 01:00",70.3759999999999,86.5,3.6,0,8.5,149,0.000866141732283465,76.5679999999999,68.5579999999999,67.0999999999999,65.1919999999999,23.1,6.5,13.8
"BOOI4","2022-08-27 02:00",69.4759999999999,89.4,0,0,6.62,147.8,0.000511811023622047,75.9739999999999,68.5579999999999,67.0999999999999,65.1919999999999,23.1,6.5,13.8
"BOOI4","2022-08-27 03:00",69.206,90.5,0,0,5.371,143.4,0.000236220472440945,75.4699999999999,68.5579999999999,67.0999999999999,65.1919999999999,23.1,6.5,13.8
"BOOI4","2022-08-27 04:00",68.414,92.4,0,0,5.355,149.9,0.00015748031496063,75.0019999999999,68.5399999999999,67.1359999999999,65.1739999999999,23.1,6.5,13.8
"BOOI4","2022-08-27 05:00",67.388,95.1,0,0,5.34,139.7,-3.93700787401575e-05,74.48,68.5399999999999,67.1539999999999,65.2099999999999,23.1,6.5,13.8
"BOOI4","2022-08-27 06:00",67.4239999999999,95.4,0,0,6.076,143.1,-7.8740157480315e-05,73.922,68.5039999999999,67.1179999999999,65.1739999999999,23.1,6.5,13.8
"BOOI4","2022-08-27 07:00",67.7659999999999,95.1,13993.2,0,7.658,154,3.93700787401575e-05,73.5079999999999,68.4679999999999,67.1359999999999,65.156,23.1,6.5,13.8
"BOOI4","2022-08-27 08:00",69.5839999999999,91.2,183852,0,7.518,159.3,0.00173228346456693,73.2919999999999,68.414,67.172,65.156,23,6.5,13.8
"BOOI4","2022-08-27 09:00",75.0199999999999,83.4,853920,0,7.33,167.7,0.00645669291338583,73.6159999999999,68.396,67.1539999999999,65.1919999999999,23,6.5,13.8
"BOOI4","2022-08-27 10:00",76.8199999999999,79.82,1365480,0,9.07,186.9,0.0115354330708661,75.0019999999999,68.3599999999999,67.1539999999999,65.1739999999999,23,6.5,13.7
"BOOI4","2022-08-27 11:00",80.456,78,1835640,0,8.78,192.4,0.0155118110236221,76.8019999999999,68.3239999999999,67.172,65.1739999999999,23,6.5,13.7
"BOOI4","2022-08-27 12:00",83.606,68.69,2504160,0,8.94,206.3,0.0216929133858268,79.3039999999999,68.288,67.1539999999999,65.156,23,6.5,13.6
"BOOI4","2022-08-27 13:00",83.624,72.32,1695960,0,7.291,198.3,0.0163779527559055,81.248,68.2519999999999,67.1539999999999,65.156,23,6.5,13.5
"BOOI4","2022-08-27 14:00",85.19,66.52,2032920,0,7.145,194.3,0.0196062992125984,82.814,68.2519999999999,67.1539999999999,65.1739999999999,23,6.5,13.4
"BOOI4","2022-08-27 15:00",83.7679999999999,68.55,1348200,0,7.115,199.1,0.0157874015748031,84.0019999999999,68.2699999999999,67.1539999999999,65.156,23,6.4,13.4
"BOOI4","2022-08-27 16:00",84.4519999999999,69.12,1059480,0,5.456,197.4,0.0122834645669291,83.93,68.3419999999999,67.1359999999999,65.1739999999999,23,6.4,13.4
"BOOI4","2022-08-27 17:00",84.4159999999999,70.45,910440,0,4.558,189.5,0.0101968503937008,84.146,68.414,67.1539999999999,65.156,23,6.4,13.3
"BOOI4","2022-08-27 18:00",80.906,67.69,1092600,0,6.387,157.6,0.0123622047244095,84.1999999999999,68.522,67.172,65.156,23,6.4,13.2
"BOOI4","2022-08-27 19:00",77.8099999999999,65.57,307080,0,7.624,116,0.00771653543307087,83.588,68.6119999999999,67.1359999999999,65.1739999999999,23,6.4,13.2
"BOOI4","2022-08-27 20:00",74.3179999999999,83,62532,0,8.46,109.4,0.00503937007874016,82.3099999999999,68.6839999999999,67.1539999999999,65.138,23,6.4,13.2
"BOOI4","2022-08-27 21:00",72.14,88.1,457.2,0,7.426,99,0.000826771653543307,80.9599999999999,68.8099999999999,67.1359999999999,65.156,23,6.4,13.2
"BOOI4","2022-08-27 22:00",72.338,86.3,0,0,7.585,110.8,0.000551181102362205,79.6999999999999,68.8999999999999,67.172,65.156,23,6.4,13.3
"BOOI4","2022-08-27 23:00",67.406,97.9,0,0.2,12.36,201.1,0.000433070866141732,78.44,68.972,67.172,65.156,23,6.4,13.3
"BOOI4","2022-08-28 00:00",67.4599999999999,99.3,3.6,0.23,3.407,197.7,-0.000551181102362205,76.6759999999999,69.0259999999999,67.172,65.156,28.8,6.4,13.3
"BOOI4","2022-08-28 01:00",66.7939999999999,100,0,0.33,4.973,155.1,-0.000511811023622047,75.1099999999999,69.098,67.2439999999999,65.138,32.6,6.4,13.3
"BOOI4","2022-08-28 02:00",66.7759999999999,100,3.6,0.23,8.32,126,-0.000393700787401575,73.8859999999999,69.1519999999999,67.2439999999999,65.138,36.9,6.5,13.3
"BOOI4","2022-08-28 03:00",68.3239999999999,100,3.6,0.28,5.027,128.9,-0.000511811023622047,72.7519999999999,69.1699999999999,67.28,65.138,39.9,6.5,13.3
"BOOI4","2022-08-28 04:00",69.5119999999999,100,0,0.54,9.25,131.5,-0.000354330708661417,71.798,69.2239999999999,67.388,65.138,41,6.7,13.3
"BOOI4","2022-08-28 05:00",68.7019999999999,100,3.6,0.74,6.419,125.2,-0.00047244094488189,71.3119999999999,69.188,67.496,65.1739999999999,40.1,16.3,13.3
"BOOI4","2022-08-28 06:00",68.6659999999999,100,10.8,0.55,3.991,112.2,-0.000590551181102362,71.33,69.098,67.5859999999999,65.1739999999999,38.5,18,13.3
"BOOI4","2022-08-28 07:00",68.6119999999999,100,13348.8,0.16,6.101,145.6,-0.000433070866141732,71.2759999999999,69.0439999999999,67.64,65.1919999999999,37.8,18.6,13.3
"BOOI4","2022-08-28 08:00",69.6739999999999,100,67284,0.01,5.06,171.5,0.00047244094488189,71.2759999999999,68.972,67.64,65.2279999999999,37.4,18.6,13.3
"BOOI4","2022-08-28 09:00",70.4119999999999,99.4,276696,0,6.237,194.2,0.00177165354330709,71.546,68.972,67.64,65.246,37.1,18.6,13.4
"BOOI4","2022-08-28 10:00",71.2759999999999,95.5,547200,0,7.491,192.5,0.0037007874015748,71.996,68.9179999999999,67.622,65.246,37,18.6,13.4
"BOOI4","2022-08-28 11:00",76.082,86,2031840,0,10.48,195.9,0.0132283464566929,73.3999999999999,68.8999999999999,67.64,65.2279999999999,36.8,18.6,13.5
"BOOI4","2022-08-28 12:00",76.6039999999999,78.34,2624040,0,13,189,0.0192913385826772,75.5419999999999,68.8819999999999,67.622,65.246,36.7,18.5,13.5
"BOOI4","2022-08-28 13:00",79.124,76.37,2863800,0,12.92,181.8,0.0224409448818898,77.2519999999999,68.864,67.6039999999999,65.2279999999999,36.5,18.5,13.5
"BOOI4","2022-08-28 14:00",80.8339999999999,76.66,2894400,0,12.58,185.6,0.0232677165354331,78.8179999999999,68.8279999999999,67.6039999999999,65.2279999999999,36.4,18.4,13.5
"BOOI4","2022-08-28 15:00",82.8499999999999,76.68,2763360,0,12.8,192.1,0.0233464566929134,80.096,68.846,67.6039999999999,65.246,36.3,18.3,13.5
"BOOI4","2022-08-28 16:00",83.264,77.27,2198520,0,12.78,200.5,0.0203149606299213,80.8159999999999,68.8819999999999,67.5859999999999,65.2279999999999,36.2,18.2,13.5
"BOOI4","2022-08-28 17:00",83.7859999999999,74.68,1848240,0,12.4,198.1,0.017755905511811,80.888,68.8819999999999,67.5859999999999,65.264,36.2,18.2,13.5
"BOOI4","2022-08-28 18:00",82.598,78.17,907920,0,10.52,201.7,0.0111811023622047,80.4919999999999,68.99,67.5499999999999,65.264,36.1,18.1,13.6
"BOOI4","2022-08-28 19:00",81.698,81.1,511200,0,7.817,201.5,0.00677165354330709,79.6999999999999,69.0439999999999,67.5499999999999,65.264,36.1,18.1,13.6
"BOOI4","2022-08-28 20:00",77.0179999999999,91.4,125100,0,4.977,194.4,0.000984251968503937,78.7279999999999,69.1519999999999,67.5499999999999,65.246,36,18,13.7
"BOOI4","2022-08-28 21:00",75.2179999999999,94.6,1044,0,3.329,178,-7.8740157480315e-05,77.648,69.2419999999999,67.5499999999999,65.264,36,18.1,13.7
"BOOI4","2022-08-28 22:00",74.5519999999999,94.4,0,0,3.453,173.6,-0.000118110236220472,76.748,69.332,67.5499999999999,65.246,36,18,13.7
"BOOI4","2022-08-28 23:00",74.264,95.6,0,0,3.153,163.1,-0.000196850393700787,76.0099999999999,69.4579999999999,67.5679999999999,65.246,35.9,18,13.8
"BOOI4","2022-08-29 00:00",72.9859999999999,97.5,0,0,2.638,176.2,-0.00031496062992126,75.4699999999999,69.53,67.5679999999999,65.246,35.9,17.9,13.8
"BOOI4","2022-08-29 01:00",74.624,94.7,0,0,5.042,198.8,-7.8740157480315e-05,74.948,69.6199999999999,67.5859999999999,65.246,35.8,17.9,13.9
"BOOI4","2022-08-29 02:00",74.1199999999999,95.9,0,0,5.651,215.9,0,74.5339999999999,69.656,67.5859999999999,65.2279999999999,35.8,17.9,13.9
"BOOI4","2022-08-29 03:00",73.4539999999999,98.2,0,0,5.37,247.4,-0.00015748031496063,74.2279999999999,69.6919999999999,67.622,65.246,35.8,17.9,13.9
"BOOI4","2022-08-29 04:00",73.7239999999999,99.3,0,0,5.768,249.5,-0.000275590551181102,73.9579999999999,69.7279999999999,67.622,65.246,35.8,17.8,13.9
"BOOI4","2022-08-29 05:00",72.6439999999999,93.4,0,0,5.232,310.3,-0.000118110236220472,73.814,69.746,67.64,65.2279999999999,35.8,17.8,14
"BOOI4","2022-08-29 06:00",70.6279999999999,94.2,0,0,4.465,347.4,-3.93700787401575e-05,73.2919999999999,69.764,67.6579999999999,65.246,35.8,17.8,14
"BOOI4","2022-08-29 07:00",70.7899999999999,94,39024,0,5.022,320.7,3.93700787401575e-05,72.698,69.7999999999999,67.6939999999999,65.246,35.7,17.8,14.1
"BOOI4","2022-08-29 08:00",69.314,95.3,9784.8,0.01,5.553,268.5,0.000748031496062992,72.338,69.782,67.6939999999999,65.246,35.7,17.8,14.1
"BOOI4","2022-08-29 09:00",68.6119999999999,91.8,93600,0.02,3,335.2,0.00118110236220473,71.996,69.782,67.7119999999999,65.246,35.6,17.8,14.1
"BOOI4","2022-08-29 10:00",72.0679999999999,76.74,559080,0,6.978,3.179,0.00598425196850394,71.78,69.782,67.73,65.246,35.6,17.7,14.1
"BOOI4","2022-08-29 11:00",71.9779999999999,77.08,644400,0,6.283,349.2,0.0075984251968504,72.0499999999999,69.764,67.73,65.246,35.6,17.7,14.2
"BOOI4","2022-08-29 12:00",73.472,75.17,1008360,0,4.606,277.2,0.00921259842519685,72.59,69.746,67.7839999999999,65.264,35.6,17.7,14.2
"BOOI4","2022-08-29 13:00",74.282,78.13,1016640,0,4.347,273.2,0.00929133858267717,73.5439999999999,69.7279999999999,67.7839999999999,65.264,35.6,17.6,14.2
"BOOI4","2022-08-29 14:00",77.5939999999999,58.61,2342160,0,6.259,278.2,0.0196456692913386,75.4699999999999,69.6919999999999,67.7839999999999,65.246,35.5,17.6,14.2
"BOOI4","2022-08-29 15:00",76.7659999999999,60.06,1469880,0,6.941,286.2,0.0167716535433071,76.856,69.656,67.7839999999999,65.246,35.4,17.5,14.2
"BOOI4","2022-08-29 16:00",79.3759999999999,61.85,1875600,0,6.683,263.3,0.0179527559055118,77.18,69.6199999999999,67.8019999999999,65.264,35.4,17.5,14.2
"BOOI4","2022-08-29 17:00",81.1039999999999,53.81,1913400,0,7.143,285.6,0.0187795275590551,78.0439999999999,69.6019999999999,67.8019999999999,65.2279999999999,35.4,17.4,14.2
"BOOI4","2022-08-29 18:00",80.9419999999999,55.67,1342440,0,6.071,294.5,0.0146456692913386,78.2419999999999,69.5839999999999,67.8199999999999,65.246,35.3,17.4,14.2
"BOOI4","2022-08-29 19:00",75.506,72.38,302400,0,4.027,282.4,0.00586614173228346,77.5759999999999,69.6019999999999,67.8199999999999,65.246,35.2,17.3,14.2
"BOOI4","2022-08-29 20:00",71.0599999999999,85.5,150660,0,2.902,233.5,0.00078740157480315,76.532,69.6199999999999,67.8199999999999,65.282,35.2,17.2,14.2
"BOOI4","2022-08-29 21:00",66.2179999999999,93.8,1368,0,3.602,255.6,-0.00047244094488189,75.038,69.6739999999999,67.856,65.264,35.2,17.2,14.2
"BOOI4","2022-08-29 22:00",64.3999999999999,95,0,0,3.521,257,-0.000590551181102362,73.598,69.6739999999999,67.8199999999999,65.282,35.2,17.3,14.3
"BOOI4","2022-08-29 23:00",66.272,89.2,0,0,3.959,263.2,-0.000511811023622047,72.3199999999999,69.6919999999999,67.856,65.246,35.2,17.2,14.3
"BOOI4","2022-08-30 00:00",65.822,89.1,0,0,5.75,286.4,7.8740157480315e-05,71.2579999999999,69.6739999999999,67.856,65.246,35.2,17.2,14.3
"BOOI4","2022-08-30 01:00",64.4539999999999,85,0,0,4.54,297.3,-0.000118110236220472,70.322,69.6739999999999,67.838,65.282,35.2,17.2,14.3
"BOOI4","2022-08-30 02:00",62.798,84.7,0,0,2.543,312,-0.00047244094488189,69.3679999999999,69.6199999999999,67.874,65.264,35.2,17.1,14.4
"BOOI4","2022-08-30 03:00",62.4919999999999,83.4,0,0,3.479,289.4,-0.00015748031496063,68.4319999999999,69.6019999999999,67.838,65.264,35.1,17.1,14.3
"BOOI4","2022-08-30 04:00",60.4759999999999,89,0,0,4.572,277,-0.000118110236220472,67.6039999999999,69.53,67.874,65.282,35.1,17.1,14.3
"BOOI4","2022-08-30 05:00",59.072,87.3,0,0,5.975,279.4,0,66.7579999999999,69.4579999999999,67.874,65.282,35,17.1,14.3
"BOOI4","2022-08-30 06:00",59.4679999999999,83.4,0,0,6.174,292.6,0.000275590551181102,65.948,69.3859999999999,67.8919999999999,65.282,35.1,17,14.3
"BOOI4","2022-08-30 07:00",59.3599999999999,81.9,28836,0,5.529,287.1,0.000236220472440945,65.1739999999999,69.2599999999999,67.874,65.3179999999999,35,17,14.4
"BOOI4","2022-08-30 08:00",62.006,81.1,427320,0,6.183,287.2,0.00275590551181102,64.8499999999999,69.1699999999999,67.8919999999999,65.282,35,17,14.4
"BOOI4","2022-08-30 09:00",67.622,68.24,1045440,0,6.386,295.3,0.00767716535433071,65.6599999999999,69.0619999999999,67.8919999999999,65.282,34.9,17,14.4
"BOOI4","2022-08-30 10:00",70.4839999999999,64.83,1679400,0,6.923,317.2,0.013503937007874,67.3699999999999,68.9359999999999,67.874,65.2999999999999,34.9,16.9,14.4
"BOOI4","2022-08-30 11:00",73.5079999999999,64.3,2236680,0,7.581,323.2,0.018503937007874,69.5119999999999,68.8099999999999,67.8919999999999,65.282,34.8,17,14.3
"BOOI4","2022-08-30 12:00",75.3079999999999,58.38,2659320,0,6.761,324.8,0.0219685039370079,72.0679999999999,68.6839999999999,67.838,65.282,34.8,16.9,14.3
"BOOI4","2022-08-30 13:00",76.28,54.29,2905200,0,8.02,330.1,0.0254724409448819,74.156,68.5759999999999,67.856,65.282,34.8,16.9,14.3
"BOOI4","2022-08-30 14:00",77.5759999999999,48.99,2955600,0,8.68,334.7,0.0271653543307087,75.7759999999999,68.5039999999999,67.8199999999999,65.282,34.7,16.8,14.3
"BOOI4","2022-08-30 15:00",77.6839999999999,50,2788920,0,7.291,332.6,0.0255511811023622,76.964,68.414,67.8199999999999,65.2999999999999,34.6,16.7,14.2
"BOOI4","2022-08-30 16:00",78.5839999999999,48.79,2440800,0,6.547,339.5,0.022992125984252,77.9359999999999,68.3779999999999,67.7659999999999,65.3179999999999,34.6,16.7,14.2
"BOOI4","2022-08-30 17:00",79.43,48.93,1935000,0,5.468,326.9,0.0186614173228347,78.4759999999999,68.396,67.748,65.2999999999999,34.5,16.6,14.1
"BOOI4","2022-08-30 18:00",79.1779999999999,49.9,1330560,0,4.638,344.2,0.0136220472440945,78.2779999999999,68.396,67.7659999999999,65.3179999999999,34.5,16.5,14.1
"BOOI4","2022-08-30 19:00",76.3519999999999,61.15,542880,0,3.149,6.145,0.00610236220472441,77.4319999999999,68.396,67.7119999999999,65.3179999999999,34.4,16.5,14.1
"BOOI4","2022-08-30 20:00",70.556,73.22,125280,0,0.113,22.99,-0.00153543307086614,76.1359999999999,68.4319999999999,67.6939999999999,65.282,34.4,16.4,14.1
"BOOI4","2022-08-30 21:00",68.63,74.85,1105.2,0,0,0,-0.00181102362204724,74.5339999999999,68.4859999999999,67.64,65.2999999999999,34.4,16.3,14.1
"BOOI4","2022-08-30 22:00",65.39,82.2,0,0,0.493,340.3,-0.00133858267716536,73.0399999999999,68.5039999999999,67.6759999999999,65.2999999999999,34.4,16.3,14.2
"BOOI4","2022-08-30 23:00",63.0679999999999,88.9,3.6,0,1.187,267.4,-0.000984251968503937,71.7439999999999,68.522,67.622,65.2999999999999,34.4,16.2,14.2
"BOOI4","2022-08-31 00:00",62.0419999999999,90.2,0,0,2.644,257,-0.00062992125984252,70.5739999999999,68.5399999999999,67.6039999999999,65.3179999999999,34.4,16.3,14.2
"BOOI4","2022-08-31 01:00",59.99,92.8,0,0,3.111,252.2,-0.000511811023622047,69.5659999999999,68.5399999999999,67.6039999999999,65.3179999999999,34.4,16.3,14.2
"BOOI4","2022-08-31 02:00",60.1699999999999,92.2,0,0,3.49,252.8,-0.000551181102362205,68.6659999999999,68.5039999999999,67.6039999999999,65.2999999999999,34.4,16.2,14.2
"BOOI4","2022-08-31 03:00",59.432,94.5,0,0,3.882,251.6,-0.00047244094488189,67.856,68.4499999999999,67.5859999999999,65.2999999999999,34.3,16.2,14.2
"BOOI4","2022-08-31 04:00",58.0279999999999,96.2,0,0,3.761,248.2,-0.000590551181102362,67.1359999999999,68.3779999999999,67.5679999999999,65.3359999999999,34.3,16.2,14.2
"BOOI4","2022-08-31 05:00",57.7759999999999,95.8,0,0,3.725,253.6,-0.000669291338582677,66.4339999999999,68.2699999999999,67.5859999999999,65.3179999999999,34.2,16.2,14.2
"BOOI4","2022-08-31 06:00",61.3039999999999,85.8,0,0,5.154,275.8,-0.000118110236220472,65.8579999999999,68.198,67.5499999999999,65.3179999999999,34.2,16.1,14.3
"BOOI4","2022-08-31 07:00",59.7199999999999,89.2,29412,0,5.275,274.2,0.00015748031496063,65.4079999999999,68.1259999999999,67.5499999999999,65.3359999999999,34.2,16.1,14.3
"BOOI4","2022-08-31 08:00",63.4819999999999,87,416520,0,6.701,259,0.00165354330708661,65.264,68.0179999999999,67.532,65.3179999999999,34.3,16.1,14.3
"BOOI4","2022-08-31 09:00",68.5759999999999,80.6,1023120,0,6.212,256,0.00661417322834646,66.1999999999999,67.9099999999999,67.496,65.3179999999999,34.2,16.1,14.3
"BOOI4","2022-08-31 10:00",73.364,71.07,1651680,0,7.832,257.8,0.0126771653543307,68.0179999999999,67.7839999999999,67.514,65.2999999999999,34.1,16.1,14.3
"BOOI4","2022-08-31 11:00",77.5939999999999,66.07,2205360,0,7.064,252.2,0.0181102362204724,70.6999999999999,67.7119999999999,67.4779999999999,65.3179999999999,34.1,16,14.2
"BOOI4","2022-08-31 12:00",80.2939999999999,56.55,2624040,0,6.493,236.9,0.022755905511811,73.922,67.64,67.4779999999999,65.3359999999999,34.1,16,14.2
"BOOI4","2022-08-31 13:00",81.5539999999999,56.22,2860920,0,7.245,224.3,0.025748031496063,76.9999999999999,67.514,67.406,65.2999999999999,34,16,14.2
"BOOI4","2022-08-31 14:00",82.2739999999999,52.98,2890800,0,6.733,211.3,0.0263779527559055,79.7539999999999,67.496,67.406,65.2999999999999,33.9,15.9,14.1
"BOOI4","2022-08-31 15:00",83.1739999999999,54.29,2730600,0,6.803,206.7,0.0256692913385827,81.8779999999999,67.4779999999999,67.3699999999999,65.3179999999999,33.9,15.9,14.1
"BOOI4","2022-08-31 16:00",83.624,52.66,2379960,0,6.589,201.3,0.0231889763779528,83.264,67.496,67.3339999999999,65.3179999999999,33.9,15.8,14
"BOOI4","2022-08-31 17:00",83.8039999999999,58.08,1882440,0,6.218,199.7,0.0191338582677165,83.7859999999999,67.532,67.3159999999999,65.3179999999999,33.9,15.8,14
"BOOI4","2022-08-31 18:00",82.688,57.75,1279080,0,6.27,206.5,0.0146062992125984,83.4439999999999,67.5859999999999,67.298,65.282,33.9,15.7,13.9
"BOOI4","2022-08-31 19:00",79.2679999999999,68.73,610920,0,3.983,221.2,0.00673228346456693,82.4359999999999,67.6759999999999,67.2439999999999,65.2999999999999,33.9,15.6,13.9
"BOOI4","2022-08-31 20:00",75.3439999999999,78.25,61812,0,1.625,207.8,0.00047244094488189,80.888,67.8019999999999,67.2439999999999,65.282,33.9,15.5,14
"BOOI4","2022-08-31 21:00",74.5339999999999,77.61,406.8,0,2.482,155.7,-3.93700787401575e-05,79.4119999999999,67.9099999999999,67.2259999999999,65.2999999999999,33.9,15.5,14
"BOOI4","2022-08-31 22:00",71.456,89.1,0,0,2.299,190,-0.00047244094488189,78.1519999999999,67.9999999999999,67.2079999999999,65.282,33.9,15.4,14
"BOOI4","2022-08-31 23:00",70.8619999999999,87.1,0,0,2.046,190.4,-0.000669291338582677,77.09,68.09,67.172,65.282,33.8,15.4,14
"BOOI4","2022-09-01 00:00",70.7179999999999,84.4,0,0,2.555,174.6,-0.00047244094488189,76.0279999999999,68.1619999999999,67.2079999999999,65.264,33.8,15.4,14
"BOOI4","2022-09-01 01:00",69.746,84.7,0,0,3.8,90.5,-0.000275590551181102,74.9839999999999,68.2339999999999,67.19,65.2999999999999,33.8,15.4,14
"BOOI4","2022-09-01 02:00",67.0279999999999,90,0,0,2.61,141.6,-0.000433070866141732,74.0119999999999,68.306,67.19,65.282,33.8,15.4,14
"BOOI4","2022-09-01 03:00",67.046,87.7,0,0,3.999,131.1,-0.000196850393700787,73.148,68.306,67.19,65.2999999999999,33.8,15.4,14.1
"BOOI4","2022-09-01 04:00",63.7159999999999,94,0,0,3.26,166.1,-0.00047244094488189,72.2839999999999,68.3599999999999,67.172,65.264,33.8,15.3,14.1
"BOOI4","2022-09-01 05:00",62.816,95,0,0,3.424,168.6,-0.000590551181102362,71.5279999999999,68.3419999999999,67.172,65.282,33.8,15.3,14.1
"BOOI4","2022-09-01 06:00",62.9419999999999,95.9,0,0,2.031,194.3,-0.000905511811023622,70.8259999999999,68.3419999999999,67.172,65.2999999999999,33.7,15.3,14.1
"BOOI4","2022-09-01 07:00",64.0039999999999,94.8,18234,0,3.137,182.5,-0.00062992125984252,70.3579999999999,68.306,67.19,65.264,33.7,15.3,14.1
"BOOI4","2022-09-01 08:00",67.4239999999999,90.5,331920,0,4.518,195.5,0.000984251968503937,70.1419999999999,68.2699999999999,67.2079999999999,65.282,33.7,15.3,14.1
"BOOI4","2022-09-01 09:00",70.5019999999999,82.8,748800,0,5.082,201.2,0.00515748031496063,70.7899999999999,68.2339999999999,67.19,65.246,33.7,15.3,14.1
"BOOI4","2022-09-01 10:00",71.7079999999999,80.6,966960,0,5.758,210.2,0.00811023622047244,71.888,68.18,67.2079999999999,65.246,33.7,15.2,14.1
"BOOI4","2022-09-01 11:00",74.138,77.77,1126080,0,5.077,197.4,0.00929133858267717,72.9319999999999,68.1079999999999,67.19,65.264,33.7,15.2,14.1
"BOOI4","2022-09-01 12:00",78.4039999999999,70.74,1859400,0,6.583,211.3,0.0155511811023622,74.8939999999999,68.072,67.19,65.264,33.6,15.2,14
"BOOI4","2022-09-01 13:00",79.4659999999999,70.77,1828800,0,6.977,217.8,0.0165354330708661,76.9099999999999,68.0539999999999,67.2079999999999,65.264,33.6,15.2,14
"BOOI4","2022-09-01 14:00",83.6779999999999,68.33,2439360,0,4.995,233.9,0.0206692913385827,79.34,67.9999999999999,67.2079999999999,65.264,33.6,15.2,13.9
"BOOI4","2022-09-01 15:00",83.2099999999999,69.24,2081160,0,6.885,207.8,0.0195669291338583,81.7159999999999,68.0179999999999,67.2259999999999,65.264,33.6,15.2,13.9
"BOOI4","2022-09-01 16:00",79.8079999999999,73.16,1469160,0,8.29,206.4,0.0153543307086614,82.6339999999999,68.0179999999999,67.19,65.2279999999999,33.6,15.1,13.9
"BOOI4","2022-09-01 17:00",76.6939999999999,78.76,701640,0,6.697,216.6,0.00850393700787402,82.13,68.072,67.19,65.246,33.5,15,13.9
"BOOI4","2022-09-01 18:00",75.7759999999999,82.7,457200,0,4.175,198.8,0.00515748031496063,81.2839999999999,68.1079999999999,67.19,65.2279999999999,33.5,15,13.9
"BOOI4","2022-09-01 19:00",74.7679999999999,83.4,344160,0,4.785,189.5,0.00393700787401575,80.2759999999999,68.198,67.172,65.246,33.5,14.9,13.9
"BOOI4","2022-09-01 20:00",72.1579999999999,83.1,96336,0,5.336,193.1,0.00102362204724409,79.106,68.2519999999999,67.1539999999999,65.246,33.5,14.9,13.9
"BOOI4","2022-09-01 21:00",73.4539999999999,71.04,579.6,0,8.91,219,0.00228346456692913,77.7919999999999,68.3419999999999,67.1359999999999,65.2099999999999,33.5,14.9,13.9
"BOOI4","2022-09-01 22:00",71.78,74.47,0,0,9.22,200.3,0.00255905511811024,76.5859999999999,68.414,67.1539999999999,65.246,33.5,14.9,13.9
"BOOI4","2022-09-01 23:00",70.5739999999999,78.69,0,0,7.28,192.5,0.00181102362204724,75.506,68.4859999999999,67.172,65.2279999999999,33.5,14.9,13.9
"BOOI4","2022-09-02 00:00",70.214,83.1,0,0,7.064,181.7,0.00149606299212598,74.732,68.522,67.1539999999999,65.246,33.5,14.8,13.9
"BOOI4","2022-09-02 01:00",68.846,86.2,0,0,3.196,209.2,0.000551181102362205,74.1019999999999,68.5399999999999,67.172,65.246,33.5,14.8,13.9
"BOOI4","2022-09-02 02:00",67.1539999999999,90.9,0,0,4.569,209.5,0.00062992125984252,73.5619999999999,68.5579999999999,67.172,65.2279999999999,33.5,14.8,13.9
"BOOI4","2022-09-02 03:00",67.064,87.7,0,0,3.539,161.4,0.00047244094488189,72.8779999999999,68.5579999999999,67.172,65.1919999999999,33.4,14.8,13.9
"BOOI4","2022-09-02 04:00",66.056,90.3,0,0,2.356,141.3,0.00031496062992126,72.0859999999999,68.5399999999999,67.2079999999999,65.2099999999999,33.4,14.7,13.9
"BOOI4","2022-09-02 05:00",64.814,96,0,0,5.812,155.5,0.000354330708661417,71.3839999999999,68.5579999999999,67.2079999999999,65.2099999999999,33.4,14.7,13.9
"BOOI4","2022-09-02 06:00",64.364,96.3,0,0,4.302,152.2,0.000118110236220472,70.7899999999999,68.5039999999999,67.2079999999999,65.2099999999999,33.3,14.7,14
"BOOI4","2022-09-02 07:00",64.238,96.5,8816.4,0,4.494,147,0.00015748031496063,70.232,68.4859999999999,67.2079999999999,65.2099999999999,33.3,14.7,14
"BOOI4","2022-09-02 08:00",68.09,92.3,350640,0,5.695,131.6,0.00102362204724409,69.98,68.4319999999999,67.2079999999999,65.1919999999999,33.3,14.7,14
"BOOI4","2022-09-02 09:00",70.9159999999999,88.2,963000,0,7.81,154,0.0060236220472441,70.6819999999999,68.3779999999999,67.2259999999999,65.1919999999999,33.2,14.7,14
"BOOI4","2022-09-02 10:00",73.6699999999999,85.8,1451520,0,8.22,168.4,0.0100393700787402,72.1579999999999,68.3419999999999,67.2079999999999,65.1919999999999,33.3,14.7,14
"BOOI4","2022-09-02 11:00",78.2599999999999,80.6,2093400,0,6.393,168.7,0.0152755905511811,74.6779999999999,68.288,67.2259999999999,65.2099999999999,33.3,14.6,13.9
"BOOI4","2022-09-02 12:00",80.7079999999999,78.71,2522160,0,7.757,181.8,0.0194094488188976,77.6839999999999,68.2339999999999,67.2259999999999,65.1919999999999,33.2,14.7,13.9
"BOOI4","2022-09-02 13:00",82.832,75.47,2770200,0,7.336,185.6,0.0223622047244094,80.7259999999999,68.18,67.2259999999999,65.1919999999999,33.3,14.7,13.9
"BOOI4","2022-09-02 14:00",84.6679999999999,71.99,2824200,0,8.53,185.8,0.0242125984251969,83.4079999999999,68.18,67.2259999999999,65.138,33.2,14.6,13.8
"BOOI4","2022-09-02 15:00",85.6039999999999,69.34,2583360,0,8.38,189.3,0.0232677165354331,85.3339999999999,68.18,67.2079999999999,65.1919999999999,33.2,14.6,13.8
"BOOI4","2022-09-02 16:00",86.648,64.55,2235960,0,7.727,201.4,0.021259842519685,86.522,68.2159999999999,67.2079999999999,65.1919999999999,33.1,14.5,13.7
"BOOI4","2022-09-02 17:00",86.864,67.08,1747800,0,7.038,210.5,0.0178740157480315,87.0079999999999,68.2699999999999,67.1539999999999,65.1919999999999,33.1,14.5,13.7
"BOOI4","2022-09-02 18:00",85.5499999999999,70.19,1155960,0,6.054,213.1,0.0126377952755906,86.7739999999999,68.3779999999999,67.172,65.1739999999999,33.1,14.4,13.6
"BOOI4","2022-09-02 19:00",82.256,77.86,617760,0,5.005,199.2,0.00661417322834646,85.9279999999999,68.4859999999999,67.2079999999999,65.156,33.1,14.4,13.6
"BOOI4","2022-09-02 20:00",78.314,81.9,105804,0,4.236,203.7,0.00106299212598425,84.398,68.63,67.172,65.1739999999999,33.1,14.4,13.7
"BOOI4","2022-09-02 21:00",75.0199999999999,87.7,475.2,0,3.379,208.7,0,82.688,68.756,67.19,65.1919999999999,33.1,14.3,13.7
"BOOI4","2022-09-02 22:00",75.1819999999999,86.8,0,0,3.262,218.6,-0.00015748031496063,81.2839999999999,68.8999999999999,67.2079999999999,65.156,33.1,14.3,13.7
"BOOI4","2022-09-02 23:00",71.69,94.6,0,0,3.772,253.4,-0.00031496062992126,80.0239999999999,69.0079999999999,67.19,65.138,33.1,14.2,13.7
"BOOI4","2022-09-03 00:00",75.1279999999999,85.6,0,0,4.213,273.4,-0.000196850393700787,79.1419999999999,69.098,67.19,65.1739999999999,33.1,14.2,13.7
"BOOI4","2022-09-03 01:00",71.546,77.32,0,0,6.735,348.7,0.00122047244094488,78.2239999999999,69.1699999999999,67.2259999999999,65.156,33.1,14.2,13.7
"BOOI4","2022-09-03 02:00",68.072,81,0,0,5.891,333.6,0.000866141732283465,77.1439999999999,69.2239999999999,67.2439999999999,65.1739999999999,33.1,14.2,13.7
"BOOI4","2022-09-03 03:00",65.822,80.9,0,0,5.442,327,0.000551181102362205,76.1179999999999,69.2779999999999,67.2439999999999,65.1739999999999,33.1,14.1,13.7
"BOOI4","2022-09-03 04:00",65.282,80.2,0,0,6.357,340.6,0.000590551181102362,75.0739999999999,69.314,67.28,65.1739999999999,33.1,14.1,13.7
"BOOI4","2022-09-03 05:00",63.6079999999999,84,0,0,5.075,0.527,0.00031496062992126,74.2279999999999,69.314,67.298,65.138,33.1,14.1,13.8
"BOOI4","2022-09-03 06:00",62.4199999999999,87,0,0,3.632,341.4,-0.00015748031496063,73.6339999999999,69.314,67.298,65.1739999999999,33,14.1,13.8
"BOOI4","2022-09-03 07:00",59.2699999999999,92.2,9435.6,0,4.754,336.2,-0.00015748031496063,72.8239999999999,69.296,67.3159999999999,65.138,33,14.1,13.8
"BOOI4","2022-09-03 08:00",60.9079999999999,88.4,370800,0,6.414,341.3,0.00137795275590551,72.014,69.2419999999999,67.3519999999999,65.138,33,14.1,13.8
"BOOI4","2022-09-03 09:00",63.23,82.6,1015560,0,8.86,347.1,0.00606299212598425,71.9599999999999,69.188,67.388,65.1199999999999,32.9,14.1,13.8
"BOOI4","2022-09-03 10:00",66.7579999999999,77.03,1638000,0,8.72,8.86,0.0110629921259842,72.7519999999999,69.098,67.406,65.156,32.9,14.1,13.7
"BOOI4","2022-09-03 11:00",69.4939999999999,75.46,2174040,0,8.8,3.511,0.0150787401574803,74.3359999999999,69.0079999999999,67.388,65.156,32.8,14.1,13.7
"BOOI4","2022-09-03 12:00",72.464,71.4,2576520,0,7.415,358.2,0.0187007874015748,76.6039999999999,68.9359999999999,67.406,65.138,32.9,14,13.6
"BOOI4","2022-09-03 13:00",74.48,68.32,2725560,0,8.33,351.2,0.0209448818897638,78.9079999999999,68.846,67.406,65.1199999999999,32.9,14,13.7
"BOOI4","2022-09-03 14:00",77.1439999999999,61.91,2762280,0,8.99,355.8,0.0227952755905512,80.996,68.7739999999999,67.4239999999999,65.156,32.8,14,13.6
"BOOI4","2022-09-03 15:00",78.6019999999999,56.39,2750760,0,10.3,7.305,0.025,82.4179999999999,68.7199999999999,67.4419999999999,65.1199999999999,32.8,13.9,13.5
"BOOI4","2022-09-03 16:00",78.1339999999999,55.55,2390400,0,10.58,3.721,0.0234645669291339,83.1739999999999,68.63,67.4239999999999,65.1199999999999,32.7,13.9,13.5
"BOOI4","2022-09-03 17:00",76.3339999999999,59.43,1844280,0,10.18,15.28,0.0196456692913386,83.5159999999999,68.5939999999999,67.4239999999999,65.138,32.7,13.9,13.4
"BOOI4","2022-09-03 18:00",76.3699999999999,60.63,928080,0,9.3,13.21,0.012992125984252,82.6699999999999,68.5939999999999,67.4239999999999,65.1199999999999,32.6,13.8,13.4
"BOOI4","2022-09-03 19:00",73.814,68.37,523800,0,8.6,12.95,0.00881889763779528,81.5359999999999,68.6119999999999,67.4419999999999,65.138,32.6,13.8,13.4
"BOOI4","2022-09-03 20:00",69.1339999999999,78.15,98640,0,5.815,13.09,0.00208661417322835,80.096,68.63,67.406,65.1739999999999,32.5,13.7,13.4
"BOOI4","2022-09-03 21:00",68.4499999999999,78.91,511.2,0,5.773,13.07,0.00094488188976378,78.6199999999999,68.6659999999999,67.388,65.138,32.5,13.7,13.4
"BOOI4","2022-09-03 22:00",67.2259999999999,80.3,0,0,6.54,11.38,0.00102362204724409,77.4499999999999,68.6659999999999,67.406,65.1019999999999,32.6,13.6,13.4
"BOOI4","2022-09-03 23:00",66.2899999999999,81.9,0,0,6.043,11.06,0.00078740157480315,76.4239999999999,68.6839999999999,67.406,65.1199999999999,32.6,13.6,13.4
"BOOI4","2022-09-04 00:00",63.698,88.2,0,0,4.665,10.04,0.00031496062992126,75.4519999999999,68.648,67.388,65.138,32.6,13.6,13.4
"BOOI4","2022-09-04 01:00",63.1939999999999,90.2,0,0,4.926,11.74,0.000118110236220472,74.4619999999999,68.63,67.388,65.1199999999999,32.6,13.6,13.4
"BOOI4","2022-09-04 02:00",61.7539999999999,93.1,0,0,5.839,10.85,3.93700787401575e-05,73.598,68.6119999999999,67.388,65.1199999999999,32.6,13.6,13.5
"BOOI4","2022-09-04 03:00",62.1499999999999,94.3,3.6,0,5.449,16.07,-0.000118110236220472,72.788,68.5399999999999,67.3699999999999,65.1199999999999,32.5,13.5,13.5
"BOOI4","2022-09-04 04:00",62.348,96.2,0,0,5.19,15.62,-0.000196850393700787,72.374,68.5039999999999,67.3699999999999,65.1199999999999,32.5,13.5,13.5
"BOOI4","2022-09-04 05:00",63.1039999999999,98.1,0,0,3.865,30.82,-0.000393700787401575,72.0679999999999,68.4499999999999,67.388,65.138,32.5,13.5,13.5
"BOOI4","2022-09-04 06:00",63.446,97.8,0,0,4.163,19.89,-0.000393700787401575,71.8519999999999,68.3779999999999,67.406,65.1019999999999,32.4,13.5,13.5
"BOOI4","2022-09-04 07:00",63.7159999999999,97.8,3740.4,0,4.045,30.39,-0.000393700787401575,71.6179999999999,68.3239999999999,67.406,65.156,32.4,13.4,13.5
"BOOI4","2022-09-04 08:00",63.4819999999999,97.4,73512,0,5.693,15.31,0.000748031496062992,71.4199999999999,68.2339999999999,67.3699999999999,65.138,32.4,13.5,13.5
"BOOI4","2022-09-04 09:00",64.9939999999999,94.5,438840,0,5.622,23.79,0.00267716535433071,71.438,68.18,67.3699999999999,65.138,32.4,13.5,13.6
"BOOI4","2022-09-04 10:00",66.1279999999999,90,636480,0,8.04,54.71,0.00484251968503937,71.888,68.1259999999999,67.3519999999999,65.1199999999999,32.4,13.5,13.5
"BOOI4","2022-09-04 11:00",67.4419999999999,87.3,1112400,0,7.481,48.3,0.00783464566929134,72.68,68.072,67.3519999999999,65.138,32.4,13.4,13.5
"BOOI4","2022-09-04 12:00",70.34,83.7,1794600,0,6.055,54.78,0.0121653543307087,74.0659999999999,67.982,67.3339999999999,65.138,32.3,13.4,13.5
"BOOI4","2022-09-04 13:00",72.2119999999999,78.25,2043000,0,6.809,52.02,0.0149212598425197,76.388,67.9099999999999,67.3159999999999,65.138,32.3,13.4,13.5
"BOOI4","2022-09-04 14:00",74.8039999999999,71.11,2395800,0,8.83,68.14,0.0185433070866142,78.206,67.8919999999999,67.298,65.138,32.2,13.3,13.5
"BOOI4","2022-09-04 15:00",74.624,64.79,2682720,0,8.97,79.41,0.022007874015748,79.988,67.838,67.2619999999999,65.1199999999999,32.3,13.3,13.4
"BOOI4","2022-09-04 16:00",74.0119999999999,68.44,1658160,0,7.831,75.82,0.0152362204724409,81.3919999999999,67.856,67.2619999999999,65.1199999999999,32.3,13.3,13.4
"BOOI4","2022-09-04 17:00",75.0019999999999,61.46,1318680,0,6.069,76.2,0.0127952755905512,81.248,67.838,67.2619999999999,65.1199999999999,32.2,13.2,13.4
"BOOI4","2022-09-04 18:00",74.282,63.5,1204560,0,6.096,57.98,0.0115354330708661,80.996,67.838,67.2079999999999,65.156,32.2,13.3,13.3
"BOOI4","2022-09-04 19:00",71.24,73.51,583920,0,5.06,51.62,0.00570866141732283,80.1859999999999,67.8919999999999,67.2259999999999,65.1019999999999,32.2,13.2,13.3
"BOOI4","2022-09-04 20:00",66.938,83.6,96120,0,2.997,43.73,0,78.8179999999999,67.946,67.19,65.1019999999999,32.1,13.2,13.4
"BOOI4","2022-09-04 21:00",64.3819999999999,88.8,406.8,0,2.265,58.13,-0.000590551181102362,77.198,67.964,67.172,65.156,32.1,13.1,13.4
"BOOI4","2022-09-04 22:00",62.2039999999999,90.8,0,0,2.138,60.7,-0.000708661417322835,75.74,67.982,67.172,65.1199999999999,32.1,13.1,13.4
"BOOI4","2022-09-04 23:00",60.8539999999999,91.3,0,0,2.463,58.12,-0.000669291338582677,74.4079999999999,68.0179999999999,67.1539999999999,65.1199999999999,32.1,13.1,13.4
"BOOI4","2022-09-05 00:00",61.8619999999999,89.1,0,0,1.813,107.8,-0.000826771653543307,73.256,68.0179999999999,67.172,65.1199999999999,32.1,13,13.4
"BOOI4","2022-09-05 01:00",59.306,95,0,0,2.178,73.26,-0.00078740157480315,72.23,67.9999999999999,67.1359999999999,65.138,32.1,13,13.4
"BOOI4","2022-09-05 02:00",60.206,97.9,0,0,1.516,47.65,-0.00102362204724409,71.3119999999999,67.964,67.1359999999999,65.1019999999999,32.1,13.1,13.4
"BOOI4","2022-09-05 03:00",59.8819999999999,98.9,0,0,1.387,31.49,-0.00110236220472441,70.7359999999999,67.8919999999999,67.1179999999999,65.138,32.1,13,13.4
"BOOI4","2022-09-05 04:00",61.088,100,0,0,1.371,56.99,-0.00110236220472441,70.43,67.838,67.1179999999999,65.138,32.1,13,13.4
"BOOI4","2022-09-05 05:00",61.2319999999999,100,0,0,1.388,71.22,-0.00110236220472441,70.232,67.7659999999999,67.1179999999999,65.1199999999999,32.1,13,13.4
"BOOI4","2022-09-05 06:00",62.2579999999999,100,0,0,1.702,73.11,-0.00106299212598425,70.0519999999999,67.7119999999999,67.0999999999999,65.1199999999999,32,13,13.4
"BOOI4","2022-09-05 07:00",63.0319999999999,100,8294.4,0,0.795,50.65,-0.00122047244094488,69.89,67.5859999999999,67.0999999999999,65.138,32,13,13.4
"BOOI4","2022-09-05 08:00",63.9859999999999,100,207684,0,1.086,57.39,0.00031496062992126,69.764,67.514,67.082,65.138,32,12.9,13.5
"BOOI4","2022-09-05 09:00",65.1199999999999,99.9,370800,0,2.794,71.1,0.00216535433070866,70.1419999999999,67.4599999999999,67.064,65.1199999999999,31.9,12.9,13.5
"BOOI4","2022-09-05 10:00",66.2359999999999,97.5,447840,0,3.693,108.2,0.00299212598425197,70.7359999999999,67.3699999999999,67.064,65.1019999999999,32,12.9,13.5
"BOOI4","2022-09-05 11:00",68.6659999999999,92.1,943200,0,4.188,119.6,0.00614173228346457,71.564,67.298,67.046,65.1019999999999,32,12.9,13.5
"BOOI4","2022-09-05 12:00",71.222,85,1581120,0,4.962,127.9,0.0110629921259842,73.4179999999999,67.2079999999999,67.0279999999999,65.1019999999999,31.9,12.9,13.5
"BOOI4","2022-09-05 13:00",74.1019999999999,77.18,2042640,0,4.881,133.9,0.0147244094488189,75.4339999999999,67.19,67.0099999999999,65.0839999999999,31.9,12.8,13.4
"BOOI4","2022-09-05 14:00",75.1999999999999,74.15,2377440,0,3.819,145.1,0.0178346456692913,78.0619999999999,67.172,66.9739999999999,65.0839999999999,31.9,12.8,13.4
"BOOI4","2022-09-05 15:00",75.9019999999999,68.67,2035440,0,4.924,135.1,0.0163779527559055,80.1679999999999,67.1179999999999,66.956,65.0839999999999,31.9,12.8,13.4
"BOOI4","2022-09-05 16:00",76.406,70.4,2411640,0,6.649,119.7,0.0191732283464567,81.6619999999999,67.1179999999999,66.9199999999999,65.0839999999999,31.9,12.7,13.3
"BOOI4","2022-09-05 17:00",76.8199999999999,70.72,1771200,0,6.845,122.9,0.0148818897637795,82.472,67.172,66.9019999999999,65.0839999999999,31.9,12.7,13.3
"BOOI4","2022-09-05 18:00",75.7759999999999,71.86,1158120,0,6.978,123.4,0.0108267716535433,82.4359999999999,67.19,66.9019999999999,65.1019999999999,31.9,12.8,13.3
"BOOI4","2022-09-05 19:00",72.482,80.1,536040,0,6.48,116.4,0.00566929133858268,81.446,67.2439999999999,66.848,65.1019999999999,31.8,12.8,13.3
"BOOI4","2022-09-05 20:00",68.5759999999999,86.2,82260,0,4.781,109.9,0.000433070866141732,79.9339999999999,67.3339999999999,66.83,65.0839999999999,31.8,12.8,13.3
"BOOI4","2022-09-05 21:00",66.596,91.6,277.2,0,4.732,108.5,-0.000118110236220472,78.2599999999999,67.406,66.83,65.0659999999999,31.8,12.7,13.3
"BOOI4","2022-09-05 22:00",65.624,93.8,0,0,4.219,107.1,-0.000393700787401575,76.748,67.4419999999999,66.8119999999999,65.0659999999999,31.8,12.6,13.3
"BOOI4","2022-09-05 23:00",64.58,96,0,0,4.651,110,-0.000433070866141732,75.488,67.514,66.83,65.0839999999999,31.8,12.6,13.3
"BOOI4","2022-09-06 00:00",63.6439999999999,97.4,0,0,4.264,131.5,-0.000590551181102362,74.4439999999999,67.532,66.7759999999999,65.0839999999999,31.8,12.6,13.4
"BOOI4","2022-09-06 01:00",62.546,98,0,0,3.437,137.1,-0.000708661417322835,73.49,67.5499999999999,66.7939999999999,65.1019999999999,31.8,12.5,13.4
"BOOI4","2022-09-06 02:00",62.3839999999999,99,3.6,0,2.552,142.6,-0.000866141732283465,72.6439999999999,67.5679999999999,66.7579999999999,65.0659999999999,31.8,12.5,13.4
"BOOI4","2022-09-06 03:00",61.8079999999999,99.7,0,0,2.872,138.9,-0.000866141732283465,71.9239999999999,67.5499999999999,66.7939999999999,65.048,31.8,12.5,13.4
"BOOI4","2022-09-06 04:00",61.5739999999999,100,0,0,3.006,133.5,-0.000866141732283465,71.2579999999999,67.5679999999999,66.7759999999999,65.048,31.8,12.5,13.4
"BOOI4","2022-09-06 05:00",60.7819999999999,100,0,0,3.411,126.7,-0.00078740157480315,70.6099999999999,67.496,66.7579999999999,65.048,31.7,12.5,13.4
"BOOI4","2022-09-06 06:00",60.0439999999999,100,0,0,2.782,139.3,-0.000866141732283465,70.124,67.4599999999999,66.7579999999999,65.048,31.7,12.5,13.4
"BOOI4","2022-09-06 07:00",60.2239999999999,100,6022.8,0,2.456,146.6,-0.000905511811023622,69.6919999999999,67.406,66.7579999999999,65.048,31.7,12.5,13.5
"BOOI4","2022-09-06 08:00",61.0519999999999,100,141444,0,2.451,159.4,0.000354330708661417,69.4579999999999,67.3699999999999,66.7759999999999,65.0839999999999,31.7,12.5,13.5
"BOOI4","2022-09-06 09:00",65.6779999999999,100,680760,0,4.561,149,0.0031496062992126,69.7279999999999,67.298,66.7759999999999,65.0659999999999,31.7,12.5,13.5
"BOOI4","2022-09-06 10:00",70.2679999999999,93.2,1376640,0,7.195,177.1,0.00748031496062992,71.0599999999999,67.2259999999999,66.74,65.03,31.7,12.6,13.5
"BOOI4","2022-09-06 11:00",72.2839999999999,87.4,1494000,0,7.688,184.8,0.0103149606299213,72.8779999999999,67.172,66.74,65.048,31.7,12.5,13.5
"BOOI4","2022-09-06 12:00",75.3619999999999,80.6,1762920,0,6.737,173.7,0.0131889763779528,74.6419999999999,67.0999999999999,66.7039999999999,65.03,31.7,12.5,13.4
"BOOI4","2022-09-06 13:00",77.396,80.5,2279160,0,7.019,169.2,0.0173228346456693,76.856,67.0999999999999,66.722,64.9939999999999,31.6,12.5,13.3
"BOOI4","2022-09-06 14:00",77.2519999999999,73.53,1980720,0,7.412,159.2,0.0166929133858268,79.1419999999999,67.046,66.74,65.048,31.6,12.5,13.3
"BOOI4","2022-09-06 15:00",78.764,68.54,1755000,0,7.412,149.8,0.015748031496063,80.1319999999999,67.046,66.6859999999999,65.0119999999999,31.6,12.4,13.3
"BOOI4","2022-09-06 16:00",78.998,67.89,2132640,0,6.63,153.7,0.0183464566929134,81.356,67.064,66.6679999999999,65.0119999999999,31.5,12.4,13.2
"BOOI4","2022-09-06 17:00",79.0519999999999,64.55,1601280,0,5.772,135.7,0.0148031496062992,82.1659999999999,67.1179999999999,66.6859999999999,65.0119999999999,31.6,12.3,13.3
"BOOI4","2022-09-06 18:00",78.98,65.17,1076040,0,5.224,144.2,0.0108267716535433,82.1119999999999,67.1359999999999,66.6679999999999,65.0119999999999,31.6,12.3,13.2
"BOOI4","2022-09-06 19:00",76.8199999999999,70.68,478800,0,3.747,137.5,0.00492125984251969,81.356,67.2439999999999,66.6499999999999,65.0119999999999,31.6,12.3,13.2
"BOOI4","2022-09-06 20:00",73.13,77.79,69336,0,2.578,105.9,0,80.0419999999999,67.298,66.6319999999999,65.0119999999999,31.5,12.3,13.2
"BOOI4","2022-09-06 21:00",70.772,81,212.4,0,1.88,86.7,-0.00031496062992126,78.5119999999999,67.388,66.596,64.9939999999999,31.5,12.2,13.2
"BOOI4","2022-09-06 22:00",69.0439999999999,85.4,0,0,0.855,70.94,-0.000905511811023622,77.1439999999999,67.4419999999999,66.614,64.9939999999999,31.5,12.2,13.2
"BOOI4","2022-09-06 23:00",67.9099999999999,84.9,0,0,2.869,101.4,-3.93700787401575e-05,75.9739999999999,67.514,66.614,64.9939999999999,31.5,12.2,13.2
"BOOI4","2022-09-07 00:00",67.8199999999999,85.2,0,0,2.556,109.4,-0.00031496062992126,74.93,67.5679999999999,66.5779999999999,64.9759999999999,31.5,12.3,13.2
"BOOI4","2022-09-07 01:00",66.4159999999999,88.1,0,0,2.913,115.1,-0.000275590551181102,74.0119999999999,67.5859999999999,66.596,64.9579999999999,31.5,12.2,13.3
"BOOI4","2022-09-07 02:00",63.5539999999999,91.8,10.8,0,2.595,152.7,-0.000433070866141732,73.1839999999999,67.6039999999999,66.596,64.9759999999999,31.5,12.2,13.3
"BOOI4","2022-09-07 03:00",62.4739999999999,94.3,0,0,2.882,178.9,-0.000551181102362205,72.4279999999999,67.6039999999999,66.5779999999999,64.9579999999999,31.5,12.2,13.3
"BOOI4","2022-09-07 04:00",63.1039999999999,95.9,0,0,1.465,219.9,-0.000905511811023622,71.7439999999999,67.6039999999999,66.596,64.9759999999999,31.5,12.2,13.3
"BOOI4","2022-09-07 05:00",63.9679999999999,93.5,0,0,1.189,232.3,-0.000984251968503937,71.456,67.5499999999999,66.614,64.9579999999999,31.5,12.2,13.3
"BOOI4","2022-09-07 06:00",62.564,94.9,0,0,2.956,243.9,-0.000590551181102362,71.0419999999999,67.496,66.614,64.94,31.5,12.1,13.3
"BOOI4","2022-09-07 07:00",60.6199999999999,97.8,8442,0,1.906,35.45,-0.00078740157480315,70.6279999999999,67.4599999999999,66.596,64.94,31.4,12.1,13.3
"BOOI4","2022-09-07 08:00",63.698,96.3,224856,0,1.807,73.4,0.00015748031496063,70.232,67.388,66.596,64.9579999999999,31.4,12.1,13.3
"BOOI4","2022-09-07 09:00",69.296,89.9,836280,0,2.179,165.9,0.00456692913385827,70.6279999999999,67.3519999999999,66.596,64.94,31.4,12.1,13.3
"BOOI4","2022-09-07 10:00",74.048,79.51,1442520,0,3.342,210.7,0.0097244094488189,72.122,67.298,66.596,64.94,31.4,12.1,13.3
"BOOI4","2022-09-07 11:00",77.18,73.12,2007000,0,1.994,209,0.0146456692913386,74.5519999999999,67.2619999999999,66.614,64.922,31.4,12.1,13.3
"BOOI4","2022-09-07 12:00",79.0159999999999,67.13,2431800,0,2.031,226.7,0.0185433070866142,77.4679999999999,67.19,66.614,64.922,31.4,12.1,13.3
"BOOI4","2022-09-07 13:00",81.014,59.71,2852280,0,2.865,167.2,0.0225590551181102,80.5099999999999,67.172,66.614,64.922,31.3,12,13.2
"BOOI4","2022-09-07 14:00",80.9779999999999,60.74,2788200,0,3.031,80.6,0.0225984251968504,83.1199999999999,67.1179999999999,66.5599999999999,64.922,31.3,12,13.1
"BOOI4","2022-09-07 15:00",82.0399999999999,60.44,2541240,0,2.74,70.66,0.0207874015748032,84.9919999999999,67.1359999999999,66.5779999999999,64.922,31.3,12,13.1
"BOOI4","2022-09-07 16:00",81.9859999999999,60.68,2155320,0,2.833,65.73,0.0180314960629921,86.1079999999999,67.1539999999999,66.5599999999999,64.9039999999999,31.3,11.9,13
"BOOI4","2022-09-07 17:00",82.796,59.27,1649160,0,2.412,42.63,0.0138188976377953,86.414,67.2079999999999,66.5599999999999,64.9039999999999,31.2,11.9,13
"BOOI4","2022-09-07 18:00",81.446,63.98,1057680,0,2.396,42.15,0.00905511811023622,85.946,67.298,66.5419999999999,64.9039999999999,31.2,12,13
"BOOI4","2022-09-07 19:00",79.0519999999999,70.57,446400,0,1.256,49.24,0.00291338582677165,84.8839999999999,67.406,66.5419999999999,64.9039999999999,31.2,11.9,13
"BOOI4","2022-09-07 20:00",74.048,82,56304,0,0.508,95.2,-0.00149606299212598,83.264,67.514,66.5239999999999,64.9039999999999,31.2,11.9,13
"BOOI4","2022-09-07 21:00",73.6159999999999,79.17,162,0,2.271,137.6,-0.00015748031496063,81.4999999999999,67.64,66.5419999999999,64.8859999999999,31.2,11.9,13
"BOOI4","2022-09-07 22:00",71.0779999999999,83,0,0,2.357,124.6,-0.000118110236220472,79.88,67.73,66.506,64.8859999999999,31.3,11.9,13.1
"BOOI4","2022-09-07 23:00",67.082,93.5,0,0,2.144,189.3,-0.000590551181102362,78.4579999999999,67.8019999999999,66.5239999999999,64.8679999999999,31.3,11.9,13.1
"BOOI4","2022-09-08 00:00",65.2099999999999,92.2,0,0,1.933,206.4,-0.000669291338582677,77.18,67.8919999999999,66.5419999999999,64.8859999999999,31.3,11.9,13.1
"BOOI4","2022-09-08 01:00",66.2359999999999,90.3,0,0,0.952,169.6,-0.000984251968503937,76.064,67.9099999999999,66.5419999999999,64.8679999999999,31.3,11.9,13.1
"BOOI4","2022-09-08 02:00",64.5079999999999,93.5,3.6,0,3.007,168.2,-0.000433070866141732,75.1099999999999,67.9279999999999,66.5599999999999,64.8679999999999,31.2,11.9,13.1
"BOOI4","2022-09-08 03:00",64.148,93.4,0,0,2.943,183,-0.000590551181102362,74.2099999999999,67.946,66.5419999999999,64.8859999999999,31.2,11.8,13.1
"BOOI4","2022-09-08 04:00",62.1679999999999,96.1,0,0,2.89,174.4,-0.000590551181102362,73.3999999999999,67.9279999999999,66.5599999999999,64.8499999999999,31.2,11.7,13.2
"BOOI4","2022-09-08 05:00",61.988,98.4,0,0,2.413,205.4,-0.00078740157480315,72.6259999999999,67.874,66.596,64.8859999999999,31.2,11.7,13.2
"BOOI4","2022-09-08 06:00",60.89,99.2,0,0,2.437,189.3,-0.000826771653543307,71.906,67.856,66.5779999999999,64.8499999999999,31.2,11.7,13.2
"BOOI4","2022-09-08 07:00",59.5579999999999,99.2,8499.6,0,2.797,183.2,-0.000748031496062992,71.2759999999999,67.8019999999999,66.596,64.832,31.2,11.7,13.2
"BOOI4","2022-09-08 08:00",62.69,97.7,249480,0,3.102,179.3,0,70.8259999999999,67.7659999999999,66.614,64.8499999999999,31.2,11.7,13.2
"BOOI4","2022-09-08 09:00",68.1619999999999,92.5,794520,0,4.044,185.6,0.00405511811023622,71.114,67.6579999999999,66.614,64.832,31.2,11.7,13.2
"BOOI4","2022-09-08 10:00",72.338,84.2,1335240,0,5.975,196,0.00877952755905512,72.338,67.6039999999999,66.614,64.8679999999999,31.1,11.7,13.2
"BOOI4","2022-09-08 11:00",76.046,74.47,1953720,0,8.21,196.3,0.0148425196850394,74.1919999999999,67.514,66.6319999999999,64.8499999999999,31.1,11.7,13.2
"BOOI4","2022-09-08 12:00",77.8279999999999,69.37,2374920,0,10.58,202.1,0.0201968503937008,76.496,67.4599999999999,66.6319999999999,64.814,31.1,11.7,13.1
"BOOI4","2022-09-08 13:00",79.5739999999999,67.48,2531880,0,11.09,196,0.0225590551181102,78.5659999999999,67.3699999999999,66.6319999999999,64.832,31.1,11.7,13.1
"BOOI4","2022-09-08 14:00",81.3199999999999,63.45,2644920,0,10.85,186.8,0.0240551181102362,80.4739999999999,67.3339999999999,66.6499999999999,64.814,31.1,11.7,13
"BOOI4","2022-09-08 15:00",81.1939999999999,62.34,2528280,0,11.05,188.3,0.0240944881889764,82.1119999999999,67.3159999999999,66.614,64.832,31,11.7,13
"BOOI4","2022-09-08 16:00",81.9859999999999,61.28,2171160,0,11.08,187.1,0.022755905511811,83.1019999999999,67.3159999999999,66.614,64.832,31,11.7,12.9
"BOOI4","2022-09-08 17:00",82.4539999999999,59.18,1640160,0,10.35,182,0.0192913385826772,83.4079999999999,67.3699999999999,66.596,64.814,31,11.7,12.9
"BOOI4","2022-09-08 18:00",80.8339999999999,63.33,1052640,0,7.684,176.3,0.0131889763779528,83.0839999999999,67.4239999999999,66.5779999999999,64.814,31,11.7,12.8
"BOOI4","2022-09-08 19:00",76.046,72.49,459000,0,5.826,176.5,0.0062992125984252,82.2199999999999,67.496,66.5779999999999,64.814,31,11.6,12.9
"BOOI4","2022-09-08 20:00",69.4759999999999,85.3,52416,0,3.818,185.2,0.000590551181102362,80.798,67.5499999999999,66.5779999999999,64.796,31,11.6,12.9
"BOOI4","2022-09-08 21:00",66.9739999999999,89.1,82.8,0,3.638,182.8,-0.000196850393700787,79.1779999999999,67.6759999999999,66.5599999999999,64.814,30.9,11.6,12.9
"BOOI4","2022-09-08 22:00",65.3179999999999,91.1,0,0,3.574,186.2,-0.000354330708661417,77.7019999999999,67.73,66.5599999999999,64.814,30.9,11.6,12.9
"BOOI4","2022-09-08 23:00",65.6419999999999,90.5,0,0,4.212,188.5,-0.000236220472440945,76.4239999999999,67.7659999999999,66.5599999999999,64.796,30.9,11.5,12.9
"BOOI4","2022-09-09 00:00",63.4279999999999,93.5,0,0,3.605,190.3,-0.000354330708661417,75.3259999999999,67.8199999999999,66.5599999999999,64.814,30.9,11.5,13
"BOOI4","2022-09-09 01:00",62.2939999999999,94.5,0,0,2.822,188.9,-0.00062992125984252,74.3179999999999,67.874,66.5779999999999,64.814,30.9,11.5,13
"BOOI4","2022-09-09 02:00",63.5539999999999,92.6,0,0,3.524,186.4,-0.000511811023622047,73.364,67.8919999999999,66.5779999999999,64.832,30.9,11.4,13
"BOOI4","2022-09-09 03:00",63.5179999999999,93.6,0,0,5.064,180.4,-0.000236220472440945,72.6079999999999,67.874,66.596,64.796,31,11.4,13
"BOOI4","2022-09-09 04:00",61.538,95.5,0,0,3.183,191,-0.000590551181102362,71.888,67.838,66.596,64.796,31,11.4,13
"BOOI4","2022-09-09 05:00",60.9259999999999,96.3,0,0,3.816,194.2,-0.000551181102362205,71.2039999999999,67.8019999999999,66.614,64.796,31,11.4,13
"BOOI4","2022-09-09 06:00",61.2679999999999,96.1,0,0,4.474,184.9,-0.00047244094488189,70.6279999999999,67.7659999999999,66.5779999999999,64.814,30.9,11.4,13
"BOOI4","2022-09-09 07:00",61.1599999999999,96.7,7596,0,3.34,188.8,-0.00062992125984252,70.088,67.6759999999999,66.596,64.796,30.9,11.4,13
"BOOI4","2022-09-09 08:00",63.7339999999999,94,241272,0,5.078,180.1,0.00031496062992126,69.6919999999999,67.622,66.614,64.814,30.9,11.4,13.1
"BOOI4","2022-09-09 09:00",67.6579999999999,87.8,777240,0,7.314,183.8,0.00456692913385827,70.0339999999999,67.5499999999999,66.6319999999999,64.796,30.8,11.4,13.1
"BOOI4","2022-09-09 10:00",71.3839999999999,79.8,1390680,0,7.66,199.9,0.00976377952755906,71.1859999999999,67.496,66.6319999999999,64.7779999999999,30.8,11.4,13.1
"BOOI4","2022-09-09 11:00",74.714,77.36,1929960,0,7.509,206.2,0.0145275590551181,73.1659999999999,67.388,66.6319999999999,64.7779999999999,30.9,11.4,13
"BOOI4","2022-09-09 12:00",76.838,71.63,2372760,0,7.761,210.8,0.0186614173228347,75.5779999999999,67.3339999999999,66.614,64.7599999999999,30.8,11.4,12.9
"BOOI4","2022-09-09 13:00",79.7539999999999,68.91,2631240,0,7.649,223.6,0.0216929133858268,78.188,67.2619999999999,66.614,64.796,30.8,11.4,12.9
"BOOI4","2022-09-09 14:00",80.7439999999999,66.68,2623680,0,7.627,246.1,0.0226771653543307,80.4919999999999,67.2259999999999,66.596,64.7599999999999,30.7,11.4,12.8
"BOOI4","2022-09-09 15:00",81.4279999999999,65.65,2169000,0,7.113,281.4,0.0199212598425197,82.256,67.2259999999999,66.596,64.7779999999999,30.7,11.4,12.8
"BOOI4","2022-09-09 16:00",76.6759999999999,73.96,1888560,0,7.537,345,0.0171653543307087,83.0659999999999,67.2079999999999,66.5779999999999,64.7779999999999,30.8,11.3,12.8
"BOOI4","2022-09-09 17:00",77.3599999999999,72.89,1448280,0,8.07,25.63,0.0131496062992126,82.832,67.28,66.5779999999999,64.7779999999999,30.7,11.3,12.7
"BOOI4","2022-09-09 18:00",73.4539999999999,78.98,688680,0,8.3,356.1,0.00858267716535433,82.256,67.3159999999999,66.5419999999999,64.7779999999999,30.7,11.3,12.7
"BOOI4","2022-09-09 19:00",67.514,85,167004,0,11.78,345.6,0.00484251968503937,80.9599999999999,67.4239999999999,66.5599999999999,64.7599999999999,30.7,11.3,12.7
"BOOI4","2022-09-09 20:00",63.5179999999999,88.7,72216,0,9.26,357.3,0.000748031496062992,79.2859999999999,67.496,66.5419999999999,64.7599999999999,30.7,11.2,12.7
"BOOI4","2022-09-09 21:00",62.9779999999999,90.8,90,0,7.74,10.22,0.000196850393700787,77.6659999999999,67.5679999999999,66.5239999999999,64.7419999999999,30.7,11.2,12.8
"BOOI4","2022-09-09 22:00",62.3839999999999,89.5,10.8,0,6.911,7.165,0.00015748031496063,76.496,67.6579999999999,66.5239999999999,64.7419999999999,30.7,11.2,12.8
"BOOI4","2022-09-09 23:00",61.196,90.5,0,0,7.566,359.1,0.000196850393700787,75.4699999999999,67.7119999999999,66.5419999999999,64.7779999999999,30.7,11.2,12.8
"BOOI4","2022-09-10 00:00",60.3679999999999,91.2,0,0,7.522,359.9,0.000118110236220472,74.5519999999999,67.7119999999999,66.5239999999999,64.7419999999999,30.7,11.2,12.8
"BOOI4","2022-09-10 01:00",59.54,92.9,0,0,7.868,9.33,7.8740157480315e-05,73.706,67.73,66.5239999999999,64.7599999999999,30.7,11.1,12.8
"BOOI4","2022-09-10 02:00",59.4499999999999,94.1,3.6,0,7.157,10.32,-7.8740157480315e-05,73.0039999999999,67.7119999999999,66.5419999999999,64.7419999999999,30.6,11.2,12.8
"BOOI4","2022-09-10 03:00",59.756,93.8,0,0,7.053,13.92,-7.8740157480315e-05,72.3919999999999,67.6759999999999,66.5419999999999,64.7419999999999,30.6,11.2,12.8
"BOOI4","2022-09-10 04:00",59.6119999999999,95.8,0,0,5.774,3.452,-0.000196850393700787,71.8699999999999,67.6579999999999,66.5599999999999,64.7419999999999,30.6,11.2,12.8
"BOOI4","2022-09-10 05:00",59.0179999999999,95.8,0,0,6.254,340.9,-0.000236220472440945,71.348,67.532,66.5419999999999,64.7419999999999,30.6,11.2,12.8
"BOOI4","2022-09-10 06:00",58.046,97.1,0,0,8.54,349.4,-0.00015748031496063,70.6999999999999,67.514,66.5779999999999,64.7599999999999,30.6,11.1,12.8
"BOOI4","2022-09-10 07:00",58.2619999999999,94.3,1926,0,9.24,2.213,-7.8740157480315e-05,70.088,67.4239999999999,66.5599999999999,64.7599999999999,30.6,11.1,12.8
"BOOI4","2022-09-10 08:00",57.38,97.7,9028.8,0.02,10.07,10.18,0.000866141732283465,69.53,67.3339999999999,66.5779999999999,64.7419999999999,30.6,11.1,12.8
"BOOI4","2022-09-10 09:00",56.498,98.7,73872,0.02,6.691,358.8,0.000551181102362205,68.756,67.298,66.5419999999999,64.7419999999999,30.5,11.1,12.8
"BOOI4","2022-09-10 10:00",56.1019999999999,99.5,104796,0.02,6.535,6.782,0.000669291338582677,67.946,67.19,66.5779999999999,64.7419999999999,30.5,11.1,12.8
"BOOI4","2022-09-10 11:00",56.48,99.6,159192,0.03,6.037,9.31,0.000905511811023622,67.172,67.0999999999999,66.5419999999999,64.7419999999999,30.5,11.1,12.8
"BOOI4","2022-09-10 12:00",56.6419999999999,100,192204,0.03,6.835,338.5,0.00102362204724409,66.5779999999999,66.956,66.5419999999999,64.7419999999999,30.6,11,12.8
"BOOI4","2022-09-10 13:00",56.6419999999999,99.9,261144,0.03,7.1,13.01,0.00133858267716536,66.0739999999999,66.8659999999999,66.5419999999999,64.7419999999999,31,11,12.9
"BOOI4","2022-09-10 14:00",56.696,99.6,231048,0.03,5.303,358.4,0.0012992125984252,65.498,66.74,66.5239999999999,64.7419999999999,38.6,11,12.9
"BOOI4","2022-09-10 15:00",57.722,97.9,430200,0.03,5.845,353.9,0.00244094488188976,65.282,66.5779999999999,66.506,64.7419999999999,37.8,11,12.9
"BOOI4","2022-09-10 16:00",60.44,92.5,718560,0.02,5.994,347.4,0.00425196850393701,65.3539999999999,66.4159999999999,66.506,64.7239999999999,36.5,11,12.9
"BOOI4","2022-09-10 17:00",61.0339999999999,86.9,903240,0.01,6.915,3.962,0.00582677165354331,66.2539999999999,66.2899999999999,66.4699999999999,64.7239999999999,35.9,11,12.9
"BOOI4","2022-09-10 18:00",62.1859999999999,86,630360,0.01,6.174,5.504,0.00460629921259843,66.5599999999999,66.164,66.4159999999999,64.7239999999999,35.5,11,12.9
"BOOI4","2022-09-10 19:00",61.3399999999999,89.5,272160,0.01,3.15,1.295,0.00173228346456693,66.488,66.0739999999999,66.398,64.7239999999999,35.3,11,12.9
"BOOI4","2022-09-10 20:00",59.864,94.6,72000,0,1.459,330.5,7.8740157480315e-05,66.1999999999999,65.9659999999999,66.38,64.7239999999999,35,11.1,12.9
"BOOI4","2022-09-10 21:00",58.8199999999999,94.9,226.8,0,2.673,339.2,-0.000118110236220472,65.624,65.8939999999999,66.38,64.7239999999999,34.9,11.1,12.9
"BOOI4","2022-09-10 22:00",57.4339999999999,96,0,0,3.21,340,-7.8740157480315e-05,64.8859999999999,65.822,66.3439999999999,64.7599999999999,34.8,11.1,12.9
"BOOI4","2022-09-10 23:00",56.138,97.5,3.6,0,2.583,320.3,-0.000196850393700787,64.0759999999999,65.7499999999999,66.3079999999999,64.7239999999999,34.6,11.1,12.9
"BOOI4","2022-09-11 00:00",56.372,97.3,0,0,2.86,314.5,-0.000196850393700787,63.356,65.696,66.2899999999999,64.688,34.6,11.2,12.9
"BOOI4","2022-09-11 01:00",55.3279999999999,91.2,0,0,5.414,338.2,0.000118110236220472,62.672,65.6419999999999,66.2539999999999,64.7239999999999,34.4,11.2,12.9
"BOOI4","2022-09-11 02:00",53.348,89.1,0,0.01,5.204,343.3,0.000236220472440945,61.8259999999999,65.5339999999999,66.1999999999999,64.706,34.4,11.3,13
"BOOI4","2022-09-11 03:00",52.2319999999999,87.9,0,0,4.512,343.7,0.000275590551181102,60.9439999999999,65.48,66.1819999999999,64.706,34.4,11.3,13
"BOOI4","2022-09-11 04:00",50.63,90.9,0,0,4.502,341.5,0.000236220472440945,60.098,65.39,66.1279999999999,64.706,34.3,11.3,13
"BOOI4","2022-09-11 05:00",50.2159999999999,91.2,0,0,4.016,335.4,0.000118110236220472,59.3599999999999,65.2999999999999,66.0919999999999,64.688,34.1,11.4,13
"BOOI4","2022-09-11 06:00",49.8199999999999,93.5,0,0,4.522,316.9,7.8740157480315e-05,58.7119999999999,65.2099999999999,66.0739999999999,64.688,34.1,11.5,13
"BOOI4","2022-09-11 07:00",49.6579999999999,93,3776.4,0,3.62,315.7,0,58.1359999999999,65.1199999999999,66.0199999999999,64.706,34.1,11.4,13
"BOOI4","2022-09-11 08:00",53.4019999999999,86.9,283212,0,3.504,326.7,0.000236220472440945,57.8119999999999,64.9759999999999,65.9659999999999,64.706,34,11.5,13
"BOOI4","2022-09-11 09:00",58.1539999999999,78.05,912960,0,5.487,327.6,0.00492125984251969,58.6039999999999,64.8859999999999,65.948,64.706,33.9,11.5,13
"BOOI4","2022-09-11 10:00",62.3119999999999,68.47,1559520,0,7.23,337.9,0.0103937007874016,60.08,64.7599999999999,65.9119999999999,64.688,33.8,11.6,13
"BOOI4","2022-09-11 11:00",66.056,58.93,2117160,0,8.18,340.2,0.0157874015748031,62.1319999999999,64.6339999999999,65.8759999999999,64.688,33.8,11.6,12.9
"BOOI4","2022-09-11 12:00",69.3859999999999,52.52,2536920,0.01,8.52,341.2,0.020748031496063,64.3099999999999,64.5079999999999,65.822,64.688,33.8,11.7,12.9
"BOOI4","2022-09-11 13:00",69.8359999999999,42.84,2597400,0,10.16,342.9,0.0242913385826772,66.1279999999999,64.4179999999999,65.7679999999999,64.688,33.7,11.7,12.8
"BOOI4","2022-09-11 14:00",70.9519999999999,40.31,2772000,0,9.99,350.6,0.0259842519685039,67.2259999999999,64.346,65.7499999999999,64.6519999999999,33.7,11.7,12.8
"BOOI4","2022-09-11 15:00",71.546,44.2,2625480,0,9.17,351.8,0.0253149606299213,68.2699999999999,64.256,65.696,64.6519999999999,33.5,11.7,12.7
"BOOI4","2022-09-11 16:00",72.7159999999999,40.34,2278800,0.01,8.09,347.3,0.0227165354330709,68.972,64.2199999999999,65.6419999999999,64.6699999999999,33.5,11.7,12.7
"BOOI4","2022-09-11 17:00",72.3019999999999,40.59,1757520,0,7.26,343.3,0.0186220472440945,69.1339999999999,64.2199999999999,65.588,64.6699999999999,33.4,11.7,12.7
"BOOI4","2022-09-11 18:00",72.5179999999999,41.87,1142280,0,5.79,353.2,0.0131102362204724,68.756,64.2199999999999,65.5519999999999,64.6519999999999,33.4,11.7,12.6
"BOOI4","2022-09-11 19:00",69.314,51.04,489960,0,3.128,9.92,0.00464566929133858,67.9099999999999,64.256,65.498,64.6339999999999,33.4,11.7,12.6
"BOOI4","2022-09-11 20:00",62.7439999999999,67.96,55548,0,0.056,2.344,-0.0015748031496063,66.722,64.2739999999999,65.4619999999999,64.6339999999999,33.4,11.7,12.6
"BOOI4","2022-09-11 21:00",56.48,85.3,90,0,1.102,271.9,-0.000866141732283465,65.39,64.3279999999999,65.4079999999999,64.6339999999999,33.3,11.7,12.7
"BOOI4","2022-09-11 22:00",58.0279999999999,76.27,0,0,1.501,260.1,-0.00078740157480315,64.2019999999999,64.3279999999999,65.372,64.6159999999999,33.3,11.7,12.7
"BOOI4","2022-09-11 23:00",56.2819999999999,79.37,0,0,1.491,246.2,-0.000669291338582677,63.122,64.3999999999999,65.3179999999999,64.6159999999999,33.3,11.7,12.7
"BOOI4","2022-09-12 00:00",55.9579999999999,85.8,0,0,2.758,264.1,-0.000354330708661417,62.4199999999999,64.3819999999999,65.282,64.58,33.3,11.7,12.7
"BOOI4","2022-09-12 01:00",57.3619999999999,77.13,0,0,3.653,276.4,-0.000196850393700787,61.9519999999999,64.346,65.264,64.598,33.2,11.7,12.7
"BOOI4","2022-09-12 02:00",54.68,81.9,0,0,4.913,286.2,0.000236220472440945,61.4119999999999,64.3099999999999,65.2279999999999,64.5619999999999,33.2,11.7,12.7
"BOOI4","2022-09-12 03:00",53.3839999999999,82.7,0,0.01,5.423,302.1,0.00015748031496063,60.5839999999999,64.238,65.1919999999999,64.598,33.1,11.7,12.7
"BOOI4","2022-09-12 04:00",51.9619999999999,84,0,0,4.848,303.9,-3.93700787401575e-05,59.7199999999999,64.148,65.156,64.58,33.1,11.7,12.7
"BOOI4","2022-09-12 05:00",51.1159999999999,82,0,0,4.178,319.7,-3.93700787401575e-05,58.9279999999999,64.1119999999999,65.138,64.598,33.1,11.7,12.7
"BOOI4","2022-09-12 06:00",50.5039999999999,82.1,0,0,3.389,320.3,-0.000196850393700787,58.172,64.022,65.0839999999999,64.5439999999999,33.1,11.7,12.8
"BOOI4","2022-09-12 07:00",49.8019999999999,83.2,4820.4,0,3.879,317.8,-0.000118110236220472,57.488,63.932,65.0659999999999,64.5439999999999,33.1,11.7,12.8
"BOOI4","2022-09-12 08:00",53.5999999999999,78.69,248580,0,5.207,305.5,0.00094488188976378,56.9659999999999,63.8239999999999,65.0659999999999,64.5439999999999,33,11.6,12.8
"BOOI4","2022-09-12 09:00",59.414,69.59,931320,0,5.769,310.9,0.00594488188976378,57.6319999999999,63.698,65.048,64.5439999999999,33,11.6,12.8
"BOOI4","2022-09-12 10:00",63.6619999999999,60.14,1602720,0,6.402,325.4,0.0115354330708661,59.414,63.5899999999999,64.9759999999999,64.5079999999999,33,11.7,12.7
"BOOI4","2022-09-12 11:00",66.9019999999999,56.15,2110320,0,6.681,342.6,0.0159842519685039,61.7179999999999,63.4999999999999,64.94,64.5079999999999,32.9,11.7,12.7
"BOOI4","2022-09-12 12:00",68.09,47.98,2571480,0,7.65,340.2,0.0207874015748032,64.0939999999999,63.3919999999999,64.9039999999999,64.49,32.8,11.7,12.6
"BOOI4","2022-09-12 13:00",70.5739999999999,46.29,2804760,0,7.725,334.3,0.0233070866141732,66.2899999999999,63.2839999999999,64.9039999999999,64.472,32.8,11.7,12.7
"BOOI4","2022-09-12 14:00",72.0499999999999,42.29,2850840,0,7.21,335.1,0.024488188976378,68.396,63.1939999999999,64.832,64.472,32.8,11.7,12.6
"BOOI4","2022-09-12 15:00",73.7599999999999,40.78,2678040,0,6.911,333.7,0.0242913385826772,70.1419999999999,63.1579999999999,64.796,64.472,32.8,11.7,12.5
"BOOI4","2022-09-12 16:00",74.5519999999999,38.43,2284200,0,6.393,334.6,0.0217716535433071,71.2939999999999,63.14,64.7779999999999,64.472,32.7,11.6,12.5
"BOOI4","2022-09-12 17:00",74.6779999999999,39.75,1690560,0,5.535,334.4,0.0173228346456693,71.7079999999999,63.1759999999999,64.706,64.4359999999999,32.7,11.5,12.5
"BOOI4","2022-09-12 18:00",74.3539999999999,39.94,1148040,0,4.501,341,0.0120472440944882,71.3839999999999,63.2119999999999,64.688,64.4179999999999,32.6,11.5,12.4
"BOOI4","2022-09-12 19:00",71.0419999999999,51.68,463680,0,1.397,349.4,0.00244094488188976,70.5019999999999,63.2839999999999,64.6519999999999,64.4179999999999,32.6,11.5,12.4
"BOOI4","2022-09-12 20:00",64.1839999999999,62.46,39096,0,0.305,9.77,-0.0012992125984252,69.0619999999999,63.338,64.598,64.4179999999999,32.6,11.5,12.5
"BOOI4","2022-09-12 21:00",62.7079999999999,65.06,3.6,0,0.35,335.6,-0.00141732283464567,67.3699999999999,63.4279999999999,64.5619999999999,64.3999999999999,32.6,11.5,12.5
"BOOI4","2022-09-12 22:00",62.1319999999999,61.35,0,0,2.293,342,0.000236220472440945,65.8579999999999,63.4819999999999,64.5079999999999,64.3819999999999,32.6,11.5,12.5
"BOOI4","2022-09-12 23:00",57.8119999999999,71.9,3.6,0,1.591,341.1,-0.000354330708661417,64.5619999999999,63.572,64.49,64.364,32.6,11.5,12.5
"BOOI4","2022-09-13 00:00",58.0279999999999,70.78,3.6,0,2.336,333.6,-7.8740157480315e-05,63.3919999999999,63.5899999999999,64.472,64.364,32.6,11.5,12.5
"BOOI4","2022-09-13 01:00",58.046,68.07,0,0,1.117,335,-0.000748031496062992,62.348,63.6079999999999,64.4359999999999,64.3279999999999,32.6,11.5,12.5
"BOOI4","2022-09-13 02:00",56.822,70.18,0,0,0.17,334,-0.00153543307086614,61.43,63.572,64.4179999999999,64.346,32.6,11.5,12.5
"BOOI4","2022-09-13 03:00",54.4819999999999,75.94,0,0,0,0,-0.00169291338582677,60.566,63.5539999999999,64.3999999999999,64.3099999999999,32.6,11.5,12.5
"BOOI4","2022-09-13 04:00",52.1599999999999,83.9,0,0,2.289,265.7,-0.000433070866141732,59.846,63.464,64.3999999999999,64.346,32.5,11.5,12.5
"BOOI4","2022-09-13 05:00",50.99,85.2,0,0,2.8,263.4,-0.000354330708661417,59.1259999999999,63.3919999999999,64.3819999999999,64.3279999999999,32.4,11.5,12.6
"BOOI4","2022-09-13 06:00",51.5839999999999,84.4,0,0,2.923,269.9,-0.000354330708661417,58.4779999999999,63.3199999999999,64.346,64.2919999999999,32.4,11.5,12.6
"BOOI4","2022-09-13 07:00",51.548,83.9,5979.6,0,3.317,270.8,-0.00015748031496063,57.9019999999999,63.1939999999999,64.346,64.3099999999999,32.5,11.5,12.6
"BOOI4","2022-09-13 08:00",52.0159999999999,88.4,254592,0,1.551,279.6,-0.00015748031496063,57.596,63.0679999999999,64.2919999999999,64.2739999999999,32.5,11.5,12.6
"BOOI4","2022-09-13 09:00",55.9579999999999,86.5,784080,0,3.314,58.13,0.00346456692913386,58.0999999999999,62.9779999999999,64.2919999999999,64.2739999999999,32.4,11.5,12.6
"BOOI4","2022-09-13 10:00",62.546,78.57,1450800,0,3.493,58.32,0.00803149606299213,59.7199999999999,62.8519999999999,64.2739999999999,64.256,32.4,11.5,12.6
"BOOI4","2022-09-13 11:00",69.53,59.31,2026800,0,2.366,105.7,0.0135826771653543,62.4919999999999,62.69,64.238,64.238,32.3,11.5,12.6
"BOOI4","2022-09-13 12:00",72.014,49.45,2444400,0,3.83,135.6,0.0187795275590551,65.8039999999999,62.6179999999999,64.2199999999999,64.2199999999999,32.3,11.5,12.5
"BOOI4","2022-09-13 13:00",74.1739999999999,46.32,2683800,0,4.014,144.1,0.0215354330708661,68.972,62.4919999999999,64.1839999999999,64.2199999999999,32.3,11.5,12.4
"BOOI4","2022-09-13 14:00",75.3619999999999,47.99,2690280,0.01,3.748,122.7,0.0219291338582677,71.8159999999999,62.456,64.148,64.2019999999999,32.2,11.5,12.3
"BOOI4","2022-09-13 15:00",76.946,44.49,2556720,0,4.624,152.4,0.0219685039370079,74.0659999999999,62.3839999999999,64.1119999999999,64.1659999999999,32.2,11.4,12.4
"BOOI4","2022-09-13 16:00",77.072,42.59,2205000,0,5.02,139.5,0.0202755905511811,75.4519999999999,62.3839999999999,64.0579999999999,64.1659999999999,32.2,11.4,12.3
"BOOI4","2022-09-13 17:00",76.982,42.19,1684440,0,5.529,147.5,0.0172834645669291,75.8659999999999,62.4739999999999,64.0579999999999,64.148,32.1,11.4,12.3
"BOOI4","2022-09-13 18:00",75.848,49.39,1047240,0,4.557,131.7,0.0115354330708661,75.4159999999999,62.5099999999999,64.022,64.148,32.1,11.4,12.3
"BOOI4","2022-09-13 19:00",71.9419999999999,55.32,421920,0,3.315,107.5,0.00440944881889764,74.246,62.6359999999999,63.9679999999999,64.1119999999999,32.1,11.3,12.3
"BOOI4","2022-09-13 20:00",69.0619999999999,57.86,32364,0,3.427,115.6,0.00133858267716536,72.464,62.7439999999999,63.932,64.13,32.1,11.3,12.3
"BOOI4","2022-09-13 21:00",62.8519999999999,73.84,3.6,0,3.031,75.05,0.00031496062992126,70.6279999999999,62.8699999999999,63.896,64.0939999999999,32.1,11.3,12.3
"BOOI4","2022-09-13 22:00",62.582,73.74,0,0,2.94,71.11,3.93700787401575e-05,69.0439999999999,62.9599999999999,63.8779999999999,64.0939999999999,32.2,11.3,12.3
"BOOI4","2022-09-13 23:00",59.846,79.41,0,0,3.497,78.52,3.93700787401575e-05,67.748,63.0499999999999,63.8419999999999,64.0759999999999,32.1,11.3,12.3
"BOOI4","2022-09-14 00:00",60.296,75.62,0,0,3.818,106.3,0.00015748031496063,66.6319999999999,63.1579999999999,63.8599999999999,64.0579999999999,32.1,11.2,12.4
"BOOI4","2022-09-14 01:00",59.8279999999999,74.73,3.6,0,4.625,126.4,0.00047244094488189,65.624,63.1759999999999,63.8239999999999,64.0399999999999,32.1,11.3,12.4
"BOOI4","2022-09-14 02:00",58.406,78.49,0,0,3.125,92.8,-0.00015748031496063,64.7239999999999,63.2119999999999,63.7699999999999,64.0039999999999,32.1,11.3,12.4
"BOOI4","2022-09-14 03:00",57.3619999999999,81.5,0,0,3.841,112.3,0,63.932,63.1759999999999,63.7699999999999,64.0579999999999,32.1,11.3,12.4
"BOOI4","2022-09-14 04:00",56.8579999999999,82.3,0,0,3.836,125.6,-3.93700787401575e-05,63.3019999999999,63.1939999999999,63.7699999999999,64.022,32.1,11.3,12.4
"BOOI4","2022-09-14 05:00",55.6699999999999,85.7,0,0,3.523,110.2,-0.000236220472440945,62.798,63.1579999999999,63.788,64.0039999999999,32.2,11.3,12.4
"BOOI4","2022-09-14 06:00",55.2919999999999,87.3,3.6,0,3.39,97.2,-0.000393700787401575,62.2939999999999,63.0859999999999,63.7699999999999,64.0039999999999,32.1,11.3,12.4
"BOOI4","2022-09-14 07:00",54.698,89.8,4374,0,3.856,109.4,-0.000354330708661417,61.79,63.0499999999999,63.788,63.9859999999999,32.1,11.3,12.4
"BOOI4","2022-09-14 08:00",56.93,87.7,215064,0,3.648,120.3,7.8740157480315e-05,61.4659999999999,63.0319999999999,63.7519999999999,63.9679999999999,32.1,11.3,12.4
"BOOI4","2022-09-14 09:00",62.1679999999999,83.1,741960,0,4.998,158.9,0.00421259842519685,61.9159999999999,62.9239999999999,63.7339999999999,63.9499999999999,32,11.3,12.4
"BOOI4","2022-09-14 10:00",67.4599999999999,76.34,1339560,0,5.938,163,0.00885826771653543,63.4999999999999,62.8699999999999,63.7519999999999,63.932,32,11.3,12.4
"BOOI4","2022-09-14 11:00",72.0859999999999,71.94,1783440,0,5.448,149.2,0.0131889763779528,65.93,62.78,63.7159999999999,63.914,32,11.3,12.3
"BOOI4","2022-09-14 12:00",77.2339999999999,66.39,2160720,0,5.669,137.2,0.0172834645669291,68.846,62.7079999999999,63.7159999999999,63.914,32,11.3,12.3
"BOOI4","2022-09-14 13:00",80.888,56.22,2552040,0,6.336,135.8,0.0223228346456693,72.014,62.7079999999999,63.7159999999999,63.914,32,11.2,12.2
"BOOI4","2022-09-14 14:00",83.3179999999999,51.63,2626560,0,6.666,146.1,0.0248425196850394,74.948,62.6539999999999,63.698,63.8779999999999,31.9,11.2,12.1
"BOOI4","2022-09-14 15:00",83.0659999999999,51.73,2102760,0,7.466,165.5,0.0227165354330709,76.874,62.69,63.698,63.896,31.9,11.2,12.1
"BOOI4","2022-09-14 16:00",83.4079999999999,53.19,1962720,0,7.921,175.7,0.0216535433070866,78.0439999999999,62.7619999999999,63.6439999999999,63.8599999999999,31.9,11.2,12.1
"BOOI4","2022-09-14 17:00",82.832,53.62,1291320,0,7.097,167.2,0.0165748031496063,78.4939999999999,62.816,63.6259999999999,63.8419999999999,31.9,11.2,12.1
"BOOI4","2022-09-14 18:00",82.7599999999999,57.84,805680,0,5.197,135.5,0.0105511811023622,77.9539999999999,62.9239999999999,63.6079999999999,63.8239999999999,31.9,11.1,12.1
"BOOI4","2022-09-14 19:00",77.1439999999999,68.64,298800,0,2.893,142.7,0.00362204724409449,77.072,63.0679999999999,63.6259999999999,63.8239999999999,31.9,11.1,12.1
"BOOI4","2022-09-14 20:00",72.7519999999999,67.33,12711.6,0,3.321,143.2,0.00114173228346457,75.5239999999999,63.23,63.6259999999999,63.8239999999999,31.9,11.1,12.1
"BOOI4","2022-09-14 21:00",69.5839999999999,71.98,0,0,4.048,156.7,0.00106299212598425,73.8499999999999,63.4099999999999,63.572,63.788,31.9,11.1,12.1
"BOOI4","2022-09-14 22:00",65.498,81.1,3.6,0,4.768,165,0.00106299212598425,72.3919999999999,63.5359999999999,63.5899999999999,63.806,31.9,11.1,12.1
"BOOI4","2022-09-14 23:00",65.0659999999999,80.9,0,0,3.219,181.1,0.000196850393700787,71.0779999999999,63.6619999999999,63.5899999999999,63.788,31.8,11.1,12.1
"BOOI4","2022-09-15 00:00",62.9779999999999,85.1,0,0,3.212,174,0.000118110236220472,69.9619999999999,63.788,63.572,63.7699999999999,31.8,11.1,12.1
"BOOI4","2022-09-15 01:00",64.1839999999999,82.6,0,0,3.467,173.8,7.8740157480315e-05,69.0079999999999,63.8599999999999,63.572,63.7519999999999,31.8,11.1,12.1
"BOOI4","2022-09-15 02:00",62.4019999999999,86.7,0,0,3.382,178.1,0,68.2159999999999,63.932,63.5539999999999,63.7519999999999,31.8,11.1,12.1
"BOOI4","2022-09-15 03:00",62.9419999999999,85.6,0,0,2.626,161.6,-0.00015748031496063,67.5679999999999,63.9679999999999,63.6079999999999,63.7159999999999,31.8,11.1,12.1
"BOOI4","2022-09-15 04:00",62.9419999999999,85.2,0,0,5.533,155.7,0.000354330708661417,66.9919999999999,64.0039999999999,63.5899999999999,63.7159999999999,31.8,11.1,12.1
"BOOI4","2022-09-15 05:00",61.79,88.3,0,0,3.827,148.5,0,66.4159999999999,64.0039999999999,63.6079999999999,63.7159999999999,31.8,11.1,12.1
"BOOI4","2022-09-15 06:00",59.8099999999999,93.3,0,0,3.129,138,-0.000275590551181102,65.8759999999999,64.022,63.6079999999999,63.698,31.8,11.1,12.1
"BOOI4","2022-09-15 07:00",59.7019999999999,94.2,3538.8,0,4.721,154,-0.000196850393700787,65.3539999999999,63.9499999999999,63.6439999999999,63.68,31.9,11.1,12.1
"BOOI4","2022-09-15 08:00",61.1779999999999,93.3,224424,0,3.365,152.5,-0.000196850393700787,65.0119999999999,63.9499999999999,63.6619999999999,63.68,31.8,11.1,12.1
"BOOI4","2022-09-15 09:00",67.9099999999999,83.1,770040,0,5.31,168.3,0.00440944881889764,65.372,63.896,63.6619999999999,63.68,31.8,11.1,12.2
"BOOI4","2022-09-15 10:00",71.6539999999999,74.01,1333800,0,7.785,178.7,0.0103937007874016,66.7579999999999,63.8779999999999,63.698,63.6619999999999,31.8,11.1,12.2
"BOOI4","2022-09-15 11:00",75.7759999999999,64.91,1944720,0,9.04,189.3,0.0165748031496063,68.864,63.8419999999999,63.698,63.6259999999999,31.8,11.1,12.1
"BOOI4","2022-09-15 12:00",78.2599999999999,60.33,2198520,0,10.25,186.9,0.0210236220472441,71.222,63.8239999999999,63.7159999999999,63.6079999999999,31.7,11.1,12.1
"BOOI4","2022-09-15 13:00",80.6359999999999,56.55,2108880,0,9.95,168.9,0.0215354330708661,73.238,63.788,63.698,63.6079999999999,31.7,11.1,12
"BOOI4","2022-09-15 14:00",81.3919999999999,53,2680200,0,10.35,182.9,0.0269685039370079,75.5599999999999,63.788,63.7159999999999,63.5899999999999,31.7,11.1,11.9
"BOOI4","2022-09-15 15:00",80.0419999999999,50.61,1714320,0,10.56,202.4,0.0225196850393701,77.0359999999999,63.788,63.7339999999999,63.6079999999999,31.7,11,11.9
"BOOI4","2022-09-15 16:00",78.9619999999999,55.17,1213920,0,7.955,198.9,0.016496062992126,77.2339999999999,63.8419999999999,63.7519999999999,63.5899999999999,31.7,11,11.9
"BOOI4","2022-09-15 17:00",80.0599999999999,54.22,1156320,0,7.632,186.2,0.0151574803149606,77.198,63.914,63.7159999999999,63.5899999999999,31.7,11,11.9
"BOOI4","2022-09-15 18:00",78.1159999999999,60.22,791280,0,7.322,184.5,0.0115748031496063,76.874,63.9859999999999,63.7159999999999,63.572,31.7,11,11.9
"BOOI4","2022-09-15 19:00",73.3279999999999,66.95,382320,0,5.473,164,0.00547244094488189,76.2259999999999,64.13,63.7339999999999,63.5539999999999,31.7,11,11.9
"BOOI4","2022-09-15 20:00",69.3859999999999,74.59,34308,0,6.036,161,0.00177165354330709,74.8039999999999,64.2019999999999,63.7339999999999,63.572,31.7,11,11.9
"BOOI4","2022-09-15 21:00",67.6579999999999,77.63,0,0,5.837,156.2,0.00114173228346457,73.2739999999999,64.2919999999999,63.7519999999999,63.5539999999999,31.7,11,11.9
"BOOI4","2022-09-15 22:00",64.5259999999999,86.3,0,0,4.094,157.6,0.000433070866141732,72.014,64.3999999999999,63.7699999999999,63.5179999999999,31.7,11,11.9
"BOOI4","2022-09-15 23:00",62.348,90.6,0,0,3.318,166.5,0,70.8259999999999,64.49,63.7699999999999,63.5179999999999,31.7,11,11.9
