"station","valid","tmpf","relh","solar","precip","speed","drct","et","soil04t","soil12t","soil24t","soil50t","soil12vwc","soil24vwc","soil50vwc"
"BOOI4","2023-05-18 00:00",61.2679999999999,67.94,0,0,6.784,121.5,0.00145669291338583,"68.395999999999987",63.122,57.1999999999999,52.4659999999999,36.8,22.1,27
"BOOI4","2023-05-18 01:00",59.2339999999999,72.12,0,0,5.606,136,0.00110236220472441,"67.189999999999955",63.248,57.29,52.4839999999999,36.8,22.1,27
"BOOI4","2023-05-18 02:00",58.622,72.84,0,0,5.109,145.7,0.000748031496062992,"66.271999999999977",63.2839999999999,57.3439999999999,52.5199999999999,36.8,22.1,27
"BOOI4","2023-05-18 03:00",57.7039999999999,74.47,0,0,6.243,144.2,0.00094488188976378,"65.281999999999954",63.3019999999999,57.4159999999999,52.5019999999999,36.8,22.1,27
"BOOI4","2023-05-18 04:00",56.264,78.77,0,0,4.85,140.2,0.00047244094488189,"64.345999999999989",63.3019999999999,57.4519999999999,52.5199999999999,36.8,22,27
"BOOI4","2023-05-18 05:00",55.0579999999999,83.2,0,0,5.67,148.5,0.000433070866141732,"63.571999999999967",63.1759999999999,57.5239999999999,52.538,36.8,22,27
"BOOI4","2023-05-18 06:00",55.0579999999999,85.2,3661.2,0,5.829,147.1,0.000275590551181102,"62.851999999999911",63.0859999999999,57.614,52.5739999999999,36.8,22,27
"BOOI4","2023-05-18 07:00",55.5079999999999,87.4,127872,0,6.541,153.2,0.00141732283464567,"62.365999999999943",62.9239999999999,57.6499999999999,52.5919999999999,36.7,22,27
"BOOI4","2023-05-18 08:00",59.18,84.6,549360,0,7.252,154.1,0.00374015748031496,"62.689999999999962",62.798,57.7039999999999,52.556,36.7,22,27
"BOOI4","2023-05-18 09:00",64.346,80.7,1058400,0,8.43,167.1,0.00744094488188976,"64.111999999999895",62.5999999999999,57.74,52.5739999999999,36.7,22,27
"BOOI4","2023-05-18 10:00",70.088,65.71,1847520,0,8.78,189.3,0.0140157480314961,"67.099999999999937",62.438,57.7939999999999,52.5739999999999,36.7,22,27
"BOOI4","2023-05-18 11:00",76.2619999999999,54.01,2423520,0,9.2,211.1,0.0206692913385827,"71.059999999999917",62.2579999999999,57.848,52.5919999999999,37.1,22.1,27
"BOOI4","2023-05-18 12:00",79.5919999999999,42.88,2835360,0,9.85,230.4,0.027992125984252,"75.217999999999918",62.1499999999999,57.8839999999999,52.6099999999999,37.1,22.1,27
"BOOI4","2023-05-18 13:00",82.4179999999999,36.74,2829240,0,12.54,238,0.0333070866141732,"78.20599999999996",62.0779999999999,57.9019999999999,52.6279999999999,37,22.1,27
"BOOI4","2023-05-18 14:00",82.598,35.34,3009600,0,12.95,226,0.0366141732283465,"80.761999999999887",62.006,57.9199999999999,52.6279999999999,37,22.1,27
"BOOI4","2023-05-18 15:00",80.2039999999999,38.49,1502640,0,12.4,226.6,0.0274803149606299,"80.293999999999912",62.0599999999999,57.956,52.646,37,22.1,27
"BOOI4","2023-05-18 16:00",79.6099999999999,38.72,579600,0,10.97,228.5,0.0193700787401575,"79.08799999999998",62.1499999999999,57.938,52.664,37.1,22.1,27
"BOOI4","2023-05-18 17:00",78.9439999999999,41.07,452880,0,11.37,236.4,0.0188582677165354,"78.313999999999965",62.2579999999999,57.9739999999999,52.664,37.1,22.1,27
"BOOI4","2023-05-18 18:00",79.7539999999999,41.2,440640,0,9.24,233,0.0158267716535433,"77.575999999999922",62.4019999999999,57.956,52.682,37.1,22.1,27
"BOOI4","2023-05-18 19:00",69.89,74.42,110412,0,7.469,271.3,0.0094488188976378,"75.613999999999962",62.582,57.9919999999999,52.6999999999999,37.1,22.1,27
"BOOI4","2023-05-18 20:00",65.372,89.6,52488,0,5.714,338.1,0.00255905511811024,"73.723999999999947",62.7079999999999,57.9919999999999,52.6999999999999,37.1,22.1,27
"BOOI4","2023-05-18 21:00",64.5259999999999,86.6,6750,0,4.828,16.93,0.00062992125984252,"72.247999999999962",62.816,58.0279999999999,52.7179999999999,37.1,22,27
"BOOI4","2023-05-18 22:00",63.68,79.02,0,0,6.071,12.18,0.00122047244094488,"71.005999999999958",62.9239999999999,58.064,52.7179999999999,37.1,22,27
"BOOI4","2023-05-18 23:00",62.816,79.71,0,0,3.222,15.62,0.00094488188976378,"69.853999999999886",62.996,58.046,52.7539999999999,37.1,22,27
"BOOI4","2023-05-19 00:00",61.898,79.05,0,0,1.96,353.5,0.00078740157480315,"68.683999999999926",63.0499999999999,58.082,52.7179999999999,37.1,22,27
"BOOI4","2023-05-19 01:00",61.772,70.42,0,0,0.741,306,0.000354330708661417,"67.945999999999984",63.0679999999999,58.1539999999999,52.772,37.1,22,27
"BOOI4","2023-05-19 02:00",58.514,88.8,0,0,1.013,285.2,0.000433070866141732,"67.117999999999924",63.0499999999999,58.1539999999999,52.79,37.1,22,27
"BOOI4","2023-05-19 03:00",56.138,74.02,0,0,10.04,338.8,0.00169291338582677,"66.289999999999949",63.014,58.19,52.79,37.1,22,27
"BOOI4","2023-05-19 04:00",51.6199999999999,72.41,0,0,10.19,349.1,0.00141732283464567,"64.867999999999924",62.9419999999999,58.2079999999999,52.8079999999999,37.1,21.9,27
"BOOI4","2023-05-19 05:00",49.6579999999999,74.85,0,0,9.44,354,0.00137795275590551,"63.427999999999898",62.888,58.2439999999999,52.8439999999999,37.1,21.9,27.1
"BOOI4","2023-05-19 06:00",48.146,77.79,3164.4,0,8.22,348.1,0.00110236220472441,"62.203999999999887",62.78,58.28,52.8619999999999,37.1,21.9,27.1
"BOOI4","2023-05-19 07:00",47.8939999999999,76.24,137844,0,7.834,349,0.00240157480314961,"61.195999999999977",62.6539999999999,58.298,52.8619999999999,37.1,21.9,27.1
"BOOI4","2023-05-19 08:00",48.7759999999999,74.99,549720,0,10.54,345.6,0.00484251968503937,"60.799999999999933",62.564,58.298,52.8619999999999,37,21.9,27.1
"BOOI4","2023-05-19 09:00",50.198,63.15,1233360,0,11.44,339.1,0.00854330708661417,"61.303999999999888",62.4019999999999,58.3339999999999,52.898,37.1,21.9,27.1
"BOOI4","2023-05-19 10:00",51.98,57.61,2007360,0,12.78,341.3,0.0134645669291339,"62.581999999999951",62.222,58.3519999999999,52.9159999999999,37,21.9,27.1
"BOOI4","2023-05-19 11:00",53.4739999999999,55.27,2586960,0,12.17,340.3,0.0168897637795276,"64.507999999999939",62.0599999999999,58.3699999999999,52.9339999999999,37,21.8,27.1
"BOOI4","2023-05-19 12:00",56.9119999999999,51.04,2984400,0,10.52,330.5,0.0198818897637795,"66.82999999999997",61.8439999999999,58.3699999999999,52.9339999999999,36.9,21.8,27.1
"BOOI4","2023-05-19 13:00",58.7839999999999,47.96,3211200,0,11.28,336.3,0.0222047244094488,"69.043999999999912",61.7179999999999,58.406,52.9519999999999,37,21.8,27.1
"BOOI4","2023-05-19 14:00",60.2419999999999,48.95,3024000,0,10.41,342.1,0.0223622047244094,"70.825999999999922",61.5919999999999,58.3699999999999,52.9519999999999,36.9,21.8,27.1
"BOOI4","2023-05-19 15:00",61.322,48.66,2786400,0,10.83,340.2,0.0218110236220472,"71.833999999999932",61.5199999999999,58.3519999999999,52.988,36.9,21.8,27.1
"BOOI4","2023-05-19 16:00",61.6279999999999,48.23,2558880,0,10.3,340.7,0.020236220472441,"72.301999999999907",61.4839999999999,58.3519999999999,52.988,36.9,21.8,27.1
"BOOI4","2023-05-19 17:00",57.2539999999999,54.29,1940040,0,11.4,348.6,0.0166141732283465,"71.995999999999981",61.5199999999999,58.3339999999999,52.988,37,21.8,27.1
"BOOI4","2023-05-19 18:00",57.1099999999999,54.6,1127880,0,11.36,344.4,0.0124409448818898,"71.239999999999952",61.5919999999999,58.3339999999999,53.0239999999999,37,21.7,27.1
"BOOI4","2023-05-19 19:00",57.1099999999999,54.26,819720,0,9.11,348.4,0.00968503937007874,"70.483999999999924",61.664,58.316,53.0419999999999,36.9,21.7,27.1
"BOOI4","2023-05-19 20:00",54.9859999999999,59.11,363600,0,8.63,350.5,0.0065748031496063,"68.791999999999931",61.8079999999999,58.3339999999999,53.0419999999999,36.9,21.7,27.1
"BOOI4","2023-05-19 21:00",51.872,66.77,40572,0,6.093,0.642,0.00153543307086614,"67.135999999999896",61.88,58.298,53.0599999999999,36.9,21.7,27.2
"BOOI4","2023-05-19 22:00",50.4499999999999,71.37,0,0,4.815,348.6,0.000905511811023622,"65.605999999999966",61.988,58.298,53.096,37,21.7,27.2
"BOOI4","2023-05-19 23:00",48.7939999999999,75.29,0,0,4.407,346.7,0.00062992125984252,"64.255999999999958",62.0419999999999,58.28,53.096,37,21.7,27.2
"BOOI4","2023-05-20 00:00",47.4439999999999,77.7,0,0,3.155,350.5,0.00031496062992126,"62.977999999999888",62.0599999999999,58.298,53.096,37,21.7,27.2
"BOOI4","2023-05-20 01:00",46.1551999999999,79.9,0,0,3.128,341.5,0.000275590551181102,"61.861999999999888",62.0239999999999,58.28,53.114,36.9,21.7,27.2
"BOOI4","2023-05-20 02:00",43.5937999999999,86.5,0,0,0.623,304.6,-0.00047244094488189,"60.745999999999981",61.988,58.298,53.1319999999999,36.9,21.7,27.2
"BOOI4","2023-05-20 03:00",43.4749999999999,88.2,0,0,0.613,313.5,-0.00047244094488189,"59.809999999999917",61.9159999999999,58.28,53.1319999999999,36.9,21.7,27.2
"BOOI4","2023-05-20 04:00",43.8259999999999,85.8,0,0,2.909,338.9,0,"59.12599999999992",61.79,58.2619999999999,53.1679999999999,36.9,21.7,27.2
"BOOI4","2023-05-20 05:00",42.8036,88.9,0,0,0.506,307,-0.000511811023622047,"58.261999999999887",61.646,58.298,53.1499999999999,36.9,21.7,27.2
"BOOI4","2023-05-20 06:00",43.3849999999999,88.6,6166.8,0,2.189,311.7,-0.00015748031496063,"57.559999999999917",61.5019999999999,58.298,53.1859999999999,36.9,21.7,27.2
"BOOI4","2023-05-20 07:00",47.3539999999999,83.2,229464,0,2.91,334,0.00015748031496063,"57.199999999999932",61.2859999999999,58.316,53.222,36.8,21.6,27.2
"BOOI4","2023-05-20 08:00",51.746,73.21,770760,0,5.027,350.9,0.00417322834645669,"57.811999999999891",61.124,58.316,53.222,36.8,21.6,27.2
"BOOI4","2023-05-20 09:00",56.1019999999999,65.3,1415520,0,5.579,3.752,0.00881889763779528,"59.593999999999909",60.89,58.316,53.2039999999999,36.8,21.6,27.2
"BOOI4","2023-05-20 10:00",59.0899999999999,59.29,2007000,0,5.474,7.906,0.0131102362204724,"62.149999999999928",60.6919999999999,58.316,53.24,36.7,21.6,27.2
"BOOI4","2023-05-20 11:00",60.9079999999999,53.04,2611800,0,5.579,9.17,0.0175984251968504,"65.209999999999908",60.53,58.316,53.2579999999999,36.7,21.6,27.2
"BOOI4","2023-05-20 12:00",62.1679999999999,51.15,3034800,0,5.025,35.23,0.020748031496063,"68.521999999999977",60.332,58.2619999999999,53.2759999999999,36.7,21.6,27.2
"BOOI4","2023-05-20 13:00",64.4539999999999,45.58,3268800,0,5.454,42.47,0.0233070866141732,"71.275999999999925",60.2239999999999,58.2619999999999,53.2759999999999,36.7,21.5,27.2
"BOOI4","2023-05-20 14:00",67.964,38.23,3304800,0,3.725,37.73,0.0239370078740157,"73.939999999999955",60.1339999999999,58.2259999999999,53.3119999999999,36.7,21.5,27.2
"BOOI4","2023-05-20 15:00",68.3599999999999,38.62,3114000,0,3.604,105.1,0.0234251968503937,"76.153999999999883",60.1699999999999,58.19,53.2939999999999,36.7,21.5,27.2
"BOOI4","2023-05-20 16:00",70.556,35.74,2805480,0,3.873,76.42,0.022007874015748,"76.765999999999948",60.2419999999999,58.1359999999999,53.3119999999999,36.7,21.5,27.2
"BOOI4","2023-05-20 17:00",72.1039999999999,34.37,2289240,0,4.847,94.1,0.0199212598425197,"76.999999999999929",60.4039999999999,58.1179999999999,53.33,36.7,21.5,27.2
"BOOI4","2023-05-20 18:00",73.1659999999999,32.43,1677600,0,3.691,218.1,0.0151968503937008,"77.053999999999888",60.6199999999999,58.0999999999999,53.33,36.8,21.5,27.2
"BOOI4","2023-05-20 19:00",71.6359999999999,35.54,932040,0,4.207,254.7,0.0109842519685039,"76.603999999999886",60.872,58.064,53.348,36.8,21.5,27.2
"BOOI4","2023-05-20 20:00",69.188,39.62,385920,0,3.201,220.5,0.00515748031496063,"74.839999999999961",61.1779999999999,58.0279999999999,53.348,36.8,21.5,27.2
"BOOI4","2023-05-20 21:00",61.4839999999999,55.64,40032,0,3.167,208,0.00145669291338583,"72.355999999999966",61.448,58.0279999999999,53.3659999999999,36.9,21.5,27.2
"BOOI4","2023-05-20 22:00",60.5119999999999,56.36,0,0,3.025,183.7,0.000826771653543307,"70.627999999999901",61.7359999999999,58.0099999999999,53.3659999999999,36.8,21.5,27.2
"BOOI4","2023-05-20 23:00",58.046,62.21,0,0,2.835,190.6,0.000590551181102362,"68.95399999999988",61.9699999999999,57.9919999999999,53.3659999999999,36.9,21.5,27.2
"BOOI4","2023-05-21 00:00",57.8659999999999,62.89,0,0,2.846,226.1,0.000393700787401575,"67.657999999999944",62.1499999999999,58.0099999999999,53.4019999999999,36.9,21.5,27.2
"BOOI4","2023-05-21 01:00",57.7039999999999,62.56,0,0,4.574,219.7,0.000984251968503937,"66.721999999999966",62.3119999999999,58.046,53.4019999999999,36.9,21.5,27.1
"BOOI4","2023-05-21 02:00",56.156,66.56,0,0,4.999,221.8,0.000984251968503937,"65.641999999999925",62.3839999999999,57.9919999999999,53.4019999999999,37,21.5,27.1
"BOOI4","2023-05-21 03:00",54.5359999999999,70.37,0,0,4.015,224.6,0.00047244094488189,"64.543999999999912",62.3659999999999,58.064,53.456,36.9,21.5,27.1
"BOOI4","2023-05-21 04:00",53.7619999999999,72.65,0,0,4.03,235.4,0.000393700787401575,"63.535999999999902",62.3659999999999,58.082,53.438,36.9,21.5,27.1
"BOOI4","2023-05-21 05:00",52.6099999999999,75.17,0,0,3.975,234.3,0.000236220472440945,"62.725999999999921",62.33,58.1359999999999,53.438,36.9,21.4,27.1
"BOOI4","2023-05-21 06:00",50.5759999999999,79.64,6508.8,0,4.311,241.7,0.000196850393700787,"61.77199999999997",62.24,58.1539999999999,53.456,36.9,21.4,27.1
"BOOI4","2023-05-21 07:00",54.8779999999999,72.45,252144,0,4.243,236.3,0.00114173228346457,"61.537999999999982",62.1499999999999,58.2079999999999,53.4739999999999,36.8,21.4,27.1
"BOOI4","2023-05-21 08:00",61.5739999999999,61.58,841680,0,4.586,227.3,0.00562992125984252,"62.563999999999957",62.0239999999999,58.2079999999999,53.4739999999999,36.9,21.4,27.1
"BOOI4","2023-05-21 09:00",66.038,50.13,1497960,0,7.176,238.9,0.0131889763779528,"64.975999999999928",61.88,58.2259999999999,53.5099999999999,36.9,21.4,27.1
"BOOI4","2023-05-21 10:00",69.1339999999999,46.2,2046960,0,8.92,241.7,0.0190944881889764,"67.891999999999925",61.7359999999999,58.316,53.4919999999999,36.8,21.4,27.1
"BOOI4","2023-05-21 11:00",69.872,44.42,2479320,0,7.941,231.5,0.022755905511811,"70.897999999999954",61.5919999999999,58.298,53.5099999999999,36.8,21.4,27.1
"BOOI4","2023-05-21 12:00",70.9699999999999,40.78,2890800,0,6.343,204.1,0.0248425196850394,"73.813999999999965",61.5019999999999,58.298,53.5099999999999,36.8,21.4,27.1
"BOOI4","2023-05-21 13:00",74.138,36.62,2540520,0,5.801,216.6,0.0234645669291339,"76.117999999999924",61.3939999999999,58.28,53.5099999999999,36.7,21.4,27.1
"BOOI4","2023-05-21 14:00",74.1739999999999,37.2,3078000,0,6.826,239.6,0.0284251968503937,"77.881999999999948",61.3939999999999,58.28,53.5279999999999,36.7,21.4,27.1
"BOOI4","2023-05-21 15:00",74.3179999999999,39.92,2552400,0,7.014,193.7,0.0252755905511811,"79.015999999999948",61.448,58.3339999999999,53.5099999999999,36.8,21.4,27.1
"BOOI4","2023-05-21 16:00",74.7679999999999,38.92,2118600,0,6.941,200.7,0.0228346456692913,"79.573999999999941",61.5199999999999,58.298,53.546,36.8,21.4,27.1
"BOOI4","2023-05-21 17:00",74.9839999999999,35.9,1481400,0,5.702,189.8,0.0175984251968504,"79.393999999999906",61.664,58.316,53.564,36.9,21.4,27.1
"BOOI4","2023-05-21 18:00",76.3699999999999,32.67,1693440,0,7.988,189.8,0.0204330708661417,"79.447999999999965",61.88,58.28,53.564,36.8,21.4,27.1
"BOOI4","2023-05-21 19:00",74.1199999999999,40.38,869040,0,6.934,175.2,0.013740157480315,"78.133999999999929",62.114,58.316,53.582,36.9,21.4,27.1
"BOOI4","2023-05-21 20:00",72.464,41.41,564840,0,6.706,164.2,0.0101574803149606,"76.459999999999908",62.3659999999999,58.316,53.582,36.9,21.4,27.1
"BOOI4","2023-05-21 21:00",69.1519999999999,48,49104,0,4.749,154,0.00263779527559055,"74.443999999999903",62.5999999999999,58.3339999999999,53.582,36.9,21.4,27.1
"BOOI4","2023-05-21 22:00",63.896,58.51,0,0,3.56,168.4,0.00125984251968504,"72.679999999999978",62.798,58.3339999999999,53.5999999999999,36.9,21.4,27.1
"BOOI4","2023-05-21 23:00",63.7699999999999,59.44,0,0,3.333,179.6,0.000826771653543307,"71.059999999999917",63.014,58.388,53.5999999999999,37,21.4,27.1
"BOOI4","2023-05-22 00:00",62.6179999999999,61.24,0,0,2.972,174.9,0.000669291338582677,"69.781999999999954",63.1579999999999,58.3699999999999,53.6179999999999,37,21.4,27.1
"BOOI4","2023-05-22 01:00",61.2319999999999,64.78,0,0,3.179,169.3,0.000669291338582677,"68.791999999999931",63.248,58.4239999999999,53.6179999999999,37,21.4,27.1
"BOOI4","2023-05-22 02:00",59.4499999999999,68.86,0,0,3.438,152,0.000590551181102362,"67.71199999999989",63.3019999999999,58.4599999999999,53.6179999999999,37,21.3,27.1
"BOOI4","2023-05-22 03:00",59.648,67.52,0,0,2.344,183.3,0,"66.685999999999908",63.3199999999999,58.4779999999999,53.6359999999999,37,21.3,27.1
"BOOI4","2023-05-22 04:00",57.83,72.23,0,0,2.825,196.3,0.00015748031496063,"65.983999999999924",63.3199999999999,58.496,53.6539999999999,37,21.3,27
"BOOI4","2023-05-22 05:00",57.506,77.39,0,0,1.568,230.7,-0.000511811023622047,"65.281999999999954",63.2839999999999,58.5859999999999,53.6539999999999,37,21.3,27.1
"BOOI4","2023-05-22 06:00",56.1739999999999,80.2,5410.8,0,3.059,209.8,-7.8740157480315e-05,"64.597999999999956",63.1939999999999,58.6039999999999,53.672,36.9,21.3,27.1
"BOOI4","2023-05-22 07:00",57.4519999999999,80.5,210852,0,3.203,217.1,0.000866141732283465,"64.345999999999989",63.0859999999999,58.64,53.69,36.9,21.3,27.1
"BOOI4","2023-05-22 08:00",62.7619999999999,72.31,676080,0,3.495,192.8,0.00437007874015748,"65.065999999999946",62.996,58.6759999999999,53.7079999999999,36.9,21.3,27.1
"BOOI4","2023-05-22 09:00",68.396,63.07,1335240,0,4.318,171.3,0.00996062992125984,"67.315999999999946",62.8699999999999,58.7119999999999,53.672,36.9,21.3,27.1
"BOOI4","2023-05-22 10:00",71.906,52.56,2031480,0,6.294,187.2,0.0173622047244095,"70.411999999999892",62.7259999999999,58.73,53.69,36.9,21.3,27.1
"BOOI4","2023-05-22 11:00",72.698,49.09,2415240,0,9.1,189.7,0.0229133858267717,"73.255999999999958",62.6179999999999,58.748,53.7079999999999,36.8,21.3,27.1
"BOOI4","2023-05-22 12:00",74.4079999999999,46.65,3042000,0,10.09,174.1,0.0276771653543307,"75.70399999999988",62.5099999999999,58.7839999999999,53.7079999999999,36.8,21.3,27.1
"BOOI4","2023-05-22 13:00",74.9119999999999,45.62,3254400,0,9.95,160.1,0.0298818897637795,"77.881999999999948",62.456,58.8019999999999,53.7439999999999,36.8,21.3,27.1
"BOOI4","2023-05-22 14:00",75.7759999999999,41.39,3261600,0,7.581,163.4,0.0292125984251969,"80.077999999999903",62.456,58.8199999999999,53.7439999999999,36.8,21.3,27
"BOOI4","2023-05-22 15:00",75.9919999999999,43.4,3038400,0,8.13,176.5,0.0288188976377953,"81.589999999999961",62.4739999999999,58.8199999999999,53.7619999999999,36.9,21.3,27
"BOOI4","2023-05-22 16:00",78.6019999999999,40.41,2666160,0,7.024,163.3,0.0259055118110236,"82.363999999999962",62.5999999999999,58.838,53.7619999999999,36.9,21.3,27
"BOOI4","2023-05-22 17:00",77.5759999999999,39.3,2094120,0,6.816,160.7,0.0219685039370079,"82.219999999999899",62.7619999999999,58.8019999999999,53.798,36.9,21.3,27
"BOOI4","2023-05-22 18:00",77.1439999999999,39.79,1468800,0,5.99,168.2,0.0170472440944882,"81.877999999999901",62.996,58.8199999999999,53.798,36.9,21.3,27
"BOOI4","2023-05-22 19:00",75.4339999999999,45.33,639000,0,6.343,193.4,0.0120472440944882,"80.023999999999944",63.248,58.838,53.78,37,21.3,27
"BOOI4","2023-05-22 20:00",72.2659999999999,50.31,346320,0,5.411,181.9,0.00767716535433071,"78.421999999999969",63.4999999999999,58.856,53.798,37,21.3,27
"BOOI4","2023-05-22 21:00",67.982,57.68,38916,0,3.93,179.1,0.00244094488188976,"76.261999999999887",63.7699999999999,58.874,53.816,37,21.3,27
"BOOI4","2023-05-22 22:00",68.9539999999999,55.87,0,0,4.09,168.5,0.00204724409448819,"75.091999999999928",64.0399999999999,58.874,53.8339999999999,37.1,21.2,27
"BOOI4","2023-05-22 23:00",66.9919999999999,57.29,0,0,4.362,142.2,0.00208661417322835,"73.687999999999974",64.238,58.9099999999999,53.8339999999999,37,21.2,27.1
"BOOI4","2023-05-23 00:00",64.1839999999999,60.76,0,0,4.324,156.4,0.0018503937007874,"72.283999999999921",64.4359999999999,58.946,53.8339999999999,37.1,21.2,27.1
"BOOI4","2023-05-23 01:00",62.4739999999999,62.1,0,0,3.272,170.9,0.00125984251968504,"70.91599999999994",64.5619999999999,58.9999999999999,53.8699999999999,37.1,21.2,27.1
"BOOI4","2023-05-23 02:00",59.9359999999999,67.03,0,0,2.634,182.5,0.000866141732283465,"69.67399999999995",64.6339999999999,59.0359999999999,53.8519999999999,37.1,21.2,27.1
"BOOI4","2023-05-23 03:00",58.172,72.27,0,0,1.754,195.6,0.00031496062992126,"68.539999999999949",64.6519999999999,59.0899999999999,53.906,37.1,21.2,27.1
"BOOI4","2023-05-23 04:00",59.3239999999999,70.59,0,0,1.144,184.8,0,"67.621999999999971",64.6699999999999,59.1439999999999,53.906,37.1,21.2,27.1
"BOOI4","2023-05-23 05:00",58.2259999999999,70.95,0,0,0,0,-0.000748031496062992,"66.775999999999925",64.6159999999999,59.18,53.906,37,21.2,27.1
"BOOI4","2023-05-23 06:00",55.5259999999999,76.85,5763.6,0,1.728,154.5,0.000236220472440945,"65.947999999999965",64.5619999999999,59.2519999999999,53.9239999999999,37,21.2,27.1
"BOOI4","2023-05-23 07:00",58.73,72.39,189792,0,0.95,176,0.000275590551181102,"65.641999999999925",64.472,59.288,53.9419999999999,37.1,21.2,27.1
"BOOI4","2023-05-23 08:00",64.1119999999999,69.02,666360,0,2.974,174.3,0.00452755905511811,"66.289999999999949",64.3999999999999,59.3599999999999,53.9239999999999,37,21.2,27.1
"BOOI4","2023-05-23 09:00",70.0159999999999,58.63,1253880,0,5.248,174.3,0.0107086614173228,"68.413999999999973",64.2199999999999,59.396,53.9599999999999,37,21.2,27.1
"BOOI4","2023-05-23 10:00",74.9119999999999,50.34,1944000,0,7.557,192.4,0.0188582677165354,"71.419999999999888",64.0939999999999,59.432,53.9599999999999,37,21.2,27.1
"BOOI4","2023-05-23 11:00",75.5419999999999,44.52,2426760,0,6.929,192.4,0.023503937007874,"74.569999999999894",63.9499999999999,59.4679999999999,53.9779999999999,37,21.2,27.1
"BOOI4","2023-05-23 12:00",76.64,41.42,2890800,0,6.821,193.8,0.0273228346456693,"77.269999999999897",63.8599999999999,59.4859999999999,53.996,37,21.2,27.1
"BOOI4","2023-05-23 13:00",77.63,40.24,3182400,0,8.32,162.7,0.0304724409448819,"79.555999999999969",63.7699999999999,59.522,54.014,37,21.2,27.1
"BOOI4","2023-05-23 14:00",78.872,37.8,3232800,0,8.53,175.2,0.031259842519685,"81.33799999999998",63.788,59.5579999999999,54.014,37,21.2,27.1
"BOOI4","2023-05-23 15:00",78.998,39.49,3067200,0,7.937,173.2,0.030511811023622,"82.687999999999974",63.788,59.5759999999999,54.0319999999999,37,21.2,27.1
"BOOI4","2023-05-23 16:00",81.032,37.4,2673360,0,7.096,160.9,0.0273622047244095,"83.46199999999989",63.914,59.5759999999999,54.0499999999999,37,21.2,27.1
"BOOI4","2023-05-23 17:00",80.7259999999999,39.09,2219400,0,7.592,186.6,0.0248818897637795,"83.533999999999921",64.0579999999999,59.5939999999999,54.0499999999999,37,21.2,27.1
"BOOI4","2023-05-23 18:00",79.898,35.41,1592640,0,6.826,175.8,0.0197637795275591,"83.227999999999895",64.2919999999999,59.6119999999999,54.0499999999999,37.1,21.1,27.1
"BOOI4","2023-05-23 19:00",78.8179999999999,36.99,918360,0,5.758,170.7,0.0135826771653543,"81.913999999999973",64.5259999999999,59.6119999999999,54.0859999999999,37.1,21.1,27.1
"BOOI4","2023-05-23 20:00",76.856,40.95,419760,0,6.029,163.3,0.00980314960629921,"80.20399999999988",64.814,59.6119999999999,54.1039999999999,37.1,21.1,27.1
"BOOI4","2023-05-23 21:00",73.3279999999999,44.59,56016,0,3.55,158.4,0.00271653543307087,"77.935999999999908",65.0839999999999,59.648,54.1039999999999,37.1,21.1,27.1
"BOOI4","2023-05-23 22:00",70.3759999999999,49.42,0,0,3.491,150.1,0.00204724409448819,"76.153999999999883",65.3359999999999,59.6659999999999,54.14,37.1,21.1,27.1
"BOOI4","2023-05-23 23:00",68.0179999999999,53.05,0,0,3.466,161.3,0.00169291338582677,"74.821999999999974",65.5519999999999,59.7019999999999,54.122,37.2,21.1,27.1
"BOOI4","2023-05-24 00:00",67.28,53.59,0,0,2.628,181.5,0.000984251968503937,"73.309999999999917",65.7499999999999,59.7739999999999,54.14,37.2,21.1,27.1
"BOOI4","2023-05-24 01:00",68.3779999999999,50.47,0,0,2.389,195.7,0.000826771653543307,"72.175999999999917",65.8939999999999,59.7919999999999,54.1759999999999,37.2,21.1,27.1
"BOOI4","2023-05-24 02:00",66.4159999999999,52.35,0,0,1.315,174,-3.93700787401575e-05,"71.113999999999962",65.948,59.846,54.2119999999999,37.2,21.1,27.1
"BOOI4","2023-05-24 03:00",65.732,52.15,0,0,1.284,174.1,-7.8740157480315e-05,"70.105999999999966",66.0199999999999,59.8999999999999,54.1939999999999,37.2,21.1,27.1
"BOOI4","2023-05-24 04:00",64.922,55.72,0,0,2.869,112.6,0.00102362204724409,"69.241999999999933",66.0019999999999,59.9539999999999,54.23,37.2,21.1,27.1
"BOOI4","2023-05-24 05:00",61.4119999999999,63.25,0,0,1.349,77.68,-0.000118110236220472,"68.341999999999928",65.9659999999999,60.0259999999999,54.23,37.2,21.1,27.1
"BOOI4","2023-05-24 06:00",58.496,72.56,7290,0,1.041,37.13,-0.00047244094488189,"67.333999999999932",65.8759999999999,60.098,54.2119999999999,37.1,21.1,27.1
"BOOI4","2023-05-24 07:00",63.2659999999999,65.6,222696,0,1.193,44.09,0.000393700787401575,"66.991999999999933",65.822,60.1339999999999,54.248,37.1,21.1,27.1
"BOOI4","2023-05-24 08:00",69.0619999999999,58.1,761400,0,2.005,51.74,0.005,"67.909999999999911",65.714,60.1699999999999,54.2659999999999,37.1,21.1,27.1
"BOOI4","2023-05-24 09:00",75.0199999999999,45.73,1363680,0,1.702,101,0.0101574803149606,"70.555999999999969",65.588,60.2419999999999,54.2659999999999,37.1,21.1,27.2
"BOOI4","2023-05-24 10:00",77.414,44.96,1986480,0,4.05,111.6,0.017755905511811,"73.45399999999988",65.4259999999999,60.2779999999999,54.3019999999999,37.1,21.1,27.2
"BOOI4","2023-05-24 11:00",78.746,34.46,2515680,0,5.8,114.2,0.024251968503937,"76.42399999999995",65.282,60.314,54.3199999999999,37,21.1,27.1
"BOOI4","2023-05-24 12:00",80.5099999999999,34.42,2948400,0,8.22,110.1,0.0307086614173228,"78.943999999999903",65.1739999999999,60.332,54.338,37,21,27.1
"BOOI4","2023-05-24 13:00",81.806,31.13,3132000,0,8.42,104.4,0.0328740157480315,"80.45599999999996",65.1199999999999,60.3859999999999,54.356,37,21.1,27.1
"BOOI4","2023-05-24 14:00",82.8499999999999,28.74,3211200,0,9.15,130.2,0.0353937007874016,"82.147999999999954",65.1199999999999,60.422,54.338,37,21,27.1
"BOOI4","2023-05-24 15:00",84.056,27.41,3009600,0,8.25,121.3,0.0338582677165354,"83.389999999999958",65.1739999999999,60.44,54.374,37,21,27.1
"BOOI4","2023-05-24 16:00",83.8759999999999,33.06,2709360,0,8.21,167.3,0.0309448818897638,"84.289999999999949",65.2999999999999,60.4579999999999,54.3919999999999,37.1,21.1,27.2
"BOOI4","2023-05-24 17:00",83.6779999999999,37.15,2263320,0,9.24,194.3,0.0282283464566929,"84.469999999999899",65.4619999999999,60.4939999999999,54.4099999999999,37.1,21,27.2
"BOOI4","2023-05-24 18:00",83.7859999999999,36.46,1735920,0,7.441,190.9,0.022244094488189,"84.577999999999903",65.6599999999999,60.4939999999999,54.4279999999999,37.1,21,27.1
"BOOI4","2023-05-24 19:00",83.498,34.41,919800,0,6.51,127.8,0.0159842519685039,"83.209999999999908",65.9119999999999,60.4939999999999,54.464,37.2,21,27.1
"BOOI4","2023-05-24 20:00",81.356,35.69,376200,0,7.134,131.7,0.012755905511811,"81.75199999999991",66.1999999999999,60.548,54.464,37.1,21,27.2
"BOOI4","2023-05-24 21:00",77.4679999999999,39.89,47088,0,4.531,116.8,0.00464566929133858,"79.645999999999987",66.488,60.566,54.4999999999999,37.2,21,27.2
"BOOI4","2023-05-24 22:00",74.138,46.72,0,0,9.34,107.8,0.00492125984251969,"78.169999999999888",66.74,60.6019999999999,54.4819999999999,37.2,21,27.2
"BOOI4","2023-05-24 23:00",70.988,52.32,0,0,9.7,104.6,0.00409448818897638,"76.639999999999958",67.0099999999999,60.6199999999999,54.5179999999999,37.2,21,27.2
"BOOI4","2023-05-25 00:00",68.648,59.11,0,0,9.68,100.9,0.00330708661417323,"75.379999999999981",67.19,60.6739999999999,54.5539999999999,37.3,21,27.2
"BOOI4","2023-05-25 01:00",67.6579999999999,62.14,0,0,11.81,100.8,0.00303149606299213,"74.353999999999886",67.3159999999999,60.7099999999999,54.5179999999999,37.3,21,27.2
"BOOI4","2023-05-25 02:00",65.03,66.76,0,0,11.8,102,0.00259842519685039,"73.291999999999931",67.406,60.764,54.5899999999999,37.3,21,27.2
"BOOI4","2023-05-25 03:00",62.9599999999999,70.51,0,0,10.31,96.2,0.00192913385826772,"72.301999999999907",67.4419999999999,60.8179999999999,54.572,37.3,21,27.1
"BOOI4","2023-05-25 04:00",61.9519999999999,69.59,0,0,10.71,99,0.00177165354330709,"71.383999999999929",67.4599999999999,60.89,54.6079999999999,37.3,21,27.1
"BOOI4","2023-05-25 05:00",59.1619999999999,75.24,0,0,9.5,101,0.00141732283464567,"70.537999999999982",67.4599999999999,60.9619999999999,54.6259999999999,37.2,21,27.1
"BOOI4","2023-05-25 06:00",57.6319999999999,72.81,6652.8,0,10.74,102.5,0.00149606299212598,"69.67399999999995",67.406,60.998,54.6439999999999,37.2,21,27.1
"BOOI4","2023-05-25 07:00",57.056,67.39,178236,0,10.5,96.3,0.00464566929133858,"68.899999999999935",67.3519999999999,61.0519999999999,54.6619999999999,37.2,21,27.1
"BOOI4","2023-05-25 08:00",57.7759999999999,56.04,554400,0,12.01,98.7,0.00897637795275591,"68.485999999999905",67.2259999999999,61.124,54.68,37.2,21,27.2
"BOOI4","2023-05-25 09:00",59.6119999999999,49.79,1359000,0,11.39,110.7,0.0139370078740157,"69.043999999999912",67.1179999999999,61.196,54.698,37.2,21,27.2
"BOOI4","2023-05-25 10:00",63.2839999999999,49.58,1981080,0,11.34,122.2,0.0181496062992126,"70.429999999999978",67.0099999999999,61.214,54.7159999999999,37.2,21,27.2
"BOOI4","2023-05-25 11:00",64.3999999999999,51.3,2550240,0,10.22,111.1,0.0203937007874016,"72.301999999999907",66.8839999999999,61.2859999999999,54.7339999999999,37.1,21,27.2
"BOOI4","2023-05-25 12:00",69.2419999999999,45.97,2908800,0,10.27,107.4,0.0245275590551181,"74.569999999999894",66.74,61.322,54.7519999999999,37.1,21,27.2
"BOOI4","2023-05-25 13:00",73.814,44.83,3182400,0,9.79,105.8,0.0281889763779528,"76.83799999999998",66.614,61.3399999999999,54.7699999999999,37.1,20.9,27.2
"BOOI4","2023-05-25 14:00",76.5679999999999,40.79,3193200,0,10.65,107.5,0.0309448818897638,"78.763999999999967",66.5239999999999,61.4119999999999,54.806,37.1,20.9,27.2
"BOOI4","2023-05-25 15:00",77.8999999999999,41.67,3009600,0,12.48,104.4,0.0320472440944882,"79.843999999999909",66.506,61.448,54.806,37.1,21,27.2
"BOOI4","2023-05-25 16:00",78.3859999999999,40.38,2665440,0,13.35,103.4,0.0313385826771654,"80.401999999999916",66.5239999999999,61.448,54.8239999999999,37.1,20.9,27.1
"BOOI4","2023-05-25 17:00",76.19,39.88,2123280,0,14.42,100.3,0.028740157480315,"80.059999999999917",66.614,61.4659999999999,54.8599999999999,37.1,20.9,27.1
"BOOI4","2023-05-25 18:00",76.28,39.47,1592280,0,13.4,106.3,0.024488188976378,"79.537999999999982",66.722,61.4659999999999,54.8599999999999,37.1,20.9,27.1
"BOOI4","2023-05-25 19:00",74.93,35.11,880200,0,12.06,115.3,0.0199212598425197,"78.781999999999954",66.9019999999999,61.4839999999999,54.8779999999999,37.2,20.9,27.1
"BOOI4","2023-05-25 20:00",72.3199999999999,33.79,405720,0,9.95,115.5,0.0147244094488189,"77.485999999999905",67.064,61.5019999999999,54.896,37.2,20.9,27.2
"BOOI4","2023-05-25 21:00",67.874,34.51,52200,0,6.872,112.7,0.00755905511811024,"75.865999999999943",67.2259999999999,61.538,54.9499999999999,37.2,20.9,27.2
"BOOI4","2023-05-25 22:00",63.9499999999999,34.05,0,0,6.829,100.9,0.00377952755905512,"74.209999999999908",67.406,61.556,54.932,37.2,20.8,27.2
"BOOI4","2023-05-25 23:00",60.9079999999999,38.51,0,0,7.168,100.3,0.00358267716535433,"72.769999999999897",67.532,61.556,54.9499999999999,37.2,20.8,27.2
"BOOI4","2023-05-26 00:00",59.1439999999999,38.76,0,0,7.149,102,0.00330708661417323,"71.473999999999947",67.5859999999999,61.5739999999999,54.9859999999999,37.2,20.8,27.2
"BOOI4","2023-05-26 01:00",55.6519999999999,43.98,0,0,5.366,98.1,0.00248031496062992,"70.21399999999997",67.622,61.664,55.0039999999999,37.2,20.8,27.2
"BOOI4","2023-05-26 02:00",56.048,42.33,0,0,5.056,89.7,0.00200787401574803,"69.043999999999912",67.6579999999999,61.7179999999999,55.022,37.2,20.8,27.2
"BOOI4","2023-05-26 03:00",53.4199999999999,48.4,0,0,5.935,93.9,0.00208661417322835,"68.017999999999915",67.6039999999999,61.7179999999999,55.04,37.2,20.8,27.2
"BOOI4","2023-05-26 04:00",53.24,47.6,0,0,5.383,110,0.00188976377952756,"67.207999999999942",67.532,61.7359999999999,55.0759999999999,37.1,20.8,27.2
"BOOI4","2023-05-26 05:00",50.4859999999999,52.08,0,0,4.66,114.2,0.00149606299212598,"66.289999999999949",67.4239999999999,61.8079999999999,55.0939999999999,37.2,20.8,27.2
"BOOI4","2023-05-26 06:00",48.5779999999999,54.43,12538.8,0,3.668,94,0.00102362204724409,"65.353999999999886",67.2619999999999,61.8439999999999,55.1119999999999,37.1,20.8,27.2
"BOOI4","2023-05-26 07:00",51.3859999999999,54.17,306360,0,4.905,88,0.00291338582677165,"64.741999999999933",67.1179999999999,61.8619999999999,55.1119999999999,37.1,20.8,27.3
"BOOI4","2023-05-26 08:00",55.4539999999999,49.3,888840,0,8.34,115.9,0.00897637795275591,"65.011999999999887",66.9199999999999,61.9159999999999,55.1659999999999,37.1,20.8,27.3
"BOOI4","2023-05-26 09:00",58.946,45,1493280,0,10.06,120.7,0.0140157480314961,"66.397999999999954",66.74,61.898,55.1839999999999,37.1,20.8,27.3
"BOOI4","2023-05-26 10:00",62.906,43.18,2203560,0,9.57,133.9,0.0191338582677165,"68.557999999999936",66.5779999999999,61.9339999999999,55.1839999999999,37,20.8,27.3
"BOOI4","2023-05-26 11:00",67.064,38.1,2755440,0,9.14,134.6,0.0239763779527559,"71.167999999999921",66.3259999999999,61.9699999999999,55.2019999999999,37,20.8,27.2
"BOOI4","2023-05-26 12:00",69.296,30.71,3168000,0,10.08,127.6,0.0294094488188976,"73.723999999999947",66.1279999999999,61.9519999999999,55.2739999999999,37,20.8,27.2
"BOOI4","2023-05-26 13:00",72.7159999999999,26.26,3405600,0,10.76,117.9,0.0330708661417323,"75.793999999999912",65.9659999999999,61.988,55.256,37,20.8,27.2
"BOOI4","2023-05-26 14:00",74.8579999999999,22.28,3448800,0,10.86,123.9,0.0353543307086614,"77.449999999999932",65.8759999999999,61.9699999999999,55.2919999999999,36.9,20.8,27.2
"BOOI4","2023-05-26 15:00",75.5239999999999,22.49,3272400,0,10.03,124.8,0.0347637795275591,"78.331999999999951",65.822,61.9339999999999,55.2919999999999,36.9,20.8,27.2
"BOOI4","2023-05-26 16:00",76.3519999999999,20.68,2905200,0,9.5,127.2,0.032244094488189,"78.925999999999917",65.84,61.9699999999999,55.3099999999999,37,20.8,27.2
"BOOI4","2023-05-26 17:00",76.3339999999999,21.07,2397960,0,9.66,123.7,0.0299606299212598,"78.871999999999971",65.948,61.9519999999999,55.3099999999999,37,20.8,27.2
"BOOI4","2023-05-26 18:00",75.9739999999999,20.05,1791360,0,10.08,112.5,0.0266535433070866,"78.385999999999896",66.056,61.9339999999999,55.346,37,20.8,27.2
"BOOI4","2023-05-26 19:00",75.056,21.47,1007280,0,10,115.6,0.0214566929133858,"77.917999999999921",66.2539999999999,61.898,55.346,37,20.8,27.2
"BOOI4","2023-05-26 20:00",72.1579999999999,25.16,506520,0,8.87,115.8,0.0155118110236221,"76.639999999999958",66.4339999999999,61.9159999999999,55.3999999999999,37.1,20.8,27.2
"BOOI4","2023-05-26 21:00",67.2439999999999,30.2,61704,0,5.65,113.2,0.00649606299212599,"74.659999999999911",66.6319999999999,61.9159999999999,55.3999999999999,37.1,20.7,27.2
"BOOI4","2023-05-26 22:00",65.3539999999999,32.7,0,0,5.411,111.5,0.00334645669291339,"73.183999999999926",66.8119999999999,61.898,55.4359999999999,37,20.7,27.2
"BOOI4","2023-05-26 23:00",62.1859999999999,37.35,0,0,4.705,99.2,0.00251968503937008,"71.779999999999973",66.9919999999999,61.898,55.4539999999999,37.1,20.7,27.2
"BOOI4","2023-05-27 00:00",60.1339999999999,40.57,0,0,5.081,103.3,0.00236220472440945,"70.537999999999982",67.0999999999999,61.9159999999999,55.4539999999999,37.1,20.7,27.2
"BOOI4","2023-05-27 01:00",59.8279999999999,39.53,0,0,3.81,129.7,0.00177165354330709,"69.367999999999924",67.1539999999999,61.9339999999999,55.49,37.1,20.7,27.2
"BOOI4","2023-05-27 02:00",59.8999999999999,39.15,0,0,3.789,134.4,0.0018503937007874,"68.647999999999954",67.1539999999999,61.9519999999999,55.49,37.1,20.7,27.2
"BOOI4","2023-05-27 03:00",55.7419999999999,45.2,0,0,2.678,113.2,0.00110236220472441,"67.71199999999989",67.172,61.9339999999999,55.5079999999999,37,20.7,27.2
"BOOI4","2023-05-27 04:00",52.196,53.85,0,0,2.16,75.5,0.000511811023622047,"66.613999999999962",67.082,62.006,55.5439999999999,37,20.7,27.2
"BOOI4","2023-05-27 05:00",48.5599999999999,65.96,0,0,3.184,48.61,0.000590551181102362,"65.641999999999925",66.9919999999999,62.0239999999999,55.5619999999999,37,20.7,27.2
"BOOI4","2023-05-27 06:00",51.4579999999999,59.21,11865.6,0,1.978,58.35,7.8740157480315e-05,"64.831999999999951",66.8659999999999,62.0419999999999,55.58,37,20.7,27.2
"BOOI4","2023-05-27 07:00",53.9239999999999,59.47,308520,0,2.142,66.69,0.00114173228346457,"64.507999999999939",66.722,62.096,55.598,37,20.7,27.2
"BOOI4","2023-05-27 08:00",60.8359999999999,46.19,891360,0,5.193,92.3,0.0075984251968504,"65.155999999999963",66.5599999999999,62.0779999999999,55.598,36.9,20.6,27.2
"BOOI4","2023-05-27 09:00",63.8239999999999,41.28,1550160,0,9.26,127.2,0.0161023622047244,"67.099999999999937",66.3619999999999,62.1319999999999,55.6699999999999,37,20.6,27.2
"BOOI4","2023-05-27 10:00",67.64,37.6,2192040,0,9.5,136.5,0.0211417322834646,"69.4939999999999",66.164,62.096,55.6519999999999,36.9,20.6,27.2
"BOOI4","2023-05-27 11:00",72.122,29.66,2720520,0,8.78,147.1,0.0262204724409449,"72.553999999999888",65.9659999999999,62.1319999999999,55.6699999999999,36.8,20.6,27.2
"BOOI4","2023-05-27 12:00",74.4079999999999,26.56,3139200,0,9.48,154.8,0.0316535433070866,"75.253999999999891",65.8039999999999,62.1319999999999,55.688,36.9,20.6,27.2
"BOOI4","2023-05-27 13:00",75.398,25.96,3369600,0,9.21,161.3,0.0338976377952756,"77.413999999999973",65.6599999999999,62.114,55.706,36.9,20.6,27.2
"BOOI4","2023-05-27 14:00",78.4579999999999,23.88,3405600,0,9.64,146.9,0.0353543307086614,"78.997999999999962",65.606,62.114,55.706,36.9,20.6,27.2
"BOOI4","2023-05-27 15:00",77.6839999999999,22.87,3243600,0,9.79,125.5,0.0355118110236221,"79.789999999999949",65.5519999999999,62.114,55.7239999999999,36.9,20.6,27.2
"BOOI4","2023-05-27 16:00",79.34,23.93,2890800,0,10.23,141.2,0.0341338582677165,"80.437999999999974",65.6419999999999,62.114,55.7599999999999,36.9,20.6,27.2
"BOOI4","2023-05-27 17:00",78.7999999999999,21.63,2380680,0,11.23,127.7,0.032244094488189,"80.257999999999939",65.7499999999999,62.096,55.7599999999999,36.9,20.6,27.1
"BOOI4","2023-05-27 18:00",79.2499999999999,21.49,1783080,0,10.96,131.4,0.0282677165354331,"79.663999999999973",65.93,62.0779999999999,55.796,36.9,20.6,27.1
"BOOI4","2023-05-27 19:00",78.332,24.8,1008720,0,10.54,132.5,0.0226377952755905,"79.21399999999997",66.164,62.0599999999999,55.814,37,20.6,27.1
"BOOI4","2023-05-27 20:00",75.6859999999999,26.29,507960,0,9.71,131,0.0172047244094488,"77.917999999999921",66.398,62.0239999999999,55.832,37,20.6,27.1
"BOOI4","2023-05-27 21:00",70.2499999999999,31.52,74556,0,5.386,123.8,0.00641732283464567,"75.865999999999943",66.6319999999999,62.0419999999999,55.832,37,20.6,27.1
"BOOI4","2023-05-27 22:00",68.1079999999999,34.66,14.4,0,3.076,134.3,0.00208661417322835,"74.46199999999989",66.848,62.0239999999999,55.8499999999999,37.1,20.6,27.1
"BOOI4","2023-05-27 23:00",66.6679999999999,36.75,0,0,2.793,138.2,0.00169291338582677,"73.129999999999981",67.0279999999999,62.0239999999999,55.8859999999999,37.1,20.5,27.2
"BOOI4","2023-05-28 00:00",63.1759999999999,40.61,0,0,4.05,93.7,0.00216535433070866,"71.725999999999928",67.1539999999999,62.0599999999999,55.9039999999999,37.1,20.5,27.2
"BOOI4","2023-05-28 01:00",63.14,40.11,0,0,3.342,103.3,0.00169291338582677,"70.843999999999909",67.2619999999999,62.0779999999999,55.9039999999999,37,20.5,27.2
"BOOI4","2023-05-28 02:00",60.9439999999999,43.15,0,0,0.513,126.7,-0.00094488188976378,"69.655999999999963",67.298,62.096,55.94,37,20.5,27.2
"BOOI4","2023-05-28 03:00",63.806,38.64,0,0,2.188,153.1,0.000866141732283465,"68.95399999999988",67.298,62.1319999999999,55.94,37,20.5,27.2
"BOOI4","2023-05-28 04:00",55.7779999999999,54.26,0,0,2.905,71.63,0.00110236220472441,"67.909999999999911",67.2619999999999,62.1859999999999,55.94,37.1,20.5,27.2
"BOOI4","2023-05-28 05:00",52.556,65.1,0,0,4.045,63.55,0.000669291338582677,"66.847999999999956",67.172,62.1679999999999,55.9759999999999,37,20.5,27.2
"BOOI4","2023-05-28 06:00",55.0039999999999,56.74,5320.8,0,3.348,55.33,0.000748031496062992,"66.145999999999987",67.0999999999999,62.222,55.9759999999999,37,20.5,27.2
"BOOI4","2023-05-28 07:00",55.8499999999999,62.3,230580,0,2.656,57.08,0.00173228346456693,"65.659999999999911",66.938,62.24,56.0119999999999,37,20.5,27.2
"BOOI4","2023-05-28 08:00",62.3659999999999,46.81,861840,0,4.598,95.1,0.00751968503937008,"66.433999999999926",66.83,62.2759999999999,56.0119999999999,37,20.5,27.2
"BOOI4","2023-05-28 09:00",68.6659999999999,39.06,1559520,0,5.366,138.7,0.0139370078740157,"68.539999999999949",66.6499999999999,62.33,56.03,37,20.5,27.2
"BOOI4","2023-05-28 10:00",73.6519999999999,34.14,2159640,0,5.487,135.7,0.0198425196850394,"71.599999999999937",66.488,62.33,56.048,36.9,20.5,27.2
"BOOI4","2023-05-28 11:00",75.8119999999999,28.14,2518560,0,6.721,127.6,0.0253149606299213,"74.281999999999954",66.3079999999999,62.33,56.03,36.9,20.5,27.2
"BOOI4","2023-05-28 12:00",77.5039999999999,30.7,3132000,0,8.48,136.7,0.0318503937007874,"76.729999999999976",66.164,62.33,56.048,36.8,20.4,27.2
"BOOI4","2023-05-28 13:00",79.6099999999999,27.49,3222000,0,9.21,129,0.0341732283464567,"78.745999999999981",66.0739999999999,62.348,56.066,36.8,20.4,27.2
"BOOI4","2023-05-28 14:00",79.106,25.22,3355200,0,9.33,163.3,0.0357086614173228,"80.113999999999962",66.038,62.33,56.0839999999999,36.8,20.4,27.2
"BOOI4","2023-05-28 15:00",81.248,23.22,3222000,0,9.42,156.4,0.035748031496063,"81.013999999999967",66.0739999999999,62.348,56.1019999999999,36.8,20.4,27.2
"BOOI4","2023-05-28 16:00",80.1679999999999,25.21,2856600,0,8.89,147.4,0.0333464566929134,"81.427999999999898",66.146,62.3119999999999,56.1199999999999,36.9,20.4,27.2
"BOOI4","2023-05-28 17:00",81.3019999999999,23.53,2372040,0,8.29,148.3,0.0289763779527559,"81.121999999999971",66.2899999999999,62.3119999999999,56.138,36.9,20.4,27.1
"BOOI4","2023-05-28 18:00",81.248,25.32,1769040,0,7.803,163.5,0.0242913385826772,"80.959999999999908",66.488,62.33,56.138,36.9,20.4,27.1
"BOOI4","2023-05-28 19:00",79.538,28.62,1000080,0,7.662,169.3,0.0189370078740158,"80.419999999999888",66.7579999999999,62.33,56.1739999999999,37,20.4,27.1
"BOOI4","2023-05-28 20:00",77.2339999999999,30.11,497160,0,6.625,170.6,0.0124409448818898,"78.997999999999962",67.0099999999999,62.33,56.1739999999999,37,20.4,27.1
"BOOI4","2023-05-28 21:00",73.5619999999999,33.73,73224,0,3.508,159.7,0.00330708661417323,"76.747999999999962",67.2439999999999,62.3119999999999,56.1919999999999,37,20.4,27.1
"BOOI4","2023-05-28 22:00",68.1259999999999,41.67,14.4,0,3.032,178.9,0.00188976377952756,"74.911999999999892",67.496,62.3659999999999,56.1919999999999,37,20.4,27.1
"BOOI4","2023-05-28 23:00",67.4419999999999,41.82,0,0,3.044,176.2,0.00165354330708661,"73.70599999999996",67.6939999999999,62.33,56.2099999999999,37.1,20.4,27.1
"BOOI4","2023-05-29 00:00",65.282,46.05,0,0,5.457,121.9,0.00271653543307087,"72.769999999999897",67.8919999999999,62.4019999999999,56.2279999999999,37.1,20.4,27.2
"BOOI4","2023-05-29 01:00",62.8519999999999,50.96,0,0,4.547,136.4,0.00204724409448819,"71.671999999999969",67.9999999999999,62.4199999999999,56.2279999999999,37,20.4,27.2
"BOOI4","2023-05-29 02:00",62.1679999999999,51.85,0,0,3.508,143.3,0.00133858267716536,"70.699999999999932",68.0539999999999,62.456,56.264,37,20.4,27.1
"BOOI4","2023-05-29 03:00",60.9619999999999,54.45,0,0,3.239,142.8,0.00110236220472441,"69.871999999999971",68.0539999999999,62.4739999999999,56.2819999999999,37,20.4,27.1
"BOOI4","2023-05-29 04:00",60.0079999999999,56.45,0,0,3.729,158.1,0.00118110236220473,"69.025999999999925",68.0539999999999,62.5099999999999,56.2999999999999,37,20.4,27.2
"BOOI4","2023-05-29 05:00",57.0019999999999,62.66,0,0,3.625,165.6,0.000984251968503937,"68.215999999999937",67.9999999999999,62.5099999999999,56.2999999999999,37.1,20.4,27.2
"BOOI4","2023-05-29 06:00",59.0539999999999,60.12,10198.8,0,3.082,151.8,0.000748031496062992,"67.675999999999917",67.9279999999999,62.582,56.2999999999999,37,20.4,27.2
"BOOI4","2023-05-29 07:00",61.5919999999999,60.17,288360,0,3.356,152.5,0.00236220472440945,"67.42399999999995",67.8199999999999,62.6539999999999,56.3359999999999,37,20.4,27.2
"BOOI4","2023-05-29 08:00",67.406,54.54,864000,0,5.611,158.4,0.0081496062992126,"68.12599999999992",67.6939999999999,62.672,56.3539999999999,37,20.4,27.2
"BOOI4","2023-05-29 09:00",71.888,49.77,1512360,0,7.105,175.6,0.0146456692913386,"70.249999999999929",67.5499999999999,62.7259999999999,56.3179999999999,37,20.4,27.2
"BOOI4","2023-05-29 10:00",77.4499999999999,39.41,2120040,0,7.058,181.6,0.0208267716535433,"73.327999999999903",67.406,62.7259999999999,56.39,37,20.4,27.2
"BOOI4","2023-05-29 11:00",79.6099999999999,36.84,2646000,0,9.7,183.8,0.0288582677165354,"76.207999999999942",67.2619999999999,62.7619999999999,56.372,36.9,20.4,27.2
"BOOI4","2023-05-29 12:00",80.2579999999999,38.01,2959200,0,10.53,177.5,0.0324803149606299,"78.277999999999892",67.1359999999999,62.78,56.39,36.9,20.4,27.1
"BOOI4","2023-05-29 13:00",79.1779999999999,40.32,2503080,0,10.51,166.1,0.0299606299212598,"79.37599999999992",67.046,62.798,56.4259999999999,36.9,20.4,27.1
"BOOI4","2023-05-29 14:00",81.7519999999999,38.66,3016800,0,9.67,165.9,0.032244094488189,"80.581999999999951",67.0099999999999,62.798,56.4259999999999,36.9,20.4,27.1
"BOOI4","2023-05-29 15:00",82.0759999999999,39.5,2726640,0,10.8,162.7,0.0317716535433071,"81.661999999999892",67.0279999999999,62.816,56.4259999999999,36.9,20.4,27.1
"BOOI4","2023-05-29 16:00",82.1119999999999,40.97,2331000,0,10.74,174.8,0.0295669291338583,"82.003999999999891",67.1359999999999,62.8519999999999,56.4619999999999,36.9,20.4,27.1
"BOOI4","2023-05-29 17:00",82.8679999999999,39.82,2266920,0,10.83,182.9,0.0292125984251969,"81.949999999999932",67.28,62.8339999999999,56.48,37,20.4,27.1
"BOOI4","2023-05-29 18:00",81.8779999999999,41.66,1638000,0,9.37,182.7,0.0229527559055118,"81.859999999999914",67.4599999999999,62.816,56.4619999999999,36.9,20.4,27.1
"BOOI4","2023-05-29 19:00",81.5539999999999,43.02,700200,0,8.93,172.1,0.0163779527559055,"81.499999999999929",67.6759999999999,62.798,56.498,37,20.4,27.2
"BOOI4","2023-05-29 20:00",80.24,43.5,463680,0,9.18,164.8,0.0138582677165354,"80.185999999999908",67.9279999999999,62.816,56.5159999999999,37,20.4,27.2
"BOOI4","2023-05-29 21:00",76.1359999999999,48.68,60876,0,7.645,154.1,0.0078740157480315,"78.421999999999969",68.1259999999999,62.8699999999999,56.5339999999999,37,20.4,27.2
"BOOI4","2023-05-29 22:00",73.2739999999999,53.02,0,0,5.272,151.8,0.00311023622047244,"77.035999999999902",68.3599999999999,62.8519999999999,56.5519999999999,37.1,20.4,27.2
"BOOI4","2023-05-29 23:00",71.456,54.36,0,0,5.541,143.4,0.0028740157480315,"75.865999999999943",68.5939999999999,62.906,56.5339999999999,37.1,20.4,27.2
"BOOI4","2023-05-30 00:00",69.9259999999999,56.47,0,0,7.19,153.3,0.00311023622047244,"74.857999999999933",68.738,62.9419999999999,56.5699999999999,37.1,20.3,27.2
"BOOI4","2023-05-30 01:00",65.8939999999999,65.05,0,0,5.438,167.9,0.00216535433070866,"73.687999999999974",68.8279999999999,62.9419999999999,56.606,37.1,20.3,27.2
"BOOI4","2023-05-30 02:00",65.9659999999999,65.88,0,0,3.824,171.4,0.00125984251968504,"72.823999999999941",68.9179999999999,62.996,56.606,37.1,20.3,27.2
"BOOI4","2023-05-30 03:00",64.238,69.03,0,0,4.819,162.1,0.00149606299212598,"72.067999999999913",68.9539999999999,63.0319999999999,56.606,37.1,20.3,27.2
"BOOI4","2023-05-30 04:00",63.7699999999999,72.33,0,0,4.544,180.7,0.00114173228346457,"71.365999999999943",68.9539999999999,63.0859999999999,56.6419999999999,37.1,20.3,27.2
"BOOI4","2023-05-30 05:00",62.6179999999999,74.92,0,0,4.724,187.4,0.00102362204724409,"70.735999999999905",68.9179999999999,63.122,56.6419999999999,37.1,20.3,27.1
"BOOI4","2023-05-30 06:00",64.13,72.99,42804,0,4.226,167.8,0.00102362204724409,"70.285999999999902",68.864,63.1579999999999,56.6779999999999,37.1,20.3,27.2
"BOOI4","2023-05-30 07:00",66.938,69.04,396000,0,4.29,152.4,0.00291338582677165,"70.393999999999906",68.7919999999999,63.2119999999999,56.6779999999999,37.1,20.3,27.1
"BOOI4","2023-05-30 08:00",69.9259999999999,66.83,684720,0,6.057,163.4,0.00716535433070866,"70.969999999999899",68.7019999999999,63.2659999999999,56.696,37,20.3,27.1
"BOOI4","2023-05-30 09:00",72.338,64.58,924480,0,7.186,161.3,0.010511811023622,"72.013999999999967",68.5939999999999,63.3019999999999,56.714,37,20.3,27.1
"BOOI4","2023-05-30 10:00",75.956,61.42,1369080,0,10.25,159.2,0.0157874015748031,"73.507999999999939",68.4679999999999,63.3199999999999,56.7319999999999,37,20.3,27.1
"BOOI4","2023-05-30 11:00",77.09,63.19,1838880,0,11.05,176,0.0198818897637795,"75.523999999999944",68.3599999999999,63.356,56.7499999999999,37,20.2,27.1
"BOOI4","2023-05-30 12:00",80.8159999999999,57.58,2121120,0,11.58,174.4,0.0225590551181102,"77.467999999999918",68.2699999999999,63.4099999999999,56.7499999999999,37,20.2,27.1
"BOOI4","2023-05-30 13:00",82.2739999999999,53.3,3366000,0,14.05,171.7,0.032992125984252,"79.879999999999981",68.18,63.4099999999999,56.7679999999999,37,20.2,27.1
"BOOI4","2023-05-30 14:00",84.5419999999999,53.82,3031200,0,12.24,178.2,0.0317322834645669,"81.571999999999974",68.18,63.446,56.7859999999999,37,20.2,27.1
"BOOI4","2023-05-30 15:00",83.6779999999999,50.6,2023200,0,12.23,169.1,0.0265354330708662,"82.129999999999981",68.1619999999999,63.4279999999999,56.8039999999999,37,20.2,27.1
"BOOI4","2023-05-30 16:00",83.93,48.78,2116800,0,13.3,166.8,0.028740157480315,"82.291999999999931",68.2159999999999,63.446,56.8039999999999,37,20.2,27.2
"BOOI4","2023-05-30 17:00",82.9759999999999,49.14,693360,0,10.99,172.5,0.018503937007874,"81.301999999999907",68.3419999999999,63.4999999999999,56.8399999999999,37,20.2,27.2
"BOOI4","2023-05-30 18:00",70.8439999999999,76.25,90288,0,10.71,277.6,0.0101968503937008,"78.547999999999959",68.5039999999999,63.464,56.8579999999999,37,20.2,27.1
"BOOI4","2023-05-30 19:00",64.6699999999999,94.3,7844.4,0.18,15.45,274.4,0.00555118110236221,"76.819999999999894",68.6659999999999,63.4819999999999,56.8759999999999,37,20.2,27.2
"BOOI4","2023-05-30 20:00",63.932,97.2,2901.6,0.09,9.81,253.6,0.000826771653543307,"75.379999999999981",68.864,63.4999999999999,56.8579999999999,37.1,20.2,27.2
"BOOI4","2023-05-30 21:00",64.0579999999999,98.1,1098,0.15,3.037,229.2,0.000196850393700787,"74.137999999999977",69.0439999999999,63.5359999999999,56.8939999999999,37.1,20.2,27.2
"BOOI4","2023-05-30 22:00",64.5079999999999,94.7,0,0.04,5.616,210.8,0.000275590551181102,"73.039999999999949",69.1159999999999,63.572,56.8939999999999,37.1,20.2,27.1
"BOOI4","2023-05-30 23:00",64.364,92.1,0,0,4.228,197,0.00047244094488189,"72.121999999999971",69.2239999999999,63.572,56.9119999999999,37.1,20.2,27.2
"BOOI4","2023-05-31 00:00",65.156,91.8,0,0,1.713,92.1,0.000196850393700787,"71.347999999999956",69.2239999999999,63.5899999999999,56.948,37.1,20.2,27.2
"BOOI4","2023-05-31 01:00",63.9499999999999,97.4,0,0,2.594,106.4,0.000196850393700787,"70.699999999999932",69.188,63.6439999999999,56.9659999999999,37.1,20.2,27.2
"BOOI4","2023-05-31 02:00",63.68,96.9,0,0,2.005,130.6,0.000118110236220472,"70.177999999999898",69.1339999999999,63.68,56.9839999999999,37.1,20.2,27.2
"BOOI4","2023-05-31 03:00",63.68,96.1,0,0,2.856,191.3,0.000118110236220472,"69.781999999999954",69.0259999999999,63.698,56.9839999999999,37.1,20.2,27.2
"BOOI4","2023-05-31 04:00",62.798,97.3,0,0,1.635,145.1,0.000118110236220472,"69.403999999999883",68.9179999999999,63.7159999999999,56.9839999999999,37.1,20.2,27.2
"BOOI4","2023-05-31 05:00",62.2759999999999,98,0,0,2.883,82.8,0.000196850393700787,"68.881999999999948",68.756,63.7699999999999,57.0019999999999,37.1,20.2,27.2
"BOOI4","2023-05-31 06:00",62.6539999999999,97.8,6213.6,0,0.678,64.21,7.8740157480315e-05,"68.449999999999932",68.5939999999999,63.788,57.038,37,20.2,27.2
"BOOI4","2023-05-31 07:00",64.13,92.6,155052,0,4.176,108.4,0.000826771653543307,"68.287999999999982",68.4499999999999,63.8239999999999,57.0739999999999,37,20.2,27.2
"BOOI4","2023-05-31 08:00",65.606,90.4,378720,0,4.024,97.1,0.00279527559055118,"68.467999999999918",68.288,63.8239999999999,57.0919999999999,37,20.2,27.2
"BOOI4","2023-05-31 09:00",70.7899999999999,83.5,1433160,0,2.876,159.3,0.0091732283464567,"70.249999999999929",68.1259999999999,63.8239999999999,57.0919999999999,37,20.2,27.3
"BOOI4","2023-05-31 10:00",74.8759999999999,75.43,2026080,0,6.058,173.9,0.0148425196850394,"73.57999999999997",67.964,63.8239999999999,57.1099999999999,37,20.2,27.3
"BOOI4","2023-05-31 11:00",77.09,69.58,2564640,0,7.153,155.3,0.0196850393700787,"76.387999999999977",67.8199999999999,63.8239999999999,57.1279999999999,37,20.2,27.3
"BOOI4","2023-05-31 12:00",78.8539999999999,66.81,2962800,0,7.939,154.7,0.0244094488188976,"78.763999999999967",67.6939999999999,63.806,57.1279999999999,37,20.2,27.3
"BOOI4","2023-05-31 13:00",81.23,64.7,3225600,0,8.42,168.7,0.0269291338582677,"80.437999999999974",67.6039999999999,63.8599999999999,57.1279999999999,37,20.2,27.3
"BOOI4","2023-05-31 14:00",82.364,60.48,3146400,0,8.14,170.7,0.0274015748031496,"81.787999999999982",67.6039999999999,63.788,57.182,37,20.2,27.3
"BOOI4","2023-05-31 15:00",83.048,53.29,3020400,0,9.79,170.2,0.0293700787401575,"82.45399999999988",67.6579999999999,63.806,57.1999999999999,37,20.2,27.3
"BOOI4","2023-05-31 16:00",84.5779999999999,54.23,2661480,0,10.91,174.5,0.0281889763779528,"82.45399999999988",67.7839999999999,63.806,57.2179999999999,37,20.2,27.2
"BOOI4","2023-05-31 17:00",84.7759999999999,54.3,1928160,0,11.36,173.8,0.0237007874015748,"82.039999999999949",67.9099999999999,63.806,57.2179999999999,37,20.2,27.2
"BOOI4","2023-05-31 18:00",82.364,52.75,1620720,0,14.2,219.4,0.0249212598425197,"81.229999999999976",68.1259999999999,63.806,57.2359999999999,37.1,20.2,27.2
"BOOI4","2023-05-31 19:00",81.2659999999999,57.98,963000,0,10.74,222.7,0.0166141732283465,"80.437999999999974",68.3419999999999,63.788,57.2539999999999,37.1,20.2,27.3
"BOOI4","2023-05-31 20:00",77.3599999999999,69.12,310680,0,5.784,217.8,0.00688976377952756,"78.619999999999891",68.522,63.7699999999999,57.272,37.2,20.2,27.3
"BOOI4","2023-05-31 21:00",74.6419999999999,75.17,40464,0,1.834,204.2,0.000433070866141732,"77.197999999999965",68.738,63.788,57.272,37.2,20.2,27.3
"BOOI4","2023-05-31 22:00",74.372,74.21,46.8,0,3.255,159.6,0.000590551181102362,"76.117999999999924",68.846,63.788,57.29,37.1,20.2,27.3
"BOOI4","2023-05-31 23:00",72.7519999999999,78.47,0,0,4.089,161.5,0.000590551181102362,"75.109999999999914",68.99,63.7699999999999,57.3259999999999,37.1,20.2,27.3
"BOOI4","2023-06-01 00:00",69.89,83,0,0,5.981,155.1,0.00078740157480315,"74.155999999999963",69.0439999999999,63.8239999999999,57.3439999999999,37.2,20.2,27.3
"BOOI4","2023-06-01 01:00",68.198,84.7,0,0,5.044,159.4,0.00047244094488189,"73.183999999999926",69.1339999999999,63.8239999999999,57.3619999999999,37.2,20.2,27.3
"BOOI4","2023-06-01 02:00",67.406,85.7,0,0,4.005,145.4,0.000118110236220472,"72.373999999999953",69.098,63.8419999999999,57.3439999999999,37.1,20.2,27.3
"BOOI4","2023-06-01 03:00",66.164,88.5,0,0,3.368,122.3,-7.8740157480315e-05,"71.671999999999969",69.1159999999999,63.8599999999999,57.38,37.1,20.2,27.3
"BOOI4","2023-06-01 04:00",64.2919999999999,93.2,0,0,3.969,96.4,-0.000196850393700787,"70.951999999999913",69.0439999999999,63.914,57.398,37.1,20.2,27.3
"BOOI4","2023-06-01 05:00",66.596,92.2,0,0,6.28,114.4,0,"70.609999999999914",68.9539999999999,63.9499999999999,57.4339999999999,37.1,20.2,27.3
"BOOI4","2023-06-01 06:00",67.0099999999999,94.2,11347.2,0,7.872,139.4,0.000118110236220472,"70.447999999999965",68.864,63.9499999999999,57.4159999999999,37.1,20.2,27.3
"BOOI4","2023-06-01 07:00",67.5679999999999,97.7,156924,0,8.14,179.3,0.000826771653543307,"70.411999999999892",68.756,63.9679999999999,57.4519999999999,37.1,20.2,27.3
"BOOI4","2023-06-01 08:00",66.4339999999999,98.7,52812,0,9.75,178.2,0.000669291338582677,"70.37599999999992",68.6119999999999,64.0039999999999,57.4519999999999,37,20.2,27.3
"BOOI4","2023-06-01 09:00",65.606,99.9,55368,0.06,10.23,153.4,0.000354330708661417,"70.159999999999911",68.4859999999999,64.0399999999999,57.4699999999999,37.1,20.2,27.3
"BOOI4","2023-06-01 10:00",66.956,100,165096,0.01,5.123,145.7,0.00106299212598425,"69.997999999999962",68.3599999999999,64.0399999999999,57.488,37.1,20.2,27.3
"BOOI4","2023-06-01 11:00",68.09,97.2,628200,0.01,8.45,137.6,0.00385826771653543,"70.267999999999915",68.2159999999999,64.0579999999999,57.506,37.1,20.2,27.3
"BOOI4","2023-06-01 12:00",70.6999999999999,91.2,1498680,0.02,11.94,124.9,0.00937007874015748,"71.527999999999892",68.1259999999999,64.0939999999999,57.506,37.1,20.3,27.3
"BOOI4","2023-06-01 13:00",71.33,90.8,1500840,0.01,12.59,127.4,0.0103543307086614,"72.589999999999961",67.9999999999999,64.0759999999999,57.5239999999999,37.1,20.3,27.3
"BOOI4","2023-06-01 14:00",73.6699999999999,88.7,1917000,0.01,10.6,138.8,0.0133464566929134,"74.047999999999959",67.8919999999999,64.0759999999999,57.5419999999999,37.1,20.3,27.3
"BOOI4","2023-06-01 15:00",76.4239999999999,83.2,2190600,0.02,8.82,145.1,0.0158661417322835,"75.631999999999948",67.8199999999999,64.0759999999999,57.5599999999999,37.1,20.3,27.3
"BOOI4","2023-06-01 16:00",72.2119999999999,82.2,1040760,0.02,9.25,158.3,0.01,"76.063999999999965",67.7659999999999,64.0579999999999,57.5599999999999,37.1,20.3,27.3
"BOOI4","2023-06-01 17:00",66.8839999999999,96.4,55404,0.01,10.34,192.5,0.00200787401574803,"74.245999999999981",67.7839999999999,64.0939999999999,57.5599999999999,37.1,20.3,27.3
"BOOI4","2023-06-01 18:00",67.28,94.3,78696,0.01,5.638,182.5,0.00110236220472441,"73.273999999999944",67.8019999999999,64.0579999999999,57.614,37.2,20.3,27.3
"BOOI4","2023-06-01 19:00",68.99,92.6,153216,0.01,1.619,132.2,0.00133858267716536,"72.733999999999924",67.874,64.0399999999999,57.596,37.2,20.4,27.3
"BOOI4","2023-06-01 20:00",69.5839999999999,94.1,101232,0,4.277,150.2,0.00137795275590551,"72.46399999999997",67.9099999999999,64.0399999999999,57.614,37.2,20.4,27.3
"BOOI4","2023-06-01 21:00",67.6939999999999,97.1,36864,0.01,4.007,126.7,-0.00015748031496063,"72.067999999999913",67.964,64.022,57.6319999999999,37.3,20.4,27.3
"BOOI4","2023-06-01 22:00",66.596,98.4,0,0,3.403,111.6,0.000118110236220472,"71.437999999999974",67.946,64.0399999999999,57.6319999999999,37.3,20.4,27.3
"BOOI4","2023-06-01 23:00",67.28,97,0,0,3.536,108.9,0.00015748031496063,"71.005999999999958",67.946,64.0039999999999,57.6679999999999,37.3,20.4,27.3
"BOOI4","2023-06-02 00:00",67.6939999999999,95.5,0,0.01,1.763,132.9,0.000118110236220472,"70.753999999999891",67.9279999999999,64.0039999999999,57.6859999999999,37.3,20.4,27.3
"BOOI4","2023-06-02 01:00",68.3239999999999,93.1,0,0,4.441,115.8,0.000275590551181102,"70.555999999999969",67.874,64.0039999999999,57.6679999999999,37.3,20.4,27.4
"BOOI4","2023-06-02 02:00",68.396,92.9,0,0,2.566,141.3,0.00031496062992126,"70.339999999999961",67.8199999999999,64.0039999999999,57.722,37.3,20.4,27.4
"BOOI4","2023-06-02 03:00",67.622,95.3,0,0,1.793,154.4,0.000236220472440945,"70.08799999999998",67.73,63.9679999999999,57.722,37.3,20.4,27.4
"BOOI4","2023-06-02 04:00",67.874,94.7,0,0.01,3.227,209.9,0.000236220472440945,"69.925999999999917",67.64,63.9859999999999,57.74,37.3,20.4,27.4
"BOOI4","2023-06-02 05:00",68.3239999999999,90.6,0,0,4.383,229,0.000511811023622047,"69.835999999999899",67.5679999999999,63.9859999999999,57.7759999999999,37.3,20.4,27.4
"BOOI4","2023-06-02 06:00",67.838,91,9554.4,0,1.535,234.2,0.000354330708661417,"69.637999999999977",67.4779999999999,63.9679999999999,57.7579999999999,37.3,20.4,27.4
"BOOI4","2023-06-02 07:00",69.1699999999999,93.5,274572,0,4.38,68.31,0.000669291338582677,"69.727999999999895",67.3519999999999,63.9859999999999,57.7759999999999,37.2,20.4,27.4
"BOOI4","2023-06-02 08:00",72.8419999999999,87.5,844920,0.01,6.262,106.5,0.00523622047244095,"70.627999999999901",67.28,63.9679999999999,57.7939999999999,37.2,20.5,27.4
"BOOI4","2023-06-02 09:00",74.9659999999999,84,1413720,0,5.481,115.2,0.00996062992125984,"72.481999999999957",67.2079999999999,63.9499999999999,57.7939999999999,37.2,20.5,27.4
"BOOI4","2023-06-02 10:00",77.3419999999999,76.95,1945800,0,4.304,117.6,0.0144488188976378,"75.235999999999905",67.0999999999999,63.932,57.8119999999999,37.3,20.5,27.4
"BOOI4","2023-06-02 11:00",80.2579999999999,73.29,2379960,0.01,3.346,119.9,0.0183858267716536,"78.331999999999951",67.064,63.896,57.7939999999999,37.2,20.5,27.4
"BOOI4","2023-06-02 12:00",81.572,70.28,2791080,0,3.709,123.6,0.022244094488189,"80.977999999999895",67.0099999999999,63.932,57.83,37.2,20.5,27.4
"BOOI4","2023-06-02 13:00",83.606,60.73,2980800,0.01,5.003,116.9,0.025,"82.777999999999892",67.0279999999999,63.8779999999999,57.848,37.3,20.5,27.4
"BOOI4","2023-06-02 14:00",84.146,64.83,3009600,0,6.441,134.9,0.0265354330708662,"83.857999999999933",67.172,63.8599999999999,57.8659999999999,37.2,20.5,27.4
"BOOI4","2023-06-02 15:00",85.4779999999999,58.13,2948400,0.01,7.43,145.8,0.0277165354330709,"84.325999999999922",67.298,63.8239999999999,57.8839999999999,37.2,20.5,27.4
"BOOI4","2023-06-02 16:00",85.9999999999999,55.55,2591640,0,8.24,140.2,0.026259842519685,"83.965999999999937",67.514,63.8239999999999,57.8659999999999,37.3,20.5,27.4
"BOOI4","2023-06-02 17:00",85.532,53.27,2188440,0.01,9.04,158.9,0.0241732283464567,"83.515999999999948",67.7839999999999,63.8419999999999,57.9199999999999,37.3,20.5,27.4
"BOOI4","2023-06-02 18:00",85.2619999999999,53.22,1646640,0,6.561,152.2,0.0188188976377953,"83.227999999999895",68.09,63.8419999999999,57.9019999999999,37.3,20.5,27.4
"BOOI4","2023-06-02 19:00",81.7159999999999,58.7,813600,0,10.28,125,0.0151181102362205,"81.139999999999958",68.414,63.8419999999999,57.9019999999999,37.4,20.5,27.4
"BOOI4","2023-06-02 20:00",77.8999999999999,67.66,235044,0.01,7.392,111.8,0.00822834645669291,"79.483999999999924",68.7019999999999,63.8239999999999,57.9199999999999,37.3,20.5,27.4
"BOOI4","2023-06-02 21:00",76.082,67.27,26863.2,0,5.036,103.7,0.00362204724409449,"77.935999999999908",68.972,63.8239999999999,57.956,37.4,20.5,27.4
"BOOI4","2023-06-02 22:00",73.58,73.66,3.6,0,3.842,94.5,0.00110236220472441,"76.675999999999917",69.2419999999999,63.8599999999999,57.9739999999999,37.4,20.5,27.4
"BOOI4","2023-06-02 23:00",70.88,83,0,0,3.142,138.9,0.000708661417322835,"75.451999999999913",69.422,63.8599999999999,57.956,37.4,20.5,27.4
"BOOI4","2023-06-03 00:00",70.9159999999999,83.5,0,0,0.7,200.2,-0.000590551181102362,"74.821999999999974",69.548,63.9499999999999,57.956,37.4,20.5,27.4
"BOOI4","2023-06-03 01:00",70.3759999999999,83.4,0,0,0.467,242.4,-0.000708661417322835,"74.101999999999904",69.5839999999999,63.9499999999999,57.9739999999999,37.4,20.5,27.4
"BOOI4","2023-06-03 02:00",67.64,90.6,0,0,1.834,46.23,-0.000275590551181102,"73.273999999999944",69.5839999999999,63.9859999999999,57.9919999999999,37.4,20.5,27.4
"BOOI4","2023-06-03 03:00",65.732,96.1,0,0,3.358,44.99,-0.000196850393700787,"72.445999999999984",69.5839999999999,64.0399999999999,58.0099999999999,37.4,20.5,27.4
"BOOI4","2023-06-03 04:00",66.398,93.7,0,0,2.861,54.12,-0.000354330708661417,"71.833999999999932",69.53,64.0939999999999,58.0279999999999,37.3,20.5,27.4
"BOOI4","2023-06-03 05:00",66.0919999999999,93.8,0,0,3.543,24.15,-0.000196850393700787,"71.293999999999912",69.44,64.1659999999999,58.0099999999999,37.3,20.5,27.4
"BOOI4","2023-06-03 06:00",66.038,92.7,12391.2,0,3.353,14.13,-0.00015748031496063,"70.789999999999949",69.3499999999999,64.1659999999999,58.0279999999999,37.3,20.5,27.4
"BOOI4","2023-06-03 07:00",67.6759999999999,90.6,221508,0,2.838,16.74,0.00078740157480315,"70.537999999999982",69.2239999999999,64.2199999999999,58.0279999999999,37.3,20.5,27.4
"BOOI4","2023-06-03 08:00",70.898,85.9,744480,0,5.016,55.7,0.00476377952755906,"71.077999999999903",69.098,64.2739999999999,58.082,37.3,20.4,27.4
"BOOI4","2023-06-03 09:00",76.0099999999999,70.99,1317240,0,7.429,80.5,0.0109448818897638,"72.62599999999992",68.972,64.2739999999999,58.046,37.2,20.4,27.4
"BOOI4","2023-06-03 10:00",78.4039999999999,60.9,1899720,0,6.564,110.3,0.017244094488189,"74.929999999999978",68.8279999999999,64.3279999999999,58.082,37.2,20.4,27.4
"BOOI4","2023-06-03 11:00",81.482,53.8,2413080,0.01,5.449,120.7,0.0216535433070866,"77.773999999999944",68.6839999999999,64.364,58.064,37.2,20.4,27.4
"BOOI4","2023-06-03 12:00",83.2279999999999,54.25,2451960,0,6.209,104,0.0240551181102362,"80.041999999999931",68.5579999999999,64.364,58.1179999999999,37.2,20.4,27.4
"BOOI4","2023-06-03 13:00",84.74,48.26,2937600,0,9.54,83,0.0305511811023622,"81.031999999999954",68.522,64.3819999999999,58.082,37.2,20.4,27.4
"BOOI4","2023-06-03 14:00",85.964,40.43,2934000,0,11.11,96.2,0.0340944881889764,"81.841999999999928",68.5399999999999,64.4179999999999,58.1359999999999,37.2,20.4,27.4
"BOOI4","2023-06-03 15:00",84.722,43.66,1599120,0,11.99,83.5,0.0271653543307087,"81.175999999999917",68.63,64.3999999999999,58.1179999999999,37.2,20.4,27.4
"BOOI4","2023-06-03 16:00",85.064,42.42,2285280,0,11.65,74.43,0.0310629921259843,"80.779999999999973",68.8099999999999,64.3999999999999,58.1359999999999,37.2,20.4,27.4
"BOOI4","2023-06-03 17:00",84.164,44.4,1686600,0,10.1,69.28,0.0253937007874016,"80.059999999999917",69.0259999999999,64.3819999999999,58.1539999999999,37.2,20.4,27.4
"BOOI4","2023-06-03 18:00",84.7579999999999,39.91,1186920,0,11.48,76.53,0.0230708661417323,"79.483999999999924",69.296,64.3999999999999,58.1539999999999,37.2,20.4,27.4
"BOOI4","2023-06-03 19:00",82.6339999999999,43.77,546120,0,9.5,73.82,0.0174015748031496,"78.277999999999892",69.5839999999999,64.4179999999999,58.172,37.3,20.4,27.4
"BOOI4","2023-06-03 20:00",80.4739999999999,52.71,262512,0,2.152,61.48,0.00433070866141732,"77.377999999999901",69.872,64.4179999999999,58.2079999999999,37.3,20.4,27.4
"BOOI4","2023-06-03 21:00",78.4939999999999,52.01,79560,0,1.45,68.31,-0.000236220472440945,"76.747999999999962",70.1419999999999,64.4359999999999,58.19,37.3,20.4,27.4
"BOOI4","2023-06-03 22:00",78.1159999999999,48.43,75.6,0,0.329,16,-0.000118110236220472,"75.901999999999916",70.3939999999999,64.4539999999999,58.19,37.3,20.4,27.4
"BOOI4","2023-06-03 23:00",77.3239999999999,50.43,0,0,2.383,8.65,0.00200787401574803,"75.217999999999918",70.6099999999999,64.49,58.19,37.4,20.4,27.4
"BOOI4","2023-06-04 00:00",73.94,56.79,0,0,3.95,11.45,0.00267716535433071,"74.047999999999959",70.7359999999999,64.5439999999999,58.2439999999999,37.4,20.4,27.4
"BOOI4","2023-06-04 01:00",72.014,62.83,0,0,3.204,17.19,0.00188976377952756,"73.093999999999909",70.8619999999999,64.5619999999999,58.2619999999999,37.4,20.4,27.4
"BOOI4","2023-06-04 02:00",70.7899999999999,66.2,0,0,3.367,27.65,0.00165354330708661,"72.319999999999894",70.9159999999999,64.6339999999999,58.2619999999999,37.4,20.4,27.4
"BOOI4","2023-06-04 03:00",69.3679999999999,69.94,0,0,2.282,27.63,0.00106299212598425,"71.617999999999924",70.9519999999999,64.6699999999999,58.298,37.4,20.4,27.4
"BOOI4","2023-06-04 04:00",67.9099999999999,73.01,0,0,3.836,34.35,0.00133858267716536,"70.879999999999981",70.9159999999999,64.7419999999999,58.28,37.3,20.4,27.4
"BOOI4","2023-06-04 05:00",67.298,73.42,0,0,4.263,41.18,0.00137795275590551,"70.267999999999915",70.8439999999999,64.796,58.28,37.3,20.4,27.4
"BOOI4","2023-06-04 06:00",66.1819999999999,76.47,10771.2,0,3.589,50.7,0.000984251968503937,"69.601999999999904",70.7539999999999,64.8499999999999,58.316,37.3,20.4,27.4
"BOOI4","2023-06-04 07:00",67.6579999999999,77.27,245484,0,3.346,53.18,0.0018503937007874,"69.403999999999883",70.646,64.8859999999999,58.3339999999999,37.3,20.4,27.4
"BOOI4","2023-06-04 08:00",71.9419999999999,71.44,753120,0,3.875,76.59,0.00598425196850394,"70.033999999999921",70.5019999999999,64.94,58.3519999999999,37.3,20.4,27.4
"BOOI4","2023-06-04 09:00",76.8199999999999,64.68,1344960,0,6.058,78.66,0.0121259842519685,"71.545999999999978",70.3579999999999,64.9939999999999,58.3339999999999,37.2,20.4,27.4
"BOOI4","2023-06-04 10:00",80.438,57.09,1957320,0,5.032,90.7,0.0174803149606299,"74.245999999999981",70.196,65.0119999999999,58.3519999999999,37.2,20.4,27.4
"BOOI4","2023-06-04 11:00",81.3019999999999,54.38,2125800,0,4.99,108.9,0.0201574803149606,"77.053999999999888",70.0519999999999,65.048,58.3699999999999,37.2,20.3,27.4
"BOOI4","2023-06-04 12:00",84.2539999999999,49.4,2751840,0,5.755,84.9,0.0259448818897638,"79.645999999999987",69.9619999999999,65.1019999999999,58.406,37.2,20.3,27.4
"BOOI4","2023-06-04 13:00",85.6039999999999,43.66,2883600,0,8.95,64.1,0.030511811023622,"81.409999999999911",69.9259999999999,65.1019999999999,58.406,37.2,20.3,27.4
"BOOI4","2023-06-04 14:00",86.7919999999999,40.69,3085200,0,10.02,71.26,0.0340551181102362,"82.633999999999929",69.9259999999999,65.138,58.406,37.2,20.3,27.4
"BOOI4","2023-06-04 15:00",86.864,43.12,3024000,0,12.38,83.6,0.0368897637795276,"83.011999999999887",70.0519999999999,65.138,58.4419999999999,37.2,20.3,27.4
"BOOI4","2023-06-04 16:00",87.4759999999999,42.69,2379240,0,8.72,77.88,0.0286220472440945,"83.083999999999932",70.2499999999999,65.138,58.4239999999999,37.2,20.3,27.4
"BOOI4","2023-06-04 17:00",87.6739999999999,40.04,1867320,0,6.135,86.1,0.0224803149606299,"83.083999999999932",70.556,65.1739999999999,58.4599999999999,37.2,20.3,27.3
"BOOI4","2023-06-04 18:00",79.0699999999999,55.76,1339200,0,9.18,99.2,0.0220472440944882,"81.031999999999954",70.8439999999999,65.1739999999999,58.4599999999999,37.3,20.3,27.4
"BOOI4","2023-06-04 19:00",76.8199999999999,66.64,123624,0.01,5.392,44.56,0.00531496062992126,"78.835999999999899",71.222,65.2099999999999,58.4419999999999,37.3,20.3,27.4
"BOOI4","2023-06-04 20:00",75.5239999999999,68.39,188568,0.02,4.413,109,0.00429133858267717,"77.719999999999899",71.564,65.2279999999999,58.496,37.4,20.3,27.4
"BOOI4","2023-06-04 21:00",73.49,73.67,67968,0.01,5.035,124.3,0.0021259842519685,"76.603999999999886",71.906,65.246,58.496,37.4,20.3,27.4
"BOOI4","2023-06-04 22:00",71.3659999999999,81.5,162,0.01,1.307,96.3,0.000708661417322835,"75.595999999999989",72.2119999999999,65.282,58.514,37.4,20.3,27.4
"BOOI4","2023-06-04 23:00",69.872,84.9,0,0,1.186,20.36,0.000511811023622047,"74.677999999999898",72.4099999999999,65.3179999999999,58.5319999999999,37.5,20.3,27.4
"BOOI4","2023-06-05 00:00",68.9359999999999,86.4,0,0,1.547,354.4,0.000433070866141732,"73.813999999999965",72.5359999999999,65.3539999999999,58.5679999999999,37.5,20.3,27.4
"BOOI4","2023-06-05 01:00",68.5939999999999,85.4,0,0,2.653,0.335,0.00062992125984252,"73.093999999999909",72.6079999999999,65.4259999999999,58.5679999999999,37.4,20.3,27.4
"BOOI4","2023-06-05 02:00",67.73,84.5,0,0,2.594,1.044,0.00078740157480315,"72.409999999999911",72.6259999999999,65.498,58.5679999999999,37.4,20.3,27.4
"BOOI4","2023-06-05 03:00",65.8939999999999,87.1,0,0,2.282,10.94,0.000590551181102362,"71.689999999999955",72.5539999999999,65.5519999999999,58.5859999999999,37.4,20.3,27.4
"BOOI4","2023-06-05 04:00",66.0739999999999,88,0,0,0.722,126.6,0.00015748031496063,"70.951999999999913",72.464,65.624,58.622,37.4,20.3,27.4
"BOOI4","2023-06-05 05:00",65.39,88.1,0,0,1.415,48.45,0.000393700787401575,"70.429999999999978",72.356,65.696,58.622,37.4,20.3,27.4
"BOOI4","2023-06-05 06:00",64.13,89.8,6076.8,0,1.888,48.04,0.000433070866141732,"69.871999999999971",72.2119999999999,65.7499999999999,58.6579999999999,37.3,20.3,27.4
"BOOI4","2023-06-05 07:00",64.3099999999999,92,151776,0,3.143,55.29,0.00110236220472441,"69.529999999999973",72.0499999999999,65.8039999999999,58.64,37.3,20.3,27.4
"BOOI4","2023-06-05 08:00",69.1699999999999,82.8,683640,0,3.449,82.3,0.00425196850393701,"69.979999999999976",71.8519999999999,65.8579999999999,58.6939999999999,37.3,20.3,27.4
"BOOI4","2023-06-05 09:00",71.24,80.9,1113120,0,3.628,113.3,0.00811023622047244,"71.095999999999989",71.6359999999999,65.9119999999999,58.6759999999999,37.2,20.3,27.4
"BOOI4","2023-06-05 10:00",74.696,75.69,1466640,0,2.736,71.98,0.0110236220472441,"72.859999999999914",71.438,65.9659999999999,58.7119999999999,37.2,20.3,27.4
"BOOI4","2023-06-05 11:00",79.322,65.15,2241720,0,1.863,35.72,0.0169291338582677,"75.379999999999981",71.2759999999999,65.9839999999999,58.73,37.2,20.3,27.4
"BOOI4","2023-06-05 12:00",80.5099999999999,62.17,2427840,0,2.679,30.46,0.0200787401574803,"78.115999999999943",71.096,66.0019999999999,58.73,37.2,20.3,27.4
"BOOI4","2023-06-05 13:00",82.13,53.17,1863720,0,4.146,70.19,0.0177952755905512,"79.195999999999984",70.9699999999999,66.0199999999999,58.73,37.2,20.3,27.4
"BOOI4","2023-06-05 14:00",82.8679999999999,47.66,1966320,0,5.614,104.6,0.0211811023622047,"79.573999999999941",70.9339999999999,66.038,58.7659999999999,37.2,20.3,27.4
"BOOI4","2023-06-05 15:00",83.2999999999999,50.97,2436480,0,5.734,102.7,0.0238188976377953,"80.041999999999931",70.988,66.056,58.7659999999999,37.2,20.3,27.4
"BOOI4","2023-06-05 16:00",85.0099999999999,42.33,2526480,0,5.704,99.4,0.0252755905511811,"80.599999999999937",71.0599999999999,66.056,58.7839999999999,37.2,20.3,27.4
"BOOI4","2023-06-05 17:00",85.4419999999999,42.78,2005920,0,5.972,107.1,0.0222834645669291,"80.113999999999962",71.222,66.056,58.838,37.2,20.3,27.4
"BOOI4","2023-06-05 18:00",84.2539999999999,44.77,1477080,0,6.889,120.6,0.0191338582677165,"79.717999999999918",71.438,66.056,58.8019999999999,37.3,20.2,27.4
"BOOI4","2023-06-05 19:00",83.0119999999999,41.97,837720,0,6.419,127.6,0.014251968503937,"79.357999999999933",71.69,66.056,58.8199999999999,37.2,20.2,27.4
"BOOI4","2023-06-05 20:00",79.5199999999999,53.26,352080,0,4.597,138.8,0.00799212598425197,"78.151999999999916",71.996,66.056,58.838,37.3,20.2,27.4
"BOOI4","2023-06-05 21:00",74.5339999999999,60.98,76140,0,3.049,159.6,0.00153543307086614,"76.567999999999913",72.2659999999999,66.0739999999999,58.8919999999999,37.3,20.2,27.4
"BOOI4","2023-06-05 22:00",71.6539999999999,66.78,64.8,0,2.537,192.3,0.00094488188976378,"75.289999999999949",72.4999999999999,66.1099999999999,58.9099999999999,37.3,20.2,27.4
"BOOI4","2023-06-05 23:00",70.106,73.7,0,0,2.914,206.9,0.000708661417322835,"74.371999999999971",72.7159999999999,66.1099999999999,58.9279999999999,37.4,20.2,27.4
"BOOI4","2023-06-06 00:00",69.656,74.95,0,0,3.397,212.6,0.000708661417322835,"73.813999999999965",72.896,66.146,58.946,37.4,20.2,27.4
"BOOI4","2023-06-06 01:00",68.8099999999999,75.31,0,0,3.138,209,0.000551181102362205,"73.057999999999936",72.9859999999999,66.1819999999999,58.9819999999999,37.4,20.2,27.4
"BOOI4","2023-06-06 02:00",66.6679999999999,81.5,0,0,3.285,248.6,0.00047244094488189,"72.427999999999898",73.0399999999999,66.2359999999999,58.9819999999999,37.4,20.2,27.4
"BOOI4","2023-06-06 03:00",65.1199999999999,84.5,0,0,2.414,266.4,0.000118110236220472,"71.779999999999973",73.0039999999999,66.2899999999999,59.0179999999999,37.4,20.2,27.4
"BOOI4","2023-06-06 04:00",64.8499999999999,87.2,0,0,2.797,251.3,3.93700787401575e-05,"71.20399999999988",72.9679999999999,66.3259999999999,59.0179999999999,37.4,20.2,27.4
"BOOI4","2023-06-06 05:00",65.0839999999999,86.5,0,0,3.599,233.3,0.00015748031496063,"70.735999999999905",72.9319999999999,66.3619999999999,59.0539999999999,37.3,20.2,27.4
"BOOI4","2023-06-06 06:00",63.0499999999999,90.6,8272.8,0,2.354,242.8,-0.000196850393700787,"70.159999999999911",72.788,66.4339999999999,59.0179999999999,37.3,20.2,27.4
"BOOI4","2023-06-06 07:00",64.3999999999999,90.3,93924,0,3.853,212.8,0.00102362204724409,"69.763999999999967",72.6619999999999,66.488,59.072,37.3,20.2,27.4
"BOOI4","2023-06-06 08:00",70.2499999999999,80,504720,0,4.915,242.8,0.00389763779527559,"70.069999999999894",72.482,66.5239999999999,59.0899999999999,37.3,20.2,27.4
"BOOI4","2023-06-06 09:00",75.1099999999999,68.7,1261800,0,8.59,254.1,0.0117322834645669,"71.32999999999997",72.338,66.5599999999999,59.1079999999999,37.2,20.2,27.4
"BOOI4","2023-06-06 10:00",79.2679999999999,62.42,1863720,0,10.36,257.6,0.0188976377952756,"73.417999999999921",72.1759999999999,66.596,59.1259999999999,37.2,20.2,27.4
"BOOI4","2023-06-06 11:00",81.8239999999999,56.53,2364480,0,8.43,284.8,0.0234251968503937,"76.441999999999936",72.014,66.6319999999999,59.1439999999999,37.2,20.2,27.4
"BOOI4","2023-06-06 12:00",85.7119999999999,49.22,2741040,0,5.929,283.1,0.0260629921259843,"79.321999999999974",71.8519999999999,66.6499999999999,59.1619999999999,37.2,20.2,27.4
"BOOI4","2023-06-06 13:00",86.9539999999999,44.75,3124800,0,5.779,270.6,0.0301574803149606,"81.787999999999982",71.7439999999999,66.6499999999999,59.18,37.1,20.2,27.4
"BOOI4","2023-06-06 14:00",88.3759999999999,40.89,3092400,0,5.767,280.3,0.030748031496063,"82.939999999999955",71.7439999999999,66.6859999999999,59.198,37.2,20.2,27.4
"BOOI4","2023-06-06 15:00",89.8879999999999,39.07,2998800,0,6.602,254,0.0316141732283465,"83.605999999999966",71.8159999999999,66.7039999999999,59.2159999999999,37.2,20.2,27.4
"BOOI4","2023-06-06 16:00",89.4199999999999,39.24,2640960,0,6.639,256.6,0.0293700787401575,"83.641999999999925",71.9779999999999,66.6859999999999,59.2159999999999,37.2,20.2,27.4
"BOOI4","2023-06-06 17:00",86.9359999999999,43.8,1383120,0,6.866,279.4,0.0213779527559055,"82.867999999999924",72.23,66.6859999999999,59.2519999999999,37.2,20.2,27.4
"BOOI4","2023-06-06 18:00",77.0539999999999,64.6,252864,0,8.68,29.29,0.0103149606299213,"80.221999999999966",72.5179999999999,66.7039999999999,59.2699999999999,37.2,20.2,27.4
"BOOI4","2023-06-06 19:00",74.8759999999999,73.18,681840,0,9,109,0.00874015748031496,"79.231999999999957",72.896,66.7039999999999,59.306,37.3,20.2,27.4
"BOOI4","2023-06-06 20:00",75.596,69.27,381960,0,7.096,113.5,0.00673228346456693,"78.637999999999977",73.238,66.7039999999999,59.3239999999999,37.3,20.2,27.4
"BOOI4","2023-06-06 21:00",74.0659999999999,73.77,64620,0,2.705,145.8,0.000748031496062992,"77.773999999999944",73.5439999999999,66.722,59.3239999999999,37.4,20.2,27.4
"BOOI4","2023-06-06 22:00",73.4539999999999,74.52,201.6,0,3.641,207.4,0.00110236220472441,"76.96399999999997",73.832,66.7759999999999,59.3419999999999,37.4,20.2,27.4
"BOOI4","2023-06-06 23:00",72.7519999999999,78.2,0,0,2.264,220.9,0.000511811023622047,"76.207999999999942",74.048,66.7939999999999,59.3419999999999,37.4,20.2,27.4
"BOOI4","2023-06-07 00:00",70.9159999999999,81.6,0,0,1.329,39.78,-3.93700787401575e-05,"75.451999999999913",74.156,66.848,59.396,37.4,20.2,27.4
"BOOI4","2023-06-07 01:00",67.964,88.2,0,0,0.206,27.86,-0.000590551181102362,"74.569999999999894",74.2279999999999,66.9019999999999,59.414,37.4,20.2,27.4
"BOOI4","2023-06-07 02:00",67.6579999999999,89.5,0,0,0,0,-0.000669291338582677,"73.849999999999937",74.264,66.938,59.396,37.4,20.2,27.4
"BOOI4","2023-06-07 03:00",64.58,95.7,0,0,1.209,69.05,-0.000275590551181102,"73.16599999999994",74.282,67.0099999999999,59.432,37.3,20.2,27.4
"BOOI4","2023-06-07 04:00",65.0839999999999,95.3,0,0,1.636,58.37,-0.000393700787401575,"72.517999999999915",74.2099999999999,67.064,59.4499999999999,37.4,20.2,27.4
"BOOI4","2023-06-07 05:00",64.346,95.5,0,0,2.844,53.05,-0.000196850393700787,"71.941999999999936",74.138,67.1179999999999,59.4679999999999,37.4,20.2,27.4
"BOOI4","2023-06-07 06:00",64.3099999999999,96.7,8629.2,0,1.707,52.35,-0.00031496062992126,"71.437999999999974",74.03,67.19,59.4859999999999,37.3,20.2,27.4
"BOOI4","2023-06-07 07:00",65.9839999999999,94.1,82368,0,0.695,85.4,0.000669291338582677,"71.221999999999966",73.9039999999999,67.2439999999999,59.522,37.3,20.1,27.4
"BOOI4","2023-06-07 08:00",70.0699999999999,86.6,541800,0,2.148,81.6,0.00338582677165354,"71.689999999999955",73.7419999999999,67.298,59.54,37.3,20.1,27.4
"BOOI4","2023-06-07 09:00",71.3839999999999,81.4,1256760,0,6.523,108.8,0.00948818897637795,"72.733999999999924",73.58,67.3339999999999,59.5579999999999,37.3,20.1,27.4
"BOOI4","2023-06-07 10:00",70.3579999999999,90.5,708840,0,9.32,73.2,0.00708661417322835,"73.111999999999895",73.4359999999999,67.388,59.5759999999999,37.2,20.1,27.4
"BOOI4","2023-06-07 11:00",67.9099999999999,96.7,608760,0,12.02,66.61,0.00515748031496063,"73.003999999999891",73.256,67.4239999999999,59.5939999999999,37.2,20,27.4
"BOOI4","2023-06-07 12:00",67.874,96.9,581040,0,6.983,102.6,0.00401574803149606,"72.823999999999941",73.1119999999999,67.4419999999999,59.6119999999999,37.2,20,27.4
"BOOI4","2023-06-07 13:00",70.448,90.2,1875960,0.01,8.46,122,0.0116535433070866,"73.45399999999988",72.9859999999999,67.4779999999999,59.6119999999999,37.2,20,27.3
"BOOI4","2023-06-07 14:00",73.832,81.5,2890800,0,8.02,121.4,0.0193700787401575,"75.235999999999905",72.914,67.496,59.63,37.2,20.1,27.3
"BOOI4","2023-06-07 15:00",76.622,73.62,2878920,0,7.366,128.9,0.0213779527559055,"76.657999999999944",72.8239999999999,67.496,59.6659999999999,37.2,20,27.3
"BOOI4","2023-06-07 16:00",78.44,68.46,2693160,0,6.027,124.2,0.0213779527559055,"77.683999999999926",72.7519999999999,67.532,59.7199999999999,37.2,20.1,27.3
"BOOI4","2023-06-07 17:00",79.196,67.5,1879200,0,6.858,114.1,0.0165354330708661,"78.07999999999997",72.7339999999999,67.532,59.7019999999999,37.2,20.1,27.3
"BOOI4","2023-06-07 18:00",77.1619999999999,69.98,1148040,0,7.366,105.3,0.0121259842519685,"77.539999999999949",72.788,67.514,59.7199999999999,37.2,20,27.3
"BOOI4","2023-06-07 19:00",76.3699999999999,69.59,671760,0,7.064,106.7,0.00893700787401575,"77.25199999999991",72.9679999999999,67.5499999999999,59.756,37.2,20.1,27.3
"BOOI4","2023-06-07 20:00",75.1099999999999,68.31,315360,0,8.06,101.2,0.00708661417322835,"76.71199999999989",73.13,67.5499999999999,59.756,37.2,20.1,27.3
"BOOI4","2023-06-07 21:00",72.6439999999999,70.45,58716,0,4.462,113.9,0.00240157480314961,"75.595999999999989",73.2919999999999,67.532,59.8099999999999,37.2,20.1,27.3
"BOOI4","2023-06-07 22:00",70.0519999999999,76.04,72,0,2.857,143.7,0.000905511811023622,"74.58799999999998",73.4539999999999,67.5499999999999,59.8099999999999,37.3,20.1,27.3
"BOOI4","2023-06-07 23:00",70.3039999999999,73.95,0,0,0.882,144.8,-0.000118110236220472,"74.065999999999946",73.6339999999999,67.5679999999999,59.8279999999999,37.3,20.1,27.4
"BOOI4","2023-06-08 00:00",69.5119999999999,74.76,0,0,0.405,115.7,-0.000433070866141732,"73.327999999999903",73.706,67.5499999999999,59.846,37.2,20,27.4
"BOOI4","2023-06-08 01:00",64.5439999999999,89.1,0,0,2.603,85.3,0.00031496062992126,"72.409999999999911",73.7779999999999,67.5859999999999,59.864,37.2,20,27.4
"BOOI4","2023-06-08 02:00",65.1019999999999,84.7,0,0,2.209,75,3.93700787401575e-05,"71.779999999999973",73.7419999999999,67.6039999999999,59.8999999999999,37.3,20,27.4
"BOOI4","2023-06-08 03:00",64.814,76.73,0,0,3.589,83.7,0.00047244094488189,"71.257999999999939",73.7599999999999,67.622,59.8999999999999,37.3,20,27.4
"BOOI4","2023-06-08 04:00",63.572,73.04,0,0,6.446,110.6,0.00137795275590551,"70.681999999999945",73.6519999999999,67.6579999999999,59.9179999999999,37.2,20,27.4
"BOOI4","2023-06-08 05:00",62.7439999999999,63.81,0,0,6.548,116.8,0.00169291338582677,"70.015999999999948",73.5619999999999,67.64,59.972,37.2,20,27.4
"BOOI4","2023-06-08 06:00",62.3659999999999,59.55,4683.6,0,8.84,119.7,0.00251968503937008,"69.331999999999951",73.4179999999999,67.7119999999999,59.972,37.2,20,27.3
"BOOI4","2023-06-08 07:00",60.3859999999999,69.33,50652,0,8.11,126.9,0.0060236220472441,"68.701999999999913",73.2919999999999,67.7119999999999,59.9539999999999,37.2,20,27.3
"BOOI4","2023-06-08 08:00",60.4579999999999,76.28,316800,0,4.641,133.7,0.00393700787401575,"68.305999999999969",73.13,67.748,59.99,37.1,20,27.3
"BOOI4","2023-06-08 09:00",61.88,69.76,478800,0,5.54,161.4,0.00570866141732283,"68.431999999999945",72.9499999999999,67.748,60.0079999999999,37.1,20,27.3
"BOOI4","2023-06-08 10:00",63.1579999999999,65.62,309240,0,4.381,160.3,0.00480314960629921,"68.359999999999914",72.7699999999999,67.8019999999999,60.0079999999999,37.1,20,27.3
"BOOI4","2023-06-08 11:00",65.138,58.94,965160,0,5.646,126.8,0.0100393700787402,"68.737999999999985",72.572,67.8019999999999,60.0439999999999,37.1,20,27.3
"BOOI4","2023-06-08 12:00",67.046,51.14,1516680,0,9.18,126.3,0.0164173228346457,"69.511999999999887",72.338,67.8019999999999,60.0439999999999,37,20,27.3
"BOOI4","2023-06-08 13:00",67.982,47.03,962280,0,8.9,136.7,0.0148425196850394,"69.817999999999913",72.1579999999999,67.8199999999999,60.08,37,20,27.3
"BOOI4","2023-06-08 14:00",70.7899999999999,46.02,1737360,0,9.29,148,0.0200787401574803,"70.591999999999928",71.996,67.7839999999999,60.1159999999999,37,20,27.3
"BOOI4","2023-06-08 15:00",72.896,49.29,2160720,0,6.609,130,0.0204330708661417,"72.103999999999886",71.8519999999999,67.7839999999999,60.1339999999999,37,19.9,27.3
"BOOI4","2023-06-08 16:00",74.138,45.23,2374200,0,5.909,144.3,0.0216929133858268,"74.191999999999936",71.7619999999999,67.7659999999999,60.1519999999999,37,19.9,27.3
"BOOI4","2023-06-08 17:00",75.1999999999999,42.53,2166120,0,6.228,125.4,0.0209842519685039,"75.577999999999903",71.69,67.7659999999999,60.1519999999999,36.9,19.9,27.3
"BOOI4","2023-06-08 18:00",74.84,43.73,1647000,0,6.527,108,0.0178346456692913,"76.351999999999904",71.672,67.73,60.188,37,19.9,27.3
"BOOI4","2023-06-08 19:00",74.3539999999999,46.14,977040,0,5.996,116.6,0.0126377952755906,"76.189999999999955",71.7439999999999,67.73,60.188,37,19.9,27.3
"BOOI4","2023-06-08 20:00",72.896,46.89,496800,0,5.484,124.9,0.00854330708661417,"75.631999999999948",71.8699999999999,67.6939999999999,60.206,37,19.9,27.3
"BOOI4","2023-06-08 21:00",69.764,51.7,96084,0,2.69,137.1,0.00122047244094488,"73.975999999999928",72.014,67.6579999999999,60.2419999999999,37,19.9,27.3
"BOOI4","2023-06-08 22:00",69.206,48.3,198,0,3.366,133.5,0.00169291338582677,"72.75199999999991",72.122,67.6579999999999,60.2599999999999,37,19.9,27.3
"BOOI4","2023-06-08 23:00",64.6519999999999,57.99,0,0,2.526,114.9,0.000984251968503937,"71.419999999999888",72.2659999999999,67.622,60.2599999999999,37,19.8,27.3
"BOOI4","2023-06-09 00:00",63.7519999999999,59.95,0,0,1.509,81,7.8740157480315e-05,"70.303999999999888",72.356,67.622,60.296,37,19.8,27.4
"BOOI4","2023-06-09 01:00",62.24,61.16,0,0,0,0,-0.00141732283464567,"69.331999999999951",72.4099999999999,67.6039999999999,60.296,37,19.8,27.4
"BOOI4","2023-06-09 02:00",64.2919999999999,51.51,0,0,0.59,141.3,-0.000748031496062992,"68.557999999999936",72.3919999999999,67.6039999999999,60.314,37,19.8,27.4
"BOOI4","2023-06-09 03:00",60.1159999999999,62.03,0,0,0,0,-0.00145669291338583,"67.603999999999886",72.338,67.6039999999999,60.332,37,19.8,27.4
"BOOI4","2023-06-09 04:00",57.6859999999999,75.18,0,0,2.017,89.2,-3.93700787401575e-05,"66.739999999999952",72.23,67.6039999999999,60.3499999999999,37,19.8,27.4
"BOOI4","2023-06-09 05:00",54.4999999999999,83.3,0,0,0.129,258.8,-0.00118110236220473,"66.055999999999969",72.1039999999999,67.6039999999999,60.3679999999999,37,19.8,27.4
"BOOI4","2023-06-09 06:00",57.848,72.7,20584.8,0,0.164,103.5,-0.00102362204724409,"65.569999999999894",71.9779999999999,67.6039999999999,60.3859999999999,36.9,19.8,27.4
"BOOI4","2023-06-09 07:00",60.1159999999999,72.88,284400,0,0.604,169.3,0.000275590551181102,"65.515999999999948",71.798,67.6039999999999,60.4039999999999,37,19.8,27.4
"BOOI4","2023-06-09 08:00",64.6699999999999,64.69,776160,0,3.234,183,0.0052755905511811,"66.019999999999897",71.5999999999999,67.6039999999999,60.4039999999999,36.9,19.8,27.5
"BOOI4","2023-06-09 09:00",69.6919999999999,52.15,1442160,0,5.432,165.4,0.0120472440944882,"67.54999999999994",71.3839999999999,67.6039999999999,60.422,36.9,19.8,27.5
"BOOI4","2023-06-09 10:00",72.8779999999999,48.63,2039040,0,6.955,167.3,0.0190157480314961,"69.745999999999981",71.2039999999999,67.6039999999999,60.4579999999999,36.9,19.7,27.4
"BOOI4","2023-06-09 11:00",73.706,40.97,2483640,0,7.573,185.5,0.0237795275590551,"72.175999999999917",70.988,67.622,60.4759999999999,36.8,19.7,27.5
"BOOI4","2023-06-09 12:00",75.7579999999999,37,2128680,0,7.197,191.9,0.0229527559055118,"74.46199999999989",70.8259999999999,67.5679999999999,60.4759999999999,36.8,19.7,27.4
"BOOI4","2023-06-09 13:00",75.272,36.37,1997280,0,8.22,200.6,0.023503937007874,"75.937999999999974",70.7359999999999,67.5499999999999,60.5119999999999,36.8,19.7,27.4
"BOOI4","2023-06-09 14:00",76.3699999999999,39.82,1813320,0,7.739,186.9,0.0219291338582677,"76.747999999999962",70.7179999999999,67.514,60.5119999999999,36.8,19.7,27.4
"BOOI4","2023-06-09 15:00",75.9199999999999,37.23,1527120,0,7.883,206.1,0.0210629921259843,"77.449999999999932",70.7359999999999,67.496,60.53,36.8,19.7,27.4
"BOOI4","2023-06-09 16:00",75.8119999999999,40.36,1602000,0,7.347,193,0.0205118110236221,"77.95399999999988",70.8259999999999,67.4599999999999,60.53,36.8,19.7,27.4
"BOOI4","2023-06-09 17:00",75.938,40.42,1058040,0,6.284,182.3,0.015748031496063,"77.971999999999966",70.9519999999999,67.4239999999999,60.53,36.8,19.7,27.4
"BOOI4","2023-06-09 18:00",78.1339999999999,36.02,1247760,0,7.012,188.4,0.0175984251968504,"78.457999999999942",71.096,67.4239999999999,60.548,36.9,19.7,27.4
"BOOI4","2023-06-09 19:00",76.1179999999999,40.06,1011960,0,5.898,191,0.0140551181102362,"78.781999999999954",71.24,67.3699999999999,60.566,36.8,19.7,27.4
"BOOI4","2023-06-09 20:00",74.2099999999999,43.39,486720,0,4.32,170.4,0.00783464566929134,"77.611999999999895",71.456,67.3519999999999,60.566,36.9,19.7,27.4
"BOOI4","2023-06-09 21:00",68.0359999999999,54.74,38844,0,3.426,180.1,0.00346456692913386,"75.091999999999928",71.546,67.3159999999999,60.6019999999999,36.9,19.7,27.4
"BOOI4","2023-06-09 22:00",66.4519999999999,56.68,75.6,0,2.535,183,0.000866141732283465,"73.669999999999888",71.7079999999999,67.3339999999999,60.5839999999999,36.9,19.7,27.4
"BOOI4","2023-06-09 23:00",68.1259999999999,52.27,0,0,0.245,142,-0.00122047244094488,"72.643999999999906",71.8339999999999,67.3159999999999,60.638,36.9,19.7,27.4
"BOOI4","2023-06-10 00:00",64.49,63.37,0,0,2.283,136.5,0.000669291338582677,"71.7439999999999",71.906,67.3159999999999,60.656,36.9,19.7,27.4
"BOOI4","2023-06-10 01:00",64.796,62.09,0,0,3.51,147.1,0.00118110236220473,"70.843999999999909",71.9419999999999,67.3159999999999,60.638,36.8,19.7,27.4
"BOOI4","2023-06-10 02:00",62.9779999999999,67.74,0,0,2.539,164.7,0.00047244094488189,"69.907999999999944",71.9419999999999,67.3339999999999,60.656,36.8,19.6,27.4
"BOOI4","2023-06-10 03:00",60.8539999999999,74.51,0,0,3.193,172.4,0.000433070866141732,"69.097999999999956",71.906,67.3339999999999,60.6919999999999,36.8,19.6,27.4
"BOOI4","2023-06-10 04:00",60.98,75.5,0,0,1.153,187.8,-0.000551181102362205,"68.395999999999987",71.8339999999999,67.3159999999999,60.6919999999999,36.9,19.6,27.4
"BOOI4","2023-06-10 05:00",60.2239999999999,78.58,0,0,0.546,103.9,-0.000905511811023622,"68.107999999999933",71.7619999999999,67.3519999999999,60.6739999999999,36.8,19.6,27.4
"BOOI4","2023-06-10 06:00",60.0259999999999,78.32,16754.4,0,0.44,118.5,-0.000905511811023622,"67.531999999999954",71.6179999999999,67.3519999999999,60.6919999999999,36.8,19.6,27.4
"BOOI4","2023-06-10 07:00",63.3919999999999,76.54,384120,0,2.204,142.4,0.00133858267716536,"67.585999999999899",71.4739999999999,67.3699999999999,60.6919999999999,36.7,19.6,27.4
"BOOI4","2023-06-10 08:00",67.964,64.85,721080,0,4.034,163.5,0.00582677165354331,"68.215999999999937",71.33,67.3519999999999,60.7279999999999,36.8,19.6,27.5
"BOOI4","2023-06-10 09:00",69.0259999999999,60.37,795600,0,5.458,176.6,0.0091732283464567,"69.097999999999956",71.1679999999999,67.3699999999999,60.7099999999999,36.8,19.6,27.5
"BOOI4","2023-06-10 10:00",71.438,57.01,962280,0,4.756,185.7,0.0103149606299213,"70.195999999999984",71.0239999999999,67.388,60.764,36.7,19.6,27.4
"BOOI4","2023-06-10 11:00",74.03,49.68,1342080,0,4.398,174.7,0.0134251968503937,"71.959999999999908",70.8439999999999,67.3699999999999,60.746,36.7,19.6,27.4
"BOOI4","2023-06-10 12:00",79.0699999999999,35.47,2878920,0,6.972,157.2,0.0271259842519685,"75.199999999999932",70.7539999999999,67.3699999999999,60.764,36.7,19.6,27.4
"BOOI4","2023-06-10 13:00",78.4759999999999,37.19,3157200,0,7.878,166.9,0.0311811023622047,"78.745999999999981",70.6819999999999,67.3519999999999,60.7819999999999,36.7,19.6,27.4
"BOOI4","2023-06-10 14:00",79.556,38.42,1711800,0,5.132,153.1,0.0194488188976378,"80.32999999999997",70.6279999999999,67.3159999999999,60.764,36.7,19.5,27.4
"BOOI4","2023-06-10 15:00",77.414,43.93,986760,0,5.828,97.3,0.0155118110236221,"80.077999999999903",70.6099999999999,67.298,60.8179999999999,36.7,19.5,27.4
"BOOI4","2023-06-10 16:00",76.9099999999999,44.78,645480,0,7.89,68.22,0.0149212598425197,"79.357999999999933",70.7359999999999,67.298,60.7819999999999,36.7,19.5,27.4
"BOOI4","2023-06-10 17:00",67.1179999999999,72,525960,0,11.3,13.65,0.0103149606299213,"77.287999999999982",70.898,67.2619999999999,60.7819999999999,36.7,19.5,27.4
"BOOI4","2023-06-10 18:00",66.7039999999999,79.5,447840,0,8.51,20.42,0.00688976377952756,"76.135999999999896",71.096,67.2439999999999,60.7999999999999,36.7,19.5,27.4
"BOOI4","2023-06-10 19:00",68.2519999999999,73.3,195120,0,3.062,31.4,0.00303149606299213,"75.433999999999926",71.2759999999999,67.2259999999999,60.8179999999999,36.7,19.5,27.4
"BOOI4","2023-06-10 20:00",67.19,77.83,100836,0,4.145,44.14,0.00299212598425197,"74.533999999999921",71.438,67.2439999999999,60.8359999999999,36.7,19.5,27.4
"BOOI4","2023-06-10 21:00",67.064,76.31,39240,0,4.599,36.42,0.00204724409448819,"73.687999999999974",71.546,67.19,60.8539999999999,36.7,19.5,27.4
"BOOI4","2023-06-10 22:00",66.038,79.92,0,0,4.396,29.62,0.0012992125984252,"72.787999999999982",71.6179999999999,67.2079999999999,60.8539999999999,36.7,19.5,27.4
"BOOI4","2023-06-10 23:00",66.2899999999999,78.81,0,0,5.454,52.08,0.0012992125984252,"72.21199999999989",71.69,67.2079999999999,60.872,36.7,19.5,27.4
"BOOI4","2023-06-11 00:00",65.93,75.91,0,0,4.516,56.04,0.00122047244094488,"71.689999999999955",71.6539999999999,67.19,60.872,36.7,19.5,27.4
"BOOI4","2023-06-11 01:00",64.9759999999999,79.14,0,0,3.858,38.77,0.00114173228346457,"71.131999999999948",71.6359999999999,67.2079999999999,60.89,36.7,19.5,27.4
"BOOI4","2023-06-11 02:00",64.58,78.66,0,0,4.353,40.86,0.00110236220472441,"70.627999999999901",71.6179999999999,67.2259999999999,60.89,36.7,19.5,27.4
"BOOI4","2023-06-11 03:00",63.5899999999999,81.6,0,0,2.34,39.15,0.000708661417322835,"70.105999999999966",71.546,67.2439999999999,60.9079999999999,36.7,19.5,27.4
"BOOI4","2023-06-11 04:00",63.0679999999999,82.4,0,0,0.528,61.08,0.000236220472440945,"69.691999999999936",71.456,67.2439999999999,60.9079999999999,36.7,19.5,27.4
"BOOI4","2023-06-11 05:00",61.7359999999999,84.8,0,0,3.239,16.8,0.000826771653543307,"69.223999999999947",71.348,67.2619999999999,60.9079999999999,36.7,19.5,27.4
"BOOI4","2023-06-11 06:00",61.196,86.9,14162.4,0,5.916,25.56,0.000866141732283465,"68.683999999999926",71.2579999999999,67.28,60.9259999999999,36.7,19.5,27.4
"BOOI4","2023-06-11 07:00",61.4839999999999,91.2,222516,0,7.274,25.93,0.00173228346456693,"68.305999999999969",71.1499999999999,67.2619999999999,60.9259999999999,36.6,19.5,27.4
"BOOI4","2023-06-11 08:00",61.1779999999999,89.2,317520,0,10.15,23.07,0.00307086614173228,"68.215999999999937",70.988,67.2619999999999,60.9259999999999,36.6,19.5,27.5
"BOOI4","2023-06-11 09:00",60.0619999999999,87.8,506520,0,11.68,21.36,0.00456692913385827,"68.107999999999933",70.898,67.28,60.9439999999999,36.6,19.5,27.5
"BOOI4","2023-06-11 10:00",59.8279999999999,86.5,673200,0,10.9,20.46,0.00551181102362205,"68.107999999999933",70.7179999999999,67.28,60.9439999999999,36.6,19.4,27.5
"BOOI4","2023-06-11 11:00",59.4859999999999,85.5,725760,0,10.82,21.3,0.0060236220472441,"68.143999999999906",70.5739999999999,67.28,60.9619999999999,36.6,19.4,27.5
"BOOI4","2023-06-11 12:00",61.898,80.3,1479240,0,11.98,19.87,0.0101574803149606,"68.593999999999909",70.4659999999999,67.28,60.9619999999999,36.5,19.4,27.5
"BOOI4","2023-06-11 13:00",61.682,77.75,1053000,0,11.42,23.84,0.00929133858267717,"69.151999999999916",70.322,67.2439999999999,60.9619999999999,36.6,19.4,27.5
"BOOI4","2023-06-11 14:00",62.3119999999999,71.91,1045800,0,11.14,22.65,0.0100393700787402,"69.439999999999955",70.196,67.2439999999999,60.98,36.5,19.4,27.5
"BOOI4","2023-06-11 15:00",64.4179999999999,67.18,1749960,0,10.36,17.22,0.0146062992125984,"70.105999999999966",70.106,67.2259999999999,60.9439999999999,36.5,19.4,27.5
"BOOI4","2023-06-11 16:00",67.1179999999999,56,2156400,0,9.1,11.03,0.0178740157480315,"71.527999999999892",69.998,67.2079999999999,60.98,36.5,19.4,27.5
"BOOI4","2023-06-11 17:00",68.7919999999999,50.3,2274840,0,8.9,19.07,0.0201574803149606,"72.931999999999945",69.9619999999999,67.1539999999999,60.998,36.5,19.4,27.5
"BOOI4","2023-06-11 18:00",70.6999999999999,45.87,1780920,0,8.77,28.83,0.0180708661417323,"73.885999999999896",69.9259999999999,67.1539999999999,60.998,36.5,19.4,27.5
"BOOI4","2023-06-11 19:00",71.1499999999999,40.89,981720,0,6.675,29.5,0.0126377952755906,"74.551999999999907",69.9259999999999,67.1359999999999,61.0159999999999,36.5,19.3,27.5
"BOOI4","2023-06-11 20:00",68.9539999999999,37.67,562320,0,6.976,16.31,0.0105905511811024,"73.75999999999992",69.9619999999999,67.0999999999999,61.0339999999999,36.5,19.3,27.5
"BOOI4","2023-06-11 21:00",62.8699999999999,47.73,131508,0,4.012,358.7,0.00318897637795276,"71.887999999999977",70.0159999999999,67.064,61.0519999999999,36.5,19.3,27.5
"BOOI4","2023-06-11 22:00",59.6839999999999,50.47,658.8,0,3.201,347.6,0.0012992125984252,"70.393999999999906",70.0699999999999,67.046,61.0699999999999,36.5,19.3,27.5
"BOOI4","2023-06-11 23:00",55.3099999999999,59.67,0,0,4.419,14.85,0.00153543307086614,"69.025999999999925",70.1599999999999,67.0279999999999,61.0519999999999,36.5,19.3,27.5
"BOOI4","2023-06-12 00:00",54.3919999999999,61.25,0,0,3.4,15.51,0.000905511811023622,"67.83799999999998",70.214,66.9919999999999,61.0519999999999,36.5,19.3,27.5
"BOOI4","2023-06-12 01:00",52.6279999999999,66.35,0,0,2.239,352.1,0.00031496062992126,"66.739999999999952",70.196,66.9919999999999,61.0699999999999,36.5,19.3,27.5
"BOOI4","2023-06-12 02:00",49.2439999999999,75.25,0,0,2.954,340.7,0.00031496062992126,"65.71399999999997",70.1779999999999,66.956,61.0519999999999,36.5,19.3,27.6
"BOOI4","2023-06-12 03:00",49.514,74.5,0,0,1.932,322,-0.00015748031496063,"64.75999999999992",70.124,66.956,61.088,36.4,19.2,27.5
"BOOI4","2023-06-12 04:00",51.2239999999999,66.76,0,0,0.338,310.7,-0.000905511811023622,"63.949999999999932",70.0159999999999,66.938,61.0699999999999,36.4,19.2,27.5
"BOOI4","2023-06-12 05:00",48.9739999999999,72.41,0,0,3.886,313.6,0.000511811023622047,"63.139999999999958",69.872,66.9199999999999,61.088,36.5,19.2,27.5
"BOOI4","2023-06-12 06:00",49.19,70.56,19897.2,0,4.105,307.2,0.000590551181102362,"62.545999999999992",69.6919999999999,66.9019999999999,61.0699999999999,36.4,19.2,27.5
"BOOI4","2023-06-12 07:00",54.248,65.01,258300,0,2.391,302.1,0.00133858267716536,"62.239999999999952",69.4759999999999,66.9199999999999,61.106,36.4,19.2,27.5
"BOOI4","2023-06-12 08:00",59.972,54.73,624240,0,4.154,298.5,0.00574803149606299,"62.779999999999973",69.2779999999999,66.8839999999999,61.0699999999999,36.4,19.2,27.5
"BOOI4","2023-06-12 09:00",62.2579999999999,44.29,1470240,0,8.23,276.4,0.013740157480315,"64.237999999999985",69.0619999999999,66.8659999999999,61.106,36.3,19.2,27.5
"BOOI4","2023-06-12 10:00",65.03,44.44,2066760,0,9.97,269.8,0.019251968503937,"66.289999999999949",68.8279999999999,66.848,61.106,36.3,19.2,27.5
"BOOI4","2023-06-12 11:00",68.738,41.81,2603880,0,10.8,283.7,0.0245275590551181,"68.935999999999908",68.648,66.7939999999999,61.106,36.3,19.2,27.5
"BOOI4","2023-06-12 12:00",71.69,38.43,2908800,0,10.87,303.2,0.027992125984252,"71.617999999999924",68.4499999999999,66.8119999999999,61.124,36.2,19.2,27.5
"BOOI4","2023-06-12 13:00",73.8859999999999,34.82,3164400,0,8.85,332.1,0.0298818897637795,"73.957999999999942",68.3239999999999,66.7579999999999,61.106,36.2,19.2,27.5
"BOOI4","2023-06-12 14:00",76.0279999999999,32.27,3243600,0,10.19,317.8,0.032244094488189,"76.261999999999887",68.306,66.722,61.124,36.2,19.2,27.5
"BOOI4","2023-06-12 15:00",75.1279999999999,31.72,2454840,0,10.47,312.5,0.0288976377952756,"77.647999999999954",68.3419999999999,66.6679999999999,61.1419999999999,36.2,19.2,27.5
"BOOI4","2023-06-12 16:00",76.4419999999999,29.57,2542320,0,8.96,311.9,0.0286220472440945,"78.889999999999958",68.4499999999999,66.614,61.1599999999999,36.2,19.2,27.5
"BOOI4","2023-06-12 17:00",76.2079999999999,31.03,2023920,0,9.57,297.6,0.026496062992126,"79.771999999999977",68.6659999999999,66.5779999999999,61.1599999999999,36.2,19.1,27.5
"BOOI4","2023-06-12 18:00",77.522,30.23,1729800,0,10.7,298.2,0.0255905511811024,"80.077999999999903",68.8999999999999,66.5239999999999,61.1599999999999,36.3,19.1,27.5
"BOOI4","2023-06-12 19:00",76.2079999999999,30.6,1126080,0,10.75,299.1,0.0216929133858268,"79.843999999999909",69.1699999999999,66.4699999999999,61.1419999999999,36.3,19.1,27.5
"BOOI4","2023-06-12 20:00",73.6519999999999,35.21,519840,0,9.16,301.1,0.0151181102362205,"78.403999999999883",69.422,66.4519999999999,61.1419999999999,36.3,19.1,27.5
"BOOI4","2023-06-12 21:00",65.714,49.02,100296,0,5.729,284,0.00574803149606299,"75.937999999999974",69.7279999999999,66.4339999999999,61.1419999999999,36.4,19.1,27.5
"BOOI4","2023-06-12 22:00",61.5739999999999,57.91,284.4,0,4.446,264.2,0.00161417322834646,"73.9939999999999",69.9439999999999,66.4159999999999,61.1599999999999,36.4,19.1,27.5
"BOOI4","2023-06-12 23:00",58.6759999999999,64.31,0,0,5.068,260.3,0.00137795275590551,"72.373999999999953",70.1779999999999,66.4159999999999,61.1599999999999,36.4,19.1,27.5
"BOOI4","2023-06-13 00:00",60.422,61.26,0,0,7.407,260.5,0.00181102362204724,"71.257999999999939",70.34,66.398,61.1419999999999,36.4,19.1,27.5
"BOOI4","2023-06-13 01:00",59.198,64.95,0,0,7.945,263.8,0.00165354330708661,"70.141999999999925",70.4659999999999,66.398,61.1599999999999,36.4,19.1,27.5
"BOOI4","2023-06-13 02:00",60.1699999999999,64.99,0,0,9.1,263.1,0.0018503937007874,"69.385999999999896",70.5199999999999,66.4159999999999,61.1599999999999,36.4,19,27.5
"BOOI4","2023-06-13 03:00",59.1439999999999,67.23,0,0,9.24,261,0.0015748031496063,"68.593999999999909",70.5199999999999,66.4339999999999,61.1779999999999,36.4,19,27.5
"BOOI4","2023-06-13 04:00",59.4499999999999,65.58,0,0,11.29,266.1,0.00181102362204724,"67.945999999999984",70.4659999999999,66.4339999999999,61.1779999999999,36.4,19,27.5
"BOOI4","2023-06-13 05:00",58.5859999999999,67.88,0,0,10.05,268.5,0.00173228346456693,"67.261999999999887",70.3939999999999,66.4699999999999,61.196,36.4,19,27.5
"BOOI4","2023-06-13 06:00",55.2919999999999,75.69,10440,0,8.32,272.1,0.00141732283464567,"66.595999999999989",70.2859999999999,66.506,61.1779999999999,36.4,19,27.5
"BOOI4","2023-06-13 07:00",59.414,69.84,293400,0,9.06,264.6,0.00389763779527559,"66.253999999999891",70.1599999999999,66.5239999999999,61.1599999999999,36.4,19,27.5
"BOOI4","2023-06-13 08:00",64.58,60.81,824040,0,10.62,273.4,0.00933070866141732,"66.685999999999908",70.0159999999999,66.5419999999999,61.1599999999999,36.3,19,27.5
"BOOI4","2023-06-13 09:00",68.99,52.36,1453320,0,10.76,282.1,0.0152755905511811,"68.12599999999992",69.8539999999999,66.5419999999999,61.196,36.4,19,27.5
"BOOI4","2023-06-13 10:00",73.1659999999999,44.15,2079720,0,13.15,285.9,0.0231889763779528,"70.357999999999933",69.6919999999999,66.5419999999999,61.1779999999999,36.3,19,27.5
"BOOI4","2023-06-13 11:00",76.73,41.55,2417400,0,12.94,292.8,0.0278346456692913,"72.949999999999932",69.5119999999999,66.5779999999999,61.1779999999999,36.2,19,27.5
"BOOI4","2023-06-13 12:00",79.196,33.53,3013200,0,9.6,320.1,0.0311417322834646,"75.775999999999925",69.422,66.5779999999999,61.196,36.3,19,27.5
"BOOI4","2023-06-13 13:00",80.24,30.16,3200400,0,9.26,333,0.0340157480314961,"78.367999999999924",69.314,66.5779999999999,61.196,36.3,19,27.5
"BOOI4","2023-06-13 14:00",81.5359999999999,32.77,3164400,0,8.93,336.5,0.0339370078740157,"80.7439999999999",69.314,66.5599999999999,61.196,36.2,19,27.5
"BOOI4","2023-06-13 15:00",83.156,30.75,3261600,0,9.96,319.3,0.0360629921259843,"82.975999999999928",69.4039999999999,66.5599999999999,61.1599999999999,36.2,18.9,27.5
"BOOI4","2023-06-13 16:00",82.0759999999999,31.61,2404080,0,9.09,315,0.0301968503937008,"84.199999999999932",69.548,66.5419999999999,61.196,36.2,18.9,27.4
"BOOI4","2023-06-13 17:00",84.5239999999999,30.62,2096640,0,10.86,307.2,0.0304724409448819,"85.027999999999892",69.764,66.5419999999999,61.196,36.2,18.9,27.4
"BOOI4","2023-06-13 18:00",82.9039999999999,32.32,1475280,0,10.45,304.7,0.0256692913385827,"84.757999999999939",70.0339999999999,66.506,61.214,36.3,18.9,27.4
"BOOI4","2023-06-13 19:00",81.9319999999999,34.58,801360,0,7.707,309.8,0.0175590551181102,"83.929999999999978",70.3039999999999,66.488,61.1779999999999,36.3,18.9,27.4
"BOOI4","2023-06-13 20:00",79.8619999999999,41.42,439200,0,6.028,301,0.0113385826771653,"82.633999999999929",70.646,66.488,61.1779999999999,36.4,18.9,27.4
"BOOI4","2023-06-13 21:00",71.8699999999999,55.63,65016,0,3.94,269.2,0.00397637795275591,"79.987999999999985",70.9519999999999,66.506,61.196,36.3,18.9,27.4
"BOOI4","2023-06-13 22:00",68.9179999999999,58.78,248.4,0,4.988,261.9,0.00232283464566929,"78.133999999999929",71.222,66.488,61.214,36.4,18.9,27.4
"BOOI4","2023-06-13 23:00",67.046,59.82,0,0,6.73,264.2,0.00251968503937008,"76.639999999999958",71.456,66.506,61.1779999999999,36.4,18.9,27.4
"BOOI4","2023-06-14 00:00",66.6859999999999,58.56,0,0,7.99,264.2,0.00259842519685039,"75.289999999999949",71.6179999999999,66.5599999999999,61.214,36.4,18.9,27.4
"BOOI4","2023-06-14 01:00",64.472,62.28,0,0,8.09,262.9,0.00255905511811024,"74.119999999999891",71.7439999999999,66.5779999999999,61.196,36.4,18.9,27.4
"BOOI4","2023-06-14 02:00",65.9839999999999,57.15,0,0,8.27,278.9,0.00307086614173228,"73.381999999999948",71.8159999999999,66.614,61.196,36.4,18.9,27.4
"BOOI4","2023-06-14 03:00",66.9919999999999,54.25,0,0,8.45,281.8,0.00303149606299213,"72.679999999999978",71.8699999999999,66.6679999999999,61.196,36.4,18.9,27.4
"BOOI4","2023-06-14 04:00",65.6599999999999,56.98,0,0,9.48,292.4,0.00318897637795276,"71.941999999999936",71.8699999999999,66.6859999999999,61.196,36.4,18.9,27.4
"BOOI4","2023-06-14 05:00",62.1679999999999,65.2,0,0,6.03,294.4,0.00196850393700787,"71.023999999999944",71.8159999999999,66.74,61.196,36.4,18.9,27.4
"BOOI4","2023-06-14 06:00",60.1699999999999,70.6,16221.6,0,4.802,266.2,0.00110236220472441,"70.141999999999925",71.7259999999999,66.7939999999999,61.214,36.4,18.8,27.4
"BOOI4","2023-06-14 07:00",63.9499999999999,65.3,311040,0,7.171,273.8,0.00421259842519685,"69.853999999999886",71.6359999999999,66.83,61.2319999999999,36.3,18.8,27.4
"BOOI4","2023-06-14 08:00",68.18,59.89,827280,0,8.3,282.2,0.00933070866141732,"70.285999999999902",71.5099999999999,66.8659999999999,61.2319999999999,36.4,18.8,27.4
"BOOI4","2023-06-14 09:00",72.3199999999999,53.82,1260360,0,7.15,306.3,0.0133070866141732,"71.7439999999999",71.3659999999999,66.9019999999999,61.196,36.3,18.8,27.4
"BOOI4","2023-06-14 10:00",76.388,47.68,1962720,0,7.228,307.3,0.0192125984251969,"74.065999999999946",71.2039999999999,66.938,61.2319999999999,36.3,18.8,27.4
"BOOI4","2023-06-14 11:00",80.564,43.64,2423520,0,7.058,306.7,0.0240944881889764,"76.999999999999929",71.096,66.9739999999999,61.2319999999999,36.3,18.8,27.4
"BOOI4","2023-06-14 12:00",82.6699999999999,39.02,2887200,0,5.917,315.9,0.0277165354330709,"80.311999999999884",70.9699999999999,66.9739999999999,61.2499999999999,36.3,18.8,27.4
"BOOI4","2023-06-14 13:00",84.3259999999999,36.36,3124800,0,4.979,285.5,0.0298425196850394,"83.731999999999957",70.9159999999999,67.0279999999999,61.2319999999999,36.2,18.8,27.4
"BOOI4","2023-06-14 14:00",84.4519999999999,35.24,2684880,0,5.464,265.9,0.0280314960629921,"86.215999999999937",70.9159999999999,67.0279999999999,61.2319999999999,36.2,18.8,27.4
"BOOI4","2023-06-14 15:00",87.6739999999999,33.47,2648160,0,4.742,304.9,0.0271653543307087,"88.195999999999984",70.988,67.046,61.2499999999999,36.2,18.8,27.4
"BOOI4","2023-06-14 16:00",86.5939999999999,32.3,2759040,0,6.207,277.6,0.0298425196850394,"89.779999999999973",71.1679999999999,67.064,61.2499999999999,36.2,18.8,27.4
"BOOI4","2023-06-14 17:00",87.4579999999999,32.85,2224440,0,5.29,275.5,0.0246456692913386,"90.877999999999901",71.3839999999999,67.0279999999999,61.2499999999999,36.2,18.9,27.4
"BOOI4","2023-06-14 18:00",86.63,32.79,1610640,0,7.34,286.6,0.0229527559055118,"90.571999999999974",71.6539999999999,67.046,61.2679999999999,36.3,18.8,27.4
"BOOI4","2023-06-14 19:00",85.5679999999999,35.18,911160,0,5.758,284.5,0.0156692913385827,"89.671999999999969",71.9779999999999,67.064,61.2679999999999,36.3,18.8,27.4
"BOOI4","2023-06-14 20:00",82.688,41.82,429480,0,3.008,308.4,0.00700787401574803,"87.169999999999888",72.3019999999999,67.064,61.2859999999999,36.3,18.8,27.4
"BOOI4","2023-06-14 21:00",77.7919999999999,44.82,69696,0,1.185,340.7,0.000433070866141732,"84.685999999999908",72.6079999999999,67.0999999999999,61.2859999999999,36.4,18.8,27.4
"BOOI4","2023-06-14 22:00",75.7759999999999,46.67,345.6,0,0,0,-0.00141732283464567,"82.399999999999935",72.8779999999999,67.1179999999999,61.2859999999999,36.3,18.8,27.4
"BOOI4","2023-06-14 23:00",73.8499999999999,48.11,0,0,1.652,306.6,0.00078740157480315,"80.527999999999892",73.13,67.1539999999999,61.2679999999999,36.4,18.8,27.4
"BOOI4","2023-06-15 00:00",72.356,47.76,0,0,3.078,334.1,0.00188976377952756,"79.069999999999894",73.3099999999999,67.172,61.2859999999999,36.4,18.8,27.4
"BOOI4","2023-06-15 01:00",66.938,61.76,0,0,2.634,283.6,0.00102362204724409,"77.323999999999941",73.4539999999999,67.2259999999999,61.2859999999999,36.4,18.8,27.4
"BOOI4","2023-06-15 02:00",69.2779999999999,55.31,0,0,3.473,283,0.00141732283464567,"76.387999999999977",73.5439999999999,67.28,61.2859999999999,36.4,18.8,27.4
"BOOI4","2023-06-15 03:00",69.3499999999999,52.15,0,0,4.644,303.2,0.00232283464566929,"75.649999999999935",73.5619999999999,67.3519999999999,61.3399999999999,36.4,18.8,27.4
"BOOI4","2023-06-15 04:00",61.8259999999999,72.55,0,0,2.454,290.2,0.000826771653543307,"74.281999999999954",73.5619999999999,67.388,61.322,36.4,18.8,27.4
"BOOI4","2023-06-15 05:00",68.6839999999999,52.11,0,0,4.889,277.8,0.00133858267716536,"73.633999999999929",73.5079999999999,67.4599999999999,61.3039999999999,36.4,18.8,27.4
"BOOI4","2023-06-15 06:00",63.1759999999999,64.87,15415.2,0,3.988,331,0.00141732283464567,"72.75199999999991",73.4359999999999,67.514,61.322,36.4,18.8,27.4
"BOOI4","2023-06-15 07:00",65.8759999999999,63.9,202824,0,5.291,308.7,0.00433070866141732,"72.373999999999953",73.3279999999999,67.5679999999999,61.3579999999999,36.4,18.8,27.4
"BOOI4","2023-06-15 08:00",72.14,55.12,633240,0,2.512,314.2,0.00559055118110236,"72.823999999999941",73.1659999999999,67.5859999999999,61.3759999999999,36.3,18.8,27.4
"BOOI4","2023-06-15 09:00",76.856,48.59,1218240,0,1.736,344.3,0.00960629921259843,"74.371999999999971",73.022,67.6579999999999,61.3759999999999,36.4,18.8,27.4
"BOOI4","2023-06-15 10:00",79.6819999999999,43.28,1841400,0,5.004,326.6,0.0181889763779528,"76.621999999999971",72.8779999999999,67.7119999999999,61.3579999999999,36.3,18.8,27.4
"BOOI4","2023-06-15 11:00",81.6619999999999,42.88,2365560,0,7.992,307,0.025748031496063,"79.267999999999915",72.7339999999999,67.748,61.3759999999999,36.2,18.8,27.4
"BOOI4","2023-06-15 12:00",84.038,39.02,2704680,0,5.946,301.1,0.0274409448818898,"82.471999999999966",72.59,67.7839999999999,61.3579999999999,36.2,18.8,27.4
"BOOI4","2023-06-15 13:00",86.414,32.81,2998800,0,6.747,279.8,0.0315354330708661,"85.765999999999948",72.5179999999999,67.8199999999999,61.4119999999999,36.2,18.7,27.4
"BOOI4","2023-06-15 14:00",87.098,31.54,2995200,0,7.834,259.9,0.033740157480315,"88.50199999999991",72.5179999999999,67.838,61.4119999999999,36.1,18.7,27.4
"BOOI4","2023-06-15 15:00",88.0699999999999,32.48,2799360,0,6.973,259.7,0.0317322834645669,"90.46399999999997",72.5539999999999,67.856,61.3939999999999,36.1,18.7,27.4
"BOOI4","2023-06-15 16:00",88.2679999999999,31.4,2439720,0,5.734,280.5,0.0278346456692913,"91.561999999999998",72.698,67.874,61.43,36.1,18.7,27.4
"BOOI4","2023-06-15 17:00",88.322,31.51,1946160,0,5.359,270,0.0235826771653543,"92.425999999999917",72.896,67.8919999999999,61.43,36.1,18.7,27.4
"BOOI4","2023-06-15 18:00",87.746,31.34,1445760,0,5.356,258.2,0.0197637795275591,"91.9939999999999",73.1119999999999,67.874,61.448,36.1,18.7,27.4
"BOOI4","2023-06-15 19:00",87.5119999999999,33.61,939960,0,4.642,259.4,0.0144881889763779,"90.913999999999973",73.3819999999999,67.9099999999999,61.4659999999999,36.1,18.7,27.4
"BOOI4","2023-06-15 20:00",83.9839999999999,45.54,457920,0,2.602,263.2,0.0065748031496063,"88.933999999999926",73.6519999999999,67.9279999999999,61.4659999999999,36.2,18.6,27.4
"BOOI4","2023-06-15 21:00",76.8199999999999,54.95,87660,0,1.352,245.7,7.8740157480315e-05,"85.441999999999936",73.9039999999999,67.946,61.4659999999999,36.2,18.6,27.4
"BOOI4","2023-06-15 22:00",74.7859999999999,60.62,324,0,9.7,61.26,0.00385826771653543,"83.551999999999907",74.156,67.9999999999999,61.5199999999999,36.2,18.6,27.4
"BOOI4","2023-06-15 23:00",72.4099999999999,63.81,0,0,9.31,72.77,0.0031496062992126,"81.913999999999973",74.372,68.0179999999999,61.5019999999999,36.2,18.6,27.4
"BOOI4","2023-06-16 00:00",70.1419999999999,68.13,0,0,8.04,73.29,0.00224409448818898,"80.563999999999965",74.5159999999999,68.0539999999999,61.5019999999999,36.3,18.6,27.4
"BOOI4","2023-06-16 01:00",67.7839999999999,70.84,0,0,8.94,78.67,0.0021259842519685,"79.37599999999992",74.624,68.072,61.5019999999999,36.3,18.6,27.4
"BOOI4","2023-06-16 02:00",64.832,72.16,0,0,9.06,80.4,0.0018503937007874,"78.061999999999884",74.6599999999999,68.1259999999999,61.556,36.3,18.6,27.4
"BOOI4","2023-06-16 03:00",62.4739999999999,71.47,0,0,9.39,75.42,0.00173228346456693,"76.819999999999894",74.696,68.1619999999999,61.538,36.3,18.6,27.4
"BOOI4","2023-06-16 04:00",60.3859999999999,73.11,0,0,7.402,78.22,0.00133858267716536,"75.613999999999962",74.6599999999999,68.2519999999999,61.5739999999999,36.3,18.6,27.4
"BOOI4","2023-06-16 05:00",58.5499999999999,74.68,0,0,7.734,74.43,0.00118110236220473,"74.551999999999907",74.606,68.288,61.5739999999999,36.2,18.6,27.4
"BOOI4","2023-06-16 06:00",57.1999999999999,76.27,12592.8,0,8.19,78.99,0.00110236220472441,"73.489999999999952",74.498,68.3599999999999,61.5739999999999,36.2,18.6,27.4
"BOOI4","2023-06-16 07:00",57.596,75.44,226080,0,9.08,80.3,0.00362204724409449,"72.733999999999924",74.39,68.396,61.5919999999999,36.2,18.6,27.4
"BOOI4","2023-06-16 08:00",59.288,70.8,700560,0,12.21,89.5,0.00744094488188976,"72.427999999999898",74.246,68.4499999999999,61.6279999999999,36.2,18.5,27.4
"BOOI4","2023-06-16 09:00",61.196,70.72,1296000,0,10.56,93.6,0.0106299212598425,"72.859999999999914",74.0659999999999,68.4859999999999,61.6279999999999,36.2,18.5,27.4
"BOOI4","2023-06-16 10:00",64.3819999999999,64.4,1859400,0,9.26,100.4,0.0140157480314961,"74.155999999999963",73.9039999999999,68.5399999999999,61.6099999999999,36.1,18.5,27.4
"BOOI4","2023-06-16 11:00",66.6859999999999,64.32,2345040,0,8.03,95.2,0.0174803149606299,"76.027999999999892",73.706,68.5579999999999,61.646,36.1,18.5,27.4
"BOOI4","2023-06-16 12:00",68.99,60.25,2732400,0,7.177,87.4,0.0206692913385827,"78.385999999999896",73.5439999999999,68.6119999999999,61.664,36,18.5,27.4
"BOOI4","2023-06-16 13:00",71.6539999999999,57.38,2944800,0,6.965,96.6,0.0231889763779528,"80.563999999999965",73.3819999999999,68.5939999999999,61.664,36,18.5,27.4
"BOOI4","2023-06-16 14:00",73.7599999999999,53.88,2926800,0,6.101,103.3,0.0238976377952756,"83.011999999999887",73.3279999999999,68.63,61.664,35.9,18.5,27.4
"BOOI4","2023-06-16 15:00",76.388,50.92,2712960,0,6.76,82.1,0.0238976377952756,"85.135999999999896",73.2919999999999,68.648,61.682,35.9,18.5,27.4
"BOOI4","2023-06-16 16:00",77.972,50.58,2548440,0,5.737,110.7,0.0229133858267717,"86.809999999999917",73.346,68.6659999999999,61.682,35.9,18.5,27.4
"BOOI4","2023-06-16 17:00",78.3499999999999,46.08,2075400,0,6.621,119.1,0.0209842519685039,"87.547999999999959",73.4359999999999,68.63,61.7179999999999,35.9,18.5,27.4
"BOOI4","2023-06-16 18:00",78.0259999999999,46.15,1505880,0,6.121,108.5,0.0169685039370079,"87.421999999999969",73.598,68.6659999999999,61.7179999999999,35.9,18.4,27.4
"BOOI4","2023-06-16 19:00",76.73,47.22,820080,0,6.587,82.5,0.0130708661417323,"86.593999999999909",73.814,68.648,61.7359999999999,35.9,18.4,27.3
"BOOI4","2023-06-16 20:00",74.1919999999999,51.29,290160,0,4.893,98.8,0.00748031496062992,"84.865999999999943",73.9939999999999,68.6659999999999,61.7539999999999,35.9,18.4,27.3
"BOOI4","2023-06-16 21:00",69.8179999999999,57.87,84852,0,4.351,122.2,0.0031496062992126,"82.633999999999929",74.2279999999999,68.6659999999999,61.7539999999999,35.9,18.4,27.4
"BOOI4","2023-06-16 22:00",68.09,60.24,248.4,0,3.194,137.6,0.00133858267716536,"80.797999999999959",74.372,68.6659999999999,61.8079999999999,36,18.4,27.4
"BOOI4","2023-06-16 23:00",66.74,64.06,0,0,4.651,121.4,0.00173228346456693,"79.249999999999929",74.5339999999999,68.6839999999999,61.772,35.9,18.4,27.3
"BOOI4","2023-06-17 00:00",63.4279999999999,69.52,0,0,2.832,94.1,0.00078740157480315,"77.773999999999944",74.624,68.6839999999999,61.8079999999999,36,18.4,27.3
"BOOI4","2023-06-17 01:00",62.2579999999999,69.82,0,0,3.843,97.8,0.00102362204724409,"76.531999999999954",74.6599999999999,68.7199999999999,61.8259999999999,35.9,18.4,27.3
"BOOI4","2023-06-17 02:00",62.2039999999999,70.14,0,0,3.276,87,0.000708661417322835,"75.451999999999913",74.6779999999999,68.738,61.8439999999999,35.9,18.4,27.3
"BOOI4","2023-06-17 03:00",61.7179999999999,71.59,0,0,3.781,103.7,0.00078740157480315,"74.641999999999925",74.6419999999999,68.7919999999999,61.8619999999999,36,18.3,27.3
"BOOI4","2023-06-17 04:00",58.9099999999999,78.41,0,0,4.092,107.9,0.000748031496062992,"73.741999999999933",74.5339999999999,68.8099999999999,61.8619999999999,36,18.3,27.3
"BOOI4","2023-06-17 05:00",59.738,78.06,0,0,3.309,112.7,0.000393700787401575,"73.021999999999977",74.4619999999999,68.846,61.88,35.9,18.3,27.3
"BOOI4","2023-06-17 06:00",59.3419999999999,79.13,9388.8,0,3.596,139,0.000511811023622047,"72.481999999999957",74.3179999999999,68.8999999999999,61.9159999999999,35.9,18.3,27.2
"BOOI4","2023-06-17 07:00",60.638,78.66,179208,0,3.843,120.8,0.0018503937007874,"72.103999999999886",74.156,68.9179999999999,61.9339999999999,35.9,18.3,27.2
"BOOI4","2023-06-17 08:00",64.922,72.52,655560,0,6.535,135.2,0.00582677165354331,"72.391999999999925",74.0119999999999,68.972,61.9339999999999,35.9,18.3,27.2
"BOOI4","2023-06-17 09:00",68.756,67.29,1271520,0,8.29,148.8,0.0113779527559055,"73.597999999999956",73.832,68.99,61.9519999999999,35.8,18.3,27.2
"BOOI4","2023-06-17 10:00",72.464,61.2,1871280,0,11.04,158.8,0.0175196850393701,"75.523999999999944",73.6699999999999,69.0079999999999,61.9699999999999,35.8,18.3,27.2
"BOOI4","2023-06-17 11:00",74.156,62.06,2213280,0,11.17,157,0.0211023622047244,"77.773999999999944",73.49,68.99,61.9699999999999,35.7,18.3,27.2
"BOOI4","2023-06-17 12:00",77.2699999999999,62.75,2093400,0,9.66,156.9,0.0205118110236221,"79.843999999999909",73.3279999999999,69.0259999999999,61.988,35.7,18.3,27.2
"BOOI4","2023-06-17 13:00",80.1859999999999,57.73,2878200,0,8.94,160.7,0.0261023622047244,"82.70599999999996",73.2199999999999,69.0079999999999,62.0239999999999,35.6,18.3,27.2
"BOOI4","2023-06-17 14:00",81.5539999999999,58.03,2167920,0,8.26,170.2,0.0222047244094488,"85.513999999999967",73.1659999999999,69.0259999999999,62.0239999999999,35.6,18.2,27.2
"BOOI4","2023-06-17 15:00",83.264,54.64,2959200,0,7.614,159.2,0.0275196850393701,"88.285999999999902",73.1659999999999,69.0259999999999,62.0419999999999,35.6,18.2,27.2
"BOOI4","2023-06-17 16:00",83.7859999999999,52.85,2135880,0,8.46,166.5,0.0233464566929134,"89.7439999999999",73.2199999999999,69.0259999999999,62.0599999999999,35.6,18.2,27.2
"BOOI4","2023-06-17 17:00",83.732,53.66,992520,0,8.61,167,0.0163779527559055,"88.969999999999899",73.364,68.99,62.0419999999999,35.6,18.2,27.2
"BOOI4","2023-06-17 18:00",81.6439999999999,57.62,796320,0,9.74,149.3,0.0161417322834646,"87.979999999999976",73.5439999999999,69.0079999999999,62.0419999999999,35.5,18.2,27.2
"BOOI4","2023-06-17 19:00",80.0419999999999,61,117468,0,11.76,121.6,0.0116141732283465,"86.305999999999969",73.7599999999999,68.972,62.0779999999999,35.6,18.1,27.2
"BOOI4","2023-06-17 20:00",66.0739999999999,95.2,20559.6,0.13,10.94,322.2,0.00578740157480315,"83.245999999999981",73.9759999999999,68.99,62.096,35.6,18.1,27.2
"BOOI4","2023-06-17 21:00",63.3919999999999,98.9,111.6,1.17,11.57,348.5,0.000551181102362205,"80.365999999999943",74.1919999999999,68.99,62.114,35.6,18.1,27.2
"BOOI4","2023-06-17 22:00",63.248,99.8,0,0.13,7.464,36.96,3.93700787401575e-05,"76.351999999999904",74.39,69.0439999999999,62.1499999999999,37,20.1,27.5
"BOOI4","2023-06-17 23:00",63.5899999999999,99.6,0,0.06,7.565,85.2,0,"74.893999999999906",74.5339999999999,69.08,62.1679999999999,37.4,20.2,27.5
"BOOI4","2023-06-18 00:00",62.9599999999999,99.9,0,0.15,5.14,77.2,0,"73.831999999999951",74.606,69.1159999999999,62.1859999999999,37.7,20.2,27.5
"BOOI4","2023-06-18 01:00",63.1939999999999,100,0,0,6.409,98,0,"72.949999999999932",74.5699999999999,69.1699999999999,62.1859999999999,38.1,20.5,27.6
"BOOI4","2023-06-18 02:00",63.3019999999999,100,0,0,7.062,116.4,0,"72.301999999999907",74.4439999999999,69.2239999999999,62.2039999999999,38.2,20.6,27.6
"BOOI4","2023-06-18 03:00",63.0859999999999,100,0,0,8.35,129.8,0,"71.779999999999973",74.3179999999999,69.2599999999999,62.24,38.2,20.7,27.6
"BOOI4","2023-06-18 04:00",62.9599999999999,100,0,0,6.423,132.5,0,"71.311999999999884",74.138,69.296,62.24,38.1,20.8,27.6
"BOOI4","2023-06-18 05:00",62.546,100,0,0,6.963,132.6,0,"70.861999999999895",73.922,69.314,62.2579999999999,38.1,20.7,27.6
"BOOI4","2023-06-18 06:00",63.0319999999999,100,3218.4,0,4.283,159,3.93700787401575e-05,"70.555999999999969",73.7419999999999,69.332,62.2579999999999,38.1,20.7,27.6
"BOOI4","2023-06-18 07:00",63.896,100,110412,0,3.503,154.9,0.00047244094488189,"70.411999999999892",73.5079999999999,69.3679999999999,62.3119999999999,38,20.7,27.6
"BOOI4","2023-06-18 08:00",65.39,96.7,309960,0,4.674,159.5,0.00188976377952756,"70.681999999999945",73.3099999999999,69.4039999999999,62.2939999999999,38,20.7,27.6
"BOOI4","2023-06-18 09:00",67.5499999999999,93.5,820080,0,4.742,177.7,0.00511811023622047,"71.527999999999892",73.0579999999999,69.3679999999999,62.2939999999999,37.9,20.7,27.6
"BOOI4","2023-06-18 10:00",70.5919999999999,86.9,1332360,0,3.642,232,0.00889763779527559,"73.057999999999936",72.896,69.3679999999999,62.33,37.9,20.7,27.6
"BOOI4","2023-06-18 11:00",71.5099999999999,82.8,1796400,0,4.143,241.3,0.0125590551181102,"75.235999999999905",72.68,69.3859999999999,62.348,37.9,20.7,27.5
"BOOI4","2023-06-18 12:00",73.9939999999999,77.73,2459520,0,5.186,231.7,0.0175590551181102,"77.66599999999994",72.5179999999999,69.3499999999999,62.3659999999999,37.8,20.7,27.5
"BOOI4","2023-06-18 13:00",75.2899999999999,79.14,2609640,0,7.127,243.1,0.0195275590551181,"80.005999999999958",72.374,69.3499999999999,62.3839999999999,37.8,20.7,27.6
"BOOI4","2023-06-18 14:00",75.0739999999999,76.79,2035080,0,6.31,237.8,0.0163385826771654,"80.92399999999995",72.3199999999999,69.314,62.4019999999999,37.7,20.6,27.6
"BOOI4","2023-06-18 15:00",76.19,73.64,2022480,0,7.406,255.3,0.0169685039370079,"81.62599999999992",72.2839999999999,69.2779999999999,62.4019999999999,37.7,20.6,27.6
"BOOI4","2023-06-18 16:00",78.1699999999999,70.06,2381400,0,4.041,218.3,0.0191338582677165,"83.371999999999971",72.3019999999999,69.2239999999999,62.4199999999999,37.7,20.6,27.6
"BOOI4","2023-06-18 17:00",79.088,61.51,2272680,0,3.39,247.1,0.0185433070866142,"84.865999999999943",72.3919999999999,69.206,62.438,37.7,20.5,27.6
"BOOI4","2023-06-18 18:00",80.6359999999999,61.36,1500840,0,3.56,227.2,0.013503937007874,"85.297999999999959",72.4999999999999,69.188,62.4739999999999,37.7,20.5,27.6
"BOOI4","2023-06-18 19:00",78.9259999999999,65.02,1090080,0,4.055,216.4,0.0104330708661417,"85.567999999999913",72.6259999999999,69.1699999999999,62.456,37.7,20.5,27.6
"BOOI4","2023-06-18 20:00",78.3679999999999,69.5,546840,0,2.498,174.5,0.00448818897637795,"84.163999999999973",72.7699999999999,69.1159999999999,62.4739999999999,37.6,20.5,27.6
"BOOI4","2023-06-18 21:00",72.8779999999999,85.5,115092,0,1.139,154.2,-0.00062992125984252,"80.833999999999932",72.914,69.098,62.4919999999999,37.7,20.5,27.6
"BOOI4","2023-06-18 22:00",72.5539999999999,80.5,723.6,0,0.441,151,-0.00110236220472441,"79.069999999999894",73.0399999999999,69.0619999999999,62.5099999999999,37.7,20.5,27.5
"BOOI4","2023-06-18 23:00",70.4659999999999,89.1,0,0,3.087,140.2,0.000118110236220472,"77.827999999999903",73.13,69.0619999999999,62.5279999999999,37.7,20.4,27.5
"BOOI4","2023-06-19 00:00",68.7919999999999,94.4,0,0,3.279,146.3,-0.000433070866141732,"76.477999999999895",73.238,69.0439999999999,62.5279999999999,37.7,20.4,27.5
"BOOI4","2023-06-19 01:00",67.4779999999999,97.6,0,0,3.527,166.9,-0.000551181102362205,"75.271999999999977",73.2739999999999,69.0439999999999,62.546,37.7,20.4,27.6
"BOOI4","2023-06-19 02:00",66.3619999999999,98.1,0,0,4.359,159.4,-0.000511811023622047,"74.371999999999971",73.2919999999999,69.08,62.546,37.7,20.4,27.6
"BOOI4","2023-06-19 03:00",66.2899999999999,100,0,0,2.432,176.9,-0.000826771653543307,"73.435999999999908",73.2199999999999,69.0439999999999,62.564,37.7,20.3,27.6
"BOOI4","2023-06-19 04:00",64.8499999999999,100,0,0,2.376,182.2,-0.000826771653543307,"72.589999999999961",73.1839999999999,69.0439999999999,62.582,37.6,20.3,27.6
"BOOI4","2023-06-19 05:00",64.346,100,0,0,2.816,141.6,-0.00078740157480315,"71.815999999999946",73.0759999999999,69.0619999999999,62.5999999999999,37.6,20.3,27.6
"BOOI4","2023-06-19 06:00",63.4099999999999,100,16268.4,0,3.193,142.4,-0.000708661417322835,"71.113999999999962",72.9859999999999,69.0619999999999,62.5999999999999,37.7,20.3,27.6
"BOOI4","2023-06-19 07:00",65.3539999999999,99.1,299880,0,3.212,172.1,0.000236220472440945,"70.933999999999926",72.8599999999999,69.0619999999999,62.6179999999999,37.6,20.3,27.6
"BOOI4","2023-06-19 08:00",70.0699999999999,93.5,733680,0,3.512,187,0.00393700787401575,"71.815999999999946",72.7339999999999,69.0619999999999,62.6359999999999,37.5,20.2,27.6
"BOOI4","2023-06-19 09:00",72.896,85.5,1280160,0,4.822,178.2,0.00854330708661417,"73.669999999999888",72.59,69.08,62.6359999999999,37.6,20.2,27.6
"BOOI4","2023-06-19 10:00",75.7939999999999,79.77,1842840,0.02,4.724,160,0.0133464566929134,"76.495999999999981",72.4279999999999,69.08,62.6359999999999,37.5,20.2,27.6
"BOOI4","2023-06-19 11:00",78.296,74.87,2308680,0,5.159,155.7,0.0178346456692913,"79.591999999999928",72.2839999999999,69.08,62.6539999999999,37.4,20.2,27.7
"BOOI4","2023-06-19 12:00",80.006,71.07,2770560,0,6.602,148.7,0.0222047244094488,"82.399999999999935",72.1939999999999,69.0439999999999,62.672,37.4,20.2,27.7
"BOOI4","2023-06-19 13:00",81.806,66.67,3013200,0,6.008,153.9,0.0248031496062992,"85.225999999999928",72.122,69.0259999999999,62.69,37.4,20.2,27.7
"BOOI4","2023-06-19 14:00",82.6519999999999,63.22,3121200,0,6.346,142.3,0.0266929133858268,"87.403999999999883",72.14,69.0079999999999,62.69,37.4,20.2,27.7
"BOOI4","2023-06-19 15:00",83.2279999999999,59.68,2723400,0,6.12,136.9,0.0248031496062992,"89.473999999999947",72.2119999999999,68.99,62.7079999999999,37.3,20.1,27.7
"BOOI4","2023-06-19 16:00",84.3259999999999,58.01,2723400,0,6.06,124.8,0.0251574803149606,"90.535999999999902",72.3919999999999,68.99,62.7079999999999,37.3,20.1,27.7
"BOOI4","2023-06-19 17:00",85.172,49.37,2214360,0,6.092,126,0.0220866141732283,"90.427999999999898",72.59,68.9539999999999,62.7079999999999,37.3,20.1,27.7
"BOOI4","2023-06-19 18:00",85.388,55.55,1682640,0,6.207,125.7,0.0183858267716536,"89.815999999999946",72.8419999999999,68.9539999999999,62.7259999999999,37.3,20,27.7
"BOOI4","2023-06-19 19:00",83.8579999999999,58.4,1013040,0,5.921,114.4,0.0133464566929134,"88.627999999999901",73.0939999999999,68.9539999999999,62.7259999999999,37.3,20,27.7
"BOOI4","2023-06-19 20:00",81.1939999999999,64.46,566640,0,5.015,117.7,0.00751968503937008,"86.809999999999917",73.346,68.8999999999999,62.7439999999999,37.4,20,27.7
"BOOI4","2023-06-19 21:00",77.5579999999999,73.29,122760,0,4.092,114.1,0.00192913385826772,"83.677999999999898",73.58,68.9179999999999,62.7439999999999,37.3,19.9,27.7
"BOOI4","2023-06-19 22:00",75.1099999999999,77.1,1083.6,0,4.764,110.1,0.00110236220472441,"81.499999999999929",73.7419999999999,68.9359999999999,62.7619999999999,37.4,19.9,27.7
"BOOI4","2023-06-19 23:00",74.1919999999999,79.23,0,0,4.632,112.2,0.000826771653543307,"79.897999999999954",73.9579999999999,68.9179999999999,62.7439999999999,37.4,19.9,27.7
"BOOI4","2023-06-20 00:00",72.8779999999999,81.6,0,0,5.28,118.7,0.000748031496062992,"78.4939999999999",74.0659999999999,68.9539999999999,62.78,37.5,19.9,27.7
"BOOI4","2023-06-20 01:00",72.2119999999999,79.19,0,0,6.446,127.5,0.00102362204724409,"77.341999999999928",74.156,68.9539999999999,62.798,37.5,19.9,27.7
"BOOI4","2023-06-20 02:00",70.34,82.2,0,0,4.859,133.4,0.000590551181102362,"76.117999999999924",74.138,69.0079999999999,62.798,37.5,19.8,27.7
"BOOI4","2023-06-20 03:00",69.9259999999999,80.6,0,0,2.396,135.5,-0.000118110236220472,"75.055999999999969",74.138,69.0439999999999,62.798,37.5,19.8,27.7
"BOOI4","2023-06-20 04:00",68.4859999999999,83.5,0,0,4.456,129.1,0.000433070866141732,"74.389999999999958",74.048,69.0619999999999,62.798,37.4,19.8,27.7
"BOOI4","2023-06-20 05:00",66.488,87.2,0,0,4.772,114,0.000275590551181102,"73.435999999999908",73.9759999999999,69.08,62.816,37.4,19.8,27.8
"BOOI4","2023-06-20 06:00",64.2919999999999,90.1,14306.4,0,2.539,101.9,-0.000275590551181102,"72.535999999999902",73.9039999999999,69.1159999999999,62.8339999999999,37.4,19.8,27.8
"BOOI4","2023-06-20 07:00",66.848,80.8,278100,0,2.856,96.8,0.00110236220472441,"72.175999999999917",73.7599999999999,69.1519999999999,62.816,37.4,19.8,27.8
"BOOI4","2023-06-20 08:00",70.0699999999999,76.11,786600,0,5.466,116.1,0.00610236220472441,"72.571999999999974",73.6159999999999,69.1519999999999,62.8339999999999,37.4,19.8,27.8
"BOOI4","2023-06-20 09:00",73.022,65.95,1407600,0,7.032,136.3,0.012007874015748,"74.119999999999891",73.4539999999999,69.188,62.8519999999999,37.3,19.8,27.8
"BOOI4","2023-06-20 10:00",76.0099999999999,61.82,1857960,0,8.09,128,0.0170472440944882,"76.135999999999896",73.3099999999999,69.2239999999999,62.8519999999999,37.3,19.7,27.8
"BOOI4","2023-06-20 11:00",78.098,58.31,2419560,0,7.251,118.6,0.0212992125984252,"78.745999999999981",73.13,69.188,62.8519999999999,37.2,19.7,27.8
"BOOI4","2023-06-20 12:00",79.88,52.82,2797200,0,7.799,119.7,0.0255511811023622,"81.517999999999915",73.022,69.206,62.8699999999999,37.2,19.7,27.8
"BOOI4","2023-06-20 13:00",82.2199999999999,51.17,3229200,0,7.846,120.6,0.0298425196850394,"84.055999999999969",72.8779999999999,69.2419999999999,62.8699999999999,37.1,19.7,27.8
"BOOI4","2023-06-20 14:00",82.6339999999999,45.48,2626200,0,9.42,120.4,0.028503937007874,"85.459999999999908",72.8419999999999,69.2419999999999,62.8519999999999,37,19.7,27.8
"BOOI4","2023-06-20 15:00",83.7859999999999,42.85,3103200,0,9.75,121.8,0.0328346456692913,"86.971999999999966",72.8599999999999,69.2239999999999,62.888,37,19.7,27.8
"BOOI4","2023-06-20 16:00",84.272,44.29,2829960,0,9.84,125.7,0.0312204724409449,"87.79999999999994",72.9499999999999,69.2239999999999,62.888,36.9,19.7,27.8
"BOOI4","2023-06-20 17:00",84.2359999999999,45.98,2352600,0,10.5,123.2,0.0281496062992126,"88.195999999999984",73.0939999999999,69.206,62.888,36.9,19.6,27.8
"BOOI4","2023-06-20 18:00",83.822,45.32,1696680,0,10.9,125.8,0.0239763779527559,"87.853999999999886",73.2739999999999,69.188,62.906,36.9,19.6,27.8
"BOOI4","2023-06-20 19:00",82.814,50.43,1071360,0,9.11,128.8,0.0173228346456693,"87.169999999999888",73.5079999999999,69.1519999999999,62.906,37,19.5,27.8
"BOOI4","2023-06-20 20:00",79.9339999999999,58.66,407880,0,6.207,124.1,0.00921259842519685,"85.513999999999967",73.7239999999999,69.1519999999999,62.906,37,19.5,27.8
"BOOI4","2023-06-20 21:00",76.172,62.69,124272,0,4.256,116.9,0.00271653543307087,"82.489999999999952",73.9579999999999,69.1699999999999,62.906,37,19.5,27.8
"BOOI4","2023-06-20 22:00",71.0239999999999,75.26,558,0,1.84,91.9,0.000118110236220472,"80.257999999999939",74.138,69.1699999999999,62.9419999999999,37.1,19.4,27.8
"BOOI4","2023-06-20 23:00",70.43,74.56,0,0,2.442,92.4,7.8740157480315e-05,"78.475999999999928",74.2999999999999,69.1699999999999,62.9419999999999,37.1,19.4,27.8
"BOOI4","2023-06-21 00:00",70.0159999999999,72.11,0,0,4.875,93.6,0.00106299212598425,"77.089999999999961",74.4259999999999,69.188,62.9419999999999,37.1,19.4,27.8
"BOOI4","2023-06-21 01:00",68.7919999999999,73.15,0,0,3.759,90.7,0.000708661417322835,"75.721999999999966",74.498,69.206,62.9599999999999,37.1,19.4,27.8
"BOOI4","2023-06-21 02:00",67.5499999999999,74.75,0,0,1.309,94.4,-0.00047244094488189,"74.551999999999907",74.48,69.2239999999999,62.9779999999999,37.1,19.4,27.8
"BOOI4","2023-06-21 03:00",65.7859999999999,81,0,0,2.595,57.55,-0.00015748031496063,"73.381999999999948",74.4619999999999,69.2419999999999,62.996,37.1,19.4,27.8
"BOOI4","2023-06-21 04:00",62.7439999999999,87.4,0,0,0.634,24.02,-0.00094488188976378,"72.661999999999892",74.372,69.2779999999999,62.9779999999999,37.1,19.4,27.8
"BOOI4","2023-06-21 05:00",61.9699999999999,88.5,0,0,1.276,62.23,-0.00078740157480315,"71.671999999999969",74.282,69.296,63.014,37.1,19.3,27.8
"BOOI4","2023-06-21 06:00",63.14,84.6,13485.6,0,2.794,71.87,-0.000196850393700787,"71.023999999999944",74.156,69.3499999999999,62.996,37.1,19.3,27.8
"BOOI4","2023-06-21 07:00",65.84,83.9,276624,0,5.336,84.3,0.00196850393700787,"70.771999999999977",74.0119999999999,69.3499999999999,62.996,37,19.3,27.8
"BOOI4","2023-06-21 08:00",69.6739999999999,78.72,805680,0,7.586,115.2,0.00649606299212599,"71.437999999999974",73.8679999999999,69.3499999999999,63.0319999999999,37,19.3,27.8
"BOOI4","2023-06-21 09:00",73.3099999999999,73.01,1376640,0,9.68,129.3,0.0118110236220472,"73.237999999999985",73.688,69.422,63.014,37,19.3,27.8
"BOOI4","2023-06-21 10:00",76.2079999999999,68.57,1960920,0,8.24,145.9,0.0166141732283465,"76.00999999999992",73.5079999999999,69.44,63.0319999999999,36.9,19.3,27.8
"BOOI4","2023-06-21 11:00",79.772,63.55,2277720,0,6.583,143.2,0.0196850393700787,"79.411999999999892",73.346,69.44,63.014,36.9,19.3,27.8
"BOOI4","2023-06-21 12:00",81.572,53.97,2984400,0,6.131,117.6,0.0257086614173228,"83.047999999999959",73.1839999999999,69.44,63.0679999999999,36.8,19.3,27.8
"BOOI4","2023-06-21 13:00",83.264,48.79,2930400,0,7.79,95.4,0.0278740157480315,"86.377999999999901",73.0939999999999,69.44,63.0499999999999,36.7,19.3,27.8
"BOOI4","2023-06-21 14:00",84.5419999999999,50.74,3261600,0,7.346,77.32,0.0309055118110236,"89.347999999999956",73.0579999999999,69.422,63.0499999999999,36.6,19.2,27.8
"BOOI4","2023-06-21 15:00",85.298,52.47,2905200,0,10,87.8,0.0303937007874016,"90.517999999999915",73.0939999999999,69.422,63.0679999999999,36.6,19.2,27.8
"BOOI4","2023-06-21 16:00",84.74,52.53,2814120,0,9.96,114.8,0.0296062992125984,"91.867999999999924",73.238,69.4039999999999,63.0679999999999,36.6,19.2,27.7
"BOOI4","2023-06-21 17:00",84.6679999999999,51.41,2124360,0,11.08,100.5,0.0253149606299213,"92.047999999999959",73.4359999999999,69.4039999999999,63.0679999999999,36.6,19.1,27.8
"BOOI4","2023-06-21 18:00",83.732,57.59,1626840,0,10.49,110.4,0.0212992125984252,"91.45399999999988",73.6519999999999,69.4039999999999,63.0859999999999,36.5,19.1,27.8
"BOOI4","2023-06-21 19:00",81.6619999999999,60.11,856440,0,9.9,115,0.0151574803149606,"90.013999999999967",73.922,69.3859999999999,63.1039999999999,36.6,19,27.8
"BOOI4","2023-06-21 20:00",80.4919999999999,63.17,553680,0,6.25,118.7,0.00862204724409449,"88.681999999999945",74.1919999999999,69.3859999999999,63.122,36.5,19,27.8
"BOOI4","2023-06-21 21:00",76.3519999999999,70.87,81684,0,4.081,107.7,0.00259842519685039,"85.603999999999886",74.4439999999999,69.3679999999999,63.122,36.6,19,27.8
"BOOI4","2023-06-21 22:00",72.4999999999999,78.57,446.4,0,1.403,95.1,3.93700787401575e-05,"83.335999999999899",74.624,69.3859999999999,63.122,36.6,19,27.8
"BOOI4","2023-06-21 23:00",71.546,80.6,0,0,0.143,64.22,-0.000866141732283465,"81.409999999999911",74.8039999999999,69.4039999999999,63.14,36.6,18.9,27.8
"BOOI4","2023-06-22 00:00",71.3659999999999,79.15,0,0,0,0,-0.000984251968503937,"80.041999999999931",74.948,69.422,63.122,36.7,19,27.8
"BOOI4","2023-06-22 01:00",70.3039999999999,81.9,0,0,0.541,335.7,-0.00062992125984252,"78.79999999999994",75.0199999999999,69.44,63.14,36.7,18.9,27.7
"BOOI4","2023-06-22 02:00",70.538,79.54,0,0,0.194,358.2,-0.000826771653543307,"77.791999999999931",75.038,69.44,63.1579999999999,36.7,19,27.8
"BOOI4","2023-06-22 03:00",67.7839999999999,85.4,0,0,1.531,359.4,-0.000196850393700787,"76.639999999999958",75.056,69.4939999999999,63.1939999999999,36.7,18.9,27.8
"BOOI4","2023-06-22 04:00",66.4519999999999,87.4,0,0,2.361,4.056,-7.8740157480315e-05,"76.00999999999992",75.0019999999999,69.5119999999999,63.1759999999999,36.7,18.9,27.7
"BOOI4","2023-06-22 05:00",66.2539999999999,86.7,0,0,0.871,24.26,-0.000551181102362205,"75.145999999999987",74.948,69.5659999999999,63.1939999999999,36.7,18.9,27.8
"BOOI4","2023-06-22 06:00",65.498,86.9,13996.8,0,1.916,9.65,-0.000118110236220472,"74.335999999999899",74.822,69.6019999999999,63.1939999999999,36.6,18.9,27.8
"BOOI4","2023-06-22 07:00",66.8119999999999,87.2,274932,0,2.821,51.09,0.00106299212598425,"73.957999999999942",74.714,69.656,63.1939999999999,36.7,18.9,27.8
"BOOI4","2023-06-22 08:00",71.4739999999999,78.14,810720,0,3.919,78.69,0.00531496062992126,"74.58799999999998",74.588,69.656,63.1939999999999,36.7,18.9,27.8
"BOOI4","2023-06-22 09:00",74.3179999999999,73.02,1413720,0,5.264,135.1,0.0109842519685039,"76.441999999999936",74.4439999999999,69.6919999999999,63.2119999999999,36.6,18.9,27.8
"BOOI4","2023-06-22 10:00",77.8999999999999,66.63,2025000,0,4.347,142.4,0.0160236220472441,"79.627999999999901",74.2999999999999,69.6919999999999,63.2119999999999,36.6,18.9,27.8
"BOOI4","2023-06-22 11:00",81.68,61.18,2557440,0,2.93,162.3,0.0203543307086614,"83.803999999999888",74.156,69.7279999999999,63.2119999999999,36.5,18.8,27.8
"BOOI4","2023-06-22 12:00",84.398,50.7,2973600,0,2.007,189.3,0.0240944881889764,"88.321999999999974",74.048,69.746,63.23,36.4,18.8,27.8
"BOOI4","2023-06-22 13:00",85.3339999999999,46.97,3243600,0,2.615,171.6,0.0277165354330709,"92.371999999999971",73.9759999999999,69.746,63.23,36.3,18.8,27.8
"BOOI4","2023-06-22 14:00",87.5839999999999,36.94,3225600,0,2.971,177.8,0.0284251968503937,"95.503999999999891",73.9759999999999,69.746,63.248,36.2,18.8,27.8
"BOOI4","2023-06-22 15:00",84.8659999999999,45.29,2810520,0,3.715,97.9,0.0265748031496063,"96.637999999999877",73.9939999999999,69.764,63.248,36.1,18.7,27.8
"BOOI4","2023-06-22 16:00",87.4579999999999,37.75,2905200,0,3.177,11.37,0.026496062992126,"M",74.138,69.764,63.248,36.1,18.7,27.8
"BOOI4","2023-06-22 17:00",89.8159999999999,37.75,1898640,0,2.781,66.9,0.0185433070866142,"98.527999999999892",74.3179999999999,69.746,63.248,36,18.6,27.8
"BOOI4","2023-06-22 18:00",87.332,39.44,1488240,0,2.433,61.66,0.0146062992125984,"97.033999999999921",74.5339999999999,69.746,63.2839999999999,36,18.6,27.7
"BOOI4","2023-06-22 19:00",88.2499999999999,38.44,916920,0,0.958,24.67,0.00771653543307087,"96.799999999999926",74.7499999999999,69.746,63.2839999999999,36,18.6,27.7
"BOOI4","2023-06-22 20:00",86.3419999999999,40.49,651960,0,0.117,337.7,0.00255905511811024,"96.36799999999991",75.0199999999999,69.764,63.2839999999999,36,18.6,27.7
"BOOI4","2023-06-22 21:00",80.3119999999999,56.57,123228,0,0.982,126.3,-0.000393700787401575,"91.435999999999908",75.1999999999999,69.746,63.3019999999999,36,18.5,27.7
"BOOI4","2023-06-22 22:00",79.0699999999999,57.5,432,0,0.019,204.9,-0.00125984251968504,"88.645999999999987",75.4159999999999,69.764,63.3199999999999,36.1,18.5,27.8
"BOOI4","2023-06-22 23:00",75.9919999999999,66.92,0,0,0.348,262.5,-0.000826771653543307,"86.719999999999899",75.5419999999999,69.7999999999999,63.3199999999999,36.1,18.6,27.8
"BOOI4","2023-06-23 00:00",73.706,74.59,0,0,0.852,0.544,-0.000433070866141732,"84.847999999999956",75.6499999999999,69.764,63.356,36.1,18.5,27.7
"BOOI4","2023-06-23 01:00",73.7419999999999,70.16,0,0,1.442,260,-0.000196850393700787,"83.317999999999913",75.722,69.872,63.3199999999999,36.1,18.5,27.7
"BOOI4","2023-06-23 02:00",72.1579999999999,72.72,0,0,0.111,10.79,-0.00106299212598425,"82.021999999999977",75.7759999999999,69.8539999999999,63.338,36.1,18.5,27.7
"BOOI4","2023-06-23 03:00",68.8999999999999,82,0,0,1.013,342.7,-0.000433070866141732,"80.599999999999937",75.7579999999999,69.89,63.356,36.1,18.5,27.7
"BOOI4","2023-06-23 04:00",67.1179999999999,86.9,0,0,1.332,51.57,-0.000236220472440945,"79.645999999999987",75.722,69.9439999999999,63.374,36.1,18.5,27.7
"BOOI4","2023-06-23 05:00",68.4859999999999,84.7,0,0,0.631,337.6,-0.000708661417322835,"78.853999999999886",75.6859999999999,69.9619999999999,63.4099999999999,36.1,18.5,27.7
"BOOI4","2023-06-23 06:00",64.9579999999999,93.4,24897.6,0,1.501,27.13,-0.000354330708661417,"77.845999999999989",75.5779999999999,70.0339999999999,63.3919999999999,36.1,18.5,27.7
"BOOI4","2023-06-23 07:00",69.9079999999999,85.8,260532,0,1.552,268.1,0.000551181102362205,"77.683999999999926",75.4699999999999,70.0519999999999,63.4099999999999,36.1,18.5,27.7
"BOOI4","2023-06-23 08:00",75.5779999999999,74.65,594000,0,0.368,229.9,0.00362204724409449,"78.67399999999995",75.38,70.088,63.4099999999999,36.1,18.4,27.7
"BOOI4","2023-06-23 09:00",80.222,56.67,1304640,0,3.719,261.4,0.0111023622047244,"80.365999999999943",75.2179999999999,70.124,63.4099999999999,36,18.4,27.7
"BOOI4","2023-06-23 10:00",82.3999999999999,52.27,1991880,0,3.692,298.1,0.0175984251968504,"83.227999999999895",75.0919999999999,70.1419999999999,63.4279999999999,36,18.4,27.7
"BOOI4","2023-06-23 11:00",86.09,47.41,2586960,0,2.536,274.4,0.0219291338582677,"87.385999999999896",74.9659999999999,70.1419999999999,63.4279999999999,35.9,18.4,27.7
"BOOI4","2023-06-23 12:00",86.2699999999999,50.16,2970000,0,2.137,311.2,0.0250787401574803,"91.327999999999903",74.8579999999999,70.196,63.446,35.8,18.4,27.7
"BOOI4","2023-06-23 13:00",85.0099999999999,49.13,1335600,0,2.581,298.3,0.0140944881889764,"92.353999999999886",74.7859999999999,70.1779999999999,63.446,35.7,18.3,27.7
"BOOI4","2023-06-23 14:00",87.4759999999999,43.87,1923120,0,1.237,57.48,0.017007874015748,"93.595999999999989",74.7499999999999,70.214,63.464,35.7,18.3,27.7
"BOOI4","2023-06-23 15:00",87.44,47.65,1756440,0,1.283,347.9,0.0158267716535433,"94.729999999999976",74.7859999999999,70.214,63.4819999999999,35.6,18.3,27.6
"BOOI4","2023-06-23 16:00",87.53,41.46,2621880,0,3.976,161.7,0.0250393700787402,"97.177999999999898",74.8579999999999,70.214,63.4819999999999,35.5,18.2,27.6
"BOOI4","2023-06-23 17:00",87.4579999999999,38.34,2353320,0,5.418,147.9,0.0248425196850394,"98.32999999999997",74.9119999999999,70.196,63.4819999999999,35.5,18.2,27.6
"BOOI4","2023-06-23 18:00",86.2699999999999,44.66,1698120,0,5.77,165.5,0.0201181102362205,"98.239999999999952",75.0199999999999,70.196,63.4999999999999,35.4,18.2,27.5
"BOOI4","2023-06-23 19:00",85.838,47.24,1025280,0,4.637,169.9,0.0131889763779528,"96.943999999999903",75.146,70.214,63.4999999999999,35.4,18.2,27.5
"BOOI4","2023-06-23 20:00",83.0659999999999,54.01,531720,0,4.01,131.8,0.00775590551181103,"93.811999999999998",75.2899999999999,70.2499999999999,63.5179999999999,35.4,18.1,27.5
"BOOI4","2023-06-23 21:00",80.6179999999999,54.69,86616,0,4.409,116.7,0.00413385826771654,"90.481999999999957",75.4339999999999,70.232,63.5359999999999,35.4,18.1,27.5
"BOOI4","2023-06-23 22:00",77.414,63.9,518.4,0,4.768,117.3,0.00232283464566929,"88.105999999999966",75.506,70.232,63.5539999999999,35.4,18.1,27.5
"BOOI4","2023-06-23 23:00",74.822,69.8,0,0,4.955,131,0.00169291338582677,"86.107999999999933",75.596,70.232,63.5359999999999,35.5,18.1,27.5
"BOOI4","2023-06-24 00:00",72.7159999999999,75.42,0,0,3.871,152.8,0.00078740157480315,"84.41599999999994",75.6499999999999,70.2499999999999,63.5539999999999,35.4,18.1,27.5
"BOOI4","2023-06-24 01:00",70.7359999999999,76.15,0,0,4.652,145.8,0.00106299212598425,"83.065999999999946",75.6859999999999,70.3039999999999,63.572,35.4,18.1,27.5
"BOOI4","2023-06-24 02:00",70.772,74.87,0,0,4.247,135.1,0.000866141732283465,"81.877999999999901",75.722,70.2859999999999,63.572,35.4,18.1,27.5
"BOOI4","2023-06-24 03:00",68.8999999999999,79.25,0,0,3.833,144.2,0.000511811023622047,"80.671999999999969",75.6859999999999,70.322,63.6079999999999,35.4,18.1,27.5
"BOOI4","2023-06-24 04:00",67.4779999999999,82,0,0,3.791,156.2,0.00031496062992126,"79.627999999999901",75.6499999999999,70.3579999999999,63.6079999999999,35.5,18.1,27.5
"BOOI4","2023-06-24 05:00",65.9839999999999,85.3,0,0,4.621,122.7,0.000393700787401575,"78.67399999999995",75.5419999999999,70.3579999999999,63.6439999999999,35.5,18.1,27.5
"BOOI4","2023-06-24 06:00",66.398,83.2,10515.6,0,5.39,121.6,0.000433070866141732,"78.097999999999956",75.4699999999999,70.3759999999999,63.6439999999999,35.5,18.1,27.5
"BOOI4","2023-06-24 07:00",68.738,81.4,323640,0,6.141,132.6,0.00240157480314961,"77.881999999999948",75.38,70.3939999999999,63.6439999999999,35.4,18.1,27.5
"BOOI4","2023-06-24 08:00",73.0579999999999,74.28,581760,0,6.535,145.8,0.00625984251968504,"78.565999999999946",75.2539999999999,70.4119999999999,63.6619999999999,35.4,18.1,27.5
"BOOI4","2023-06-24 09:00",69.2419999999999,93.8,312120,0.43,7.667,189.3,0.0052755905511811,"78.313999999999965",75.1279999999999,70.43,63.6619999999999,35.4,18.1,27.5
"BOOI4","2023-06-24 10:00",66.596,98.7,106704,0.42,6.552,353.8,0.000984251968503937,"76.693999999999903",75.038,70.448,63.68,35.4,18.1,27.6
"BOOI4","2023-06-24 11:00",67.9099999999999,95.5,885600,0,9.47,54.6,0.00535433070866142,"76.477999999999895",74.8759999999999,70.4659999999999,63.68,35.6,18.2,27.6
"BOOI4","2023-06-24 12:00",69.9259999999999,95.3,571320,0.03,10.86,88.8,0.00421259842519685,"76.495999999999981",74.7499999999999,70.4839999999999,63.698,35.8,18.2,27.6
"BOOI4","2023-06-24 13:00",74.7499999999999,88.2,1674360,0,10.59,97.9,0.0109842519685039,"77.755999999999958",74.606,70.5199999999999,63.698,35.8,18.2,27.6
"BOOI4","2023-06-24 14:00",76.982,84.7,1703160,0,12.52,122.5,0.0138188976377953,"79.627999999999901",74.48,70.4659999999999,63.7339999999999,35.8,18.3,27.6
"BOOI4","2023-06-24 15:00",78.5659999999999,80.7,676440,0,8.61,123,0.00799212598425197,"80.347999999999956",74.3539999999999,70.4839999999999,63.7159999999999,35.9,18.3,27.6
"BOOI4","2023-06-24 16:00",77.09,85,701640,0,11.93,142.4,0.00921259842519685,"80.491999999999933",74.246,70.5019999999999,63.7339999999999,35.9,18.3,27.6
"BOOI4","2023-06-24 17:00",74.1019999999999,98.4,457920,0.52,10.54,201.6,0.005,"79.50199999999991",74.1919999999999,70.448,63.7519999999999,36,18.3,27.7
"BOOI4","2023-06-24 18:00",78.53,88.3,1387080,0,5.773,281.7,0.00984251968503937,"81.04999999999994",74.1199999999999,70.5199999999999,63.7699999999999,36.4,18.3,27.7
"BOOI4","2023-06-24 19:00",79.7359999999999,83.8,1115280,0,5.676,315.7,0.00881889763779528,"82.129999999999981",74.0839999999999,70.5019999999999,63.806,36.5,18.4,27.7
"BOOI4","2023-06-24 20:00",79.988,84.1,457920,0,1.847,340.8,0.0031496062992126,"82.507999999999939",74.048,70.4839999999999,63.806,36.6,18.5,27.7
"BOOI4","2023-06-24 21:00",74.714,94,126756,0,1.135,203.4,-0.000551181102362205,"80.563999999999965",74.03,70.448,63.8239999999999,36.7,18.6,27.7
"BOOI4","2023-06-24 22:00",72.7159999999999,98.5,792,0,0.969,201.8,-0.000984251968503937,"79.37599999999992",73.9939999999999,70.43,63.8419999999999,36.8,18.6,27.7
"BOOI4","2023-06-24 23:00",71.78,100,0,0,1.655,172.2,-0.000905511811023622,"78.295999999999978",73.9759999999999,70.4119999999999,63.8239999999999,36.8,18.7,27.7
"BOOI4","2023-06-25 00:00",69.4039999999999,100,0,0,1.157,117.4,-0.00102362204724409,"77.233999999999924",73.9939999999999,70.4119999999999,63.8599999999999,36.9,18.6,27.7
"BOOI4","2023-06-25 01:00",69.5119999999999,91.1,0,0,6.753,251.1,-0.00015748031496063,"76.225999999999928",73.94,70.3579999999999,63.8599999999999,36.9,18.7,27.7
"BOOI4","2023-06-25 02:00",68.7019999999999,85.8,0,0,13.02,284.8,0.000905511811023622,"75.181999999999945",73.8859999999999,70.34,63.8599999999999,36.9,18.7,27.7
"BOOI4","2023-06-25 03:00",65.6779999999999,89.9,0,0,11.26,281.3,0.000669291338582677,"73.849999999999937",73.832,70.3579999999999,63.896,36.9,18.7,27.7
"BOOI4","2023-06-25 04:00",63.6079999999999,94.4,0,0,5.413,257,-0.000275590551181102,"72.661999999999892",73.7599999999999,70.34,63.896,36.9,18.8,27.7
"BOOI4","2023-06-25 05:00",62.672,94.5,0,0,7.558,261.1,-0.000118110236220472,"71.725999999999928",73.6699999999999,70.3039999999999,63.896,36.9,18.8,27.7
"BOOI4","2023-06-25 06:00",62.006,91.1,12330,0,9.62,259.6,0.000196850393700787,"70.933999999999926",73.598,70.2679999999999,63.914,36.9,18.8,27.7
"BOOI4","2023-06-25 07:00",62.78,88.9,142020,0,10.93,253.9,0.00232283464566929,"70.37599999999992",73.4539999999999,70.2859999999999,63.914,37,18.9,27.7
"BOOI4","2023-06-25 08:00",65.156,82.8,701640,0,12.71,250.1,0.00566929133858268,"70.483999999999924",73.3099999999999,70.2679999999999,63.932,37,18.9,27.7
"BOOI4","2023-06-25 09:00",64.706,82.5,668160,0,15.41,253.5,0.00763779527559055,"70.897999999999954",73.1659999999999,70.232,63.9499999999999,36.9,18.9,27.7
"BOOI4","2023-06-25 10:00",66.6679999999999,80.8,598320,0,18.08,262.5,0.00826771653543307,"70.91599999999994",73.022,70.232,63.9499999999999,36.9,18.9,27.7
"BOOI4","2023-06-25 11:00",66.83,82.8,495360,0,18.16,273.6,0.00763779527559055,"70.933999999999926",72.8599999999999,70.196,63.9499999999999,36.9,18.9,27.7
"BOOI4","2023-06-25 12:00",69.656,81.1,1191960,0,18.62,278.3,0.0108661417322835,"71.45599999999996",72.698,70.1599999999999,63.9679999999999,36.9,18.9,27.8
"BOOI4","2023-06-25 13:00",68.8099999999999,84.1,783360,0,17.34,284.2,0.00913385826771654,"72.067999999999913",72.5539999999999,70.1419999999999,63.9679999999999,36.8,18.9,27.8
"BOOI4","2023-06-25 14:00",73.796,74.02,2233800,0,20.37,286.7,0.0183858267716536,"73.633999999999929",72.4099999999999,70.124,63.9499999999999,36.8,18.9,27.8
"BOOI4","2023-06-25 15:00",74.0659999999999,71,2075400,0,21.77,287.8,0.0194488188976378,"75.163999999999973",72.2839999999999,70.088,63.9679999999999,36.8,18.9,27.8
"BOOI4","2023-06-25 16:00",73.7239999999999,69.67,1942920,0,20.58,289.7,0.0200393700787402,"76.42399999999995",72.1579999999999,70.0339999999999,64.0039999999999,36.7,18.9,27.8
"BOOI4","2023-06-25 17:00",75.8659999999999,67.49,1512360,0,19.11,288.1,0.0180314960629921,"76.765999999999948",72.0499999999999,69.998,63.9859999999999,36.7,18.9,27.8
"BOOI4","2023-06-25 18:00",74.1739999999999,70.32,1003320,0,18.98,296.2,0.0161417322834646,"76.333999999999932",71.9599999999999,69.9619999999999,63.9859999999999,36.7,18.9,27.8
"BOOI4","2023-06-25 19:00",74.2999999999999,69.5,833400,0,17.94,298.1,0.013740157480315,"76.099999999999937",71.9419999999999,69.9259999999999,64.0039999999999,36.6,18.9,27.8
"BOOI4","2023-06-25 20:00",71.9599999999999,75.81,498960,0,16.04,304.4,0.00976377952755906,"75.091999999999928",71.8699999999999,69.89,64.022,36.6,18.9,27.8
"BOOI4","2023-06-25 21:00",70.538,78.35,72432,0,11.11,299.6,0.00440944881889764,"73.921999999999969",71.8339999999999,69.8179999999999,64.0399999999999,36.6,18.8,27.7
"BOOI4","2023-06-25 22:00",68.99,83.6,950.4,0,7.774,296.9,0.00110236220472441,"72.859999999999914",71.798,69.8179999999999,64.0399999999999,36.6,18.8,27.7
"BOOI4","2023-06-25 23:00",66.596,89.7,0,0,7.061,296.1,0.000708661417322835,"71.92399999999995",71.78,69.764,64.022,36.6,18.8,27.7
"BOOI4","2023-06-26 00:00",66.2179999999999,88.2,0,0,8.52,288.2,0.000551181102362205,"71.113999999999962",71.7259999999999,69.7279999999999,64.0579999999999,36.6,18.8,27.7
"BOOI4","2023-06-26 01:00",65.3179999999999,89.8,0,0,10.79,299.6,0.00062992125984252,"70.357999999999933",71.672,69.6919999999999,64.0579999999999,36.6,18.8,27.7
"BOOI4","2023-06-26 02:00",64.1839999999999,92.4,0,0,10.79,299.4,0.000433070866141732,"69.637999999999977",71.582,69.638,64.0579999999999,36.6,18.8,27.7
"BOOI4","2023-06-26 03:00",63.2839999999999,94.2,0,0,9.23,295.3,0.00015748031496063,"68.989999999999952",71.4919999999999,69.6019999999999,64.0759999999999,36.6,18.8,27.7
"BOOI4","2023-06-26 04:00",62.7079999999999,93.9,0,0,9.77,302.7,0.00015748031496063,"68.359999999999914",71.4199999999999,69.5659999999999,64.0579999999999,36.6,18.8,27.8
"BOOI4","2023-06-26 05:00",61.8259999999999,94.4,0,0,9.18,294.8,0.00015748031496063,"67.693999999999903",71.3119999999999,69.5119999999999,64.0939999999999,36.6,18.8,27.8
"BOOI4","2023-06-26 06:00",60.98,95,12531.6,0,8.94,293.5,7.8740157480315e-05,"67.117999999999924",71.222,69.5119999999999,64.0579999999999,36.6,18.8,27.8
"BOOI4","2023-06-26 07:00",62.438,92.7,204912,0,10.18,300,0.00125984251968504,"66.82999999999997",71.096,69.4579999999999,64.0939999999999,36.5,18.8,27.8
"BOOI4","2023-06-26 08:00",65.246,88.3,779400,0,10,312.3,0.00468503937007874,"67.477999999999895",70.9699999999999,69.422,64.0579999999999,36.6,18.8,27.9
"BOOI4","2023-06-26 09:00",67.514,83.4,1292400,0,8.73,328.3,0.00846456692913386,"68.737999999999985",70.8259999999999,69.3679999999999,64.0759999999999,36.5,18.8,27.9
"BOOI4","2023-06-26 10:00",68.7919999999999,79.88,1647720,0,10.29,340.5,0.0119685039370079,"70.231999999999957",70.6999999999999,69.3499999999999,64.0939999999999,36.5,18.8,27.9
"BOOI4","2023-06-26 11:00",68.522,74.92,1551960,0,9.54,332.4,0.0128740157480315,"71.707999999999942",70.556,69.332,64.0759999999999,36.4,18.8,27.9
"BOOI4","2023-06-26 12:00",69.9439999999999,78.19,1211760,0,8.67,318.4,0.0111417322834646,"72.247999999999962",70.448,69.2599999999999,64.0759999999999,36.4,18.8,27.9
"BOOI4","2023-06-26 13:00",68.972,82.8,1332360,0,9.93,312.2,0.0116535433070866,"72.895999999999987",70.3759999999999,69.188,64.0759999999999,36.4,18.8,27.9
"BOOI4","2023-06-26 14:00",71.1319999999999,77.84,1887120,0,10.81,309.1,0.0148031496062992,"74.227999999999895",70.34,69.1699999999999,64.0939999999999,36.3,18.7,27.9
"BOOI4","2023-06-26 15:00",71.2039999999999,78.84,1635480,0,11.56,302.5,0.0139370078740157,"75.289999999999949",70.2499999999999,69.098,64.0939999999999,36.3,18.7,27.9
"BOOI4","2023-06-26 16:00",71.7439999999999,77.7,1145520,0,11.13,304.2,0.0112204724409449,"75.541999999999931",70.2679999999999,69.08,64.0939999999999,36.3,18.7,27.9
"BOOI4","2023-06-26 17:00",74.3539999999999,72.55,1551960,0,9.96,309.1,0.0137007874015748,"76.117999999999924",70.232,69.0259999999999,64.1119999999999,36.3,18.7,27.9
"BOOI4","2023-06-26 18:00",75.6499999999999,68.83,1787400,0,9.18,314,0.0156299212598425,"77.12599999999992",70.2679999999999,68.972,64.0939999999999,36.2,18.6,27.9
"BOOI4","2023-06-26 19:00",76.1179999999999,67.87,953640,0,6.244,338.2,0.0100393700787402,"77.413999999999973",70.2859999999999,68.9539999999999,64.0939999999999,36.2,18.6,27.9
"BOOI4","2023-06-26 20:00",73.8499999999999,69.72,565920,0,4.196,331.3,0.00555118110236221,"76.603999999999886",70.3039999999999,68.8999999999999,64.0759999999999,36.2,18.6,27.9
"BOOI4","2023-06-26 21:00",67.73,84.5,114156,0,2.083,306.8,-0.000236220472440945,"74.479999999999976",70.34,68.8099999999999,64.0939999999999,36.2,18.6,27.9
"BOOI4","2023-06-26 22:00",65.4439999999999,86.1,1044,0,3.163,283,0,"72.913999999999973",70.3759999999999,68.7919999999999,64.0759999999999,36.2,18.6,27.8
"BOOI4","2023-06-26 23:00",64.598,87,0,0,3.152,289.3,0,"71.653999999999883",70.3759999999999,68.756,64.0759999999999,36.2,18.6,27.9
"BOOI4","2023-06-27 00:00",63.914,86.9,0,0,3.971,307.2,7.8740157480315e-05,"70.537999999999982",70.4119999999999,68.738,64.0759999999999,36.2,18.6,27.9
"BOOI4","2023-06-27 01:00",62.24,89.7,0,0,3.968,308.2,0,"69.439999999999955",70.4119999999999,68.7019999999999,64.0759999999999,36.2,18.6,27.8
"BOOI4","2023-06-27 02:00",61.3039999999999,89.2,0,0,2.186,315.6,-0.000354330708661417,"68.431999999999945",70.3759999999999,68.6839999999999,64.0759999999999,36.2,18.6,27.8
"BOOI4","2023-06-27 03:00",60.8539999999999,90.1,0,0,3.213,294.1,-0.00015748031496063,"67.603999999999886",70.322,68.63,64.0939999999999,36.2,18.6,27.7
"BOOI4","2023-06-27 04:00",59.3419999999999,93.1,0,0,3.483,300.9,-0.000196850393700787,"66.82999999999997",70.232,68.63,64.0759999999999,36.2,18.6,27.8
"BOOI4","2023-06-27 05:00",59.0899999999999,95.3,0,0,4.601,288.8,-0.000236220472440945,"66.145999999999987",70.1419999999999,68.5939999999999,64.0759999999999,36.2,18.6,27.8
"BOOI4","2023-06-27 06:00",59.5759999999999,93.6,10771.2,0,3.539,308.5,-0.00031496062992126,"65.58799999999998",70.0699999999999,68.5579999999999,64.0759999999999,36.2,18.6,27.8
"BOOI4","2023-06-27 07:00",62.1319999999999,91.2,223704,0,3.038,307.1,0.00062992125984252,"65.425999999999917",69.9259999999999,68.5399999999999,64.0759999999999,36.2,18.6,27.8
"BOOI4","2023-06-27 08:00",67.172,85.8,718200,0,2.545,328.6,0.00409448818897638,"66.433999999999926",69.7999999999999,68.5039999999999,64.0759999999999,36.1,18.6,27.8
"BOOI4","2023-06-27 09:00",69.9259999999999,83.3,1293480,0,3.791,35.99,0.00858267716535433,"68.377999999999901",69.6919999999999,68.4859999999999,64.0579999999999,36.1,18.6,27.8
"BOOI4","2023-06-27 10:00",73.796,68.64,1924560,0,2.977,53.99,0.0136220472440945,"71.473999999999947",69.5659999999999,68.4679999999999,64.0579999999999,36.1,18.6,27.8
"BOOI4","2023-06-27 11:00",76.388,66.46,2437920,0,3.41,54.86,0.0184251968503937,"74.71399999999997",69.422,68.414,64.0579999999999,36,18.5,27.8
"BOOI4","2023-06-27 12:00",78.8179999999999,62.99,2837160,0,1.455,341.8,0.0214566929133858,"79.033999999999921",69.314,68.396,64.0579999999999,36,18.5,27.8
"BOOI4","2023-06-27 13:00",79.124,55.13,2756160,0,3.031,146.6,0.0225590551181102,"82.129999999999981",69.2779999999999,68.3599999999999,64.0579999999999,35.9,18.5,27.7
"BOOI4","2023-06-27 14:00",80.7259999999999,51.97,2418480,0,3.91,153.6,0.0213385826771654,"83.605999999999966",69.2779999999999,68.3239999999999,64.0399999999999,35.9,18.5,27.7
"BOOI4","2023-06-27 15:00",81.1759999999999,55.48,3002400,0,5.676,141.3,0.0266141732283465,"85.297999999999959",69.314,68.288,64.0579999999999,35.8,18.4,27.7
"BOOI4","2023-06-27 16:00",81.572,50.73,2521080,0,8.04,135.4,0.0254330708661417,"85.567999999999913",69.422,68.2339999999999,64.022,35.7,18.4,27.8
"BOOI4","2023-06-27 17:00",81.1039999999999,50.97,2126160,0,7.272,139.2,0.0223228346456693,"85.999999999999929",69.548,68.198,64.0399999999999,35.7,18.4,27.8
"BOOI4","2023-06-27 18:00",79.6279999999999,54.1,1269000,0,7.306,128.1,0.016496062992126,"85.063999999999965",69.7279999999999,68.18,64.022,35.7,18.4,27.8
"BOOI4","2023-06-27 19:00",78.4939999999999,55.92,700200,0,5.9,111.5,0.0108267716535433,"83.605999999999966",69.89,68.1259999999999,64.022,35.6,18.4,27.8
"BOOI4","2023-06-27 20:00",76.2079999999999,61.64,331920,0,5.202,119.6,0.00692913385826772,"81.787999999999982",70.0519999999999,68.1079999999999,64.0039999999999,35.7,18.4,27.8
"BOOI4","2023-06-27 21:00",72.572,65.07,123264,0,6.144,137.9,0.00401574803149606,"79.411999999999892",70.196,68.0539999999999,64.022,35.7,18.4,27.8
"BOOI4","2023-06-27 22:00",69.098,76.23,500.4,0,1.692,100.1,0.000511811023622047,"77.233999999999924",70.34,68.0539999999999,64.0039999999999,35.8,18.3,27.8
"BOOI4","2023-06-27 23:00",70.6099999999999,70.74,0,0,1.266,100,0.000118110236220472,"76.153999999999883",70.4119999999999,68.0359999999999,64.0039999999999,35.7,18.3,27.8
"BOOI4","2023-06-28 00:00",70.214,67.57,0,0,6.719,126.8,0.00208661417322835,"75.037999999999982",70.4839999999999,68.0359999999999,63.9859999999999,35.7,18.3,27.8
"BOOI4","2023-06-28 01:00",70.1419999999999,67.35,0,0,8.23,143,0.00224409448818898,"73.921999999999969",70.538,68.0179999999999,63.9679999999999,35.8,18.3,27.8
"BOOI4","2023-06-28 02:00",69.188,73.26,0,0,7.602,143.1,0.00200787401574803,"73.003999999999891",70.538,68.0179999999999,63.9859999999999,35.8,18.3,27.8
"BOOI4","2023-06-28 03:00",70.7539999999999,67.2,0,0,7.782,97.9,0.00204724409448819,"72.607999999999933",70.538,68.0359999999999,63.9679999999999,35.8,18.3,27.8
"BOOI4","2023-06-28 04:00",69.638,72.86,0,0,12.37,131.2,0.00271653543307087,"72.013999999999967",70.5199999999999,68.0359999999999,63.9679999999999,35.8,18.3,27.8
"BOOI4","2023-06-28 05:00",67.622,84.7,0,0,7.861,154.1,0.00149606299212598,"71.347999999999956",70.448,68.0539999999999,63.9859999999999,35.7,18.3,27.8
"BOOI4","2023-06-28 06:00",66.2179999999999,90.5,3020.4,0,6.614,89.2,0.000511811023622047,"70.933999999999926",70.3759999999999,68.0359999999999,63.9679999999999,35.8,18.3,27.8
"BOOI4","2023-06-28 07:00",66.722,88.7,172728,0,10.74,120.7,0.00244094488188976,"70.753999999999891",70.3039999999999,68.0359999999999,63.9679999999999,35.8,18.3,27.8
"BOOI4","2023-06-28 08:00",68.198,86.5,419400,0,8.45,139.9,0.00413385826771654,"70.897999999999954",70.214,68.0539999999999,63.9499999999999,35.8,18.3,27.8
"BOOI4","2023-06-28 09:00",70.34,80.2,691920,0,14.76,134,0.00748031496062992,"71.401999999999916",70.124,68.0179999999999,63.914,35.8,18.3,27.7
"BOOI4","2023-06-28 10:00",71.7439999999999,79.39,1295280,0,14.38,136.5,0.0123228346456693,"72.62599999999992",70.0339999999999,68.0179999999999,63.932,35.7,18.3,27.7
"BOOI4","2023-06-28 11:00",74.0659999999999,75.8,1497600,0,11.89,148.6,0.0137007874015748,"74.281999999999954",69.9619999999999,68.0359999999999,63.9499999999999,35.6,18.3,27.8
"BOOI4","2023-06-28 12:00",73.688,76.06,1347480,0,10.28,147.3,0.0125984251968504,"75.181999999999945",69.872,68.0179999999999,63.932,35.6,18.2,27.7
"BOOI4","2023-06-28 13:00",75.3439999999999,76.52,1696320,0,7.41,133.9,0.0141732283464567,"76.819999999999894",69.7999999999999,68.0179999999999,63.914,35.6,18.2,27.7
"BOOI4","2023-06-28 14:00",77.6839999999999,77.52,2687040,0,6.097,123.3,0.0207874015748032,"80.041999999999931",69.764,67.9999999999999,63.896,35.5,18.2,27.8
"BOOI4","2023-06-28 15:00",79.5199999999999,75.75,2419200,0,6.775,109.1,0.0195669291338583,"82.921999999999969",69.764,67.982,63.896,35.5,18.2,27.8
"BOOI4","2023-06-28 16:00",80.6539999999999,73.05,2651760,0,7.004,116.6,0.0218897637795276,"85.657999999999944",69.746,67.946,63.8779999999999,35.5,18.2,27.7
"BOOI4","2023-06-28 17:00",82.49,70.59,2166480,0,6.666,117.5,0.0191338582677165,"87.565999999999946",69.7999999999999,67.964,63.896,35.4,18.1,27.8
"BOOI4","2023-06-28 18:00",82.13,70.42,1659600,0,7.15,103.1,0.0158267716535433,"88.123999999999953",69.872,67.946,63.896,35.3,18.1,27.7
"BOOI4","2023-06-28 19:00",81.374,72.48,957600,0,7.644,111.1,0.0110236220472441,"87.67399999999995",69.998,67.9279999999999,63.8779999999999,35.3,18.1,27.7
"BOOI4","2023-06-28 20:00",78.98,77.57,478440,0,6.513,118.9,0.0062992125984252,"86.107999999999933",70.088,67.8919999999999,63.8779999999999,35.3,18,27.7
"BOOI4","2023-06-28 21:00",75.9019999999999,83.9,89064,0,5.473,120.4,0.00188976377952756,"83.677999999999898",70.2499999999999,67.8919999999999,63.8419999999999,35.4,18,27.7
"BOOI4","2023-06-28 22:00",73.5439999999999,89.1,460.8,0,3.949,101.7,0.000236220472440945,"81.733999999999924",70.3579999999999,67.856,63.8779999999999,35.4,18.1,27.7
"BOOI4","2023-06-28 23:00",72.7159999999999,90,0,0,2.59,66.28,-0.000196850393700787,"80.257999999999939",70.4659999999999,67.856,63.8599999999999,35.4,18,27.7
"BOOI4","2023-06-29 00:00",71.33,93,0,0,0.89,74.25,-0.000748031496062992,"78.907999999999944",70.5739999999999,67.874,63.8779999999999,35.4,18,27.7
"BOOI4","2023-06-29 01:00",70.538,95.8,0,0,0.854,21.05,-0.00078740157480315,"77.863999999999962",70.646,67.8919999999999,63.8419999999999,35.4,18.1,27.7
"BOOI4","2023-06-29 02:00",69.4759999999999,96.8,0,0,0.355,11.69,-0.00094488188976378,"76.945999999999984",70.6999999999999,67.874,63.8419999999999,35.5,18,27.7
"BOOI4","2023-06-29 03:00",68.7199999999999,98.3,0,0,0.806,8.14,-0.000826771653543307,"76.117999999999924",70.7179999999999,67.874,63.8419999999999,35.5,18.1,27.7
"BOOI4","2023-06-29 04:00",68.1259999999999,98.9,0,0,0.443,36.16,-0.00094488188976378,"75.343999999999909",70.7359999999999,67.856,63.8599999999999,35.5,18.1,27.7
"BOOI4","2023-06-29 05:00",68.1079999999999,98.9,0,0,0.609,18.25,-0.000905511811023622,"74.695999999999984",70.7179999999999,67.874,63.8599999999999,35.5,18,27.7
"BOOI4","2023-06-29 06:00",67.064,99.3,10562.4,0,1.817,358.8,-0.000669291338582677,"74.029999999999973",70.6819999999999,67.9099999999999,63.8239999999999,35.5,18,27.7
"BOOI4","2023-06-29 07:00",68.5579999999999,98.3,231480,0,3.597,11.87,0.00031496062992126,"73.70599999999996",70.646,67.9099999999999,63.8239999999999,35.5,18,27.7
"BOOI4","2023-06-29 08:00",70.124,96.3,523440,0,2.916,15.78,0.00307086614173228,"74.119999999999891",70.6279999999999,67.8919999999999,63.8239999999999,35.4,18,27.7
"BOOI4","2023-06-29 09:00",70.88,96.4,302760,0,1.287,346.2,0.00232283464566929,"74.551999999999907",70.556,67.946,63.8239999999999,35.4,18,27.8
"BOOI4","2023-06-29 10:00",70.646,97.9,230652,0,1.682,238.9,0.00181102362204724,"74.659999999999911",70.538,67.9279999999999,63.806,35.4,18,27.8
"BOOI4","2023-06-29 11:00",69.6199999999999,99.6,100116,0,5.02,229.7,0.000826771653543307,"74.425999999999917",70.43,67.9279999999999,63.806,35.4,18,27.8
"BOOI4","2023-06-29 12:00",72.23,97.7,802080,0,3.696,177.4,0.00555118110236221,"74.767999999999915",70.3939999999999,67.9099999999999,63.806,35.4,18,27.7
"BOOI4","2023-06-29 13:00",77.396,88,2455560,0,4.17,16.38,0.0174409448818898,"78.043999999999912",70.3579999999999,67.9279999999999,63.788,35.4,18,27.7
"BOOI4","2023-06-29 14:00",81.0679999999999,79.43,3160800,0,6.222,15.2,0.0231496062992126,"82.273999999999944",70.322,67.946,63.7699999999999,35.3,18,27.7
"BOOI4","2023-06-29 15:00",83.4619999999999,75.08,2602800,0,3.262,357.5,0.0205511811023622,"86.611999999999895",70.2859999999999,67.946,63.7699999999999,35.2,18,27.7
"BOOI4","2023-06-29 16:00",85.6759999999999,66.4,2691720,0,3.788,331.2,0.022244094488189,"89.851999999999904",70.2679999999999,67.9279999999999,63.788,35.2,17.9,27.7
"BOOI4","2023-06-29 17:00",85.856,60.6,2333880,0,3.888,342.1,0.0206299212598425,"92.011999999999986",70.3039999999999,67.9279999999999,63.788,35.1,17.9,27.7
"BOOI4","2023-06-29 18:00",87.0439999999999,56.66,1773000,0,4.056,345.5,0.017007874015748,"92.695999999999984",70.3759999999999,67.9279999999999,63.7699999999999,35,17.9,27.7
"BOOI4","2023-06-29 19:00",85.5859999999999,59.69,1150200,0,4.224,13.84,0.0121259842519685,"92.371999999999971",70.4839999999999,67.9099999999999,63.7699999999999,35,17.9,27.7
"BOOI4","2023-06-29 20:00",82.5079999999999,68.3,525960,0,1.989,22.45,0.00460629921259843,"90.841999999999928",70.6099999999999,67.8919999999999,63.7699999999999,35,17.8,27.7
"BOOI4","2023-06-29 21:00",75.272,86.3,127296,0,0.381,214.9,-0.000866141732283465,"86.917999999999921",70.7359999999999,67.9099999999999,63.7699999999999,35,17.8,27.7
"BOOI4","2023-06-29 22:00",75.3439999999999,83.2,630,0,0,0,-0.00141732283464567,"84.397999999999954",70.8619999999999,67.9279999999999,63.7699999999999,35.1,17.8,27.7
"BOOI4","2023-06-29 23:00",73.94,81.3,0,0,0,0,-0.00149606299212598,"82.435999999999908",70.9699999999999,67.8919999999999,63.7519999999999,35.1,17.8,27.7
"BOOI4","2023-06-30 00:00",71.8339999999999,87,0,0,0.032,238.4,-0.00145669291338583,"80.7439999999999",71.0599999999999,67.874,63.7519999999999,35.1,17.8,27.7
"BOOI4","2023-06-30 01:00",70.898,89.3,0,0,0.869,268.1,-0.000984251968503937,"79.411999999999892",71.1319999999999,67.9099999999999,63.7519999999999,35.1,17.8,27.7
"BOOI4","2023-06-30 02:00",69.746,92.5,0,0,0.374,279.8,-0.00125984251968504,"78.421999999999969",71.1499999999999,67.9279999999999,63.7699999999999,35.2,17.8,27.7
"BOOI4","2023-06-30 03:00",70.0699999999999,91,0,0,0,0,-0.00141732283464567,"77.629999999999981",71.1499999999999,67.9099999999999,63.7699999999999,35.2,17.8,27.7
"BOOI4","2023-06-30 04:00",68.8279999999999,93.6,0,0,0,0,-0.00141732283464567,"76.693999999999903",71.1319999999999,67.9279999999999,63.7519999999999,35.2,17.8,27.7
"BOOI4","2023-06-30 05:00",67.874,94.1,0,0,1.691,4.225,-0.000826771653543307,"75.991999999999933",71.114,67.964,63.7699999999999,35.2,17.8,27.7
"BOOI4","2023-06-30 06:00",67.5859999999999,97.7,7185.6,0,0.924,284.2,-0.00106299212598425,"75.41599999999994",71.096,67.982,63.7519999999999,35.2,17.7,27.7
"BOOI4","2023-06-30 07:00",68.414,98.5,11055.6,0.01,2.962,251.1,0.000236220472440945,"75.091999999999928",71.0419999999999,68.0179999999999,63.7519999999999,35.2,17.7,27.7
"BOOI4","2023-06-30 08:00",69.4939999999999,99.1,18291.6,0.05,6.057,250.8,0.000275590551181102,"74.911999999999892",70.9519999999999,67.9999999999999,63.7519999999999,35.1,17.7,27.7
"BOOI4","2023-06-30 09:00",67.172,97.3,59652,0.13,7.249,234.8,0.000748031496062992,"74.371999999999971",70.898,67.9999999999999,63.7339999999999,35.1,17.7,27.7
"BOOI4","2023-06-30 10:00",69.188,94.7,474480,0.02,2.703,144,0.00350393700787402,"74.353999999999886",70.8079999999999,68.0179999999999,63.7339999999999,35.1,17.7,27.7
"BOOI4","2023-06-30 11:00",70.988,89.4,1424520,0,5.334,25.14,0.00968503937007874,"75.595999999999989",70.7359999999999,68.0359999999999,63.7339999999999,35.1,17.7,27.7
"BOOI4","2023-06-30 12:00",76.1359999999999,75.5,2808360,0,7.462,58.41,0.0197637795275591,"78.619999999999891",70.6819999999999,68.0359999999999,63.7339999999999,35.1,17.7,27.7
"BOOI4","2023-06-30 13:00",79.2679999999999,70.6,3204000,0,2.713,123.1,0.0242125984251969,"83.17399999999995",70.6099999999999,68.0539999999999,63.7519999999999,35.1,17.7,27.7
"BOOI4","2023-06-30 14:00",79.772,69.48,3056400,0,3.097,126.9,0.0239370078740157,"86.323999999999941",70.5199999999999,68.0359999999999,63.7159999999999,35,17.7,27.6
"BOOI4","2023-06-30 15:00",81.59,67.8,2489760,0,3.023,159.1,0.0199606299212599,"88.789999999999949",70.5199999999999,68.0359999999999,63.7339999999999,35,17.7,27.6
"BOOI4","2023-06-30 16:00",81.032,62.95,2603160,0,2.706,181.6,0.0210629921259843,"90.661999999999992",70.5739999999999,68.0179999999999,63.7159999999999,35,17.7,27.6
"BOOI4","2023-06-30 17:00",83.0119999999999,58.76,2316240,0,2.407,163.6,0.0186614173228347,"91.363999999999962",70.646,68.0179999999999,63.7339999999999,34.9,17.7,27.6
"BOOI4","2023-06-30 18:00",82.0399999999999,62.54,1537200,0,2.007,116,0.0128346456692913,"90.769999999999897",70.7359999999999,68.0179999999999,63.7159999999999,34.9,17.7,27.6
"BOOI4","2023-06-30 19:00",81.1579999999999,66.54,812160,0,1.019,147.9,0.00653543307086614,"90.139999999999958",70.8439999999999,68.0179999999999,63.7159999999999,34.9,17.7,27.6
"BOOI4","2023-06-30 20:00",78.638,76.83,294480,0,0.193,35.1,0.00192913385826772,"87.439999999999955",70.988,67.982,63.7159999999999,34.9,17.6,27.5
"BOOI4","2023-06-30 21:00",77.0539999999999,79.42,48960,0,1.197,9.09,0.000590551181102362,"85.315999999999946",71.0599999999999,67.9999999999999,63.7339999999999,34.9,17.6,27.5
"BOOI4","2023-06-30 22:00",75.0739999999999,84.8,212.4,0,1.002,351.5,-0.000236220472440945,"83.353999999999886",71.2039999999999,68.0179999999999,63.7159999999999,34.9,17.6,27.5
"BOOI4","2023-06-30 23:00",73.5619999999999,89.3,0,0,2.134,17.83,0,"81.733999999999924",71.2759999999999,67.9999999999999,63.7519999999999,34.9,17.6,27.5
"BOOI4","2023-07-01 00:00",71.7259999999999,94.7,0,0,1.756,37.45,-0.000275590551181102,"80.275999999999925",71.33,67.9999999999999,63.7159999999999,34.9,17.6,27.5
"BOOI4","2023-07-01 01:00",71.78,93,0,0,1.597,353.1,-0.000354330708661417,"79.321999999999974",71.4019999999999,67.9999999999999,63.698,34.9,17.6,27.5
"BOOI4","2023-07-01 02:00",71.69,91.9,0,0,0.724,350.4,-0.000551181102362205,"78.547999999999959",71.438,68.0179999999999,63.7159999999999,34.9,17.6,27.5
"BOOI4","2023-07-01 03:00",70.3939999999999,96.1,0,0,0.14,93.1,-0.000748031496062992,"77.647999999999954",71.438,68.0359999999999,63.7159999999999,34.9,17.6,27.4
"BOOI4","2023-07-01 04:00",69.8539999999999,97,0,0,0.046,323,-0.00078740157480315,"76.873999999999953",71.4199999999999,68.0539999999999,63.698,34.9,17.6,27.4
"BOOI4","2023-07-01 05:00",71.096,93,0,0,0,0,-0.00078740157480315,"76.531999999999954",71.3839999999999,68.072,63.698,34.9,17.6,27.4
"BOOI4","2023-07-01 06:00",70.43,93.1,4636.8,0,0.63,155.1,-0.000551181102362205,"76.189999999999955",71.3839999999999,68.09,63.7159999999999,34.9,17.6,27.4
"BOOI4","2023-07-01 07:00",69.4039999999999,97.7,82476,0,2.852,15.84,0.000826771653543307,"75.685999999999908",71.33,68.1079999999999,63.7159999999999,34.9,17.6,27.4
"BOOI4","2023-07-01 08:00",69.4759999999999,94.4,205380,0,6.058,19.12,0.0018503937007874,"75.433999999999926",71.3119999999999,68.1259999999999,63.7159999999999,35,17.6,27.4
"BOOI4","2023-07-01 09:00",70.106,94.4,314280,0,4.786,81.9,0.00267716535433071,"75.379999999999981",71.222,68.1079999999999,63.7339999999999,35,17.6,27.4
"BOOI4","2023-07-01 10:00",71.4739999999999,91.8,268596,0,0.586,70.01,0.00216535433070866,"75.685999999999908",71.1679999999999,68.1259999999999,63.7159999999999,35,17.6,27.4
"BOOI4","2023-07-01 11:00",72.9859999999999,90.7,836280,0,2.288,167.4,0.00645669291338583,"76.693999999999903",71.114,68.1439999999999,63.7339999999999,35,17.6,27.4
"BOOI4","2023-07-01 12:00",69.53,94.4,811440,0,5.581,155.7,0.0065748031496063,"77.593999999999909",71.0419999999999,68.1259999999999,63.7339999999999,34.9,17.6,27.4
"BOOI4","2023-07-01 13:00",70.6999999999999,93.1,816840,0,5.562,212.8,0.00618110236220473,"77.611999999999895",70.988,68.1619999999999,63.7159999999999,34.9,17.5,27.4
"BOOI4","2023-07-01 14:00",70.1419999999999,94.6,782280,0.12,2.467,196.5,0.00594488188976378,"77.809999999999917",70.9519999999999,68.18,63.7339999999999,34.9,17.6,27.4
"BOOI4","2023-07-01 15:00",70.8259999999999,94.8,597240,0.07,0.502,306,0.00448818897637795,"77.719999999999899",70.9159999999999,68.1439999999999,63.7159999999999,34.9,17.5,27.4
"BOOI4","2023-07-01 16:00",74.1739999999999,87,1211760,0.01,0.09,32.66,0.00893700787401575,"78.925999999999917",70.8619999999999,68.1619999999999,63.7339999999999,35,17.5,27.4
"BOOI4","2023-07-01 17:00",74.0839999999999,86.1,1064880,0,0.471,37.91,0.00795275590551181,"80.257999999999939",70.8439999999999,68.1259999999999,63.7339999999999,35,17.5,27.3
"BOOI4","2023-07-01 18:00",74.48,84.9,810000,0,0.798,355,0.00610236220472441,"80.689999999999955",70.8079999999999,68.1619999999999,63.7339999999999,35,17.5,27.3
"BOOI4","2023-07-01 19:00",73.9579999999999,87.6,362520,0,0.211,41.91,0.0028740157480315,"80.257999999999939",70.8079999999999,68.1619999999999,63.7159999999999,35,17.5,27.3
"BOOI4","2023-07-01 20:00",73.4179999999999,87.2,202644,0,0,0,0.00141732283464567,"79.609999999999914",70.772,68.1619999999999,63.7159999999999,35,17.6,26.8
"BOOI4","2023-07-01 21:00",67.5859999999999,95.2,34236,0.05,2.279,88.2,0.000551181102362205,"78.439999999999955",70.8079999999999,68.1619999999999,63.7159999999999,35,17.6,26.7
"BOOI4","2023-07-01 22:00",66.9739999999999,98.8,0,0.09,2.071,256,7.8740157480315e-05,"76.819999999999894",70.8079999999999,68.1259999999999,63.7339999999999,35.1,17.6,26.8
"BOOI4","2023-07-01 23:00",67.3159999999999,97.9,0,0.01,2.127,300.6,3.93700787401575e-05,"75.883999999999929",70.7899999999999,68.1259999999999,63.7159999999999,35.1,17.6,26.8
"BOOI4","2023-07-02 00:00",67.2619999999999,98.2,0,0,3.418,295.2,7.8740157480315e-05,"75.073999999999941",70.7899999999999,68.1079999999999,63.7339999999999,35.2,17.6,26.8
"BOOI4","2023-07-02 01:00",68.1079999999999,98.2,0,0,2.727,310.8,7.8740157480315e-05,"74.533999999999921",70.7539999999999,68.1259999999999,63.7159999999999,35.2,17.6,26.7
"BOOI4","2023-07-02 02:00",69.746,91.6,0,0,3.894,340.9,0.000236220472440945,"74.29999999999994",70.772,68.1439999999999,63.7159999999999,35.2,17.6,26.7
"BOOI4","2023-07-02 03:00",68.864,92.3,0,0,5.225,342.4,0.000551181102362205,"73.795999999999978",70.7359999999999,68.1259999999999,63.7339999999999,35.3,17.6,26.7
"BOOI4","2023-07-02 04:00",67.874,88.5,0,0,4.564,342.4,0.00062992125984252,"73.237999999999985",70.664,68.1079999999999,63.7339999999999,35.3,17.7,26.7
"BOOI4","2023-07-02 05:00",66.1819999999999,89.8,0,0,5.022,342.2,0.000669291338582677,"72.373999999999953",70.6099999999999,68.09,63.7339999999999,35.3,17.7,26.6
"BOOI4","2023-07-02 06:00",66.1819999999999,88.8,8326.8,0,4.912,342.3,0.00062992125984252,"71.689999999999955",70.5739999999999,68.09,63.7339999999999,35.3,17.7,26.7
"BOOI4","2023-07-02 07:00",67.748,88.4,295200,0,3.744,343.3,0.000905511811023622,"71.347999999999956",70.4839999999999,68.1079999999999,63.7519999999999,35.3,17.7,26.7
"BOOI4","2023-07-02 08:00",70.6819999999999,83.2,825120,0,4.95,342.9,0.00539370078740158,"72.031999999999954",70.448,68.1079999999999,63.7339999999999,35.3,17.7,26.7
"BOOI4","2023-07-02 09:00",73.5079999999999,78.02,1171440,0,4.562,339.4,0.00881889763779528,"73.45399999999988",70.34,68.09,63.7339999999999,35.3,17.7,26.7
"BOOI4","2023-07-02 10:00",76.622,69.03,1969560,0,4.23,340.3,0.0148031496062992,"75.919999999999888",70.2499999999999,68.09,63.7339999999999,35.3,17.7,26.7
"BOOI4","2023-07-02 11:00",80.0419999999999,66.86,2570760,0,4.41,338.9,0.0203149606299213,"79.303999999999888",70.196,68.0539999999999,63.7519999999999,35.2,17.7,26.7
"BOOI4","2023-07-02 12:00",81.338,60.2,2944800,0,4.362,334.1,0.0240944881889764,"82.507999999999939",70.124,68.0539999999999,63.7339999999999,35.1,17.7,26.7
"BOOI4","2023-07-02 13:00",82.4179999999999,54.52,3081600,0,4.972,334.2,0.0261811023622047,"85.279999999999973",70.0699999999999,68.0359999999999,63.7519999999999,35.1,17.7,26.7
"BOOI4","2023-07-02 14:00",83.624,57.36,3128400,0,5.418,327.2,0.0273228346456693,"87.367999999999924",70.0519999999999,67.9999999999999,63.7519999999999,35,17.6,26.6
"BOOI4","2023-07-02 15:00",84.0919999999999,57.96,3193200,0,5.556,317.6,0.0279527559055118,"89.32999999999997",70.0519999999999,67.982,63.7339999999999,35,17.6,26.6
"BOOI4","2023-07-02 16:00",84.8659999999999,53.73,2879640,0,5.82,327,0.0264173228346457,"90.265999999999948",70.0699999999999,67.9999999999999,63.7519999999999,34.9,17.6,26.6
"BOOI4","2023-07-02 17:00",84.1279999999999,57.78,2294640,0,5.64,320.8,0.0217322834645669,"90.319999999999894",70.1779999999999,67.964,63.7519999999999,34.8,17.5,26.6
"BOOI4","2023-07-02 18:00",82.7779999999999,62.69,1601640,0,5.086,318.9,0.016259842519685,"89.527999999999892",70.322,67.964,63.7339999999999,34.8,17.5,26.6
"BOOI4","2023-07-02 19:00",83.4619999999999,60.21,945360,0,3.985,312.5,0.0101181102362205,"88.699999999999932",70.4839999999999,67.946,63.7339999999999,34.8,17.5,26.6
"BOOI4","2023-07-02 20:00",81.0499999999999,68.44,559800,0,3.023,345.2,0.00535433070866142,"86.863999999999962",70.5919999999999,67.9099999999999,63.7519999999999,34.9,17.5,26.6
"BOOI4","2023-07-02 21:00",77.4859999999999,75.97,119808,0,0,0,-0.0012992125984252,"83.983999999999924",70.7359999999999,67.9099999999999,63.7519999999999,34.9,17.5,26.6
"BOOI4","2023-07-02 22:00",73.7419999999999,84.7,1126.8,0,0,0,-0.00110236220472441,"81.62599999999992",70.8439999999999,67.9099999999999,63.7519999999999,34.9,17.5,26.5
"BOOI4","2023-07-02 23:00",74.048,79.95,0,0,0,0,-0.00110236220472441,"80.023999999999944",70.9699999999999,67.9279999999999,63.7519999999999,34.9,17.5,26.5
"BOOI4","2023-07-03 00:00",69.746,89.5,0,0,0,0,-0.00110236220472441,"78.277999999999892",71.0239999999999,67.9099999999999,63.7519999999999,34.9,17.4,26.5
"BOOI4","2023-07-03 01:00",67.4419999999999,95.7,0,0,0.322,255.2,-0.00094488188976378,"76.909999999999911",71.0779999999999,67.9099999999999,63.7519999999999,35,17.4,26.5
"BOOI4","2023-07-03 02:00",67.3519999999999,95.2,0,0,0.59,258.7,-0.000866141732283465,"75.847999999999956",71.114,67.9279999999999,63.7519999999999,35,17.4,26.5
"BOOI4","2023-07-03 03:00",66.3079999999999,96.9,0,0,2.902,253.9,-0.00047244094488189,"74.893999999999906",71.096,67.946,63.7339999999999,35,17.4,26.4
"BOOI4","2023-07-03 04:00",66.1099999999999,97.3,0,0,2.68,255.6,-0.000551181102362205,"74.083999999999932",71.114,67.946,63.7519999999999,35,17.4,26.4
"BOOI4","2023-07-03 05:00",64.6159999999999,97.5,0,0,3.221,251.6,-0.00047244094488189,"73.309999999999917",71.0779999999999,67.964,63.7519999999999,35,17.4,26.4
"BOOI4","2023-07-03 06:00",64.5619999999999,97.6,10756.8,0,3.668,258.5,-0.000433070866141732,"72.589999999999961",71.006,67.982,63.7339999999999,35,17.4,26.4
"BOOI4","2023-07-03 07:00",67.8019999999999,94.1,250272,0,2.82,259.3,0.000236220472440945,"72.679999999999978",70.9519999999999,67.982,63.7519999999999,35,17.4,26.4
"BOOI4","2023-07-03 08:00",71.8159999999999,86.7,757800,0,4.149,260.6,0.00456692913385827,"73.741999999999933",70.88,68.0179999999999,63.7519999999999,35,17.4,26.5
"BOOI4","2023-07-03 09:00",75.83,79.62,1357560,0,5.977,267.9,0.0101968503937008,"75.937999999999974",70.8079999999999,67.9999999999999,63.7519999999999,34.9,17.4,26.5
"BOOI4","2023-07-03 10:00",79.6279999999999,73.9,1960920,0,5.357,263.7,0.0154330708661417,"79.08799999999998",70.7359999999999,68.0179999999999,63.7339999999999,34.9,17.4,26.5
"BOOI4","2023-07-03 11:00",81.4279999999999,71.99,2508480,0,5.758,254.5,0.0203543307086614,"82.489999999999952",70.6279999999999,68.0359999999999,63.7519999999999,34.9,17.4,26.5
"BOOI4","2023-07-03 12:00",83.48,70.12,2880000,0,4.896,242.1,0.0236220472440945,"85.83799999999998",70.5739999999999,68.0359999999999,63.7339999999999,34.8,17.4,26.5
"BOOI4","2023-07-03 13:00",84.4699999999999,62.43,3114000,0,5.242,226.8,0.0266141732283465,"88.699999999999932",70.5199999999999,68.0359999999999,63.7519999999999,34.7,17.4,26.4
"BOOI4","2023-07-03 14:00",85.7659999999999,63.38,3171600,0,6.075,230.4,0.0280314960629921,"90.823999999999941",70.4839999999999,68.0359999999999,63.7339999999999,34.7,17.4,26.4
"BOOI4","2023-07-03 15:00",85.874,57.57,3042000,0,5.234,223.8,0.0270866141732284,"93.757999999999939",70.4839999999999,68.0179999999999,63.7519999999999,34.6,17.4,26.4
"BOOI4","2023-07-03 16:00",86.522,56.15,2727360,0,5.493,221.9,0.0254724409448819,"95.25199999999991",70.556,68.0179999999999,63.7519999999999,34.5,17.4,26.4
"BOOI4","2023-07-03 17:00",86.0359999999999,58.27,2261160,0,6.255,207.2,0.0224409448818898,"95.395999999999987",70.6999999999999,68.0179999999999,63.7519999999999,34.5,17.3,26.4
"BOOI4","2023-07-03 18:00",85.838,59.9,1726920,0,5.681,200,0.0176771653543307,"95.017999999999915",70.772,68.0179999999999,63.7519999999999,34.4,17.3,26.4
"BOOI4","2023-07-03 19:00",84.488,63.01,982800,0,4.894,207.2,0.011496062992126,"94.585999999999899",70.9339999999999,67.9999999999999,63.7519999999999,34.4,17.3,26.4
"BOOI4","2023-07-03 20:00",78.296,78,216216,0,2.557,231.2,0.00366141732283465,"89.887999999999877",71.0419999999999,68.0179999999999,63.7339999999999,34.4,17.2,26.4
"BOOI4","2023-07-03 21:00",73.58,90.5,56160,0,0.831,188.1,3.93700787401575e-05,"86.989999999999952",71.1859999999999,67.9999999999999,63.7699999999999,34.4,17.2,26.4
"BOOI4","2023-07-03 22:00",71.7439999999999,92.4,486,0,0.878,190.1,-0.00078740157480315,"84.685999999999908",71.33,68.0179999999999,63.7519999999999,34.4,17.2,26.4
"BOOI4","2023-07-03 23:00",70.3579999999999,92.2,0,0,2.581,191.5,-0.000354330708661417,"82.795999999999978",71.4199999999999,67.9999999999999,63.7339999999999,34.4,17.2,26.3
"BOOI4","2023-07-04 00:00",69.44,92.6,0,0,2.342,247.9,-0.000393700787401575,"81.193999999999903",71.5099999999999,68.0359999999999,63.7339999999999,34.5,17.2,26.3
"BOOI4","2023-07-04 01:00",69.422,91.6,0,0,2.081,217.9,-0.000433070866141732,"79.969999999999899",71.564,68.0359999999999,63.7519999999999,34.5,17.2,26.3
"BOOI4","2023-07-04 02:00",68.522,94.5,0,0,2.181,198.8,-0.000511811023622047,"78.817999999999913",71.582,68.0539999999999,63.7519999999999,34.5,17.2,26.3
"BOOI4","2023-07-04 03:00",68.8279999999999,92.4,0,0,3.301,220.4,-0.000354330708661417,"77.95399999999988",71.564,68.072,63.7699999999999,34.5,17.2,26.3
"BOOI4","2023-07-04 04:00",68.2159999999999,93.1,0,0,2.051,227,-0.000551181102362205,"77.035999999999902",71.582,68.09,63.7519999999999,34.5,17.2,26.2
"BOOI4","2023-07-04 05:00",66.2899999999999,95,0,0,2.343,240.2,-0.000551181102362205,"76.2439999999999",71.546,68.1079999999999,63.7339999999999,34.5,17.2,26.2
"BOOI4","2023-07-04 06:00",68.288,90.4,10864.8,0,2.887,186.3,-0.000393700787401575,"75.595999999999989",71.456,68.1079999999999,63.7519999999999,34.5,17.2,26.2
"BOOI4","2023-07-04 07:00",70.898,89,286992,0,4.711,93.5,0.00078740157480315,"75.523999999999944",71.4199999999999,68.1439999999999,63.7699999999999,34.5,17.2,26
"BOOI4","2023-07-04 08:00",72.482,87.8,663480,0,6.319,133.9,0.00496062992125984,"76.2439999999999",71.348,68.1619999999999,63.7519999999999,34.5,17.2,26
"BOOI4","2023-07-04 09:00",75.3439999999999,84,1200960,0,7.725,150.3,0.00901574803149606,"77.737999999999985",71.2759999999999,68.18,63.7519999999999,34.5,17.2,26
"BOOI4","2023-07-04 10:00",79.5019999999999,77.43,2055600,0,9.23,173.8,0.0158267716535433,"80.707999999999942",71.2039999999999,68.198,63.7519999999999,34.5,17.2,26
"BOOI4","2023-07-04 11:00",82.238,69.37,1809360,0,6.446,195.4,0.0161023622047244,"83.407999999999944",71.114,68.198,63.7519999999999,34.4,17.2,26
"BOOI4","2023-07-04 12:00",84.2359999999999,63.55,2787840,0,7.633,196.3,0.0247637795275591,"87.025999999999925",71.0419999999999,68.198,63.7519999999999,34.3,17.1,26
"BOOI4","2023-07-04 13:00",85.982,63.63,3193200,0,7.16,212.5,0.0284251968503937,"90.967999999999918",70.9699999999999,68.2159999999999,63.7519999999999,34.2,17.1,25.9
"BOOI4","2023-07-04 14:00",86.5039999999999,63.55,3049200,0,6.693,227.1,0.0275984251968504,"94.441999999999936",70.988,68.2159999999999,63.7519999999999,34.2,17.1,25.9
"BOOI4","2023-07-04 15:00",86.4499999999999,61.89,2998800,0,5.916,229.2,0.027244094488189,"97.807999999999936",70.9699999999999,68.198,63.7699999999999,34,17,25.9
"BOOI4","2023-07-04 16:00",84.3439999999999,71.51,1415880,0,4.15,211.6,0.0146456692913386,"97.285999999999902",71.006,68.2159999999999,63.7699999999999,34,17,25.9
"BOOI4","2023-07-04 17:00",87.2599999999999,63.75,1233720,0,3.347,180,0.0117716535433071,"96.583999999999918",71.096,68.198,63.7699999999999,33.9,17,25.9
"BOOI4","2023-07-04 18:00",87.4939999999999,62.16,1781640,0,5.488,164.9,0.0178740157480315,"97.37599999999992",71.1859999999999,68.198,63.7699999999999,33.9,17,25.8
"BOOI4","2023-07-04 19:00",83.6599999999999,69.7,522000,0,4.717,173.3,0.00775590551181103,"94.459999999999908",71.3119999999999,68.198,63.7699999999999,33.9,17,25.9
"BOOI4","2023-07-04 20:00",81.7159999999999,78.06,210420,0,2.522,163.1,0.00322834645669291,"92.083999999999932",71.438,68.18,63.788,33.9,17,25.8
"BOOI4","2023-07-04 21:00",79.3039999999999,82.2,28119.6,0,1.374,188.1,0.000826771653543307,"89.7439999999999",71.546,68.2159999999999,63.806,33.9,17,25.9
"BOOI4","2023-07-04 22:00",77.522,77.66,75.6,0,2.645,324,0.000669291338582677,"87.979999999999976",71.6539999999999,68.2159999999999,63.7699999999999,33.9,17,25.8
"BOOI4","2023-07-04 23:00",72.248,80.2,0,0,8.84,301.9,0.00204724409448819,"85.83799999999998",71.7259999999999,68.198,63.7699999999999,34,17,25.8
"BOOI4","2023-07-05 00:00",69.1339999999999,91.7,0,0,4.966,328.6,0.000590551181102362,"83.497999999999962",71.8159999999999,68.2159999999999,63.7699999999999,33.9,17,25.8
"BOOI4","2023-07-05 01:00",68.8279999999999,94,0,0,5.047,357.9,0.000354330708661417,"81.913999999999973",71.8519999999999,68.2159999999999,63.788,33.9,17,25.8
"BOOI4","2023-07-05 02:00",68.2699999999999,94.5,0,0,4.567,0.459,0.000196850393700787,"80.599999999999937",71.888,68.2519999999999,63.788,33.9,17,25.7
"BOOI4","2023-07-05 03:00",68.3599999999999,95.9,0,0,3.04,312.3,3.93700787401575e-05,"79.591999999999928",71.888,68.2699999999999,63.788,33.9,17,25.7
"BOOI4","2023-07-05 04:00",68.072,98.6,0,0,5.106,266.8,0,"78.853999999999886",71.906,68.288,63.788,33.9,17,25.7
"BOOI4","2023-07-05 05:00",67.7119999999999,99.6,0,0,4.407,281.4,-0.000118110236220472,"78.169999999999888",71.8699999999999,68.306,63.788,33.9,17,25.7
"BOOI4","2023-07-05 06:00",67.7839999999999,99.9,1825.2,0,4.494,329.7,-0.000118110236220472,"77.503999999999891",71.78,68.3239999999999,63.788,33.9,17,25.6
"BOOI4","2023-07-05 07:00",67.964,98.7,73260,0,2.881,346.6,0.000511811023622047,"77.089999999999961",71.7439999999999,68.3419999999999,63.788,33.9,17,25.6
"BOOI4","2023-07-05 08:00",68.072,97.2,184752,0,5.652,349.2,0.00145669291338583,"76.873999999999953",71.672,68.3599999999999,63.788,33.9,17,25.6
"BOOI4","2023-07-05 09:00",68.5579999999999,95.2,347760,0,6.342,346.9,0.00263779527559055,"76.819999999999894",71.6179999999999,68.3779999999999,63.788,33.9,17,25.6
"BOOI4","2023-07-05 10:00",69.2419999999999,85.8,537480,0,8.42,343.5,0.00496062992125984,"76.927999999999898",71.5279999999999,68.3599999999999,63.8239999999999,33.9,17,25.5
"BOOI4","2023-07-05 11:00",69.89,83.7,860760,0,7.354,351.6,0.00744094488188976,"77.341999999999928",71.4199999999999,68.3779999999999,63.8239999999999,33.8,17,25.5
"BOOI4","2023-07-05 12:00",71.8699999999999,80.3,1108440,0,7.542,354,0.00956692913385827,"78.061999999999884",71.3659999999999,68.414,63.806,33.8,17,25.5
"BOOI4","2023-07-05 13:00",74.4079999999999,72.91,1742400,0,7.019,1.198,0.0146850393700787,"79.771999999999977",71.2939999999999,68.414,63.806,33.8,16.9,25.5
"BOOI4","2023-07-05 14:00",75.614,69.66,2071800,0,7.096,358.6,0.017755905511811,"81.62599999999992",71.2039999999999,68.396,63.8239999999999,33.8,16.9,25.4
"BOOI4","2023-07-05 15:00",76.1359999999999,69.15,2201760,0,7.276,350.5,0.0186220472440945,"83.695999999999984",71.1499999999999,68.3599999999999,63.806,33.6,16.9,25.4
"BOOI4","2023-07-05 16:00",76.064,65.71,2333520,0,8.73,340.8,0.0199606299212599,"85.2439999999999",71.0419999999999,68.414,63.8239999999999,33.5,16.8,25.4
"BOOI4","2023-07-05 17:00",76.73,60.27,2389320,0,8.47,340.5,0.0208267716535433,"86.719999999999899",71.006,68.396,63.806,33.5,16.8,25.4
"BOOI4","2023-07-05 18:00",74.948,68.61,1719360,0,8.67,339.2,0.016259842519685,"86.863999999999962",70.9699999999999,68.396,63.806,33.5,16.8,25.4
"BOOI4","2023-07-05 19:00",73.1119999999999,67.69,1155960,0,8.8,344.9,0.0122047244094488,"86.323999999999941",70.9519999999999,68.3779999999999,63.8419999999999,33.4,16.8,25.4
"BOOI4","2023-07-05 20:00",71.4019999999999,69.49,585720,0,6.911,347.6,0.00700787401574803,"84.757999999999939",70.9339999999999,68.396,63.8419999999999,33.3,16.8,25.4
"BOOI4","2023-07-05 21:00",66.8119999999999,78.39,135000,0,4.417,347.1,0.00141732283464567,"82.075999999999922",70.9519999999999,68.3599999999999,63.8419999999999,33.3,16.8,25.4
"BOOI4","2023-07-05 22:00",63.788,84.6,561.6,0,3.586,339.2,3.93700787401575e-05,"79.987999999999985",70.9339999999999,68.3779999999999,63.8239999999999,33.3,16.8,25.4
"BOOI4","2023-07-05 23:00",62.798,81.9,0,0,4.485,340,0.000118110236220472,"78.277999999999892",70.9339999999999,68.3419999999999,63.8599999999999,33.3,16.8,25.4
"BOOI4","2023-07-06 00:00",61.1599999999999,80.4,0,0,5.339,343.2,0.000393700787401575,"76.675999999999917",70.898,68.3239999999999,63.8419999999999,33.3,16.8,25.3
"BOOI4","2023-07-06 01:00",59.198,83.7,0,0,4.075,343,7.8740157480315e-05,"75.235999999999905",70.8079999999999,68.3239999999999,63.8419999999999,33.3,16.8,25.3
"BOOI4","2023-07-06 02:00",57.7579999999999,85,0,0,5.199,340.9,0.00015748031496063,"73.957999999999942",70.772,68.3239999999999,63.8599999999999,33.3,16.8,25.3
"BOOI4","2023-07-06 03:00",56.246,87.4,0,0,3.372,339.7,-0.000275590551181102,"72.733999999999924",70.6819999999999,68.3239999999999,63.8599999999999,33.3,16.8,25.3
"BOOI4","2023-07-06 04:00",55.8499999999999,86.2,0,0,4.926,343,0,"71.707999999999942",70.5919999999999,68.306,63.8599999999999,33.3,16.8,25.3
"BOOI4","2023-07-06 05:00",53.0239999999999,93.3,0,0,3.017,327.6,-0.000393700787401575,"70.573999999999941",70.4839999999999,68.288,63.8599999999999,33.2,16.8,25.3
"BOOI4","2023-07-06 06:00",53.0779999999999,93.6,11894.4,0,2.497,310,-0.000590551181102362,"69.655999999999963",70.3759999999999,68.2699999999999,63.896,33.3,16.8,25.2
"BOOI4","2023-07-06 07:00",56.7859999999999,87.1,289080,0,3.423,321.7,0.000236220472440945,"69.20599999999996",70.214,68.2519999999999,63.8779999999999,33.3,16.8,25.2
"BOOI4","2023-07-06 08:00",60.314,81,841320,0,6.067,341.9,0.00480314960629921,"69.511999999999887",70.088,68.2519999999999,63.8779999999999,33.2,16.8,25.2
"BOOI4","2023-07-06 09:00",63.0499999999999,74.31,1302120,0,5.659,356.2,0.00877952755905512,"70.969999999999899",69.9259999999999,68.2159999999999,63.8779999999999,33.2,16.7,25.2
"BOOI4","2023-07-06 10:00",66.056,65.65,1896840,0,4.273,359.8,0.012992125984252,"73.345999999999989",69.782,68.198,63.8779999999999,33.2,16.7,25.2
"BOOI4","2023-07-06 11:00",67.28,54.7,2459880,0,5.929,356.4,0.0187007874015748,"76.099999999999937",69.638,68.18,63.8779999999999,33.1,16.7,25.2
"BOOI4","2023-07-06 12:00",69.2419999999999,52.53,2919600,0,6.664,348.8,0.022755905511811,"79.159999999999911",69.4759999999999,68.1619999999999,63.896,33,16.6,25.2
"BOOI4","2023-07-06 13:00",69.9439999999999,51.46,3193200,0,6.635,339.8,0.0249212598425197,"82.147999999999954",69.332,68.1259999999999,63.8779999999999,32.9,16.5,25.1
"BOOI4","2023-07-06 14:00",70.9519999999999,49.82,3358800,0,6.275,329,0.026259842519685,"85.00999999999992",69.2239999999999,68.09,63.896,32.8,16.5,25.1
"BOOI4","2023-07-06 15:00",72.032,48.34,3225600,0,5.327,331.2,0.0253937007874016,"87.691999999999936",69.1339999999999,68.072,63.896,32.6,16.5,25.1
"BOOI4","2023-07-06 16:00",72.4999999999999,48.17,2988000,0,5.075,326.3,0.0238976377952756,"89.437999999999974",69.1159999999999,68.0359999999999,63.896,32.6,16.5,25.1
"BOOI4","2023-07-06 17:00",73.3819999999999,48.25,2459520,0,5.346,343.8,0.0208267716535433,"90.265999999999948",69.098,67.982,63.914,32.5,16.4,25.1
"BOOI4","2023-07-06 18:00",73.4359999999999,47.29,1850040,0,5.467,337.5,0.0170472440944882,"89.851999999999904",69.1159999999999,67.9279999999999,63.914,32.4,16.4,25
"BOOI4","2023-07-06 19:00",72.3919999999999,46.93,1083600,0,4.264,350.4,0.0109448818897638,"88.951999999999913",69.1519999999999,67.9279999999999,63.896,32.3,16.3,25
"BOOI4","2023-07-06 20:00",70.3579999999999,57.64,621720,0,3.581,355,0.0060236220472441,"86.95399999999988",69.2239999999999,67.874,63.914,32.3,16.3,25.1
"BOOI4","2023-07-06 21:00",65.8759999999999,66.56,139140,0,0.805,347.4,-0.000905511811023622,"83.695999999999984",69.2779999999999,67.856,63.914,32.3,16.3,25.1
"BOOI4","2023-07-06 22:00",64.5439999999999,66.52,543.6,0,0,0,-0.00149606299212598,"81.33799999999998",69.332,67.7839999999999,63.896,32.3,16.3,25.1
"BOOI4","2023-07-06 23:00",62.3839999999999,70.7,0,0,0,0,-0.00149606299212598,"79.141999999999925",69.3679999999999,67.7839999999999,63.914,32.3,16.3,25
"BOOI4","2023-07-07 00:00",59.8099999999999,77.61,0,0,0,0,-0.00141732283464567,"77.413999999999973",69.3679999999999,67.748,63.896,32.3,16.3,25
"BOOI4","2023-07-07 01:00",58.9999999999999,78.01,0,0,0,0,-0.00141732283464567,"75.883999999999929",69.332,67.7119999999999,63.896,32.3,16.3,25
"BOOI4","2023-07-07 02:00",57.6679999999999,81.5,0,0,0,0,-0.00137795275590551,"74.515999999999948",69.314,67.7119999999999,63.896,32.3,16.3,25
"BOOI4","2023-07-07 03:00",59.7919999999999,72.39,0,0,0.707,145.2,-0.000866141732283465,"73.525999999999925",69.2599999999999,67.6759999999999,63.896,32.3,16.3,25
"BOOI4","2023-07-07 04:00",55.8859999999999,83.3,0,0,0.594,177.6,-0.00094488188976378,"72.355999999999966",69.2239999999999,67.64,63.896,32.2,16.3,25
"BOOI4","2023-07-07 05:00",55.598,82.9,0,0,0.533,169.1,-0.000984251968503937,"71.347999999999956",69.1159999999999,67.64,63.896,32.2,16.3,25
"BOOI4","2023-07-07 06:00",54.446,84.1,16257.6,0,2.099,136.8,-0.000196850393700787,"70.555999999999969",69.0439999999999,67.64,63.896,32.2,16.3,25
"BOOI4","2023-07-07 07:00",58.5859999999999,82.7,272412,0,0.226,211.3,-0.00047244094488189,"70.411999999999892",68.8999999999999,67.6039999999999,63.896,32.3,16.3,25
"BOOI4","2023-07-07 08:00",61.646,76.05,745200,0,2.243,163.2,0.00401574803149606,"70.807999999999936",68.756,67.6039999999999,63.914,32.3,16.3,24.9
"BOOI4","2023-07-07 09:00",65.6779999999999,67.04,1197720,0,5.156,118,0.00909448818897638,"72.46399999999997",68.6119999999999,67.5499999999999,63.896,32.2,16.3,24.9
"BOOI4","2023-07-07 10:00",66.0199999999999,65.95,697680,0,4.696,147.7,0.00771653543307087,"73.57999999999997",68.4679999999999,67.532,63.896,32.2,16.3,24.9
"BOOI4","2023-07-07 11:00",62.69,87.1,230328,0.03,3.215,154.4,0.00358267716535433,"73.363999999999962",68.3239999999999,67.496,63.914,32.2,16.3,24.9
"BOOI4","2023-07-07 12:00",60.1699999999999,91.6,384120,0.04,5.041,175.6,0.00326771653543307,"72.571999999999974",68.2519999999999,67.496,63.896,32.2,16.3,24.9
"BOOI4","2023-07-07 13:00",62.348,82.5,764280,0,4.87,124.8,0.00590551181102362,"72.229999999999976",68.1079999999999,67.4419999999999,63.8779999999999,32.2,16.3,24.9
"BOOI4","2023-07-07 14:00",64.706,77.7,929520,0,5.951,81.3,0.00791338582677165,"72.931999999999945",68.0359999999999,67.406,63.8779999999999,32.1,16.3,24.8
"BOOI4","2023-07-07 15:00",63.23,81.3,917280,0.02,5.636,123.8,0.00826771653543307,"73.435999999999908",67.946,67.3699999999999,63.8779999999999,32.1,16.3,24.8
"BOOI4","2023-07-07 16:00",61.8079999999999,89.4,426240,0.02,2.919,110.3,0.0037007874015748,"73.003999999999891",67.856,67.3519999999999,63.896,32.1,16.3,24.8
"BOOI4","2023-07-07 17:00",61.9699999999999,88.3,573120,0.01,3.531,116.8,0.0044488188976378,"72.967999999999918",67.8019999999999,67.298,63.8779999999999,32.1,16.3,24.8
"BOOI4","2023-07-07 18:00",61.5019999999999,94.7,321840,0.02,3.693,66.82,0.00255905511811024,"72.427999999999898",67.73,67.2619999999999,63.8779999999999,32,16.3,24.8
"BOOI4","2023-07-07 19:00",60.9259999999999,95.2,167976,0,3.986,79.5,0.0015748031496063,"71.887999999999977",67.64,67.2439999999999,63.8599999999999,32,16.3,24.8
"BOOI4","2023-07-07 20:00",60.332,97.3,82188,0,3.464,30.26,0.00078740157480315,"71.221999999999966",67.622,67.19,63.8779999999999,32,16.3,24.8
"BOOI4","2023-07-07 21:00",59.54,98.5,16534.8,0,3.876,26.16,0.000275590551181102,"70.537999999999982",67.532,67.1539999999999,63.8599999999999,32,16.3,24.7
"BOOI4","2023-07-07 22:00",57.4339999999999,99.3,46.8,0.05,5.873,27,7.8740157480315e-05,"69.709999999999908",67.4779999999999,67.1179999999999,63.8599999999999,32,16.3,24.7
"BOOI4","2023-07-07 23:00",55.94,99.2,0,0.01,6.934,28.27,7.8740157480315e-05,"68.66599999999994",67.406,67.064,63.8599999999999,32.1,16.3,24.8
"BOOI4","2023-07-08 00:00",55.832,99.4,0,0,4.635,30.81,3.93700787401575e-05,"67.891999999999925",67.3519999999999,67.046,63.8419999999999,32,16.3,24.8
"BOOI4","2023-07-08 01:00",56.048,99.1,0,0,3.066,13.45,3.93700787401575e-05,"67.351999999999904",67.298,67.0099999999999,63.8599999999999,32,16.3,24.8
"BOOI4","2023-07-08 02:00",56.1739999999999,98.5,0,0,3.879,8.93,3.93700787401575e-05,"66.919999999999888",67.2079999999999,66.956,63.8599999999999,32,16.3,24.7
"BOOI4","2023-07-08 03:00",56.372,98.1,0,0,2.676,2.621,7.8740157480315e-05,"66.559999999999917",67.0999999999999,66.9199999999999,63.8239999999999,32,16.3,24.7
"BOOI4","2023-07-08 04:00",56.5699999999999,98,0,0,3.418,343.6,7.8740157480315e-05,"66.253999999999891",67.064,66.9019999999999,63.8239999999999,32,16.2,24.7
"BOOI4","2023-07-08 05:00",54.914,98.9,0,0,2.953,340.1,7.8740157480315e-05,"65.767999999999915",66.938,66.83,63.8599999999999,32.1,16.3,24.7
"BOOI4","2023-07-08 06:00",52.646,100,7282.8,0,2.479,331.1,3.93700787401575e-05,"64.885999999999896",66.848,66.8119999999999,63.8239999999999,32.1,16.2,24.7
"BOOI4","2023-07-08 07:00",55.58,97.4,260028,0,2.037,339.9,-0.000433070866141732,"64.345999999999989",66.7579999999999,66.7579999999999,63.8419999999999,32,16.2,24.7
"BOOI4","2023-07-08 08:00",59.2159999999999,88.8,744120,0,4.644,343.5,0.00334645669291339,"64.723999999999947",66.6499999999999,66.74,63.8419999999999,32,16.2,24.6
"BOOI4","2023-07-08 09:00",63.1759999999999,78.21,1326240,0,3.587,332.5,0.00795275590551181,"66.451999999999913",66.506,66.6859999999999,63.806,32,16.2,24.6
"BOOI4","2023-07-08 10:00",66.0019999999999,77.12,1877040,0,4.273,332.6,0.0122834645669291,"68.935999999999908",66.4159999999999,66.6319999999999,63.8239999999999,31.9,16.2,24.6
"BOOI4","2023-07-08 11:00",68.9359999999999,67.55,2395440,0,3.876,314,0.016496062992126,"72.33799999999998",66.2899999999999,66.5779999999999,63.806,31.9,16.2,24.6
"BOOI4","2023-07-08 12:00",71.1319999999999,65.93,2720520,0,3.825,314,0.0196850393700787,"75.649999999999935",66.2179999999999,66.5419999999999,63.7699999999999,31.9,16.2,24.6
"BOOI4","2023-07-08 13:00",72.338,62.09,3142800,0,5.232,314.8,0.0232677165354331,"78.529999999999973",66.1099999999999,66.5239999999999,63.788,31.8,16.1,24.6
"BOOI4","2023-07-08 14:00",72.5359999999999,66.38,2797560,0,5.352,313.8,0.0219291338582677,"80.7439999999999",66.056,66.4699999999999,63.7699999999999,31.7,16.1,24.6
"BOOI4","2023-07-08 15:00",74.84,59.51,2702160,0,4.451,331.9,0.0211811023622047,"82.237999999999985",66.038,66.4159999999999,63.7699999999999,31.7,16,24.5
"BOOI4","2023-07-08 16:00",75.6859999999999,60.9,2367360,0,4.252,324,0.0190157480314961,"83.71399999999997",66.038,66.38,63.7699999999999,31.6,16,24.5
"BOOI4","2023-07-08 17:00",76.514,65.55,1654920,0,4.531,290.5,0.0145275590551181,"84.163999999999973",66.0919999999999,66.3079999999999,63.7699999999999,31.5,15.9,24.6
"BOOI4","2023-07-08 18:00",75.614,67.53,1463040,0,5.801,271.5,0.0134645669291339,"84.037999999999982",66.164,66.2539999999999,63.7339999999999,31.6,16,24.6
"BOOI4","2023-07-08 19:00",74.39,61.24,788760,0,4.422,306.3,0.0084251968503937,"82.669999999999888",66.2539999999999,66.1999999999999,63.7519999999999,31.6,15.9,24.6
"BOOI4","2023-07-08 20:00",72.3919999999999,67.91,569520,0,3.361,328.8,0.00519685039370079,"80.92399999999995",66.3619999999999,66.1819999999999,63.7339999999999,31.6,15.9,24.6
"BOOI4","2023-07-08 21:00",65.48,79.72,112032,0,1.031,318.1,-0.000905511811023622,"77.845999999999989",66.4339999999999,66.164,63.7339999999999,31.6,15.9,24.6
"BOOI4","2023-07-08 22:00",62.9599999999999,80.5,561.6,0,0,0,-0.000866141732283465,"75.577999999999903",66.5239999999999,66.1279999999999,63.7159999999999,31.6,15.9,24.5
"BOOI4","2023-07-08 23:00",61.43,81.3,0,0,0.132,308,-0.00078740157480315,"73.867999999999924",66.614,66.0739999999999,63.7159999999999,31.5,15.9,24.5
"BOOI4","2023-07-09 00:00",60.872,83,0,0,1.979,301.7,3.93700787401575e-05,"72.409999999999911",66.6679999999999,66.0739999999999,63.7159999999999,31.6,15.9,24.5
"BOOI4","2023-07-09 01:00",58.0279999999999,88.5,0,0,1.89,309,-0.000118110236220472,"70.987999999999985",66.74,66.0739999999999,63.68,31.6,15.9,24.5
"BOOI4","2023-07-09 02:00",58.388,87.2,0,0,2.881,305.8,-3.93700787401575e-05,"69.79999999999994",66.722,66.038,63.68,31.6,15.9,24.5
"BOOI4","2023-07-09 03:00",55.814,90.4,0,0,1.787,312.1,-0.000236220472440945,"68.701999999999913",66.74,65.9659999999999,63.6439999999999,31.6,15.9,24.5
"BOOI4","2023-07-09 04:00",56.9659999999999,84.1,0,0,2.202,330.8,-0.00015748031496063,"67.819999999999894",66.6859999999999,65.9839999999999,63.6619999999999,31.6,15.9,24.4
"BOOI4","2023-07-09 05:00",55.3819999999999,85.7,0,0,1.618,334.2,-0.00015748031496063,"66.811999999999884",66.6319999999999,65.9839999999999,63.6439999999999,31.6,15.9,24.4
"BOOI4","2023-07-09 06:00",55.9579999999999,83.3,9457.2,0,2.299,304.2,-7.8740157480315e-05,"65.893999999999906",66.5779999999999,65.9839999999999,63.6439999999999,31.6,15.9,24.4
"BOOI4","2023-07-09 07:00",58.316,85.1,263916,0,2.823,304.4,0.000354330708661417,"65.623999999999953",66.5239999999999,65.9839999999999,63.6439999999999,31.5,15.9,24.4
"BOOI4","2023-07-09 08:00",64.364,78.85,757080,0,2.607,304.6,0.00413385826771654,"66.487999999999985",66.4339999999999,65.93,63.6259999999999,31.5,15.9,24.4
"BOOI4","2023-07-09 09:00",69.188,64.87,1331280,0,2.171,313,0.00889763779527559,"68.827999999999903",66.3259999999999,65.948,63.6079999999999,31.5,15.9,24.4
"BOOI4","2023-07-09 10:00",71.0419999999999,55.9,1895400,0,2.633,351.1,0.0139370078740157,"71.779999999999973",66.2359999999999,65.8939999999999,63.6079999999999,31.4,15.9,24.3
"BOOI4","2023-07-09 11:00",73.472,57.21,2393640,0,2.901,324,0.0181889763779528,"75.325999999999922",66.1099999999999,65.8759999999999,63.5899999999999,31.4,15.8,24.3
"BOOI4","2023-07-09 12:00",74.9119999999999,56.6,2791440,0,3.115,328.7,0.0217716535433071,"79.051999999999907",66.0199999999999,65.8759999999999,63.572,31.3,15.8,24.3
"BOOI4","2023-07-09 13:00",75.4519999999999,57.92,3034800,0,4.088,268.7,0.0240157480314961,"82.921999999999969",65.9659999999999,65.84,63.5539999999999,31.2,15.8,24.3
"BOOI4","2023-07-09 14:00",76.964,58.83,3103200,0,3.264,261,0.0243307086614173,"86.719999999999899",65.9119999999999,65.822,63.572,31.2,15.7,24.3
"BOOI4","2023-07-09 15:00",78.08,57.3,2991600,0,3.849,272.2,0.0242125984251969,"89.707999999999942",65.9119999999999,65.8039999999999,63.5539999999999,31,15.7,24.3
"BOOI4","2023-07-09 16:00",79.1599999999999,55.42,2701080,0,3.726,265.9,0.0223622047244094,"91.849999999999937",65.93,65.7499999999999,63.5359999999999,30.9,15.6,24.3
"BOOI4","2023-07-09 17:00",79.5739999999999,52.08,2259360,0,3.591,260.4,0.0192913385826772,"92.623999999999953",65.9659999999999,65.7679999999999,63.5359999999999,30.8,15.5,24.3
"BOOI4","2023-07-09 18:00",79.1779999999999,53.32,1717560,0,3.363,264.4,0.0150787401574803,"92.317999999999913",66.056,65.696,63.5179999999999,30.8,15.5,24.2
"BOOI4","2023-07-09 19:00",78.098,55.33,1015200,0,3.335,253.5,0.00996062992125984,"91.327999999999903",66.146,65.696,63.5179999999999,30.7,15.6,24.2
"BOOI4","2023-07-09 20:00",75.5779999999999,66.09,566640,0,2.182,229.6,0.00448818897637795,"89.473999999999947",66.2539999999999,65.6599999999999,63.5179999999999,30.7,15.5,24.2
"BOOI4","2023-07-09 21:00",68.7199999999999,82.4,127728,0,1.922,183.9,-0.000118110236220472,"84.343999999999909",66.4159999999999,65.6599999999999,63.4819999999999,30.7,15.5,24.2
"BOOI4","2023-07-09 22:00",65.4619999999999,84.8,745.2,0,1.7,210.1,-0.00047244094488189,"81.535999999999902",66.506,65.6419999999999,63.4819999999999,30.8,15.6,24.2
"BOOI4","2023-07-09 23:00",62.2579999999999,87.6,0,0,2.149,203.3,-0.00031496062992126,"79.303999999999888",66.614,65.588,63.464,30.8,15.6,24.2
"BOOI4","2023-07-10 00:00",61.6279999999999,89.6,0,0,1.949,207.5,-0.00047244094488189,"77.485999999999905",66.7039999999999,65.588,63.446,30.8,15.6,24.2
"BOOI4","2023-07-10 01:00",62.7439999999999,83.6,0,0,2.372,229.6,-0.00031496062992126,"76.153999999999883",66.74,65.606,63.446,30.8,15.6,24.2
"BOOI4","2023-07-10 02:00",61.106,87.3,0,0,2.832,244.5,-0.00015748031496063,"74.87599999999992",66.7759999999999,65.5699999999999,63.4279999999999,30.8,15.6,24.2
"BOOI4","2023-07-10 03:00",58.9279999999999,92.1,0,0,1.839,218.2,-0.000511811023622047,"73.687999999999974",66.7939999999999,65.5699999999999,63.4279999999999,30.8,15.6,24.2
"BOOI4","2023-07-10 04:00",59.4859999999999,93.4,0,0,1.601,228.6,-0.000708661417322835,"72.661999999999892",66.7939999999999,65.588,63.446,30.8,15.6,24.2
"BOOI4","2023-07-10 05:00",57.74,97,0,0,2.579,244,-0.000551181102362205,"71.707999999999942",66.7759999999999,65.5699999999999,63.4279999999999,30.8,15.6,24.1
"BOOI4","2023-07-10 06:00",59.7019999999999,96.6,7455.6,0,3.305,247.5,-0.000511811023622047,"71.059999999999917",66.74,65.5339999999999,63.4099999999999,30.8,15.6,24.1
"BOOI4","2023-07-10 07:00",63.2839999999999,92.3,239220,0,1.639,226.1,-0.000236220472440945,"71.185999999999908",66.6679999999999,65.606,63.3919999999999,30.8,15.5,24.1
"BOOI4","2023-07-10 08:00",69.0259999999999,84.8,717480,0,3.003,213.7,0.00393700787401575,"72.067999999999913",66.614,65.5699999999999,63.374,30.7,15.5,24.1
"BOOI4","2023-07-10 09:00",72.9859999999999,74.52,1272600,0,6.663,234.4,0.0097244094488189,"74.17399999999995",66.5239999999999,65.606,63.374,30.7,15.5,24.1
"BOOI4","2023-07-10 10:00",75.9199999999999,70.39,1851120,0,9.18,238.4,0.0159055118110236,"77.017999999999915",66.4699999999999,65.5699999999999,63.374,30.7,15.5,24.1
"BOOI4","2023-07-10 11:00",79.0339999999999,65.94,2360880,0,10.02,235.8,0.0210236220472441,"80.419999999999888",66.398,65.606,63.356,30.6,15.5,24.1
"BOOI4","2023-07-10 12:00",81.9679999999999,64.94,2734560,0,8.57,230.7,0.0244488188976378,"84.379999999999981",66.3439999999999,65.5519999999999,63.356,30.5,15.4,24.1
"BOOI4","2023-07-10 13:00",83.03,60.85,2998800,0,8.52,228.9,0.027244094488189,"88.105999999999966",66.3079999999999,65.5699999999999,63.338,30.4,15.4,24
"BOOI4","2023-07-10 14:00",84.7759999999999,57.95,3085200,0,8.61,231.6,0.0290157480314961,"91.561999999999998",66.272,65.5519999999999,63.338,30.2,15.3,24
"BOOI4","2023-07-10 15:00",85.6759999999999,54.36,2973600,0,8.84,236.1,0.0295275590551181,"94.585999999999899",66.3079999999999,65.5519999999999,63.3199999999999,30.1,15.2,24
"BOOI4","2023-07-10 16:00",85.6759999999999,53.45,2688120,0,8.32,230.1,0.0275196850393701,"96.349999999999937",66.3619999999999,65.5339999999999,63.3019999999999,30,15.2,24
"BOOI4","2023-07-10 17:00",85.4779999999999,57.35,2163600,0,7.539,218.2,0.0230708661417323,"96.763999999999967",66.4699999999999,65.498,63.3019999999999,29.9,15.1,24
"BOOI4","2023-07-10 18:00",84.3439999999999,60.42,1539720,0,7.371,214.7,0.0177952755905512,"96.025999999999925",66.5779999999999,65.48,63.2839999999999,29.8,15.1,24
"BOOI4","2023-07-10 19:00",81.374,67.67,470160,0,5.874,219.5,0.00846456692913386,"93.073999999999941",66.7579999999999,65.4619999999999,63.2839999999999,29.8,15.1,24
"BOOI4","2023-07-10 20:00",79.106,74.41,261360,0,4.862,217.1,0.00531496062992126,"90.805999999999969",66.9019999999999,65.4619999999999,63.2839999999999,29.8,15,24
"BOOI4","2023-07-10 21:00",75.7579999999999,80.8,79848,0,3.566,213.5,0.0012992125984252,"88.429999999999978",67.0279999999999,65.48,63.248,29.8,15.1,24
"BOOI4","2023-07-10 22:00",73.6159999999999,85.4,554.4,0,1.301,197.7,0.00031496062992126,"86.143999999999906",67.19,65.48,63.248,29.9,15.1,24
"BOOI4","2023-07-10 23:00",70.1599999999999,92.9,0,0,1.581,179.2,0.000196850393700787,"84.127999999999901",67.298,65.4619999999999,63.248,29.9,15.1,24
"BOOI4","2023-07-11 00:00",70.5919999999999,91.2,0,0,0.767,206.5,-3.93700787401575e-05,"82.741999999999933",67.406,65.48,63.23,29.8,15.1,24
"BOOI4","2023-07-11 01:00",70.3039999999999,90.4,0,0,3.252,227.8,0.000393700787401575,"81.589999999999961",67.532,65.48,63.23,29.8,15.1,23.9
"BOOI4","2023-07-11 02:00",67.7839999999999,95.7,0,0,1.853,222.3,7.8740157480315e-05,"80.167999999999921",67.622,65.498,63.23,29.8,15.1,23.9
"BOOI4","2023-07-11 03:00",66.38,97.4,0,0,1.968,251.2,0,"78.943999999999903",67.6579999999999,65.5339999999999,63.23,29.9,15.2,23.9
"BOOI4","2023-07-11 04:00",66.4339999999999,98.4,0,0,3.059,259.4,-3.93700787401575e-05,"78.007999999999939",67.6939999999999,65.5339999999999,63.23,29.9,15.2,23.9
"BOOI4","2023-07-11 05:00",66.938,98.4,0,0,3.589,265.8,-3.93700787401575e-05,"77.287999999999982",67.7119999999999,65.5519999999999,63.1939999999999,29.9,15.2,23.9
"BOOI4","2023-07-11 06:00",67.2439999999999,97.8,5770.8,0,2.271,296.8,-3.93700787401575e-05,"76.693999999999903",67.73,65.588,63.1759999999999,29.9,15.2,23.9
"BOOI4","2023-07-11 07:00",68.306,94.6,223128,0,4.732,348.9,0.00015748031496063,"76.387999999999977",67.748,65.588,63.1759999999999,29.9,15.2,23.9
"BOOI4","2023-07-11 08:00",69.7999999999999,92.6,690480,0,4.956,14.77,0.00393700787401575,"76.693999999999903",67.748,65.606,63.1579999999999,29.9,15.2,23.8
"BOOI4","2023-07-11 09:00",70.1599999999999,87.3,791640,0,5.325,20.69,0.00555118110236221,"77.449999999999932",67.748,65.6419999999999,63.1579999999999,29.9,15.2,23.8
"BOOI4","2023-07-11 10:00",73.49,80.9,1841760,0,6.338,21.04,0.012992125984252,"79.465999999999937",67.7119999999999,65.624,63.1579999999999,29.8,15.2,23.8
"BOOI4","2023-07-11 11:00",75.1999999999999,78.36,2373120,0,6.296,38.77,0.0173622047244095,"82.543999999999912",67.6579999999999,65.6599999999999,63.14,29.7,15.1,23.8
"BOOI4","2023-07-11 12:00",77.6659999999999,76.55,2797560,0,5.018,54.92,0.0207086614173228,"86.395999999999987",67.64,65.6779999999999,63.14,29.6,15,23.7
"BOOI4","2023-07-11 13:00",79.1419999999999,74.65,2926800,0,4.398,56.63,0.0225196850393701,"89.92399999999995",67.64,65.696,63.122,29.5,15,23.7
"BOOI4","2023-07-11 14:00",81.5179999999999,72.03,2753280,0,3.745,53.31,0.0217716535433071,"93.271999999999977",67.6579999999999,65.696,63.122,29.4,14.9,23.7
"BOOI4","2023-07-11 15:00",83.03,71.47,2561760,0,3.478,59.75,0.0209055118110236,"95.989999999999952",67.6579999999999,65.732,63.122,29.3,14.9,23.8
"BOOI4","2023-07-11 16:00",82.5619999999999,71.26,2604960,0,5.628,25.58,0.0216929133858268,"96.871999999999971",67.73,65.714,63.1039999999999,29.2,14.8,23.8
"BOOI4","2023-07-11 17:00",81.032,75.06,1907640,0,5.919,38.17,0.0168110236220472,"97.105999999999966",67.8199999999999,65.732,63.1039999999999,29.1,14.8,23.8
"BOOI4","2023-07-11 18:00",79.5919999999999,77.1,933480,0,6.725,51.85,0.0101968503937008,"95.395999999999987",67.8919999999999,65.732,63.1039999999999,29,14.7,23.8
"BOOI4","2023-07-11 19:00",78.2599999999999,76.53,724680,0,6.222,50.4,0.00807086614173229,"93.70399999999988",68.0179999999999,65.7499999999999,63.0859999999999,29,14.7,23.7
"BOOI4","2023-07-11 20:00",76.9099999999999,79.2,395640,0,5.631,48.78,0.00496062992125984,"91.687999999999874",68.18,65.732,63.1039999999999,29,14.7,23.7
"BOOI4","2023-07-11 21:00",73.6159999999999,85.2,69336,0,4.988,45.5,0.00137795275590551,"89.221999999999966",68.288,65.7499999999999,63.1039999999999,29,14.7,23.7
"BOOI4","2023-07-11 22:00",69.5839999999999,85.5,284.4,0,5.438,37.45,0.000905511811023622,"86.881999999999948",68.396,65.7859999999999,63.1039999999999,29,14.8,23.7
"BOOI4","2023-07-11 23:00",70.6099999999999,70.25,0,0,5.615,64.48,0.00102362204724409,"85.189999999999955",68.5039999999999,65.7859999999999,63.1039999999999,29.1,14.8,23.7
"BOOI4","2023-07-12 00:00",69.1159999999999,70.13,0,0,6.282,75.6,0.00173228346456693,"83.659999999999911",68.5759999999999,65.8039999999999,63.0859999999999,29.1,14.8,23.7
"BOOI4","2023-07-12 01:00",67.406,78.12,0,0.04,6.25,111,0.0018503937007874,"82.345999999999989",68.648,65.8579999999999,63.0859999999999,29.1,14.8,23.6
"BOOI4","2023-07-12 02:00",65.03,88.9,0,0,4.539,100.4,0.000433070866141732,"80.50999999999992",68.7019999999999,65.822,63.0859999999999,29.1,14.8,23.6
"BOOI4","2023-07-12 03:00",64.6519999999999,91,0,0,3.58,93.5,0,"79.08799999999998",68.738,65.8939999999999,63.0859999999999,29.1,14.9,23.6
"BOOI4","2023-07-12 04:00",63.5539999999999,88.3,0,0,6.825,116.8,0.000433070866141732,"77.881999999999948",68.738,65.93,63.0859999999999,29.1,14.9,23.6
"BOOI4","2023-07-12 05:00",63.7339999999999,92.6,0,0.01,6.544,92.9,0.000354330708661417,"76.873999999999953",68.7199999999999,65.948,63.0679999999999,29.1,14.9,23.6
"BOOI4","2023-07-12 06:00",65.2999999999999,97.2,0,1.98,12.21,7.784,0.000118110236220472,"75.037999999999982",68.7019999999999,65.9659999999999,63.0499999999999,37.2,14.9,25.1
"BOOI4","2023-07-12 07:00",64.7779999999999,99.4,1882.8,0.17,10.13,123.9,0.000354330708661417,"73.093999999999909",68.5939999999999,66.038,63.0499999999999,35.7,15.6,27.9
"BOOI4","2023-07-12 08:00",64.7419999999999,100,2721.6,0.32,9,121.6,7.8740157480315e-05,"72.121999999999971",68.5039999999999,66.1099999999999,63.0859999999999,36.3,16.2,28
"BOOI4","2023-07-12 09:00",65.1919999999999,100,27759.6,0.43,5.953,152.1,0.000196850393700787,"71.185999999999908",68.414,66.164,63.0859999999999,36.8,16.8,28.2
"BOOI4","2023-07-12 10:00",67.982,99.7,515880,0.26,8.56,145,0.00295275590551181,"71.761999999999887",68.288,66.164,63.1039999999999,36.8,17.6,28.2
"BOOI4","2023-07-12 11:00",70.8619999999999,92.6,1470240,0.15,3.972,315.6,0.00984251968503937,"74.623999999999953",68.1619999999999,66.2179999999999,63.1039999999999,36.8,18.4,28.2
"BOOI4","2023-07-12 12:00",70.43,90.2,2108880,0.05,5.514,317.4,0.0145275590551181,"77.017999999999915",68.0539999999999,66.2179999999999,63.14,36.8,18.8,28.2
"BOOI4","2023-07-12 13:00",72.5359999999999,88.8,1669320,0,5.027,346.9,0.0116141732283465,"78.871999999999971",67.9279999999999,66.2359999999999,63.122,36.8,19,28.2
"BOOI4","2023-07-12 14:00",73.4179999999999,88.3,1862280,0,4.85,304.7,0.0135826771653543,"80.761999999999887",67.874,66.2359999999999,63.1039999999999,36.8,19.1,28.2
"BOOI4","2023-07-12 15:00",72.7699999999999,88.9,1755360,0,7.385,285.9,0.012755905511811,"81.643999999999906",67.7839999999999,66.2179999999999,63.122,36.7,19.2,28.2
"BOOI4","2023-07-12 16:00",75.4519999999999,83.6,2294280,0,7.14,307.2,0.0164566929133858,"82.723999999999947",67.748,66.2179999999999,63.1039999999999,36.7,19.3,28.2
"BOOI4","2023-07-12 17:00",74.156,83.1,1640160,0,5.755,329.2,0.0125590551181102,"83.119999999999891",67.7119999999999,66.1999999999999,63.122,36.7,19.4,28.2
"BOOI4","2023-07-12 18:00",73.94,84.8,975600,0,5.273,311.6,0.00826771653543307,"82.687999999999974",67.73,66.2179999999999,63.1039999999999,36.7,19.4,28.2
"BOOI4","2023-07-12 19:00",74.498,80,864360,0,5.073,319.7,0.00692913385826772,"82.093999999999909",67.73,66.1999999999999,63.14,36.7,19.4,28.2
"BOOI4","2023-07-12 20:00",74.732,82.5,591840,0,2.592,351.9,0.0037007874015748,"80.275999999999925",67.7839999999999,66.1819999999999,63.122,36.7,19.5,28.2
"BOOI4","2023-07-12 21:00",69.638,91.6,130176,0,0.094,236.7,-0.00114173228346457,"78.403999999999883",67.8019999999999,66.1999999999999,63.122,36.7,19.5,28.2
"BOOI4","2023-07-12 22:00",66.6499999999999,97.3,691.2,0,0.065,215.4,-0.000905511811023622,"76.873999999999953",67.856,66.164,63.1579999999999,36.7,19.5,28.2
"BOOI4","2023-07-12 23:00",64.94,98.9,0,0,0,0,-0.000905511811023622,"75.559999999999917",67.8919999999999,66.1279999999999,63.122,36.8,19.5,28.2
"BOOI4","2023-07-13 00:00",65.6599999999999,99.7,0,0,0,0,-0.000905511811023622,"74.479999999999976",67.9099999999999,66.1279999999999,63.14,36.8,19.5,28.2
"BOOI4","2023-07-13 01:00",65.624,98.9,0,0,0,0,-0.000905511811023622,"73.70599999999996",67.946,66.1279999999999,63.14,36.8,19.5,28.2
"BOOI4","2023-07-13 02:00",65.246,98.7,0,0,0,0,-0.000905511811023622,"73.021999999999977",67.8919999999999,66.146,63.14,36.8,19.5,28.2
"BOOI4","2023-07-13 03:00",64.796,98.7,0,0,0.58,340,-0.00078740157480315,"72.391999999999925",67.964,66.1099999999999,63.14,36.8,19.5,28.2
"BOOI4","2023-07-13 04:00",64.8859999999999,100,0,0,0,0,-0.000905511811023622,"71.725999999999928",67.8919999999999,66.0919999999999,63.122,36.8,19.6,28.2
"BOOI4","2023-07-13 05:00",61.9159999999999,100,0,0,0,0,-0.000905511811023622,"70.951999999999913",67.8919999999999,66.164,63.14,36.8,19.6,28.2
"BOOI4","2023-07-13 06:00",61.5739999999999,100,5148,0,0,0,-0.000905511811023622,"70.339999999999961",67.838,66.1279999999999,63.122,36.8,19.6,28.2
"BOOI4","2023-07-13 07:00",66.0919999999999,99.8,224604,0,0.005,230.5,-0.000511811023622047,"70.519999999999897",67.8199999999999,66.146,63.1039999999999,36.8,19.6,28.2
"BOOI4","2023-07-13 08:00",70.5919999999999,97.6,786960,0,1.681,237.2,0.00385826771653543,"72.04999999999994",67.73,66.1099999999999,63.122,36.7,19.6,28.2
"BOOI4","2023-07-13 09:00",73.7239999999999,90.7,1481400,0,3.891,239.6,0.00913385826771654,"75.00199999999991",67.7119999999999,66.1279999999999,63.14,36.7,19.6,28.2
"BOOI4","2023-07-13 10:00",75.1819999999999,86.5,1719000,0,5.677,248.2,0.0118110236220472,"77.629999999999981",67.64,66.1279999999999,63.14,36.7,19.6,28.2
"BOOI4","2023-07-13 11:00",77.306,83,1873080,0,5.805,252.4,0.0137795275590551,"79.753999999999891",67.5679999999999,66.1279999999999,63.14,36.6,19.6,28.2
"BOOI4","2023-07-13 12:00",77.3599999999999,80.8,1927440,0,5.315,248.5,0.0151181102362205,"81.715999999999937",67.532,66.1279999999999,63.122,36.6,19.6,28.2
"BOOI4","2023-07-13 13:00",78.9079999999999,81.2,2237040,0,6.948,248.4,0.0177165354330709,"83.389999999999958",67.496,66.1099999999999,63.14,36.6,19.6,28.2
"BOOI4","2023-07-13 14:00",80.6179999999999,79.42,2540880,0,7.573,252.5,0.0198425196850394,"85.171999999999969",67.4779999999999,66.1099999999999,63.122,36.5,19.6,28.2
"BOOI4","2023-07-13 15:00",80.1499999999999,78.51,2505240,0,6.884,253.9,0.0201968503937008,"86.989999999999952",67.496,66.056,63.122,36.4,19.6,28.2
"BOOI4","2023-07-13 16:00",82.4539999999999,76.05,2361600,0,7.189,249.7,0.0194488188976378,"88.231999999999957",67.514,66.0739999999999,63.1579999999999,36.4,19.6,28.2
"BOOI4","2023-07-13 17:00",82.9039999999999,73.66,2346840,0,6.63,248.3,0.0197244094488189,"89.32999999999997",67.5499999999999,66.038,63.122,36.4,19.6,28.2
"BOOI4","2023-07-13 18:00",83.138,74.17,1718640,0,5.899,244.7,0.0151181102362205,"89.401999999999916",67.622,66.038,63.1579999999999,36.3,19.6,28.2
"BOOI4","2023-07-13 19:00",82.9579999999999,76.81,1031760,0,4.699,251,0.00960629921259843,"89.059999999999917",67.6939999999999,66.038,63.122,36.3,19.6,28.2
"BOOI4","2023-07-13 20:00",80.3659999999999,81.2,558720,0,2.657,230.2,0.00433070866141732,"85.999999999999929",67.8199999999999,66.0199999999999,63.14,36.4,19.6,28.2
"BOOI4","2023-07-13 21:00",74.822,92.6,112464,0,1.265,181.9,-0.000590551181102362,"83.227999999999895",67.9099999999999,66.0199999999999,63.122,36.4,19.6,28.2
"BOOI4","2023-07-13 22:00",74.0839999999999,87.8,457.2,0,5.794,147.9,7.8740157480315e-05,"81.427999999999898",67.9999999999999,65.9839999999999,63.1579999999999,36.3,19.6,28.2
"BOOI4","2023-07-13 23:00",69.7999999999999,94.3,0,0,5.795,166.5,0,"79.393999999999906",68.1079999999999,66.0199999999999,63.14,36.4,19.6,28.2
"BOOI4","2023-07-14 00:00",68.756,98.4,0,0,3.824,181.3,-0.00047244094488189,"77.899999999999935",68.198,66.0019999999999,63.122,36.4,19.6,28.2
"BOOI4","2023-07-14 01:00",71.0599999999999,97.9,0,0,3.23,224.1,-0.00062992125984252,"77.107999999999933",68.2519999999999,66.0199999999999,63.14,36.5,19.6,28.2
"BOOI4","2023-07-14 02:00",71.546,97.8,0,0,4.231,226.4,-0.000511811023622047,"76.54999999999994",68.3419999999999,66.0199999999999,63.1579999999999,36.5,19.6,28.2
"BOOI4","2023-07-14 03:00",69.7099999999999,98.1,0,0,2.283,228.6,-0.000708661417322835,"75.883999999999929",68.3779999999999,66.056,63.14,36.5,19.6,28.2
"BOOI4","2023-07-14 04:00",68.8999999999999,99.5,0,0,1.805,226.3,-0.000826771653543307,"75.109999999999914",68.4319999999999,66.038,63.122,36.5,19.6,28.2
"BOOI4","2023-07-14 05:00",67.2619999999999,100,0,0,1.85,228.5,-0.000866141732283465,"74.371999999999971",68.4319999999999,66.0919999999999,63.14,36.5,19.6,28.2
"BOOI4","2023-07-14 06:00",67.8919999999999,100,5770.8,0,2.5,230.8,-0.00078740157480315,"73.741999999999933",68.4319999999999,66.0739999999999,63.122,36.4,19.6,28.2
"BOOI4","2023-07-14 07:00",70.1779999999999,99.3,251964,0,4.248,244.5,-7.8740157480315e-05,"73.903999999999883",68.414,66.0919999999999,63.14,36.4,19.6,28.2
"BOOI4","2023-07-14 08:00",74.372,95.3,806040,0,5.517,251.9,0.00401574803149606,"75.253999999999891",68.4319999999999,66.1099999999999,63.1039999999999,36.5,19.6,28.2
"BOOI4","2023-07-14 09:00",77.9539999999999,85.1,1340640,0,4.743,266,0.00921259842519685,"78.097999999999956",68.414,66.1099999999999,63.14,36.5,19.6,28.2
"BOOI4","2023-07-14 10:00",78.8539999999999,83.2,1843560,0,5.498,263.5,0.0141732283464567,"81.013999999999967",68.414,66.1279999999999,63.14,36.4,19.6,28.2
"BOOI4","2023-07-14 11:00",80.348,79.86,1931040,0,4.972,261.6,0.0153149606299213,"83.479999999999976",68.3779999999999,66.164,63.122,36.4,19.6,28.2
"BOOI4","2023-07-14 12:00",80.564,79.05,1837800,0,6.438,263.4,0.0153937007874016,"84.721999999999966",68.3599999999999,66.164,63.1039999999999,36.3,19.5,28.2
"BOOI4","2023-07-14 13:00",80.8159999999999,72.15,1911240,0,7.979,281.4,0.0174015748031496,"85.369999999999891",68.3419999999999,66.1819999999999,63.1039999999999,36.3,19.5,28.2
"BOOI4","2023-07-14 14:00",77.1619999999999,75.94,1086840,0,7.315,276.8,0.0119291338582677,"84.199999999999932",68.3779999999999,66.146,63.14,36.3,19.5,28.2
"BOOI4","2023-07-14 15:00",74.3539999999999,85.7,660960,0,7.558,277,0.00763779527559055,"82.417999999999921",68.4319999999999,66.1999999999999,63.122,36.3,19.5,28.2
"BOOI4","2023-07-14 16:00",74.714,81.1,1196280,0,8.01,290.7,0.00984251968503937,"81.823999999999941",68.4679999999999,66.1819999999999,63.1579999999999,36.2,19.5,28.2
"BOOI4","2023-07-14 17:00",76.172,77.84,816120,0,4.24,305.1,0.00775590551181103,"81.679999999999978",68.5039999999999,66.1819999999999,63.122,36.3,19.5,28.2
"BOOI4","2023-07-14 18:00",78.0439999999999,75.28,1118160,0,3.511,271.8,0.00964566929133858,"82.669999999999888",68.5759999999999,66.1999999999999,63.1039999999999,36.2,19.5,28.2
"BOOI4","2023-07-14 19:00",76.7119999999999,78.14,945000,0,3.672,235,0.00799212598425197,"82.831999999999951",68.63,66.2179999999999,63.122,36.2,19.5,28.2
"BOOI4","2023-07-14 20:00",74.8759999999999,87.2,524880,0,3.599,262.5,0.00385826771653543,"81.733999999999924",68.7019999999999,66.2179999999999,63.122,36.2,19.5,28.2
"BOOI4","2023-07-14 21:00",71.6179999999999,94.3,150804,0,2.02,262.6,-0.000236220472440945,"80.167999999999921",68.738,66.2179999999999,63.1039999999999,36.3,19.5,28.2
"BOOI4","2023-07-14 22:00",68.09,98,309.6,0,0.014,231.3,-0.00106299212598425,"78.349999999999937",68.738,66.2539999999999,63.122,36.3,19.5,28.2
"BOOI4","2023-07-14 23:00",67.2439999999999,98.7,0,0,0.009,207.6,-0.00106299212598425,"76.96399999999997",68.8099999999999,66.2539999999999,63.14,36.3,19.5,28.2
"BOOI4","2023-07-15 00:00",67.5859999999999,99.6,0,0,0.198,293.8,-0.00102362204724409,"75.901999999999916",68.8099999999999,66.272,63.122,36.3,19.5,28.2
"BOOI4","2023-07-15 01:00",65.2279999999999,99.4,0,0,0.013,278,-0.00106299212598425,"74.893999999999906",68.846,66.2899999999999,63.122,36.4,19.5,28.2
"BOOI4","2023-07-15 02:00",64.7779999999999,100,0,0,0.027,258.4,-0.00106299212598425,"73.939999999999955",68.8819999999999,66.272,63.1039999999999,36.4,19.5,28.2
"BOOI4","2023-07-15 03:00",63.932,100,0,0,0.443,225.7,-0.000984251968503937,"73.111999999999895",68.864,66.2899999999999,63.122,36.4,19.5,28.2
"BOOI4","2023-07-15 04:00",63.1759999999999,100,0,0,0.336,226.3,-0.00102362204724409,"72.247999999999962",68.864,66.3439999999999,63.122,36.4,19.5,28.2
"BOOI4","2023-07-15 05:00",64.0579999999999,100,0,0,1.473,277.4,-0.000826771653543307,"71.599999999999937",68.8099999999999,66.3079999999999,63.1039999999999,36.4,19.5,28.2
"BOOI4","2023-07-15 06:00",62.7079999999999,100,2044.8,0,0.179,296.1,-0.00102362204724409,"70.897999999999954",68.8099999999999,66.3259999999999,63.122,36.4,19.5,28.2
"BOOI4","2023-07-15 07:00",63.0679999999999,100,122076,0,0,0,-3.93700787401575e-05,"70.37599999999992",68.756,66.3439999999999,63.122,36.4,19.5,28.2
"BOOI4","2023-07-15 08:00",67.082,97.4,495720,0,0.36,296.4,0.00259842519685039,"71.023999999999944",68.7019999999999,66.398,63.122,36.4,19.5,28.2
"BOOI4","2023-07-15 09:00",72.59,85.6,1142280,0,2.071,290.3,0.00728346456692913,"73.309999999999917",68.63,66.38,63.14,36.3,19.5,28.2
"BOOI4","2023-07-15 10:00",76.3159999999999,79.52,1794600,0,3.994,285.9,0.0131496062992126,"76.441999999999936",68.5579999999999,66.398,63.14,36.3,19.5,28.2
"BOOI4","2023-07-15 11:00",77.9359999999999,72.15,2197080,0,5.847,281.9,0.0176377952755906,"79.339999999999961",68.4859999999999,66.38,63.122,36.2,19.5,28.2
"BOOI4","2023-07-15 12:00",79.4119999999999,67.33,2402640,0,5.154,280.8,0.0200787401574803,"81.877999999999901",68.414,66.38,63.14,36.2,19.4,28.2
"BOOI4","2023-07-15 13:00",80.24,64.79,2601360,0,4.413,282.1,0.0218110236220472,"84.181999999999945",68.3599999999999,66.398,63.122,36.1,19.4,28.2
"BOOI4","2023-07-15 14:00",80.78,69.4,2582280,0,4.55,270.3,0.0218110236220472,"86.809999999999917",68.306,66.4159999999999,63.14,36.1,19.4,28.2
"BOOI4","2023-07-15 15:00",81.572,69.63,2352240,0,4.967,261.7,0.0200787401574803,"88.735999999999905",68.306,66.398,63.14,36,19.4,28.2
"BOOI4","2023-07-15 16:00",81.788,64.52,2231640,0,7,265.6,0.0202755905511811,"89.671999999999969",68.3239999999999,66.398,63.14,35.9,19.4,28.2
"BOOI4","2023-07-15 17:00",81.9859999999999,69.25,1787040,0,6.368,271.3,0.0170472440944882,"90.031999999999954",68.3779999999999,66.398,63.14,35.9,19.4,28.2
"BOOI4","2023-07-15 18:00",80.6179999999999,67.87,1189080,0,5.972,275.9,0.0125196850393701,"89.059999999999917",68.4319999999999,66.398,63.122,35.9,19.3,28.2
"BOOI4","2023-07-15 19:00",78.89,73.04,762840,0,4.729,284.5,0.00850393700787402,"87.691999999999936",68.5039999999999,66.398,63.14,35.9,19.3,28.2
"BOOI4","2023-07-15 20:00",73.2739999999999,84.5,279900,0,3.42,273.9,0.00362204724409449,"84.901999999999916",68.5759999999999,66.398,63.122,35.9,19.3,28.2
"BOOI4","2023-07-15 21:00",69.296,93.7,48132,0,0.929,259.7,-0.000275590551181102,"82.237999999999985",68.6659999999999,66.38,63.122,35.9,19.3,28.2
"BOOI4","2023-07-15 22:00",67.2439999999999,95,133.2,0,0.779,262.1,-0.000551181102362205,"80.131999999999948",68.7199999999999,66.3619999999999,63.1579999999999,36,19.3,28.2
"BOOI4","2023-07-15 23:00",67.9099999999999,93.3,0,0,1.296,273,-0.00047244094488189,"78.4939999999999",68.7739999999999,66.398,63.14,36,19.3,28.2
"BOOI4","2023-07-16 00:00",65.822,94.7,0,0,1.209,286.8,-0.000433070866141732,"77.089999999999961",68.846,66.38,63.14,36,19.3,28.2
"BOOI4","2023-07-16 01:00",64.1659999999999,97.5,0,0,0.324,250.7,-0.000708661417322835,"75.775999999999925",68.8999999999999,66.398,63.1579999999999,36,19.3,28.2
"BOOI4","2023-07-16 02:00",63.4099999999999,98.7,0,0,0.117,253.9,-0.000748031496062992,"74.71399999999997",68.9179999999999,66.4159999999999,63.14,36,19.3,28.2
"BOOI4","2023-07-16 03:00",63.9499999999999,97.9,0,0,0.103,268.4,-0.000748031496062992,"73.885999999999896",68.8999999999999,66.38,63.14,36,19.3,28.2
"BOOI4","2023-07-16 04:00",63.5359999999999,97.6,0,0,1.742,276.8,-0.00047244094488189,"73.111999999999895",68.8819999999999,66.4159999999999,63.1759999999999,36,19.3,28.2
"BOOI4","2023-07-16 05:00",61.664,98.1,0,0,2.985,271.1,-0.000354330708661417,"72.265999999999948",68.8819999999999,66.4159999999999,63.1759999999999,36,19.4,28.2
"BOOI4","2023-07-16 06:00",61.0699999999999,99.4,1580.4,0,1.024,270.5,-0.000590551181102362,"71.437999999999974",68.8099999999999,66.4519999999999,63.1579999999999,36,19.4,28.2
"BOOI4","2023-07-16 07:00",61.8079999999999,99.7,89136,0,1.475,275.9,0.000118110236220472,"70.843999999999909",68.756,66.4519999999999,63.1759999999999,36,19.4,28.2
"BOOI4","2023-07-16 08:00",63.8419999999999,97.6,385200,0,3.788,288.3,0.00196850393700787,"70.91599999999994",68.6839999999999,66.4519999999999,63.1579999999999,36,19.4,28.2
"BOOI4","2023-07-16 09:00",68.1439999999999,86.7,813600,0,4.299,288.3,0.00507874015748032,"72.031999999999954",68.63,66.4699999999999,63.1759999999999,36,19.3,28.2
"BOOI4","2023-07-16 10:00",72.1039999999999,78.41,1411200,0,3.953,295.2,0.0102755905511811,"74.29999999999994",68.522,66.4699999999999,63.1759999999999,36,19.3,28.2
"BOOI4","2023-07-16 11:00",73.1839999999999,70.82,1414440,0,4.123,290.5,0.0114566929133858,"76.153999999999883",68.4859999999999,66.4519999999999,63.1759999999999,36,19.3,28.2
"BOOI4","2023-07-16 12:00",76.046,62.63,2102040,0,5.166,303.1,0.0174015748031496,"79.051999999999907",68.3779999999999,66.488,63.1579999999999,35.9,19.3,28.2
"BOOI4","2023-07-16 13:00",77.198,59.51,2671560,0,4.833,298.4,0.0219291338582677,"82.417999999999921",68.306,66.488,63.1939999999999,35.8,19.2,28.2
"BOOI4","2023-07-16 14:00",77.8279999999999,64.75,2781000,0,4.967,264,0.0227952755905512,"86.107999999999933",68.2519999999999,66.488,63.1759999999999,35.7,19.2,28.2
"BOOI4","2023-07-16 15:00",77.8999999999999,64.43,2633040,0,5.721,267.1,0.022244094488189,"88.537999999999982",68.2339999999999,66.4339999999999,63.1939999999999,35.7,19.1,28.2
"BOOI4","2023-07-16 16:00",78.3499999999999,67.32,2018520,0,6.097,258.9,0.0180708661417323,"89.599999999999937",68.2159999999999,66.4699999999999,63.1939999999999,35.6,19.1,28.2
"BOOI4","2023-07-16 17:00",76.3159999999999,72.27,1545480,0,6.389,259.7,0.0146456692913386,"89.149999999999935",68.2519999999999,66.4699999999999,63.1579999999999,35.6,19,28.2
"BOOI4","2023-07-16 18:00",77.2339999999999,75.33,1060560,0,4.323,260.1,0.00976377952755906,"88.285999999999902",68.2519999999999,66.4519999999999,63.1939999999999,35.6,19,28.2
"BOOI4","2023-07-16 19:00",74.948,80.6,649440,0,3.213,266.1,0.00582677165354331,"86.827999999999903",68.288,66.4339999999999,63.1939999999999,35.6,19,28.2
"BOOI4","2023-07-16 20:00",71.222,90.4,283824,0,2.417,271.1,0.00251968503937008,"84.451999999999913",68.3419999999999,66.4339999999999,63.1579999999999,35.6,19,28.2
"BOOI4","2023-07-16 21:00",67.496,96.1,33372,0,0.108,260.8,-0.00015748031496063,"81.949999999999932",68.396,66.4339999999999,63.1939999999999,35.7,19,28.2
"BOOI4","2023-07-16 22:00",65.9659999999999,98.2,122.4,0,0.039,264,-0.000551181102362205,"79.987999999999985",68.4499999999999,66.4339999999999,63.1759999999999,35.7,19,28.2
"BOOI4","2023-07-16 23:00",64.9039999999999,99.3,0,0,0.015,245.2,-0.000551181102362205,"78.385999999999896",68.4859999999999,66.4339999999999,63.1939999999999,35.7,19,28.2
"BOOI4","2023-07-17 00:00",66.0019999999999,98,0,0,0.371,283,-0.000511811023622047,"77.287999999999982",68.5039999999999,66.398,63.1579999999999,35.7,19,28.2
"BOOI4","2023-07-17 01:00",66.7579999999999,91.2,0,0,0.81,340.3,-0.000393700787401575,"76.477999999999895",68.5399999999999,66.4339999999999,63.1759999999999,35.7,19,28.2
"BOOI4","2023-07-17 02:00",65.9659999999999,89.2,0,0,3.022,347,0.000118110236220472,"75.577999999999903",68.5579999999999,66.4159999999999,63.1759999999999,35.7,19,28.2
"BOOI4","2023-07-17 03:00",64.814,88.7,0,0,3.584,354.8,0.000236220472440945,"74.659999999999911",68.522,66.4159999999999,63.2119999999999,35.7,19,28.2
"BOOI4","2023-07-17 04:00",63.698,91.7,0,0,3.578,5.205,0.000118110236220472,"73.9939999999999",68.522,66.38,63.1759999999999,35.7,19,28.2
"BOOI4","2023-07-17 05:00",62.24,92.3,0,0,3.494,8.15,7.8740157480315e-05,"73.291999999999931",68.4499999999999,66.398,63.2119999999999,35.7,19,28.2
"BOOI4","2023-07-17 06:00",60.9079999999999,88.1,1990.8,0,3.43,8.82,0.000118110236220472,"72.481999999999957",68.4319999999999,66.4159999999999,63.1759999999999,35.7,19,28.2
"BOOI4","2023-07-17 07:00",60.332,88,100296,0,2.841,355.9,0.000669291338582677,"71.635999999999896",68.3599999999999,66.4339999999999,63.1939999999999,35.7,19,28.2
"BOOI4","2023-07-17 08:00",62.3839999999999,83,398160,0,3.778,357.6,0.00311023622047244,"71.50999999999992",68.3239999999999,66.4339999999999,63.1939999999999,35.7,19,28.2
"BOOI4","2023-07-17 09:00",65.156,75.98,848880,0,3.813,352.8,0.00622047244094488,"72.265999999999948",68.2339999999999,66.398,63.23,35.7,19,28.2
"BOOI4","2023-07-17 10:00",67.7839999999999,67.53,1654920,0,5.384,10.13,0.0124015748031496,"74.119999999999891",68.1439999999999,66.398,63.1759999999999,35.7,19,28.2
"BOOI4","2023-07-17 11:00",69.1699999999999,67.34,2102760,0,4.011,358.3,0.0154724409448819,"76.71199999999989",68.072,66.4159999999999,63.1939999999999,35.6,19,28.2
"BOOI4","2023-07-17 12:00",72.2119999999999,54.33,2807280,0,4.361,1.155,0.0208661417322835,"80.185999999999908",67.964,66.4339999999999,63.2119999999999,35.6,19,28.2
"BOOI4","2023-07-17 13:00",73.0579999999999,59.51,3042000,0,4.527,344.1,0.0232283464566929,"83.893999999999906",67.8919999999999,66.4159999999999,63.1939999999999,35.4,18.9,28.2
"BOOI4","2023-07-17 14:00",71.996,56.58,2861280,0,4.316,328.5,0.0223228346456693,"86.431999999999945",67.838,66.38,63.2119999999999,35.4,18.9,28.2
"BOOI4","2023-07-17 15:00",73.022,55.34,3078000,0,4.112,335.5,0.0238582677165354,"88.753999999999891",67.8019999999999,66.398,63.23,35.3,18.8,28.2
"BOOI4","2023-07-17 16:00",74.048,55.01,2722320,0,3.252,341.9,0.0211417322834646,"90.445999999999984",67.748,66.38,63.2119999999999,35.2,18.7,28.2
"BOOI4","2023-07-17 17:00",74.84,54.61,2239920,0,3.54,352.1,0.0179133858267717,"91.327999999999903",67.748,66.3619999999999,63.2119999999999,35.1,18.7,28.2
"BOOI4","2023-07-17 18:00",74.282,56.14,1847520,0,3.82,328.9,0.0151968503937008,"91.039999999999949",67.7839999999999,66.3439999999999,63.23,35.1,18.7,28.2
"BOOI4","2023-07-17 19:00",70.0519999999999,65.46,423720,0,2.341,322.2,0.00515748031496063,"88.843999999999909",67.7839999999999,66.3439999999999,63.2119999999999,35.1,18.7,28.2
"BOOI4","2023-07-17 20:00",70.088,66.51,408600,0,2.11,340.6,0.00334645669291339,"86.215999999999937",67.8199999999999,66.3079999999999,63.2119999999999,35.1,18.7,28.2
"BOOI4","2023-07-17 21:00",65.246,79.97,95184,0,1.688,344.2,-0.000590551181102362,"83.479999999999976",67.838,66.2899999999999,63.23,35.1,18.7,28.2
"BOOI4","2023-07-17 22:00",63.932,79.73,108,0,0.274,349.6,0,"81.121999999999971",67.856,66.2899999999999,63.23,35.2,18.7,28.2
"BOOI4","2023-07-17 23:00",63.0859999999999,78.44,0,0,2.22,10.21,0.000669291338582677,"79.231999999999957",67.856,66.272,63.23,35.2,18.7,28.2
"BOOI4","2023-07-18 00:00",59.2519999999999,89.7,0,0,1.401,359.4,0.000354330708661417,"77.377999999999901",67.874,66.2899999999999,63.23,35.2,18.7,28.2
"BOOI4","2023-07-18 01:00",56.8759999999999,93.6,0,0,0,0,-0.00015748031496063,"75.82999999999997",67.856,66.272,63.2119999999999,35.1,18.7,28.2
"BOOI4","2023-07-18 02:00",57.0919999999999,94.5,0,0,0,0,-0.00015748031496063,"74.497999999999962",67.8019999999999,66.2359999999999,63.1939999999999,35.2,18.7,28.2
"BOOI4","2023-07-18 03:00",55.9579999999999,94.9,0,0,0,0,-0.00015748031496063,"73.381999999999948",67.748,66.2539999999999,63.23,35.2,18.7,28.2
"BOOI4","2023-07-18 04:00",56.2099999999999,96.2,0,0,0.097,255.1,-0.000118110236220472,"72.355999999999966",67.6759999999999,66.2359999999999,63.23,35.2,18.7,28.2
"BOOI4","2023-07-18 05:00",55.7239999999999,97.3,0,0,0.109,220.1,-0.000118110236220472,"71.45599999999996",67.64,66.2179999999999,63.2119999999999,35.2,18.7,28.2
"BOOI4","2023-07-18 06:00",57.7939999999999,96.9,2275.2,0,0.054,244.7,-0.000118110236220472,"71.041999999999931",67.532,66.1999999999999,63.23,35.2,18.7,28.2
"BOOI4","2023-07-18 07:00",57.9919999999999,96.3,51336,0,0.034,73.3,0.00031496062992126,"70.771999999999977",67.406,66.1999999999999,63.23,35.2,18.7,28.2
"BOOI4","2023-07-18 08:00",59.6839999999999,95,255816,0,1.382,148,0.00165354330708661,"70.807999999999936",67.28,66.1819999999999,63.23,35.2,18.7,28.2
"BOOI4","2023-07-18 09:00",63.806,83.4,780840,0,1.826,138.6,0.00492125984251969,"71.905999999999963",67.2079999999999,66.1819999999999,63.1939999999999,35.2,18.7,28.2
"BOOI4","2023-07-18 10:00",68.2699999999999,75.01,1471680,0,4.214,106.9,0.0102755905511811,"74.083999999999932",67.082,66.146,63.23,35.1,18.7,28.2
"BOOI4","2023-07-18 11:00",69.8359999999999,70.71,2042640,0,5.041,132.4,0.0151968503937008,"77.035999999999902",66.956,66.146,63.23,35.1,18.6,28.2
"BOOI4","2023-07-18 12:00",71.564,63.02,2739240,0,6.329,108.2,0.0208661417322835,"80.437999999999974",66.8659999999999,66.146,63.23,34.9,18.6,28.2
"BOOI4","2023-07-18 13:00",73.8679999999999,59.94,3088800,0,5.937,110.2,0.0239370078740157,"84.199999999999932",66.7939999999999,66.1099999999999,63.23,34.9,18.5,28.2
"BOOI4","2023-07-18 14:00",74.5699999999999,56.16,3204000,0,5.897,126.4,0.0252755905511811,"87.745999999999981",66.7039999999999,66.0919999999999,63.2119999999999,34.8,18.4,28.2
"BOOI4","2023-07-18 15:00",75.4159999999999,57.07,3056400,0,6.013,150.2,0.0247244094488189,"91.039999999999949",66.6499999999999,66.0739999999999,63.2119999999999,34.7,18.4,28.2
"BOOI4","2023-07-18 16:00",75.9739999999999,57.62,2762640,0,5.068,153.4,0.0225196850393701,"93.163999999999973",66.6499999999999,66.0199999999999,63.2119999999999,34.6,18.4,28.2
"BOOI4","2023-07-18 17:00",76.7659999999999,57.06,2293560,0,4.534,150,0.0190944881889764,"94.135999999999896",66.6319999999999,66.0199999999999,63.23,34.6,18.3,28.2
"BOOI4","2023-07-18 18:00",76.4779999999999,60.21,1722240,0,4.201,144.2,0.0148818897637795,"93.883999999999929",66.6859999999999,65.9659999999999,63.23,34.5,18.3,28.2
"BOOI4","2023-07-18 19:00",75.956,60.56,1009440,0,4.479,140.4,0.0100787401574803,"92.155999999999963",66.7579999999999,65.9659999999999,63.23,34.5,18.2,28.2
"BOOI4","2023-07-18 20:00",73.688,68.34,498600,0,3.093,138.1,0.00460629921259843,"89.077999999999903",66.8119999999999,65.93,63.23,34.5,18.2,28.2
"BOOI4","2023-07-18 21:00",70.8439999999999,74.85,84024,0,1.101,128.4,-0.000984251968503937,"86.197999999999965",66.848,65.9119999999999,63.23,34.6,18.2,28.2
"BOOI4","2023-07-18 22:00",68.5759999999999,79.23,50.4,0,3.726,122.2,0.000551181102362205,"83.911999999999892",66.9199999999999,65.8759999999999,63.2119999999999,34.5,18.2,28.2
"BOOI4","2023-07-18 23:00",65.2279999999999,86.9,0,0,2.515,106.1,-0.00015748031496063,"81.75199999999991",66.9739999999999,65.8579999999999,63.2119999999999,34.6,18.2,28.2
"BOOI4","2023-07-19 00:00",64.9039999999999,88.7,0,0,0.431,102.2,-0.00106299212598425,"80.221999999999966",67.046,65.84,63.2119999999999,34.6,18.2,28.2
"BOOI4","2023-07-19 01:00",62.4919999999999,91.4,0,0,0,0,-0.0012992125984252,"78.79999999999994",67.064,65.84,63.2119999999999,34.6,18.2,28.2
"BOOI4","2023-07-19 02:00",63.464,90.8,0,0,0.108,353.7,-0.00122047244094488,"77.66599999999994",67.0279999999999,65.84,63.2119999999999,34.7,18.2,28.2
"BOOI4","2023-07-19 03:00",63.3919999999999,89.9,0,0,1.659,146.6,-0.000669291338582677,"76.819999999999894",67.064,65.84,63.23,34.7,18.2,28.2
"BOOI4","2023-07-19 04:00",60.98,94.4,0,0,1.205,137.4,-0.00078740157480315,"75.811999999999884",67.064,65.8039999999999,63.1939999999999,34.7,18.2,28.2
"BOOI4","2023-07-19 05:00",61.196,93.8,0,0,1.349,145.7,-0.000826771653543307,"74.911999999999892",67.046,65.7859999999999,63.1939999999999,34.7,18.2,28.2
"BOOI4","2023-07-19 06:00",60.188,94.8,2527.2,0,2.992,136,-0.00047244094488189,"74.011999999999887",66.9739999999999,65.7859999999999,63.2119999999999,34.7,18.2,28.2
"BOOI4","2023-07-19 07:00",62.4919999999999,92.5,193536,0,3.205,130.4,-0.000393700787401575,"73.57999999999997",66.9199999999999,65.7679999999999,63.1939999999999,34.7,18.2,28.2
"BOOI4","2023-07-19 08:00",66.848,86.7,745200,0,3.903,163.4,0.00377952755905512,"74.389999999999958",66.8659999999999,65.7499999999999,63.1939999999999,34.7,18.2,28.2
"BOOI4","2023-07-19 09:00",70.772,79.81,1250640,0,2.458,153.6,0.0081496062992126,"76.567999999999913",66.8119999999999,65.7499999999999,63.1759999999999,34.7,18.2,28.2
"BOOI4","2023-07-19 10:00",72.1579999999999,77.95,1510920,0,2.401,170.1,0.010748031496063,"79.21399999999997",66.7579999999999,65.732,63.1939999999999,34.6,18.2,28.2
"BOOI4","2023-07-19 11:00",75.164,77.33,2193480,0,4.185,157.8,0.0160629921259842,"82.003999999999891",66.6859999999999,65.732,63.2119999999999,34.6,18.2,28.2
"BOOI4","2023-07-19 12:00",77.4859999999999,74.07,2878200,0,5.249,167.6,0.0214566929133858,"86.269999999999897",66.614,65.732,63.1759999999999,34.4,18.1,28.2
"BOOI4","2023-07-19 13:00",79.322,72.97,3060000,0,4.022,183,0.0236220472440945,"91.039999999999949",66.596,65.696,63.1939999999999,34.4,18,28.2
"BOOI4","2023-07-19 14:00",81.9499999999999,69.05,3222000,0,3.937,189.4,0.0252755905511811,"94.639999999999958",66.5779999999999,65.714,63.1579999999999,34.2,18,28.2
"BOOI4","2023-07-19 15:00",79.7899999999999,72.31,2526840,0,3.973,190.7,0.0209842519685039,"96.799999999999926",66.596,65.6779999999999,63.1759999999999,34.2,17.9,28.2
"BOOI4","2023-07-19 16:00",79.3939999999999,74.67,1119960,0,4.362,212.3,0.0109055118110236,"95.179999999999978",66.596,65.6779999999999,63.1579999999999,34.1,17.8,28.2
"BOOI4","2023-07-19 17:00",79.0339999999999,78.77,1012680,0,2.713,243.2,0.00913385826771654,"94.135999999999896",66.6679999999999,65.6779999999999,63.1759999999999,34.1,17.9,28.2
"BOOI4","2023-07-19 18:00",80.0779999999999,79.35,812160,0,1.887,258.8,0.00688976377952756,"93.253999999999891",66.74,65.6419999999999,63.14,34.1,17.9,28.2
"BOOI4","2023-07-19 19:00",79.214,80.4,520560,0,1.24,52.28,0.00448818897637795,"91.939999999999955",66.8659999999999,65.6419999999999,63.1579999999999,34.2,17.9,28.2
"BOOI4","2023-07-19 20:00",76.514,88.6,302040,0,1.229,208.2,0.00216535433070866,"90.103999999999886",66.956,65.6599999999999,63.1579999999999,34.2,17.9,28.2
"BOOI4","2023-07-19 21:00",72.356,95.8,57636,0,0.651,226.6,-0.00078740157480315,"87.67399999999995",67.064,65.624,63.1579999999999,34.2,17.8,28.1
"BOOI4","2023-07-19 22:00",71.4199999999999,97.8,172.8,0,1.798,241.7,-0.000118110236220472,"85.657999999999944",67.1359999999999,65.624,63.1579999999999,34.2,17.8,28.1
"BOOI4","2023-07-19 23:00",71.1319999999999,98.9,0,0,2.291,253.3,-0.00015748031496063,"84.109999999999914",67.2619999999999,65.588,63.14,34.3,17.9,28.1
"BOOI4","2023-07-20 00:00",69.9439999999999,99.6,0,0,2.885,258,-0.000196850393700787,"82.795999999999978",67.3339999999999,65.588,63.1579999999999,34.3,17.9,28.1
"BOOI4","2023-07-20 01:00",70.196,99,0,0,3.906,269.7,-0.00015748031496063,"81.679999999999978",67.406,65.606,63.14,34.3,17.9,28.2
"BOOI4","2023-07-20 02:00",68.522,98.8,0,0,3.431,265.6,-0.00015748031496063,"80.563999999999965",67.4599999999999,65.5699999999999,63.1579999999999,34.4,17.9,28.1
"BOOI4","2023-07-20 03:00",67.964,99.6,0,0,3.251,268.6,-0.000196850393700787,"79.573999999999941",67.514,65.606,63.14,34.4,17.9,28.1
"BOOI4","2023-07-20 04:00",68.99,98.5,0,0,5.298,290.2,-0.000118110236220472,"78.943999999999903",67.532,65.606,63.14,34.3,17.9,28.1
"BOOI4","2023-07-20 05:00",67.6039999999999,97.6,0,0,3.691,318.7,-0.000118110236220472,"78.115999999999943",67.5679999999999,65.6419999999999,63.122,34.3,17.9,28.1
"BOOI4","2023-07-20 06:00",65.714,98,2127.6,0,2.242,308.9,-0.00015748031496063,"77.161999999999892",67.5679999999999,65.624,63.122,34.4,17.9,28.1
"BOOI4","2023-07-20 07:00",67.6759999999999,92.7,182124,0,1.863,307.1,-0.000590551181102362,"76.603999999999886",67.6039999999999,65.6599999999999,63.1039999999999,34.4,17.9,28.1
"BOOI4","2023-07-20 08:00",70.4839999999999,84.1,721440,0,2.868,309.4,0.00397637795275591,"76.999999999999929",67.6039999999999,65.6419999999999,63.1039999999999,34.4,17.9,28.2
"BOOI4","2023-07-20 09:00",70.4119999999999,76.83,1360080,0,5.4,333.3,0.00968503937007874,"78.007999999999939",67.5499999999999,65.696,63.0859999999999,34.3,17.9,28.2
"BOOI4","2023-07-20 10:00",72.0859999999999,72.81,1982520,0,7.738,340.4,0.0147244094488189,"79.753999999999891",67.5679999999999,65.696,63.1039999999999,34.4,17.8,28.2
"BOOI4","2023-07-20 11:00",74.9659999999999,68.37,2524680,0,6.263,330.6,0.0193307086614173,"82.597999999999956",67.532,65.696,63.14,34.2,17.8,28.2
"BOOI4","2023-07-20 12:00",76.082,64.72,2948400,0,7.081,331.2,0.0232677165354331,"85.387999999999977",67.532,65.696,63.1039999999999,34.1,17.7,28.2
"BOOI4","2023-07-20 13:00",76.622,63.16,3218400,0,8.15,340.6,0.026259842519685,"87.997999999999962",67.514,65.696,63.0859999999999,34.1,17.6,28.2
"BOOI4","2023-07-20 14:00",77.7199999999999,65.07,2941200,0,6.307,329.3,0.0246850393700787,"90.589999999999961",67.4779999999999,65.714,63.0859999999999,33.9,17.5,28.2
"BOOI4","2023-07-20 15:00",78.296,61.57,2478960,0,5.809,312,0.0212204724409449,"92.425999999999917",67.496,65.696,63.0859999999999,33.8,17.6,28.2
"BOOI4","2023-07-20 16:00",79.448,59.7,2777040,0,5.997,317.6,0.0238976377952756,"93.919999999999888",67.514,65.732,63.0859999999999,33.8,17.5,28.2
"BOOI4","2023-07-20 17:00",79.772,60.28,1926360,0,5.946,316.3,0.0182677165354331,"94.207999999999942",67.5499999999999,65.732,63.1039999999999,33.7,17.4,28.1
"BOOI4","2023-07-20 18:00",77.99,62.39,1126080,0,5.93,333.1,0.0124803149606299,"92.767999999999915",67.6039999999999,65.7499999999999,63.0859999999999,33.7,17.4,28.1
"BOOI4","2023-07-20 19:00",76.1539999999999,63.99,870480,0,7.115,344.8,0.0110236220472441,"91.003999999999891",67.7119999999999,65.7679999999999,63.0679999999999,33.7,17.4,28.1
"BOOI4","2023-07-20 20:00",72.338,74.02,291960,0,3.293,340.6,0.00393700787401575,"88.393999999999906",67.7839999999999,65.732,63.1039999999999,33.7,17.3,28.1
"BOOI4","2023-07-20 21:00",68.4859999999999,79.84,39600,0,3.732,342.3,0.00137795275590551,"85.927999999999898",67.838,65.7499999999999,63.1039999999999,33.7,17.3,28.1
"BOOI4","2023-07-20 22:00",65.282,87.3,64.8,0,3.124,339.2,0.00015748031496063,"83.71399999999997",67.9099999999999,65.7679999999999,63.0679999999999,33.7,17.3,28.1
"BOOI4","2023-07-20 23:00",64.2019999999999,88.6,0,0,0.649,333.6,-0.000748031496062992,"81.895999999999987",67.946,65.7679999999999,63.0499999999999,33.7,17.3,28.1
"BOOI4","2023-07-21 00:00",63.5899999999999,89.5,0,0,0.842,337,-0.000708661417322835,"80.365999999999943",67.982,65.7679999999999,63.0679999999999,33.7,17.3,28.1
"BOOI4","2023-07-21 01:00",62.2939999999999,91.2,0,0,2.428,341.3,-0.000236220472440945,"79.159999999999911",68.0179999999999,65.7859999999999,63.0859999999999,33.7,17.4,28.1
"BOOI4","2023-07-21 02:00",60.8179999999999,93.7,0,0,0.99,335.3,-0.000669291338582677,"77.863999999999962",68.0179999999999,65.8039999999999,63.0679999999999,33.8,17.4,28.1
"BOOI4","2023-07-21 03:00",60.3679999999999,94.4,0,0,0.447,302.5,-0.000866141732283465,"76.873999999999953",68.0179999999999,65.7859999999999,63.0679999999999,33.8,17.4,28.1
"BOOI4","2023-07-21 04:00",59.8279999999999,95.9,0,0,0.259,299.7,-0.00094488188976378,"75.883999999999929",67.964,65.8039999999999,63.0499999999999,33.8,17.4,28.1
"BOOI4","2023-07-21 05:00",59.3599999999999,96.5,0,0,0.881,309.6,-0.000748031496062992,"74.965999999999937",67.9279999999999,65.8039999999999,63.0499999999999,33.8,17.4,28.1
"BOOI4","2023-07-21 06:00",59.3239999999999,97.1,2624.4,0,1.021,319.3,-0.000748031496062992,"74.155999999999963",67.838,65.8759999999999,63.0499999999999,33.8,17.4,28.1
"BOOI4","2023-07-21 07:00",62.114,91.8,180792,0,1.774,340.6,-0.000708661417322835,"73.75999999999992",67.8199999999999,65.84,63.0319999999999,33.8,17.4,28.1
"BOOI4","2023-07-21 08:00",66.0199999999999,85.1,703800,0,3.731,349.4,0.00374015748031496,"74.227999999999895",67.7119999999999,65.8579999999999,63.0499999999999,33.8,17.4,28.1
"BOOI4","2023-07-21 09:00",69.764,80.1,1391400,0,3.71,11.39,0.00889763779527559,"75.973999999999947",67.6039999999999,65.8759999999999,63.0319999999999,33.7,17.4,28.1
"BOOI4","2023-07-21 10:00",75.614,69.69,1828800,0,1.605,8.89,0.0127165354330709,"79.195999999999984",67.5499999999999,65.8939999999999,63.0679999999999,33.7,17.3,28.1
"BOOI4","2023-07-21 11:00",76.982,67.48,2552400,0,2.258,19.51,0.0188188976377953,"82.9939999999999",67.4419999999999,65.8759999999999,63.0499999999999,33.5,17.3,28.1
"BOOI4","2023-07-21 12:00",77.1259999999999,62.88,2673360,0,2.645,6.885,0.0207086614173228,"86.395999999999987",67.3699999999999,65.9119999999999,63.0319999999999,33.5,17.2,28.1
"BOOI4","2023-07-21 13:00",78.296,58.45,2346120,0,2.479,5.514,0.018740157480315,"88.717999999999918",67.3159999999999,65.8579999999999,63.0499999999999,33.4,17.2,28.1
"BOOI4","2023-07-21 14:00",76.6039999999999,63.16,1962720,0,3.137,322,0.0166141732283465,"90.067999999999913",67.28,65.84,63.0679999999999,33.4,17.2,28.1
"BOOI4","2023-07-21 15:00",77.7199999999999,60.87,2271240,0,3.61,316.3,0.0192913385826772,"91.633999999999929",67.2439999999999,65.8579999999999,63.0499999999999,33.3,17.1,28.1
"BOOI4","2023-07-21 16:00",79.34,60.68,2030760,0,4.133,339.6,0.0178740157480315,"92.155999999999963",67.2619999999999,65.8579999999999,63.0499999999999,33.2,17,28.1
"BOOI4","2023-07-21 17:00",79.9699999999999,51.42,2327040,0,4.155,337.9,0.02,"93.235999999999905",67.2439999999999,65.822,63.0499999999999,33,16.9,28.1
"BOOI4","2023-07-21 18:00",78.638,57.69,1682280,0,2.916,317.7,0.0144094488188976,"93.739999999999952",67.298,65.84,63.0499999999999,33.1,16.9,28.1
"BOOI4","2023-07-21 19:00",78.296,61.56,954720,0,2.862,306.4,0.00862204724409449,"92.515999999999948",67.3339999999999,65.822,63.0499999999999,33,17,28.1
"BOOI4","2023-07-21 20:00",72.9679999999999,77.35,469440,0,1.323,299,0.00295275590551181,"89.779999999999973",67.406,65.8039999999999,63.0319999999999,33,16.9,28.1
"BOOI4","2023-07-21 21:00",68.5399999999999,84.6,36972,0,1.135,272.4,-0.000118110236220472,"86.773999999999944",67.4599999999999,65.822,63.0499999999999,33,16.9,28.1
"BOOI4","2023-07-21 22:00",65.246,91,75.6,0,0.531,276.5,-0.00094488188976378,"84.505999999999958",67.532,65.7859999999999,63.0499999999999,33,16.9,28
"BOOI4","2023-07-21 23:00",65.498,88.9,0,0,0.317,283.8,-0.00106299212598425,"82.70599999999996",67.5859999999999,65.7859999999999,63.0319999999999,33.1,16.9,28
"BOOI4","2023-07-22 00:00",64.022,89.1,0,0,0.705,288.6,-0.000866141732283465,"81.21199999999989",67.6039999999999,65.7859999999999,63.0499999999999,33.1,17,28
"BOOI4","2023-07-22 01:00",63.14,90,0,0,0.142,231.6,-0.00114173228346457,"79.771999999999977",67.64,65.8039999999999,63.0499999999999,33,17,28
"BOOI4","2023-07-22 02:00",60.53,96.2,0,0,0.447,203.6,-0.00102362204724409,"78.511999999999887",67.64,65.7859999999999,63.0499999999999,33,17,28
"BOOI4","2023-07-22 03:00",60.332,98.1,0,0,0.042,206.5,-0.00114173228346457,"77.503999999999891",67.64,65.7859999999999,63.0499999999999,33.1,17,28
"BOOI4","2023-07-22 04:00",60.6199999999999,97.9,0,0,0.029,229.2,-0.00114173228346457,"76.693999999999903",67.64,65.8039999999999,63.0499999999999,33.1,17,28
"BOOI4","2023-07-22 05:00",60.4039999999999,98.3,0,0,0.056,223.9,-0.00114173228346457,"75.95599999999996",67.5679999999999,65.7859999999999,63.0319999999999,33.1,17,28
"BOOI4","2023-07-22 06:00",61.538,98.1,1501.2,0,0.193,230.1,-0.00110236220472441,"75.433999999999926",67.5499999999999,65.8039999999999,63.0319999999999,33.1,17,28
"BOOI4","2023-07-22 07:00",62.1679999999999,97.7,63648,0,0.969,252.3,0.00015748031496063,"75.163999999999973",67.532,65.8039999999999,63.0499999999999,33.1,17,28
"BOOI4","2023-07-22 08:00",67.73,88.5,532440,0,1.926,230,0.00271653543307087,"75.937999999999974",67.4419999999999,65.7859999999999,63.0499999999999,33.1,17,28
"BOOI4","2023-07-22 09:00",71.9239999999999,81.2,1064880,0,3.777,235.6,0.00732283464566929,"77.755999999999958",67.388,65.7859999999999,63.0499999999999,33,17,28
"BOOI4","2023-07-22 10:00",76.3339999999999,77.2,1779840,0,4.45,254.7,0.0132677165354331,"80.833999999999932",67.3159999999999,65.8039999999999,63.0499999999999,33,17,28
"BOOI4","2023-07-22 11:00",79.088,71.08,2370960,0,3.749,256.2,0.0181889763779528,"84.82999999999997",67.2259999999999,65.822,63.0499999999999,33,16.9,28
"BOOI4","2023-07-22 12:00",80.438,71.31,2810520,0,3.826,268.7,0.0218897637795276,"88.627999999999901",67.172,65.8039999999999,63.0499999999999,32.8,16.8,27.9
"BOOI4","2023-07-22 13:00",81.896,67.82,3099600,0,3.033,260.8,0.0244488188976378,"92.857999999999933",67.1359999999999,65.7859999999999,63.0319999999999,32.8,16.7,27.9
"BOOI4","2023-07-22 14:00",83.1919999999999,65.29,3254400,0,2.968,257.5,0.0260629921259843,"96.853999999999886",67.1179999999999,65.8039999999999,63.0319999999999,32.7,16.7,27.9
"BOOI4","2023-07-22 15:00",84.3439999999999,59.88,3114000,0,2.772,266.9,0.0253149606299213,"M",67.0999999999999,65.7499999999999,63.0679999999999,32.5,16.6,27.9
"BOOI4","2023-07-22 16:00",83.6419999999999,60.09,2463840,0,2.72,273.7,0.0208661417322835,"M",67.1539999999999,65.7679999999999,63.014,32.4,16.5,27.9
"BOOI4","2023-07-22 17:00",83.6779999999999,60.49,2130120,0,3.014,265.1,0.0183858267716536,"M",67.19,65.7499999999999,63.0319999999999,32.4,16.5,27.9
"BOOI4","2023-07-22 18:00",83.1019999999999,64.23,1585080,0,3.488,264.8,0.014251968503937,"M",67.2619999999999,65.7679999999999,63.0319999999999,32.3,16.4,27.9
"BOOI4","2023-07-22 19:00",82.1659999999999,66.09,978840,0,2.13,266.1,0.00826771653543307,"97.663999999999959",67.3519999999999,65.732,63.0319999999999,32.3,16.4,27.8
"BOOI4","2023-07-22 20:00",76.5499999999999,80.9,271116,0,0.322,241.5,0.00173228346456693,"93.937999999999874",67.4599999999999,65.714,63.0319999999999,32.3,16.4,27.8
"BOOI4","2023-07-22 21:00",71.2939999999999,88.8,97992,0,0.696,236.8,-0.00106299212598425,"90.805999999999969",67.5679999999999,65.732,63.0319999999999,32.3,16.4,27.8
"BOOI4","2023-07-22 22:00",70.4839999999999,90.1,14.4,0,0,0,-0.00125984251968504,"88.393999999999906",67.6759999999999,65.696,63.0319999999999,32.3,16.4,27.8
"BOOI4","2023-07-22 23:00",70.34,86.7,0,0,0,0,-0.00125984251968504,"86.611999999999895",67.7839999999999,65.714,63.0319999999999,32.3,16.4,27.8
"BOOI4","2023-07-23 00:00",68.396,89.7,0,0,0.309,229.6,-0.00110236220472441,"85.00999999999992",67.856,65.732,63.0319999999999,32.3,16.4,27.8
"BOOI4","2023-07-23 01:00",69.08,89.4,0,0,1.882,248.1,-0.000551181102362205,"83.821999999999974",67.9099999999999,65.732,63.0319999999999,32.4,16.4,27.8
"BOOI4","2023-07-23 02:00",68.738,91.5,0,0,2.057,245.2,-0.000511811023622047,"82.9939999999999",67.9279999999999,65.732,63.0319999999999,32.4,16.5,27.8
"BOOI4","2023-07-23 03:00",66.164,92.6,0,0.24,3.444,295.5,-0.000196850393700787,"81.62599999999992",67.982,65.732,63.0319999999999,32.4,16.5,27.8
"BOOI4","2023-07-23 04:00",64.814,96.9,0,0,0.036,230.4,-0.00122047244094488,"79.735999999999905",67.9999999999999,65.7499999999999,63.014,32.4,16.5,27.8
"BOOI4","2023-07-23 05:00",64.1659999999999,98.1,0,0,0.809,47.08,-0.00102362204724409,"78.313999999999965",67.982,65.7679999999999,63.0319999999999,32.4,16.5,27.8
"BOOI4","2023-07-23 06:00",62.906,98.2,1710,0,0,0,-0.00122047244094488,"77.12599999999992",67.964,65.7859999999999,63.0319999999999,32.4,16.5,27.8
"BOOI4","2023-07-23 07:00",64.3999999999999,98.8,112464,0.01,0.028,326.7,-0.00047244094488189,"76.333999999999932",67.964,65.8039999999999,63.014,32.4,16.5,27.8
"BOOI4","2023-07-23 08:00",69.098,94,512280,0,0.661,344.7,0.00259842519685039,"76.693999999999903",67.9099999999999,65.822,63.0319999999999,32.4,16.5,27.8
"BOOI4","2023-07-23 09:00",73.0039999999999,88.3,1015200,0,2.646,341.7,0.00661417322834646,"78.133999999999929",67.874,65.8039999999999,63.014,32.5,16.5,27.8
"BOOI4","2023-07-23 10:00",76.388,78.73,1676160,0,3.551,346.3,0.0121259842519685,"80.545999999999978",67.838,65.8579999999999,63.0319999999999,32.4,16.5,27.7
"BOOI4","2023-07-23 11:00",79.7359999999999,67.89,2192040,0,3.21,346,0.0170866141732283,"83.659999999999911",67.8019999999999,65.84,63.014,32.5,16.5,27.7
"BOOI4","2023-07-23 12:00",81.59,63.85,2690280,0,3.728,351.7,0.022007874015748,"86.701999999999913",67.748,65.822,62.996,32.3,16.4,27.7
"BOOI4","2023-07-23 13:00",83.5159999999999,59.75,2923200,0,4.666,347.5,0.0249212598425197,"89.059999999999917",67.6939999999999,65.8579999999999,63.0319999999999,32.3,16.3,27.7
"BOOI4","2023-07-23 14:00",82.9039999999999,54.85,2995200,0,4.912,354,0.026496062992126,"90.769999999999897",67.6579999999999,65.8939999999999,62.9779999999999,32.2,16.4,27.7
"BOOI4","2023-07-23 15:00",83.6599999999999,51.48,2867400,0,4.073,2.817,0.0253149606299213,"92.515999999999948",67.6759999999999,65.8759999999999,63.014,32.1,16.3,27.7
"BOOI4","2023-07-23 16:00",84.4159999999999,57.51,2340000,0,2.642,332.3,0.0202755905511811,"94.081999999999951",67.7119999999999,65.84,63.014,32,16.2,27.7
"BOOI4","2023-07-23 17:00",85.082,48.45,2137680,0,2.179,328.5,0.0182283464566929,"94.981999999999957",67.7659999999999,65.8579999999999,63.014,32,16.1,27.7
"BOOI4","2023-07-23 18:00",84.2359999999999,54.28,1410480,0,1.73,333.7,0.0121653543307087,"94.441999999999936",67.838,65.8759999999999,62.996,31.9,16.1,27.7
"BOOI4","2023-07-23 19:00",82.3819999999999,64.48,896040,0,1.468,330.6,0.00744094488188976,"92.425999999999917",67.9279999999999,65.8579999999999,63.014,31.9,16.1,27.6
"BOOI4","2023-07-23 20:00",77.63,73.51,406080,0,0.17,289.4,0.00192913385826772,"89.473999999999947",67.9999999999999,65.8579999999999,62.996,31.9,16.1,27.5
"BOOI4","2023-07-23 21:00",70.5919999999999,91.4,51552,0,0,0,-0.00125984251968504,"86.377999999999901",68.072,65.8579999999999,63.014,31.9,16.1,27.4
"BOOI4","2023-07-23 22:00",69.4939999999999,89.1,50.4,0,0.589,199.8,-0.000826771653543307,"83.947999999999965",68.1619999999999,65.8579999999999,62.996,31.9,16.1,27.4
"BOOI4","2023-07-23 23:00",69.8539999999999,80.3,0,0,0.048,285.4,-0.00114173228346457,"82.16599999999994",68.2159999999999,65.8759999999999,63.0319999999999,32,16.1,27.4
"BOOI4","2023-07-24 00:00",66.7939999999999,85,0,0,0.275,261.7,-0.000984251968503937,"80.491999999999933",68.288,65.8759999999999,63.0319999999999,32,16.1,27.4
"BOOI4","2023-07-24 01:00",67.748,83.6,0,0,0.965,270.4,-0.000669291338582677,"79.285999999999902",68.3419999999999,65.93,62.996,32,16.1,27.4
"BOOI4","2023-07-24 02:00",65.1019999999999,90.7,0,0,0,0,-0.00114173228346457,"78.07999999999997",68.3779999999999,65.8939999999999,63.014,32,16.2,27.4
"BOOI4","2023-07-24 03:00",65.498,89.3,0,0,0,0,-0.00114173228346457,"77.089999999999961",68.3779999999999,65.93,63.014,32,16.2,27.3
"BOOI4","2023-07-24 04:00",63.7699999999999,94.7,0,0,0,0,-0.00114173228346457,"76.117999999999924",68.3599999999999,65.93,63.0499999999999,32,16.2,27.3
"BOOI4","2023-07-24 05:00",65.1919999999999,94.5,0,0,0,0,-0.00110236220472441,"75.487999999999985",68.306,65.9659999999999,63.014,32,16.2,27.3
"BOOI4","2023-07-24 06:00",64.022,96.4,1141.2,0,0,0,-0.00110236220472441,"74.929999999999978",68.288,65.9839999999999,63.0499999999999,32,16.2,27.3
"BOOI4","2023-07-24 07:00",64.922,97.6,107892,0,0.711,59.61,-0.000433070866141732,"74.58799999999998",68.2339999999999,65.9659999999999,62.996,32,16.2,27.3
"BOOI4","2023-07-24 08:00",67.5499999999999,95.3,270648,0,1.473,202.9,0.00173228346456693,"75.019999999999897",68.18,65.9839999999999,62.996,32,16.3,27.3
"BOOI4","2023-07-24 09:00",72.698,85.8,1147680,0,4.348,168,0.00728346456692913,"77.035999999999902",68.1079999999999,66.0019999999999,63.014,32,16.3,27.3
"BOOI4","2023-07-24 10:00",77.1439999999999,76.28,1821600,0,5.765,149,0.0135433070866142,"80.221999999999966",68.0359999999999,66.0199999999999,62.996,31.9,16.2,27.3
"BOOI4","2023-07-24 11:00",80.24,70.76,2375280,0,5.834,162.5,0.0193307086614173,"84.685999999999908",67.946,66.0019999999999,63.014,31.9,16.2,27.2
"BOOI4","2023-07-24 12:00",81.9679999999999,64.15,2801160,0,3.793,168.1,0.0227952755905512,"89.491999999999933",67.9279999999999,66.0199999999999,63.0499999999999,31.8,16.1,27.2
"BOOI4","2023-07-24 13:00",83.2099999999999,62.12,3052800,0,4.944,165.1,0.025748031496063,"93.289999999999949",67.856,66.0199999999999,63.014,31.7,16,27.2
"BOOI4","2023-07-24 14:00",84.146,60.31,3121200,0,5.751,135.5,0.027244094488189,"96.241999999999933",67.8199999999999,66.0199999999999,63.0319999999999,31.6,16,27.2
"BOOI4","2023-07-24 15:00",85.082,55.81,2980800,0,6.877,144.9,0.0275590551181102,"M",67.8199999999999,66.038,63.0319999999999,31.5,15.9,27.2
"BOOI4","2023-07-24 16:00",86.2159999999999,55.91,2664720,0,6.162,142.8,0.0255905511811024,"M",67.874,66.0199999999999,63.0319999999999,31.5,15.8,26.9
"BOOI4","2023-07-24 17:00",86.5399999999999,54.19,2192040,0,6.333,137.9,0.0226377952755905,"M",67.9279999999999,66.038,63.014,31.3,15.7,26.9
"BOOI4","2023-07-24 18:00",86.2159999999999,57.08,1632240,0,6.132,121.3,0.0176771653543307,"M",68.0179999999999,66.038,63.0319999999999,31.3,15.7,26.8
"BOOI4","2023-07-24 19:00",85.2079999999999,62.59,952200,0,4.893,119.2,0.0111811023622047,"98.491999999999933",68.09,65.9659999999999,63.0319999999999,31.3,15.7,26.9
"BOOI4","2023-07-24 20:00",82.0039999999999,68.8,461880,0,3.038,113.7,0.00480314960629921,"95.089999999999961",68.18,65.9839999999999,63.0319999999999,31.3,15.7,26.9
"BOOI4","2023-07-24 21:00",77.99,75.21,65556,0,2.65,118,0.000511811023622047,"92.029999999999973",68.2699999999999,66.0019999999999,63.0319999999999,31.3,15.7,26.9
"BOOI4","2023-07-24 22:00",73.9579999999999,85.3,21.6,0,2.039,105.2,0,"89.20399999999988",68.396,66.056,63.014,31.3,15.7,26.2
"BOOI4","2023-07-24 23:00",73.0579999999999,87.5,0,0,0.923,98,-0.000708661417322835,"87.151999999999916",68.4859999999999,66.038,63.0319999999999,31.3,15.8,26.1
"BOOI4","2023-07-25 00:00",71.5999999999999,90.2,0,0,1.661,108.8,-0.00047244094488189,"85.495999999999981",68.5399999999999,66.056,63.0319999999999,31.3,15.8,26.1
"BOOI4","2023-07-25 01:00",69.782,92,0,0,1.617,61.84,-0.00062992125984252,"83.767999999999915",68.63,66.056,63.0499999999999,31.3,15.7,26
"BOOI4","2023-07-25 02:00",69.8359999999999,90.5,0,0,1.821,73.74,-0.000590551181102362,"82.597999999999956",68.6659999999999,66.056,63.0499999999999,31.3,15.7,26
"BOOI4","2023-07-25 03:00",69.872,91.5,0,0,2.809,94.7,-0.000393700787401575,"81.589999999999961",68.7019999999999,66.0919999999999,63.0319999999999,31.3,15.8,26
"BOOI4","2023-07-25 04:00",68.9179999999999,93.6,0,0,4.617,133.5,-0.000118110236220472,"80.617999999999924",68.7019999999999,66.0919999999999,63.0319999999999,31.3,15.8,26
"BOOI4","2023-07-25 05:00",68.18,95.2,0,0,3.769,141,-0.000354330708661417,"79.663999999999973",68.7019999999999,66.1099999999999,63.0319999999999,31.3,15.8,26
"BOOI4","2023-07-25 06:00",67.0099999999999,97.1,1767.6,0,3.459,148.9,-0.00047244094488189,"78.79999999999994",68.7019999999999,66.1099999999999,63.0319999999999,31.3,15.8,25.9
"BOOI4","2023-07-25 07:00",68.8999999999999,95.3,194940,0,3.816,145.1,-0.000275590551181102,"78.529999999999973",68.6839999999999,66.1279999999999,63.0319999999999,31.3,15.8,25.9
"BOOI4","2023-07-25 08:00",73.2739999999999,89.6,621360,0,3.323,125.3,0.0034251968503937,"79.249999999999929",68.648,66.146,63.0319999999999,31.3,15.8,25.8
"BOOI4","2023-07-25 09:00",75.6679999999999,86.5,1123560,0,4.169,131.8,0.00779527559055118,"81.229999999999976",68.63,66.146,63.0499999999999,31.3,15.8,25.8
"BOOI4","2023-07-25 10:00",81.4099999999999,77.56,1866600,0,3.637,129.6,0.0138976377952756,"84.883999999999929",68.6119999999999,66.1819999999999,63.0319999999999,31.3,15.8,25.9
"BOOI4","2023-07-25 11:00",83.0119999999999,78.39,2362320,0,3.871,129.8,0.0188582677165354,"89.365999999999943",68.5939999999999,66.1999999999999,63.0679999999999,31.2,15.7,25.9
"BOOI4","2023-07-25 12:00",84.1999999999999,75.37,2384640,0,6.861,144.5,0.0204330708661417,"92.839999999999961",68.5579999999999,66.2179999999999,63.0319999999999,31.1,15.7,25.8
"BOOI4","2023-07-25 13:00",84.488,74.44,2355120,0,8.84,137.5,0.021259842519685,"94.711999999999989",68.5399999999999,66.1999999999999,63.0319999999999,31,15.6,25.8
"BOOI4","2023-07-25 14:00",84.3259999999999,76.65,2120040,0,9.52,141.1,0.0200393700787402,"96.07999999999997",68.5039999999999,66.2179999999999,63.0499999999999,31,15.5,25.8
"BOOI4","2023-07-25 15:00",84.4159999999999,78.26,1639440,0,9.23,149.8,0.0162992125984252,"96.601999999999904",68.5399999999999,66.2359999999999,63.0499999999999,30.9,15.5,25.8
"BOOI4","2023-07-25 16:00",83.7679999999999,79.17,1366920,0,9.89,155.9,0.0142125984251968,"96.421999999999969",68.5759999999999,66.2359999999999,63.0499999999999,30.9,15.4,25.7
"BOOI4","2023-07-25 17:00",85.0279999999999,78.62,1275480,0,9.14,135.5,0.0132283464566929,"96.151999999999902",68.648,66.2359999999999,63.0499999999999,30.8,15.4,25.7
"BOOI4","2023-07-25 18:00",84.6679999999999,78.69,1308240,0,9.54,144.2,0.0133858267716536,"96.4939999999999",68.738,66.2539999999999,63.0679999999999,30.8,15.4,25.7
"BOOI4","2023-07-25 19:00",84.488,79.32,1018440,0,8.44,155.5,0.0108267716535433,"95.557999999999936",68.8099999999999,66.2359999999999,63.0499999999999,30.8,15.4,25.7
"BOOI4","2023-07-25 20:00",81.6079999999999,84.7,381960,0,4.885,153.1,0.00429133858267717,"93.127999999999901",68.9359999999999,66.2539999999999,63.0499999999999,30.8,15.4,25.6
"BOOI4","2023-07-25 21:00",78.422,91.8,109548,0,3.992,158.5,0.00047244094488189,"90.913999999999973",69.0079999999999,66.2539999999999,63.0319999999999,30.8,15.5,25.6
"BOOI4","2023-07-25 22:00",75.9739999999999,96,0,0,3.491,156.7,-0.000393700787401575,"88.717999999999918",69.1339999999999,66.272,63.0499999999999,30.8,15.4,25.6
"BOOI4","2023-07-25 23:00",74.4079999999999,96.4,0,0,5.073,160.1,-0.000354330708661417,"86.989999999999952",69.2239999999999,66.272,63.0499999999999,30.9,15.4,25.5
"BOOI4","2023-07-26 00:00",74.0119999999999,96.1,0,0,4.009,149.2,-0.00047244094488189,"85.657999999999944",69.296,66.3079999999999,63.0679999999999,30.8,15.4,25.5
"BOOI4","2023-07-26 01:00",73.1119999999999,97.8,0,0,3.794,117.5,-0.000511811023622047,"84.505999999999958",69.3859999999999,66.3259999999999,63.0859999999999,30.8,15.5,25.5
"BOOI4","2023-07-26 02:00",73.7599999999999,97.5,0,0,3.315,115,-0.00062992125984252,"83.911999999999892",69.422,66.3439999999999,63.0499999999999,30.8,15.5,25.5
"BOOI4","2023-07-26 03:00",73.598,96.5,0,0,4.712,147.7,-0.00047244094488189,"83.335999999999899",69.4759999999999,66.3259999999999,63.0679999999999,30.8,15.5,25.5
"BOOI4","2023-07-26 04:00",72.3919999999999,97.9,0,0,1.801,142.8,-0.000826771653543307,"82.615999999999943",69.4939999999999,66.38,63.0679999999999,30.8,15.5,25.5
"BOOI4","2023-07-26 05:00",71.4199999999999,98.4,0,0,1.983,92.1,-0.000826771653543307,"81.841999999999928",69.5119999999999,66.4159999999999,63.1039999999999,30.8,15.5,25.4
"BOOI4","2023-07-26 06:00",71.3839999999999,99.1,288,0,0.497,16.41,-0.00114173228346457,"81.175999999999917",69.53,66.4159999999999,63.0859999999999,30.8,15.6,25.4
"BOOI4","2023-07-26 07:00",70.6279999999999,99.9,57780,0,1.592,189.7,7.8740157480315e-05,"80.545999999999978",69.548,66.4519999999999,63.0679999999999,30.8,15.6,25.4
"BOOI4","2023-07-26 08:00",75.614,97.2,353520,0,0.789,249.3,0.00208661417322835,"81.013999999999967",69.548,66.4699999999999,63.0859999999999,30.8,15.6,25.4
"BOOI4","2023-07-26 09:00",82.3279999999999,84.3,1204920,0,2.853,297,0.0087007874015748,"83.893999999999906",69.548,66.506,63.0859999999999,30.8,15.6,25.4
"BOOI4","2023-07-26 10:00",82.364,82.5,1776240,0,4.178,341.6,0.0139370078740157,"86.359999999999914",69.53,66.506,63.1039999999999,30.8,15.5,25.4
"BOOI4","2023-07-26 11:00",84.0739999999999,77.42,2283840,0,5.131,10.42,0.0184645669291339,"89.905999999999963",69.4939999999999,66.5239999999999,63.1039999999999,30.7,15.5,25.4
"BOOI4","2023-07-26 12:00",83.93,79.01,2346840,0,5.516,17.98,0.0194094488188976,"92.71399999999997",69.4939999999999,66.5599999999999,63.0859999999999,30.6,15.4,25.3
"BOOI4","2023-07-26 13:00",87.2419999999999,76.93,2970000,0,2.396,20.7,0.0238188976377953,"98.077999999999889",69.4759999999999,66.596,63.1039999999999,30.5,15.3,25.3
"BOOI4","2023-07-26 14:00",87.4579999999999,75.85,3027600,0,2.997,351.6,0.0251574803149606,"M",69.4939999999999,66.596,63.1039999999999,30.5,15.2,25.3
"BOOI4","2023-07-26 15:00",88.4839999999999,74.23,3006000,0,3.297,18.05,0.0251181102362205,"M",69.53,66.596,63.0859999999999,30.3,15.2,25.2
"BOOI4","2023-07-26 16:00",90.9679999999999,65.9,2639520,0,3.11,354,0.0227165354330709,"M",69.548,66.6319999999999,63.122,30.3,15.1,25.2
"BOOI4","2023-07-26 17:00",90.014,70.82,2192400,0,2.986,9.08,0.0193307086614173,"M",69.638,66.6319999999999,63.1039999999999,30.2,15,25.2
"BOOI4","2023-07-26 18:00",90.014,70.79,1622520,0,3.263,43.49,0.0147244094488189,"M",69.7279999999999,66.6499999999999,63.122,30.2,15,25.1
"BOOI4","2023-07-26 19:00",88.9159999999999,73.74,954000,0,2.288,60.85,0.00862204724409449,"M",69.8179999999999,66.6499999999999,63.14,30.2,15,25.1
"BOOI4","2023-07-26 20:00",87.08,79.05,469800,0,0.27,63.29,0.00267716535433071,"M",69.9619999999999,66.6859999999999,63.122,30.2,15,25.1
"BOOI4","2023-07-26 21:00",81.338,91.8,65124,0,0.17,201.9,-0.00106299212598425,"96.745999999999981",70.088,66.7039999999999,63.14,30.2,15,25.1
"BOOI4","2023-07-26 22:00",79.0159999999999,94,0,0,0,0,-0.00102362204724409,"93.811999999999998",70.196,66.722,63.122,30.2,15,25
"BOOI4","2023-07-26 23:00",74.588,97,0,0,0.268,198.6,-0.000984251968503937,"91.363999999999962",70.3039999999999,66.74,63.14,30.1,15,25.1
"BOOI4","2023-07-27 00:00",73.832,99.6,0,0,0.014,251.5,-0.00110236220472441,"89.383999999999929",70.3759999999999,66.74,63.14,30.1,15.1,25
"BOOI4","2023-07-27 01:00",73.4179999999999,100,0,0,0.017,240.3,-0.00110236220472441,"87.96199999999989",70.4839999999999,66.7939999999999,63.1579999999999,30.1,15.1,25
"BOOI4","2023-07-27 02:00",73.238,100,0,0,0.06,205.5,-0.00110236220472441,"86.773999999999944",70.538,66.83,63.1579999999999,30.1,15.1,25
"BOOI4","2023-07-27 03:00",71.906,100,0,0,0.039,207.8,-0.00114173228346457,"85.657999999999944",70.5919999999999,66.83,63.1759999999999,30.1,15.1,25
"BOOI4","2023-07-27 04:00",72.1579999999999,100,0,0,0.116,197.7,-0.00114173228346457,"84.757999999999939",70.5919999999999,66.8839999999999,63.1579999999999,30.1,15.1,25
"BOOI4","2023-07-27 05:00",73.5439999999999,100,0,0,0.853,173.8,-0.000984251968503937,"84.019999999999897",70.6099999999999,66.9199999999999,63.1579999999999,30.1,15.1,24.9
"BOOI4","2023-07-27 06:00",70.9699999999999,100,5878.8,0,2.44,161.5,-0.000748031496062992,"83.209999999999908",70.6279999999999,66.938,63.1759999999999,30.1,15.2,24.9
"BOOI4","2023-07-27 07:00",71.906,100,154224,0,0.146,187.7,-0.000748031496062992,"82.885999999999896",70.6279999999999,66.9919999999999,63.1759999999999,30.2,15.2,24.9
"BOOI4","2023-07-27 08:00",74.48,100,199080,0,1.727,228.8,0.00141732283464567,"82.867999999999924",70.6099999999999,66.9919999999999,63.1759999999999,30.2,15.2,24.9
"BOOI4","2023-07-27 09:00",76.2259999999999,100,515160,0,0.296,94.1,0.00377952755905512,"83.551999999999907",70.5919999999999,67.0279999999999,63.1939999999999,30.2,15.2,24.8
"BOOI4","2023-07-27 10:00",77.7019999999999,100,565920,0,3.773,100.4,0.00405511811023622,"84.199999999999932",70.5919999999999,67.082,63.2119999999999,30.2,15.3,24.8
"BOOI4","2023-07-27 11:00",83.3179999999999,90.1,1956240,0,8.44,146.4,0.0132283464566929,"87.511999999999887",70.538,67.064,63.2119999999999,30.1,15.2,24.8
"BOOI4","2023-07-27 12:00",85.2439999999999,86.8,1848240,0,11.62,168.3,0.0155118110236221,"90.373999999999953",70.5199999999999,67.1179999999999,63.2119999999999,30,15.2,24.8
"BOOI4","2023-07-27 13:00",71.0779999999999,95.2,147888,0.3,6.349,247.6,0.00291338582677165,"88.177999999999898",70.4839999999999,67.1179999999999,63.2119999999999,30,15.2,24.7
"BOOI4","2023-07-27 14:00",73.796,92.8,92664,0.17,4.024,0.404,0.00125984251968504,"84.991999999999933",70.5019999999999,67.1539999999999,63.23,29.8,15.2,24.8
"BOOI4","2023-07-27 15:00",80.6359999999999,86.2,1108440,0.01,2.201,75.59,0.00893700787401575,"85.621999999999971",70.5019999999999,67.19,63.23,29.8,15.2,24.8
"BOOI4","2023-07-27 16:00",81.374,83,829800,0,1.242,185.1,0.00716535433070866,"87.061999999999884",70.5019999999999,67.172,63.248,29.8,15.2,24.8
"BOOI4","2023-07-27 17:00",80.3119999999999,90.2,501840,0,3.73,68.21,0.00484251968503937,"86.863999999999962",70.5739999999999,67.19,63.23,29.8,15.2,24.8
"BOOI4","2023-07-27 18:00",79.7899999999999,86.4,320400,0,8.46,151,0.00484251968503937,"85.927999999999898",70.5919999999999,67.2259999999999,63.23,29.9,15.3,24.8
"BOOI4","2023-07-27 19:00",83.8579999999999,86.5,731520,0,11.03,163.8,0.00740157480314961,"86.305999999999969",70.6099999999999,67.2619999999999,63.2659999999999,30,15.3,24.8
"BOOI4","2023-07-27 20:00",82.1659999999999,91,412920,0,7.333,181.8,0.00397637795275591,"85.693999999999903",70.6099999999999,67.2619999999999,63.2659999999999,30,15.3,24.8
"BOOI4","2023-07-27 21:00",79.43,94.9,56412,0,3.855,185.4,-0.00047244094488189,"84.739999999999952",70.6279999999999,67.28,63.2839999999999,30,15.3,24.7
"BOOI4","2023-07-27 22:00",75.7039999999999,96.8,0,0,1.154,177.4,-0.000433070866141732,"83.281999999999954",70.664,67.298,63.2659999999999,30.1,15.3,24.7
"BOOI4","2023-07-27 23:00",74.714,95.7,0,0,0.842,219.1,-0.000590551181102362,"82.16599999999994",70.6819999999999,67.3159999999999,63.2839999999999,30.1,15.3,24.7
"BOOI4","2023-07-28 00:00",74.0659999999999,96.2,0,0,0.267,219.1,-0.000708661417322835,"81.247999999999962",70.7179999999999,67.3339999999999,63.2839999999999,30.2,15.3,24.7
"BOOI4","2023-07-28 01:00",73.3999999999999,97.2,0,0,0.476,130.2,-0.000669291338582677,"80.527999999999892",70.7539999999999,67.3519999999999,63.3019999999999,30.2,15.3,24.7
"BOOI4","2023-07-28 02:00",71.7079999999999,98.5,0,0,1.833,167.8,-0.00047244094488189,"79.753999999999891",70.772,67.3519999999999,63.3019999999999,30.3,15.3,24.8
"BOOI4","2023-07-28 03:00",72.4099999999999,98.2,0,0,2.12,172.1,-0.00047244094488189,"79.231999999999957",70.772,67.388,63.3019999999999,30.3,15.3,24.7
"BOOI4","2023-07-28 04:00",71.24,99.6,0,0,1.781,166.5,-0.000551181102362205,"78.601999999999904",70.772,67.388,63.3199999999999,30.4,15.4,24.7
"BOOI4","2023-07-28 05:00",72.248,99.5,0,0,1.442,200,-0.000590551181102362,"78.20599999999996",70.772,67.406,63.3199999999999,30.4,15.4,24.7
"BOOI4","2023-07-28 06:00",70.9159999999999,100,511.2,0,2.995,35.93,-0.00047244094488189,"77.773999999999944",70.7359999999999,67.4419999999999,63.3019999999999,30.5,15.4,24.7
"BOOI4","2023-07-28 07:00",72.374,100,67932,0,1.831,131.3,-0.00015748031496063,"77.575999999999922",70.7359999999999,67.4419999999999,63.338,30.5,15.4,24.7
"BOOI4","2023-07-28 08:00",76.172,95.6,611280,0,3.811,133.8,0.00318897637795276,"78.835999999999899",70.6999999999999,67.4599999999999,63.338,30.5,15.4,24.7
"BOOI4","2023-07-28 09:00",80.1499999999999,90.4,1229400,0,5.637,142.4,0.00838582677165354,"81.46399999999997",70.664,67.4599999999999,63.356,30.5,15.4,24.7
"BOOI4","2023-07-28 10:00",82.6699999999999,85.1,1844280,0,7.843,161.5,0.0138976377952756,"84.505999999999958",70.6279999999999,67.496,63.356,30.5,15.4,24.6
"BOOI4","2023-07-28 11:00",84.74,81,2376360,0,6.492,171.8,0.0190551181102362,"87.925999999999917",70.5739999999999,67.4779999999999,63.374,30.5,15.3,24.6
"BOOI4","2023-07-28 12:00",87.296,77.58,2323800,0,5.3,182.9,0.0193700787401575,"90.859999999999914",70.5739999999999,67.532,63.356,30.4,15.3,24.6
"BOOI4","2023-07-28 13:00",89.5099999999999,75.89,3049200,0,4.316,190.9,0.0255905511811024,"94.459999999999908",70.538,67.514,63.3919999999999,30.3,15.2,24.6
"BOOI4","2023-07-28 14:00",90.446,74.15,2682000,0,3.918,178.5,0.0233858267716535,"97.321999999999974",70.5199999999999,67.532,63.3919999999999,30.3,15.1,24.6
"BOOI4","2023-07-28 15:00",93.164,72.5,2959200,0,2.922,192.9,0.0255511811023622,"M",70.538,67.532,63.4099999999999,30.3,15,24.6
"BOOI4","2023-07-28 16:00",94.1539999999999,72.06,2418840,0,2.303,235.4,0.0214566929133858,"M",70.6099999999999,67.5679999999999,63.4099999999999,30.2,15,24.6
"BOOI4","2023-07-28 17:00",95.5759999999999,71.8,2170800,0,1.824,281.4,0.0190551181102362,"M",70.6999999999999,67.5499999999999,63.4099999999999,30.1,15,24.5
"BOOI4","2023-07-28 18:00",93.506,73.43,1434240,0,1.996,318.2,0.0129133858267717,"M",70.772,67.5499999999999,63.4099999999999,30.1,14.9,24.5
"BOOI4","2023-07-28 19:00",90.122,81.8,772200,0,2.499,331.2,0.00736220472440945,"M",70.88,67.5679999999999,63.4279999999999,30.1,14.9,24.5
"BOOI4","2023-07-28 20:00",86.4499999999999,86.9,164700,0,2.531,313.1,0.00224409448818898,"95.431999999999945",71.0239999999999,67.5679999999999,63.446,30.2,14.9,24.5
"BOOI4","2023-07-28 21:00",78.44,75.39,87228,0,6.71,9.5,0.00334645669291339,"91.039999999999949",71.1679999999999,67.5859999999999,63.464,30.2,14.9,24.5
"BOOI4","2023-07-28 22:00",76.8019999999999,75.44,0,0,6.283,0.217,0.00161417322834646,"88.177999999999898",71.2579999999999,67.5859999999999,63.464,30.2,15,24.5
"BOOI4","2023-07-28 23:00",73.6339999999999,85.9,0,0,5.126,22.92,0.00078740157480315,"85.405999999999963",71.3839999999999,67.6039999999999,63.464,30.3,15,24.5
"BOOI4","2023-07-29 00:00",71.1679999999999,94.7,0,0,0.527,338.9,-0.000708661417322835,"83.58799999999998",71.4739999999999,67.622,63.4819999999999,30.3,15,24.4
"BOOI4","2023-07-29 01:00",71.096,94.7,0,0,0.541,332.7,-0.000748031496062992,"82.471999999999966",71.582,67.6579999999999,63.464,30.3,15,24.4
"BOOI4","2023-07-29 02:00",71.546,93.5,0,0,0.71,344.7,-0.000708661417322835,"81.535999999999902",71.6179999999999,67.6939999999999,63.464,30.3,15,24.4
"BOOI4","2023-07-29 03:00",71.672,96.1,0,0,5.051,359.3,-0.000118110236220472,"80.653999999999883",71.6539999999999,67.7119999999999,63.4819999999999,30.3,15,24.4
"BOOI4","2023-07-29 04:00",69.2599999999999,96.7,0,0,4.967,358.8,-0.000196850393700787,"79.537999999999982",71.6179999999999,67.73,63.4999999999999,30.3,15,24.4
"BOOI4","2023-07-29 05:00",66.8119999999999,97.5,0,0,3.912,357.8,-0.000354330708661417,"78.295999999999978",71.6179999999999,67.7659999999999,63.5179999999999,30.3,15,24.4
"BOOI4","2023-07-29 06:00",66.1999999999999,97.8,1018.8,0,5.648,3.619,-0.000275590551181102,"77.179999999999978",71.5999999999999,67.7839999999999,63.4999999999999,30.3,15.1,24.4
"BOOI4","2023-07-29 07:00",67.3519999999999,97.6,156672,0,5.798,8.49,-0.000551181102362205,"76.387999999999977",71.546,67.8019999999999,63.5179999999999,30.3,15.1,24.4
"BOOI4","2023-07-29 08:00",69.4039999999999,95.4,562680,0,6.168,8.2,0.00275590551181102,"76.531999999999954",71.5099999999999,67.838,63.5179999999999,30.3,15.1,24.4
"BOOI4","2023-07-29 09:00",72.6439999999999,88.4,1231560,0,8.01,9.03,0.00771653543307087,"77.737999999999985",71.4019999999999,67.856,63.5359999999999,30.3,15.1,24.4
"BOOI4","2023-07-29 10:00",76.1539999999999,82.7,1635480,0,6.055,3.813,0.0117322834645669,"79.609999999999914",71.3659999999999,67.8919999999999,63.5179999999999,30.3,15.1,24.4
"BOOI4","2023-07-29 11:00",78.9259999999999,75,2049840,0,5.781,3.425,0.0161811023622047,"82.183999999999926",71.2759999999999,67.9099999999999,63.5359999999999,30.2,15.1,24.3
"BOOI4","2023-07-29 12:00",78.872,66.57,1837800,0,6.711,12.14,0.0168503937007874,"83.407999999999944",71.1859999999999,67.946,63.572,30.2,15,24.3
"BOOI4","2023-07-29 13:00",80.564,64.23,2280600,0,6.366,13.18,0.020236220472441,"84.883999999999929",71.114,67.9279999999999,63.572,30.2,14.9,24.3
"BOOI4","2023-07-29 14:00",81.698,62.24,2923200,0,5.992,17.59,0.0249212598425197,"87.601999999999904",71.0419999999999,67.946,63.5539999999999,30.1,14.9,24.3
"BOOI4","2023-07-29 15:00",81.914,65.88,2457720,0,5.981,21.33,0.022244094488189,"89.887999999999877",71.006,67.964,63.572,30,14.8,24.3
"BOOI4","2023-07-29 16:00",82.94,61.67,2495880,0,6.117,25.11,0.0225590551181102,"91.813999999999965",70.9339999999999,67.964,63.6079999999999,30,14.8,24.2
"BOOI4","2023-07-29 17:00",82.9039999999999,59.15,2322720,0,6.55,19.71,0.0216535433070866,"92.911999999999992",70.9519999999999,67.9999999999999,63.572,29.9,14.7,24.2
"BOOI4","2023-07-29 18:00",83.048,55.79,1410480,0,6.162,17.1,0.0156299212598425,"93.037999999999883",70.9339999999999,67.982,63.6079999999999,29.9,14.7,24.2
"BOOI4","2023-07-29 19:00",81.9319999999999,61.82,680400,0,4.539,20.57,0.00921259842519685,"91.093999999999909",70.9519999999999,67.982,63.6079999999999,29.9,14.7,24.2
"BOOI4","2023-07-29 20:00",78.8179999999999,72.02,486360,0,3.055,11.39,0.00440944881889764,"88.50199999999991",70.898,67.964,63.6079999999999,29.9,14.7,24.2
"BOOI4","2023-07-29 21:00",74.4619999999999,76.68,68508,0,1.174,1.524,-0.000905511811023622,"85.909999999999911",70.9699999999999,67.982,63.6259999999999,29.9,14.7,24.2
"BOOI4","2023-07-29 22:00",71.582,83.8,0,0,1.395,347.9,-3.93700787401575e-05,"83.695999999999984",70.9699999999999,67.982,63.6439999999999,29.9,14.7,24.2
"BOOI4","2023-07-29 23:00",69.9439999999999,86.5,0,0,1.543,340.4,-0.000118110236220472,"81.985999999999905",70.9699999999999,67.964,63.6439999999999,29.9,14.7,24.2
"BOOI4","2023-07-30 00:00",68.414,89.4,0,0,2.745,2.243,3.93700787401575e-05,"80.45599999999996",70.988,67.982,63.6439999999999,29.9,14.7,24.2
"BOOI4","2023-07-30 01:00",67.1359999999999,91,0,0,3.493,8.46,7.8740157480315e-05,"79.141999999999925",70.9519999999999,67.982,63.68,29.9,14.8,24.2
"BOOI4","2023-07-30 02:00",63.914,95.6,0,0,0.75,336.9,-0.000551181102362205,"77.755999999999958",70.9339999999999,67.982,63.68,29.9,14.8,24.2
"BOOI4","2023-07-30 03:00",64.148,95,0,0,1.348,334.6,-0.00047244094488189,"76.729999999999976",70.88,67.982,63.68,29.9,14.8,24.2
"BOOI4","2023-07-30 04:00",63.788,94,0,0,2.294,340.5,-0.000275590551181102,"75.775999999999925",70.8619999999999,67.982,63.698,29.9,14.8,24.1
"BOOI4","2023-07-30 05:00",64.0399999999999,92.9,0,0,2.904,0.253,-0.00015748031496063,"75.019999999999897",70.8259999999999,67.982,63.68,29.9,14.9,24.1
"BOOI4","2023-07-30 06:00",63.122,94.9,648,0,2.654,7.076,-0.000236220472440945,"74.317999999999913",70.6999999999999,67.9999999999999,63.698,29.9,14.9,24.1
"BOOI4","2023-07-30 07:00",63.914,93.3,143424,0,2.88,355.2,-0.000669291338582677,"73.9939999999999",70.664,67.9999999999999,63.7159999999999,29.9,14.9,24.1
"BOOI4","2023-07-30 08:00",67.406,89.1,528840,0,2.464,350.8,0.00271653543307087,"74.29999999999994",70.538,67.9999999999999,63.698,29.9,14.9,24.1
"BOOI4","2023-07-30 09:00",72.338,83.6,1271160,0,2.527,25.77,0.00803149606299213,"76.153999999999883",70.4839999999999,67.982,63.7339999999999,29.8,14.9,24.1
"BOOI4","2023-07-30 10:00",74.048,75.87,1443240,0,3.543,113.3,0.0106299212598425,"78.745999999999981",70.34,67.9999999999999,63.7339999999999,29.8,14.8,24.1
"BOOI4","2023-07-30 11:00",77.6839999999999,70.75,2449080,0,3.339,159.2,0.0183070866141732,"83.209999999999908",70.2499999999999,67.964,63.7339999999999,29.8,14.8,24.1
"BOOI4","2023-07-30 12:00",80.3119999999999,64.49,2869560,0,1.84,180.5,0.0218110236220472,"88.231999999999957",70.1419999999999,67.964,63.7519999999999,29.7,14.7,24.1
"BOOI4","2023-07-30 13:00",79.7899999999999,60.98,3124800,0,1.749,333.2,0.0243307086614173,"91.201999999999913",70.0699999999999,67.964,63.7339999999999,29.6,14.6,24
"BOOI4","2023-07-30 14:00",83.048,61.21,3189600,0,2.472,23.71,0.0252755905511811,"95.197999999999965",69.98,67.964,63.7519999999999,29.6,14.5,24
"BOOI4","2023-07-30 15:00",82.7779999999999,60.03,3042000,0,2.992,42.5,0.0247244094488189,"97.50199999999991",69.9619999999999,67.946,63.7699999999999,29.5,14.4,24
"BOOI4","2023-07-30 16:00",83.4439999999999,58.19,2704680,0,1.911,24.74,0.0217716535433071,"M",69.9079999999999,67.9279999999999,63.806,29.4,14.3,24
"BOOI4","2023-07-30 17:00",83.93,56.62,1956240,0,1.604,4.257,0.0159842519685039,"M",69.9619999999999,67.874,63.7699999999999,29.4,14.3,24
"BOOI4","2023-07-30 18:00",81.6259999999999,62.58,955440,0,3.438,136.1,0.0100393700787402,"98.023999999999944",69.9619999999999,67.874,63.806,29.4,14.3,24
"BOOI4","2023-07-30 19:00",81.7159999999999,61.3,880920,0,3.06,120.1,0.00858267716535433,"95.593999999999909",69.998,67.874,63.806,29.3,14.3,24
"BOOI4","2023-07-30 20:00",79.0339999999999,70.45,428040,0,1.269,159.1,0.00263779527559055,"92.569999999999894",70.0519999999999,67.856,63.806,29.3,14.3,24
"BOOI4","2023-07-30 21:00",73.148,83.8,63432,0,0,0,-0.00181102362204724,"89.581999999999951",70.088,67.8199999999999,63.788,29.3,14.3,23.9
"BOOI4","2023-07-30 22:00",71.33,86.9,0,0,0.037,38.07,-0.00114173228346457,"87.151999999999916",70.1419999999999,67.8199999999999,63.806,29.3,14.3,23.9
"BOOI4","2023-07-30 23:00",70.6999999999999,87.3,0,0,0,0,-0.00118110236220473,"85.297999999999959",70.1599999999999,67.8019999999999,63.8419999999999,29.4,14.3,23.9
"BOOI4","2023-07-31 00:00",68.8819999999999,91.8,0,0,0.323,32.09,-0.000984251968503937,"83.695999999999984",70.196,67.8019999999999,63.806,29.4,14.3,23.9
"BOOI4","2023-07-31 01:00",67.046,93.2,0,0,0.9,10.31,-0.000826771653543307,"82.219999999999899",70.196,67.7659999999999,63.8419999999999,29.4,14.4,23.9
"BOOI4","2023-07-31 02:00",65.6419999999999,96,0,0,0.71,12.22,-0.000905511811023622,"80.887999999999977",70.196,67.7839999999999,63.8419999999999,29.3,14.4,23.9
"BOOI4","2023-07-31 03:00",65.1199999999999,97,0,0,0,0,-0.00114173228346457,"79.699999999999932",70.214,67.7659999999999,63.8419999999999,29.3,14.4,23.9
"BOOI4","2023-07-31 04:00",63.698,95,0,0,0.047,49.57,-0.00114173228346457,"78.655999999999963",70.1599999999999,67.7659999999999,63.8419999999999,29.3,14.4,23.9
"BOOI4","2023-07-31 05:00",63.356,95.8,0,0,0.343,46.18,-0.00102362204724409,"77.66599999999994",70.1419999999999,67.7659999999999,63.8599999999999,29.3,14.4,23.8
"BOOI4","2023-07-31 06:00",63.9499999999999,93.5,1958.4,0,3.036,26.75,-0.000393700787401575,"76.999999999999929",70.0519999999999,67.8019999999999,63.8779999999999,29.3,14.5,23.8
"BOOI4","2023-07-31 07:00",62.8339999999999,97,63684,0,3.492,43.67,-7.8740157480315e-05,"76.279999999999973",70.0519999999999,67.748,63.8779999999999,29.3,14.5,23.8
"BOOI4","2023-07-31 08:00",64.7779999999999,94.9,245268,0,2.722,21.43,0.0015748031496063,"76.099999999999937",69.9259999999999,67.7659999999999,63.8419999999999,29.2,14.5,23.8
"BOOI4","2023-07-31 09:00",66.2359999999999,95.9,393840,0,2.931,53.58,0.00283464566929134,"76.459999999999908",69.89,67.7659999999999,63.8779999999999,29.2,14.5,23.8
"BOOI4","2023-07-31 10:00",69.782,91.9,732960,0,3.12,67.27,0.00507874015748032,"77.395999999999987",69.764,67.748,63.8779999999999,29.2,14.5,23.8
"BOOI4","2023-07-31 11:00",74.84,79.36,1620360,0,4.678,108.9,0.0119685039370079,"80.131999999999948",69.6919999999999,67.7659999999999,63.8779999999999,29.2,14.5,23.8
"BOOI4","2023-07-31 12:00",77.3599999999999,72.47,2385360,0,5.744,144.9,0.0182677165354331,"83.929999999999978",69.6019999999999,67.73,63.896,29.1,14.4,23.8
"BOOI4","2023-07-31 13:00",80.582,69.03,2880000,0,7.033,131,0.0232283464566929,"87.619999999999891",69.5119999999999,67.7119999999999,63.914,29.1,14.2,23.8
"BOOI4","2023-07-31 14:00",81.5539999999999,64.48,3225600,0,8.28,126.8,0.0272834645669291,"91.489999999999952",69.4579999999999,67.73,63.914,29,14.2,23.8
"BOOI4","2023-07-31 15:00",82.6159999999999,65.16,2973600,0,6.797,118.5,0.0258661417322835,"94.54999999999994",69.4039999999999,67.6939999999999,63.896,28.9,14,23.8
"BOOI4","2023-07-31 16:00",82.7599999999999,58.86,2693520,0,7.735,141.3,0.0248818897637795,"96.637999999999877",69.3859999999999,67.6939999999999,63.914,28.9,14,23.8
"BOOI4","2023-07-31 17:00",82.9579999999999,62.71,2223720,0,7.044,130,0.0211811023622047,"97.285999999999902",69.3859999999999,67.6759999999999,63.914,28.9,13.9,23.8
"BOOI4","2023-07-31 18:00",82.238,64.55,1646280,0,6.682,118.2,0.0164173228346457,"96.853999999999886",69.4039999999999,67.6579999999999,63.914,28.8,13.8,23.7
"BOOI4","2023-07-31 19:00",80.9419999999999,66.54,948960,0,6.461,130.2,0.0109842519685039,"94.891999999999925",69.422,67.64,63.932,28.8,13.8,23.7
"BOOI4","2023-07-31 20:00",77.9179999999999,74.03,446760,0,5.081,136.5,0.00523622047244095,"92.137999999999877",69.4939999999999,67.622,63.932,28.8,13.8,23.7
"BOOI4","2023-07-31 21:00",74.3359999999999,81.2,51696,0,2.377,146.8,0.000196850393700787,"89.45599999999996",69.5659999999999,67.622,63.932,28.8,13.8,23.7
"BOOI4","2023-07-31 22:00",72.248,84.6,0,0,2.676,152.7,-0.00015748031496063,"87.277999999999892",69.6199999999999,67.5859999999999,63.932,28.8,13.8,23.7
"BOOI4","2023-07-31 23:00",71.996,83.1,0,0,1.777,142.4,-0.000511811023622047,"85.567999999999913",69.6199999999999,67.5499999999999,63.932,28.8,13.9,23.7
"BOOI4","2023-08-01 00:00",68.5399999999999,91.5,0,0,1.341,141.2,-0.00078740157480315,"83.947999999999965",69.6919999999999,67.5679999999999,63.932,28.8,13.9,23.7
"BOOI4","2023-08-01 01:00",68.18,93,0,0,0,0,-0.00145669291338583,"82.615999999999943",69.7099999999999,67.5499999999999,63.9499999999999,28.8,13.9,23.7
"BOOI4","2023-08-01 02:00",66.8839999999999,92.9,0,0,0.122,114.6,-0.00141732283464567,"81.499999999999929",69.7279999999999,67.5499999999999,63.932,28.8,14,23.7
"BOOI4","2023-08-01 03:00",65.6419999999999,96.3,0,0,0.106,74.21,-0.00141732283464567,"80.347999999999956",69.746,67.5499999999999,63.932,28.8,14,23.6
"BOOI4","2023-08-01 04:00",65.48,97.2,0,0,0.028,79.27,-0.00141732283464567,"79.483999999999924",69.7099999999999,67.5499999999999,63.932,28.8,14,23.6
"BOOI4","2023-08-01 05:00",63.8599999999999,98.9,0,0,0.033,67.01,-0.00141732283464567,"78.547999999999959",69.7099999999999,67.532,63.932,28.8,14,23.6
"BOOI4","2023-08-01 06:00",64.3819999999999,99.7,543.6,0,0.009,41.55,-0.00141732283464567,"77.827999999999903",69.6739999999999,67.514,63.932,28.8,14.1,23.6
"BOOI4","2023-08-01 07:00",64.13,100,66780,0,0.074,45.16,-0.000551181102362205,"77.161999999999892",69.6019999999999,67.5499999999999,63.9499999999999,28.7,14.1,23.6
"BOOI4","2023-08-01 08:00",70.772,95.3,625320,0,1.689,106.3,0.00271653543307087,"77.899999999999935",69.5839999999999,67.532,63.9499999999999,28.7,14.1,23.6
"BOOI4","2023-08-01 09:00",73.94,90.2,1263600,0,5.715,122.7,0.00767716535433071,"79.843999999999909",69.5119999999999,67.532,63.9499999999999,28.7,14.1,23.6
"BOOI4","2023-08-01 10:00",76.082,83.7,1784880,0,8.01,136.6,0.0125984251968504,"82.507999999999939",69.4759999999999,67.514,63.9499999999999,28.7,14,23.6
"BOOI4","2023-08-01 11:00",78.4039999999999,79.62,2417040,0,7.071,138.3,0.0177952755905512,"85.855999999999966",69.3859999999999,67.514,63.9679999999999,28.6,13.8,23.5
"BOOI4","2023-08-01 12:00",79.1779999999999,80.1,2418120,0,6.967,149.9,0.0189370078740158,"88.987999999999985",69.3499999999999,67.514,63.932,28.5,13.8,23.5
"BOOI4","2023-08-01 13:00",82.364,73.97,2796840,0,6.854,138.5,0.0225590551181102,"92.101999999999904",69.2779999999999,67.514,63.9499999999999,28.5,13.6,23.5
"BOOI4","2023-08-01 14:00",83.6419999999999,71.32,2718720,0,6.257,131.6,0.0231496062992126,"95.035999999999902",69.2599999999999,67.4779999999999,63.9679999999999,28.4,13.5,23.5
"BOOI4","2023-08-01 15:00",84.3619999999999,69.19,2594160,0,7.438,128.5,0.0231496062992126,"96.763999999999967",69.2419999999999,67.4599999999999,63.9499999999999,28.4,13.5,23.5
"BOOI4","2023-08-01 16:00",84.3619999999999,70,1878120,0,7.841,126.2,0.0184645669291339,"97.411999999999992",69.2599999999999,67.4779999999999,63.9499999999999,28.4,13.3,23.5
"BOOI4","2023-08-01 17:00",81.6439999999999,77.01,747000,0,6.058,123.9,0.00948818897637795,"95.95399999999988",69.314,67.4419999999999,63.9499999999999,28.4,13.3,23.5
"BOOI4","2023-08-01 18:00",81.032,80.7,557280,0,4.187,122.5,0.0065748031496063,"94.495999999999981",69.3859999999999,67.4419999999999,63.9499999999999,28.3,13.3,23.5
"BOOI4","2023-08-01 19:00",78.9439999999999,85.3,229104,0,6.059,136.7,0.00429133858267717,"92.58799999999988",69.44,67.4419999999999,63.9499999999999,28.4,13.3,23.5
"BOOI4","2023-08-01 20:00",77.3599999999999,86.8,98604,0,6.492,141.9,0.00307086614173228,"90.733999999999924",69.53,67.4419999999999,63.9679999999999,28.4,13.3,23.5
"BOOI4","2023-08-01 21:00",76.28,90.1,7308,0,4.371,120.1,0.00078740157480315,"89.059999999999917",69.6199999999999,67.4239999999999,63.9679999999999,28.3,13.4,23.5
"BOOI4","2023-08-01 22:00",75.7039999999999,89.6,0,0,5.103,115.3,0.00078740157480315,"87.853999999999886",69.7099999999999,67.4239999999999,63.9679999999999,28.4,13.4,23.5
"BOOI4","2023-08-01 23:00",74.84,91.5,0,0,5.475,127.2,0.000669291338582677,"86.629999999999981",69.782,67.406,63.9679999999999,28.3,13.4,23.5
"BOOI4","2023-08-02 00:00",73.9039999999999,92.9,0,0,5.498,150.5,0.000511811023622047,"85.54999999999994",69.8359999999999,67.406,63.9859999999999,28.3,13.4,23.5
"BOOI4","2023-08-02 01:00",73.5259999999999,92.6,0,0,4.464,137.6,0.00047244094488189,"84.667999999999921",69.89,67.406,63.9859999999999,28.3,13.5,23.5
"BOOI4","2023-08-02 02:00",71.8699999999999,95.6,0,0,0.447,105.1,0,"83.749999999999929",69.9259999999999,67.406,63.9499999999999,28.3,13.5,23.4
"BOOI4","2023-08-02 03:00",71.1499999999999,95.3,0,0,0.542,101.6,-3.93700787401575e-05,"82.957999999999942",69.9439999999999,67.4239999999999,63.9679999999999,28.3,13.5,23.4
"BOOI4","2023-08-02 04:00",71.0599999999999,94.3,0,0,5.01,139.4,0.000354330708661417,"82.291999999999931",69.98,67.4239999999999,63.9679999999999,28.3,13.5,23.4
"BOOI4","2023-08-02 05:00",69.6739999999999,96.7,0,0,5.026,130.2,0.000236220472440945,"81.46399999999997",69.9619999999999,67.4239999999999,63.9679999999999,28.3,13.6,23.4
"BOOI4","2023-08-02 06:00",69.1519999999999,98,975.6,0,4.209,124.1,0.000118110236220472,"80.779999999999973",69.98,67.4599999999999,63.9859999999999,28.4,13.5,23.4
"BOOI4","2023-08-02 07:00",68.99,99,55440,0,4.806,120.4,-0.00015748031496063,"80.239999999999952",69.9619999999999,67.4599999999999,63.9679999999999,28.3,13.5,23.4
"BOOI4","2023-08-02 08:00",69.53,99.5,111996,0,6.301,149.8,0.00078740157480315,"79.951999999999913",69.9439999999999,67.4779999999999,63.9859999999999,28.4,13.6,23.4
"BOOI4","2023-08-02 09:00",70.0339999999999,99.6,203292,0,4.394,155.3,0.00137795275590551,"79.789999999999949",69.9259999999999,67.4779999999999,63.9859999999999,28.4,13.6,23.4
"BOOI4","2023-08-02 10:00",70.8079999999999,98.3,200232,0,0.042,32.01,0.00153543307086614,"79.951999999999913",69.9079999999999,67.496,63.9859999999999,28.4,13.6,23.4
"BOOI4","2023-08-02 11:00",71.24,97,287820,0,2.328,92.7,0.00220472440944882,"80.041999999999931",69.872,67.496,63.9859999999999,28.3,13.6,23.4
"BOOI4","2023-08-02 12:00",72.1759999999999,93.5,947520,0,7.384,119.7,0.00681102362204724,"80.779999999999973",69.872,67.496,63.9679999999999,28.3,13.6,23.3
"BOOI4","2023-08-02 13:00",72.338,94.5,813600,0,8.48,142.1,0.00614173228346457,"81.62599999999992",69.8179999999999,67.496,63.9679999999999,28.3,13.6,23.4
"BOOI4","2023-08-02 14:00",72.68,97,305280,0,3.388,181.9,0.00244094488188976,"81.75199999999991",69.782,67.4779999999999,63.9859999999999,28.3,13.6,23.4
"BOOI4","2023-08-02 15:00",75.398,91.4,861120,0,1.6,220.4,0.00673228346456693,"82.921999999999969",69.746,67.514,63.9499999999999,28.2,13.6,23.4
"BOOI4","2023-08-02 16:00",78.2239999999999,85.5,1032480,0,0.581,278.3,0.00807086614173229,"84.019999999999897",69.7099999999999,67.514,63.9859999999999,28.3,13.6,23.4
"BOOI4","2023-08-02 17:00",77.1439999999999,87.8,888840,0,0.918,181.3,0.00708661417322835,"85.405999999999963",69.7279999999999,67.514,63.9679999999999,28.2,13.6,23.4
"BOOI4","2023-08-02 18:00",77.8999999999999,85.5,960480,0,1.533,164.9,0.00732283464566929,"86.323999999999941",69.6919999999999,67.514,63.9859999999999,28.3,13.6,23.4
"BOOI4","2023-08-02 19:00",78.08,84.6,955080,0,3.083,124.7,0.00700787401574803,"86.377999999999901",69.7099999999999,67.4779999999999,64.0039999999999,28.2,13.6,23.4
"BOOI4","2023-08-02 20:00",75.4159999999999,91.9,353880,0,4.278,137.9,0.00259842519685039,"85.135999999999896",69.6739999999999,67.514,63.9679999999999,28.2,13.6,23.3
"BOOI4","2023-08-02 21:00",73.022,96.9,24544.8,0,3.271,151.4,3.93700787401575e-05,"83.623999999999953",69.7099999999999,67.496,63.9859999999999,28.2,13.6,23.4
"BOOI4","2023-08-02 22:00",72.7339999999999,97.9,0,0,3.135,164.4,-0.000196850393700787,"82.561999999999884",69.746,67.514,63.9859999999999,28.2,13.6,23.3
"BOOI4","2023-08-02 23:00",71.0239999999999,99.1,0,0,2.334,159.1,-0.00031496062992126,"81.499999999999929",69.7279999999999,67.4779999999999,64.0039999999999,28.2,13.6,23.3
"BOOI4","2023-08-03 00:00",69.7279999999999,100,0,0,0,0,-0.000551181102362205,"80.491999999999933",69.764,67.514,64.0039999999999,28.2,13.6,23.3
"BOOI4","2023-08-03 01:00",70.5739999999999,100,0,0,0,0,-0.000551181102362205,"80.149999999999935",69.782,67.514,64.0039999999999,28.2,13.6,23.3
"BOOI4","2023-08-03 02:00",70.5019999999999,100,0,0,0,0,-0.000551181102362205,"79.771999999999977",69.764,67.514,63.9859999999999,28.2,13.6,23.3
"BOOI4","2023-08-03 03:00",70.6099999999999,100,0,0,0,0,-0.000551181102362205,"79.50199999999991",69.782,67.496,63.9859999999999,28.2,13.6,23.3
"BOOI4","2023-08-03 04:00",70.214,100,0,0,0.116,33.09,-0.000551181102362205,"79.21399999999997",69.764,67.514,64.0039999999999,28.2,13.6,23.3
"BOOI4","2023-08-03 05:00",69.98,100,0,0,0.39,28.89,-0.000511811023622047,"78.889999999999958",69.764,67.514,63.9859999999999,28.2,13.7,23.3
"BOOI4","2023-08-03 06:00",69.8539999999999,100,36,0,0.013,32.16,-0.000551181102362205,"78.619999999999891",69.746,67.514,64.022,28.2,13.7,23.3
"BOOI4","2023-08-03 07:00",69.53,100,22359.6,0,1.533,149.9,0.000196850393700787,"78.367999999999924",69.7279999999999,67.4779999999999,63.9859999999999,28.2,13.7,23.3
"BOOI4","2023-08-03 08:00",69.9259999999999,100,124308,0,0.601,163.9,0.00094488188976378,"78.367999999999924",69.6919999999999,67.532,64.0039999999999,28.2,13.7,23.2
"BOOI4","2023-08-03 09:00",72.2659999999999,100,576360,0,0.734,52.29,0.00385826771653543,"78.96199999999989",69.6739999999999,67.496,64.0039999999999,28.2,13.7,23.2
"BOOI4","2023-08-03 10:00",76.2439999999999,87.3,1283760,0,1.783,52.97,0.00881889763779528,"81.085999999999899",69.656,67.4779999999999,64.022,28.1,13.7,23.2
"BOOI4","2023-08-03 11:00",78.1339999999999,83.9,2195640,0,4.648,56.48,0.0161811023622047,"84.181999999999945",69.6199999999999,67.496,63.9859999999999,28.1,13.6,23.2
"BOOI4","2023-08-03 12:00",79.646,80.2,2363040,0,4.868,50.6,0.0177952755905512,"87.151999999999916",69.6019999999999,67.496,64.022,28.1,13.5,23.2
"BOOI4","2023-08-03 13:00",81.6619999999999,73.78,2959200,0,4.161,41.63,0.0229527559055118,"90.823999999999941",69.5659999999999,67.4779999999999,64.0039999999999,28,13.4,23.2
"BOOI4","2023-08-03 14:00",80.1319999999999,77.76,2000520,0,3.374,30.1,0.0168897637795276,"92.749999999999929",69.5659999999999,67.496,64.0039999999999,27.9,13.2,23.2
"BOOI4","2023-08-03 15:00",80.582,76.29,1044360,0,3.508,49.27,0.00980314960629921,"92.569999999999894",69.5659999999999,67.4599999999999,64.022,27.9,13.3,23.2
"BOOI4","2023-08-03 16:00",82.796,71.1,2105640,0,4.316,120.6,0.0175196850393701,"93.919999999999888",69.6199999999999,67.4599999999999,64.0039999999999,27.9,13.1,23.1
"BOOI4","2023-08-03 17:00",82.022,74.24,1715040,0,3.482,139.8,0.0144094488188976,"95.215999999999937",69.638,67.4779999999999,64.0399999999999,27.8,13.1,23.1
"BOOI4","2023-08-03 18:00",81.464,77.17,1427400,0,2.54,178,0.0116535433070866,"95.737999999999872",69.7279999999999,67.4779999999999,64.022,27.8,13,23.1
"BOOI4","2023-08-03 19:00",81.1039999999999,79.38,887040,0,2.032,193.2,0.0068503937007874,"94.225999999999928",69.746,67.4599999999999,64.0399999999999,27.8,13,23.1
"BOOI4","2023-08-03 20:00",77.3599999999999,88.2,227988,0,0.124,194.6,0.00122047244094488,"91.849999999999937",69.8359999999999,67.4419999999999,64.022,27.8,13,23.1
"BOOI4","2023-08-03 21:00",74.5159999999999,93.8,14130,0,0,0,-0.00102362204724409,"89.239999999999952",69.872,67.4419999999999,64.0399999999999,27.8,13,23.1
"BOOI4","2023-08-03 22:00",72.9679999999999,96.3,0,0,0,0,-0.00110236220472441,"87.241999999999933",69.9619999999999,67.4599999999999,64.022,27.8,13.1,23.1
"BOOI4","2023-08-03 23:00",72.2659999999999,95.7,0,0,0,0,-0.00114173228346457,"85.819999999999894",69.998,67.4419999999999,64.022,27.8,13.1,23.1
"BOOI4","2023-08-04 00:00",70.3939999999999,97.2,0,0,0,0,-0.00114173228346457,"84.631999999999948",70.0519999999999,67.4599999999999,64.0399999999999,27.8,13.2,23.1
"BOOI4","2023-08-04 01:00",70.2679999999999,98.4,0,0,0,0,-0.00114173228346457,"83.623999999999953",70.0519999999999,67.4599999999999,64.022,27.8,13.2,23
"BOOI4","2023-08-04 02:00",68.7199999999999,99.4,0,0,0,0,-0.00114173228346457,"82.543999999999912",70.124,67.4779999999999,64.022,27.8,13.2,23
"BOOI4","2023-08-04 03:00",69.1339999999999,100,0,0,0,0,-0.00114173228346457,"81.697999999999965",70.1419999999999,67.496,64.0579999999999,27.8,13.3,23
"BOOI4","2023-08-04 04:00",67.5499999999999,100,0,0,0,0,-0.00114173228346457,"80.815999999999946",70.106,67.496,64.0399999999999,27.8,13.2,23.1
"BOOI4","2023-08-04 05:00",67.2259999999999,100,0,0,0,0,-0.00114173228346457,"79.951999999999913",70.106,67.532,64.0399999999999,27.8,13.2,23
"BOOI4","2023-08-04 06:00",66.74,100,298.8,0,0,0,-0.00118110236220473,"79.21399999999997",70.088,67.514,64.0579999999999,27.8,13.3,23
"BOOI4","2023-08-04 07:00",68.6839999999999,100,79308,0,0,0,-0.00106299212598425,"78.763999999999967",70.0699999999999,67.532,64.0579999999999,27.8,13.3,23
"BOOI4","2023-08-04 08:00",73.49,99.3,518040,0,0,0,0.00251968503937008,"79.825999999999922",70.0519999999999,67.5499999999999,64.0399999999999,27.8,13.3,23
"BOOI4","2023-08-04 09:00",75.6499999999999,93.4,1176480,0,1.506,61.12,0.00751968503937008,"81.481999999999957",70.0159999999999,67.5679999999999,64.0579999999999,27.9,13.3,23
"BOOI4","2023-08-04 10:00",79.772,84.6,1696680,0,2.369,78.34,0.0122047244094488,"84.433999999999926",69.9439999999999,67.5499999999999,64.0399999999999,27.8,13.2,23
"BOOI4","2023-08-04 11:00",80.888,79.12,2354400,0,4.58,130.9,0.0181102362204724,"87.889999999999958",69.9079999999999,67.5499999999999,64.0579999999999,27.7,13.1,23
"BOOI4","2023-08-04 12:00",82.688,68.88,2418120,0,7.019,131,0.0201181102362205,"90.319999999999894",69.8539999999999,67.5679999999999,64.0399999999999,27.7,12.9,23
"BOOI4","2023-08-04 13:00",83.3359999999999,66.13,2973600,0,7.887,108.2,0.0254724409448819,"93.181999999999945",69.8539999999999,67.5499999999999,64.0399999999999,27.6,12.8,23
"BOOI4","2023-08-04 14:00",82.364,68.92,2673360,0,9.44,90.5,0.0246850393700787,"95.12599999999992",69.7999999999999,67.5679999999999,64.0579999999999,27.6,12.6,23
"BOOI4","2023-08-04 15:00",82.6339999999999,69.46,1425240,0,8.17,111.3,0.0158661417322835,"95.215999999999937",69.782,67.5499999999999,64.0399999999999,27.5,12.6,23
"BOOI4","2023-08-04 16:00",82.4359999999999,68.09,1859400,0,7.568,145.3,0.0181102362204724,"95.521999999999977",69.8539999999999,67.5679999999999,64.0579999999999,27.5,12.5,23
"BOOI4","2023-08-04 17:00",84.146,60.99,1658880,0,5.992,111.8,0.0165748031496063,"95.899999999999935",69.89,67.5499999999999,64.0579999999999,27.5,12.4,23
"BOOI4","2023-08-04 18:00",82.9759999999999,66.65,1223640,0,5.537,111.3,0.0132283464566929,"95.575999999999922",69.9439999999999,67.5499999999999,64.0759999999999,27.5,12.3,23
"BOOI4","2023-08-04 19:00",80.4919999999999,74.95,693360,0,5.132,124.6,0.00830708661417323,"94.045999999999978",70.0159999999999,67.5679999999999,64.0579999999999,27.5,12.3,23
"BOOI4","2023-08-04 20:00",75.848,85.2,195624,0,4.929,127.8,0.0037007874015748,"91.795999999999978",70.088,67.5499999999999,64.0759999999999,27.5,12.3,23
"BOOI4","2023-08-04 21:00",74.264,86.8,28188,0,3.365,160.5,0.00031496062992126,"89.635999999999896",70.124,67.5679999999999,64.0579999999999,27.5,12.4,22.9
"BOOI4","2023-08-04 22:00",72.3199999999999,92.2,0,0,0.65,132.2,-0.000669291338582677,"87.817999999999913",70.214,67.5499999999999,64.0579999999999,27.4,12.3,22.9
"BOOI4","2023-08-04 23:00",73.0759999999999,90.4,0,0,0.017,64.34,-0.000905511811023622,"86.719999999999899",70.2499999999999,67.5679999999999,64.0579999999999,27.4,12.4,22.9
"BOOI4","2023-08-05 00:00",71.9419999999999,93.1,0,0,1.244,346.5,-0.000511811023622047,"85.585999999999899",70.3039999999999,67.5499999999999,64.0759999999999,27.4,12.4,22.9
"BOOI4","2023-08-05 01:00",71.9599999999999,94.7,0,0,2.854,0.201,-0.000275590551181102,"84.739999999999952",70.322,67.5859999999999,64.0759999999999,27.4,12.4,22.9
"BOOI4","2023-08-05 02:00",71.438,95.4,0,0,3.977,8.05,-0.000196850393700787,"83.983999999999924",70.3759999999999,67.5859999999999,64.0759999999999,27.4,12.5,22.9
"BOOI4","2023-08-05 03:00",70.3759999999999,96,0,0,4.05,13.4,-0.000236220472440945,"83.155999999999963",70.3579999999999,67.6039999999999,64.0759999999999,27.4,12.5,22.9
"BOOI4","2023-08-05 04:00",69.1519999999999,98.2,0,0,2.976,50.61,-0.00047244094488189,"82.255999999999958",70.3759999999999,67.6039999999999,64.0399999999999,27.4,12.5,22.9
"BOOI4","2023-08-05 05:00",69.2419999999999,98.3,0,0,1.725,42.97,-0.000590551181102362,"81.499999999999929",70.3579999999999,67.5859999999999,64.0759999999999,27.5,12.7,22.9
"BOOI4","2023-08-05 06:00",69.3859999999999,96.6,0,0.02,3.133,68.92,-0.000433070866141732,"81.067999999999913",70.3579999999999,67.64,64.0579999999999,27.5,12.6,22.9
"BOOI4","2023-08-05 07:00",68.0359999999999,95.3,85068,0,4.763,73.38,-0.000551181102362205,"80.473999999999947",70.322,67.6579999999999,64.0759999999999,27.5,12.6,22.9
"BOOI4","2023-08-05 08:00",70.3759999999999,79.76,523440,0,5.702,77.67,0.00334645669291339,"80.617999999999924",70.2679999999999,67.6579999999999,64.0939999999999,27.5,12.6,22.9
"BOOI4","2023-08-05 09:00",72.806,75.44,1131840,0,7.727,93.1,0.00960629921259843,"81.391999999999925",70.2679999999999,67.6759999999999,64.0759999999999,27.4,12.6,22.9
"BOOI4","2023-08-05 10:00",72.482,78.03,1143720,0,4.431,93.4,0.00948818897637795,"82.849999999999937",70.214,67.6939999999999,64.0939999999999,27.4,12.5,22.8
"BOOI4","2023-08-05 11:00",75.9199999999999,74.27,2217240,0,6.203,97.1,0.0169291338582677,"85.117999999999924",70.1599999999999,67.6939999999999,64.0759999999999,27.3,12.4,22.8
"BOOI4","2023-08-05 12:00",78.332,74.09,2185920,0,5.893,114.5,0.0174015748031496,"87.907999999999944",70.124,67.6759999999999,64.0939999999999,27.3,12.2,22.8
"BOOI4","2023-08-05 13:00",81.014,73.01,3009600,0,5.887,125.4,0.0235826771653543,"91.507999999999939",70.088,67.6939999999999,64.0759999999999,27.2,12.1,22.8
"BOOI4","2023-08-05 14:00",81.3199999999999,71.02,2504520,0,6.934,126.6,0.0211023622047244,"93.919999999999888",70.0339999999999,67.6939999999999,64.0759999999999,27.1,12,22.8
"BOOI4","2023-08-05 15:00",81.9499999999999,68.4,2673720,0,7.571,136.2,0.0231889763779528,"95.971999999999966",70.0339999999999,67.7119999999999,64.0759999999999,27.1,11.8,22.8
"BOOI4","2023-08-05 16:00",81.9319999999999,68.27,2318400,0,7.103,140.9,0.0209448818897638,"97.195999999999984",70.0339999999999,67.7119999999999,64.0939999999999,27.1,11.8,22.8
"BOOI4","2023-08-05 17:00",83.4259999999999,62.8,2250360,0,7.408,136.9,0.0210629921259843,"98.059999999999917",70.0159999999999,67.6939999999999,64.0759999999999,27,11.6,22.8
"BOOI4","2023-08-05 18:00",82.8499999999999,63.67,1523520,0,7.409,129.3,0.016259842519685,"97.483999999999924",70.088,67.6939999999999,64.1119999999999,27,11.6,22.7
"BOOI4","2023-08-05 19:00",79.4839999999999,70.36,772560,0,6.751,130.1,0.0101968503937008,"95.215999999999937",70.106,67.6939999999999,64.13,26.9,11.5,22.7
"BOOI4","2023-08-05 20:00",77.5399999999999,74.62,251928,0,4.774,125.1,0.00429133858267717,"92.857999999999933",70.1779999999999,67.6939999999999,64.1119999999999,26.9,11.5,22.8
"BOOI4","2023-08-05 21:00",74.048,84.5,11955.6,0,4.21,129.3,0.000551181102362205,"90.409999999999911",70.2499999999999,67.6939999999999,64.1119999999999,26.9,11.5,22.8
"BOOI4","2023-08-05 22:00",72.122,87.7,0,0,4.593,140.7,0.000196850393700787,"88.447999999999965",70.3039999999999,67.6939999999999,64.13,27,11.6,22.8
"BOOI4","2023-08-05 23:00",71.582,88.8,0,0,4.756,159.5,-3.93700787401575e-05,"86.809999999999917",70.34,67.6939999999999,64.0939999999999,27,11.6,22.8
"BOOI4","2023-08-06 00:00",67.082,98.6,0,0,7.236,241.6,0.00031496062992126,"85.135999999999896",70.3939999999999,67.6939999999999,64.13,26.9,11.6,22.8
"BOOI4","2023-08-06 01:00",64.8679999999999,98.6,0,0,10.43,55.44,-0.000236220472440945,"81.175999999999917",70.4119999999999,67.6939999999999,64.1119999999999,26.8,11.7,22.9
"BOOI4","2023-08-06 02:00",64.94,98.5,0,0.09,6.394,146.7,-0.000393700787401575,"79.249999999999929",70.43,67.7119999999999,64.1119999999999,26.8,11.7,22.9
"BOOI4","2023-08-06 03:00",65.93,100,0,0.03,7.04,177.9,-0.00047244094488189,"78.097999999999956",70.43,67.73,64.13,26.8,11.7,22.9
"BOOI4","2023-08-06 04:00",65.1919999999999,100,0,0.02,5.924,183.1,-0.000551181102362205,"77.179999999999978",70.43,67.73,64.148,26.8,11.8,22.9
"BOOI4","2023-08-06 05:00",65.138,100,0,0,3.724,178.6,-0.000708661417322835,"76.477999999999895",70.3579999999999,67.748,64.148,26.8,11.8,22.9
"BOOI4","2023-08-06 06:00",64.598,100,0,0,0.784,173.8,-0.00114173228346457,"75.865999999999943",70.322,67.7659999999999,64.148,26.8,11.9,22.9
"BOOI4","2023-08-06 07:00",65.0119999999999,100,23356.8,0,3.002,129.3,0.000118110236220472,"75.451999999999913",70.214,67.7659999999999,64.13,27,11.8,22.9
"BOOI4","2023-08-06 08:00",65.48,100,56160,0,2.82,89,0.000393700787401575,"75.361999999999895",70.1419999999999,67.7839999999999,64.148,27.1,11.9,22.9
"BOOI4","2023-08-06 09:00",65.4439999999999,100,86400,0.16,3.504,77.05,0.000590551181102362,"74.893999999999906",70.0339999999999,67.7839999999999,64.148,27.3,11.9,22.9
"BOOI4","2023-08-06 10:00",65.9839999999999,100,270684,0.03,5.193,75.38,0.00169291338582677,"75.073999999999941",69.9439999999999,67.8019999999999,64.13,27.6,12,22.9
"BOOI4","2023-08-06 11:00",65.84,100,111204,0.52,5.645,115.7,0.000708661417322835,"74.155999999999963",69.9079999999999,67.8019999999999,64.13,33.7,12,23.1
"BOOI4","2023-08-06 12:00",67.1539999999999,100,469080,0,7.532,126.7,0.00275590551181102,"74.425999999999917",69.782,67.7839999999999,64.1659999999999,34.2,12.1,23.3
"BOOI4","2023-08-06 13:00",67.748,100,205164,0.22,5.535,120.9,0.0012992125984252,"74.58799999999998",69.6919999999999,67.8019999999999,64.1659999999999,34.3,12.1,23.6
"BOOI4","2023-08-06 14:00",68.5039999999999,100,302760,0.77,5.452,140.6,0.00192913385826772,"74.281999999999954",69.6019999999999,67.8019999999999,64.1839999999999,35.8,12.2,25.9
"BOOI4","2023-08-06 15:00",73.3099999999999,97,1877760,0.05,4.532,208.4,0.0118897637795276,"76.171999999999969",69.4759999999999,67.856,64.238,36.8,12.1,26.6
"BOOI4","2023-08-06 16:00",72.8419999999999,89.6,1475640,0,2.772,253.3,0.010748031496063,"79.08799999999998",69.4039999999999,67.856,64.256,36.6,12.3,26.5
"BOOI4","2023-08-06 17:00",76.622,80.7,1591200,0,2.094,275.8,0.0115354330708661,"80.581999999999951",69.3499999999999,67.838,64.256,36.5,12.6,26.6
"BOOI4","2023-08-06 18:00",71.1859999999999,93.8,1217520,0,3.664,21.98,0.00921259842519685,"81.04999999999994",69.2779999999999,67.838,64.256,36.3,12.9,26.6
"BOOI4","2023-08-06 19:00",68.6659999999999,98,298800,0.01,7.212,71,0.00240157480314961,"79.681999999999945",69.2419999999999,67.8019999999999,64.256,36.3,13.3,26.6
"BOOI4","2023-08-06 20:00",67.748,98.7,51696,0,6.185,66.14,0.000551181102362205,"78.187999999999974",69.206,67.8019999999999,64.256,36.3,13.5,26.6
"BOOI4","2023-08-06 21:00",66.8839999999999,97.6,4870.8,0,6.72,58.89,-0.000236220472440945,"76.909999999999911",69.188,67.7839999999999,64.2739999999999,36.3,13.8,26.6
"BOOI4","2023-08-06 22:00",65.714,97.9,0,0,7.256,51.08,-0.000118110236220472,"75.70399999999988",69.1519999999999,67.7659999999999,64.2739999999999,36.3,14,26.6
"BOOI4","2023-08-06 23:00",64.4359999999999,97.8,0,0,6.318,48.18,-0.000236220472440945,"74.71399999999997",69.1519999999999,67.73,64.2739999999999,36.4,14.3,26.6
"BOOI4","2023-08-07 00:00",64.0939999999999,97.4,0,0,4.606,42.51,-0.00031496062992126,"73.867999999999924",69.1159999999999,67.73,64.2739999999999,36.4,14.6,26.7
"BOOI4","2023-08-07 01:00",63.8239999999999,98.6,0,0,5.165,12.06,-0.00031496062992126,"73.129999999999981",69.098,67.7119999999999,64.2739999999999,36.3,14.8,26.6
"BOOI4","2023-08-07 02:00",63.8779999999999,98.7,0,0,3.066,353,-0.000511811023622047,"72.571999999999974",69.0439999999999,67.6759999999999,64.2739999999999,36.3,15.1,26.7
"BOOI4","2023-08-07 03:00",64.346,98.3,0,0,5.789,345.7,-0.00031496062992126,"72.157999999999944",69.0439999999999,67.6759999999999,64.2919999999999,36.3,15.4,26.7
"BOOI4","2023-08-07 04:00",64.2739999999999,98.3,0,0,5.876,345.8,-0.00031496062992126,"71.761999999999887",68.99,67.6759999999999,64.2919999999999,36.3,15.7,26.7
"BOOI4","2023-08-07 05:00",62.9419999999999,98.3,0,0,5.904,344,-0.000275590551181102,"71.20399999999988",68.9359999999999,67.622,64.3099999999999,36.3,16,26.8
"BOOI4","2023-08-07 06:00",62.348,99,10.8,0,3.862,340.1,-0.000433070866141732,"70.50199999999991",68.864,67.64,64.2919999999999,36.3,16.2,26.8
"BOOI4","2023-08-07 07:00",63.248,97.1,46368,0,4.533,341.3,-0.000354330708661417,"70.159999999999911",68.756,67.622,64.2739999999999,36.3,16.5,26.9
"BOOI4","2023-08-07 08:00",65.498,95,306360,0,3.557,327.1,0.00161417322834646,"70.249999999999929",68.7199999999999,67.5859999999999,64.2919999999999,36.3,16.7,26.8
"BOOI4","2023-08-07 09:00",69.548,85,1238760,0,6.455,341.6,0.00744094488188976,"71.581999999999951",68.63,67.5859999999999,64.2919999999999,36.3,16.9,26.9
"BOOI4","2023-08-07 10:00",71.564,80.6,1625400,0,6.519,345.4,0.0114173228346457,"73.345999999999989",68.5399999999999,67.5499999999999,64.3099999999999,36.2,17,26.9
"BOOI4","2023-08-07 11:00",73.148,77.68,2365560,0,4.266,326.3,0.0166535433070866,"76.081999999999951",68.4679999999999,67.532,64.3279999999999,36.2,17.2,27
"BOOI4","2023-08-07 12:00",75.4339999999999,68.94,2474640,0,3.94,323.3,0.018503937007874,"78.79999999999994",68.396,67.514,64.3099999999999,36.2,17.2,26.9
"BOOI4","2023-08-07 13:00",78.7279999999999,69.56,3103200,0,3.655,308.7,0.0234251968503937,"82.021999999999977",68.3419999999999,67.496,64.3279999999999,36.1,17.2,26.9
"BOOI4","2023-08-07 14:00",79.8439999999999,70.18,2937600,0,3.719,289.5,0.0232677165354331,"84.613999999999962",68.2699999999999,67.4419999999999,64.3099999999999,36,17.2,26.9
"BOOI4","2023-08-07 15:00",80.9779999999999,67.78,2531520,0,4.089,289,0.0205511811023622,"85.873999999999953",68.2519999999999,67.4419999999999,64.3099999999999,36,17.2,27.1
"BOOI4","2023-08-07 16:00",77.7919999999999,72.37,2038680,0,4.164,287.8,0.0169291338582677,"86.359999999999914",68.2519999999999,67.4239999999999,64.3279999999999,35.9,17.3,27.1
"BOOI4","2023-08-07 17:00",79.2679999999999,70.08,1455840,0,4.288,298.4,0.012992125984252,"85.477999999999895",68.2699999999999,67.388,64.3099999999999,35.8,17.3,27.1
"BOOI4","2023-08-07 18:00",78.9079999999999,72.22,1500120,0,4.533,284.8,0.012755905511811,"85.171999999999969",68.288,67.3519999999999,64.3099999999999,35.8,17.3,27.2
"BOOI4","2023-08-07 19:00",77.9359999999999,74.66,959400,0,2.542,312.6,0.00748031496062992,"83.497999999999962",68.3239999999999,67.3339999999999,64.3099999999999,35.8,17.3,27.2
"BOOI4","2023-08-07 20:00",72.914,85.4,312480,0,1.245,291.5,0.0015748031496063,"81.499999999999929",68.3779999999999,67.3159999999999,64.2919999999999,35.8,17.4,27.3
"BOOI4","2023-08-07 21:00",69.6919999999999,90.4,17280,0,0.258,314.7,-0.00110236220472441,"79.483999999999924",68.4679999999999,67.298,64.3099999999999,35.8,17.4,27.3
"BOOI4","2023-08-07 22:00",67.838,95.6,0,0,0,0,-0.00133858267716536,"77.791999999999931",68.5039999999999,67.28,64.3099999999999,35.8,17.5,27.3
"BOOI4","2023-08-07 23:00",65.6599999999999,97,0,0,0,0,-0.00133858267716536,"76.42399999999995",68.5579999999999,67.2619999999999,64.3099999999999,35.8,17.5,27.3
"BOOI4","2023-08-08 00:00",64.4539999999999,97.4,0,0,0.432,252.7,-0.00118110236220473,"75.307999999999936",68.5939999999999,67.2439999999999,64.3099999999999,35.9,17.6,27.3
"BOOI4","2023-08-08 01:00",63.6079999999999,98.3,0,0,0.079,258.7,-0.0012992125984252,"74.317999999999913",68.6119999999999,67.2439999999999,64.2919999999999,35.9,17.6,27.3
"BOOI4","2023-08-08 02:00",65.3539999999999,98.6,0,0,0.224,283.8,-0.00125984251968504,"73.651999999999916",68.648,67.2259999999999,64.3099999999999,35.9,17.5,27.4
"BOOI4","2023-08-08 03:00",63.4099999999999,98.7,0,0,0.043,290.5,-0.0012992125984252,"72.895999999999987",68.648,67.19,64.3279999999999,35.9,17.6,27.4
"BOOI4","2023-08-08 04:00",62.8699999999999,99.5,0,0,0.138,311.1,-0.0012992125984252,"72.193999999999903",68.63,67.2079999999999,64.3279999999999,35.9,17.6,27.4
"BOOI4","2023-08-08 05:00",63.0319999999999,99.3,0,0,0.36,345.2,-0.00122047244094488,"71.617999999999924",68.5939999999999,67.2079999999999,64.3099999999999,35.8,17.7,27.4
"BOOI4","2023-08-08 06:00",63.6619999999999,98.9,39.6,0,1.42,340.7,-0.000984251968503937,"71.131999999999948",68.5579999999999,67.19,64.3099999999999,35.8,17.7,27.4
"BOOI4","2023-08-08 07:00",63.4819999999999,98.5,49032,0,0.08,338.5,-0.000748031496062992,"70.735999999999905",68.522,67.19,64.2739999999999,35.8,17.7,27.3
"BOOI4","2023-08-08 08:00",67.9999999999999,92.2,447840,0,1.917,342.5,0.00196850393700787,"71.077999999999903",68.4499999999999,67.1539999999999,64.3099999999999,35.8,17.8,27.3
"BOOI4","2023-08-08 09:00",74.282,78.48,1076760,0,0.688,345.2,0.00669291338582677,"73.021999999999977",68.396,67.19,64.2919999999999,35.8,17.8,27.3
"BOOI4","2023-08-08 10:00",76.64,73.59,1730880,0,0.555,43.65,0.0120472440944882,"76.225999999999928",68.3779999999999,67.19,64.3279999999999,35.8,17.8,27.3
"BOOI4","2023-08-08 11:00",76.874,70.87,1501560,0,0.267,33.65,0.0111023622047244,"78.943999999999903",68.2699999999999,67.1539999999999,64.2919999999999,35.8,17.7,27.3
"BOOI4","2023-08-08 12:00",80.1859999999999,68.62,2711880,0,0.985,253.3,0.0204330708661417,"82.9939999999999",68.2159999999999,67.1539999999999,64.2919999999999,35.6,17.7,27.3
"BOOI4","2023-08-08 13:00",79.1419999999999,66.68,2246760,0.01,1.442,329.7,0.0173622047244095,"83.767999999999915",68.18,67.1539999999999,64.2919999999999,35.6,17.6,27.3
"BOOI4","2023-08-08 14:00",79.106,64.77,2355840,0,1.873,346.6,0.018740157480315,"85.765999999999948",68.1439999999999,67.1179999999999,64.2919999999999,35.6,17.6,27.3
"BOOI4","2023-08-08 15:00",78.782,63.38,1976400,0,2.998,322.5,0.0166929133858268,"85.819999999999894",68.1439999999999,67.0999999999999,64.2739999999999,35.5,17.5,27.3
"BOOI4","2023-08-08 16:00",80.8699999999999,57.07,1838880,0,1.964,326.7,0.0153149606299213,"86.197999999999965",68.1259999999999,67.0999999999999,64.256,35.4,17.5,27.3
"BOOI4","2023-08-08 17:00",81.1579999999999,58.33,2113200,0,2.639,328.2,0.0175196850393701,"86.737999999999985",68.1619999999999,67.0999999999999,64.2919999999999,35.4,17.5,27.3
"BOOI4","2023-08-08 18:00",80.7439999999999,59.4,1012320,0,0.897,341,0.00818897637795276,"86.233999999999924",68.198,67.046,64.2739999999999,35.4,17.5,27.4
"BOOI4","2023-08-08 19:00",77.288,76.11,728280,0,0.023,322.9,0.00456692913385827,"84.757999999999939",68.2339999999999,67.046,64.256,35.4,17.5,27.4
"BOOI4","2023-08-08 20:00",73.9939999999999,84.7,277848,0,0.002,203.7,0.00078740157480315,"82.687999999999974",68.306,67.046,64.2739999999999,35.4,17.5,27.4
"BOOI4","2023-08-08 21:00",71.546,83.6,15976.8,0,0,0,-0.00062992125984252,"80.527999999999892",68.306,67.0279999999999,64.2739999999999,35.4,17.5,27.4
"BOOI4","2023-08-08 22:00",69.188,91.1,0,0,0.032,197.4,-0.000708661417322835,"78.727999999999895",68.414,66.9919999999999,64.256,35.4,17.5,27.4
"BOOI4","2023-08-08 23:00",68.4319999999999,89.2,0,0,0,0,-0.000748031496062992,"77.287999999999982",68.4499999999999,67.0099999999999,64.256,35.4,17.5,27.4
"BOOI4","2023-08-09 00:00",67.2619999999999,91.9,0,0,0,0,-0.000748031496062992,"76.099999999999937",68.5039999999999,66.9919999999999,64.256,35.4,17.5,27.4
"BOOI4","2023-08-09 01:00",66.9199999999999,89.3,0,0,0,0,-0.000748031496062992,"75.073999999999941",68.4859999999999,66.9919999999999,64.256,35.4,17.5,27.4
"BOOI4","2023-08-09 02:00",66.1999999999999,92.1,0,0,0.453,177,-0.000590551181102362,"74.209999999999908",68.522,66.956,64.256,35.4,17.5,27.4
"BOOI4","2023-08-09 03:00",64.7779999999999,95.8,0,0,1.345,177.4,-0.000393700787401575,"73.471999999999966",68.522,67.0099999999999,64.238,35.4,17.5,27.4
"BOOI4","2023-08-09 04:00",64.3279999999999,97.5,0,0,0.245,189.4,-0.000669291338582677,"72.859999999999914",68.5039999999999,66.9739999999999,64.256,35.4,17.5,27.4
"BOOI4","2023-08-09 05:00",65.2999999999999,98.8,0,0,0,0,-0.000708661417322835,"72.571999999999974",68.4859999999999,66.9739999999999,64.256,35.4,17.5,27.4
"BOOI4","2023-08-09 06:00",65.39,98.8,0,0.02,0.729,229.3,-0.000590551181102362,"72.517999999999915",68.4319999999999,66.9919999999999,64.238,35.4,17.5,27.4
"BOOI4","2023-08-09 07:00",64.7599999999999,98.7,10137.6,0.07,1.332,315.7,0.00015748031496063,"72.157999999999944",68.396,66.9739999999999,64.256,35.4,17.5,27.4
"BOOI4","2023-08-09 08:00",64.6519999999999,99.8,31356,0.13,2.116,336.1,0.000275590551181102,"71.941999999999936",68.3419999999999,66.956,64.2199999999999,35.4,17.6,27.4
"BOOI4","2023-08-09 09:00",65.3179999999999,100,147420,0.16,5.698,160.8,0.00094488188976378,"71.581999999999951",68.2699999999999,66.956,64.238,36.2,17.6,27.3
"BOOI4","2023-08-09 10:00",67.4239999999999,99.5,281952,0,4.709,166.1,0.00181102362204724,"71.851999999999904",68.2519999999999,66.9919999999999,64.2199999999999,36.5,17.7,27.4
"BOOI4","2023-08-09 11:00",68.4679999999999,98.5,699120,0,3.809,60.51,0.0047244094488189,"72.787999999999982",68.18,66.9739999999999,64.238,36.5,17.8,27.3
"BOOI4","2023-08-09 12:00",69.098,96.3,717840,0,4.855,76.78,0.00496062992125984,"73.921999999999969",68.1259999999999,66.956,64.238,36.5,17.9,27.3
"BOOI4","2023-08-09 13:00",71.0239999999999,92.1,1241280,0,5.152,127.3,0.00850393700787402,"75.361999999999895",68.0539999999999,66.956,64.2199999999999,36.5,18,27.3
"BOOI4","2023-08-09 14:00",69.5119999999999,96.2,532440,0.02,5.535,151.3,0.00425196850393701,"75.865999999999943",68.0539999999999,66.956,64.2199999999999,36.5,18.1,27.3
"BOOI4","2023-08-09 15:00",73.238,91.5,1281600,0.04,3.118,153.3,0.00897637795275591,"76.657999999999944",67.982,66.938,64.2199999999999,36.6,18.2,27.3
"BOOI4","2023-08-09 16:00",76.5679999999999,81.5,2143440,0,2.168,181.7,0.0153937007874016,"79.969999999999899",67.964,66.9199999999999,64.2019999999999,36.5,18.3,27.3
"BOOI4","2023-08-09 17:00",79.898,72.75,2291040,0,1.018,224.3,0.0167716535433071,"83.137999999999977",67.9099999999999,66.8839999999999,64.2019999999999,36.6,18.3,27.4
"BOOI4","2023-08-09 18:00",79.772,68.58,1565640,0,1.13,260,0.0114566929133858,"83.731999999999957",67.9099999999999,66.9019999999999,64.2199999999999,36.5,18.4,27.4
"BOOI4","2023-08-09 19:00",80.348,71.56,882000,0,0.568,313.8,0.00578740157480315,"82.255999999999958",67.9279999999999,66.8659999999999,64.2199999999999,36.5,18.4,27.4
"BOOI4","2023-08-09 20:00",73.832,84.8,369720,0,0.363,290.7,0.00094488188976378,"80.347999999999956",67.946,66.8839999999999,64.2199999999999,36.5,18.4,27.4
"BOOI4","2023-08-09 21:00",68.7919999999999,94.7,23691.6,0,0.134,281.5,-0.00125984251968504,"78.367999999999924",67.946,66.848,64.2019999999999,36.5,18.5,27.4
"BOOI4","2023-08-09 22:00",68.1619999999999,97,0,0,0.007,278.2,-0.00145669291338583,"76.801999999999907",67.9999999999999,66.848,64.2019999999999,36.5,18.5,27.4
"BOOI4","2023-08-09 23:00",66.5239999999999,97.7,0,0,0.006,308.9,-0.00145669291338583,"75.523999999999944",68.0179999999999,66.83,64.2019999999999,36.5,18.6,27.3
"BOOI4","2023-08-10 00:00",66.0739999999999,98.6,0,0,0.369,276.2,-0.0012992125984252,"74.443999999999903",68.072,66.8119999999999,64.238,36.5,18.6,27.4
"BOOI4","2023-08-10 01:00",64.7239999999999,98.9,0,0,0.838,271,-0.00118110236220473,"73.525999999999925",68.072,66.8119999999999,64.2019999999999,36.5,18.7,27.3
"BOOI4","2023-08-10 02:00",63.9499999999999,99.9,0,0,0.151,259.3,-0.00141732283464567,"72.62599999999992",68.1079999999999,66.7939999999999,64.2019999999999,36.5,18.7,27.4
"BOOI4","2023-08-10 03:00",64.832,100,0,0,0.361,275.8,-0.00133858267716536,"71.92399999999995",68.09,66.7759999999999,64.1839999999999,36.5,18.7,27.3
"BOOI4","2023-08-10 04:00",63.356,99.9,0,0,0.245,271.4,-0.00137795275590551,"71.239999999999952",68.072,66.7759999999999,64.2019999999999,36.4,18.7,27.4
"BOOI4","2023-08-10 05:00",62.564,100,0,0,0.912,258.5,-0.00118110236220473,"70.591999999999928",68.0539999999999,66.7939999999999,64.1839999999999,36.4,18.7,27.4
"BOOI4","2023-08-10 06:00",61.9159999999999,100,46.8,0,0.038,269.6,-0.00145669291338583,"69.979999999999976",68.0179999999999,66.7759999999999,64.1839999999999,36.4,18.7,27.3
"BOOI4","2023-08-10 07:00",64.472,100,81792,0,0.48,274.1,-0.00149606299212598,"69.67399999999995",67.982,66.7759999999999,64.2019999999999,36.4,18.8,27.3
"BOOI4","2023-08-10 08:00",69.188,94,556200,0,2.216,275.1,0.0021259842519685,"70.555999999999969",67.964,66.7579999999999,64.1839999999999,36.4,18.7,27.3
"BOOI4","2023-08-10 09:00",73.6519999999999,86.8,1128600,0,2.175,267,0.00704724409448819,"73.003999999999891",67.8919999999999,66.74,64.1839999999999,36.4,18.7,27.3
"BOOI4","2023-08-10 10:00",78.2239999999999,78.32,1738800,0,1.969,273.7,0.0124409448818898,"76.333999999999932",67.856,66.7579999999999,64.1659999999999,36.3,18.7,27.3
"BOOI4","2023-08-10 11:00",80.438,75.53,2259360,0,1.995,285.7,0.0170472440944882,"79.969999999999899",67.8019999999999,66.74,64.148,36.2,18.7,27.3
"BOOI4","2023-08-10 12:00",81.7699999999999,69.16,2702520,0,1.916,269.2,0.0208661417322835,"83.731999999999957",67.73,66.7039999999999,64.148,36.2,18.7,27.3
"BOOI4","2023-08-10 13:00",82.0939999999999,69.91,2962800,0,2.228,253.2,0.0233070866141732,"86.683999999999926",67.7119999999999,66.722,64.148,36.1,18.7,27.3
"BOOI4","2023-08-10 14:00",82.9939999999999,71.05,3081600,0,2.857,227.1,0.0245669291338583,"89.113999999999962",67.6939999999999,66.722,64.1839999999999,36.1,18.6,27.3
"BOOI4","2023-08-10 15:00",82.6699999999999,73.11,2791080,0,4.77,197.5,0.0230708661417323,"90.013999999999967",67.6759999999999,66.722,64.148,36,18.5,27.3
"BOOI4","2023-08-10 16:00",83.3179999999999,69.94,2621880,0,4.604,199.5,0.0218503937007874,"90.643999999999906",67.6939999999999,66.6859999999999,64.148,35.9,18.4,27.3
"BOOI4","2023-08-10 17:00",83.0119999999999,68.5,1923120,0,4.811,198.3,0.0168503937007874,"89.959999999999908",67.7659999999999,66.6859999999999,64.148,35.9,18.5,27.3
"BOOI4","2023-08-10 18:00",82.148,71.55,1580760,0,4.407,196.7,0.0138188976377953,"88.987999999999985",67.8199999999999,66.6319999999999,64.1659999999999,35.9,18.4,27.4
"BOOI4","2023-08-10 19:00",79.1419999999999,80.4,767880,0,2.893,186.6,0.00649606299212599,"86.287999999999982",67.9099999999999,66.6499999999999,64.148,35.8,18.4,27.4
"BOOI4","2023-08-10 20:00",75.2539999999999,88.4,344520,0,2.408,179.5,0.00173228346456693,"84.091999999999928",67.9999999999999,66.6319999999999,64.148,35.8,18.4,27.4
"BOOI4","2023-08-10 21:00",70.6999999999999,94.4,16560,0,0.48,188.9,-0.00114173228346457,"81.661999999999892",68.1079999999999,66.596,64.1119999999999,35.8,18.4,27.4
"BOOI4","2023-08-10 22:00",68.8819999999999,94.5,0,0,0.181,204.7,-0.00141732283464567,"79.753999999999891",68.198,66.614,64.13,35.9,18.4,27.4
"BOOI4","2023-08-10 23:00",70.7359999999999,92.8,0,0,2.606,164.1,-0.000669291338582677,"78.601999999999904",68.2699999999999,66.614,64.13,35.8,18.4,27.4
"BOOI4","2023-08-11 00:00",71.438,91.9,0,0,5.499,170.3,-0.00015748031496063,"77.827999999999903",68.3599999999999,66.6499999999999,64.148,35.9,18.4,27.4
"BOOI4","2023-08-11 01:00",71.2039999999999,94.3,0,0,5.482,176.6,-0.000236220472440945,"77.107999999999933",68.4319999999999,66.6319999999999,64.1119999999999,35.9,18.4,27.4
"BOOI4","2023-08-11 02:00",69.6739999999999,96.5,0,0.18,7.271,193.4,-0.000275590551181102,"76.42399999999995",68.4859999999999,66.6319999999999,64.13,35.9,18.4,27.4
"BOOI4","2023-08-11 03:00",65.714,99.3,0,0.13,8.98,53.3,-0.000196850393700787,"75.199999999999932",68.5039999999999,66.6319999999999,64.13,36.1,18.5,27.4
"BOOI4","2023-08-11 04:00",65.6419999999999,99.4,0,0,6.491,101.3,-0.000590551181102362,"74.353999999999886",68.5399999999999,66.6499999999999,64.13,36.5,18.5,27.4
"BOOI4","2023-08-11 05:00",64.1659999999999,97,0,0,4.937,159.2,-0.000590551181102362,"73.543999999999912",68.522,66.6679999999999,64.13,36.6,18.6,27.4
"BOOI4","2023-08-11 06:00",62.9419999999999,99.6,0,0,3.45,168.9,-0.000748031496062992,"72.499999999999929",68.5399999999999,66.6499999999999,64.1119999999999,36.6,18.7,27.4
"BOOI4","2023-08-11 07:00",64.7419999999999,99.4,90612,0,2.437,205.3,-0.00133858267716536,"71.761999999999887",68.522,66.6679999999999,64.148,36.6,18.8,27.4
"BOOI4","2023-08-11 08:00",70.646,95.5,581040,0,2.516,224.8,0.00216535433070866,"72.607999999999933",68.5039999999999,66.6859999999999,64.148,36.6,18.8,27.4
"BOOI4","2023-08-11 09:00",75.9919999999999,89.9,1193040,0,3.386,239.2,0.00744094488188976,"75.055999999999969",68.4679999999999,66.7039999999999,64.1119999999999,36.6,18.9,27.4
"BOOI4","2023-08-11 10:00",80.3659999999999,81.2,1837080,0,3.485,267.4,0.0132283464566929,"78.565999999999946",68.4319999999999,66.722,64.0939999999999,36.5,18.9,27.4
"BOOI4","2023-08-11 11:00",83.4619999999999,70.74,2397600,0,3.392,276.4,0.0188582677165354,"82.327999999999903",68.3779999999999,66.722,64.1119999999999,36.5,18.9,27.4
"BOOI4","2023-08-11 12:00",85.856,66.82,2820600,0,2.198,264.3,0.022755905511811,"86.755999999999958",68.3239999999999,66.74,64.1119999999999,36.4,18.8,27.4
"BOOI4","2023-08-11 13:00",86.5399999999999,65.52,3070800,0,2.398,257.7,0.0253149606299213,"89.887999999999877",68.306,66.74,64.0939999999999,36.3,18.8,27.4
"BOOI4","2023-08-11 14:00",86.7919999999999,54.8,3110400,0,2.119,247.5,0.0257874015748032,"92.569999999999894",68.288,66.74,64.1119999999999,36.2,18.7,27.3
"BOOI4","2023-08-11 15:00",87.2779999999999,62.2,2962800,0,2.882,229.4,0.0251968503937008,"94.675999999999917",68.2699999999999,66.722,64.0939999999999,36.2,18.7,27.3
"BOOI4","2023-08-11 16:00",87.5119999999999,59.21,2649960,0,3.258,237.2,0.0231496062992126,"95.359999999999914",68.3419999999999,66.74,64.1119999999999,36.1,18.6,27.3
"BOOI4","2023-08-11 17:00",87.4579999999999,61.73,2048760,0,2.895,234.2,0.0181496062992126,"94.459999999999908",68.3779999999999,66.74,64.1119999999999,36,18.5,27.4
"BOOI4","2023-08-11 18:00",85.7839999999999,68.93,1586520,0,3.225,219.5,0.0139763779527559,"93.109999999999914",68.4499999999999,66.74,64.13,36,18.5,27.4
"BOOI4","2023-08-11 19:00",84.9199999999999,73.74,882000,0,2.288,222.8,0.00740157480314961,"89.653999999999883",68.5399999999999,66.722,64.1119999999999,35.9,18.5,27.4
"BOOI4","2023-08-11 20:00",78.0619999999999,82,259524,0,2.901,230.2,0.00248031496062992,"86.593999999999909",68.63,66.7039999999999,64.0939999999999,36,18.5,27.4
"BOOI4","2023-08-11 21:00",73.8679999999999,91.7,23000.4,0,1.368,245.7,-0.000708661417322835,"83.839999999999961",68.738,66.74,64.0939999999999,36,18.5,27.4
"BOOI4","2023-08-11 22:00",70.6999999999999,96.8,0,0,0.418,252.4,-0.0012992125984252,"81.805999999999969",68.8279999999999,66.7579999999999,64.0759999999999,36,18.5,27.4
"BOOI4","2023-08-11 23:00",71.096,97.1,0,0,0.285,261.1,-0.00133858267716536,"80.257999999999939",68.9539999999999,66.722,64.0939999999999,36,18.5,27.4
"BOOI4","2023-08-12 00:00",72.3919999999999,92,0,0,2.708,299.8,-0.000669291338582677,"79.483999999999924",69.0079999999999,66.74,64.0939999999999,36,18.5,27.4
"BOOI4","2023-08-12 01:00",71.0419999999999,93.3,0,0,4.273,358.9,-0.000275590551181102,"78.349999999999937",69.08,66.7579999999999,64.0759999999999,36,18.5,27.3
"BOOI4","2023-08-12 02:00",69.782,90.8,0,0,6.09,12.33,-3.93700787401575e-05,"77.305999999999969",69.1339999999999,66.7759999999999,64.0759999999999,36,18.5,27.3
"BOOI4","2023-08-12 03:00",67.6759999999999,92.4,0,0,3.324,8.58,-0.00047244094488189,"76.063999999999965",69.1519999999999,66.7759999999999,64.0759999999999,36,18.5,27.3
"BOOI4","2023-08-12 04:00",66.0199999999999,96.2,0,0,0.521,358.7,-0.00133858267716536,"74.965999999999937",69.206,66.7939999999999,64.0939999999999,36,18.5,27.3
"BOOI4","2023-08-12 05:00",62.9239999999999,98.3,0,0,0.065,274.3,-0.00153543307086614,"73.9939999999999",69.188,66.8119999999999,64.0939999999999,36,18.5,27.3
"BOOI4","2023-08-12 06:00",61.7359999999999,99.3,36,0,0.157,260.3,-0.00149606299212598,"72.967999999999918",69.206,66.8659999999999,64.0759999999999,36,18.5,27.3
"BOOI4","2023-08-12 07:00",65.138,97.8,115236,0,1.97,289,-0.00118110236220473,"72.355999999999966",69.188,66.8659999999999,64.0759999999999,36,18.5,27.3
"BOOI4","2023-08-12 08:00",71.24,88.8,608760,0,1.555,292.1,0.00251968503937008,"73.093999999999909",69.1339999999999,66.848,64.0579999999999,36,18.5,27.3
"BOOI4","2023-08-12 09:00",74.6779999999999,80.4,1225800,0,2.742,282.9,0.00799212598425197,"75.343999999999909",69.1159999999999,66.8839999999999,64.0759999999999,36,18.5,27.4
"BOOI4","2023-08-12 10:00",78.5659999999999,70.6,1864080,0,1.93,273.4,0.0133858267716536,"78.475999999999928",69.0619999999999,66.9019999999999,64.0939999999999,36,18.5,27.4
"BOOI4","2023-08-12 11:00",80.0779999999999,72,2430360,0,2.467,248,0.0185433070866142,"82.309999999999917",69.0079999999999,66.938,64.0939999999999,35.9,18.4,27.4
"BOOI4","2023-08-12 12:00",81.6439999999999,64.95,2850120,0,3.032,248.5,0.0221653543307087,"85.621999999999971",68.972,66.938,64.0939999999999,35.8,18.4,27.4
"BOOI4","2023-08-12 13:00",83.0659999999999,62.34,3106800,0,3.491,250.8,0.0250787401574803,"88.231999999999957",68.8999999999999,66.956,64.0759999999999,35.7,18.4,27.4
"BOOI4","2023-08-12 14:00",83.696,60.94,3160800,0,3.747,254.9,0.0261417322834646,"90.391999999999925",68.864,66.956,64.0939999999999,35.7,18.3,27.4
"BOOI4","2023-08-12 15:00",84.488,58.31,3013200,0,4.2,267.8,0.0257874015748032,"91.957999999999942",68.846,66.9739999999999,64.0759999999999,35.6,18.2,27.3
"BOOI4","2023-08-12 16:00",84.596,56.04,2690640,0,3.828,268.3,0.0234251968503937,"92.785999999999902",68.864,66.9739999999999,64.0759999999999,35.5,18.1,27.3
"BOOI4","2023-08-12 17:00",85.0999999999999,52.81,2199240,0,3.782,272.7,0.0198031496062992,"92.911999999999992",68.8819999999999,66.9739999999999,64.0759999999999,35.5,18.1,27.3
"BOOI4","2023-08-12 18:00",83.9119999999999,51.74,1613160,0,3.518,273.1,0.0149606299212598,"92.047999999999959",68.8999999999999,66.956,64.0759999999999,35.4,18.1,27.3
"BOOI4","2023-08-12 19:00",84.8119999999999,60.65,902160,0,1.286,266.7,0.00677165354330709,"88.699999999999932",68.99,66.9919999999999,64.0759999999999,35.4,18,27.3
"BOOI4","2023-08-12 20:00",77.3239999999999,72.95,246276,0,0.063,245.3,0.00047244094488189,"85.909999999999911",69.0439999999999,66.9739999999999,64.0759999999999,35.4,18,27.3
"BOOI4","2023-08-12 21:00",72.5179999999999,86.1,13701.6,0,0,0,-0.00153543307086614,"83.335999999999899",69.098,66.9739999999999,64.0759999999999,35.4,18,27.3
"BOOI4","2023-08-12 22:00",68.6119999999999,92,0,0,0.009,256.2,-0.0015748031496063,"81.21199999999989",69.1699999999999,66.9739999999999,64.0759999999999,35.4,18,27.4
"BOOI4","2023-08-12 23:00",67.298,94.4,0,0,0.371,251.4,-0.00141732283464567,"79.627999999999901",69.2239999999999,66.9739999999999,64.0759999999999,35.4,18,27.4
"BOOI4","2023-08-13 00:00",66.272,95.8,0,0,0.261,250.6,-0.00141732283464567,"78.331999999999951",69.2599999999999,66.9919999999999,64.0759999999999,35.4,18,27.4
"BOOI4","2023-08-13 01:00",66.2539999999999,96.1,0,0,0.225,252.3,-0.00145669291338583,"77.233999999999924",69.296,67.0099999999999,64.1119999999999,35.4,18,27.4
"BOOI4","2023-08-13 02:00",65.48,96.7,0,0,0.023,252.3,-0.00153543307086614,"76.297999999999959",69.296,67.0099999999999,64.0939999999999,35.4,18.1,27.4
"BOOI4","2023-08-13 03:00",65.1199999999999,95.9,0,0,0,0,-0.0015748031496063,"75.361999999999895",69.296,67.046,64.0939999999999,35.4,18.1,27.4
"BOOI4","2023-08-13 04:00",65.2999999999999,95.4,0,0,0.335,9.53,-0.00141732283464567,"74.659999999999911",69.296,67.0099999999999,64.0579999999999,35.4,18.1,27.4
"BOOI4","2023-08-13 05:00",66.38,95.6,0,0,0,0,-0.0015748031496063,"74.389999999999958",69.2599999999999,67.046,64.0939999999999,35.4,18.1,27.4
"BOOI4","2023-08-13 06:00",66.506,95.5,0,0,0,0,-0.0015748031496063,"74.155999999999963",69.2239999999999,67.064,64.0759999999999,35.4,18.1,27.4
"BOOI4","2023-08-13 07:00",67.082,97.4,12222,0.01,0.511,306.9,0.00015748031496063,"74.011999999999887",69.1519999999999,67.064,64.0759999999999,35.4,18.1,27.4
"BOOI4","2023-08-13 08:00",66.6679999999999,95.5,74376,0,3.759,289,0.000826771653543307,"73.70599999999996",69.098,67.064,64.0939999999999,35.4,18,27.4
"BOOI4","2023-08-13 09:00",66.9199999999999,94.4,197640,0.02,2.609,326.7,0.00165354330708661,"73.507999999999939",69.0439999999999,67.064,64.0759999999999,35.4,18,27.4
"BOOI4","2023-08-13 10:00",67.64,96.4,386280,0,3.682,127.8,0.00291338582677165,"73.633999999999929",69.0079999999999,67.064,64.0939999999999,35.4,18,27.4
"BOOI4","2023-08-13 11:00",71.798,92.6,1200600,0,5.163,70.97,0.00779527559055118,"74.839999999999961",68.9179999999999,67.0999999999999,64.1119999999999,35.4,18,27.4
"BOOI4","2023-08-13 12:00",73.4539999999999,83.7,2250360,0,5.855,114.9,0.015748031496063,"78.403999999999883",68.8819999999999,67.0999999999999,64.0939999999999,35.3,18.1,27.4
"BOOI4","2023-08-13 13:00",74.588,77.22,1421640,0,6.206,136.1,0.0116535433070866,"79.843999999999909",68.8279999999999,67.0999999999999,64.0939999999999,35.3,18,27.3
"BOOI4","2023-08-13 14:00",75.956,68.1,2736720,0,7.126,168.3,0.0212992125984252,"82.309999999999917",68.756,67.082,64.0939999999999,35.3,18,27.4
"BOOI4","2023-08-13 15:00",76.532,67.33,2329920,0,4.866,151.2,0.0190551181102362,"84.253999999999891",68.7019999999999,67.082,64.1119999999999,35.3,17.9,27.3
"BOOI4","2023-08-13 16:00",75.74,64.13,1846080,0,6.087,156.4,0.0168897637795276,"85.405999999999963",68.6839999999999,67.0999999999999,64.0939999999999,35.2,17.9,27.3
"BOOI4","2023-08-13 17:00",74.4079999999999,73.9,629640,0,4.666,155.5,0.00791338582677165,"84.361999999999895",68.6839999999999,67.082,64.1119999999999,35.1,17.9,27.3
"BOOI4","2023-08-13 18:00",73.0039999999999,75.63,523800,0,4.564,163.5,0.00645669291338583,"83.119999999999891",68.6839999999999,67.082,64.0939999999999,35.1,17.8,27.3
"BOOI4","2023-08-13 19:00",71.996,79.51,142164,0,1.76,150.4,0.00200787401574803,"81.643999999999906",68.7019999999999,67.064,64.0939999999999,35.1,17.8,27.3
"BOOI4","2023-08-13 20:00",70.7359999999999,82.6,97164,0,2.082,162.1,0.00145669291338583,"80.275999999999925",68.738,67.046,64.1119999999999,35.1,17.8,27.3
"BOOI4","2023-08-13 21:00",67.4419999999999,93,30780,0,2.305,171.6,0.000590551181102362,"78.79999999999994",68.738,67.046,64.1119999999999,35.2,17.8,27.3
"BOOI4","2023-08-13 22:00",66.3439999999999,95.4,0,0,1.541,181.8,7.8740157480315e-05,"77.395999999999987",68.756,67.064,64.1119999999999,35.2,17.8,27.3
"BOOI4","2023-08-13 23:00",65.624,94.3,0,0,1.154,209.4,3.93700787401575e-05,"76.315999999999946",68.7739999999999,67.064,64.0939999999999,35.2,17.8,27.3
"BOOI4","2023-08-14 00:00",66.488,92.9,0,0,2.152,213.9,0.00015748031496063,"75.541999999999931",68.756,67.046,64.0939999999999,35.2,17.8,27.4
"BOOI4","2023-08-14 01:00",66.2179999999999,91.1,0,0,2.201,226.8,0.000275590551181102,"74.965999999999937",68.7739999999999,67.046,64.1119999999999,35.2,17.8,27.3
"BOOI4","2023-08-14 02:00",63.5179999999999,97.9,0,0,1.91,252.8,0.000118110236220472,"74.029999999999973",68.756,67.046,64.1119999999999,35.2,17.8,27.4
"BOOI4","2023-08-14 03:00",63.806,99.8,0,0,1.01,260.1,-3.93700787401575e-05,"73.183999999999926",68.7199999999999,67.046,64.1119999999999,35.2,17.8,27.4
"BOOI4","2023-08-14 04:00",62.7619999999999,94.6,0,0,4.186,273.2,7.8740157480315e-05,"72.481999999999957",68.6839999999999,67.046,64.1119999999999,35.2,17.8,27.3
"BOOI4","2023-08-14 05:00",60.2599999999999,96.7,0,0,4.864,270.6,0.000275590551181102,"71.527999999999892",68.648,67.0279999999999,64.1119999999999,35.2,17.8,27.3
"BOOI4","2023-08-14 06:00",59.2519999999999,99.4,0,0,3.789,267.9,3.93700787401575e-05,"70.447999999999965",68.6119999999999,67.0279999999999,64.13,35.1,17.9,27.3
"BOOI4","2023-08-14 07:00",60.1159999999999,99.1,98892,0,4.147,267,-0.00125984251968504,"69.67399999999995",68.5579999999999,67.0279999999999,64.1119999999999,35.2,17.9,27.3
"BOOI4","2023-08-14 08:00",62.6359999999999,92.3,548640,0,6,271.1,0.00181102362204724,"69.817999999999913",68.5039999999999,67.0099999999999,64.1119999999999,35.2,17.9,27.4
"BOOI4","2023-08-14 09:00",62.33,92.1,587520,0,6.032,266.1,0.00385826771653543,"70.249999999999929",68.396,67.0279999999999,64.13,35.2,17.9,27.4
"BOOI4","2023-08-14 10:00",63.1579999999999,91,629280,0,6.122,262.3,0.00464566929133858,"70.825999999999922",68.3419999999999,67.0099999999999,64.13,35.2,17.8,27.3
"BOOI4","2023-08-14 11:00",64.49,93.1,1054440,0,6.018,258.2,0.00704724409448819,"71.815999999999946",68.2699999999999,66.9919999999999,64.148,35.1,17.8,27.3
"BOOI4","2023-08-14 12:00",64.4359999999999,97.5,843120,0.01,5.024,249.5,0.00543307086614173,"72.517999999999915",68.1619999999999,66.9919999999999,64.1119999999999,35.1,17.8,27.4
"BOOI4","2023-08-14 13:00",65.4259999999999,97.2,1019880,0.08,5.369,266.8,0.00637795275590551,"73.291999999999931",68.072,66.9739999999999,64.13,35.1,17.8,27.3
"BOOI4","2023-08-14 14:00",67.8199999999999,92.5,1431360,0.13,6.474,299.1,0.00862204724409449,"73.831999999999951",67.982,66.9739999999999,64.13,35.1,17.9,27.3
"BOOI4","2023-08-14 15:00",68.0359999999999,86.2,1811520,0,7.671,346,0.0118110236220472,"74.929999999999978",67.9279999999999,66.956,64.13,35.3,17.9,27.3
"BOOI4","2023-08-14 16:00",68.6659999999999,82.6,1297800,0,7.852,350.9,0.00988188976377953,"75.181999999999945",67.838,66.938,64.13,35.4,17.9,27.3
"BOOI4","2023-08-14 17:00",72.7699999999999,70.08,1726920,0.01,8.24,347.9,0.0135826771653543,"75.685999999999908",67.8019999999999,66.938,64.148,35.4,17.9,27.3
"BOOI4","2023-08-14 18:00",69.3679999999999,83.1,1426680,0,8.5,333.2,0.0121653543307087,"75.41599999999994",67.7659999999999,66.8659999999999,64.148,35.4,17.9,27.3
"BOOI4","2023-08-14 19:00",67.2619999999999,87.3,646200,0,9.56,338.8,0.00519685039370079,"74.263999999999967",67.6939999999999,66.8839999999999,64.13,35.3,17.9,27.3
"BOOI4","2023-08-14 20:00",65.372,88.7,154584,0,11.12,344,0.00279527559055118,"73.003999999999891",67.6579999999999,66.8659999999999,64.1659999999999,35.3,17.9,27.4
"BOOI4","2023-08-14 21:00",63.8599999999999,93.1,5144.4,0,8.84,344.3,0.000118110236220472,"71.779999999999973",67.6579999999999,66.848,64.148,35.3,17.9,27.4
"BOOI4","2023-08-14 22:00",62.906,96.3,0,0,7.405,343.2,-0.000196850393700787,"70.843999999999909",67.5859999999999,66.7939999999999,64.1119999999999,35.3,17.9,27.4
"BOOI4","2023-08-14 23:00",62.2039999999999,98.3,0,0,6.249,343.5,-0.000433070866141732,"70.177999999999898",67.5859999999999,66.8119999999999,64.13,35.3,17.9,27.4
"BOOI4","2023-08-15 00:00",61.3039999999999,97.9,0,0,5.126,343.2,-0.00047244094488189,"69.547999999999959",67.514,66.7579999999999,64.148,35.3,17.9,27.4
"BOOI4","2023-08-15 01:00",59.4499999999999,98.7,0,0,4.224,348.3,-0.000551181102362205,"68.683999999999926",67.514,66.7579999999999,64.13,35.3,17.9,27.4
"BOOI4","2023-08-15 02:00",58.622,98.1,0,0,4.491,349,-0.000551181102362205,"67.729999999999976",67.4419999999999,66.722,64.13,35.4,18,27.4
"BOOI4","2023-08-15 03:00",57.4339999999999,98.7,0,0,3.748,346,-0.000590551181102362,"66.82999999999997",67.3699999999999,66.6859999999999,64.13,35.4,18,27.4
"BOOI4","2023-08-15 04:00",55.4539999999999,100,0,0,0.451,301.7,-0.00118110236220473,"65.983999999999924",67.3339999999999,66.6859999999999,64.1119999999999,35.4,18,27.4
"BOOI4","2023-08-15 05:00",55.9759999999999,100,0,0,1.672,298,-0.000905511811023622,"65.263999999999967",67.2619999999999,66.6679999999999,64.13,35.3,18,27.4
"BOOI4","2023-08-15 06:00",55.238,100,0,0,1.217,317.5,-0.000984251968503937,"64.615999999999943",67.172,66.6499999999999,64.13,35.3,18,27.4
"BOOI4","2023-08-15 07:00",56.2999999999999,99.8,91224,0,1.511,314.3,-0.00145669291338583,"64.075999999999922",67.064,66.6319999999999,64.1119999999999,35.3,18,27.4
"BOOI4","2023-08-15 08:00",60.9079999999999,94.2,608400,0,2.003,312.7,0.0018503937007874,"64.435999999999908",66.9919999999999,66.614,64.148,35.3,18,27.4
"BOOI4","2023-08-15 09:00",65.5699999999999,86.7,1193040,0,3.352,317.3,0.00645669291338583,"66.199999999999932",66.8839999999999,66.5779999999999,64.148,35.2,18,27.5
"BOOI4","2023-08-15 10:00",69.1519999999999,78.67,1829520,0,4.127,329,0.0116929133858268,"68.845999999999989",66.7939999999999,66.5779999999999,64.148,35.3,18,27.5
"BOOI4","2023-08-15 11:00",71.5099999999999,75.23,2392200,0,5,336.7,0.016496062992126,"71.635999999999896",66.6859999999999,66.5419999999999,64.1119999999999,35.2,17.9,27.5
"BOOI4","2023-08-15 12:00",73.5259999999999,65.96,2828520,0,4.659,339.4,0.0206692913385827,"74.623999999999953",66.596,66.506,64.1119999999999,35.1,17.9,27.4
"BOOI4","2023-08-15 13:00",75.488,62.45,3063600,0,3.541,327,0.0230314960629921,"77.611999999999895",66.506,66.4519999999999,64.13,35.1,17.8,27.4
"BOOI4","2023-08-15 14:00",76.514,58.11,2912400,0,2.785,321.6,0.0223622047244094,"80.257999999999939",66.4339999999999,66.4339999999999,64.13,35,17.8,27.4
"BOOI4","2023-08-15 15:00",76.64,54.79,2901600,0,2.375,327.6,0.022244094488189,"82.543999999999912",66.38,66.398,64.1119999999999,35,17.7,27.4
"BOOI4","2023-08-15 16:00",74.264,62.67,2242080,0,1.798,300.6,0.0174015748031496,"83.641999999999925",66.3439999999999,66.38,64.148,34.9,17.6,27.4
"BOOI4","2023-08-15 17:00",78.296,56.46,1942560,0,1.329,273.2,0.0144881889763779,"84.073999999999941",66.3259999999999,66.3439999999999,64.1119999999999,34.9,17.7,27.3
"BOOI4","2023-08-15 18:00",77.0539999999999,59.39,1574280,0,2.381,266.2,0.0124015748031496,"83.659999999999911",66.3259999999999,66.3259999999999,64.13,34.8,17.6,27.3
"BOOI4","2023-08-15 19:00",75.9199999999999,64.55,860040,0,1.21,265.7,0.00574803149606299,"80.725999999999928",66.398,66.272,64.13,34.8,17.6,27.4
"BOOI4","2023-08-15 20:00",65.714,89.5,155736,0,0,0,0.000275590551181102,"78.025999999999925",66.4339999999999,66.2359999999999,64.1119999999999,34.8,17.6,27.4
"BOOI4","2023-08-15 21:00",65.39,82.4,22989.6,0,0.004,235.6,-0.00153543307086614,"75.901999999999916",66.506,66.1999999999999,64.1119999999999,34.8,17.6,27.4
"BOOI4","2023-08-15 22:00",63.1579999999999,85.6,0,0,0,0,-0.00169291338582677,"74.065999999999946",66.5239999999999,66.1819999999999,64.1119999999999,34.8,17.6,27.3
"BOOI4","2023-08-15 23:00",61.1419999999999,86.7,0,0,0,0,-0.00169291338582677,"72.553999999999888",66.5779999999999,66.164,64.1119999999999,34.8,17.6,27.3
"BOOI4","2023-08-16 00:00",60.548,86.1,0,0,0,0,-0.00169291338582677,"71.239999999999952",66.614,66.146,64.1119999999999,34.8,17.6,27.3
"BOOI4","2023-08-16 01:00",59.6119999999999,89.7,0,0,0,0,-0.00169291338582677,"70.141999999999925",66.614,66.1099999999999,64.0939999999999,34.8,17.6,27.3
"BOOI4","2023-08-16 02:00",58.3519999999999,93.3,0,0,0.023,237.7,-0.00161417322834646,"69.133999999999929",66.614,66.1099999999999,64.0939999999999,34.8,17.6,27.3
"BOOI4","2023-08-16 03:00",57.7939999999999,96.5,0,0,0.259,221.6,-0.00145669291338583,"68.25199999999991",66.5599999999999,66.0739999999999,64.0939999999999,34.8,17.6,27.3
"BOOI4","2023-08-16 04:00",57.1099999999999,97.7,0,0,0.165,234.7,-0.00149606299212598,"67.42399999999995",66.5419999999999,66.056,64.0759999999999,34.8,17.6,27.3
"BOOI4","2023-08-16 05:00",55.9039999999999,98.5,0,0,0.033,230.3,-0.0015748031496063,"66.70399999999988",66.488,66.038,64.0759999999999,34.9,17.6,27.3
"BOOI4","2023-08-16 06:00",54.914,99.5,0,0,0.386,220.7,-0.00141732283464567,"65.965999999999937",66.4339999999999,66.0199999999999,64.0579999999999,34.9,17.6,27.3
"BOOI4","2023-08-16 07:00",56.93,98.5,92664,0,0.805,217.5,-0.00149606299212598,"65.46199999999989",66.3619999999999,66.038,64.0759999999999,34.8,17.6,27.3
"BOOI4","2023-08-16 08:00",62.6539999999999,92.8,551880,0,1.912,203,0.00161417322834646,"66.109999999999914",66.272,66.0019999999999,64.0759999999999,34.8,17.6,27.3
"BOOI4","2023-08-16 09:00",67.7659999999999,85.2,1177200,0,3.36,201.1,0.00665354330708662,"68.233999999999924",66.2179999999999,66.0019999999999,64.0579999999999,34.8,17.6,27.3
"BOOI4","2023-08-16 10:00",71.6539999999999,77.54,1792440,0,5.329,206.6,0.012244094488189,"71.113999999999962",66.1099999999999,65.9659999999999,64.0399999999999,34.7,17.6,27.2
"BOOI4","2023-08-16 11:00",74.1919999999999,74.39,2343600,0,5.733,208.9,0.0171259842519685,"74.425999999999917",66.038,65.93,64.0399999999999,34.8,17.5,27.2
"BOOI4","2023-08-16 12:00",76.8199999999999,72.14,2771640,0,6.792,203.7,0.0209842519685039,"77.719999999999899",65.93,65.93,64.0579999999999,34.7,17.4,27.2
"BOOI4","2023-08-16 13:00",78.5659999999999,68.86,3024000,0,7.711,199.5,0.0239763779527559,"81.031999999999954",65.8759999999999,65.9119999999999,64.0399999999999,34.6,17.3,27.2
"BOOI4","2023-08-16 14:00",80.33,70.34,3074400,0,7.919,202.3,0.0251968503937008,"84.145999999999987",65.822,65.8759999999999,64.0399999999999,34.6,17.3,27.2
"BOOI4","2023-08-16 15:00",80.9239999999999,69.09,2919600,0,8.67,196.6,0.0247637795275591,"86.629999999999981",65.8039999999999,65.8579999999999,64.022,34.5,17.3,27.2
"BOOI4","2023-08-16 16:00",81.3919999999999,67.26,2584440,0,9.51,196.5,0.022992125984252,"88.051999999999907",65.822,65.8579999999999,64.022,34.5,17.2,27.2
"BOOI4","2023-08-16 17:00",80.7079999999999,69.55,2094480,0,9.84,194.3,0.0199212598425197,"88.267999999999915",65.822,65.8039999999999,64.022,34.4,17.2,27.1
"BOOI4","2023-08-16 18:00",79.6279999999999,69.91,1350000,0,9.86,195,0.0148818897637795,"87.349999999999937",65.9119999999999,65.8039999999999,64.022,34.4,17.1,27.1
"BOOI4","2023-08-16 19:00",78.0079999999999,74.37,694800,0,9.11,191.9,0.00933070866141732,"85.207999999999942",66.0019999999999,65.7499999999999,63.9859999999999,34.4,17.1,27.1
"BOOI4","2023-08-16 20:00",74.3179999999999,80.9,320040,0,6.905,196.3,0.00417322834645669,"82.975999999999928",66.0739999999999,65.732,64.022,34.4,17,27.1
"BOOI4","2023-08-16 21:00",71.9779999999999,86.3,13856.4,0,5.388,197.1,0.000511811023622047,"80.815999999999946",66.164,65.714,64.0039999999999,34.4,17.1,27.1
"BOOI4","2023-08-16 22:00",71.1679999999999,87,0,0,5.386,197.8,0.000275590551181102,"79.159999999999911",66.272,65.6599999999999,63.9679999999999,34.4,17.1,27.1
"BOOI4","2023-08-16 23:00",69.5659999999999,90.5,0,0,4.61,204.1,7.8740157480315e-05,"77.773999999999944",66.38,65.696,63.9859999999999,34.4,17.1,27.1
"BOOI4","2023-08-17 00:00",70.3759999999999,89.4,0,0,3.87,213.1,-0.000196850393700787,"76.83799999999998",66.4519999999999,65.6779999999999,63.9859999999999,34.5,17.1,27.1
"BOOI4","2023-08-17 01:00",71.0419999999999,87.7,0,0,4.749,243.9,0.000118110236220472,"76.297999999999959",66.4699999999999,65.6599999999999,63.9679999999999,34.5,17.1,27.1
"BOOI4","2023-08-17 02:00",70.7899999999999,90.4,0,0,2.942,268.1,-0.000275590551181102,"75.883999999999929",66.5599999999999,65.6419999999999,64.0039999999999,34.5,17.1,27.1
"BOOI4","2023-08-17 03:00",69.1699999999999,92.5,0,0,2.612,298.4,-0.000354330708661417,"75.505999999999958",66.5779999999999,65.6599999999999,63.9679999999999,34.5,17.1,27.1
"BOOI4","2023-08-17 04:00",65.4619999999999,92.2,0,0,1.706,301.3,-0.000748031496062992,"74.353999999999886",66.6499999999999,65.6779999999999,63.9679999999999,34.5,17.1,27.1
"BOOI4","2023-08-17 05:00",64.6159999999999,86.6,0,0,2.802,289.6,-0.000393700787401575,"73.309999999999917",66.6499999999999,65.6599999999999,63.9499999999999,34.5,17.1,27
"BOOI4","2023-08-17 06:00",63.5539999999999,84.8,0,0,3.6,298.3,-3.93700787401575e-05,"72.21199999999989",66.6859999999999,65.624,63.9499999999999,34.5,17.1,27
"BOOI4","2023-08-17 07:00",63.1579999999999,83.7,61416,0,4.102,308,-0.00031496062992126,"71.221999999999966",66.7039999999999,65.624,63.9499999999999,34.5,17.1,27
"BOOI4","2023-08-17 08:00",66.164,77.07,531720,0,4.575,307,0.00318897637795276,"71.023999999999944",66.6859999999999,65.6599999999999,63.932,34.5,17.1,27
"BOOI4","2023-08-17 09:00",68.6839999999999,70.76,1179360,0,5.335,318.9,0.00862204724409449,"71.941999999999936",66.6859999999999,65.6419999999999,63.914,34.5,17.1,27
"BOOI4","2023-08-17 10:00",69.872,65.72,1829520,0,6.358,325.4,0.0140157480314961,"73.723999999999947",66.6499999999999,65.6599999999999,63.914,34.5,17,27.1
"BOOI4","2023-08-17 11:00",71.8159999999999,61.94,2383560,0,6.91,324.8,0.0185433070866142,"76.171999999999969",66.6499999999999,65.6419999999999,63.914,34.4,17.1,27.1
"BOOI4","2023-08-17 12:00",71.456,59.85,2799360,0,8.44,326.6,0.0224015748031496,"78.547999999999959",66.614,65.6419999999999,63.914,34.4,17,27.1
"BOOI4","2023-08-17 13:00",72.806,60.51,3052800,0,8.61,327.4,0.0241732283464567,"80.833999999999932",66.5779999999999,65.6419999999999,63.932,34.3,16.9,27
"BOOI4","2023-08-17 14:00",72.914,54.52,3096000,0,8.47,322.8,0.0247637795275591,"83.029999999999973",66.5419999999999,65.6779999999999,63.896,34.2,16.9,27
"BOOI4","2023-08-17 15:00",74.5519999999999,59.33,2959200,0,8.01,323.2,0.0243307086614173,"84.901999999999916",66.506,65.6779999999999,63.896,34.2,16.8,27
"BOOI4","2023-08-17 16:00",74.4259999999999,54.49,2526120,0,8.25,336.4,0.0223622047244094,"85.747999999999962",66.506,65.6599999999999,63.8779999999999,34.2,16.8,27
"BOOI4","2023-08-17 17:00",74.1739999999999,55.33,2126520,0,9.13,339.8,0.0205118110236221,"85.585999999999899",66.488,65.6779999999999,63.896,34.1,16.7,27
"BOOI4","2023-08-17 18:00",73.7419999999999,55.2,1513440,0,7.764,339.1,0.0155118110236221,"84.685999999999908",66.5239999999999,65.6779999999999,63.896,34,16.7,27
"BOOI4","2023-08-17 19:00",72.0499999999999,61.74,826560,0,5.98,345.3,0.0094488188976378,"82.381999999999948",66.5599999999999,65.6599999999999,63.8599999999999,34,16.7,26.9
"BOOI4","2023-08-17 20:00",66.2899999999999,75.42,259992,0,2.689,345.1,0.0015748031496063,"80.059999999999917",66.5599999999999,65.6599999999999,63.8599999999999,34,16.6,26.9
"BOOI4","2023-08-17 21:00",62.1679999999999,83.9,8820,0,0.862,339.3,-0.000984251968503937,"77.881999999999948",66.5779999999999,65.624,63.8599999999999,34,16.6,26.8
"BOOI4","2023-08-17 22:00",62.1679999999999,82.6,0,0,0.091,287.3,-0.00153543307086614,"76.00999999999992",66.614,65.6419999999999,63.8419999999999,34,16.6,26.8
"BOOI4","2023-08-17 23:00",60.53,83,0,0,0.258,295.2,-0.00141732283464567,"74.515999999999948",66.614,65.6419999999999,63.8599999999999,34,16.6,26.8
"BOOI4","2023-08-18 00:00",61.7359999999999,78.97,0,0,1.052,300,-0.000905511811023622,"73.219999999999899",66.596,65.6599999999999,63.8239999999999,34,16.7,26.8
"BOOI4","2023-08-18 01:00",58.6939999999999,84.3,0,0,0.569,305.8,-0.00122047244094488,"72.031999999999954",66.5599999999999,65.606,63.8239999999999,34,16.7,26.8
"BOOI4","2023-08-18 02:00",55.8859999999999,93.6,0,0,1.15,268.3,-0.00102362204724409,"70.843999999999909",66.5239999999999,65.624,63.806,34,16.7,26.8
"BOOI4","2023-08-18 03:00",54.6619999999999,97.1,0,0,0.592,273.5,-0.00125984251968504,"69.871999999999971",66.488,65.6419999999999,63.8239999999999,34,16.7,26.8
"BOOI4","2023-08-18 04:00",54.464,97.9,0,0,0.242,262.9,-0.00137795275590551,"69.007999999999939",66.4159999999999,65.606,63.8239999999999,34.1,16.7,26.7
"BOOI4","2023-08-18 05:00",54.122,97.6,0,0,0.012,231.9,-0.00149606299212598,"68.197999999999965",66.3439999999999,65.606,63.806,34.1,16.7,26.8
"BOOI4","2023-08-18 06:00",54.122,98.1,0,0,0.028,221.6,-0.00149606299212598,"67.513999999999967",66.2539999999999,65.6419999999999,63.8239999999999,34.1,16.7,26.8
"BOOI4","2023-08-18 07:00",56.4439999999999,93.7,55764,0,0.479,192.1,-0.00102362204724409,"66.973999999999947",66.164,65.606,63.788,34.1,16.7,26.8
"BOOI4","2023-08-18 08:00",59.972,89.7,464040,0,3.209,165.4,0.00161417322834646,"67.315999999999946",66.056,65.588,63.806,34.1,16.7,26.7
"BOOI4","2023-08-18 09:00",64.7419999999999,86.4,1012680,0,3.121,178.5,0.00562992125984252,"68.899999999999935",65.948,65.588,63.7699999999999,34.1,16.7,26.7
"BOOI4","2023-08-18 10:00",68.7019999999999,78.83,1514520,0,5.374,177.8,0.0101574803149606,"71.365999999999943",65.7859999999999,65.588,63.788,33.9,16.7,26.7
"BOOI4","2023-08-18 11:00",70.646,72.1,2054520,0,7.719,179.8,0.0151574803149606,"74.227999999999895",65.732,65.5699999999999,63.788,33.9,16.6,26.7
"BOOI4","2023-08-18 12:00",72.8239999999999,66.96,2386440,0,8.19,178,0.0188582677165354,"77.395999999999987",65.624,65.5339999999999,63.7699999999999,33.9,16.6,26.7
"BOOI4","2023-08-18 13:00",74.0659999999999,62.92,2604240,0,7.49,187.9,0.0212204724409449,"80.473999999999947",65.5339999999999,65.5519999999999,63.788,33.8,16.5,26.7
"BOOI4","2023-08-18 14:00",75.9019999999999,60.62,2672280,0,8.19,183,0.0225196850393701,"83.245999999999981",65.4259999999999,65.498,63.788,33.8,16.5,26.7
"BOOI4","2023-08-18 15:00",76.28,58.64,2507760,0,9.41,168.7,0.022755905511811,"85.405999999999963",65.39,65.4619999999999,63.7519999999999,33.8,16.4,26.7
"BOOI4","2023-08-18 16:00",76.946,60.64,2242800,0,9.74,171.8,0.0217322834645669,"86.647999999999954",65.39,65.4619999999999,63.7519999999999,33.7,16.3,26.6
"BOOI4","2023-08-18 17:00",77.414,57.67,1837800,0,9.77,173.4,0.0193307086614173,"87.025999999999925",65.4079999999999,65.4259999999999,63.7519999999999,33.6,16.3,26.6
"BOOI4","2023-08-18 18:00",76.6939999999999,61.66,1213920,0,9.5,164.5,0.0151181102362205,"86.323999999999941",65.4259999999999,65.4079999999999,63.7699999999999,33.6,16.2,26.6
"BOOI4","2023-08-18 19:00",75.1999999999999,66.88,745920,0,8.04,160.6,0.0102362204724409,"84.289999999999949",65.48,65.3539999999999,63.7519999999999,33.6,16.2,26.6
"BOOI4","2023-08-18 20:00",70.196,77.19,183312,0,6.62,158,0.00409448818897638,"81.949999999999932",65.5339999999999,65.372,63.7339999999999,33.6,16.2,26.6
"BOOI4","2023-08-18 21:00",67.6579999999999,81.4,6436.8,0,7.178,157.6,0.00106299212598425,"79.789999999999949",65.606,65.3359999999999,63.7339999999999,33.6,16.2,26.6
"BOOI4","2023-08-18 22:00",65.7679999999999,86.6,0,0,6.759,158.9,0.000551181102362205,"77.971999999999966",65.6779999999999,65.3359999999999,63.7519999999999,33.6,16.2,26.5
"BOOI4","2023-08-18 23:00",64.9579999999999,89.7,0,0,4.661,161.8,7.8740157480315e-05,"76.54999999999994",65.732,65.282,63.7159999999999,33.6,16.2,26.5
"BOOI4","2023-08-19 00:00",63.9859999999999,92,0,0,3.645,142,-0.00015748031496063,"75.397999999999954",65.8039999999999,65.2999999999999,63.7519999999999,33.6,16.3,26.5
"BOOI4","2023-08-19 01:00",63.5539999999999,93.1,0,0,4.552,144,-0.000118110236220472,"74.425999999999917",65.822,65.264,63.7159999999999,33.6,16.2,26.1
"BOOI4","2023-08-19 02:00",63.1939999999999,94.6,0,0,5.035,145,-0.000196850393700787,"73.57999999999997",65.822,65.264,63.7159999999999,33.7,16.2,26.1
"BOOI4","2023-08-19 03:00",63.1939999999999,94.1,0,0,5.955,144.7,-0.000118110236220472,"72.895999999999987",65.822,65.246,63.698,33.7,16.2,26.1
"BOOI4","2023-08-19 04:00",62.9779999999999,94.8,0,0,8.64,159.4,3.93700787401575e-05,"72.319999999999894",65.8579999999999,65.264,63.7159999999999,33.7,16.2,26.1
"BOOI4","2023-08-19 05:00",63.5359999999999,94.1,0,0,7.829,160.4,0,"71.833999999999932",65.822,65.246,63.7159999999999,33.7,16.2,26.1
"BOOI4","2023-08-19 06:00",64.0039999999999,93.9,0,0,7.01,161.9,-3.93700787401575e-05,"71.473999999999947",65.7859999999999,65.2279999999999,63.7159999999999,33.7,16.2,26
"BOOI4","2023-08-19 07:00",64.796,93.9,43560,0,8.24,159.6,0.000118110236220472,"71.239999999999952",65.7679999999999,65.2279999999999,63.6619999999999,33.7,16.2,26
"BOOI4","2023-08-19 08:00",67.838,90,400320,0,8.74,165.1,0.00240157480314961,"71.7439999999999",65.7679999999999,65.2099999999999,63.698,33.7,16.2,26
"BOOI4","2023-08-19 09:00",71.546,87,971640,0,10.72,167,0.00681102362204724,"73.147999999999954",65.732,65.1919999999999,63.698,33.7,16.2,25.9
"BOOI4","2023-08-19 10:00",76.1539999999999,84.4,1579320,0,9.8,179.3,0.0115354330708661,"75.721999999999966",65.6779999999999,65.1739999999999,63.6439999999999,33.6,16.2,25.9
"BOOI4","2023-08-19 11:00",79.214,81.8,2084040,0,10.07,179.7,0.0160236220472441,"79.105999999999966",65.6419999999999,65.1739999999999,63.68,33.5,16.2,25.9
"BOOI4","2023-08-19 12:00",82.598,78.96,2466000,0,7.348,191.9,0.0198425196850394,"83.281999999999954",65.6419999999999,65.1919999999999,63.6619999999999,33.5,16.1,25.9
"BOOI4","2023-08-19 13:00",84.7039999999999,77.45,2681640,0,7.595,191,0.0221653543307087,"87.007999999999939",65.606,65.1739999999999,63.6439999999999,33.5,16,25.8
"BOOI4","2023-08-19 14:00",86.864,75.14,2717280,0,7.223,189.5,0.0231889763779528,"90.715999999999937",65.606,65.156,63.6439999999999,33.5,16,25.8
"BOOI4","2023-08-19 15:00",86.8999999999999,75.65,1923840,0,5.588,191.4,0.0174015748031496,"92.857999999999933",65.6599999999999,65.156,63.6439999999999,33.4,16,25.8
"BOOI4","2023-08-19 16:00",88.3939999999999,74.96,2006640,0,5.244,193.7,0.0182283464566929,"94.693999999999903",65.714,65.138,63.6259999999999,33.3,15.9,25.8
"BOOI4","2023-08-19 17:00",90.662,72.46,1494000,0,3.177,209.5,0.0134645669291339,"95.647999999999954",65.7859999999999,65.156,63.6439999999999,33.3,15.8,25.8
"BOOI4","2023-08-19 18:00",90.7159999999999,72.43,1238760,0,2.032,227.1,0.010748031496063,"95.773999999999944",65.948,65.1199999999999,63.6259999999999,33.3,15.8,25.7
"BOOI4","2023-08-19 19:00",89.0779999999999,75.84,698040,0,0.85,251.2,0.00543307086614173,"93.019999999999897",66.056,65.1199999999999,63.6439999999999,33.3,15.7,25.7
"BOOI4","2023-08-19 20:00",83.5339999999999,88.3,208476,0,0.085,173.2,0.000393700787401575,"90.409999999999911",66.2179999999999,65.1199999999999,63.6259999999999,33.3,15.7,25.6
"BOOI4","2023-08-19 21:00",81.7519999999999,89.5,5774.4,0,0,0,-0.00094488188976378,"88.195999999999984",66.38,65.156,63.6259999999999,33.3,15.8,25.6
"BOOI4","2023-08-19 22:00",79.6279999999999,95.3,0,0,0.099,357.7,-0.00094488188976378,"86.341999999999928",66.5779999999999,65.138,63.6259999999999,33.4,15.7,25.5
"BOOI4","2023-08-19 23:00",79.646,95,0,0,0.003,98.4,-0.00094488188976378,"85.171999999999969",66.6679999999999,65.1199999999999,63.5899999999999,33.4,15.8,25.5
"BOOI4","2023-08-20 00:00",79.3939999999999,95.3,0,0,0.011,121.6,-0.000984251968503937,"84.181999999999945",66.848,65.138,63.572,33.4,15.8,25.5
"BOOI4","2023-08-20 01:00",78.6919999999999,94.4,0,0,1.231,41.68,-0.000669291338582677,"83.425999999999917",66.938,65.138,63.572,33.4,15.8,25.4
"BOOI4","2023-08-20 02:00",76.874,97.7,0,0,2.587,3.6,-0.000551181102362205,"82.489999999999952",67.064,65.1739999999999,63.572,33.4,15.8,25.4
"BOOI4","2023-08-20 03:00",76.622,97.3,0,0,2.432,356.3,-0.000590551181102362,"81.877999999999901",67.1359999999999,65.1739999999999,63.572,33.3,15.8,25.4
"BOOI4","2023-08-20 04:00",75.4699999999999,98.6,0,0,4.343,7.959,-0.000433070866141732,"81.157999999999944",67.2619999999999,65.1739999999999,63.5899999999999,33.4,15.8,25.4
"BOOI4","2023-08-20 05:00",75.164,99.1,0,0,3.911,15.4,-0.000551181102362205,"80.581999999999951",67.3339999999999,65.1739999999999,63.5539999999999,33.4,15.9,25.4
"BOOI4","2023-08-20 06:00",74.8759999999999,99.6,0,0,3.949,11.43,-0.000551181102362205,"80.023999999999944",67.406,65.2279999999999,63.5539999999999,33.4,15.9,25.3
"BOOI4","2023-08-20 07:00",74.7499999999999,99.4,38556,0,4.736,6.346,-0.000393700787401575,"79.591999999999928",67.4599999999999,65.246,63.5359999999999,33.4,15.9,25.3
"BOOI4","2023-08-20 08:00",76.5499999999999,96,402480,0,5.355,7.906,0.00181102362204724,"79.753999999999891",67.496,65.2999999999999,63.5539999999999,33.4,15.9,25.3
"BOOI4","2023-08-20 09:00",78.8359999999999,90.7,975600,0,7.892,14.1,0.00669291338582677,"80.761999999999887",67.5859999999999,65.3179999999999,63.5539999999999,33.4,15.9,25.2
"BOOI4","2023-08-20 10:00",82.256,86.5,1559160,0,7.658,34.26,0.0117322834645669,"83.047999999999959",67.622,65.3539999999999,63.5359999999999,33.4,15.9,25.2
"BOOI4","2023-08-20 11:00",84.1279999999999,83,2061360,0,7.365,34.25,0.016496062992126,"85.96399999999997",67.6759999999999,65.39,63.5359999999999,33.4,15.8,25.2
"BOOI4","2023-08-20 12:00",85.3519999999999,80.1,2177640,0,7.137,21.52,0.0185433070866142,"88.735999999999905",67.73,65.4079999999999,63.5359999999999,33.4,15.7,25.1
"BOOI4","2023-08-20 13:00",86.1079999999999,78.56,2359440,0,7.279,14.1,0.0204330708661417,"91.183999999999926",67.7839999999999,65.4259999999999,63.5359999999999,33.3,15.7,25.1
"BOOI4","2023-08-20 14:00",87.0079999999999,78.61,1813680,0,6.903,21.01,0.0169291338582677,"92.87599999999992",67.8199999999999,65.4619999999999,63.5359999999999,33.3,15.6,25.1
"BOOI4","2023-08-20 15:00",87.8359999999999,77.92,2343960,0,6.489,40.4,0.0203543307086614,"94.999999999999929",67.9279999999999,65.5339999999999,63.5179999999999,33.2,15.5,25.1
"BOOI4","2023-08-20 16:00",87.9079999999999,77.34,2025720,0,6.534,44.91,0.0186220472440945,"96.601999999999904",67.9999999999999,65.5339999999999,63.4999999999999,33.2,15.4,25.1
"BOOI4","2023-08-20 17:00",89.4199999999999,73.8,1730160,0,6.066,24.09,0.0165354330708661,"97.177999999999898",68.1259999999999,65.5699999999999,63.4999999999999,33.1,15.4,25.1
"BOOI4","2023-08-20 18:00",88.664,74.99,1140480,0,4.812,30.85,0.011496062992126,"96.943999999999903",68.2339999999999,65.5699999999999,63.5359999999999,33.1,15.3,25.1
"BOOI4","2023-08-20 19:00",86.99,79.4,581400,0,3.992,16.25,0.00649606299212599,"95.12599999999992",68.3419999999999,65.624,63.5179999999999,33,15.3,25.1
"BOOI4","2023-08-20 20:00",83.4439999999999,84.1,178344,0,4.245,10.08,0.00232283464566929,"92.785999999999902",68.4859999999999,65.6599999999999,63.5179999999999,33,15.3,25
"BOOI4","2023-08-20 21:00",81.1579999999999,85.4,2361.6,0,5.332,7.904,0.00078740157480315,"90.553999999999888",68.6119999999999,65.6779999999999,63.5179999999999,33,15.3,25
"BOOI4","2023-08-20 22:00",78.6019999999999,83.5,0,0,5.45,11.49,0.000708661417322835,"88.735999999999905",68.7919999999999,65.714,63.5179999999999,33.1,15.3,25
"BOOI4","2023-08-20 23:00",76.1179999999999,85.3,0,0,6.095,7.627,0.000669291338582677,"86.95399999999988",68.8819999999999,65.7679999999999,63.4819999999999,33.1,15.3,24.9
"BOOI4","2023-08-21 00:00",74.1199999999999,87,0,0,6.538,20.7,0.000708661417322835,"85.387999999999977",69.0079999999999,65.822,63.4819999999999,33.1,15.4,24.9
"BOOI4","2023-08-21 01:00",73.4359999999999,86.3,0,0,4.353,24.05,0.000275590551181102,"84.109999999999914",69.098,65.8039999999999,63.4819999999999,33.1,15.4,24.9
"BOOI4","2023-08-21 02:00",71.3119999999999,90.6,0,0,3.971,35.28,0.000118110236220472,"82.885999999999896",69.2239999999999,65.8759999999999,63.4999999999999,33,15.4,24.9
"BOOI4","2023-08-21 03:00",71.114,91.8,0,0,3.011,47.59,-0.000236220472440945,"81.931999999999945",69.2419999999999,65.9119999999999,63.4999999999999,33.1,15.4,24.9
"BOOI4","2023-08-21 04:00",69.5119999999999,94.7,0,0,3.476,43.51,-0.000196850393700787,"80.995999999999981",69.2779999999999,65.93,63.4999999999999,33.1,15.4,24.8
"BOOI4","2023-08-21 05:00",69.0079999999999,95.6,0,0,2.533,50.65,-0.000511811023622047,"80.20399999999988",69.314,66.0019999999999,63.4999999999999,33.1,15.5,24.8
"BOOI4","2023-08-21 06:00",69.0439999999999,97.4,0,0,0,0,-0.00106299212598425,"79.447999999999965",69.332,66.038,63.4819999999999,33.1,15.5,24.8
"BOOI4","2023-08-21 07:00",70.124,96.8,43848,0,0.036,37.85,-0.00078740157480315,"78.943999999999903",69.314,66.0919999999999,63.4999999999999,33.1,15.5,24.8
"BOOI4","2023-08-21 08:00",72.6439999999999,93,390960,0,0.518,35.45,0.00145669291338583,"79.177999999999898",69.314,66.146,63.4999999999999,33.1,15.5,24.8
"BOOI4","2023-08-21 09:00",78.1339999999999,91.3,900720,0,3.375,68.41,0.00594488188976378,"80.725999999999928",69.296,66.164,63.4999999999999,33.1,15.5,24.8
"BOOI4","2023-08-21 10:00",81.4099999999999,89.7,1571040,0,5.962,141.2,0.0113779527559055,"83.71399999999997",69.2779999999999,66.1819999999999,63.4999999999999,33.1,15.5,24.8
"BOOI4","2023-08-21 11:00",84.2539999999999,85.8,2102400,0,6.297,139.1,0.0161811023622047,"87.241999999999933",69.2419999999999,66.2179999999999,63.4999999999999,33,15.4,24.8
"BOOI4","2023-08-21 12:00",85.082,84.9,2137320,0,5.5,134.3,0.0170472440944882,"90.75199999999991",69.2239999999999,66.272,63.4819999999999,32.9,15.3,24.8
"BOOI4","2023-08-21 13:00",85.7659999999999,82.8,2329920,0,5.503,129.2,0.0190157480314961,"93.523999999999944",69.206,66.3079999999999,63.4999999999999,33,15.2,24.8
"BOOI4","2023-08-21 14:00",86.972,82.6,2199240,0,5.323,120.9,0.0182677165354331,"95.881999999999948",69.206,66.3439999999999,63.4999999999999,33,15.2,24.7
"BOOI4","2023-08-21 15:00",87.7999999999999,78.89,2335680,0,5.268,128.2,0.0199606299212599,"98.311999999999983",69.206,66.3439999999999,63.4999999999999,32.9,15.1,24.7
"BOOI4","2023-08-21 16:00",88.0699999999999,77.57,2224800,0,5.781,132.3,0.0191732283464567,"M",69.2599999999999,66.3619999999999,63.4999999999999,32.8,15,24.7
"BOOI4","2023-08-21 17:00",88.4659999999999,77.35,1830240,0,6.92,146.1,0.0167716535433071,"M",69.3499999999999,66.4159999999999,63.5179999999999,32.7,14.9,24.7
"BOOI4","2023-08-21 18:00",88.196,78.38,1250640,0,7.184,139.8,0.012755905511811,"M",69.44,66.4339999999999,63.5179999999999,32.7,14.9,24.7
"BOOI4","2023-08-21 19:00",86.5399999999999,84,698760,0,6.568,137.8,0.0075984251968504,"97.069999999999894",69.548,66.4339999999999,63.5179999999999,32.7,15,24.7
"BOOI4","2023-08-21 20:00",82.7599999999999,91,171684,0,5.473,135.1,0.00208661417322835,"94.225999999999928",69.638,66.4519999999999,63.5179999999999,32.7,14.9,24.6
"BOOI4","2023-08-21 21:00",80.348,94.7,4111.2,0,5.389,139.5,0.000118110236220472,"91.849999999999937",69.764,66.488,63.5359999999999,32.7,14.9,24.6
"BOOI4","2023-08-21 22:00",78.2599999999999,95,0,0,5.627,152.1,-0.000118110236220472,"89.851999999999904",69.872,66.5239999999999,63.5539999999999,32.7,14.9,24.6
"BOOI4","2023-08-21 23:00",76.7839999999999,95.6,0,0,5.724,162,-0.000118110236220472,"88.123999999999953",69.998,66.5419999999999,63.5539999999999,32.7,15,24.6
"BOOI4","2023-08-22 00:00",76.1539999999999,96.7,0,0,5.364,155.4,-0.000275590551181102,"86.737999999999985",70.106,66.5599999999999,63.5539999999999,32.7,15,24.6
"BOOI4","2023-08-22 01:00",75.6859999999999,95.6,0,0,5.634,151.7,-0.000236220472440945,"85.621999999999971",70.196,66.596,63.5539999999999,32.8,15,24.5
"BOOI4","2023-08-22 02:00",74.7859999999999,97.2,0,0,5.694,150.4,-0.000275590551181102,"84.523999999999944",70.2859999999999,66.6499999999999,63.572,32.8,15,24.5
"BOOI4","2023-08-22 03:00",74.3179999999999,98.6,0,0,6.227,158.7,-0.000354330708661417,"83.623999999999953",70.322,66.6679999999999,63.5539999999999,32.8,15,24.6
"BOOI4","2023-08-22 04:00",74.0119999999999,99.6,0,0,5.295,157.1,-0.00047244094488189,"82.849999999999937",70.34,66.7039999999999,63.572,32.8,15.1,24.5
"BOOI4","2023-08-22 05:00",72.9679999999999,100,0,0,4.702,160.7,-0.000590551181102362,"82.111999999999895",70.3939999999999,66.7579999999999,63.572,32.8,15.1,24.5
"BOOI4","2023-08-22 06:00",72.914,100,0,0,5.135,158.3,-0.000590551181102362,"81.46399999999997",70.4119999999999,66.7759999999999,63.572,32.8,15.1,24.5
"BOOI4","2023-08-22 07:00",72.4099999999999,100,28418.4,0,1.906,154.3,-0.000708661417322835,"80.869999999999891",70.43,66.8119999999999,63.5899999999999,32.9,15.1,24.5
"BOOI4","2023-08-22 08:00",74.498,100,337680,0,4.664,153.4,0.00125984251968504,"80.941999999999936",70.43,66.8659999999999,63.6079999999999,32.9,15.1,24.5
"BOOI4","2023-08-22 09:00",76.8019999999999,100,725760,0,6.423,162.2,0.00413385826771654,"81.967999999999918",70.4119999999999,66.9019999999999,63.5899999999999,32.9,15.2,24.5
"BOOI4","2023-08-22 10:00",80.7619999999999,94.5,1074600,0,7.36,172.6,0.00708661417322835,"84.091999999999928",70.43,66.8839999999999,63.6079999999999,32.8,15.2,24.5
"BOOI4","2023-08-22 11:00",84.5779999999999,88.7,2055240,0,7.516,178,0.0151181102362205,"87.67399999999995",70.3939999999999,66.9739999999999,63.6079999999999,32.7,15.1,24.5
"BOOI4","2023-08-22 12:00",87.314,87.1,2432160,0,7.501,179.6,0.0190551181102362,"91.70599999999996",70.3939999999999,66.9919999999999,63.6079999999999,32.7,15,24.5
"BOOI4","2023-08-22 13:00",88.7899999999999,83.2,2656440,0,7.429,180.6,0.0219291338582677,"95.341999999999928",70.3939999999999,67.0279999999999,63.6259999999999,32.6,14.8,24.5
"BOOI4","2023-08-22 14:00",91.598,75.19,2715480,0,6.198,189.3,0.0235433070866142,"M",70.3579999999999,67.046,63.6259999999999,32.7,14.8,24.5
"BOOI4","2023-08-22 15:00",92.6419999999999,74.62,2563920,0,5.7,192.2,0.0232283464566929,"M",70.4119999999999,67.064,63.6259999999999,32.6,14.7,24.4
"BOOI4","2023-08-22 16:00",92.5699999999999,74.02,2250720,0,5.937,192.9,0.021259842519685,"M",70.4839999999999,67.1179999999999,63.6259999999999,32.6,14.6,24.4
"BOOI4","2023-08-22 17:00",93.0379999999999,76.72,1804320,0,5.82,191.7,0.0175196850393701,"M",70.556,67.1179999999999,63.6439999999999,32.5,14.6,24.4
"BOOI4","2023-08-22 18:00",91.472,77.35,1257840,0,5.128,194.1,0.0125984251968504,"M",70.664,67.1179999999999,63.6439999999999,32.5,14.5,24.4
"BOOI4","2023-08-22 19:00",88.7179999999999,83.3,549000,0,3.336,204.5,0.00562992125984252,"M",70.7539999999999,67.172,63.6619999999999,32.5,14.5,24.4
"BOOI4","2023-08-22 20:00",84.398,90.5,207396,0,2.55,198.1,0.0012992125984252,"96.421999999999969",70.8619999999999,67.19,63.68,32.4,14.5,24.4
"BOOI4","2023-08-22 21:00",81.23,95.7,3974.4,0,0.977,198.6,-0.000669291338582677,"93.541999999999931",70.988,67.2079999999999,63.68,32.5,14.5,24.4
"BOOI4","2023-08-22 22:00",79.8439999999999,97.6,0,0,0.653,198.2,-0.000826771653543307,"91.489999999999952",71.1319999999999,67.2439999999999,63.6619999999999,32.5,14.6,24.3
"BOOI4","2023-08-22 23:00",79.322,98.9,0,0,0.843,200.9,-0.000826771653543307,"89.887999999999877",71.24,67.28,63.68,32.5,14.6,24.3
"BOOI4","2023-08-23 00:00",79.43,99.9,0,0,1.646,196.4,-0.000748031496062992,"88.771999999999977",71.33,67.298,63.698,32.5,14.6,24.3
"BOOI4","2023-08-23 01:00",79.3939999999999,100,0,0,3.13,197.8,-0.00062992125984252,"87.79999999999994",71.4019999999999,67.3339999999999,63.7159999999999,32.5,14.6,24.3
"BOOI4","2023-08-23 02:00",78.4759999999999,100,0,0,2.757,195.8,-0.000669291338582677,"86.863999999999962",71.4739999999999,67.388,63.698,32.5,14.6,24.3
"BOOI4","2023-08-23 03:00",76.8919999999999,100,0,0,1.495,189.7,-0.000826771653543307,"85.855999999999966",71.564,67.406,63.7339999999999,32.5,14.6,24.3
"BOOI4","2023-08-23 04:00",75.7039999999999,100,0,0,0.091,190.1,-0.00106299212598425,"84.847999999999956",71.6179999999999,67.4419999999999,63.7339999999999,32.5,14.7,24.3
"BOOI4","2023-08-23 05:00",74.9659999999999,100,0,0,0.019,213,-0.00110236220472441,"84.037999999999982",71.6179999999999,67.4779999999999,63.7339999999999,32.5,14.7,24.3
"BOOI4","2023-08-23 06:00",74.264,100,0,0,0.09,183.9,-0.00110236220472441,"83.29999999999994",71.672,67.532,63.7339999999999,32.5,14.7,24.3
"BOOI4","2023-08-23 07:00",74.1739999999999,100,28418.4,0,0.107,184.2,-0.00094488188976378,"82.75999999999992",71.69,67.5679999999999,63.7519999999999,32.5,14.7,24.3
"BOOI4","2023-08-23 08:00",78.8359999999999,100,425520,0,0.768,195.3,0.00169291338582677,"83.263999999999967",71.69,67.622,63.7699999999999,32.5,14.8,24.3
"BOOI4","2023-08-23 09:00",83.8759999999999,94.2,1075680,0,3.75,218.4,0.00696850393700787,"85.765999999999948",71.7079999999999,67.64,63.7519999999999,32.5,14.8,24.3
"BOOI4","2023-08-23 10:00",87.8179999999999,84.5,1560960,0,4.351,238.6,0.0124803149606299,"89.239999999999952",71.7079999999999,67.6759999999999,63.7519999999999,32.5,14.7,24.3
"BOOI4","2023-08-23 11:00",90.806,81.3,2098800,0,4.072,231.1,0.0177952755905512,"93.667999999999921",71.69,67.73,63.788,32.5,14.6,24.2
"BOOI4","2023-08-23 12:00",91.49,75.88,2454840,0,4.604,227.7,0.0215354330708661,"97.519999999999897",71.6539999999999,67.748,63.788,32.4,14.5,24.2
"BOOI4","2023-08-23 13:00",93.0739999999999,74.05,2622240,0,4.803,232.8,0.023740157480315,"M",71.6539999999999,67.7839999999999,63.806,32.3,14.4,24.2
"BOOI4","2023-08-23 14:00",93.1999999999999,71.37,2549520,0,5.266,226.4,0.0238582677165354,"M",71.6539999999999,67.8199999999999,63.8239999999999,32.3,14.3,24.2
"BOOI4","2023-08-23 15:00",93.596,69.95,2203920,0,5.704,234.7,0.0219291338582677,"M",71.7079999999999,67.838,63.8239999999999,32.3,14.2,24.2
"BOOI4","2023-08-23 16:00",96.0259999999999,67.28,2297160,0,6.011,231.2,0.0231496062992126,"M",71.7619999999999,67.8919999999999,63.8239999999999,32.3,14.1,24.2
"BOOI4","2023-08-23 17:00",95.4859999999999,68.25,1903320,0,5.105,233,0.0195275590551181,"M",71.8339999999999,67.8919999999999,63.8419999999999,32.2,14,24.2
"BOOI4","2023-08-23 18:00",93.7579999999999,69.59,1333080,0,5.326,225.8,0.0146062992125984,"M",71.9239999999999,67.9099999999999,63.8419999999999,32.2,13.9,24.1
"BOOI4","2023-08-23 19:00",90.59,77.56,746280,0,4.964,215.5,0.00846456692913386,"M",72.014,67.946,63.8599999999999,32.2,13.9,24.1
"BOOI4","2023-08-23 20:00",85.6579999999999,89,153900,0,3.457,209.8,0.00181102362204724,"98.149999999999935",72.122,67.964,63.8779999999999,32.2,13.9,24.1
"BOOI4","2023-08-23 21:00",83.714,94.1,3420,0,2.86,207.6,-0.000236220472440945,"95.467999999999918",72.23,67.9999999999999,63.8779999999999,32.2,13.9,24.1
"BOOI4","2023-08-23 22:00",82.0759999999999,96.6,0,0,2.629,206.8,-0.000433070866141732,"93.505999999999958",72.338,68.0359999999999,63.914,32.2,14,24.1
"BOOI4","2023-08-23 23:00",81.8599999999999,96.1,0,0,3.739,210.4,-0.000354330708661417,"92.155999999999963",72.446,68.072,63.914,32.2,14,24.1
"BOOI4","2023-08-24 00:00",80.3659999999999,97.6,0,0,2.399,199,-0.000590551181102362,"90.679999999999978",72.4999999999999,68.09,63.914,32.2,14,24
"BOOI4","2023-08-24 01:00",78.2239999999999,99.1,0,0,1.8,189.6,-0.00078740157480315,"89.293999999999912",72.59,68.1259999999999,63.932,32.2,14.1,24
"BOOI4","2023-08-24 02:00",78.3679999999999,98,0,0,2.191,204,-0.000748031496062992,"88.285999999999902",72.6619999999999,68.1619999999999,63.9679999999999,32.2,14.1,24
"BOOI4","2023-08-24 03:00",78.206,96.4,0,0,2.905,213.8,-0.00062992125984252,"87.367999999999924",72.7159999999999,68.198,63.9499999999999,32.2,14,24
"BOOI4","2023-08-24 04:00",77.288,96.9,0,0,3.147,224.6,-0.000551181102362205,"86.521999999999977",72.7519999999999,68.2339999999999,63.9859999999999,32.2,14.1,24
"BOOI4","2023-08-24 05:00",76.7119999999999,97.6,0,0,3.04,229.3,-0.00062992125984252,"85.71199999999989",72.788,68.2699999999999,63.9679999999999,32.2,14.1,24
"BOOI4","2023-08-24 06:00",76.1359999999999,96.1,0,0,3.575,236.5,-0.000551181102362205,"84.973999999999947",72.806,68.3239999999999,64.0039999999999,32.1,14.1,24
"BOOI4","2023-08-24 07:00",76.2079999999999,93.4,40824,0,3.845,244.2,-0.000236220472440945,"84.379999999999981",72.8239999999999,68.3599999999999,64.0039999999999,32.1,14.1,24
"BOOI4","2023-08-24 08:00",80.0599999999999,84.9,421920,0,4.316,249.1,0.00267716535433071,"85.045999999999978",72.806,68.396,64.022,32.1,14.2,23.9
"BOOI4","2023-08-24 09:00",83.498,77.32,980280,0,5.184,253.4,0.0084251968503937,"86.66599999999994",72.8239999999999,68.4499999999999,64.022,32.1,14.1,23.9
"BOOI4","2023-08-24 10:00",85.748,72.54,1559520,0,5.681,263.4,0.0143700787401575,"89.365999999999943",72.788,68.4679999999999,64.022,32,14,23.9
"BOOI4","2023-08-24 11:00",86.0179999999999,72.67,1739520,0,4.893,275.3,0.0161417322834646,"91.777999999999892",72.7339999999999,68.522,64.0579999999999,32,14,23.9
"BOOI4","2023-08-24 12:00",89.1319999999999,67.75,2032560,0,4.088,297.9,0.0184251968503937,"94.045999999999978",72.7159999999999,68.522,64.0399999999999,32,13.9,23.9
"BOOI4","2023-08-24 13:00",92.372,67.82,2614320,0,2.949,296,0.0229527559055118,"M",72.698,68.5759999999999,64.0759999999999,32,13.7,23.9
"BOOI4","2023-08-24 14:00",93.3079999999999,68.63,2760120,0,2.328,281.5,0.024251968503937,"M",72.6619999999999,68.5939999999999,64.0939999999999,31.9,13.6,23.9
"BOOI4","2023-08-24 15:00",93.4879999999999,71.51,2620800,0,3.066,306.5,0.0235433070866142,"M",72.6439999999999,68.6119999999999,64.0759999999999,31.9,13.5,23.9
"BOOI4","2023-08-24 16:00",93.74,63.76,2249640,0,1.881,307,0.0198818897637795,"M",72.68,68.63,64.0939999999999,31.8,13.4,23.9
"BOOI4","2023-08-24 17:00",94.6759999999999,63.5,1783440,0,0.464,328.6,0.0148031496062992,"M",72.7159999999999,68.648,64.13,31.7,13.3,23.9
"BOOI4","2023-08-24 18:00",92.012,74.4,996480,0,0.261,273.5,0.00811023622047244,"M",72.7519999999999,68.6839999999999,64.13,31.7,13.2,23.8
"BOOI4","2023-08-24 19:00",91.6699999999999,71.73,656640,0,0,0,0.00452755905511811,"M",72.8239999999999,68.7019999999999,64.13,31.7,13.2,23.8
"BOOI4","2023-08-24 20:00",87.548,83.4,129060,0,0,0,3.93700787401575e-05,"M",72.914,68.7199999999999,64.148,31.7,13.2,23.8
"BOOI4","2023-08-24 21:00",84.5599999999999,82.9,1429.2,0,3.624,9.6,0.000708661417322835,"96.817999999999913",72.9859999999999,68.756,64.1659999999999,31.7,13.3,23.8
"BOOI4","2023-08-24 22:00",81.788,87.5,0,0,3.648,8.73,0.000551181102362205,"94.441999999999936",73.0939999999999,68.756,64.1659999999999,31.7,13.3,23.8
"BOOI4","2023-08-24 23:00",79.34,92.5,0,0,4.712,7.662,0.000393700787401575,"92.497999999999962",73.1659999999999,68.8099999999999,64.1839999999999,31.7,13.3,23.8
"BOOI4","2023-08-25 00:00",77.648,95.6,0,0,3.698,17.47,-0.000118110236220472,"90.931999999999945",73.2019999999999,68.8279999999999,64.2019999999999,31.7,13.4,23.8
"BOOI4","2023-08-25 01:00",75.956,98.4,0,0,1.387,47.25,-0.000551181102362205,"89.563999999999965",73.2739999999999,68.846,64.2019999999999,31.7,13.4,23.7
"BOOI4","2023-08-25 02:00",74.6779999999999,99.6,0,0,0.132,54.05,-0.00078740157480315,"88.357999999999933",73.2919999999999,68.8819999999999,64.238,31.7,13.4,23.7
"BOOI4","2023-08-25 03:00",74.714,100,0,0,0.054,77.4,-0.00078740157480315,"87.295999999999978",73.3279999999999,68.9179999999999,64.256,31.7,13.4,23.7
"BOOI4","2023-08-25 04:00",74.5159999999999,100,0,0,1.434,120.2,-0.00062992125984252,"86.521999999999977",73.346,68.9359999999999,64.256,31.7,13.4,23.7
"BOOI4","2023-08-25 05:00",74.588,99.7,0,0,1.864,110,-0.000590551181102362,"85.765999999999948",73.346,68.9539999999999,64.2739999999999,31.7,13.4,23.7
"BOOI4","2023-08-25 06:00",74.822,99.1,0,0,4.447,37.72,-0.000393700787401575,"85.099999999999937",73.3099999999999,68.99,64.2739999999999,31.7,13.5,23.7
"BOOI4","2023-08-25 07:00",70.322,94,12412.8,0,11.52,12.27,0.000393700787401575,"84.163999999999973",73.2919999999999,69.0439999999999,64.2919999999999,31.7,13.5,23.7
"BOOI4","2023-08-25 08:00",73.238,82.2,219924,0,7.171,70.43,0.00236220472440945,"83.857999999999933",73.238,69.0619999999999,64.3099999999999,31.7,13.5,23.7
"BOOI4","2023-08-25 09:00",75.848,78.44,876960,0,6.867,100.5,0.0078740157480315,"84.631999999999948",73.238,69.098,64.3279999999999,31.6,13.5,23.7
"BOOI4","2023-08-25 10:00",78.44,79.18,1522080,0,6.69,55.01,0.012755905511811,"86.377999999999901",73.1659999999999,69.1159999999999,64.3279999999999,31.6,13.5,23.6
"BOOI4","2023-08-25 11:00",79.124,75.86,1163160,0,6.606,105.1,0.0112992125984252,"87.997999999999962",73.0939999999999,69.1339999999999,64.364,31.6,13.4,23.6
"BOOI4","2023-08-25 12:00",78.4939999999999,81,785520,0,7.314,155,0.00901574803149606,"88.411999999999892",73.0399999999999,69.1519999999999,64.346,31.5,13.3,23.6
"BOOI4","2023-08-25 13:00",79.7179999999999,81.6,815040,0.03,2.218,289.1,0.00700787401574803,"88.105999999999966",72.9679999999999,69.188,64.364,31.5,13.4,23.6
"BOOI4","2023-08-25 14:00",81.446,75.93,1304280,0,1.009,343.3,0.010748031496063,"89.545999999999978",72.914,69.188,64.3819999999999,31.4,13.3,23.6
"BOOI4","2023-08-25 15:00",81.9319999999999,76.19,1025280,0,2.583,37.14,0.00940944881889764,"89.491999999999933",72.8419999999999,69.206,64.3999999999999,31.5,13.3,23.6
"BOOI4","2023-08-25 16:00",85.064,72.85,1890000,0,1.399,32.95,0.0154724409448819,"91.399999999999935",72.8239999999999,69.2239999999999,64.3999999999999,31.5,13.2,23.5
"BOOI4","2023-08-25 17:00",86.2519999999999,69.87,1480320,0,1.436,329.5,0.0124409448818898,"92.677999999999898",72.7699999999999,69.2599999999999,64.3999999999999,31.4,13.2,23.5
"BOOI4","2023-08-25 18:00",84.1999999999999,71.49,1237320,0,3.217,340.9,0.011496062992126,"92.407999999999944",72.7159999999999,69.2419999999999,64.4359999999999,31.3,13.1,23.5
"BOOI4","2023-08-25 19:00",83.156,80.4,489600,0,1.062,316,0.00374015748031496,"91.057999999999936",72.7339999999999,69.2239999999999,64.4539999999999,31.3,13.2,23.5
"BOOI4","2023-08-25 20:00",79.5739999999999,86.5,147420,0,0.992,340.3,0,"89.20399999999988",72.7159999999999,69.2599999999999,64.4539999999999,31.3,13.1,23.5
"BOOI4","2023-08-25 21:00",77.414,87.4,1875.6,0,2.609,347.1,-0.00015748031496063,"87.511999999999887",72.7339999999999,69.2599999999999,64.49,31.3,13.2,23.5
"BOOI4","2023-08-25 22:00",76.19,89.9,0,0,2.932,351.4,-0.000236220472440945,"86.107999999999933",72.7519999999999,69.2599999999999,64.49,31.3,13.2,23.5
"BOOI4","2023-08-25 23:00",74.4259999999999,92.5,0,0,2.571,356.5,-0.000393700787401575,"84.901999999999916",72.7519999999999,69.2599999999999,64.5079999999999,31.3,13.2,23.5
"BOOI4","2023-08-26 00:00",74.9119999999999,91.1,0,0,3.852,347.2,-0.000236220472440945,"84.109999999999914",72.7699999999999,69.2779999999999,64.5259999999999,31.3,13.2,23.5
"BOOI4","2023-08-26 01:00",72.8419999999999,90.2,0,0,4.306,358.3,-3.93700787401575e-05,"83.119999999999891",72.7519999999999,69.296,64.5259999999999,31.3,13.3,23.5
"BOOI4","2023-08-26 02:00",71.6539999999999,92.4,0,0,4.575,346.4,-7.8740157480315e-05,"82.201999999999913",72.7339999999999,69.296,64.5439999999999,31.3,13.3,23.5
"BOOI4","2023-08-26 03:00",69.332,87,0,0,5.818,348.2,0.00015748031496063,"81.283999999999921",72.68,69.296,64.5619999999999,31.3,13.3,23.5
"BOOI4","2023-08-26 04:00",66.956,86.4,0,0,5.602,357.6,0.000236220472440945,"80.167999999999921",72.68,69.2779999999999,64.5619999999999,31.3,13.3,23.5
"BOOI4","2023-08-26 05:00",65.048,86.9,0,0,6.799,7.571,0.000393700787401575,"79.141999999999925",72.6079999999999,69.332,64.58,31.2,13.4,23.5
"BOOI4","2023-08-26 06:00",63.698,88.3,0,0,7.031,9.26,0.000275590551181102,"78.20599999999996",72.572,69.314,64.58,31.2,13.4,23.5
"BOOI4","2023-08-26 07:00",63.1579999999999,89.7,41976,0,6.841,9.13,0.000236220472440945,"77.341999999999928",72.5179999999999,69.332,64.598,31.2,13.4,23.5
"BOOI4","2023-08-26 08:00",64.1659999999999,87.7,355320,0,6.063,10.28,0.00196850393700787,"76.927999999999898",72.4099999999999,69.314,64.6159999999999,31.2,13.4,23.5
"BOOI4","2023-08-26 09:00",67.3159999999999,82.2,898560,0,8.13,5.956,0.00614173228346457,"77.215999999999937",72.3019999999999,69.332,64.6339999999999,31.2,13.4,23.4
"BOOI4","2023-08-26 10:00",71.0779999999999,77.21,1524960,0,7.47,10.68,0.0111811023622047,"78.745999999999981",72.1759999999999,69.3499999999999,64.6519999999999,31.1,13.3,23.4
"BOOI4","2023-08-26 11:00",73.3999999999999,71.67,2251440,0,9.24,8.21,0.0170866141732283,"80.869999999999891",72.0499999999999,69.314,64.6519999999999,31.1,13.2,23.4
"BOOI4","2023-08-26 12:00",76.496,65.81,2700720,0,8.76,6.363,0.0216535433070866,"83.58799999999998",71.9419999999999,69.296,64.6519999999999,31.1,13.2,23.4
"BOOI4","2023-08-26 13:00",76.7659999999999,60.17,2365560,0,9.93,12.77,0.022244094488189,"85.567999999999913",71.8339999999999,69.296,64.6519999999999,31,13,23.4
"BOOI4","2023-08-26 14:00",77.5759999999999,58.55,2737080,0,8.77,8.82,0.0246850393700787,"87.20599999999996",71.69,69.2779999999999,64.706,30.9,12.9,23.4
"BOOI4","2023-08-26 15:00",78.7099999999999,56.34,2692080,0,8.48,11.46,0.0246062992125984,"88.91599999999994",71.5999999999999,69.296,64.688,31,12.9,23.3
"BOOI4","2023-08-26 16:00",77.7919999999999,58.92,2273400,0,7.771,19.93,0.0219291338582677,"89.995999999999981",71.4739999999999,69.2419999999999,64.706,30.9,12.7,23.3
"BOOI4","2023-08-26 17:00",77.6659999999999,60.23,1542600,0,8.16,13.3,0.0168503937007874,"89.995999999999981",71.438,69.2599999999999,64.7239999999999,30.8,12.7,23.3
"BOOI4","2023-08-26 18:00",76.2259999999999,64.26,1368000,0,8.43,11.14,0.0153937007874016,"88.951999999999913",71.3659999999999,69.2239999999999,64.7239999999999,30.8,12.6,23.3
"BOOI4","2023-08-26 19:00",75.0019999999999,66.75,662760,0,5.687,19.81,0.00779527559055118,"87.007999999999939",71.348,69.188,64.7599999999999,30.8,12.6,23.3
"BOOI4","2023-08-26 20:00",71.006,77.71,147564,0,3.756,25.42,0.00122047244094488,"84.973999999999947",71.3119999999999,69.206,64.7599999999999,30.8,12.6,23.3
"BOOI4","2023-08-26 21:00",68.396,82.5,1724.4,0,2.567,6.422,-0.000236220472440945,"83.17399999999995",71.2939999999999,69.1699999999999,64.7599999999999,30.8,12.6,23.3
"BOOI4","2023-08-26 22:00",66.0919999999999,87.5,0,0,3.556,4.521,-0.00015748031496063,"81.535999999999902",71.2579999999999,69.1339999999999,64.7779999999999,30.7,12.7,23.3
"BOOI4","2023-08-26 23:00",64.2739999999999,91,0,0,5.497,16.19,-3.93700787401575e-05,"80.20399999999988",71.24,69.1339999999999,64.7779999999999,30.7,12.7,23.3
"BOOI4","2023-08-27 00:00",62.456,94.2,0,0,4.916,6.973,-0.00031496062992126,"78.96199999999989",71.2039999999999,69.098,64.796,30.7,12.7,23.2
"BOOI4","2023-08-27 01:00",62.2579999999999,93.7,0,0,4.032,10.66,-0.00047244094488189,"78.097999999999956",71.1499999999999,69.08,64.7779999999999,30.7,12.7,23.2
"BOOI4","2023-08-27 02:00",60.9259999999999,95.2,0,0,3.67,10.6,-0.000551181102362205,"77.197999999999965",71.114,69.0619999999999,64.814,30.7,12.7,23.2
"BOOI4","2023-08-27 03:00",59.846,96.6,0,0,3.976,6.423,-0.000590551181102362,"76.279999999999973",71.0239999999999,69.0619999999999,64.814,30.7,12.7,23.2
"BOOI4","2023-08-27 04:00",59.2519999999999,97.5,0,0,2.928,9,-0.00078740157480315,"75.487999999999985",70.9339999999999,69.0259999999999,64.832,30.7,12.7,23.2
"BOOI4","2023-08-27 05:00",58.3519999999999,98.8,0,0,2.42,357.7,-0.000866141732283465,"74.749999999999929",70.8439999999999,69.0079999999999,64.832,30.6,12.8,23.2
"BOOI4","2023-08-27 06:00",56.822,99.6,0,0,1.415,339.8,-0.00110236220472441,"73.9939999999999",70.7359999999999,69.0079999999999,64.8499999999999,30.6,12.8,23.2
"BOOI4","2023-08-27 07:00",57.5599999999999,100,35568,0,1.911,2.345,-0.000866141732283465,"73.327999999999903",70.6099999999999,68.972,64.8499999999999,30.6,12.9,23.3
"BOOI4","2023-08-27 08:00",60.1339999999999,97.3,490320,0,2.781,6.583,0.00114173228346457,"73.16599999999994",70.5199999999999,68.972,64.8499999999999,30.5,12.9,23.3
"BOOI4","2023-08-27 09:00",63.8779999999999,91.8,907920,0,3.653,49.91,0.00456692913385827,"74.101999999999904",70.3939999999999,68.9359999999999,64.8499999999999,30.6,12.9,23.3
"BOOI4","2023-08-27 10:00",67.3339999999999,80.6,1059480,0,3.317,100.3,0.00712598425196851,"75.739999999999952",70.2679999999999,68.8819999999999,64.8679999999999,30.5,12.8,23.3
"BOOI4","2023-08-27 11:00",70.0519999999999,75.82,1675080,0,3.016,106.1,0.0117322834645669,"77.539999999999949",70.1419999999999,68.8999999999999,64.8679999999999,30.5,12.8,23.2
"BOOI4","2023-08-27 12:00",71.3119999999999,68.78,2930400,0,3.182,101.4,0.0203937007874016,"81.031999999999954",70.0159999999999,68.864,64.8679999999999,30.4,12.6,23.2
"BOOI4","2023-08-27 13:00",72.4099999999999,68.5,2785680,0,3.799,98.9,0.0200393700787402,"84.505999999999958",69.9079999999999,68.846,64.8859999999999,30.4,12.5,23.2
"BOOI4","2023-08-27 14:00",74.4079999999999,60.82,2311200,0,4.182,70.71,0.0177165354330709,"86.395999999999987",69.7999999999999,68.7919999999999,64.8859999999999,30.4,12.4,23.2
"BOOI4","2023-08-27 15:00",75.1279999999999,61.35,2766960,0,4.951,65.25,0.0215354330708661,"88.555999999999969",69.7099999999999,68.7739999999999,64.9039999999999,30.3,12.3,23.2
"BOOI4","2023-08-27 16:00",75.4159999999999,57.64,2566800,0,3.948,68.29,0.0199606299212599,"90.013999999999967",69.6199999999999,68.7199999999999,64.9039999999999,30.3,12.3,23.2
"BOOI4","2023-08-27 17:00",75.0919999999999,55.78,2014200,0,3.401,40.5,0.0160629921259842,"90.427999999999898",69.6019999999999,68.6659999999999,64.922,30.3,12.1,23.1
"BOOI4","2023-08-27 18:00",75.1099999999999,57.16,1320480,0,2.413,62.59,0.0103543307086614,"89.671999999999969",69.5839999999999,68.63,64.922,30.3,12.1,23.1
"BOOI4","2023-08-27 19:00",72.7159999999999,69.38,676800,0,2.145,62.28,0.005,"87.20599999999996",69.5839999999999,68.5939999999999,64.922,30.2,12.1,23.1
"BOOI4","2023-08-27 20:00",69.7099999999999,70.03,142488,0,0.078,64.75,-0.00133858267716536,"84.847999999999956",69.548,68.5759999999999,64.922,30.2,12.1,23.1
"BOOI4","2023-08-27 21:00",67.496,74.53,1119.6,0,0,0,-0.00165354330708661,"82.669999999999888",69.5659999999999,68.5399999999999,64.922,30.2,12.1,23.1
"BOOI4","2023-08-27 22:00",66.722,74.46,0,0,0.433,121.5,-0.00125984251968504,"81.085999999999899",69.548,68.5039999999999,64.94,30.2,12.1,23.1
"BOOI4","2023-08-27 23:00",61.6099999999999,88.5,0,0,0,0,-0.00161417322834646,"79.393999999999906",69.548,68.4859999999999,64.94,30.2,12.2,23.1
"BOOI4","2023-08-28 00:00",63.464,82.1,0,0,0,0,-0.0015748031496063,"78.20599999999996",69.53,68.4319999999999,64.94,30.1,12.2,23.1
"BOOI4","2023-08-28 01:00",61.6099999999999,85.9,0,0,0,0,-0.00161417322834646,"77.107999999999933",69.4759999999999,68.396,64.94,30.2,12.2,23.1
"BOOI4","2023-08-28 02:00",60.2779999999999,88.3,0,0,0,0,-0.0015748031496063,"76.099999999999937",69.422,68.3779999999999,64.9579999999999,30.2,12.3,23.1
"BOOI4","2023-08-28 03:00",58.964,91.5,0,0,0,0,-0.00153543307086614,"75.127999999999901",69.3679999999999,68.3599999999999,64.9579999999999,30.2,12.3,23
"BOOI4","2023-08-28 04:00",56.696,94.9,0,0,0,0,-0.00149606299212598,"74.335999999999899",69.296,68.306,64.9579999999999,30.2,12.4,23
"BOOI4","2023-08-28 05:00",56.48,97.4,0,0,0,0,-0.00145669291338583,"73.543999999999912",69.2239999999999,68.288,64.9759999999999,30.1,12.4,23
"BOOI4","2023-08-28 06:00",56.0119999999999,98.3,0,0,0,0,-0.00145669291338583,"72.841999999999928",69.1519999999999,68.2699999999999,64.9759999999999,30.1,12.4,23
"BOOI4","2023-08-28 07:00",56.4439999999999,98.5,28526.4,0,0.744,253.7,-0.00106299212598425,"72.247999999999962",69.0259999999999,68.2339999999999,64.9579999999999,30.1,12.4,23
"BOOI4","2023-08-28 08:00",64.814,89.1,421560,0,0.245,243.3,0.000708661417322835,"72.643999999999906",68.9359999999999,68.2159999999999,64.9759999999999,30,12.5,23
"BOOI4","2023-08-28 09:00",69.1699999999999,80.7,1019880,0,2.106,227.4,0.00594488188976378,"74.245999999999981",68.8099999999999,68.18,64.9579999999999,30.1,12.4,23
"BOOI4","2023-08-28 10:00",73.7419999999999,72.19,1458720,0,3.405,221.2,0.0105905511811024,"76.387999999999977",68.7199999999999,68.1619999999999,64.9759999999999,30,12.4,23
"BOOI4","2023-08-28 11:00",76.8019999999999,64.91,2131920,0,3.485,233.9,0.0163779527559055,"79.609999999999914",68.5759999999999,68.1439999999999,64.9759999999999,30,12.2,23
"BOOI4","2023-08-28 12:00",77.5039999999999,65.76,2181240,0,3.822,224.1,0.0177165354330709,"82.417999999999921",68.4679999999999,68.09,64.9759999999999,29.9,12.1,23
"BOOI4","2023-08-28 13:00",80.2759999999999,66.03,2391120,0,3.102,221.8,0.019251968503937,"85.153999999999883",68.3779999999999,68.072,64.9759999999999,29.9,12,22.9
"BOOI4","2023-08-28 14:00",80.7079999999999,60.7,2576520,0,3.648,211.7,0.0209448818897638,"87.709999999999908",68.288,68.0179999999999,64.9759999999999,29.9,11.8,22.9
"BOOI4","2023-08-28 15:00",80.9239999999999,63.07,2815560,0,4.299,200.7,0.0231889763779528,"90.355999999999966",68.2339999999999,67.9999999999999,64.9759999999999,29.8,11.8,22.9
"BOOI4","2023-08-28 16:00",82.706,60.03,2395080,0,3.949,204.5,0.0204330708661417,"92.137999999999877",68.2339999999999,67.946,64.9579999999999,29.8,11.6,22.9
"BOOI4","2023-08-28 17:00",83.0119999999999,55.48,1915920,0,3.946,232.5,0.0172834645669291,"92.353999999999886",68.2339999999999,67.9099999999999,64.9579999999999,29.8,11.6,22.9
"BOOI4","2023-08-28 18:00",82.3999999999999,57.84,1305000,0,3.008,235.6,0.0117716535433071,"91.345999999999989",68.2699999999999,67.874,64.9759999999999,29.7,11.5,22.9
"BOOI4","2023-08-28 19:00",78.296,68.99,683280,0,2.448,213.3,0.00574803149606299,"88.591999999999928",68.306,67.8199999999999,64.9759999999999,29.7,11.6,22.9
"BOOI4","2023-08-28 20:00",70.988,85.9,115272,0,0.737,195.4,-0.000708661417322835,"85.909999999999911",68.3779999999999,67.7839999999999,64.9579999999999,29.7,11.6,23
"BOOI4","2023-08-28 21:00",68.18,89.7,756,0,0.505,191.5,-0.00125984251968504,"83.71399999999997",68.4859999999999,67.7659999999999,64.9579999999999,29.7,11.6,22.9
"BOOI4","2023-08-28 22:00",67.3159999999999,91.3,0,0,0.905,213.5,-0.00110236220472441,"82.093999999999909",68.4859999999999,67.748,64.9579999999999,29.7,11.5,22.9
"BOOI4","2023-08-28 23:00",65.948,92.9,0,0,1.56,234.2,-0.000905511811023622,"80.707999999999942",68.5399999999999,67.6939999999999,64.94,29.7,11.6,22.9
"BOOI4","2023-08-29 00:00",66.3619999999999,92.3,0,0,1.922,239.2,-0.000826771653543307,"79.627999999999901",68.6119999999999,67.6579999999999,64.9579999999999,29.7,11.5,22.9
"BOOI4","2023-08-29 01:00",64.5079999999999,95.4,0,0,1.212,233.6,-0.00106299212598425,"78.601999999999904",68.63,67.6579999999999,64.94,29.7,11.5,22.9
"BOOI4","2023-08-29 02:00",64.13,97.4,0,0,2.129,228.3,-0.000905511811023622,"77.66599999999994",68.6839999999999,67.64,64.94,29.7,11.6,22.9
"BOOI4","2023-08-29 03:00",63.7699999999999,98,0,0,2.596,241.2,-0.000826771653543307,"76.927999999999898",68.6659999999999,67.622,64.9579999999999,29.7,11.6,22.9
"BOOI4","2023-08-29 04:00",62.4019999999999,99.3,0,0,2.691,251.3,-0.000826771653543307,"76.153999999999883",68.648,67.6039999999999,64.9579999999999,29.7,11.6,22.9
"BOOI4","2023-08-29 05:00",62.5279999999999,100,0,0,2.191,259.8,-0.00094488188976378,"75.505999999999958",68.6119999999999,67.6039999999999,64.94,29.7,11.7,22.9
"BOOI4","2023-08-29 06:00",62.7619999999999,100,0,0,2.212,264.5,-0.00094488188976378,"74.929999999999978",68.6119999999999,67.5499999999999,64.94,29.7,11.8,22.9
"BOOI4","2023-08-29 07:00",62.69,100,17931.6,0,1.511,295.1,-0.000984251968503937,"74.407999999999944",68.5759999999999,67.5499999999999,64.94,29.7,11.8,22.9
"BOOI4","2023-08-29 08:00",67.082,94.5,344160,0,1.946,307.3,0.000708661417322835,"74.407999999999944",68.5039999999999,67.5499999999999,64.922,29.7,11.8,22.9
"BOOI4","2023-08-29 09:00",70.9699999999999,84.8,916920,0,3.892,326.2,0.00555118110236221,"75.235999999999905",68.4679999999999,67.5499999999999,64.94,29.7,11.8,22.8
"BOOI4","2023-08-29 10:00",74.696,74.43,1585440,0,4.613,337.8,0.0115748031496063,"76.873999999999953",68.4319999999999,67.514,64.922,29.7,11.6,22.8
"BOOI4","2023-08-29 11:00",79.6819999999999,68.36,2139480,0,5.182,334.3,0.017244094488189,"79.429999999999978",68.3599999999999,67.514,64.9039999999999,29.6,11.6,22.8
"BOOI4","2023-08-29 12:00",80.672,58.59,2561040,0,5.571,321.4,0.0218110236220472,"82.291999999999931",68.3239999999999,67.496,64.9039999999999,29.5,11.5,22.8
"BOOI4","2023-08-29 13:00",80.7439999999999,58.73,2664000,0,6.018,331.4,0.0237795275590551,"84.721999999999966",68.2699999999999,67.4779999999999,64.922,29.5,11.3,22.8
"BOOI4","2023-08-29 14:00",81.3199999999999,55.31,2281680,0,8.08,346.5,0.022755905511811,"86.017999999999915",68.2159999999999,67.4599999999999,64.9039999999999,29.5,11.2,22.8
"BOOI4","2023-08-29 15:00",81.6439999999999,49.7,2658240,0,9.35,351.1,0.0268503937007874,"87.277999999999892",68.2339999999999,67.4239999999999,64.8859999999999,29.5,11,22.8
"BOOI4","2023-08-29 16:00",81.464,48.31,2295000,0,8.75,357.4,0.0250393700787402,"88.015999999999948",68.2699999999999,67.4239999999999,64.9039999999999,29.5,11,22.7
"BOOI4","2023-08-29 17:00",81.1939999999999,50.92,1901160,0,7.907,0.637,0.0212992125984252,"88.249999999999929",68.288,67.406,64.9039999999999,29.5,10.8,22.7
"BOOI4","2023-08-29 18:00",80.3839999999999,52.59,1070280,0,6.404,354.1,0.0138188976377953,"87.457999999999942",68.3419999999999,67.388,64.8859999999999,29.4,10.8,22.7
"BOOI4","2023-08-29 19:00",78.0619999999999,61.45,545400,0,5.216,9.02,0.00822834645669291,"85.765999999999948",68.414,67.406,64.8859999999999,29.4,10.8,22.7
"BOOI4","2023-08-29 20:00",71.906,75.28,104580,0,1.687,350.8,0,"83.659999999999911",68.4499999999999,67.3699999999999,64.8859999999999,29.4,10.8,22.7
"BOOI4","2023-08-29 21:00",71.006,73.45,817.2,0,2.114,2.504,0.00015748031496063,"82.093999999999909",68.522,67.3339999999999,64.8679999999999,29.4,10.8,22.7
"BOOI4","2023-08-29 22:00",69.08,76.39,0,0,1.725,2.62,-7.8740157480315e-05,"80.617999999999924",68.6119999999999,67.3339999999999,64.8679999999999,29.4,10.8,22.7
"BOOI4","2023-08-29 23:00",67.496,79.09,0,0,0.834,339.4,-0.000708661417322835,"79.195999999999984",68.648,67.3339999999999,64.8499999999999,29.4,10.9,22.7
"BOOI4","2023-08-30 00:00",65.6599999999999,81.7,0,0,1.106,354.5,-0.000551181102362205,"78.061999999999884",68.6659999999999,67.3159999999999,64.8499999999999,29.4,10.9,22.7
"BOOI4","2023-08-30 01:00",63.914,85.3,0,0,1.308,330.4,-0.000590551181102362,"76.855999999999966",68.7019999999999,67.3159999999999,64.8499999999999,29.4,10.9,22.7
"BOOI4","2023-08-30 02:00",63.014,84.8,0,0,0.506,15.94,-0.00094488188976378,"75.991999999999933",68.6839999999999,67.298,64.8679999999999,29.4,10.9,22.7
"BOOI4","2023-08-30 03:00",61.8259999999999,87.8,0,0,0.022,33.52,-0.00122047244094488,"75.091999999999928",68.6659999999999,67.298,64.8499999999999,29.4,10.9,22.7
"BOOI4","2023-08-30 04:00",61.1779999999999,87.4,0,0,0,0,-0.00122047244094488,"74.209999999999908",68.6839999999999,67.298,64.832,29.4,11,22.7
"BOOI4","2023-08-30 05:00",59.63,90.2,0,0,0.645,302.2,-0.000905511811023622,"73.399999999999935",68.63,67.298,64.8499999999999,29.3,11,22.7
"BOOI4","2023-08-30 06:00",59.54,87.7,0,0,0.253,73.91,-0.00106299212598425,"72.787999999999982",68.5579999999999,67.298,64.8499999999999,29.3,11,22.7
"BOOI4","2023-08-30 07:00",58.6039999999999,92.1,15771.6,0,0.086,63.71,-0.00106299212598425,"72.103999999999886",68.5039999999999,67.298,64.832,29.3,11.1,22.7
"BOOI4","2023-08-30 08:00",59.396,92.6,302760,0,2.566,57.09,0.00078740157480315,"71.851999999999904",68.414,67.298,64.814,29.3,11.1,22.7
"BOOI4","2023-08-30 09:00",65.2099999999999,87.7,904680,0,3.601,62.82,0.00480314960629921,"72.661999999999892",68.3599999999999,67.28,64.832,29.3,11.1,22.7
"BOOI4","2023-08-30 10:00",68.4679999999999,74.48,1545120,0,5.186,109.2,0.0107874015748031,"74.58799999999998",68.2519999999999,67.28,64.814,29.3,11,22.7
"BOOI4","2023-08-30 11:00",72.896,68.7,2116080,0,5.205,128.2,0.0155905511811024,"77.341999999999928",68.1619999999999,67.28,64.814,29.2,10.9,22.6
"BOOI4","2023-08-30 12:00",75.7939999999999,60.71,2551680,0,4.128,144.7,0.0196850393700787,"80.905999999999963",68.0539999999999,67.2619999999999,64.7779999999999,29.2,10.7,22.6
"BOOI4","2023-08-30 13:00",77.738,58.29,2802960,0,4.307,141.1,0.0225196850393701,"84.199999999999932",67.964,67.2439999999999,64.796,29.2,10.6,22.6
"BOOI4","2023-08-30 14:00",78.3859999999999,54.24,2849040,0,4.527,115.1,0.0237007874015748,"86.701999999999913",67.9279999999999,67.2439999999999,64.814,29.1,10.5,22.6
"BOOI4","2023-08-30 15:00",79.34,55.45,2688480,0,4.139,134.8,0.0227165354330709,"89.113999999999962",67.856,67.2259999999999,64.796,29.1,10.4,22.6
"BOOI4","2023-08-30 16:00",79.8619999999999,54.92,2232360,0,4.615,116.6,0.0198425196850394,"89.959999999999908",67.8919999999999,67.19,64.796,29,10.3,22.6
"BOOI4","2023-08-30 17:00",80.7259999999999,56.72,1941120,0,5.762,139.3,0.0183464566929134,"90.355999999999966",67.874,67.172,64.796,29,10.2,22.6
"BOOI4","2023-08-30 18:00",79.34,57.39,1337760,0,4.596,131,0.0128740157480315,"89.599999999999937",67.946,67.172,64.7779999999999,29,10.2,22.5
"BOOI4","2023-08-30 19:00",76.532,63.13,682560,0,4.838,146.3,0.00775590551181103,"87.565999999999946",67.9999999999999,67.1359999999999,64.7779999999999,29,10.1,22.5
"BOOI4","2023-08-30 20:00",70.772,76.04,111924,0,1.455,108.8,-0.00047244094488189,"85.045999999999978",68.072,67.1179999999999,64.7779999999999,29,10.1,22.5
"BOOI4","2023-08-30 21:00",67.8919999999999,80.2,604.8,0,0.714,102.7,-0.00122047244094488,"82.849999999999937",68.1259999999999,67.0999999999999,64.7779999999999,29,10.2,22.5
"BOOI4","2023-08-30 22:00",68.738,74.92,0,0,2.321,123.2,-0.000275590551181102,"81.247999999999962",68.2159999999999,67.0999999999999,64.7599999999999,29,10.2,22.5
"BOOI4","2023-08-30 23:00",66.4699999999999,79.34,0,0,3.803,124.8,0.000236220472440945,"79.735999999999905",68.2519999999999,67.064,64.7599999999999,29,10.2,22.5
"BOOI4","2023-08-31 00:00",63.7159999999999,85.4,0,0,3.658,118,-7.8740157480315e-05,"78.385999999999896",68.306,67.064,64.7599999999999,29,10.2,22.5
"BOOI4","2023-08-31 01:00",62.7259999999999,83.6,0,0,4.563,120.5,0,"77.233999999999924",68.306,67.064,64.7599999999999,29,10.2,22.5
"BOOI4","2023-08-31 02:00",60.44,87.9,0,0,4.693,133.9,-7.8740157480315e-05,"76.117999999999924",68.3239999999999,67.064,64.7599999999999,29,10.3,22.5
"BOOI4","2023-08-31 03:00",58.73,89.1,0,0,4.458,147.2,-0.000236220472440945,"75.091999999999928",68.3419999999999,67.046,64.7599999999999,29,10.3,22.5
"BOOI4","2023-08-31 04:00",57.506,90.2,0,0,3.707,162.6,-0.00047244094488189,"74.101999999999904",68.288,67.046,64.7239999999999,29,10.2,22.5
"BOOI4","2023-08-31 05:00",56.48,90.9,0,0,3.985,153.8,-0.000393700787401575,"73.219999999999899",68.2519999999999,67.046,64.7419999999999,29,10.3,22.5
"BOOI4","2023-08-31 06:00",55.598,90.9,0,0,4.568,156,-0.000354330708661417,"72.409999999999911",68.2159999999999,67.046,64.7239999999999,29,10.3,22.5
"BOOI4","2023-08-31 07:00",56.156,90.6,25934.4,0,4.019,142.5,-0.000354330708661417,"71.671999999999969",68.1439999999999,67.046,64.7239999999999,29,10.3,22.5
"BOOI4","2023-08-31 08:00",58.874,86.7,408240,0,5.183,137.2,0.00149606299212598,"71.401999999999916",68.09,67.0279999999999,64.7239999999999,28.9,10.4,22.5
"BOOI4","2023-08-31 09:00",63.3199999999999,80.4,1127160,0,6.271,158.1,0.0062992125984252,"72.265999999999948",67.9999999999999,67.0279999999999,64.7239999999999,28.9,10.3,22.5
"BOOI4","2023-08-31 10:00",66.272,72.41,1482480,0,8.64,161.4,0.0105511811023622,"73.867999999999924",67.8919999999999,67.0279999999999,64.706,28.8,10.2,22.5
"BOOI4","2023-08-31 11:00",71.0599999999999,60.3,2288520,0,8.93,162.5,0.0174409448818898,"76.315999999999946",67.8019999999999,67.0099999999999,64.706,28.8,10.2,22.5
"BOOI4","2023-08-31 12:00",72.4279999999999,55.13,2499120,0,10.6,167.1,0.0220472440944882,"78.871999999999971",67.6759999999999,66.9919999999999,64.688,28.8,10,22.5
"BOOI4","2023-08-31 13:00",73.814,52.61,2966400,0,9.62,161.3,0.0255905511811024,"81.553999999999888",67.5859999999999,66.9919999999999,64.688,28.8,9.9,22.5
"BOOI4","2023-08-31 14:00",75.8839999999999,54.7,2988000,0,8.84,163,0.0263779527559055,"84.109999999999914",67.5499999999999,66.9739999999999,64.706,28.7,9.8,22.4
"BOOI4","2023-08-31 15:00",77.18,51.38,2811960,0,9.55,161.9,0.0266141732283465,"86.197999999999965",67.496,66.938,64.688,28.7,9.7,22.4
"BOOI4","2023-08-31 16:00",78.53,46.47,2455200,0,9.53,155.1,0.0255118110236221,"87.457999999999942",67.496,66.938,64.688,28.7,9.6,22.4
"BOOI4","2023-08-31 17:00",79.124,47.04,1944360,0,9.65,157.1,0.0228346456692913,"87.727999999999895",67.514,66.9019999999999,64.6699999999999,28.7,9.6,22.4
"BOOI4","2023-08-31 18:00",78.5659999999999,46.07,1338480,0,10.04,157.3,0.0192913385826772,"86.737999999999985",67.5499999999999,66.9019999999999,64.6699999999999,28.7,9.5,22.4
"BOOI4","2023-08-31 19:00",75.7579999999999,52.57,691560,0,7.197,142.3,0.0111417322834646,"84.379999999999981",67.5679999999999,66.83,64.688,28.7,9.5,22.4
"BOOI4","2023-08-31 20:00",68.5039999999999,68.18,119988,0,4.781,133.7,0.00299212598425197,"81.967999999999918",67.622,66.8659999999999,64.6699999999999,28.7,9.5,22.3
"BOOI4","2023-08-31 21:00",66.1999999999999,73.35,471.6,0,5.641,137.7,0.00094488188976378,"80.023999999999944",67.6759999999999,66.848,64.6519999999999,28.7,9.5,22.4
"BOOI4","2023-08-31 22:00",62.564,81.4,0,0,5.554,148.2,0.00062992125984252,"78.331999999999951",67.73,66.8119999999999,64.6519999999999,28.7,9.5,22.4
"BOOI4","2023-08-31 23:00",59.8279999999999,85.2,0,0,5.113,158.1,0.00015748031496063,"76.855999999999966",67.7659999999999,66.7939999999999,64.6519999999999,28.7,9.5,22.4
"BOOI4","2023-09-01 00:00",57.6319999999999,88.7,0,0,1.092,163.6,-0.00110236220472441,"75.469999999999899",67.8199999999999,66.7939999999999,64.6519999999999,28.7,9.6,22.3
"BOOI4","2023-09-01 01:00",57.2179999999999,86.8,0,0,3.516,158.1,-0.000354330708661417,"74.371999999999971",67.8019999999999,66.7759999999999,64.6339999999999,28.7,9.6,22.4
"BOOI4","2023-09-01 02:00",56.048,88.8,0,0,4.47,158.3,-0.000196850393700787,"73.309999999999917",67.7839999999999,66.7759999999999,64.6339999999999,28.6,9.6,22.4
"BOOI4","2023-09-01 03:00",55.9579999999999,89.5,0,0,4.081,151.7,-0.000275590551181102,"72.481999999999957",67.7659999999999,66.7579999999999,64.6339999999999,28.6,9.6,22.4
"BOOI4","2023-09-01 04:00",54.68,92.1,0,0,3.457,147.6,-0.00047244094488189,"71.671999999999969",67.748,66.74,64.6519999999999,28.6,9.7,22.4
"BOOI4","2023-09-01 05:00",53.69,95.2,0,0,4.3,158.9,-0.00047244094488189,"70.951999999999913",67.6939999999999,66.7759999999999,64.6159999999999,28.6,9.7,22.4
"BOOI4","2023-09-01 06:00",53.5279999999999,96.2,0,0,1.781,165.6,-0.00094488188976378,"70.357999999999933",67.6039999999999,66.74,64.6159999999999,28.5,9.7,22.3
"BOOI4","2023-09-01 07:00",54.4819999999999,96.9,21632.4,0,2.704,155.5,-0.000748031496062992,"69.835999999999899",67.514,66.722,64.6159999999999,28.5,9.7,22.3
"BOOI4","2023-09-01 08:00",57.83,93.9,360720,0,4.953,157.5,0.000551181102362205,"69.835999999999899",67.4419999999999,66.7039999999999,64.6159999999999,28.6,9.7,22.3
"BOOI4","2023-09-01 09:00",64.5079999999999,86.9,953280,0,6.505,166.8,0.00496062992125984,"70.771999999999977",67.3159999999999,66.722,64.6159999999999,28.5,9.7,22.3
"BOOI4","2023-09-01 10:00",70.7899999999999,73.14,1560600,0,8.49,177.2,0.0113385826771653,"72.841999999999928",67.2259999999999,66.6679999999999,64.6159999999999,28.5,9.7,22.3
"BOOI4","2023-09-01 11:00",75.1819999999999,63.91,2100600,0,9.04,179.2,0.0176771653543307,"75.577999999999903",67.1179999999999,66.6859999999999,64.598,28.4,9.5,22.3
"BOOI4","2023-09-01 12:00",79.214,59.44,2538720,0,8.16,185.4,0.0224409448818898,"78.853999999999886",67.0099999999999,66.6679999999999,64.598,28.4,9.4,22.3
"BOOI4","2023-09-01 13:00",81.2839999999999,54.28,2792160,0,9.81,177.4,0.0265354330708662,"81.75199999999991",66.938,66.6499999999999,64.58,28.4,9.2,22.3
"BOOI4","2023-09-01 14:00",83.93,52.34,2837520,0,9.68,176.3,0.0280708661417323,"84.41599999999994",66.848,66.6319999999999,64.58,28.4,9.2,22.3
"BOOI4","2023-09-01 15:00",83.732,49.54,2673720,0,9.65,176.7,0.0282677165354331,"86.593999999999909",66.8839999999999,66.614,64.58,28.3,9,22.2
"BOOI4","2023-09-01 16:00",83.822,50.15,2262240,0,10.32,169.9,0.026259842519685,"87.511999999999887",66.8659999999999,66.5779999999999,64.598,28.3,8.9,22.2
"BOOI4","2023-09-01 17:00",84.9199999999999,48.04,1860480,0,11.09,169.3,0.024488188976378,"87.817999999999913",66.9199999999999,66.5599999999999,64.58,28.2,8.8,22.2
"BOOI4","2023-09-01 18:00",83.39,49.19,1292760,0,10.37,172.8,0.0201181102362205,"86.809999999999917",66.9739999999999,66.5239999999999,64.58,28.2,8.8,22.2
"BOOI4","2023-09-01 19:00",78.872,58.68,668880,0,6.506,175.5,0.0104330708661417,"84.649999999999935",67.064,66.506,64.5619999999999,28.2,8.8,22.2
"BOOI4","2023-09-01 20:00",70.5919999999999,76.03,109512,0,3.731,174,0.00165354330708661,"82.219999999999899",67.1359999999999,66.506,64.5619999999999,28.3,8.8,22.2
"BOOI4","2023-09-01 21:00",66.956,79.2,334.8,0,0.007,182.5,-0.00173228346456693,"80.005999999999958",67.2439999999999,66.4519999999999,64.58,28.3,8.8,22.2
"BOOI4","2023-09-01 22:00",63.2119999999999,85.7,0,0,0.095,195.1,-0.00165354330708661,"78.277999999999892",67.3519999999999,66.4519999999999,64.5619999999999,28.3,8.9,22.2
"BOOI4","2023-09-01 23:00",62.69,87.4,0,0,2.233,191.2,-0.000590551181102362,"76.945999999999984",67.4419999999999,66.4339999999999,64.5439999999999,28.3,8.9,22.2
"BOOI4","2023-09-02 00:00",60.4579999999999,92.5,0,0,0.894,182.9,-0.00118110236220473,"75.739999999999952",67.496,66.4339999999999,64.5259999999999,28.3,8.9,22.1
"BOOI4","2023-09-02 01:00",60.7819999999999,94.7,0,0,1.527,184.3,-0.00102362204724409,"74.803999999999888",67.532,66.4339999999999,64.5439999999999,28.3,8.8,22.1
"BOOI4","2023-09-02 02:00",60.548,95.2,0,0,2.263,189.3,-0.000866141732283465,"73.957999999999942",67.5679999999999,66.4339999999999,64.5259999999999,28.3,8.9,22.1
"BOOI4","2023-09-02 03:00",60.7279999999999,93.9,0,0,2.433,192.9,-0.000826771653543307,"73.219999999999899",67.5679999999999,66.4159999999999,64.5259999999999,28.3,8.9,22.1
"BOOI4","2023-09-02 04:00",60.0259999999999,94.2,0,0,2.107,201.2,-0.000866141732283465,"72.589999999999961",67.5499999999999,66.4339999999999,64.5259999999999,28.3,8.9,22.1
"BOOI4","2023-09-02 05:00",59.396,94.4,0,0,1.883,210.1,-0.000905511811023622,"72.013999999999967",67.5499999999999,66.398,64.5259999999999,28.3,8.9,22.1
"BOOI4","2023-09-02 06:00",57.8119999999999,96.9,0,0,0.95,192.2,-0.00122047244094488,"71.365999999999943",67.496,66.4339999999999,64.5259999999999,28.2,8.9,22.1
"BOOI4","2023-09-02 07:00",57.9199999999999,96.4,18230.4,0,1.696,176.9,-0.00094488188976378,"70.789999999999949",67.4239999999999,66.4339999999999,64.49,28.2,9,22.1
"BOOI4","2023-09-02 08:00",62.69,91.9,388080,0,3.441,174.6,0.000826771653543307,"70.933999999999926",67.3519999999999,66.4159999999999,64.49,28.2,9,22.1
"BOOI4","2023-09-02 09:00",70.7899999999999,76.52,959760,0,5.084,188.1,0.00598425196850394,"72.229999999999976",67.298,66.4159999999999,64.49,28.2,9,22.1
"BOOI4","2023-09-02 10:00",78.1519999999999,67.02,1636200,0,4.572,217.1,0.012755905511811,"74.857999999999933",67.2079999999999,66.398,64.49,28.2,8.9,22.1
"BOOI4","2023-09-02 11:00",83.1019999999999,60.56,2183760,0,5.119,228.8,0.0188976377952756,"78.331999999999951",67.1539999999999,66.398,64.49,28.1,8.8,22.1
"BOOI4","2023-09-02 12:00",87.8539999999999,54.19,2580480,0,5.921,218.3,0.024251968503937,"82.111999999999895",67.064,66.398,64.5079999999999,28.1,8.6,22.1
"BOOI4","2023-09-02 13:00",90.212,53.34,2838960,0,6.1,205.1,0.0278740157480315,"85.567999999999913",67.046,66.398,64.49,28,8.5,22.1
"BOOI4","2023-09-02 14:00",92.1379999999999,47.23,2871360,0,7.256,200.2,0.0303543307086614,"88.627999999999901",67.0099999999999,66.398,64.472,28,8.4,22.1
"BOOI4","2023-09-02 15:00",92.6599999999999,45.97,2717640,0,7.509,196.4,0.0303937007874016,"91.129999999999981",67.0099999999999,66.38,64.49,28,8.3,22.1
"BOOI4","2023-09-02 16:00",92.7859999999999,42.89,2284920,0,9.05,188.5,0.029251968503937,"91.795999999999978",67.046,66.3439999999999,64.4539999999999,28,8.2,22.1
"BOOI4","2023-09-02 17:00",91.472,45.18,1874160,0,8.12,198.3,0.0249212598425197,"91.597999999999956",67.1359999999999,66.3619999999999,64.4539999999999,28,8.1,22.1
"BOOI4","2023-09-02 18:00",89.0599999999999,48.93,1272240,0,7.838,198.6,0.0190551181102362,"89.977999999999895",67.2079999999999,66.3259999999999,64.4539999999999,28,8,22
"BOOI4","2023-09-02 19:00",84.7579999999999,58.27,654840,0,6.834,194.8,0.0114173228346457,"87.565999999999946",67.3519999999999,66.3259999999999,64.4359999999999,28,8,22
"BOOI4","2023-09-02 20:00",77.3779999999999,73.54,98424,0,4.56,190.5,0.00263779527559055,"84.973999999999947",67.4779999999999,66.3439999999999,64.4359999999999,28,8,22
"BOOI4","2023-09-02 21:00",74.3179999999999,79.12,86.4,0,4.087,200.2,0.000511811023622047,"82.921999999999969",67.6039999999999,66.3079999999999,64.4359999999999,27.9,8.1,22
"BOOI4","2023-09-02 22:00",72.446,82.3,0,0,4.426,198.2,0.000354330708661417,"81.391999999999925",67.7659999999999,66.2899999999999,64.4359999999999,27.9,8,22
"BOOI4","2023-09-02 23:00",70.3039999999999,83.8,0,0,4.353,200.8,0.000118110236220472,"80.023999999999944",67.874,66.3079999999999,64.3999999999999,28,8,22
"BOOI4","2023-09-03 00:00",68.414,84,0,0,3.935,195.2,0,"78.79999999999994",67.964,66.2899999999999,64.4179999999999,28,8.1,22
"BOOI4","2023-09-03 01:00",65.6419999999999,88.1,0,0,3.081,197.5,-0.000354330708661417,"77.593999999999909",68.0539999999999,66.3079999999999,64.4179999999999,28,8.1,22
"BOOI4","2023-09-03 02:00",64.472,89.3,0,0,2.579,198,-0.00062992125984252,"76.513999999999967",68.1259999999999,66.3259999999999,64.3999999999999,28,8.1,21.9
"BOOI4","2023-09-03 03:00",63.5539999999999,90.1,0,0,2.424,198.7,-0.000708661417322835,"75.541999999999931",68.1619999999999,66.3079999999999,64.3819999999999,28,8.1,22
"BOOI4","2023-09-03 04:00",63.0319999999999,91.3,0,0,2.344,216.9,-0.000748031496062992,"74.749999999999929",68.198,66.3439999999999,64.3999999999999,28,8.1,21.9
"BOOI4","2023-09-03 05:00",62.222,92.9,0,0,2.798,214.7,-0.000669291338582677,"74.029999999999973",68.198,66.3619999999999,64.3999999999999,28,8.1,21.9
"BOOI4","2023-09-03 06:00",59.972,94.9,0,0,2.447,205.7,-0.00078740157480315,"73.291999999999931",68.18,66.3619999999999,64.3819999999999,28,8.2,21.9
"BOOI4","2023-09-03 07:00",59.864,94.5,17834.4,0,2.589,205.7,-0.000748031496062992,"72.62599999999992",68.18,66.38,64.3999999999999,28,8.2,21.9
"BOOI4","2023-09-03 08:00",66.1999999999999,85,397440,0,3.138,207.2,0.00118110236220473,"72.841999999999928",68.1439999999999,66.398,64.364,27.9,8.2,21.9
"BOOI4","2023-09-03 09:00",73.49,69.65,1024560,0,4.41,212.5,0.00716535433070866,"74.101999999999904",68.1259999999999,66.4339999999999,64.3999999999999,27.9,8.2,21.9
"BOOI4","2023-09-03 10:00",80.0419999999999,57.92,1664280,0,6.466,225.2,0.0152755905511811,"76.531999999999954",68.0539999999999,66.4519999999999,64.3999999999999,27.9,8.1,21.9
"BOOI4","2023-09-03 11:00",85.3159999999999,51.09,2215440,0,7.535,230.3,0.0224409448818898,"79.663999999999973",67.9999999999999,66.4519999999999,64.346,27.9,8,21.9
"BOOI4","2023-09-03 12:00",88.43,46.9,2625480,0,7.907,229.8,0.0278740157480315,"83.047999999999959",67.9099999999999,66.4519999999999,64.364,27.8,7.9,21.9
"BOOI4","2023-09-03 13:00",90.7699999999999,41.02,2863080,0,7.632,232.5,0.0309055118110236,"86.12599999999992",67.8919999999999,66.4519999999999,64.346,27.7,7.8,21.8
"BOOI4","2023-09-03 14:00",93.4159999999999,39.18,2890800,0,6.845,210.8,0.0317322834645669,"89.275999999999925",67.838,66.4699999999999,64.364,27.8,7.7,21.9
"BOOI4","2023-09-03 15:00",94.19,37.67,2718360,0,7.233,205,0.0316535433070866,"91.651999999999916",67.874,66.4519999999999,64.364,27.7,7.6,21.9
"BOOI4","2023-09-03 16:00",94.1539999999999,37.04,2348280,0,8.03,200.4,0.0303937007874016,"92.461999999999989",67.9099999999999,66.4699999999999,64.346,27.7,7.5,21.9
"BOOI4","2023-09-03 17:00",92.5159999999999,37.3,1842120,0,8.16,196.7,0.0265354330708662,"92.101999999999904",67.964,66.488,64.346,27.7,7.5,21.9
"BOOI4","2023-09-03 18:00",90.0499999999999,40.71,1236960,0,6.875,197.7,0.0190551181102362,"90.427999999999898",68.072,66.4699999999999,64.3279999999999,27.7,7.4,21.9
"BOOI4","2023-09-03 19:00",85.0999999999999,49.42,610920,0,5.528,192,0.0108661417322835,"87.889999999999958",68.198,66.4699999999999,64.3279999999999,27.7,7.4,21.9
"BOOI4","2023-09-03 20:00",74.8939999999999,71.12,97812,0,3.277,182.9,0.0018503937007874,"84.95599999999996",68.3239999999999,66.4699999999999,64.346,27.7,7.4,21.8
"BOOI4","2023-09-03 21:00",71.4919999999999,76.79,82.8,0,3.383,182.5,0.000433070866141732,"82.867999999999924",68.4319999999999,66.488,64.346,27.7,7.4,21.8
"BOOI4","2023-09-03 22:00",69.6019999999999,82.9,0,0,3.345,175.7,7.8740157480315e-05,"81.175999999999917",68.5579999999999,66.488,64.3279999999999,27.7,7.4,21.8
"BOOI4","2023-09-03 23:00",70.556,81.3,0,0,4.425,166.2,0.000236220472440945,"80.023999999999944",68.648,66.488,64.3099999999999,27.7,7.5,21.8
"BOOI4","2023-09-04 00:00",70.2499999999999,83.4,0,0,6.021,160.6,0.000511811023622047,"79.08799999999998",68.738,66.506,64.3279999999999,27.7,7.5,21.8
"BOOI4","2023-09-04 01:00",69.188,86.7,0,0,5.767,158.7,0.000275590551181102,"78.20599999999996",68.8279999999999,66.5239999999999,64.346,27.7,7.5,21.8
"BOOI4","2023-09-04 02:00",67.856,88.8,0,0,5.307,156,3.93700787401575e-05,"77.395999999999987",68.8279999999999,66.5239999999999,64.3099999999999,27.7,7.5,21.8
"BOOI4","2023-09-04 03:00",66.8659999999999,91.4,0,0,4.395,164.6,-0.000275590551181102,"76.621999999999971",68.8819999999999,66.5599999999999,64.3279999999999,27.7,7.5,21.8
"BOOI4","2023-09-04 04:00",64.8859999999999,94.9,0,0,3.891,168.3,-0.000433070866141732,"75.919999999999888",68.8819999999999,66.5779999999999,64.2919999999999,27.7,7.5,21.8
"BOOI4","2023-09-04 05:00",64.9039999999999,95.5,0,0,3.819,168.3,-0.000590551181102362,"75.307999999999936",68.8819999999999,66.596,64.3099999999999,27.7,7.5,21.8
"BOOI4","2023-09-04 06:00",64.1119999999999,97.1,0,0,3.41,177.4,-0.000708661417322835,"74.71399999999997",68.864,66.596,64.3279999999999,27.7,7.5,21.8
"BOOI4","2023-09-04 07:00",64.472,96.9,15242.4,0,3.75,167.7,-0.00062992125984252,"74.209999999999908",68.846,66.6319999999999,64.3099999999999,27.7,7.5,21.8
"BOOI4","2023-09-04 08:00",68.4319999999999,92.5,349920,0,3.753,175.7,0.00078740157480315,"74.479999999999976",68.8279999999999,66.6679999999999,64.2739999999999,27.7,7.5,21.7
"BOOI4","2023-09-04 09:00",76.514,79.61,954000,0,5.471,181.9,0.00637795275590551,"75.901999999999916",68.756,66.6859999999999,64.3099999999999,27.7,7.5,21.7
"BOOI4","2023-09-04 10:00",81.68,69.88,1586520,0,6.614,184.6,0.013740157480315,"78.241999999999933",68.7199999999999,66.7039999999999,64.2919999999999,27.6,7.5,21.7
"BOOI4","2023-09-04 11:00",84.956,63.25,2142720,0,7.41,184.8,0.0205118110236221,"81.229999999999976",68.6839999999999,66.722,64.2919999999999,27.5,7.4,21.7
"BOOI4","2023-09-04 12:00",87.8179999999999,60.37,2563560,0,9.73,171.1,0.0263385826771654,"84.361999999999895",68.648,66.74,64.2919999999999,27.6,7.3,21.7
"BOOI4","2023-09-04 13:00",90.7519999999999,53.23,2810160,0,9.32,174.6,0.0299606299212598,"87.403999999999883",68.5939999999999,66.722,64.2919999999999,27.5,7.3,21.7
"BOOI4","2023-09-04 14:00",92.39,48.85,2821680,0,10.24,176.6,0.0326377952755905,"90.031999999999954",68.5579999999999,66.7579999999999,64.2919999999999,27.5,7.1,21.7
"BOOI4","2023-09-04 15:00",93.1819999999999,48.47,2649600,0,10.23,180.6,0.0320472440944882,"91.975999999999928",68.5759999999999,66.7579999999999,64.2739999999999,27.4,7.1,21.8
"BOOI4","2023-09-04 16:00",93.6679999999999,45.19,2293920,0,11.83,178.4,0.0318897637795276,"92.785999999999902",68.6659999999999,66.7759999999999,64.2919999999999,27.4,7,21.7
"BOOI4","2023-09-04 17:00",92.498,42.69,1801440,0,12.25,177.9,0.0296456692913386,"92.479999999999976",68.756,66.7579999999999,64.2919999999999,27.4,7,21.7
"BOOI4","2023-09-04 18:00",90.2659999999999,48.63,1182960,0,12.81,171.9,0.0246850393700787,"91.003999999999891",68.846,66.7759999999999,64.2919999999999,27.3,7,21.7
"BOOI4","2023-09-04 19:00",87.098,54.7,604080,0,9.98,170.6,0.0151574803149606,"88.933999999999926",68.972,66.7579999999999,64.2919999999999,27.4,6.9,21.7
"BOOI4","2023-09-04 20:00",81.374,65.98,86652,0,6.327,168.5,0.005,"86.629999999999981",69.098,66.7579999999999,64.3099999999999,27.4,6.9,21.7
"BOOI4","2023-09-04 21:00",78.89,71.43,39.6,0,6.115,162.5,0.00204724409448819,"84.991999999999933",69.2239999999999,66.7759999999999,64.2919999999999,27.4,7,21.7
"BOOI4","2023-09-04 22:00",77.972,74.7,0,0,4.743,151,0.00118110236220473,"83.659999999999911",69.3499999999999,66.8119999999999,64.2739999999999,27.4,7,21.6
"BOOI4","2023-09-04 23:00",76.4599999999999,80.2,0,0,5.253,140.3,0.00094488188976378,"82.543999999999912",69.4579999999999,66.8119999999999,64.2739999999999,27.4,7,21.6
"BOOI4","2023-09-05 00:00",76.514,81.2,0,0,5.726,150.7,0.000708661417322835,"81.697999999999965",69.5659999999999,66.83,64.2739999999999,27.4,7,21.6
"BOOI4","2023-09-05 01:00",75.938,82.3,0,0,5.239,153.8,0.00062992125984252,"81.04999999999994",69.6199999999999,66.83,64.2919999999999,27.4,7,21.6
"BOOI4","2023-09-05 02:00",75.2539999999999,82.1,0,0,7.056,158.3,0.000866141732283465,"80.437999999999974",69.6739999999999,66.83,64.2739999999999,27.4,7,21.6
"BOOI4","2023-09-05 03:00",73.4179999999999,81.5,0,0,6.713,156.7,0.000826771653543307,"79.681999999999945",69.7279999999999,66.9019999999999,64.2919999999999,27.4,7,21.6
"BOOI4","2023-09-05 04:00",72.5359999999999,81,0,0,6.58,155.6,0.00078740157480315,"78.997999999999962",69.782,66.9199999999999,64.2919999999999,27.4,7,21.6
"BOOI4","2023-09-05 05:00",73.7419999999999,76.77,0,0,8.33,156.7,0.00125984251968504,"78.637999999999977",69.764,66.956,64.2919999999999,27.4,7,21.6
"BOOI4","2023-09-05 06:00",72.0679999999999,80.9,0,0,7.481,163.3,0.00114173228346457,"78.133999999999929",69.782,66.9739999999999,64.3099999999999,27.4,7,21.6
"BOOI4","2023-09-05 07:00",72.122,82.9,5029.2,0,5.81,165.6,0.000669291338582677,"77.845999999999989",69.8359999999999,66.9919999999999,64.3099999999999,27.4,7,21.6
"BOOI4","2023-09-05 08:00",72.4279999999999,84.6,68076,0,7.674,165.7,0.00330708661417323,"77.593999999999909",69.7999999999999,67.046,64.2739999999999,27.4,7,21.6
"BOOI4","2023-09-05 09:00",75.8119999999999,80.1,852840,0,10.46,162.8,0.00807086614173229,"78.241999999999933",69.782,67.064,64.2919999999999,27.4,7,21.6
"BOOI4","2023-09-05 10:00",78.3499999999999,77.2,1130400,0,11.79,169.9,0.0119291338582677,"79.573999999999941",69.782,67.064,64.2919999999999,27.3,7,21.6
"BOOI4","2023-09-05 11:00",80.996,71.98,1522080,0,9.44,179.2,0.0147244094488189,"81.391999999999925",69.746,67.082,64.2919999999999,27.3,6.9,21.5
"BOOI4","2023-09-05 12:00",85.298,65.91,2003760,0,9.28,190.1,0.0198818897637795,"83.605999999999966",69.7279999999999,67.1359999999999,64.2919999999999,27.3,6.9,21.5
"BOOI4","2023-09-05 13:00",88.8619999999999,62.04,2802600,0,7.559,193.1,0.0261811023622047,"86.791999999999931",69.7099999999999,67.1359999999999,64.2919999999999,27.3,6.8,21.5
"BOOI4","2023-09-05 14:00",91.8859999999999,55.24,2363760,0,8.51,190.9,0.0254330708661417,"89.545999999999978",69.6919999999999,67.172,64.3099999999999,27.2,6.8,21.5
"BOOI4","2023-09-05 15:00",89.2579999999999,58,2052720,0,6.267,211.4,0.0223622047244094,"90.643999999999906",69.746,67.1539999999999,64.3099999999999,27.2,6.7,21.5
"BOOI4","2023-09-05 16:00",88.196,57.89,1290240,0,6.46,207.7,0.0170866141732283,"90.679999999999978",69.782,67.1539999999999,64.2919999999999,27.2,6.7,21.5
"BOOI4","2023-09-05 17:00",89.1679999999999,54.9,922680,0,5.988,225.5,0.0134645669291339,"90.301999999999907",69.872,67.2259999999999,64.3279999999999,27.2,6.7,21.5
"BOOI4","2023-09-05 18:00",85.7839999999999,64.48,987480,0,6.226,254.3,0.0132677165354331,"89.20399999999988",69.9439999999999,67.2079999999999,64.3099999999999,27.2,6.7,21.4
"BOOI4","2023-09-05 19:00",82.0939999999999,72.53,374760,0,3.061,266.1,0.00468503937007874,"87.655999999999963",70.0339999999999,67.2439999999999,64.346,27.2,6.7,21.4
"BOOI4","2023-09-05 20:00",76.7659999999999,77.75,69084,0,2.503,253.4,0.000275590551181102,"85.909999999999911",70.1599999999999,67.2259999999999,64.3099999999999,27.2,6.7,21.4
"BOOI4","2023-09-05 21:00",75.2539999999999,65.59,0,0,6.881,267.3,0.00208661417322835,"84.199999999999932",70.2499999999999,67.28,64.3279999999999,27.2,6.7,21.4
"BOOI4","2023-09-05 22:00",71.006,71.57,0,0,9.66,280.2,0.00240157480314961,"82.381999999999948",70.3579999999999,67.2619999999999,64.3099999999999,27.2,6.7,21.5
"BOOI4","2023-09-05 23:00",67.4239999999999,77.59,0,0,7.053,275.1,0.00141732283464567,"80.851999999999904",70.43,67.28,64.3099999999999,27.2,6.7,21.5
"BOOI4","2023-09-06 00:00",64.4179999999999,82.2,0,0,4.79,262.9,0.000511811023622047,"79.393999999999906",70.4659999999999,67.3159999999999,64.346,27.2,6.7,21.4
"BOOI4","2023-09-06 01:00",62.5999999999999,87,0,0,4.564,259,0.000196850393700787,"78.133999999999929",70.5199999999999,67.3519999999999,64.3279999999999,27.2,6.7,21.5
"BOOI4","2023-09-06 02:00",64.3999999999999,85.9,0,0,5.481,261.5,0.000236220472440945,"77.323999999999941",70.556,67.3699999999999,64.3279999999999,27.2,6.7,21.5
"BOOI4","2023-09-06 03:00",65.372,90.1,0,0,6.561,275.7,0.00031496062992126,"76.927999999999898",70.538,67.406,64.3279999999999,27.2,6.7,21.5
"BOOI4","2023-09-06 04:00",64.598,92.1,0,0,7.109,291.6,-7.8740157480315e-05,"76.531999999999954",70.5199999999999,67.4239999999999,64.3279999999999,27.1,6.6,21.5
"BOOI4","2023-09-06 05:00",62.1499999999999,95.7,0,0,7.736,285.4,-0.000118110236220472,"75.919999999999888",70.4839999999999,67.4599999999999,64.3279999999999,27.1,6.7,21.4
"BOOI4","2023-09-06 06:00",62.7619999999999,91.6,0,0,7.935,294.7,0,"75.361999999999895",70.3939999999999,67.4779999999999,64.346,27.1,6.7,21.4
"BOOI4","2023-09-06 07:00",62.672,89.4,1458,0,7.939,303.2,0.000236220472440945,"74.893999999999906",70.3579999999999,67.514,64.346,27.1,6.7,21.4
"BOOI4","2023-09-06 08:00",61.646,92.8,52632,0,7.509,302.5,0.00173228346456693,"74.443999999999903",70.2499999999999,67.5499999999999,64.346,27.1,6.7,21.4
"BOOI4","2023-09-06 09:00",61.79,92.1,146592,0,6.791,303.8,0.00188976377952756,"74.209999999999908",70.196,67.5679999999999,64.346,27.1,6.7,21.4
"BOOI4","2023-09-06 10:00",62.9779999999999,89.2,310680,0,7.144,301.4,0.00291338582677165,"74.083999999999932",70.088,67.5679999999999,64.364,27,6.7,21.4
"BOOI4","2023-09-06 11:00",65.5519999999999,81.7,897840,0,8.23,314.9,0.00700787401574803,"74.407999999999944",69.98,67.5859999999999,64.346,27,6.7,21.4
"BOOI4","2023-09-06 12:00",65.4619999999999,82.3,1016280,0,7.298,314.9,0.0084251968503937,"75.235999999999905",69.9079999999999,67.6039999999999,64.3819999999999,27,6.7,21.4
"BOOI4","2023-09-06 13:00",66.8659999999999,77.96,914400,0,7.584,303.5,0.00818897637795276,"75.919999999999888",69.8179999999999,67.6039999999999,64.3819999999999,27,6.7,21.4
"BOOI4","2023-09-06 14:00",65.048,79.94,707400,0,7.906,302.2,0.00748031496062992,"76.171999999999969",69.7099999999999,67.6039999999999,64.3819999999999,27,6.7,21.4
"BOOI4","2023-09-06 15:00",67.3519999999999,76.6,826560,0,7.679,304.6,0.00795275590551181,"76.315999999999946",69.6199999999999,67.622,64.364,26.9,6.6,21.4
"BOOI4","2023-09-06 16:00",72.698,65.94,2081880,0,7.053,320.8,0.0162204724409449,"77.593999999999909",69.548,67.6039999999999,64.3999999999999,26.9,6.6,21.4
"BOOI4","2023-09-06 17:00",74.696,59.46,1704960,0,6.724,338.9,0.0151574803149606,"78.817999999999913",69.4579999999999,67.622,64.3999999999999,26.8,6.5,21.3
"BOOI4","2023-09-06 18:00",71.672,63.71,1086840,0,7.693,357.1,0.0115748031496063,"78.781999999999954",69.422,67.5859999999999,64.3999999999999,26.8,6.5,21.3
"BOOI4","2023-09-06 19:00",67.3519999999999,72.56,444240,0,7.743,6.32,0.00665354330708662,"77.737999999999985",69.3859999999999,67.5859999999999,64.3999999999999,26.8,6.5,21.3
"BOOI4","2023-09-06 20:00",61.988,83.8,61632,0,4.257,9.05,0.000196850393700787,"76.351999999999904",69.314,67.5859999999999,64.4179999999999,26.8,6.5,21.3
"BOOI4","2023-09-06 21:00",59.1619999999999,88.9,0,0,3.654,10.56,-0.00015748031496063,"74.983999999999924",69.2599999999999,67.5859999999999,64.3999999999999,26.8,6.5,21.3
"BOOI4","2023-09-06 22:00",57.614,90.6,0,0,2.38,5.112,-0.000551181102362205,"73.741999999999933",69.2239999999999,67.5499999999999,64.4179999999999,26.8,6.5,21.3
"BOOI4","2023-09-06 23:00",56.048,92.5,0,0,2.022,335.9,-0.000669291338582677,"72.679999999999978",69.206,67.5499999999999,64.4359999999999,26.8,6.5,21.3
"BOOI4","2023-09-07 00:00",56.606,91.8,0,0,2.791,343,-0.000551181102362205,"71.851999999999904",69.1519999999999,67.532,64.4179999999999,26.7,6.5,21.3
"BOOI4","2023-09-07 01:00",52.646,95.7,0,0,1.05,321.7,-0.000984251968503937,"70.879999999999981",69.0619999999999,67.532,64.4179999999999,26.7,6.5,21.3
"BOOI4","2023-09-07 02:00",52.43,96.1,0,0,1.154,324,-0.00094488188976378,"70.105999999999966",69.0079999999999,67.514,64.4359999999999,26.7,6.5,21.3
"BOOI4","2023-09-07 03:00",51.9079999999999,98.5,0,0,1.634,307.8,-0.000866141732283465,"69.349999999999937",68.8999999999999,67.496,64.4359999999999,26.7,6.5,21.3
"BOOI4","2023-09-07 04:00",50.8819999999999,99.1,0,0,1.188,310.1,-0.000984251968503937,"68.629999999999981",68.8099999999999,67.4779999999999,64.4359999999999,26.7,6.5,21.3
"BOOI4","2023-09-07 05:00",50.54,99.7,0,0,1.41,323.5,-0.000905511811023622,"67.96399999999997",68.6839999999999,67.4599999999999,64.4359999999999,26.7,6.5,21.2
"BOOI4","2023-09-07 06:00",50.6659999999999,98.6,0,0,3.301,3.742,-0.00062992125984252,"67.369999999999891",68.5399999999999,67.4419999999999,64.4539999999999,26.6,6.6,21.2
"BOOI4","2023-09-07 07:00",50.1259999999999,99.1,9518.4,0,3.183,344,-0.00062992125984252,"66.811999999999884",68.414,67.4419999999999,64.472,26.6,6.6,21.2
"BOOI4","2023-09-07 08:00",53.1499999999999,96.6,339480,0,1.437,318.3,0,"66.523999999999944",68.2699999999999,67.4239999999999,64.472,26.6,6.6,21.2
"BOOI4","2023-09-07 09:00",58.2439999999999,89.9,978120,0,5.086,358,0.00405511811023622,"67.081999999999951",68.1259999999999,67.388,64.4539999999999,26.5,6.6,21.2
"BOOI4","2023-09-07 10:00",62.114,75.8,1603080,0,5.073,349.2,0.00913385826771654,"68.629999999999981",67.982,67.3699999999999,64.472,26.5,6.5,21.2
"BOOI4","2023-09-07 11:00",65.498,70.51,2184120,0,5.25,354.2,0.0142125984251968,"70.879999999999981",67.8199999999999,67.3519999999999,64.472,26.5,6.5,21.2
"BOOI4","2023-09-07 12:00",67.3339999999999,61.3,2615400,0,4.531,3.029,0.0181102362204724,"73.597999999999956",67.6939999999999,67.298,64.472,26.4,6.5,21.2
"BOOI4","2023-09-07 13:00",70.34,55.88,2864160,0,4.496,357.2,0.0209842519685039,"76.351999999999904",67.532,67.28,64.472,26.4,6.4,21.2
"BOOI4","2023-09-07 14:00",72.3919999999999,45.32,2894400,0,3.991,353.8,0.0220866141732283,"78.925999999999917",67.4419999999999,67.2259999999999,64.49,26.4,6.4,21.2
"BOOI4","2023-09-07 15:00",74.5519999999999,38.67,2729520,0,4.207,7.168,0.0222047244094488,"80.977999999999895",67.3519999999999,67.19,64.49,26.3,6.3,21.2
"BOOI4","2023-09-07 16:00",76.9099999999999,40.06,2367360,0,4.356,357.4,0.0206299212598425,"82.219999999999899",67.3339999999999,67.1539999999999,64.49,26.2,6.2,21.2
"BOOI4","2023-09-07 17:00",76.7839999999999,37.44,1811880,0,3.342,3.204,0.0159842519685039,"82.561999999999884",67.28,67.1359999999999,64.5079999999999,26.2,6.2,21.2
"BOOI4","2023-09-07 18:00",75.7759999999999,37.37,1180080,0,3.123,27.65,0.0110629921259842,"81.805999999999969",67.3159999999999,67.0999999999999,64.5079999999999,26.2,6.2,21.2
"BOOI4","2023-09-07 19:00",70.8259999999999,51.53,527400,0,2.262,43.97,0.00440944881889764,"79.987999999999985",67.3519999999999,67.0279999999999,64.49,26.2,6.2,21.2
"BOOI4","2023-09-07 20:00",65.948,58.12,25596,0,1.03,345.5,0.000393700787401575,"78.025999999999925",67.3699999999999,67.0099999999999,64.49,26.2,6.2,21.2
"BOOI4","2023-09-07 21:00",64.0939999999999,66.6,0,0,0.126,58.26,-0.00177165354330709,"76.531999999999954",67.388,66.956,64.49,26.2,6.2,21.2
"BOOI4","2023-09-07 22:00",62.9779999999999,73.91,0,0,1.21,63.57,-0.000669291338582677,"75.613999999999962",67.4239999999999,66.9199999999999,64.5079999999999,26.2,6.2,21.2
"BOOI4","2023-09-07 23:00",59.6659999999999,78.82,0,0,1.349,47.35,-0.000708661417322835,"74.533999999999921",67.4779999999999,66.9199999999999,64.5079999999999,26.2,6.2,21.2
"BOOI4","2023-09-08 00:00",58.8019999999999,83.3,0,0,3.037,28.04,0,"73.525999999999925",67.4599999999999,66.8839999999999,64.5259999999999,26.2,6.2,21.2
"BOOI4","2023-09-08 01:00",57.5599999999999,88.6,0,0,2.781,51.94,-0.000433070866141732,"72.661999999999892",67.4419999999999,66.848,64.5079999999999,26.2,6.2,21.1
"BOOI4","2023-09-08 02:00",56.2279999999999,91.6,0,0,2.903,59.62,-0.000511811023622047,"71.995999999999981",67.4419999999999,66.8119999999999,64.49,26.2,6.2,21.1
"BOOI4","2023-09-08 03:00",55.49,93.4,0,0,0.65,51.74,-0.00122047244094488,"71.32999999999997",67.3699999999999,66.7939999999999,64.5079999999999,26.2,6.2,21.1
"BOOI4","2023-09-08 04:00",55.7779999999999,92.6,0,0,0,0,-0.0015748031496063,"70.843999999999909",67.3339999999999,66.7759999999999,64.49,26.2,6.2,21.1
"BOOI4","2023-09-08 05:00",53.3119999999999,95.2,0,0,1.42,40.91,-0.000984251968503937,"70.21399999999997",67.28,66.7579999999999,64.49,26.2,6.2,21.1
"BOOI4","2023-09-08 06:00",54.338,96.2,0,0,2.558,54.37,-0.000748031496062992,"69.709999999999908",67.2079999999999,66.722,64.49,26.1,6.2,21.1
"BOOI4","2023-09-08 07:00",54.5899999999999,95.5,5353.2,0,2.289,42.52,-0.00078740157480315,"69.367999999999924",67.1359999999999,66.7039999999999,64.49,26.1,6.2,21.1
"BOOI4","2023-09-08 08:00",58.946,87.1,242280,0,0.971,41.85,-3.93700787401575e-05,"69.367999999999924",67.046,66.6859999999999,64.49,26.1,6.2,21.1
"BOOI4","2023-09-08 09:00",61.682,79.25,889200,0,3.297,137.2,0.00476377952755906,"69.997999999999962",66.9919999999999,66.6679999999999,64.49,26.1,6.2,21.1
"BOOI4","2023-09-08 10:00",64.922,73.79,1515960,0,4.187,127.9,0.0097244094488189,"71.365999999999943",66.8659999999999,66.6319999999999,64.49,26,6.2,21.1
"BOOI4","2023-09-08 11:00",69.8179999999999,66.13,2067840,0,3.591,158.4,0.0140944881889764,"73.669999999999888",66.7579999999999,66.5779999999999,64.49,26,6.1,21.1
"BOOI4","2023-09-08 12:00",72.1759999999999,57.02,2500200,0,2.497,110.3,0.0178740157480315,"76.207999999999942",66.6679999999999,66.596,64.49,26,6.1,21.1
"BOOI4","2023-09-08 13:00",74.2279999999999,51.24,2739960,0,2.321,108.7,0.0203149606299213,"78.727999999999895",66.596,66.5599999999999,64.49,25.9,6,21.1
"BOOI4","2023-09-08 14:00",77.5399999999999,45.17,2797920,0,2.961,354.4,0.0220866141732283,"81.103999999999886",66.5419999999999,66.506,64.472,25.8,6,21.1
"BOOI4","2023-09-08 15:00",78.9259999999999,46.27,2614680,0,2.349,343.8,0.0207874015748032,"82.921999999999969",66.506,66.488,64.49,25.9,6,21
"BOOI4","2023-09-08 16:00",79.538,38.88,2249280,0,3.108,28.7,0.0193700787401575,"84.037999999999982",66.5239999999999,66.4699999999999,64.4539999999999,25.9,5.9,21
"BOOI4","2023-09-08 17:00",80.7439999999999,37.98,1742040,0,2.878,21.62,0.0155118110236221,"84.289999999999949",66.596,66.4339999999999,64.4539999999999,25.8,5.9,21.1
"BOOI4","2023-09-08 18:00",79.9519999999999,37.22,1128600,0,3.948,2.305,0.0125196850393701,"83.533999999999921",66.6499999999999,66.398,64.4539999999999,25.8,5.8,21.1
"BOOI4","2023-09-08 19:00",74.5699999999999,51.09,493920,0,1.951,26.96,0.00417322834645669,"81.607999999999933",66.7039999999999,66.38,64.4359999999999,25.8,5.8,21.1
"BOOI4","2023-09-08 20:00",69.0439999999999,62.72,59076,0,0.643,58.67,-0.000748031496062992,"79.537999999999982",66.7759999999999,66.38,64.472,25.8,5.8,21.1
"BOOI4","2023-09-08 21:00",67.982,60.85,0,0,2.391,136.9,0.00047244094488189,"77.899999999999935",66.8659999999999,66.3079999999999,64.472,25.8,5.8,21
"BOOI4","2023-09-08 22:00",67.5499999999999,59.3,0,0,2.556,139.1,0.000511811023622047,"76.495999999999981",66.938,66.3079999999999,64.4539999999999,25.8,5.8,21
"BOOI4","2023-09-08 23:00",64.472,65.75,0,0,0.198,137.6,-0.00161417322834646,"75.073999999999941",66.9739999999999,66.272,64.4539999999999,25.8,5.8,21
"BOOI4","2023-09-09 00:00",64.13,65.3,0,0,0.003,124.3,-0.00181102362204724,"73.9939999999999",67.0279999999999,66.3079999999999,64.4179999999999,25.8,5.8,21
"BOOI4","2023-09-09 01:00",61.898,70.97,0,0,0.812,105.3,-0.000984251968503937,"73.021999999999977",67.046,66.272,64.4359999999999,25.8,5.8,21
"BOOI4","2023-09-09 02:00",59.3599999999999,82,0,0,1.549,88.7,-0.00062992125984252,"72.031999999999954",67.0279999999999,66.2359999999999,64.4179999999999,25.8,5.8,21
"BOOI4","2023-09-09 03:00",57.5779999999999,83.9,0,0,3.641,115.6,-7.8740157480315e-05,"71.221999999999966",67.0279999999999,66.272,64.4179999999999,25.8,5.9,21
"BOOI4","2023-09-09 04:00",55.472,90.1,0,0,3.676,153.2,-0.000275590551181102,"70.465999999999937",66.9739999999999,66.2179999999999,64.4179999999999,25.8,5.9,21
"BOOI4","2023-09-09 05:00",54.6619999999999,92.9,0,0,3.229,147,-0.00047244094488189,"69.781999999999954",66.9199999999999,66.2179999999999,64.4179999999999,25.8,5.9,21
"BOOI4","2023-09-09 06:00",53.8699999999999,95.1,0,0,3.22,148.7,-0.000551181102362205,"69.151999999999916",66.8839999999999,66.2179999999999,64.3999999999999,25.8,5.9,21
"BOOI4","2023-09-09 07:00",53.4739999999999,96,8715.6,0,3.643,156.8,-0.000551181102362205,"68.593999999999909",66.7939999999999,66.1999999999999,64.3999999999999,25.7,5.9,21
"BOOI4","2023-09-09 08:00",56.9839999999999,92.9,300600,0,2.411,161.6,0,"68.467999999999918",66.74,66.1999999999999,64.4179999999999,25.7,5.9,20.9
"BOOI4","2023-09-09 09:00",64.346,81.9,839880,0,4.054,182.9,0.00440944881889764,"69.349999999999937",66.6499999999999,66.1819999999999,64.3999999999999,25.7,5.9,20.9
"BOOI4","2023-09-09 10:00",70.3579999999999,66.51,1451520,0,3.115,199.5,0.01,"71.32999999999997",66.5239999999999,66.1819999999999,64.3819999999999,25.7,5.8,20.9
"BOOI4","2023-09-09 11:00",74.2999999999999,56.76,2017440,0,5.112,177.8,0.016259842519685,"73.651999999999916",66.4699999999999,66.164,64.3819999999999,25.7,5.8,20.9
"BOOI4","2023-09-09 12:00",79.9339999999999,45.96,2447280,0,2.856,207,0.0198031496062992,"76.96399999999997",66.3619999999999,66.146,64.3819999999999,25.6,5.8,20.9
"BOOI4","2023-09-09 13:00",79.3939999999999,47.77,2320200,0,3.595,186.7,0.0206299212598425,"79.21399999999997",66.2899999999999,66.1099999999999,64.364,25.5,5.7,20.9
"BOOI4","2023-09-09 14:00",79.34,50.55,1294200,0,3.125,206.5,0.013503937007874,"80.419999999999888",66.2179999999999,66.0919999999999,64.364,25.5,5.7,20.9
"BOOI4","2023-09-09 15:00",77.99,54.42,919440,0,1.619,232.2,0.00925196850393701,"80.707999999999942",66.1999999999999,66.0739999999999,64.364,25.5,5.7,20.9
"BOOI4","2023-09-09 16:00",79.6999999999999,48.73,1186920,0,1.636,264.7,0.0107086614173228,"81.157999999999944",66.2179999999999,66.056,64.346,25.5,5.7,20.8
"BOOI4","2023-09-09 17:00",78.998,55.07,473400,0,0.255,208.6,0.00417322834645669,"80.869999999999891",66.2899999999999,66.038,64.364,25.5,5.7,20.8
"BOOI4","2023-09-09 18:00",78.0079999999999,52.21,685800,0,3.395,123.5,0.00854330708661417,"80.293999999999912",66.3259999999999,66.0199999999999,64.346,25.5,5.6,20.8
"BOOI4","2023-09-09 19:00",75.0199999999999,61.67,182304,0,1.392,141.7,0.00263779527559055,"79.393999999999906",66.398,65.9839999999999,64.364,25.5,5.6,20.8
"BOOI4","2023-09-09 20:00",73.6159999999999,61.2,9914.4,0,0,0,7.8740157480315e-05,"78.277999999999892",66.4339999999999,65.9659999999999,64.3279999999999,25.5,5.6,20.8
"BOOI4","2023-09-09 21:00",70.4119999999999,71.12,0,0,0,0,3.93700787401575e-05,"77.179999999999978",66.5239999999999,65.9659999999999,64.3279999999999,25.5,5.6,20.8
"BOOI4","2023-09-09 22:00",69.548,72.12,0,0,0.311,204.5,0.000275590551181102,"76.351999999999904",66.5779999999999,65.948,64.3279999999999,25.5,5.6,20.8
"BOOI4","2023-09-09 23:00",68.3419999999999,75.79,0,0,0.165,209.6,0.000118110236220472,"75.523999999999944",66.6499999999999,65.9119999999999,64.3099999999999,25.5,5.7,20.8
"BOOI4","2023-09-10 00:00",64.5619999999999,83.4,0,0,0.79,213,0.00031496062992126,"74.551999999999907",66.6859999999999,65.8939999999999,64.3279999999999,25.4,5.7,20.8
"BOOI4","2023-09-10 01:00",63.9859999999999,83.3,0,0,1.07,251,0.000354330708661417,"73.615999999999943",66.74,65.9119999999999,64.2919999999999,25.4,5.7,20.8
"BOOI4","2023-09-10 02:00",61.9159999999999,88.2,0,0,0.492,272,0.00015748031496063,"72.679999999999978",66.74,65.8759999999999,64.3099999999999,25.4,5.7,20.8
"BOOI4","2023-09-10 03:00",61.43,91.3,0,0,1.17,292.1,0.000236220472440945,"71.941999999999936",66.722,65.8939999999999,64.3099999999999,25.4,5.7,20.8
"BOOI4","2023-09-10 04:00",61.8619999999999,91,0,0,0.99,311.9,0.000236220472440945,"71.50999999999992",66.7759999999999,65.8579999999999,64.2739999999999,25.4,5.7,20.8
"BOOI4","2023-09-10 05:00",62.9779999999999,93.3,0,0,2.716,334.3,0.00031496062992126,"71.365999999999943",66.74,65.8939999999999,64.2919999999999,25.5,5.7,20.8
"BOOI4","2023-09-10 06:00",62.096,95.4,0,0,3.839,0.34,0.000275590551181102,"71.131999999999948",66.6859999999999,65.8759999999999,64.2919999999999,25.5,5.7,20.8
"BOOI4","2023-09-10 07:00",61.196,96,13168.8,0,4.018,7.666,0.000275590551181102,"70.91599999999994",66.6679999999999,65.8939999999999,64.256,25.5,5.7,20.8
"BOOI4","2023-09-10 08:00",61.1419999999999,95.6,159660,0,3.132,0.712,0.00031496062992126,"70.681999999999945",66.6319999999999,65.8759999999999,64.256,25.5,5.7,20.8
"BOOI4","2023-09-10 09:00",65.9119999999999,83.5,729000,0,3.952,12.14,0.00405511811023622,"70.987999999999985",66.596,65.8759999999999,64.256,25.5,5.7,20.8
"BOOI4","2023-09-10 10:00",69.188,73.67,1209600,0,5.031,20.9,0.00877952755905512,"72.157999999999944",66.5419999999999,65.8759999999999,64.238,25.4,5.6,20.8
"BOOI4","2023-09-10 11:00",70.322,71.7,1162800,0,4.212,3.553,0.00960629921259843,"73.471999999999966",66.5239999999999,65.8579999999999,64.256,25.4,5.6,20.8
"BOOI4","2023-09-10 12:00",72.8239999999999,64.51,1787040,0,3.489,355.2,0.0141732283464567,"75.145999999999987",66.4519999999999,65.8579999999999,64.238,25.3,5.6,20.8
"BOOI4","2023-09-10 13:00",72.374,71.75,1736640,0,4.516,339.4,0.0142913385826772,"76.675999999999917",66.4339999999999,65.8579999999999,64.238,25.3,5.6,20.8
"BOOI4","2023-09-10 14:00",71.6539999999999,73.34,1389960,0,5.581,340.5,0.0118503937007874,"77.485999999999905",66.38,65.8579999999999,64.238,25.3,5.6,20.7
"BOOI4","2023-09-10 15:00",70.4659999999999,74.26,893880,0,5.233,346.2,0.00901574803149606,"77.863999999999962",66.3439999999999,65.822,64.2199999999999,25.3,5.6,20.7
"BOOI4","2023-09-10 16:00",67.1539999999999,84.6,312120,0,5.803,353.2,0.00448818897637795,"77.179999999999978",66.3619999999999,65.822,64.238,25.3,5.6,20.7
"BOOI4","2023-09-10 17:00",63.8419999999999,95.7,160236,0.05,5.725,346,0.00200787401574803,"75.919999999999888",66.4159999999999,65.822,64.2019999999999,25.3,5.6,20.7
"BOOI4","2023-09-10 18:00",62.9599999999999,97.6,105120,0.08,4.17,3.045,0.00094488188976378,"74.749999999999929",66.4519999999999,65.8039999999999,64.2019999999999,25.3,5.6,20.7
"BOOI4","2023-09-10 19:00",62.6359999999999,97.8,47160,0.01,3.887,353.4,0.000511811023622047,"73.669999999999888",66.4519999999999,65.7859999999999,64.2019999999999,25.3,5.6,20.7
"BOOI4","2023-09-10 20:00",62.2939999999999,98.4,9525.6,0,4.43,3.262,0.000118110236220472,"72.769999999999897",66.488,65.7859999999999,64.1839999999999,25.3,5.6,20.7
"BOOI4","2023-09-10 21:00",62.1319999999999,99.4,0,0,4.279,356,7.8740157480315e-05,"72.013999999999967",66.506,65.7679999999999,64.1839999999999,25.3,5.6,20.7
"BOOI4","2023-09-10 22:00",62.0239999999999,99.9,0,0.03,5.065,1.991,3.93700787401575e-05,"71.365999999999943",66.506,65.7679999999999,64.2019999999999,25.3,5.6,20.7
"BOOI4","2023-09-10 23:00",60.7999999999999,100,0,0.06,5.539,12.59,0,"70.699999999999932",66.488,65.7499999999999,64.2019999999999,25.2,5.6,20.7
"BOOI4","2023-09-11 00:00",60.422,100,0,0.02,2.405,17.68,0,"70.105999999999966",66.488,65.7499999999999,64.1659999999999,25.1,5.6,20.6
"BOOI4","2023-09-11 01:00",60.0619999999999,100,0,0,1.434,8.99,0,"69.637999999999977",66.4519999999999,65.732,64.1659999999999,25.1,5.6,20.6
"BOOI4","2023-09-11 02:00",59.8999999999999,100,0,0.01,1.862,5.88,0,"69.25999999999992",66.4159999999999,65.7499999999999,64.148,25.2,5.6,20.6
"BOOI4","2023-09-11 03:00",59.864,100,0,0,0.614,1.83,0,"68.935999999999908",66.3619999999999,65.732,64.148,25.1,5.6,20.6
"BOOI4","2023-09-11 04:00",59.3599999999999,100,0,0,0.529,342.2,3.93700787401575e-05,"68.737999999999985",66.3079999999999,65.7499999999999,64.1659999999999,25.1,5.6,20.6
"BOOI4","2023-09-11 05:00",59.414,100,0,0,2.594,342.2,0,"68.413999999999973",66.2539999999999,65.732,64.148,25.1,5.6,20.6
"BOOI4","2023-09-11 06:00",59.0359999999999,100,0,0,3.425,341.5,0,"67.999999999999929",66.1819999999999,65.714,64.13,25,5.6,20.6
"BOOI4","2023-09-11 07:00",57.38,100,3366,0,2.404,341.7,3.93700787401575e-05,"67.42399999999995",66.1279999999999,65.696,64.13,25,5.6,20.6
"BOOI4","2023-09-11 08:00",58.316,100,196704,0,3.642,343.1,-0.00015748031496063,"66.937999999999974",66.0739999999999,65.714,64.1119999999999,25,5.6,20.6
"BOOI4","2023-09-11 09:00",61.9339999999999,93.5,734400,0,5.365,3.306,0.00311023622047244,"67.171999999999969",66.0199999999999,65.6599999999999,64.13,25,5.6,20.6
"BOOI4","2023-09-11 10:00",65.03,84.1,1520640,0,6.112,10.52,0.00877952755905512,"68.431999999999945",65.9119999999999,65.6599999999999,64.1119999999999,25,5.6,20.6
"BOOI4","2023-09-11 11:00",68.3419999999999,74.48,2311920,0,7.33,12.1,0.0152362204724409,"70.663999999999973",65.8579999999999,65.6599999999999,64.13,25,5.6,20.6
"BOOI4","2023-09-11 12:00",69.0439999999999,71.97,2294640,0.01,7.367,19.02,0.0164566929133858,"72.75199999999991",65.7499999999999,65.624,64.1119999999999,24.9,5.5,20.6
"BOOI4","2023-09-11 13:00",68.6839999999999,66.03,1755360,0,8.02,20.73,0.0148425196850394,"73.885999999999896",65.696,65.624,64.1119999999999,24.8,5.5,20.6
"BOOI4","2023-09-11 14:00",72.356,55.24,2284920,0,7.387,12.57,0.0191338582677165,"74.929999999999978",65.624,65.606,64.13,24.8,5.4,20.6
"BOOI4","2023-09-11 15:00",71.0239999999999,53.71,1377720,0,8.01,10.31,0.0153937007874016,"75.469999999999899",65.624,65.588,64.1119999999999,24.8,5.4,20.6
"BOOI4","2023-09-11 16:00",71.9779999999999,50.56,1941480,0,7.668,18.69,0.0189370078740158,"75.523999999999944",65.624,65.588,64.0939999999999,24.8,5.4,20.6
"BOOI4","2023-09-11 17:00",72.6439999999999,49.53,1108080,0,5.927,27.2,0.0133464566929134,"75.649999999999935",65.624,65.5339999999999,64.0939999999999,24.8,5.4,20.6
"BOOI4","2023-09-11 18:00",71.9419999999999,44.44,1072080,0,6.546,26.33,0.0131889763779528,"74.983999999999924",65.606,65.5159999999999,64.0759999999999,24.8,5.4,20.6
"BOOI4","2023-09-11 19:00",69.782,49.25,471600,0,3.123,18.7,0.00456692913385827,"73.597999999999956",65.6599999999999,65.498,64.0759999999999,24.8,5.4,20.6
"BOOI4","2023-09-11 20:00",63.9859999999999,61.15,44100,0,2.565,2.32,0.00141732283464567,"71.869999999999891",65.624,65.4619999999999,64.0759999999999,24.8,5.4,20.6
"BOOI4","2023-09-11 21:00",60.2419999999999,69.59,0,0,3.243,349.9,0.00102362204724409,"70.195999999999984",65.6419999999999,65.4259999999999,64.0579999999999,24.8,5.4,20.6
"BOOI4","2023-09-11 22:00",59.0539999999999,71.27,0,0,2.661,339.9,0.000551181102362205,"68.899999999999935",65.6599999999999,65.4259999999999,64.0579999999999,24.8,5.4,20.6
"BOOI4","2023-09-11 23:00",57.038,74.45,0,0,2.875,340.1,0.000511811023622047,"67.693999999999903",65.6419999999999,65.39,64.0579999999999,24.7,5.4,20.6
"BOOI4","2023-09-12 00:00",55.8859999999999,75.5,0,0,3.705,338.1,0.000590551181102362,"66.631999999999948",65.624,65.39,64.0579999999999,24.7,5.4,20.5
"BOOI4","2023-09-12 01:00",56.03,73.18,0,0,3.234,339.4,0.000551181102362205,"65.677999999999898",65.588,65.372,64.0399999999999,24.7,5.4,20.5
"BOOI4","2023-09-12 02:00",53.798,79.51,0,0,3.216,341.1,0.000433070866141732,"64.813999999999965",65.5339999999999,65.3539999999999,64.022,24.7,5.4,20.5
"BOOI4","2023-09-12 03:00",52.8619999999999,83.6,0,0,3.576,354.2,0.000275590551181102,"64.021999999999977",65.4619999999999,65.3539999999999,64.0399999999999,24.7,5.4,20.5
"BOOI4","2023-09-12 04:00",51.332,87.7,0,0,3.122,336.1,3.93700787401575e-05,"63.301999999999907",65.39,65.3539999999999,64.022,24.6,5.4,20.5
"BOOI4","2023-09-12 05:00",52.5199999999999,83.2,0,0,2.088,2.451,-3.93700787401575e-05,"62.761999999999887",65.282,65.3359999999999,64.022,24.6,5.4,20.5
"BOOI4","2023-09-12 06:00",50.1439999999999,89,0,0,3.233,345.1,7.8740157480315e-05,"62.149999999999928",65.1919999999999,65.2999999999999,64.022,24.6,5.4,20.5
"BOOI4","2023-09-12 07:00",50.6839999999999,88.6,4993.2,0,3.553,343.3,0,"61.609999999999907",65.048,65.264,64.022,24.6,5.4,20.5
"BOOI4","2023-09-12 08:00",54.0499999999999,83.2,237672,0,3.481,348.3,0.000275590551181102,"61.37599999999992",64.922,65.264,64.0039999999999,24.6,5.4,20.5
"BOOI4","2023-09-12 09:00",58.19,79.84,760320,0,3.134,345.7,0.00397637795275591,"62.023999999999937",64.814,65.246,64.0039999999999,24.5,5.4,20.5
"BOOI4","2023-09-12 10:00",65.3179999999999,67.37,1477080,0,2.908,336.6,0.00897637795275591,"63.895999999999987",64.6519999999999,65.2279999999999,63.9859999999999,24.5,5.4,20.5
"BOOI4","2023-09-12 11:00",68.9539999999999,59.55,2017800,0,1.512,341.1,0.0135433070866142,"67.00999999999992",64.5439999999999,65.1919999999999,64.0039999999999,24.5,5.4,20.5
"BOOI4","2023-09-12 12:00",69.7279999999999,57.01,1382760,0,1.336,287.3,0.0105511811023622,"69.475999999999928",64.3999999999999,65.156,63.9859999999999,24.5,5.3,20.5
"BOOI4","2023-09-12 13:00",73.9939999999999,50.08,2633040,0,3.307,250.3,0.0203937007874016,"72.085999999999899",64.2739999999999,65.1199999999999,63.9679999999999,24.4,5.3,20.5
"BOOI4","2023-09-12 14:00",75.722,48.32,2770560,0,3.917,256.5,0.0223228346456693,"74.569999999999894",64.1839999999999,65.1019999999999,63.9499999999999,24.4,5.3,20.4
"BOOI4","2023-09-12 15:00",74.1739999999999,44.23,2248200,0,3.905,293.4,0.019488188976378,"76.279999999999973",64.1119999999999,65.0659999999999,63.9679999999999,24.3,5.3,20.4
"BOOI4","2023-09-12 16:00",76.6759999999999,39.46,2078640,0,4.138,287.8,0.0187007874015748,"77.053999999999888",64.1119999999999,65.03,63.9679999999999,24.3,5.2,20.4
"BOOI4","2023-09-12 17:00",76.4599999999999,42.47,1371960,0,4.623,300.8,0.0144881889763779,"76.927999999999898",64.0939999999999,64.9939999999999,63.9499999999999,24.3,5.2,20.4
"BOOI4","2023-09-12 18:00",71.4919999999999,48.44,1223280,0,7.187,322.8,0.0148425196850394,"75.82999999999997",64.13,64.922,63.932,24.3,5.2,20.4
"BOOI4","2023-09-12 19:00",66.956,63.36,424440,0,3.23,10.65,0.00433070866141732,"74.227999999999895",64.2019999999999,64.9039999999999,63.9499999999999,24.3,5.2,20.4
"BOOI4","2023-09-12 20:00",62.2939999999999,70.36,38736,0,0,0,-0.00114173228346457,"72.391999999999925",64.256,64.8679999999999,63.932,24.3,5.2,20.5
"BOOI4","2023-09-12 21:00",61.8259999999999,70.78,0,0,0,0,-0.0012992125984252,"70.735999999999905",64.2919999999999,64.814,63.932,24.3,5.2,20.5
"BOOI4","2023-09-12 22:00",59.8279999999999,76.09,0,0,0.31,299,-0.000984251968503937,"69.331999999999951",64.346,64.796,63.914,24.3,5.2,20.5
"BOOI4","2023-09-12 23:00",57.722,79.78,0,0,1.898,18.84,-7.8740157480315e-05,"68.377999999999901",64.3819999999999,64.796,63.896,24.3,5.2,20.4
"BOOI4","2023-09-13 00:00",57.2539999999999,80.6,0,0,1.498,27.74,-0.000354330708661417,"67.441999999999936",64.364,64.7419999999999,63.896,24.3,5.2,20.4
"BOOI4","2023-09-13 01:00",57.3439999999999,77.05,0,0,1.21,27.47,-0.000511811023622047,"66.667999999999921",64.346,64.7239999999999,63.896,24.3,5.2,20.4
"BOOI4","2023-09-13 02:00",55.0579999999999,78.56,0,0,3.852,10.13,0.000354330708661417,"65.803999999999888",64.364,64.706,63.8599999999999,24.3,5.2,20.4
"BOOI4","2023-09-13 03:00",53.5279999999999,82.1,0,0,3.528,14.14,0.00015748031496063,"64.939999999999955",64.3279999999999,64.6699999999999,63.8599999999999,24.2,5.2,20.4
"BOOI4","2023-09-13 04:00",52.322,84,0,0,3.432,7.474,3.93700787401575e-05,"64.16599999999994",64.2739999999999,64.6519999999999,63.8779999999999,24.3,5.2,20.4
"BOOI4","2023-09-13 05:00",50.6659999999999,87.7,0,0,3.657,10.37,-3.93700787401575e-05,"63.427999999999898",64.1839999999999,64.6519999999999,63.8419999999999,24.3,5.2,20.4
"BOOI4","2023-09-13 06:00",50.0539999999999,90.1,0,0,3.518,6.915,-0.00015748031496063,"62.869999999999891",64.1659999999999,64.6339999999999,63.8599999999999,24.3,5.2,20.4
"BOOI4","2023-09-13 07:00",49.3519999999999,92.3,3614.4,0,3.126,16.03,-0.000275590551181102,"62.347999999999963",64.0579999999999,64.598,63.8599999999999,24.3,5.2,20.4
"BOOI4","2023-09-13 08:00",51.4039999999999,91.6,262152,0,3.662,24.74,0,"61.987999999999978",63.9499999999999,64.58,63.8419999999999,24.2,5.2,20.4
"BOOI4","2023-09-13 09:00",55.346,87.4,812880,0,4.282,52.91,0.00354330708661417,"62.527999999999899",63.8599999999999,64.58,63.8239999999999,24.2,5.2,20.4
"BOOI4","2023-09-13 10:00",61.0159999999999,74.69,1488240,0,4.136,61.25,0.00826771653543307,"64.183999999999926",63.7519999999999,64.5439999999999,63.8239999999999,24.2,5.2,20.4
"BOOI4","2023-09-13 11:00",64.8499999999999,65.27,2023560,0,4.223,73.28,0.0133858267716536,"66.649999999999935",63.6619999999999,64.5259999999999,63.806,24.1,5.2,20.4
"BOOI4","2023-09-13 12:00",67.5859999999999,57.06,2442960,0,4.35,108.5,0.017755905511811,"69.547999999999959",63.5539999999999,64.5079999999999,63.806,24.1,5.2,20.4
"BOOI4","2023-09-13 13:00",69.8359999999999,56.03,2793600,0,4.598,99.9,0.020748031496063,"72.355999999999966",63.4819999999999,64.4359999999999,63.788,24.1,5.1,20.3
"BOOI4","2023-09-13 14:00",73.5439999999999,48.38,2878560,0,4.57,108,0.0222047244094488,"75.253999999999891",63.374,64.4359999999999,63.788,24,5.1,20.3
"BOOI4","2023-09-13 15:00",74.696,45.11,2586240,0,4.645,94.7,0.0212204724409449,"77.233999999999924",63.356,64.3999999999999,63.7699999999999,24,5.1,20.3
"BOOI4","2023-09-13 16:00",76.4599999999999,45.47,2106360,0,3.23,73.85,0.0175984251968504,"78.511999999999887",63.356,64.3819999999999,63.788,24,5,20.3
"BOOI4","2023-09-13 17:00",76.3339999999999,45.82,1652400,0,3.699,72.08,0.0148425196850394,"78.67399999999995",63.374,64.3279999999999,63.7699999999999,24,5,20.3
"BOOI4","2023-09-13 18:00",74.4439999999999,49.38,1054800,0,4.588,92.1,0.0111417322834646,"77.701999999999913",63.4279999999999,64.3099999999999,63.7519999999999,23.9,5,20.3
"BOOI4","2023-09-13 19:00",68.9179999999999,60.08,367200,0,3.967,89.6,0.00488188976377953,"75.775999999999925",63.464,64.2739999999999,63.7339999999999,24,5,20.3
"BOOI4","2023-09-13 20:00",64.4539999999999,67.56,23508,0,3.297,104.9,0.000748031496062992,"73.831999999999951",63.572,64.238,63.7339999999999,24,5,20.2
"BOOI4","2023-09-13 21:00",61.448,74.15,0,0,3.285,102,0.00031496062992126,"72.103999999999886",63.6439999999999,64.1839999999999,63.7339999999999,24,5,20.2
"BOOI4","2023-09-13 22:00",60.9079999999999,73.76,0,0,4.117,113,0.00047244094488189,"70.735999999999905",63.7339999999999,64.1839999999999,63.7159999999999,24,5,20.2
"BOOI4","2023-09-13 23:00",59.7739999999999,74.87,0,0,4.708,123.3,0.00047244094488189,"69.565999999999946",63.7699999999999,64.1659999999999,63.7159999999999,24,5,20.2
"BOOI4","2023-09-14 00:00",57.3619999999999,80.8,0,0,5.639,137.7,0.00047244094488189,"68.449999999999932",63.806,64.148,63.68,24,5,20.3
"BOOI4","2023-09-14 01:00",55.0579999999999,86.4,0,0,3.492,147.1,-0.000196850393700787,"67.387999999999977",63.8599999999999,64.1119999999999,63.68,24,5,20.2
"BOOI4","2023-09-14 02:00",54.2119999999999,88.5,0,0,4.306,152.9,-0.000196850393700787,"66.41599999999994",63.8419999999999,64.13,63.68,24,5,20.2
"BOOI4","2023-09-14 03:00",52.1779999999999,92.1,0,0,4.791,157.4,-0.000236220472440945,"65.497999999999962",63.8419999999999,64.0759999999999,63.6439999999999,24,5,20.3
"BOOI4","2023-09-14 04:00",52.3399999999999,91.8,0,0,4.732,152.9,-0.00031496062992126,"64.723999999999947",63.806,64.0579999999999,63.6619999999999,24,5,20.3
"BOOI4","2023-09-14 05:00",52.43,91.1,0,0,4.395,143.7,-0.00031496062992126,"64.039999999999949",63.7699999999999,64.0939999999999,63.6439999999999,24,5,20.3
"BOOI4","2023-09-14 06:00",50.0899999999999,92.3,0,0,3.329,144,-0.000511811023622047,"63.355999999999973",63.7159999999999,64.0939999999999,63.6439999999999,24,5,20.3
"BOOI4","2023-09-14 07:00",48.9019999999999,96,4201.2,0,2.044,103.7,-0.000748031496062992,"62.671999999999969",63.6439999999999,64.0399999999999,63.6439999999999,23.9,5,20.2
"BOOI4","2023-09-14 08:00",52.7359999999999,92.3,250920,0,2.998,101.7,-0.000236220472440945,"62.347999999999963",63.6079999999999,64.0579999999999,63.6259999999999,23.9,5,20.2
"BOOI4","2023-09-14 09:00",57.29,86.1,820800,0,4.435,119.9,0.00381889763779528,"62.92399999999995",63.4999999999999,64.0399999999999,63.6079999999999,23.9,5,20.2
"BOOI4","2023-09-14 10:00",64.49,75.81,1496520,0,4.225,140.2,0.00885826771653543,"64.795999999999978",63.4279999999999,64.022,63.5899999999999,23.9,5,20.2
"BOOI4","2023-09-14 11:00",70.6279999999999,62.34,2071080,0,3.892,161.4,0.0143307086614173,"67.639999999999958",63.3019999999999,64.022,63.5899999999999,23.9,5,20.2
"BOOI4","2023-09-14 12:00",77.18,49.54,2512080,0,2.879,198.7,0.019251968503937,"71.347999999999956",63.2119999999999,63.9859999999999,63.5899999999999,23.8,5,20.2
"BOOI4","2023-09-14 13:00",78.8359999999999,43.47,2708280,0,4.288,193.6,0.0231889763779528,"74.281999999999954",63.14,63.9679999999999,63.5539999999999,23.8,4.9,20.2
"BOOI4","2023-09-14 14:00",76.6939999999999,38.65,1738080,0,4.936,186.8,0.0188582677165354,"75.847999999999956",63.0679999999999,63.9499999999999,63.572,23.7,4.9,20.2
"BOOI4","2023-09-14 15:00",79.3579999999999,33.2,2297880,0,5.255,159.8,0.0229527559055118,"77.269999999999897",63.0859999999999,63.9499999999999,63.5539999999999,23.7,4.8,20.2
"BOOI4","2023-09-14 16:00",77.6659999999999,36.42,1370520,0,4.476,193.9,0.0162992125984252,"77.95399999999988",63.1039999999999,63.896,63.5359999999999,23.7,4.8,20.2
"BOOI4","2023-09-14 17:00",76.9099999999999,38.5,979920,0,4.497,201.7,0.0130708661417323,"77.66599999999994",63.1759999999999,63.896,63.5179999999999,23.7,4.8,20.1
"BOOI4","2023-09-14 18:00",77.2159999999999,36.85,684360,0,5.58,187.8,0.0118897637795276,"76.891999999999925",63.248,63.8599999999999,63.5359999999999,23.7,4.8,20.1
"BOOI4","2023-09-14 19:00",71.4919999999999,44.98,464400,0,4.685,205.7,0.00716535433070866,"75.541999999999931",63.338,63.8419999999999,63.4999999999999,23.7,4.8,20.1
"BOOI4","2023-09-14 20:00",64.8499999999999,58.93,29628,0,1.729,198.2,0.000984251968503937,"73.525999999999925",63.464,63.806,63.4819999999999,23.7,4.8,20.1
"BOOI4","2023-09-14 21:00",63.23,65.31,0,0,0.773,200.9,-3.93700787401575e-05,"72.139999999999958",63.5359999999999,63.7699999999999,63.464,23.7,4.8,20.1
"BOOI4","2023-09-14 22:00",63.8779999999999,65.31,0,0,0.852,185.8,-3.93700787401575e-05,"71.221999999999966",63.6439999999999,63.7699999999999,63.4819999999999,23.8,4.8,20.1
"BOOI4","2023-09-14 23:00",62.8339999999999,67.98,0,0,1.459,182,0.00031496062992126,"70.393999999999906",63.698,63.788,63.4819999999999,23.8,4.8,20.1
"BOOI4","2023-09-15 00:00",61.106,71.79,0,0,0.552,194.9,-0.00031496062992126,"69.601999999999904",63.7699999999999,63.7699999999999,63.464,23.8,4.8,20.1
"BOOI4","2023-09-15 01:00",59.1439999999999,76.44,0,0,1.087,191.4,-7.8740157480315e-05,"68.557999999999936",63.788,63.7159999999999,63.464,23.8,4.8,20.1
"BOOI4","2023-09-15 02:00",58.5679999999999,78.49,0,0,0.846,206,-0.000236220472440945,"67.621999999999971",63.8239999999999,63.7339999999999,63.446,23.8,4.8,20.1
"BOOI4","2023-09-15 03:00",57.398,81.2,0,0,1.559,205.1,0,"66.865999999999943",63.8419999999999,63.7519999999999,63.4279999999999,23.8,4.8,20.1
"BOOI4","2023-09-15 04:00",56.6419999999999,82.5,0,0,1.679,220.3,0,"66.145999999999987",63.806,63.7519999999999,63.3919999999999,23.8,4.9,20
"BOOI4","2023-09-15 05:00",56.8399999999999,84.5,0,0,2.213,172.4,3.93700787401575e-05,"65.515999999999948",63.788,63.7339999999999,63.4279999999999,23.8,4.9,20
"BOOI4","2023-09-15 06:00",56.588,84.9,0,0,3.243,156.4,0.00015748031496063,"65.209999999999908",63.788,63.7339999999999,63.3919999999999,23.7,4.9,20.1
"BOOI4","2023-09-15 07:00",52.9159999999999,90.1,6019.2,0,3.686,162.1,0.000196850393700787,"64.75999999999992",63.7159999999999,63.7339999999999,63.374,23.7,4.9,20
"BOOI4","2023-09-15 08:00",57.7039999999999,84.5,261360,0,3.859,165.1,0.000275590551181102,"64.489999999999952",63.698,63.7699999999999,63.374,23.7,4.9,20.1
"BOOI4","2023-09-15 09:00",64.3999999999999,72.56,846720,0,5.864,169.1,0.00519685039370079,"65.137999999999977",63.6259999999999,63.7699999999999,63.356,23.7,4.9,20
"BOOI4","2023-09-15 10:00",69.0619999999999,61.46,950040,0,6.142,194.6,0.00925196850393701,"66.613999999999962",63.572,63.7339999999999,63.374,23.7,4.8,20.1
"BOOI4","2023-09-15 11:00",72.9319999999999,56.56,1269360,0,4.873,213.2,0.0122834645669291,"68.503999999999891",63.4999999999999,63.7519999999999,63.356,23.7,4.8,20.1
"BOOI4","2023-09-15 12:00",74.9119999999999,55.26,1537920,0,3.991,264.9,0.0141338582677165,"70.483999999999924",63.446,63.7339999999999,63.338,23.6,4.8,20.1
"BOOI4","2023-09-15 13:00",72.8599999999999,56.57,1715400,0,4.377,299.4,0.0159448818897638,"72.067999999999913",63.374,63.7339999999999,63.356,23.6,4.7,20.1
"BOOI4","2023-09-15 14:00",72.5359999999999,56.63,1251360,0,6.099,342.1,0.014251968503937,"73.147999999999954",63.356,63.7159999999999,63.3199999999999,23.6,4.7,20.1
"BOOI4","2023-09-15 15:00",69.9619999999999,67.62,505440,0,6.554,350.6,0.0087007874015748,"73.147999999999954",63.356,63.698,63.2839999999999,23.6,4.7,20
"BOOI4","2023-09-15 16:00",70.3759999999999,72.95,574920,0,5.754,19.35,0.00748031496062992,"72.895999999999987",63.374,63.698,63.3019999999999,23.6,4.7,20
"BOOI4","2023-09-15 17:00",69.206,75.86,556200,0,3.987,18.4,0.00610236220472441,"72.841999999999928",63.4099999999999,63.68,63.2839999999999,23.6,4.7,20
"BOOI4","2023-09-15 18:00",67.0279999999999,82.9,301680,0,3.625,348.6,0.00358267716535433,"72.427999999999898",63.4819999999999,63.6439999999999,63.2659999999999,23.6,4.7,20
"BOOI4","2023-09-15 19:00",65.6779999999999,86.4,126972,0,1.529,343.5,0.00122047244094488,"71.779999999999973",63.5359999999999,63.6619999999999,63.2659999999999,23.6,4.7,20
"BOOI4","2023-09-15 20:00",63.698,90.3,15933.6,0,1.711,347.5,0.000354330708661417,"70.951999999999913",63.572,63.6439999999999,63.2839999999999,23.6,4.7,20
"BOOI4","2023-09-15 21:00",60.3499999999999,95,0,0,0.552,317.4,-3.93700787401575e-05,"69.943999999999903",63.6439999999999,63.6259999999999,63.248,23.6,4.7,20
"BOOI4","2023-09-15 22:00",57.4159999999999,97.8,0,0,0.807,203.4,-3.93700787401575e-05,"68.881999999999948",63.68,63.6259999999999,63.2659999999999,23.6,4.7,20
"BOOI4","2023-09-15 23:00",57.1999999999999,99.2,0,0,0.698,250.3,-7.8740157480315e-05,"68.089999999999961",63.698,63.6079999999999,63.23,23.6,4.7,20
