"station","valid","tmpf","relh","solar","precip","speed","drct","et","soil04t","soil12t","soil24t","soil50t","soil12vwc","soil24vwc","soil50vwc"
"BOOI4","2024-05-18 00:00",64.6159999999999,73.24,0,0,5.793,169,0.00122047244094488,65.5159999999999,61.088,56.2999999999999,52.1419999999999,37.9,28.5,26.9
"BOOI4","2024-05-18 01:00",63.5899999999999,75.73,0,0,4.437,180.9,0.000393700787401575,64.7599999999999,61.1419999999999,56.3179999999999,52.1599999999999,37.9,28.4,26.9
"BOOI4","2024-05-18 02:00",62.3119999999999,80.1,0,0,5.08,176.3,0.00047244094488189,64.13,61.214,56.3539999999999,52.1599999999999,37.9,28.3,26.9
"BOOI4","2024-05-18 03:00",62.6179999999999,82.9,0,0,6.363,175.6,0.000551181102362205,63.5539999999999,61.2499999999999,56.4079999999999,52.1779999999999,37.9,28.2,26.9
"BOOI4","2024-05-18 04:00",62.582,84.8,0,0,7.522,183.2,0.000511811023622047,63.122,61.2319999999999,56.4619999999999,52.196,37.9,28.2,26.9
"BOOI4","2024-05-18 05:00",61.9339999999999,88.3,0,0,6.978,190.9,0.000236220472440945,62.7259999999999,61.214,56.5159999999999,52.214,37.8,28.1,26.9
"BOOI4","2024-05-18 06:00",62.3659999999999,90.8,6721.2,0,6.978,184.1,3.93700787401575e-05,62.3659999999999,61.1419999999999,56.5519999999999,52.214,37.8,28,26.9
"BOOI4","2024-05-18 07:00",66.38,85.2,288000,0,9.82,184.5,0.00200787401574803,62.2759999999999,61.088,56.588,52.214,37.8,27.9,26.9
"BOOI4","2024-05-18 08:00",69.9079999999999,75.8,478800,0,13.32,196.8,0.00661417322834646,62.6359999999999,61.0159999999999,56.6599999999999,52.2679999999999,37.8,27.8,26.9
"BOOI4","2024-05-18 09:00",74.7859999999999,68.59,1224720,0,16.28,203.8,0.0137795275590551,63.4279999999999,60.9259999999999,56.6599999999999,52.2679999999999,37.8,27.8,26.9
"BOOI4","2024-05-18 10:00",77.9539999999999,61.65,2074680,0,17.44,212,0.0217716535433071,65.138,60.8539999999999,56.714,52.2679999999999,37.7,27.7,26.9
"BOOI4","2024-05-18 11:00",81.2119999999999,55.17,2565360,0,17.78,213.8,0.0288582677165354,67.2259999999999,60.746,56.7499999999999,52.3039999999999,37.7,27.7,26.9
"BOOI4","2024-05-18 12:00",84.5239999999999,46.81,2952000,0,18.02,220.3,0.0348818897637795,69.3499999999999,60.7099999999999,56.7679999999999,52.3039999999999,37.7,27.7,26.9
"BOOI4","2024-05-18 13:00",85.9099999999999,44.95,3193200,0,17.14,229.8,0.0384251968503937,71.348,60.7099999999999,56.8039999999999,52.3399999999999,37.7,27.6,26.9
"BOOI4","2024-05-18 14:00",85.388,47.18,3211200,0,17.79,242.6,0.0393307086614173,72.9499999999999,60.746,56.8579999999999,52.322,37.7,27.5,26.9
"BOOI4","2024-05-18 15:00",86.7739999999999,41.38,3052800,0,18.85,253.5,0.0405118110236221,74.0839999999999,60.8359999999999,56.8579999999999,52.3579999999999,37.7,27.4,26.9
"BOOI4","2024-05-18 16:00",86.972,42.59,2699280,0,15.69,253.5,0.0364566929133858,74.6599999999999,60.98,56.9119999999999,52.3579999999999,37.7,27.4,26.9
"BOOI4","2024-05-18 17:00",86.9539999999999,41.96,2184120,0,15.1,287.3,0.0340551181102362,74.9839999999999,61.214,56.8939999999999,52.3579999999999,37.8,27.2,26.9
"BOOI4","2024-05-18 18:00",85.4599999999999,41.41,1476360,0,12.64,314.3,0.0262204724409449,74.4259999999999,61.448,56.9119999999999,52.3939999999999,37.8,27.2,26.9
"BOOI4","2024-05-18 19:00",83.138,41.93,911520,0,9.87,325.6,0.0187795275590551,73.5259999999999,61.7359999999999,56.948,52.3939999999999,37.8,27,26.9
"BOOI4","2024-05-18 20:00",80.0599999999999,42.42,420120,0,8.66,337.6,0.0128346456692913,72.3919999999999,61.988,56.9839999999999,52.4119999999999,37.8,26.9,27
"BOOI4","2024-05-18 21:00",74.156,47.23,47952,0,5.264,318.9,0.0034251968503937,70.9699999999999,62.2939999999999,57.0019999999999,52.4659999999999,37.8,26.8,27
"BOOI4","2024-05-18 22:00",70.772,48.3,0,0,6.384,310.2,0.00326771653543307,69.656,62.5099999999999,57.056,52.448,37.8,26.6,27
"BOOI4","2024-05-18 23:00",68.8099999999999,44.29,0,0,4.722,328,0.00248031496062992,68.4319999999999,62.7079999999999,57.0739999999999,52.5019999999999,37.8,26.6,27
"BOOI4","2024-05-19 00:00",67.082,40.01,0,0,5.544,342.9,0.00295275590551181,67.2619999999999,62.8699999999999,57.1099999999999,52.4839999999999,37.8,26.5,26.9
"BOOI4","2024-05-19 01:00",64.364,42.83,0,0,6.419,344.3,0.00318897637795276,66.146,63.014,57.164,52.5199999999999,37.8,26.4,26.9
"BOOI4","2024-05-19 02:00",62.7619999999999,44.77,0,0,5.286,12.08,0.00244094488188976,65.156,63.0319999999999,57.2359999999999,52.5199999999999,37.8,26.3,26.9
"BOOI4","2024-05-19 03:00",60.188,48.46,0,0,7.007,16.55,0.00259842519685039,64.2019999999999,63.0499999999999,57.29,52.538,37.8,26.3,26.9
"BOOI4","2024-05-19 04:00",56.7499999999999,54.88,0,0,6.44,14.1,0.0021259842519685,63.2839999999999,63.0499999999999,57.3439999999999,52.556,37.8,26.3,27
"BOOI4","2024-05-19 05:00",53.438,63.66,0,0,4.981,23.78,0.00133858267716536,62.438,62.9599999999999,57.4159999999999,52.556,37.7,26.2,27
"BOOI4","2024-05-19 06:00",53.4199999999999,65.19,8906.4,0,2.842,60.79,0.000275590551181102,61.664,62.8699999999999,57.4519999999999,52.6099999999999,37.7,26.2,27
"BOOI4","2024-05-19 07:00",55.796,67.92,187704,0,2.097,71.18,0.00106299212598425,61.106,62.78,57.506,52.6099999999999,37.7,26,27
"BOOI4","2024-05-19 08:00",62.1679999999999,54.32,838440,0,4.165,93,0.00637795275590551,61.2319999999999,62.6179999999999,57.5419999999999,52.6099999999999,37.7,26,27
"BOOI4","2024-05-19 09:00",64.6699999999999,53.7,1144800,0,8.52,73.98,0.0124803149606299,61.9339999999999,62.456,57.6319999999999,52.646,37.6,25.9,27
"BOOI4","2024-05-19 10:00",66.5779999999999,46.7,986040,0,6.894,82.9,0.0125984251968504,62.69,62.3119999999999,57.6679999999999,52.646,37.6,25.9,27
"BOOI4","2024-05-19 11:00",69.6019999999999,41.4,1774080,0,7.888,88,0.0188188976377953,63.5539999999999,62.1499999999999,57.7039999999999,52.6999999999999,37.6,25.8,27
"BOOI4","2024-05-19 12:00",71.0239999999999,37.77,1394640,0,6.977,110.4,0.0173622047244095,64.9039999999999,62.0239999999999,57.74,52.682,37.6,25.7,27
"BOOI4","2024-05-19 13:00",69.5839999999999,52.39,828720,0,6.005,188.3,0.0133070866141732,65.372,61.9159999999999,57.7759999999999,52.7179999999999,37.5,25.8,27
"BOOI4","2024-05-19 14:00",71.69,42.02,1068120,0,10.67,108.7,0.0173622047244095,65.4619999999999,61.8259999999999,57.8119999999999,52.7359999999999,37.5,25.8,26.9
"BOOI4","2024-05-19 15:00",71.8339999999999,48.36,762120,0,9.56,149.6,0.0168110236220472,65.5339999999999,61.8079999999999,57.83,52.7359999999999,37.5,25.6,27
"BOOI4","2024-05-19 16:00",74.8039999999999,41.05,1175760,0,7.532,132.4,0.0164173228346457,65.822,61.8079999999999,57.8119999999999,52.772,37.5,25.6,26.9
"BOOI4","2024-05-19 17:00",70.8619999999999,57.68,572040,0,9.57,124,0.0141732283464567,66.0019999999999,61.8079999999999,57.83,52.79,37.5,25.7,26.9
"BOOI4","2024-05-19 18:00",68.6119999999999,65.71,512640,0,10.91,104.8,0.0110236220472441,65.6599999999999,61.79,57.848,52.8079999999999,37.6,25.7,26.9
"BOOI4","2024-05-19 19:00",68.396,68.39,204192,0,10.33,95,0.00799212598425197,65.2099999999999,61.8079999999999,57.8839999999999,52.8259999999999,37.5,25.7,26.9
"BOOI4","2024-05-19 20:00",67.8019999999999,69.25,147780,0,7.488,91.8,0.00566929133858268,64.8859999999999,61.79,57.848,52.8079999999999,37.6,25.6,26.9
"BOOI4","2024-05-19 21:00",66.6499999999999,70.92,20563.2,0,7.347,72.45,0.00224409448818898,64.472,61.8079999999999,57.8839999999999,52.8439999999999,37.5,25.6,26.9
"BOOI4","2024-05-19 22:00",65.282,82.3,0,0.09,9.41,91.6,0.00220472440944882,64.1119999999999,61.8079999999999,57.9019999999999,52.8619999999999,37.5,25.4,26.9
"BOOI4","2024-05-19 23:00",62.8519999999999,94.7,0,0.18,7.078,137.2,0.000669291338582677,63.7339999999999,61.8079999999999,57.9199999999999,52.898,37.5,25.4,26.9
"BOOI4","2024-05-20 00:00",61.988,96.2,0,0.05,8.72,98.7,0.000236220472440945,63.446,61.79,57.9019999999999,52.898,37.5,25.4,26.9
"BOOI4","2024-05-20 01:00",62.1499999999999,96,0,0,7.367,115.5,0.000236220472440945,63.1579999999999,61.772,57.9199999999999,52.9159999999999,37.5,25.4,27
"BOOI4","2024-05-20 02:00",62.69,96.7,0,0.01,8.78,161.8,0.000236220472440945,62.9599999999999,61.7359999999999,57.9019999999999,52.9159999999999,37.5,25.4,26.9
"BOOI4","2024-05-20 03:00",63.572,95.6,0,0.04,11.8,163.9,0.000354330708661417,62.8339999999999,61.682,57.938,52.9339999999999,37.5,25.4,26.9
"BOOI4","2024-05-20 04:00",63.5179999999999,92.6,0,0.15,12.26,177.8,0.000511811023622047,62.798,61.6279999999999,57.938,52.9519999999999,37.6,25.5,27
"BOOI4","2024-05-20 05:00",62.9779999999999,92.4,0,0.01,2.927,27.49,0.000393700787401575,62.7259999999999,61.556,57.9739999999999,53.0239999999999,38.1,26,26.9
"BOOI4","2024-05-20 06:00",62.546,97.7,1162.8,0.02,8.87,83.5,0.000669291338582677,62.5999999999999,61.5019999999999,57.9919999999999,53.006,38.1,26.7,26.9
"BOOI4","2024-05-20 07:00",62.906,98.4,40932,0,11.61,185,0.000551181102362205,62.5279999999999,61.4659999999999,57.9919999999999,53.0419999999999,38,27.4,27
"BOOI4","2024-05-20 08:00",64.5439999999999,94.7,345600,0,8.07,230.9,0.00216535433070866,62.6539999999999,61.3939999999999,58.0099999999999,53.0599999999999,38,28.1,27
"BOOI4","2024-05-20 09:00",65.498,92.3,897480,0,8,192.1,0.00555118110236221,63.374,61.322,58.0279999999999,53.0779999999999,38,28.6,27.1
"BOOI4","2024-05-20 10:00",65.696,92.6,939960,0,9.2,186.5,0.00614173228346457,64.238,61.2679999999999,57.9919999999999,53.0599999999999,37.9,28.9,27.1
"BOOI4","2024-05-20 11:00",68.4859999999999,86.6,2444760,0,6.623,145,0.015,65.7859999999999,61.214,57.9919999999999,53.114,37.9,29.3,27.1
"BOOI4","2024-05-20 12:00",71.2579999999999,85,2815560,0,8.34,169,0.0177952755905512,68.4859999999999,61.1779999999999,58.0099999999999,53.114,37.9,29.3,27.1
"BOOI4","2024-05-20 13:00",74.8939999999999,78.73,3200400,0,8.23,163.1,0.0215354330708661,70.9159999999999,61.1419999999999,58.046,53.1499999999999,37.9,29.4,27.1
"BOOI4","2024-05-20 14:00",76.7119999999999,74.79,3193200,0,9.23,192.2,0.0233070866141732,73.3099999999999,61.196,58.0279999999999,53.1499999999999,37.9,29.5,27.1
"BOOI4","2024-05-20 15:00",78.656,73.14,2919600,0,8.41,172.4,0.0228740157480315,75.0919999999999,61.2499999999999,58.046,53.1679999999999,37.9,29.5,27.1
"BOOI4","2024-05-20 16:00",79.7539999999999,71.85,1771200,0,7.941,167,0.0163385826771654,75.5419999999999,61.3399999999999,58.0279999999999,53.1859999999999,37.9,29.6,27.1
"BOOI4","2024-05-20 17:00",80.4739999999999,69.14,1407600,0,7.971,160.2,0.0144094488188976,75.506,61.5199999999999,58.0099999999999,53.222,37.9,29.6,27.1
"BOOI4","2024-05-20 18:00",81.698,66.25,1679040,0,7.809,180.1,0.0164173228346457,75.488,61.6999999999999,58.0279999999999,53.24,37.9,29.6,27.1
"BOOI4","2024-05-20 19:00",79.6819999999999,70.19,810360,0,7.626,173.2,0.0105905511811024,74.9659999999999,61.898,58.0099999999999,53.24,37.9,29.4,27.1
"BOOI4","2024-05-20 20:00",78.1339999999999,76.13,472680,0,5.53,154.7,0.00547244094488189,74.138,62.114,58.0099999999999,53.24,38,29.3,27.1
"BOOI4","2024-05-20 21:00",74.8759999999999,82.8,48600,0,5.926,134.7,0.00106299212598425,72.806,62.2939999999999,58.0279999999999,53.2579999999999,37.9,29.3,27.1
"BOOI4","2024-05-20 22:00",72.5539999999999,87.2,0,0,5.874,130.2,0.000433070866141732,71.672,62.5099999999999,58.064,53.2759999999999,37.9,29.1,27.1
"BOOI4","2024-05-20 23:00",71.798,89.2,0,0,3.673,130.6,-0.000236220472440945,70.7899999999999,62.672,58.0279999999999,53.3119999999999,37.9,28.9,27.1
"BOOI4","2024-05-21 00:00",71.5279999999999,90.5,0,0,7.163,131.6,0.000236220472440945,70.1779999999999,62.78,58.046,53.348,37.9,29.1,27.1
"BOOI4","2024-05-21 01:00",71.0599999999999,92.5,0,0.02,7.808,156,0.000393700787401575,69.746,62.888,58.0999999999999,53.3119999999999,37.9,28.9,27.1
"BOOI4","2024-05-21 02:00",66.7759999999999,88.4,0,0.16,10.44,214.5,0.000236220472440945,69.2599999999999,62.9599999999999,58.1359999999999,53.348,38,28.9,27.1
"BOOI4","2024-05-21 03:00",68.5399999999999,91.7,0,0.01,4.028,344.3,-0.00031496062992126,68.7019999999999,62.996,58.1539999999999,53.3839999999999,38,28.8,27.1
"BOOI4","2024-05-21 04:00",64.8679999999999,97.6,0,0.06,10.35,16.89,-0.000118110236220472,68.0539999999999,63.0499999999999,58.2079999999999,53.4019999999999,38,28.8,27.1
"BOOI4","2024-05-21 05:00",62.6359999999999,98.8,10.8,0.21,14.11,45.21,-0.000196850393700787,67.19,63.0859999999999,58.2259999999999,53.4019999999999,38.9,32.2,27.2
"BOOI4","2024-05-21 06:00",62.4739999999999,100,100.8,0.37,14.22,73.2,-0.00031496062992126,66.164,63.1939999999999,58.316,53.456,42.3,33.5,27.5
"BOOI4","2024-05-21 07:00",62.1499999999999,99.8,5274,0.13,8.37,52.05,7.8740157480315e-05,65.714,63.1939999999999,58.3699999999999,53.4739999999999,42.3,33.6,27.5
"BOOI4","2024-05-21 08:00",63.0679999999999,96.9,20620.8,0.05,8.24,35.96,0.000393700787401575,65.39,63.14,58.4419999999999,53.4919999999999,42.4,33.6,27.7
"BOOI4","2024-05-21 09:00",61.0159999999999,98.9,11062.8,0.35,8.09,16.79,0.000551181102362205,65.0659999999999,63.0859999999999,58.514,53.5279999999999,42.5,33.6,27.8
"BOOI4","2024-05-21 10:00",61.6099999999999,95,11268,0.13,15.58,84.8,0.000551181102362205,64.4179999999999,63.014,58.5319999999999,53.5099999999999,42.5,33.4,27.8
"BOOI4","2024-05-21 11:00",64.2199999999999,93.7,1086840,0,8.67,92.9,0.00641732283464567,64.472,62.9239999999999,58.5859999999999,53.5279999999999,42.4,33.5,27.8
"BOOI4","2024-05-21 12:00",67.4419999999999,89,1799280,0,15.58,127.7,0.0111023622047244,66.2179999999999,62.8339999999999,58.64,53.546,42.4,33.5,27.8
"BOOI4","2024-05-21 13:00",65.6779999999999,98,597960,0,17.98,124.8,0.00464566929133858,66.8119999999999,62.7439999999999,58.6579999999999,53.546,42.4,33.5,27.8
"BOOI4","2024-05-21 14:00",72.6259999999999,95.1,1598760,0,16.18,132.5,0.00818897637795276,67.1359999999999,62.6539999999999,58.6939999999999,53.564,42.4,33.5,27.7
"BOOI4","2024-05-21 15:00",76.3159999999999,86.7,1519920,0,16.97,153,0.0112992125984252,69.0079999999999,62.5999999999999,58.748,53.546,42.4,33.5,27.7
"BOOI4","2024-05-21 16:00",76.28,84.2,287316,0,11.71,163.8,0.00543307086614173,69.422,62.564,58.748,53.582,42.4,33.4,27.7
"BOOI4","2024-05-21 17:00",66.2359999999999,82.3,25232.4,0.28,15.68,187.3,0.00366141732283465,68.99,62.564,58.7659999999999,53.5999999999999,42.4,33.4,27.8
"BOOI4","2024-05-21 18:00",70.322,93.9,636840,0,12.65,185.2,0.00511811023622047,68.1439999999999,62.564,58.7659999999999,53.6179999999999,42.4,33.4,27.8
"BOOI4","2024-05-21 19:00",65.8579999999999,90.1,329760,0.01,19.71,253.3,0.00405511811023622,68.1619999999999,62.6359999999999,58.8019999999999,53.6539999999999,42.4,33.5,27.8
"BOOI4","2024-05-21 20:00",64.022,93.2,49680,0,17.73,258.4,0.00251968503937008,67.4779999999999,62.6359999999999,58.8019999999999,53.672,42.4,33.5,27.8
"BOOI4","2024-05-21 21:00",58.6939999999999,91.6,10843.2,0,24.41,279.7,0.000551181102362205,66.5599999999999,62.69,58.8199999999999,53.672,42.4,33.5,27.8
"BOOI4","2024-05-21 22:00",56.7319999999999,88.8,0,0,24.5,293.4,0.000748031496062992,65.282,62.69,58.8019999999999,53.672,42.4,33.5,27.8
"BOOI4","2024-05-21 23:00",55.5439999999999,87.7,0,0,21.77,286.7,0.000826771653543307,64.1119999999999,62.672,58.8019999999999,53.7259999999999,42.4,33.5,27.8
"BOOI4","2024-05-22 00:00",55.13,86.6,0,0,19.04,280.2,0.000826771653543307,63.122,62.6179999999999,58.838,53.7259999999999,42.4,33.5,27.8
"BOOI4","2024-05-22 01:00",54.7519999999999,85.7,0,0,18.3,281.4,0.00094488188976378,62.3119999999999,62.5999999999999,58.838,53.7439999999999,42.4,33.5,27.8
"BOOI4","2024-05-22 02:00",54.3019999999999,85.1,0,0,16.57,277.3,0.000905511811023622,61.5919999999999,62.4919999999999,58.838,53.7619999999999,42.4,33.5,27.8
"BOOI4","2024-05-22 03:00",53.348,87.5,0,0,16.51,272.3,0.000905511811023622,60.872,62.3839999999999,58.874,53.78,42.4,33.5,27.7
"BOOI4","2024-05-22 04:00",52.43,85.8,0,0,15.46,275,0.000708661417322835,60.1339999999999,62.24,58.874,53.78,42.4,33.5,27.7
"BOOI4","2024-05-22 05:00",51.9079999999999,84.2,0,0,15.06,277.7,0.000866141732283465,59.3599999999999,62.096,58.874,53.78,42.4,33.5,27.7
"BOOI4","2024-05-22 06:00",53.0779999999999,80.6,15328.8,0,13.97,283.5,0.00106299212598425,58.7119999999999,61.88,58.874,53.8339999999999,42.4,33.5,27.7
"BOOI4","2024-05-22 07:00",53.8519999999999,77.07,146988,0,13.02,286.1,0.0037007874015748,58.298,61.7539999999999,58.9099999999999,53.8339999999999,42.3,33.5,27.7
"BOOI4","2024-05-22 08:00",54.788,79.66,466920,0,12.08,285.1,0.00562992125984252,58.2259999999999,61.5199999999999,58.9099999999999,53.8339999999999,42.4,33.5,27.7
"BOOI4","2024-05-22 09:00",58.064,78.63,1070280,0,11.52,274.6,0.00783464566929134,58.8019999999999,61.322,58.9279999999999,53.888,42.3,33.5,27.7
"BOOI4","2024-05-22 10:00",60.9439999999999,75.66,1463760,0,11.96,272.1,0.0111023622047244,60.1339999999999,61.124,58.8919999999999,53.888,42.3,33.5,27.7
"BOOI4","2024-05-22 11:00",64.364,66.96,2415600,0,12.79,271,0.0168897637795276,61.9519999999999,60.89,58.874,53.906,42.3,33.5,27.7
"BOOI4","2024-05-22 12:00",66.8119999999999,65.9,2977200,0,13.2,270,0.0208661417322835,64.3999999999999,60.764,58.856,53.906,42.3,33.5,27.7
"BOOI4","2024-05-22 13:00",68.9539999999999,55.22,3236400,0,13.65,271.6,0.0243700787401575,66.74,60.6019999999999,58.838,53.9239999999999,42.3,33.4,27.7
"BOOI4","2024-05-22 14:00",71.114,48.43,3272400,0,16.32,274.8,0.0296850393700787,68.396,60.4939999999999,58.8199999999999,53.9599999999999,42.3,33.4,27.7
"BOOI4","2024-05-22 15:00",70.3759999999999,46.4,2799000,0,17.18,268.5,0.0289763779527559,69.296,60.4579999999999,58.7839999999999,53.996,42.2,33.4,27.7
"BOOI4","2024-05-22 16:00",71.582,47.48,2314800,0,14.95,272.3,0.0253937007874016,69.5119999999999,60.44,58.7659999999999,53.9779999999999,42.2,33.4,27.7
"BOOI4","2024-05-22 17:00",72.1759999999999,47.97,2134080,0,13.43,266.5,0.0238188976377953,69.44,60.5119999999999,58.748,54.0319999999999,42.3,33.4,27.7
"BOOI4","2024-05-22 18:00",71.348,46.63,1715760,0,13.76,266.6,0.0216535433070866,69.206,60.566,58.6759999999999,54.014,42.3,33.4,27.7
"BOOI4","2024-05-22 19:00",70.9159999999999,51.61,963000,0,11.81,266.8,0.0158267716535433,68.414,60.6739999999999,58.6759999999999,54.0499999999999,42.3,33.4,27.7
"BOOI4","2024-05-22 20:00",67.6939999999999,62.72,460080,0,7.566,266.1,0.00807086614173229,67.388,60.7279999999999,58.6759999999999,54.0499999999999,42.3,33.4,27.7
"BOOI4","2024-05-22 21:00",64.0399999999999,68.95,60732,0,2.813,267.1,3.93700787401575e-05,66.1819999999999,60.7999999999999,58.622,54.0859999999999,42.3,33.4,27.7
"BOOI4","2024-05-22 22:00",61.4659999999999,80.3,0,0,1.351,202.8,-0.000551181102362205,65.048,60.89,58.6039999999999,54.0859999999999,42.3,33.4,27.7
"BOOI4","2024-05-22 23:00",59.198,82.3,0,0,1,191,-0.00078740157480315,64.0039999999999,60.9439999999999,58.5679999999999,54.0679999999999,42.3,33.4,27.7
"BOOI4","2024-05-23 00:00",59.6839999999999,80,0,0,2.672,182.5,-7.8740157480315e-05,63.122,60.9619999999999,58.5859999999999,54.1039999999999,42.3,33.4,27.7
"BOOI4","2024-05-23 01:00",58.5319999999999,86,0,0,2.18,180.2,-0.00031496062992126,62.4739999999999,60.9439999999999,58.5499999999999,54.122,42.3,33.4,27.7
"BOOI4","2024-05-23 02:00",57.7759999999999,89.2,0,0,2.795,180.1,-0.000236220472440945,62.0419999999999,60.9439999999999,58.5319999999999,54.1579999999999,42.3,33.4,27.7
"BOOI4","2024-05-23 03:00",56.8759999999999,89.9,0,0,2.235,191.7,-0.000511811023622047,61.5919999999999,60.89,58.496,54.122,42.3,33.4,27.6
"BOOI4","2024-05-23 04:00",57.3439999999999,88,0,0,2.383,189.4,-0.000511811023622047,61.1599999999999,60.8179999999999,58.5319999999999,54.1759999999999,42.3,33.4,27.7
"BOOI4","2024-05-23 05:00",55.6519999999999,90.8,0,0,3.657,184.2,-0.000275590551181102,60.7819999999999,60.7099999999999,58.5319999999999,54.1939999999999,42.2,33.4,27.7
"BOOI4","2024-05-23 06:00",55.022,90.3,6638.4,0,5.463,190.8,-3.93700787401575e-05,60.2599999999999,60.6199999999999,58.496,54.2119999999999,42.2,33.4,27.7
"BOOI4","2024-05-23 07:00",57.5239999999999,87.8,272196,0,5.155,195,0.000590551181102362,59.8999999999999,60.53,58.496,54.23,42.2,33.4,27.7
"BOOI4","2024-05-23 08:00",61.8259999999999,78.02,842040,0,8.03,200.4,0.00539370078740158,60.206,60.4039999999999,58.514,54.2119999999999,42.2,33.4,27.7
"BOOI4","2024-05-23 09:00",66.164,68.25,1480680,0,10.04,208.4,0.0111811023622047,61.3759999999999,60.3499999999999,58.4779999999999,54.248,42.2,33.4,27.6
"BOOI4","2024-05-23 10:00",69.0439999999999,63.69,2074320,0,11.67,210.6,0.0173622047244095,63.14,60.188,58.4599999999999,54.23,42.1,33.4,27.7
"BOOI4","2024-05-23 11:00",71.438,56.39,2620440,0,11.96,204.3,0.0224803149606299,65.3179999999999,60.08,58.4779999999999,54.248,42.1,33.4,27.6
"BOOI4","2024-05-23 12:00",73.2739999999999,47.82,3020400,0,11.69,194.9,0.027244094488189,67.5499999999999,60.0259999999999,58.4419999999999,54.2659999999999,42.1,33.3,27.7
"BOOI4","2024-05-23 13:00",73.706,45.59,3250800,0,10.57,173.3,0.0293307086614173,69.5659999999999,59.972,58.406,54.248,42.1,33.3,27.7
"BOOI4","2024-05-23 14:00",75.1819999999999,45.17,3283200,0,11,153.5,0.0306299212598425,71.2039999999999,59.972,58.388,54.2839999999999,42.1,33.3,27.6
"BOOI4","2024-05-23 15:00",75.5779999999999,42.84,3117600,0,11.98,150.7,0.0309055118110236,72.1759999999999,59.99,58.3699999999999,54.3019999999999,42.1,33.3,27.6
"BOOI4","2024-05-23 16:00",76.3159999999999,42.53,2773800,0,12.93,140.7,0.0298818897637795,72.5359999999999,60.0619999999999,58.3519999999999,54.3019999999999,42.1,33.3,27.6
"BOOI4","2024-05-23 17:00",76.406,38.41,2280960,0,13.16,140.2,0.0282677165354331,72.356,60.206,58.316,54.2839999999999,42.1,33.3,27.7
"BOOI4","2024-05-23 18:00",76.388,40.47,1683360,0,14.03,139,0.0256299212598425,71.582,60.3499999999999,58.3519999999999,54.3019999999999,42.2,33.3,27.6
"BOOI4","2024-05-23 19:00",75.488,43.24,960120,0,12.64,142.2,0.0196850393700787,70.448,60.5119999999999,58.298,54.3199999999999,42.2,33.3,27.6
"BOOI4","2024-05-23 20:00",71.8519999999999,54.31,187344,0,10.03,135.4,0.0118110236220472,69.0619999999999,60.7099999999999,58.298,54.3199999999999,42.1,33.3,27.6
"BOOI4","2024-05-23 21:00",70.7899999999999,55.77,51336,0,13.65,129.6,0.00988188976377953,67.8919999999999,60.89,58.2439999999999,54.3199999999999,42.2,33.2,27.6
"BOOI4","2024-05-23 22:00",69.1519999999999,60.86,0,0,10.95,134.4,0.00318897637795276,66.7759999999999,61.0339999999999,58.2619999999999,54.356,42.2,33.2,27.6
"BOOI4","2024-05-23 23:00",67.964,68.1,0,0,7.087,137,0.00196850393700787,65.948,61.1599999999999,58.2619999999999,54.338,42.2,33.2,27.6
"BOOI4","2024-05-24 00:00",68.7199999999999,70.48,0,0,8.88,128.9,0.00200787401574803,65.4079999999999,61.2499999999999,58.2619999999999,54.338,42.2,33.2,27.6
"BOOI4","2024-05-24 01:00",68.1439999999999,75.26,0,0,11.52,122.5,0.00196850393700787,65.03,61.3399999999999,58.298,54.374,42.2,33.2,27.6
"BOOI4","2024-05-24 02:00",68.0359999999999,81,0,0,13.77,127.9,0.00165354330708661,64.7419999999999,61.3579999999999,58.316,54.356,42.2,33.2,27.5
"BOOI4","2024-05-24 03:00",67.6939999999999,86.4,0,0,13.71,131.8,0.00110236220472441,64.6159999999999,61.3579999999999,58.298,54.374,42.1,33.2,27.5
"BOOI4","2024-05-24 04:00",68.288,89.5,0,0,13.25,136,0.000708661417322835,64.598,61.3579999999999,58.3339999999999,54.3919999999999,42.1,33.2,27.5
"BOOI4","2024-05-24 05:00",59.54,95.4,0,0.24,14.1,152.1,0.00031496062992126,64.598,61.3399999999999,58.3339999999999,54.3919999999999,42.1,33.2,27.5
"BOOI4","2024-05-24 06:00",59.0179999999999,96.2,3.6,0.32,24.89,269.3,7.8740157480315e-05,63.68,61.3399999999999,58.388,54.338,42.4,33.6,27.8
"BOOI4","2024-05-24 07:00",58.2439999999999,98.3,3056.4,0.05,8.67,42.81,0.000433070866141732,62.9599999999999,61.322,58.406,54.4279999999999,42.4,33.6,27.8
"BOOI4","2024-05-24 08:00",59.1259999999999,97.8,110376,0,8.03,113,0.000826771653543307,62.564,61.3039999999999,58.406,54.3919999999999,42.4,33.6,27.9
"BOOI4","2024-05-24 09:00",60.9439999999999,96,479520,0,9.96,177.7,0.00283464566929134,62.672,61.2499999999999,58.4239999999999,54.4099999999999,42.4,33.6,27.9
"BOOI4","2024-05-24 10:00",63.7159999999999,94.5,938520,0,7.658,243.2,0.00551181102362205,63.23,61.2499999999999,58.4419999999999,54.4279999999999,42.4,33.6,27.9
"BOOI4","2024-05-24 11:00",65.4619999999999,88.6,799200,0,12.49,231.3,0.00618110236220473,64.4179999999999,61.1599999999999,58.4599999999999,54.446,42.4,33.6,27.8
"BOOI4","2024-05-24 12:00",66.2899999999999,84.4,1171080,0,14.8,249.9,0.00909448818897638,65.156,61.088,58.4779999999999,54.4099999999999,42.4,33.6,27.8
"BOOI4","2024-05-24 13:00",67.064,80.1,1081440,0,12.44,264.8,0.00948818897637795,65.6599999999999,61.0519999999999,58.4599999999999,54.446,42.4,33.6,27.8
"BOOI4","2024-05-24 14:00",69.8179999999999,67.44,2579040,0,12.38,261.5,0.0189370078740158,67.082,61.0339999999999,58.514,54.446,42.4,33.6,27.8
"BOOI4","2024-05-24 15:00",70.322,58.78,3150000,0,15.54,265.8,0.0257874015748032,69.2239999999999,61.0159999999999,58.496,54.446,42.4,33.5,27.8
"BOOI4","2024-05-24 16:00",70.0339999999999,61.27,2792520,0,18.6,272.5,0.0245275590551181,70.1419999999999,61.0339999999999,58.4779999999999,54.446,42.4,33.5,27.8
"BOOI4","2024-05-24 17:00",68.648,61.25,2337480,0,19.62,280.9,0.0216929133858268,70.196,61.0519999999999,58.4779999999999,54.464,42.4,33.5,27.8
"BOOI4","2024-05-24 18:00",67.622,60.22,1747800,0,18.14,285.1,0.0183858267716536,69.656,61.124,58.4779999999999,54.464,42.4,33.5,27.8
"BOOI4","2024-05-24 19:00",65.93,60.84,978840,0,18.17,294.3,0.0151181102362205,68.522,61.214,58.496,54.4999999999999,42.5,33.5,27.8
"BOOI4","2024-05-24 20:00",63.5359999999999,61.42,518760,0,17.08,302.1,0.011259842519685,67.0099999999999,61.3039999999999,58.496,54.4819999999999,42.5,33.5,27.8
"BOOI4","2024-05-24 21:00",59.846,70.35,77904,0,9.92,299.9,0.00452755905511811,65.4619999999999,61.3939999999999,58.496,54.4819999999999,42.5,33.4,27.8
"BOOI4","2024-05-24 22:00",57.8839999999999,76.45,25.2,0,4.874,301.4,0.00062992125984252,64.256,61.448,58.514,54.5179999999999,42.5,33.5,27.8
"BOOI4","2024-05-24 23:00",56.156,79.83,0,0,3.857,308.1,0.000275590551181102,63.23,61.4839999999999,58.496,54.4999999999999,42.5,33.5,27.8
"BOOI4","2024-05-25 00:00",54.5179999999999,82.2,0,0,1.664,304.7,-0.00047244094488189,62.33,61.4659999999999,58.5319999999999,54.5359999999999,42.5,33.4,27.7
"BOOI4","2024-05-25 01:00",53.096,87.6,0,0,0.355,275.7,-0.00114173228346457,61.4659999999999,61.3759999999999,58.5319999999999,54.5539999999999,42.5,33.4,27.7
"BOOI4","2024-05-25 02:00",49.4239999999999,94.1,0,0,1.184,256.2,-0.00078740157480315,60.6019999999999,61.322,58.5319999999999,54.5539999999999,42.5,33.4,27.7
"BOOI4","2024-05-25 03:00",50.738,92.7,0,0,2.63,260.4,-0.000511811023622047,59.846,61.2319999999999,58.5319999999999,54.5359999999999,42.4,33.4,27.7
"BOOI4","2024-05-25 04:00",50.0179999999999,93.8,0,0,2.521,197.8,-0.000511811023622047,59.1079999999999,61.106,58.5499999999999,54.5359999999999,42.4,33.4,27.7
"BOOI4","2024-05-25 05:00",48.2179999999999,96.8,0,0,2.519,176.3,-0.000551181102362205,58.406,60.9619999999999,58.5859999999999,54.572,42.4,33.4,27.7
"BOOI4","2024-05-25 06:00",48.83,97.6,17251.2,0,3.927,198.8,-0.000433070866141732,57.7759999999999,60.7999999999999,58.5679999999999,54.572,42.4,33.4,27.7
"BOOI4","2024-05-25 07:00",52.664,96.9,327240,0,5.004,183,0.000118110236220472,57.4339999999999,60.656,58.5859999999999,54.572,42.4,33.4,27.7
"BOOI4","2024-05-25 08:00",56.8579999999999,86.2,882360,0,7.865,172.9,0.00393700787401575,57.8659999999999,60.4759999999999,58.5859999999999,54.6079999999999,42.4,33.4,27.7
"BOOI4","2024-05-25 09:00",60.89,76.1,1522440,0,12.63,157.3,0.00956692913385827,59.072,60.296,58.5859999999999,54.5899999999999,42.3,33.4,27.7
"BOOI4","2024-05-25 10:00",64.256,70.41,2121120,0,11.82,172.6,0.0150787401574803,60.7819999999999,60.098,58.5679999999999,54.6079999999999,42.3,33.4,27.7
"BOOI4","2024-05-25 11:00",66.4699999999999,63.09,2649240,0,11.07,187.1,0.0195275590551181,63.122,59.9359999999999,58.5499999999999,54.6439999999999,42.2,33.4,27.7
"BOOI4","2024-05-25 12:00",68.7919999999999,54.31,3070800,0,8.99,182.1,0.0233464566929134,65.7859999999999,59.7739999999999,58.5499999999999,54.6259999999999,42.2,33.5,27.7
"BOOI4","2024-05-25 13:00",71.5999999999999,50.1,2980800,0,10.87,194.2,0.0256692913385827,68.0539999999999,59.6839999999999,58.5499999999999,54.6619999999999,42.3,33.5,27.7
"BOOI4","2024-05-25 14:00",73.8859999999999,46.68,2852280,0,10.6,202.4,0.0268110236220473,69.44,59.63,58.4779999999999,54.6439999999999,42.3,33.5,27.7
"BOOI4","2024-05-25 15:00",75.3079999999999,44.32,3142800,0,10.45,184.9,0.029488188976378,70.9519999999999,59.648,58.496,54.6259999999999,42.3,33.5,27.6
"BOOI4","2024-05-25 16:00",76.0099999999999,38.63,2803320,0,10.55,169.5,0.0284645669291339,71.888,59.6839999999999,58.4239999999999,54.68,42.3,33.5,27.6
"BOOI4","2024-05-25 17:00",75.7579999999999,37.08,2026440,0,10.88,151.1,0.0253937007874016,71.8339999999999,59.8099999999999,58.406,54.6619999999999,42.2,33.5,27.6
"BOOI4","2024-05-25 18:00",75.0919999999999,39.15,1367280,0,11.96,137.9,0.022007874015748,70.8079999999999,59.9179999999999,58.3699999999999,54.6619999999999,42.2,33.4,27.6
"BOOI4","2024-05-25 19:00",72.5359999999999,49.12,748080,0,12.04,130.7,0.0171259842519685,69.53,60.098,58.388,54.68,42.3,33.4,27.6
"BOOI4","2024-05-25 20:00",69.9619999999999,55.99,300600,0,10.33,120.4,0.0111023622047244,68.2159999999999,60.2599999999999,58.3519999999999,54.698,42.3,33.4,27.6
"BOOI4","2024-05-25 21:00",66.272,63.12,41148,0,10.17,118.3,0.00716535433070866,66.9019999999999,60.422,58.3519999999999,54.68,42.3,33.4,27.6
"BOOI4","2024-05-25 22:00",65.732,65.34,0,0,9.75,127.8,0.00251968503937008,65.696,60.548,58.3519999999999,54.7159999999999,42.3,33.4,27.6
"BOOI4","2024-05-25 23:00",64.0939999999999,70.08,0,0,8.31,122.5,0.00192913385826772,64.706,60.6739999999999,58.298,54.68,42.3,33.4,27.6
"BOOI4","2024-05-26 00:00",64.238,67.07,0,0,7.93,116,0.00173228346456693,64.022,60.746,58.2619999999999,54.698,42.3,33.3,27.6
"BOOI4","2024-05-26 01:00",64.1839999999999,69.63,0,0,9.56,117.7,0.00192913385826772,63.572,60.7819999999999,58.298,54.7159999999999,42.3,33.3,27.6
"BOOI4","2024-05-26 02:00",58.1359999999999,96.2,0,0.2,11.96,147.3,0.00110236220472441,62.9599999999999,60.7819999999999,58.298,54.7159999999999,42.3,33.4,27.6
"BOOI4","2024-05-26 03:00",60.6739999999999,89.8,0,0.33,19.99,193.4,0.000551181102362205,62.1679999999999,60.7819999999999,58.3339999999999,54.7159999999999,42.6,33.7,27.9
"BOOI4","2024-05-26 04:00",60.566,91.8,0,0.14,9.43,239,0.000275590551181102,61.8439999999999,60.7819999999999,58.316,54.7519999999999,42.6,33.7,27.9
"BOOI4","2024-05-26 05:00",58.8199999999999,96.4,0,0,8.25,110.6,3.93700787401575e-05,61.682,60.6919999999999,58.3519999999999,54.7339999999999,42.6,33.7,27.9
"BOOI4","2024-05-26 06:00",58.73,97.6,1029.6,0,4.85,76.76,-0.000196850393700787,61.5019999999999,60.6739999999999,58.3519999999999,54.7699999999999,42.6,33.7,27.9
"BOOI4","2024-05-26 07:00",58.5679999999999,98.8,70920,0,10.12,63.57,0.00062992125984252,61.3759999999999,60.6199999999999,58.3519999999999,54.7699999999999,42.6,33.7,27.9
"BOOI4","2024-05-26 08:00",58.19,98,223092,0,12.43,70.5,0.00133858267716536,61.3399999999999,60.53,58.3519999999999,54.7699999999999,42.6,33.7,27.9
"BOOI4","2024-05-26 09:00",59.8099999999999,97.1,612720,0,10.9,66.81,0.00311023622047244,61.5019999999999,60.4579999999999,58.3699999999999,54.7699999999999,42.6,33.7,27.9
"BOOI4","2024-05-26 10:00",61.5739999999999,93.5,1015920,0,3.354,109.2,0.00625984251968504,62.7619999999999,60.4039999999999,58.388,54.788,42.6,33.6,27.9
"BOOI4","2024-05-26 11:00",63.374,88.3,956880,0,2.331,251.4,0.00641732283464567,63.6439999999999,60.332,58.388,54.7699999999999,42.5,33.6,27.9
"BOOI4","2024-05-26 12:00",66.2899999999999,86.7,1951560,0,3.592,318.5,0.0125196850393701,65.39,60.296,58.388,54.7699999999999,42.5,33.6,27.9
"BOOI4","2024-05-26 13:00",67.046,86.3,2512080,0,6.825,325,0.0157086614173228,67.7659999999999,60.2599999999999,58.3699999999999,54.806,42.5,33.6,27.9
"BOOI4","2024-05-26 14:00",70.34,82.3,2817360,0,6.765,319.6,0.0185433070866142,69.9619999999999,60.2779999999999,58.3699999999999,54.788,42.5,33.6,27.9
"BOOI4","2024-05-26 15:00",72.7699999999999,67.98,2930400,0,7.1,332.9,0.0211417322834646,72.032,60.314,58.388,54.788,42.5,33.6,27.8
"BOOI4","2024-05-26 16:00",72.248,67.19,2151720,0,7.423,11.14,0.017992125984252,72.9679999999999,60.4039999999999,58.3699999999999,54.788,42.5,33.6,27.8
"BOOI4","2024-05-26 17:00",68.9359999999999,78.86,1476720,0,10.05,28.07,0.0126377952755906,72.59,60.5119999999999,58.3699999999999,54.806,42.6,33.6,27.8
"BOOI4","2024-05-26 18:00",70.7179999999999,72.07,1358640,0,8.15,27.23,0.0118503937007874,71.996,60.7099999999999,58.3339999999999,54.788,42.6,33.5,27.8
"BOOI4","2024-05-26 19:00",68.4499999999999,78.59,787320,0,8.97,30.19,0.00822834645669291,70.988,60.872,58.3699999999999,54.8239999999999,42.6,33.5,27.8
"BOOI4","2024-05-26 20:00",66.3259999999999,80.8,195156,0,8.09,21.56,0.00401574803149606,69.7099999999999,61.0699999999999,58.3519999999999,54.8239999999999,42.6,33.5,27.8
"BOOI4","2024-05-26 21:00",63.6259999999999,86.5,52020,0,5.132,19.31,0,68.3599999999999,61.2319999999999,58.3339999999999,54.8239999999999,42.6,33.5,27.8
"BOOI4","2024-05-26 22:00",61.448,92,0,0,2.844,14.6,-0.000118110236220472,67.172,61.3579999999999,58.388,54.8419999999999,42.6,33.5,27.8
"BOOI4","2024-05-26 23:00",60.1159999999999,94.2,0,0,1.389,9.76,-0.000551181102362205,66.1819999999999,61.4659999999999,58.388,54.8239999999999,42.6,33.5,27.8
"BOOI4","2024-05-27 00:00",58.6039999999999,94.7,0,0,1.741,350.6,-0.000511811023622047,65.2279999999999,61.556,58.388,54.8239999999999,42.7,33.5,27.8
"BOOI4","2024-05-27 01:00",57.9919999999999,92.2,0,0,2.925,4.263,-0.000275590551181102,64.3999999999999,61.5919999999999,58.406,54.8239999999999,42.7,33.5,27.8
"BOOI4","2024-05-27 02:00",55.8679999999999,95.6,0,0,2.613,318.5,-0.000354330708661417,63.6079999999999,61.6099999999999,58.4419999999999,54.8419999999999,42.6,33.5,27.8
"BOOI4","2024-05-27 03:00",55.3999999999999,95.3,0,0,3.24,307.1,-0.00031496062992126,62.8519999999999,61.5919999999999,58.4599999999999,54.8239999999999,42.6,33.5,27.8
"BOOI4","2024-05-27 04:00",54.4099999999999,96.3,0,0,1.046,317.3,-0.000669291338582677,62.1499999999999,61.538,58.4779999999999,54.8419999999999,42.6,33.5,27.8
"BOOI4","2024-05-27 05:00",53.78,97.1,0,0,3.445,290.7,-0.00031496062992126,61.5019999999999,61.43,58.496,54.8779999999999,42.6,33.5,27.7
"BOOI4","2024-05-27 06:00",54.1759999999999,94.9,14032.8,0,6.772,282.4,-7.8740157480315e-05,60.9619999999999,61.3399999999999,58.5319999999999,54.8599999999999,42.6,33.5,27.7
"BOOI4","2024-05-27 07:00",56.7319999999999,92.4,291960,0,7.981,284.7,0.00062992125984252,60.548,61.2319999999999,58.5319999999999,54.8779999999999,42.6,33.5,27.7
"BOOI4","2024-05-27 08:00",60.8179999999999,84.4,795960,0,7.822,289.8,0.00460629921259843,60.9079999999999,61.124,58.5499999999999,54.8779999999999,42.6,33.5,27.7
"BOOI4","2024-05-27 09:00",60.2779999999999,88.4,583920,0,10.47,302.7,0.00515748031496063,61.664,61.0159999999999,58.5859999999999,54.8779999999999,42.6,33.5,27.7
"BOOI4","2024-05-27 10:00",58.622,92.8,196776,0.02,4.089,343.7,0.00204724409448819,61.772,60.8539999999999,58.6039999999999,54.8779999999999,42.6,33.5,27.7
"BOOI4","2024-05-27 11:00",63.914,84.2,1760040,0.01,2.582,227,0.0107086614173228,62.5099999999999,60.7279999999999,58.5859999999999,54.896,42.6,33.6,27.7
"BOOI4","2024-05-27 12:00",68.5399999999999,78.54,2926800,0,11.35,266.8,0.0181102362204724,65.822,60.6199999999999,58.6039999999999,54.932,42.6,33.6,27.7
"BOOI4","2024-05-27 13:00",70.124,72.07,2937600,0,12.94,267.8,0.0203543307086614,68.2339999999999,60.53,58.622,54.914,42.6,33.6,27.7
"BOOI4","2024-05-27 14:00",72.9679999999999,54.9,3153600,0,15.6,264.5,0.0255511811023622,70.088,60.4579999999999,58.5859999999999,54.914,42.5,33.6,27.7
"BOOI4","2024-05-27 15:00",75.74,43.67,3319200,0,20.43,273.9,0.0344094488188977,71.096,60.4759999999999,58.5859999999999,54.932,42.5,33.6,27.7
"BOOI4","2024-05-27 16:00",74.5339999999999,42.22,2561040,0,19.64,274.5,0.032244094488189,71.33,60.5119999999999,58.5679999999999,54.932,42.6,33.5,27.7
"BOOI4","2024-05-27 17:00",75.488,35.89,2374560,0,22.19,284.5,0.0343307086614173,71.0239999999999,60.5839999999999,58.6039999999999,54.9499999999999,42.5,33.5,27.7
"BOOI4","2024-05-27 18:00",73.238,39.91,1362240,0,21.44,294.2,0.0287795275590551,69.9079999999999,60.6739999999999,58.5679999999999,54.9679999999999,42.5,33.5,27.7
"BOOI4","2024-05-27 19:00",70.664,44.26,763920,0,18.94,301.5,0.0226377952755905,68.5039999999999,60.7999999999999,58.5499999999999,54.9679999999999,42.5,33.5,27.7
"BOOI4","2024-05-27 20:00",69.548,46.3,342000,0,13.78,304,0.0153149606299213,67.19,60.9259999999999,58.5499999999999,54.9679999999999,42.5,33.5,27.7
"BOOI4","2024-05-27 21:00",66.9199999999999,57.29,19389.6,0,6.098,329.3,0.00594488188976378,66.1279999999999,60.98,58.514,54.9499999999999,42.5,33.5,27.7
"BOOI4","2024-05-27 22:00",63.9859999999999,64.61,0,0,5.993,322.6,0.00208661417322835,65.282,61.0339999999999,58.5679999999999,54.9859999999999,42.5,33.5,27.7
"BOOI4","2024-05-27 23:00",60.7279999999999,72.67,0,0,4.843,288.2,0.00118110236220473,64.3819999999999,61.0699999999999,58.5319999999999,54.9859999999999,42.5,33.5,27.7
"BOOI4","2024-05-28 00:00",58.7119999999999,79.33,0,0,5.689,277.9,0.000905511811023622,63.5179999999999,61.1419999999999,58.5679999999999,54.9859999999999,42.5,33.5,27.7
"BOOI4","2024-05-28 01:00",58.964,80.1,0,0,7.622,290.5,0.00094488188976378,62.7619999999999,61.124,58.5499999999999,54.9679999999999,42.5,33.5,27.7
"BOOI4","2024-05-28 02:00",57.398,83,0,0,8.02,309.8,0.000866141732283465,62.0599999999999,61.088,58.5499999999999,54.9859999999999,42.5,33.5,27.7
"BOOI4","2024-05-28 03:00",56.7499999999999,84.1,0,0,5.789,324.2,0.000551181102362205,61.3939999999999,61.0159999999999,58.5499999999999,54.9679999999999,42.5,33.5,27.7
"BOOI4","2024-05-28 04:00",55.5079999999999,87.4,0,0,6.661,307.6,0.000393700787401575,60.8179999999999,60.9259999999999,58.5859999999999,55.0039999999999,42.5,33.5,27.7
"BOOI4","2024-05-28 05:00",51.5839999999999,94.6,0,0,5.827,274.1,0.000118110236220472,60.2239999999999,60.8539999999999,58.5859999999999,54.9859999999999,42.5,33.5,27.7
"BOOI4","2024-05-28 06:00",52.214,94.5,16920,0,6.583,266.6,0,59.7199999999999,60.746,58.6039999999999,55.0039999999999,42.4,33.5,27.7
"BOOI4","2024-05-28 07:00",55.8499999999999,88.5,311400,0,6.97,271.8,0.000708661417322835,59.3599999999999,60.656,58.622,55.0039999999999,42.4,33.5,27.7
"BOOI4","2024-05-28 08:00",60.0439999999999,79.45,846360,0,7.379,307.7,0.00503937007874016,59.6659999999999,60.53,58.622,55.04,42.3,33.5,27.7
"BOOI4","2024-05-28 09:00",61.3579999999999,74.08,1224360,0,6.071,333.3,0.00854330708661417,60.89,60.3679999999999,58.622,55.04,42.2,33.5,27.7
"BOOI4","2024-05-28 10:00",58.1539999999999,91.9,756000,0.03,9.17,332.5,0.00681102362204724,61.4839999999999,60.2599999999999,58.622,55.022,42,33.6,27.7
"BOOI4","2024-05-28 11:00",59.5759999999999,79.3,1196640,0,6.985,339.4,0.00822834645669291,62.24,60.1159999999999,58.622,55.04,41.5,33.6,27.7
"BOOI4","2024-05-28 12:00",63.0319999999999,75.44,2157120,0,6.793,342.5,0.0137795275590551,63.1939999999999,60.0439999999999,58.622,55.04,41.5,33.6,27.7
"BOOI4","2024-05-28 13:00",65.0839999999999,68.55,3214800,0,7.195,344.5,0.0207874015748032,66.164,59.9539999999999,58.6039999999999,55.0759999999999,41.5,33.6,27.7
"BOOI4","2024-05-28 14:00",67.874,58.29,3369600,0,8.12,335.2,0.0238976377952756,68.7199999999999,59.8819999999999,58.5679999999999,55.0759999999999,40.5,33.6,27.7
"BOOI4","2024-05-28 15:00",69.08,49.23,3052800,0,7.894,326.7,0.0240944881889764,70.448,59.8999999999999,58.5679999999999,55.0759999999999,40.4,33.6,27.7
"BOOI4","2024-05-28 16:00",70.3759999999999,49.93,2316600,0,8.14,337.8,0.0218897637795276,71.2579999999999,59.9179999999999,58.5499999999999,55.0759999999999,40.4,33.6,27.7
"BOOI4","2024-05-28 17:00",71.7619999999999,43.84,2316960,0,8.52,331.9,0.0217716535433071,71.222,60.0079999999999,58.5319999999999,55.0939999999999,40.4,33.6,27.7
"BOOI4","2024-05-28 18:00",71.546,42.67,1355400,0,8.45,337.1,0.0170472440944882,70.6279999999999,60.1159999999999,58.514,55.0759999999999,40.4,33.6,27.7
"BOOI4","2024-05-28 19:00",69.3679999999999,47.88,795240,0,8.67,349.3,0.0138582677165354,69.4579999999999,60.296,58.4779999999999,55.0939999999999,40.4,33.5,27.7
"BOOI4","2024-05-28 20:00",68.6119999999999,49.18,501120,0,6.453,345.8,0.00822834645669291,67.9999999999999,60.4039999999999,58.496,55.0939999999999,40.3,33.5,27.7
"BOOI4","2024-05-28 21:00",63.914,59.77,88056,0,5.504,12.11,0.00346456692913386,66.4699999999999,60.53,58.4419999999999,55.0939999999999,40.3,33.6,27.7
"BOOI4","2024-05-28 22:00",60.1699999999999,74.5,72,0,5.338,28.29,0.0012992125984252,65.156,60.7099999999999,58.4599999999999,55.1119999999999,40.3,33.5,27.7
"BOOI4","2024-05-28 23:00",58.622,78.95,0,0,3.903,34.86,0.000551181102362205,64.0759999999999,60.7819999999999,58.4599999999999,55.1119999999999,40.3,33.5,27.7
"BOOI4","2024-05-29 00:00",56.8039999999999,81.1,0,0,3.126,12.36,0.00031496062992126,63.1759999999999,60.8359999999999,58.4419999999999,55.1119999999999,40.1,33.5,27.7
"BOOI4","2024-05-29 01:00",56.2099999999999,82.5,0,0,2.199,336.8,-3.93700787401575e-05,62.348,60.89,58.4599999999999,55.13,40.1,33.5,27.7
"BOOI4","2024-05-29 02:00",55.2019999999999,83.7,0,0,2.699,333.3,0,61.5919999999999,60.89,58.4779999999999,55.13,40,33.6,27.7
"BOOI4","2024-05-29 03:00",54.3199999999999,83.4,0,0,2.234,338.7,-7.8740157480315e-05,60.9079999999999,60.8359999999999,58.514,55.13,39.9,33.6,27.7
"BOOI4","2024-05-29 04:00",52.7179999999999,86.7,0,0,1.387,312.5,-0.000354330708661417,60.2599999999999,60.7819999999999,58.496,55.1659999999999,39.9,33.6,27.7
"BOOI4","2024-05-29 05:00",53.78,83.3,0,0,1.192,323.4,-0.000393700787401575,59.5579999999999,60.7099999999999,58.496,55.148,39.8,33.5,27.7
"BOOI4","2024-05-29 06:00",52.7539999999999,86.1,20782.8,0,3.037,358.9,0.000118110236220472,59.0179999999999,60.638,58.496,55.148,39.7,33.5,27.7
"BOOI4","2024-05-29 07:00",55.256,85,325440,0,2.35,345.5,0.000393700787401575,58.6759999999999,60.5119999999999,58.514,55.13,39.7,33.5,27.7
"BOOI4","2024-05-29 08:00",59.54,77.13,880560,0,2.582,359.2,0.0044488188976378,58.9099999999999,60.3679999999999,58.5319999999999,55.13,39.6,33.5,27.7
"BOOI4","2024-05-29 09:00",63.014,65.59,1535040,0,2.504,40.6,0.00933070866141732,60.314,60.2779999999999,58.5499999999999,55.1659999999999,39.6,33.5,27.7
"BOOI4","2024-05-29 10:00",64.472,60.38,2148120,0,3.203,63.85,0.0142125984251968,62.4739999999999,60.1159999999999,58.5679999999999,55.1659999999999,39.6,33.5,27.7
"BOOI4","2024-05-29 11:00",66.6499999999999,59.37,2686320,0,3.747,62.69,0.0184645669291339,64.922,60.0259999999999,58.5319999999999,55.1659999999999,39.5,33.5,27.7
"BOOI4","2024-05-29 12:00",66.6859999999999,50.08,3063600,0,4.219,65.41,0.0218897637795276,67.496,59.8999999999999,58.5319999999999,55.1839999999999,39.5,33,27.7
"BOOI4","2024-05-29 13:00",68.288,52.3,3351600,0,4.565,78.46,0.0245275590551181,69.8179999999999,59.8279999999999,58.514,55.1839999999999,39.5,33,27.7
"BOOI4","2024-05-29 14:00",69.332,51.89,3358800,0,4.987,64.25,0.0253543307086614,71.69,59.8279999999999,58.5319999999999,55.2199999999999,39.5,33,27.7
"BOOI4","2024-05-29 15:00",70.3759999999999,42.86,3196800,0,5,104.4,0.0249212598425197,73.0759999999999,59.8999999999999,58.514,55.2019999999999,39.5,33,27.6
"BOOI4","2024-05-29 16:00",72.6079999999999,43.4,2894400,0,4.891,142.4,0.0233464566929134,73.9759999999999,60.0439999999999,58.4779999999999,55.1839999999999,39.4,33,27.6
"BOOI4","2024-05-29 17:00",72.3199999999999,42.78,2362680,0,4.84,111.3,0.0201574803149606,74.138,60.206,58.4779999999999,55.2019999999999,39.5,33,27.6
"BOOI4","2024-05-29 18:00",73.346,39.28,1787040,0,4.497,124.4,0.0161417322834646,73.6339999999999,60.4579999999999,58.496,55.2019999999999,39.5,33,27.6
"BOOI4","2024-05-29 19:00",71.33,42.9,1006200,0,4.984,118.3,0.0116929133858268,72.5359999999999,60.7099999999999,58.4419999999999,55.1839999999999,39.5,33,27.6
"BOOI4","2024-05-29 20:00",69.9619999999999,46.94,523800,0,4.578,128.3,0.00708661417322835,71.0239999999999,61.0339999999999,58.4419999999999,55.2199999999999,39.5,33,27.6
"BOOI4","2024-05-29 21:00",66.1279999999999,57.81,92088,0,4.446,129.1,0.00295275590551181,69.2599999999999,61.3579999999999,58.4419999999999,55.238,39.5,33,27.6
"BOOI4","2024-05-29 22:00",63.572,63.41,36,0,3.153,141.2,0.000866141732283465,67.7839999999999,61.6099999999999,58.4419999999999,55.2199999999999,39.5,33,27.6
"BOOI4","2024-05-29 23:00",62.5279999999999,64.27,0,0,3.349,125.7,0.00078740157480315,66.5779999999999,61.8439999999999,58.4599999999999,55.2199999999999,39.5,33,27.6
"BOOI4","2024-05-30 00:00",60.638,68.92,0,0,3.599,135.1,0.000708661417322835,65.498,62.0239999999999,58.496,55.238,39.5,33,27.6
"BOOI4","2024-05-30 01:00",59.648,71.59,0,0,4.587,120.5,0.000826771653543307,64.5439999999999,62.1319999999999,58.4779999999999,55.238,39.5,32.9,27.6
"BOOI4","2024-05-30 02:00",57.488,78.18,0,0,4.458,102.2,0.000433070866141732,63.698,62.222,58.5499999999999,55.256,39.5,32.9,27.6
"BOOI4","2024-05-30 03:00",56.624,80.3,0,0,3.534,137,0.00015748031496063,62.9779999999999,62.24,58.5499999999999,55.2199999999999,39.5,32.9,27.6
"BOOI4","2024-05-30 04:00",56.246,81.8,0,0,3.871,122.1,0.00015748031496063,62.348,62.2039999999999,58.6039999999999,55.2199999999999,39.4,32.9,27.6
"BOOI4","2024-05-30 05:00",55.0039999999999,84.5,0,0,5.201,110.7,0.000196850393700787,61.7539999999999,62.1679999999999,58.6759999999999,55.2739999999999,39.4,32.9,27.6
"BOOI4","2024-05-30 06:00",54.7159999999999,86.1,22690.8,0,4.441,131.9,7.8740157480315e-05,61.2319999999999,62.096,58.7119999999999,55.238,39.4,32.9,27.6
"BOOI4","2024-05-30 07:00",56.4259999999999,83.7,207000,0,5.39,137.7,0.00149606299212598,60.8539999999999,62.006,58.748,55.256,39.3,32.9,27.6
"BOOI4","2024-05-30 08:00",61.79,72.64,869400,0,7.72,137.3,0.00594488188976378,60.98,61.88,58.7659999999999,55.256,39.3,32.9,27.6
"BOOI4","2024-05-30 09:00",65.5339999999999,64.24,1447200,0,11.42,149.2,0.0125590551181102,61.8619999999999,61.7539999999999,58.8019999999999,55.2739999999999,39.3,32.9,27.6
"BOOI4","2024-05-30 10:00",68.63,54.96,2096280,0,14.19,148.3,0.019488188976378,63.3019999999999,61.646,58.8199999999999,55.2919999999999,39.2,32.9,27.6
"BOOI4","2024-05-30 11:00",70.7359999999999,52.66,2541240,0,15.42,148.8,0.0247244094488189,64.8859999999999,61.5019999999999,58.856,55.2739999999999,39.2,32.8,27.6
"BOOI4","2024-05-30 12:00",72.806,50.95,2703600,0,13.54,150.9,0.0260236220472441,66.3079999999999,61.4119999999999,58.8919999999999,55.2919999999999,39.2,32.8,27.6
"BOOI4","2024-05-30 13:00",74.2999999999999,52.61,2829600,0,14.06,150.4,0.0275984251968504,67.946,61.3579999999999,58.9099999999999,55.3099999999999,39.2,32.8,27.6
"BOOI4","2024-05-30 14:00",74.624,54.96,2719800,0,14.9,143.3,0.0283858267716535,69.3499999999999,61.3399999999999,58.9099999999999,55.2919999999999,39.2,32.8,27.6
"BOOI4","2024-05-30 15:00",75.6499999999999,55.56,2094840,0,14.29,148.3,0.0246456692913386,69.764,61.3399999999999,58.9279999999999,55.2919999999999,39.2,32.8,27.6
"BOOI4","2024-05-30 16:00",75.4699999999999,54.83,1790280,0,13.75,145.3,0.0223622047244094,69.9619999999999,61.4659999999999,58.8919999999999,55.3099999999999,39.1,32.8,27.6
"BOOI4","2024-05-30 17:00",75.2539999999999,55.84,1529640,0,13.99,142.4,0.0207086614173228,69.89,61.556,58.9279999999999,55.3279999999999,39.2,32.8,27.6
"BOOI4","2024-05-30 18:00",74.282,56.48,1091160,0,13.58,141.3,0.0176771653543307,69.6019999999999,61.7179999999999,58.964,55.3099999999999,39.2,32.8,27.6
"BOOI4","2024-05-30 19:00",73.1839999999999,58.62,600480,0,12.94,137.8,0.0141732283464567,68.972,61.88,58.9279999999999,55.3279999999999,39.1,32.8,27.6
"BOOI4","2024-05-30 20:00",71.7439999999999,60.15,224928,0,10.3,142.6,0.00980314960629921,68.18,62.0779999999999,58.946,55.346,39.1,32.8,27.6
"BOOI4","2024-05-30 21:00",70.088,61,24670.8,0,7.969,136.1,0.00641732283464567,67.3339999999999,62.222,58.964,55.364,39.2,32.8,27.6
"BOOI4","2024-05-30 22:00",68.4859999999999,62.25,0,0,8.24,133.8,0.0028740157480315,66.5239999999999,62.3659999999999,58.964,55.364,39.1,32.8,27.6
"BOOI4","2024-05-30 23:00",67.19,63.87,0,0,7.27,138.4,0.00244094488188976,65.822,62.456,58.9999999999999,55.3279999999999,39.1,32.8,27.6
"BOOI4","2024-05-31 00:00",66.164,64.91,0,0,7.287,142.8,0.00244094488188976,65.246,62.582,59.0179999999999,55.364,39.1,32.8,27.6
"BOOI4","2024-05-31 01:00",65.2999999999999,67.31,0,0,6.727,141.9,0.00204724409448819,64.7239999999999,62.6179999999999,59.0539999999999,55.364,39.1,32.8,27.6
"BOOI4","2024-05-31 02:00",64.796,70.23,0,0,6.735,152.2,0.00188976377952756,64.256,62.6359999999999,59.0899999999999,55.3819999999999,39.1,32.8,27.6
"BOOI4","2024-05-31 03:00",63.7699999999999,73.02,0,0,5.092,145.9,0.0012992125984252,63.932,62.6359999999999,59.1259999999999,55.364,39.1,32.8,27.6
"BOOI4","2024-05-31 04:00",63.374,75.18,0,0,4.208,154.1,0.00102362204724409,63.6079999999999,62.6359999999999,59.1439999999999,55.4179999999999,39,32.8,27.6
"BOOI4","2024-05-31 05:00",62.4199999999999,77.55,0,0,2.105,143.6,0.000433070866141732,63.338,62.582,59.1259999999999,55.364,39,33,27.8
"BOOI4","2024-05-31 06:00",60.0079999999999,85.7,7815.6,0,3.312,86.1,0.00047244094488189,63.0319999999999,62.564,59.18,55.3999999999999,39,33,27.8
"BOOI4","2024-05-31 07:00",63.1039999999999,76.52,234828,0,4.561,115.2,0.00181102362204724,62.816,62.4919999999999,59.2159999999999,55.4359999999999,39,33,27.8
"BOOI4","2024-05-31 08:00",65.5519999999999,74.2,476640,0,7.306,145.3,0.00551181102362205,62.9779999999999,62.456,59.2519999999999,55.3999999999999,38.9,33,27.8
"BOOI4","2024-05-31 09:00",70.34,70.7,1440360,0,9.72,174.9,0.0124803149606299,63.9679999999999,62.3659999999999,59.288,55.4539999999999,38.9,33,27.8
"BOOI4","2024-05-31 10:00",74.03,64.08,2081880,0,11.87,185.7,0.0186220472440945,65.6599999999999,62.3119999999999,59.288,55.4179999999999,38.9,33,27.8
"BOOI4","2024-05-31 11:00",73.472,60.22,1536480,0,10.69,175.7,0.0168110236220472,67.082,62.24,59.288,55.4179999999999,38.9,33,27.8
"BOOI4","2024-05-31 12:00",73.9939999999999,62.5,1488960,0,10.06,176.8,0.0168110236220472,67.7119999999999,62.24,59.3419999999999,55.4359999999999,38.9,32.9,27.8
"BOOI4","2024-05-31 13:00",76.064,57.71,2434320,0,8.63,170.2,0.0224409448818898,69.0439999999999,62.222,59.3419999999999,55.4539999999999,38.8,32.9,27.8
"BOOI4","2024-05-31 14:00",77.8099999999999,52.89,2930400,0,11.06,172.9,0.0279133858267717,70.8619999999999,62.24,59.3599999999999,55.472,38.8,32.9,27.8
"BOOI4","2024-05-31 15:00",78.746,51.12,2670120,0,11.62,176.2,0.027755905511811,72.23,62.2939999999999,59.3779999999999,55.4539999999999,38.9,32.9,27.8
"BOOI4","2024-05-31 16:00",77.2699999999999,52.01,2188080,0,12.18,160.4,0.0252755905511811,72.806,62.4019999999999,59.3779999999999,55.4539999999999,38.9,32.8,27.8
"BOOI4","2024-05-31 17:00",77.4679999999999,50.43,1618200,0,12.2,156.2,0.0221259842519685,72.7519999999999,62.546,59.414,55.472,38.9,32.8,27.8
"BOOI4","2024-05-31 18:00",76.0279999999999,50.63,637560,0,12.48,156.2,0.0168110236220472,72.032,62.7439999999999,59.396,55.5259999999999,38.9,32.8,27.8
"BOOI4","2024-05-31 19:00",74.732,54.52,301680,0,11.01,164.7,0.0131889763779528,70.9699999999999,62.9419999999999,59.432,55.5079999999999,38.9,32.7,27.8
"BOOI4","2024-05-31 20:00",73.0579999999999,56.84,143532,0,8.95,175.8,0.0097244094488189,69.998,63.122,59.432,55.49,38.9,32.6,27.7
"BOOI4","2024-05-31 21:00",70.7359999999999,63.69,25848,0,4.547,198,0.00405511811023622,69.1519999999999,63.2839999999999,59.4499999999999,55.5079999999999,38.9,32.5,27.7
"BOOI4","2024-05-31 22:00",67.9279999999999,79.21,0,0,2.028,282.1,0.00102362204724409,68.414,63.4099999999999,59.4679999999999,55.5439999999999,38.9,32.4,27.7
"BOOI4","2024-05-31 23:00",66.6319999999999,86.7,0,0,1.408,32.22,0.000511811023622047,67.856,63.464,59.4679999999999,55.5259999999999,38.8,32.4,27.7
"BOOI4","2024-06-01 00:00",65.9119999999999,92.4,0,0,2.092,331.3,0.000433070866141732,67.388,63.5539999999999,59.5039999999999,55.5439999999999,38.8,32.3,27.7
"BOOI4","2024-06-01 01:00",65.048,93.1,0,0,3.504,320.1,0.000433070866141732,66.9739999999999,63.572,59.5579999999999,55.5439999999999,38.8,32.3,27.7
"BOOI4","2024-06-01 02:00",64.6159999999999,94.8,0,0,3.421,9.3,0.000275590551181102,66.596,63.6079999999999,59.5579999999999,55.58,38.8,32.3,27.7
"BOOI4","2024-06-01 03:00",64.256,95.6,0,0,3.403,53.64,0.000236220472440945,66.2539999999999,63.5899999999999,59.6119999999999,55.598,38.8,32.3,27.7
"BOOI4","2024-06-01 04:00",64.022,97.7,0,0.01,2.066,9.81,0.000118110236220472,65.9659999999999,63.5539999999999,59.63,55.58,38.8,32.3,27.7
"BOOI4","2024-06-01 05:00",63.248,98.4,0,0.03,2.187,6.202,7.8740157480315e-05,65.732,63.5539999999999,59.7019999999999,55.5619999999999,38.8,32.2,27.7
"BOOI4","2024-06-01 06:00",62.906,99.2,813.6,0,1.997,56,3.93700787401575e-05,65.48,63.5179999999999,59.738,55.6159999999999,38.8,31.2,27.7
"BOOI4","2024-06-01 07:00",62.4919999999999,98.8,19296,0.01,1.594,20.75,0.000196850393700787,65.282,63.4819999999999,59.756,55.6159999999999,38.8,30.8,27.7
"BOOI4","2024-06-01 08:00",62.2759999999999,98.4,92916,0.04,3.121,69.07,0.000708661417322835,65.1199999999999,63.446,59.738,55.6159999999999,38.7,30.6,27.7
"BOOI4","2024-06-01 09:00",63.9859999999999,93.6,527040,0,4.811,84.5,0.0034251968503937,65.2279999999999,63.3919999999999,59.8099999999999,55.6519999999999,38.7,30.4,27.7
"BOOI4","2024-06-01 10:00",68.8279999999999,83.3,2022480,0,5.038,77.65,0.0126771653543307,66.5239999999999,63.3199999999999,59.8279999999999,55.6339999999999,38.7,30.4,27.7
"BOOI4","2024-06-01 11:00",71.996,73.49,2725560,0,3.016,33.19,0.0187007874015748,69.0259999999999,63.2659999999999,59.864,55.6339999999999,38.7,30.3,27.7
"BOOI4","2024-06-01 12:00",72.8419999999999,70.64,2248200,0,4.07,332.4,0.0171259842519685,71.3839999999999,63.1939999999999,59.864,55.6519999999999,38.7,30.1,27.7
"BOOI4","2024-06-01 13:00",73.2739999999999,67.43,2041200,0,5.145,338.7,0.0171653543307087,72.6619999999999,63.1759999999999,59.8999999999999,55.6519999999999,38.7,30.1,27.7
"BOOI4","2024-06-01 14:00",75.3259999999999,59.07,2453760,0,5.21,344.7,0.0201574803149606,73.238,63.1939999999999,59.9179999999999,55.688,38.7,30.1,27.7
"BOOI4","2024-06-01 15:00",76.4599999999999,55.52,2411640,0,5.356,338.7,0.0206299212598425,74.3539999999999,63.248,59.9179999999999,55.6519999999999,38.7,30.1,27.6
"BOOI4","2024-06-01 16:00",77.99,52.55,2644560,0,5.265,343.2,0.022755905511811,75.2539999999999,63.3199999999999,59.9179999999999,55.706,38.7,30,27.7
"BOOI4","2024-06-01 17:00",77.1439999999999,54.71,1159200,0,4.399,342.3,0.0130314960629921,75.2359999999999,63.4279999999999,59.9359999999999,55.688,38.7,29.6,27.7
"BOOI4","2024-06-01 18:00",78.1519999999999,56.89,1705680,0,4.617,345.2,0.0157086614173228,74.714,63.5539999999999,59.972,55.706,38.7,29.6,27.6
"BOOI4","2024-06-01 19:00",76.3699999999999,57.76,708480,0,4.393,353.5,0.00893700787401575,74.1199999999999,63.7339999999999,59.99,55.7419999999999,38.6,29.5,27.7
"BOOI4","2024-06-01 20:00",77.288,56.86,356760,0,1.373,359.5,0.00295275590551181,73.022,63.8779999999999,59.99,55.7239999999999,38.7,29.4,27.6
"BOOI4","2024-06-01 21:00",72.248,69.38,131436,0,0,0,-0.00169291338582677,71.7439999999999,64.0399999999999,59.9539999999999,55.7419999999999,38.7,29.3,27.6
"BOOI4","2024-06-01 22:00",70.664,72.81,248.4,0,0.333,5.631,-0.000511811023622047,70.5739999999999,64.1839999999999,60.0259999999999,55.7599999999999,38.7,29.1,27.7
"BOOI4","2024-06-01 23:00",67.5859999999999,79.87,0,0,1.323,349.2,3.93700787401575e-05,69.53,64.3099999999999,60.0439999999999,55.7779999999999,38.7,29,27.6
"BOOI4","2024-06-02 00:00",67.6759999999999,76.27,0,0,2.411,340.4,0.000354330708661417,68.6119999999999,64.4359999999999,60.0619999999999,55.7599999999999,38.7,28.9,27.6
"BOOI4","2024-06-02 01:00",64.688,82.2,0,0,3.033,350.6,0.000590551181102362,67.874,64.472,60.098,55.7779999999999,38.7,28.8,27.6
"BOOI4","2024-06-02 02:00",62.9239999999999,88.1,0,0,2.274,46.77,0,67.1359999999999,64.5259999999999,60.1339999999999,55.7779999999999,38.7,28.7,27.6
"BOOI4","2024-06-02 03:00",62.7079999999999,90.4,0,0,0.24,72.68,-0.000669291338582677,66.4519999999999,64.5259999999999,60.1519999999999,55.796,38.7,28.7,27.6
"BOOI4","2024-06-02 04:00",60.9259999999999,97.1,0,0,3.185,95.2,-0.00015748031496063,65.7859999999999,64.49,60.188,55.814,38.6,28.6,27.6
"BOOI4","2024-06-02 05:00",60.998,99.1,0,0,3.927,131.4,-0.000275590551181102,65.2999999999999,64.4179999999999,60.2419999999999,55.8859999999999,38.6,28.5,27.6
"BOOI4","2024-06-02 06:00",61.682,99.2,18273.6,0,6.291,158.4,-0.000196850393700787,64.94,64.3999999999999,60.2419999999999,55.8499999999999,38.6,28.5,27.6
"BOOI4","2024-06-02 07:00",62.564,98.1,167004,0,5.573,164.8,0.00047244094488189,64.814,64.3099999999999,60.296,55.8679999999999,38.6,28.3,27.6
"BOOI4","2024-06-02 08:00",63.698,97.1,278748,0,6.479,179,0.00188976377952756,64.9759999999999,64.2199999999999,60.296,55.8679999999999,38.6,28.2,27.6
"BOOI4","2024-06-02 09:00",64.148,96.7,297360,0,6.232,164.9,0.0021259842519685,65.138,64.13,60.3679999999999,55.8859999999999,38.6,28.2,27.6
"BOOI4","2024-06-02 10:00",65.6599999999999,92.1,465840,0,8.14,145.8,0.00354330708661417,65.3179999999999,64.0399999999999,60.3679999999999,55.8859999999999,38.5,28.2,27.6
"BOOI4","2024-06-02 11:00",69.422,84.3,1194120,0,9.77,125.8,0.00850393700787402,65.8759999999999,63.9499999999999,60.3859999999999,55.9039999999999,38.5,28.1,27.6
"BOOI4","2024-06-02 12:00",73.94,76.36,1980360,0,9.86,145.5,0.0151574803149606,67.2619999999999,63.8599999999999,60.3859999999999,55.9039999999999,38.5,28,27.6
"BOOI4","2024-06-02 13:00",76.6759999999999,67.68,1850760,0,9.98,147.5,0.0165748031496063,68.5579999999999,63.7699999999999,60.4039999999999,55.9039999999999,38.5,27.9,27.6
"BOOI4","2024-06-02 14:00",78.098,64.77,2732040,0,12.77,157.3,0.025,70.5739999999999,63.7339999999999,60.44,55.922,38.5,27.9,27.6
"BOOI4","2024-06-02 15:00",77.414,69.48,957960,0,13.57,168.3,0.0149606299212598,70.8619999999999,63.698,60.4579999999999,55.9579999999999,38.5,27.8,27.6
"BOOI4","2024-06-02 16:00",77.2159999999999,71.57,1524960,0,13.78,151.9,0.017007874015748,71.0599999999999,63.68,60.4759999999999,55.9759999999999,38.5,27.9,27.6
"BOOI4","2024-06-02 17:00",80.1679999999999,64.27,2041920,0,15.57,154.9,0.0210236220472441,71.4919999999999,63.7339999999999,60.4939999999999,55.9759999999999,38.5,27.8,27.6
"BOOI4","2024-06-02 18:00",79.8439999999999,61.42,1266120,0,14.03,165.3,0.017992125984252,71.8339999999999,63.8239999999999,60.4579999999999,55.9759999999999,38.5,27.8,27.6
"BOOI4","2024-06-02 19:00",79.898,63.04,700560,0,14.59,165.9,0.0151574803149606,71.5999999999999,63.896,60.4939999999999,56.0119999999999,38.5,27.7,27.6
"BOOI4","2024-06-02 20:00",77.18,68.25,370440,0,13.74,165.6,0.011496062992126,70.9339999999999,64.0039999999999,60.4759999999999,56.0119999999999,38.5,27.7,27.5
"BOOI4","2024-06-02 21:00",75.1279999999999,73.37,81576,0,12.97,158.7,0.00688976377952756,70.196,64.0939999999999,60.4939999999999,56.0119999999999,38.4,27.7,27.5
"BOOI4","2024-06-02 22:00",72.9679999999999,78.91,54,0,10.74,154.7,0.00204724409448819,69.4759999999999,64.2019999999999,60.4939999999999,56.03,38.4,27.6,27.5
"BOOI4","2024-06-02 23:00",71.78,82.5,0,0,7.887,150.1,0.00133858267716536,68.9179999999999,64.3099999999999,60.53,56.03,38.4,27.4,27.6
"BOOI4","2024-06-03 00:00",70.9699999999999,84.1,0,0,11.12,154,0.00133858267716536,68.4679999999999,64.3999999999999,60.4759999999999,56.048,38.4,27.4,27.6
"BOOI4","2024-06-03 01:00",69.8359999999999,84.6,0,0,10.33,150.3,0.00118110236220473,68.1079999999999,64.4359999999999,60.5119999999999,56.066,38.4,27.4,27.5
"BOOI4","2024-06-03 02:00",69.1699999999999,86.1,0,0,10.65,157.5,0.00110236220472441,67.7119999999999,64.49,60.548,56.048,38.4,27.4,27.5
"BOOI4","2024-06-03 03:00",70.3759999999999,85.6,0,0,11.02,160.8,0.00106299212598425,67.4599999999999,64.49,60.566,56.0839999999999,38.4,27.3,27.5
"BOOI4","2024-06-03 04:00",70.5019999999999,87,0,0,11.07,165.8,0.000984251968503937,67.3159999999999,64.5079999999999,60.566,56.1019999999999,38.4,27.3,27.5
"BOOI4","2024-06-03 05:00",70.34,88.1,0,0,11.3,148.7,0.000866141732283465,67.1359999999999,64.5079999999999,60.638,56.1199999999999,38.4,27.4,27.5
"BOOI4","2024-06-03 06:00",69.098,91.4,889.2,0,9.3,172.1,0.000669291338582677,66.9919999999999,64.472,60.656,56.1199999999999,38.4,27.1,27.5
"BOOI4","2024-06-03 07:00",69.548,92.3,82152,0,4.957,196.9,0.00145669291338583,66.9019999999999,64.472,60.656,56.1199999999999,38.4,27,27.5
"BOOI4","2024-06-03 08:00",72.788,87,703080,0,5.934,198.4,0.00488188976377953,67.28,64.4179999999999,60.7279999999999,56.1739999999999,38.4,26.9,27.5
"BOOI4","2024-06-03 09:00",74.0119999999999,84.1,701640,0,9.81,218,0.00681102362204724,67.946,64.3999999999999,60.7099999999999,56.1919999999999,38.4,26.9,27.5
"BOOI4","2024-06-03 10:00",76.406,73.19,1317600,0,11.01,226,0.0124015748031496,68.738,64.364,60.764,56.1739999999999,38.4,26.9,27.5
"BOOI4","2024-06-03 11:00",77.3419999999999,62.42,2205000,0,13.74,220.3,0.0218897637795276,70.232,64.364,60.7099999999999,56.1919999999999,38.4,26.8,27.5
"BOOI4","2024-06-03 12:00",78.89,54.63,2865600,0,12.85,223.9,0.0281889763779528,72.0859999999999,64.3279999999999,60.746,56.2099999999999,38.3,26.8,27.5
"BOOI4","2024-06-03 13:00",82.832,48.78,3279600,0,11.62,232.4,0.0327165354330709,74.048,64.3279999999999,60.764,56.1919999999999,38.3,26.8,27.5
"BOOI4","2024-06-03 14:00",84.4519999999999,46.75,3294000,0,10.23,235.3,0.0336220472440945,75.9019999999999,64.346,60.7819999999999,56.2279999999999,38.3,26.8,27.5
"BOOI4","2024-06-03 15:00",85.2259999999999,46.49,3124800,0,10.33,225.9,0.0334645669291339,77.414,64.4359999999999,60.7819999999999,56.2279999999999,38.3,26.8,27.5
"BOOI4","2024-06-03 16:00",87.746,42.93,2775960,0,9.15,261.9,0.0311417322834646,78.4039999999999,64.5259999999999,60.8179999999999,56.2279999999999,38.4,26.7,27.5
"BOOI4","2024-06-03 17:00",89.24,42.43,2251440,0,7.801,231.3,0.0265748031496063,78.872,64.688,60.8359999999999,56.2279999999999,38.4,26.7,27.5
"BOOI4","2024-06-03 18:00",88.124,42.26,1591200,0,9.28,208.6,0.023740157480315,78.4579999999999,64.8679999999999,60.8539999999999,56.246,38.4,26.7,27.5
"BOOI4","2024-06-03 19:00",87.0259999999999,46.12,793080,0,7.949,208.9,0.0167716535433071,77.4859999999999,65.0839999999999,60.8539999999999,56.264,38.4,26.6,27.5
"BOOI4","2024-06-03 20:00",83.822,53.33,395640,0,9.11,198.9,0.012992125984252,76.298,65.2999999999999,60.8539999999999,56.2819999999999,38.4,26.5,27.5
"BOOI4","2024-06-03 21:00",78.746,73.72,76644,0,10.88,187.7,0.00637795275590551,75.1279999999999,65.5699999999999,60.872,56.2999999999999,38.4,26.5,27.5
"BOOI4","2024-06-03 22:00",75.848,80.2,86.4,0,6.512,191.1,0.00153543307086614,74.1019999999999,65.7679999999999,60.9079999999999,56.2999999999999,38.4,26.5,27.5
"BOOI4","2024-06-03 23:00",73.796,85.6,0,0,2.298,189.5,0.00015748031496063,73.1659999999999,65.9659999999999,60.9439999999999,56.3179999999999,38.5,26.5,27.5
"BOOI4","2024-06-04 00:00",73.598,85.8,0,0,5.529,181.3,0.000669291338582677,72.446,66.146,60.9619999999999,56.3179999999999,38.5,26.5,27.5
"BOOI4","2024-06-04 01:00",72.3199999999999,89.2,0,0,4.764,184.9,0.000354330708661417,71.8699999999999,66.272,61.0159999999999,56.3359999999999,38.5,26.4,27.5
"BOOI4","2024-06-04 02:00",71.5999999999999,90.2,0,0,4.952,188.3,0.000236220472440945,71.3119999999999,66.3619999999999,61.0519999999999,56.3359999999999,38.5,26.3,27.5
"BOOI4","2024-06-04 03:00",70.5019999999999,90.6,0,0,4.305,196.5,0.000275590551181102,70.8619999999999,66.4159999999999,61.088,56.39,38.5,26.3,27.5
"BOOI4","2024-06-04 04:00",70.2859999999999,89.9,0,0,1.022,230.5,-0.000511811023622047,70.3759999999999,66.4519999999999,61.1419999999999,56.39,38.5,26.2,27.5
"BOOI4","2024-06-04 05:00",69.4039999999999,90.9,0,0,0,0,-0.000866141732283465,69.9079999999999,66.4699999999999,61.214,56.4079999999999,38.5,26.1,27.5
"BOOI4","2024-06-04 06:00",69.2239999999999,92.7,7174.8,0,3.633,116.1,-3.93700787401575e-05,69.4939999999999,66.488,61.2319999999999,56.4079999999999,38.5,26.1,27.5
"BOOI4","2024-06-04 07:00",69.89,93.5,107172,0,4.959,114.4,0.00125984251968504,69.2599999999999,66.4699999999999,61.3039999999999,56.4079999999999,38.4,26.1,27.5
"BOOI4","2024-06-04 08:00",70.7539999999999,92.8,251604,0,5.176,139.7,0.00244094488188976,69.2599999999999,66.4339999999999,61.3399999999999,56.4259999999999,38.4,26.1,27.5
"BOOI4","2024-06-04 09:00",72.914,90.3,470880,0,7.05,166.7,0.00429133858267717,69.4579999999999,66.38,61.4119999999999,56.4259999999999,38.4,26,27.5
"BOOI4","2024-06-04 10:00",76.0099999999999,78.83,1820520,0,10.11,187.5,0.0141732283464567,70.556,66.3439999999999,61.43,56.4619999999999,38.4,26,27.5
"BOOI4","2024-06-04 11:00",77.522,73.47,1154160,0,8.31,174.1,0.0116929133858268,71.4919999999999,66.3079999999999,61.4659999999999,56.4439999999999,38.4,25.9,27.5
"BOOI4","2024-06-04 12:00",75.956,78.84,1019880,0,8.57,169.3,0.0107086614173228,71.8339999999999,66.272,61.5019999999999,56.4619999999999,38.4,25.9,27.5
"BOOI4","2024-06-04 13:00",79.3939999999999,72.63,1495080,0,7.072,169.9,0.0134251968503937,72.356,66.2539999999999,61.556,56.5159999999999,38.4,25.9,27.5
"BOOI4","2024-06-04 14:00",79.1779999999999,73.43,1888920,0,7.804,169.9,0.0170472440944882,73.4539999999999,66.2539999999999,61.6099999999999,56.48,38.4,25.8,27.5
"BOOI4","2024-06-04 15:00",79.214,70.5,1069560,0,8.98,180.4,0.0130314960629921,73.94,66.2539999999999,61.646,56.5159999999999,38.4,25.8,27.5
"BOOI4","2024-06-04 16:00",81.0499999999999,70.03,1708920,0,11.06,188.4,0.0178346456692913,74.0659999999999,66.2899999999999,61.664,56.5339999999999,38.4,25.8,27.5
"BOOI4","2024-06-04 17:00",80.564,65.98,1600560,0,12.38,179.6,0.0184645669291339,74.822,66.3439999999999,61.682,56.5699999999999,38.4,25.8,27.5
"BOOI4","2024-06-04 18:00",80.7079999999999,68.51,415440,0,10.66,183.1,0.0105511811023622,74.3539999999999,66.4339999999999,61.7179999999999,56.5519999999999,38.4,25.8,27.5
"BOOI4","2024-06-04 19:00",64.7599999999999,95.6,142092,0.15,15.18,239.6,0.00807086614173229,73.49,66.5239999999999,61.7179999999999,56.588,38.4,25.8,27.5
"BOOI4","2024-06-04 20:00",67.1359999999999,99.8,30384,0.48,3.693,255.4,0.000275590551181102,71.2939999999999,66.8119999999999,61.8619999999999,56.588,40.3,33.1,27.8
"BOOI4","2024-06-04 21:00",67.7659999999999,97.6,40212,0.23,5.463,268.1,-0.000236220472440945,70.7539999999999,67.064,61.9699999999999,56.606,40.1,33.1,27.8
"BOOI4","2024-06-04 22:00",65.3359999999999,97.4,36,0,9.98,294.4,0.000236220472440945,70.2859999999999,67.1179999999999,62.0239999999999,56.6599999999999,39.7,33.5,27.8
"BOOI4","2024-06-04 23:00",62.7619999999999,90.3,0,0,8.27,322.3,0.000354330708661417,69.7279999999999,67.1359999999999,62.0599999999999,56.6599999999999,39.7,33.6,27.8
"BOOI4","2024-06-05 00:00",60.548,91.4,0,0,8.88,318.1,0.000590551181102362,68.9359999999999,67.1359999999999,62.096,56.6779999999999,39.7,33.6,27.9
"BOOI4","2024-06-05 01:00",59.2159999999999,90.9,0,0,7.828,313.1,0.000551181102362205,68.0539999999999,67.082,62.114,56.696,39.6,33.6,27.9
"BOOI4","2024-06-05 02:00",58.64,90.8,0,0,6.232,303,0.000433070866141732,67.2439999999999,67.0279999999999,62.1679999999999,56.714,39.6,33.6,27.9
"BOOI4","2024-06-05 03:00",57.2179999999999,94.7,0,0,6.413,291.6,0.000354330708661417,66.5239999999999,66.956,62.2039999999999,56.7319999999999,39.6,33.6,27.9
"BOOI4","2024-06-05 04:00",56.3539999999999,94,0,0,6.274,286.3,0.000275590551181102,65.8579999999999,66.83,62.2039999999999,56.7679999999999,39.5,33.6,27.9
"BOOI4","2024-06-05 05:00",55.2199999999999,93.6,0,0,5.928,284.2,0.00031496062992126,65.2099999999999,66.7039999999999,62.24,56.7499999999999,39.5,33.6,27.9
"BOOI4","2024-06-05 06:00",55.2919999999999,90,23425.2,0,7.881,281.8,0.000433070866141732,64.598,66.5599999999999,62.24,56.7679999999999,39.5,33.6,27.9
"BOOI4","2024-06-05 07:00",58.7119999999999,78.07,352080,0,8.48,279.6,0.00224409448818898,64.1119999999999,66.38,62.2939999999999,56.7859999999999,39.4,33.6,27.9
"BOOI4","2024-06-05 08:00",61.3939999999999,79.06,922320,0,8.58,262.2,0.00574803149606299,64.0759999999999,66.1999999999999,62.3119999999999,56.8039999999999,39.4,33.6,27.9
"BOOI4","2024-06-05 09:00",65.948,71.41,1566720,0,10.86,266.5,0.011496062992126,64.7779999999999,66.0019999999999,62.33,56.8039999999999,39.4,33.6,27.9
"BOOI4","2024-06-05 10:00",69.746,67.35,2179800,0,11.48,259.9,0.0167322834645669,66.0739999999999,65.8039999999999,62.348,56.8399999999999,39.3,33.6,27.9
"BOOI4","2024-06-05 11:00",73.49,58.68,2689560,0,13.85,256.3,0.022755905511811,67.6759999999999,65.606,62.33,56.8939999999999,39.3,33.5,27.9
"BOOI4","2024-06-05 12:00",75.4339999999999,48.52,3085200,0,16,263.9,0.0304330708661417,69.2599999999999,65.4439999999999,62.348,56.8579999999999,39.2,33.5,27.9
"BOOI4","2024-06-05 13:00",78.0439999999999,47.12,3308400,0,14.71,257.4,0.032992125984252,70.772,65.282,62.348,56.8939999999999,39.2,33.5,27.9
"BOOI4","2024-06-05 14:00",79.7899999999999,45.1,3290400,0,17.22,259.7,0.0362204724409449,72.032,65.1739999999999,62.33,56.93,39.2,33.5,27.9
"BOOI4","2024-06-05 15:00",82.1659999999999,43.7,3175200,0,17.87,259.6,0.0374803149606299,72.914,65.156,62.33,56.9119999999999,39.2,33.5,27.9
"BOOI4","2024-06-05 16:00",83.2999999999999,42.9,2802600,0,17.22,251.1,0.0362992125984252,73.5259999999999,65.1199999999999,62.3119999999999,56.93,39.2,33.6,27.9
"BOOI4","2024-06-05 17:00",82.7419999999999,41.73,1726560,0,16.34,248.4,0.0300787401574803,73.472,65.156,62.2939999999999,56.9659999999999,39.2,33.5,27.8
"BOOI4","2024-06-05 18:00",74.03,59.8,212508,0,12.84,270.7,0.0163779527559055,72.446,65.1919999999999,62.2759999999999,56.9839999999999,39.2,33.6,27.8
"BOOI4","2024-06-05 19:00",67.4239999999999,82.2,215892,0.01,7.578,329.5,0.0062992125984252,71.1319999999999,65.282,62.2579999999999,57.0199999999999,39.1,33.6,27.9
"BOOI4","2024-06-05 20:00",67.2079999999999,77.16,87264,0.08,3.201,263,0.00196850393700787,70.3039999999999,65.3539999999999,62.2579999999999,57.0019999999999,39.1,33.6,27.8
"BOOI4","2024-06-05 21:00",65.372,86.4,67824,0.02,4.656,230.6,0.000826771653543307,69.638,65.4079999999999,62.222,57.0199999999999,39.1,33.6,27.8
"BOOI4","2024-06-05 22:00",62.2579999999999,92,529.2,0,5.052,244.1,0.000708661417322835,68.864,65.48,62.2039999999999,57.038,39.1,33.6,27.8
"BOOI4","2024-06-05 23:00",63.932,84.6,0,0,6.666,240.3,0.000905511811023622,68.1079999999999,65.4619999999999,62.24,57.0739999999999,39,33.6,27.8
"BOOI4","2024-06-06 00:00",63.8599999999999,73.26,0,0,7.333,273.5,0.00133858267716536,67.3699999999999,65.4439999999999,62.2039999999999,57.0739999999999,39,33.6,27.8
"BOOI4","2024-06-06 01:00",62.0779999999999,73.25,0,0,7.265,280.1,0.00165354330708661,66.6319999999999,65.39,62.1859999999999,57.0739999999999,39,33.6,27.8
"BOOI4","2024-06-06 02:00",61.5919999999999,68.93,0,0,8.06,279,0.00188976377952756,65.8759999999999,65.3539999999999,62.2039999999999,57.1279999999999,39,33.6,27.8
"BOOI4","2024-06-06 03:00",60.2419999999999,68.31,0,0,8.58,279.8,0.0021259842519685,65.156,65.3179999999999,62.222,57.1279999999999,39,33.6,27.8
"BOOI4","2024-06-06 04:00",59.5759999999999,67.1,0,0,8.99,280.7,0.00204724409448819,64.472,65.2099999999999,62.222,57.1279999999999,38.9,33.6,27.8
"BOOI4","2024-06-06 05:00",59.0899999999999,66.39,0,0,9.43,281.9,0.00220472440944882,63.8239999999999,65.0839999999999,62.2039999999999,57.146,38.9,33.5,27.8
"BOOI4","2024-06-06 06:00",59.972,62.52,15822,0,10.7,285.2,0.00248031496062992,63.1759999999999,64.9579999999999,62.1859999999999,57.146,38.9,33.5,27.8
"BOOI4","2024-06-06 07:00",60.7999999999999,64.44,320400,0,11.15,284,0.00625984251968504,62.6359999999999,64.796,62.2039999999999,57.164,38.8,33.3,27.8
"BOOI4","2024-06-06 08:00",63.8599999999999,58.88,893160,0,11.85,282,0.010511811023622,62.564,64.6339999999999,62.1859999999999,57.2359999999999,38.8,33.2,27.8
"BOOI4","2024-06-06 09:00",66.3439999999999,54.71,1523520,0,14.39,289.7,0.016496062992126,63.1039999999999,64.4539999999999,62.2039999999999,57.2359999999999,38.8,33.1,27.8
"BOOI4","2024-06-06 10:00",68.1079999999999,50.51,2154960,0,14.53,298.6,0.021259842519685,64.0579999999999,64.3099999999999,62.1679999999999,57.2539999999999,38.7,33.1,27.8
"BOOI4","2024-06-06 11:00",71.8159999999999,46.97,2696400,0,14.46,291.1,0.0258661417322835,65.5159999999999,64.1119999999999,62.1679999999999,57.2539999999999,38.7,33.1,27.9
"BOOI4","2024-06-06 12:00",73.922,39.05,3121200,0,21.08,296,0.035236220472441,66.74,63.932,62.1499999999999,57.2539999999999,38.7,32.9,27.9
"BOOI4","2024-06-06 13:00",75.7039999999999,34.48,3348000,0,22.2,296.6,0.0394094488188976,67.6939999999999,63.8599999999999,62.1319999999999,57.29,38.6,32.9,27.9
"BOOI4","2024-06-06 14:00",76.6579999999999,30.55,3384000,0,24.69,292,0.0433464566929134,68.4859999999999,63.7339999999999,62.096,57.272,38.6,32.9,27.8
"BOOI4","2024-06-06 15:00",78.0439999999999,28.52,3222000,0,22.33,300.8,0.0432677165354331,68.99,63.698,62.0599999999999,57.3259999999999,38.6,32.9,27.8
"BOOI4","2024-06-06 16:00",78.6019999999999,27.43,2858760,0,22.41,303.5,0.0431496062992126,69.2779999999999,63.68,62.0419999999999,57.3259999999999,38.6,31.7,27.8
"BOOI4","2024-06-06 17:00",78.764,27.65,2254320,0,23.15,303.1,0.0409842519685039,69.1699999999999,63.698,61.988,57.29,38.6,31.7,27.8
"BOOI4","2024-06-06 18:00",78.5119999999999,28.55,1636920,0,20.75,306.3,0.0359055118110236,68.7199999999999,63.7339999999999,61.988,57.3619999999999,38.6,31.5,27.8
"BOOI4","2024-06-06 19:00",77.5579999999999,28.75,981360,0,18.23,310.1,0.0298818897637795,68.09,63.8239999999999,61.9339999999999,57.3619999999999,38.6,31.4,27.8
"BOOI4","2024-06-06 20:00",75.2359999999999,32.28,513720,0,13.48,313.3,0.0206692913385827,67.298,63.932,61.9339999999999,57.3619999999999,38.6,30.5,27.8
"BOOI4","2024-06-06 21:00",71.2759999999999,36.11,94932,0,9.22,311.8,0.0111023622047244,66.38,64.022,61.88,57.3619999999999,38.6,30.3,27.8
"BOOI4","2024-06-06 22:00",67.5499999999999,43.07,496.8,0,6.027,302.3,0.0034251968503937,65.5699999999999,64.0939999999999,61.8619999999999,57.398,38.5,30.1,27.8
"BOOI4","2024-06-06 23:00",63.7159999999999,52.79,0,0,5.387,281,0.00251968503937008,64.8679999999999,64.148,61.8439999999999,57.38,38.5,29.6,27.8
"BOOI4","2024-06-07 00:00",59.99,62.93,0,0,4.492,269.8,0.00141732283464567,64.2019999999999,64.2199999999999,61.8259999999999,57.398,38.5,29.5,27.8
"BOOI4","2024-06-07 01:00",60.764,60.09,0,0,4.555,272,0.00118110236220473,63.6079999999999,64.2199999999999,61.8079999999999,57.4159999999999,38.5,29.3,27.8
"BOOI4","2024-06-07 02:00",59.864,61.96,0,0,4.726,284.5,0.00133858267716536,63.0499999999999,64.2199999999999,61.79,57.4159999999999,38.5,29.1,27.8
"BOOI4","2024-06-07 03:00",55.94,75.38,0,0,4.809,274.4,0.00094488188976378,62.546,64.1659999999999,61.772,57.4159999999999,38.5,29,27.8
"BOOI4","2024-06-07 04:00",54.7159999999999,77.73,0,0,6.184,260.2,0.000748031496062992,62.0239999999999,64.0939999999999,61.772,57.4339999999999,38.4,28.9,27.8
"BOOI4","2024-06-07 05:00",54.9499999999999,76.3,0,0,7.286,260.8,0.000708661417322835,61.5199999999999,63.9859999999999,61.7539999999999,57.4519999999999,38.4,28.6,27.8
"BOOI4","2024-06-07 06:00",55.364,75.37,22507.2,0,7.002,256.4,0.000905511811023622,61.0699999999999,63.896,61.772,57.4519999999999,38.4,28.5,27.8
"BOOI4","2024-06-07 07:00",62.5279999999999,58.89,346320,0,5.869,271.9,0.00330708661417323,60.8179999999999,63.7699999999999,61.7539999999999,57.4519999999999,38.4,28.4,27.8
"BOOI4","2024-06-07 08:00",68.2699999999999,51.11,920520,0,7.276,283.7,0.0102755905511811,61.0699999999999,63.6259999999999,61.7539999999999,57.4699999999999,38.3,28.2,27.8
"BOOI4","2024-06-07 09:00",72.68,45.36,1560960,0,7.913,280.2,0.0163779527559055,62.096,63.4819999999999,61.6999999999999,57.488,38.3,28.1,27.8
"BOOI4","2024-06-07 10:00",75.3619999999999,36.23,2174040,0,7.953,296.2,0.022244094488189,63.68,63.356,61.7179999999999,57.488,38.3,27.9,27.8
"BOOI4","2024-06-07 11:00",77.5759999999999,30.51,2700000,0,7.672,310.6,0.0274015748031496,65.5519999999999,63.23,61.6999999999999,57.488,38.3,27.8,27.8
"BOOI4","2024-06-07 12:00",78.3499999999999,29.13,2962800,0,8.11,306,0.0308661417322835,67.2619999999999,63.122,61.682,57.5419999999999,38.3,27.7,27.8
"BOOI4","2024-06-07 13:00",80.096,30.58,3052800,0,5.576,324.2,0.0294094488188976,69.2239999999999,63.0499999999999,61.646,57.506,38.2,27.6,27.8
"BOOI4","2024-06-07 14:00",77.8099999999999,33.21,1073520,0,3.565,311.8,0.0144881889763779,69.9439999999999,63.0679999999999,61.6279999999999,57.5239999999999,38.2,27.5,27.8
"BOOI4","2024-06-07 15:00",77.072,34.61,538560,0,2.85,323.1,0.00905511811023622,69.44,63.1579999999999,61.6099999999999,57.5239999999999,38.2,27.4,27.7
"BOOI4","2024-06-07 16:00",79.0339999999999,32.85,745920,0,1.163,347,0.0078740157480315,69.0259999999999,63.3019999999999,61.5919999999999,57.5239999999999,38.3,27.3,27.7
"BOOI4","2024-06-07 17:00",79.8259999999999,31.56,1838160,0,2.433,19.21,0.0166929133858268,69.656,63.446,61.5199999999999,57.5599999999999,38.3,27.3,27.7
"BOOI4","2024-06-07 18:00",78.2239999999999,32.45,875880,0,1.349,101.7,0.00854330708661417,70.214,63.6439999999999,61.556,57.5239999999999,38.3,27.2,27.7
"BOOI4","2024-06-07 19:00",76.046,44.18,286524,0,0.009,39,0.00232283464566929,70.0159999999999,63.806,61.538,57.5419999999999,38.2,27.2,27.7
"BOOI4","2024-06-07 20:00",73.706,46.34,100620,0,1.587,108.1,0.00299212598425197,69.5119999999999,63.9679999999999,61.5199999999999,57.5599999999999,38.3,27.1,27.7
"BOOI4","2024-06-07 21:00",72.23,50.46,16405.2,0,5.405,157.9,0.0065748031496063,68.756,64.148,61.5199999999999,57.596,38.3,27,27.7
"BOOI4","2024-06-07 22:00",71.0419999999999,52.22,0,0,5.17,131.8,0.00338582677165354,67.964,64.3099999999999,61.4839999999999,57.5599999999999,38.3,27,27.7
"BOOI4","2024-06-07 23:00",69.5659999999999,61.33,0,0,4.165,152.5,0.00275590551181102,67.3519999999999,64.472,61.4839999999999,57.5599999999999,38.3,27,27.7
"BOOI4","2024-06-08 00:00",69.6019999999999,61.89,0,0,4.19,124.3,0.00240157480314961,66.8659999999999,64.5619999999999,61.5019999999999,57.5779999999999,38.3,26.9,27.7
"BOOI4","2024-06-08 01:00",69.4579999999999,63,0,0,3.271,124.9,0.00196850393700787,66.4339999999999,64.6159999999999,61.5019999999999,57.596,38.3,26.8,27.7
"BOOI4","2024-06-08 02:00",67.64,66.74,0,0,5.004,178,0.00244094488188976,66.0739999999999,64.6699999999999,61.5019999999999,57.6319999999999,38.3,26.8,27.7
"BOOI4","2024-06-08 03:00",65.8759999999999,71.18,0,0,2.567,136.6,0.00137795275590551,65.6779999999999,64.688,61.5019999999999,57.5779999999999,38.3,26.7,27.7
"BOOI4","2024-06-08 04:00",65.0839999999999,77.03,0,0,2.523,105.2,0.00106299212598425,65.3359999999999,64.688,61.556,57.5779999999999,38.3,26.7,27.7
"BOOI4","2024-06-08 05:00",64.3819999999999,80.5,0,0,3.156,97.4,0.00102362204724409,65.156,64.688,61.538,57.596,38.3,26.6,27.7
"BOOI4","2024-06-08 06:00",63.4819999999999,79.1,12744,0,1.966,91.9,0.00078740157480315,64.832,64.6699999999999,61.5919999999999,57.614,38.3,26.5,27.7
"BOOI4","2024-06-08 07:00",65.048,82.6,142524,0,1.012,228.3,0.00094488188976378,64.6339999999999,64.6339999999999,61.5919999999999,57.614,38.3,26.4,27.7
"BOOI4","2024-06-08 08:00",70.9339999999999,77.25,488880,0,2.255,259.5,0.00358267716535433,64.7599999999999,64.598,61.6099999999999,57.614,38.2,26.4,27.7
"BOOI4","2024-06-08 09:00",71.9239999999999,76.72,1465920,0,6.722,272.4,0.0111417322834646,65.714,64.5439999999999,61.646,57.6499999999999,38.3,26.3,27.7
"BOOI4","2024-06-08 10:00",73.2199999999999,72.79,2053080,0,11.59,305.4,0.0166929133858268,66.9739999999999,64.472,61.6279999999999,57.614,38.3,26.2,27.7
"BOOI4","2024-06-08 11:00",70.5739999999999,73.5,2630160,0,11.72,331.3,0.0206299212598425,68.2699999999999,64.4179999999999,61.664,57.6319999999999,38.2,26.1,27.7
"BOOI4","2024-06-08 12:00",68.8819999999999,73.08,3042000,0,12,352.2,0.0217322834645669,69.4579999999999,64.3999999999999,61.664,57.6319999999999,38.2,26.1,27.7
"BOOI4","2024-06-08 13:00",69.6199999999999,65.95,2856960,0,12.62,7.727,0.0216535433070866,70.4119999999999,64.4359999999999,61.664,57.6319999999999,38.2,26,27.7
"BOOI4","2024-06-08 14:00",71.33,60.78,1499040,0,10.57,9.3,0.0161417322834646,70.4119999999999,64.4359999999999,61.6999999999999,57.6319999999999,38.2,25.9,27.7
"BOOI4","2024-06-08 15:00",70.4839999999999,58.19,1498320,0,11.32,8.77,0.0172834645669291,70.0339999999999,64.5079999999999,61.6999999999999,57.6859999999999,38.2,25.8,27.7
"BOOI4","2024-06-08 16:00",71.4019999999999,60.31,2058480,0,9.97,8.17,0.0194488188976378,70.196,64.6519999999999,61.6999999999999,57.6499999999999,38.2,25.8,27.7
"BOOI4","2024-06-08 17:00",72.9859999999999,54.09,1348560,0,7.492,1.21,0.0151968503937008,70.34,64.7419999999999,61.6999999999999,57.6679999999999,38.2,25.8,27.7
"BOOI4","2024-06-08 18:00",75.6319999999999,43.66,1067760,0,5.414,356.5,0.0127952755905512,70.232,64.9039999999999,61.7179999999999,57.6499999999999,38.2,25.8,27.7
"BOOI4","2024-06-08 19:00",74.6779999999999,45.2,789840,0,5.665,359,0.0117322834645669,69.9079999999999,65.03,61.7179999999999,57.6679999999999,38.2,25.7,27.7
"BOOI4","2024-06-08 20:00",72.2119999999999,48.4,422280,0,4.396,356.5,0.00708661417322835,69.3499999999999,65.1199999999999,61.7359999999999,57.6859999999999,38.2,25.7,27.7
"BOOI4","2024-06-08 21:00",69.08,51.85,122616,0,4.864,15.09,0.00393700787401575,68.522,65.246,61.772,57.7039999999999,38.2,25.7,27.7
"BOOI4","2024-06-08 22:00",65.624,59.18,543.6,0,2.58,354.5,0.00122047244094488,67.5679999999999,65.372,61.772,57.6859999999999,38.2,25.6,27.7
"BOOI4","2024-06-08 23:00",63.8419999999999,61.5,0,0,1.919,342.2,0.000551181102362205,66.7039999999999,65.4619999999999,61.79,57.7039999999999,38.2,25.5,27.7
"BOOI4","2024-06-09 00:00",62.0779999999999,63.45,0,0,1.141,328.8,7.8740157480315e-05,65.93,65.5159999999999,61.8259999999999,57.722,38.2,25.5,27.7
"BOOI4","2024-06-09 01:00",62.6539999999999,62.29,0,0,2.827,307.7,0.00094488188976378,65.2099999999999,65.5519999999999,61.8619999999999,57.74,38.2,25.5,27.7
"BOOI4","2024-06-09 02:00",61.556,63.99,0,0,3.27,309.2,0.00094488188976378,64.58,65.5519999999999,61.8619999999999,57.7039999999999,38.2,25.5,27.7
"BOOI4","2024-06-09 03:00",58.856,71.09,0,0,3.936,304,0.00122047244094488,64.022,65.5159999999999,61.8619999999999,57.7579999999999,38.2,25.4,27.7
"BOOI4","2024-06-09 04:00",60.1519999999999,67.18,0,0,4.327,303.4,0.00122047244094488,63.5359999999999,65.48,61.898,57.722,38.1,25.4,27.7
"BOOI4","2024-06-09 05:00",59.864,67.48,0,0,3.623,267.4,0.00047244094488189,63.0679999999999,65.372,61.9339999999999,57.74,38.1,25.4,27.7
"BOOI4","2024-06-09 06:00",57.272,75.84,35136,0,5.523,304.2,0.00118110236220473,62.6179999999999,65.282,61.9699999999999,57.74,38.1,25.3,27.7
"BOOI4","2024-06-09 07:00",60.1519999999999,72.04,315720,0,7.095,293.2,0.00326771653543307,62.348,65.1739999999999,61.9699999999999,57.7759999999999,38.1,25.2,27.8
"BOOI4","2024-06-09 08:00",66.398,57.75,853560,0,6.699,307.1,0.00811023622047244,62.4739999999999,65.048,61.988,57.7579999999999,38,25.2,27.8
"BOOI4","2024-06-09 09:00",71.348,46.73,1470600,0,7.762,315.1,0.0153149606299213,63.1759999999999,64.8859999999999,62.006,57.74,38,25.2,27.7
"BOOI4","2024-06-09 10:00",74.732,38.41,2143800,0,7.233,321.6,0.0208661417322835,64.5619999999999,64.7599999999999,62.0239999999999,57.74,38,25.1,27.7
"BOOI4","2024-06-09 11:00",76.388,28.84,2710800,0,8.04,338.8,0.0278740157480315,66.2899999999999,64.6339999999999,62.0239999999999,57.7759999999999,38,25.1,27.7
"BOOI4","2024-06-09 12:00",77.6659999999999,26.75,3110400,0,9.3,342.1,0.0328740157480315,67.9999999999999,64.5439999999999,62.0419999999999,57.7759999999999,38,25.1,27.7
"BOOI4","2024-06-09 13:00",78.998,28.36,3351600,0,10.02,333.5,0.0356692913385827,69.656,64.4539999999999,62.0419999999999,57.7759999999999,37.9,25.1,27.7
"BOOI4","2024-06-09 14:00",79.124,27.16,3387600,0,9.9,346.1,0.0363385826771654,71.1319999999999,64.4539999999999,62.0419999999999,57.7759999999999,37.9,25.1,27.7
"BOOI4","2024-06-09 15:00",79.5199999999999,26.29,3211200,0,11.68,324.2,0.0371653543307087,72.338,64.5079999999999,62.0239999999999,57.8119999999999,37.9,25,27.7
"BOOI4","2024-06-09 16:00",81.014,26.69,2890800,0,11.94,329.5,0.0357874015748032,73.0759999999999,64.598,62.0239999999999,57.7939999999999,38,25,27.7
"BOOI4","2024-06-09 17:00",79.8439999999999,28.1,2381400,0,12.87,334.3,0.0337795275590551,73.3099999999999,64.7599999999999,62.0239999999999,57.8119999999999,38,25,27.7
"BOOI4","2024-06-09 18:00",78.548,28.33,1811520,0,13.51,341.9,0.0301181102362205,72.9319999999999,64.9939999999999,62.0239999999999,57.8119999999999,37.9,25,27.7
"BOOI4","2024-06-09 19:00",77.09,29.81,855720,0,12.87,340,0.0236220472440945,72.14,65.1919999999999,62.0239999999999,57.848,38,24.9,27.7
"BOOI4","2024-06-09 20:00",74.84,32.66,523080,0,9.86,333.2,0.0164173228346457,71.1679999999999,65.4259999999999,62.0239999999999,57.83,38,24.9,27.7
"BOOI4","2024-06-09 21:00",71.2759999999999,35.53,149004,0,8.32,342.5,0.0106299212598425,69.98,65.624,62.0239999999999,57.848,38,24.9,27.7
"BOOI4","2024-06-09 22:00",66.2179999999999,44.85,522,0,3.51,319.8,0.00236220472440945,68.8279999999999,65.822,62.0239999999999,57.83,38,24.9,27.7
"BOOI4","2024-06-09 23:00",66.4339999999999,45.55,0,0,4.178,330.9,0.00240157480314961,67.838,65.9659999999999,62.0419999999999,57.848,38,24.9,27.7
"BOOI4","2024-06-10 00:00",64.9579999999999,48.89,0,0,4.832,345.3,0.00248031496062992,66.956,66.056,62.0419999999999,57.848,38,24.9,27.7
"BOOI4","2024-06-10 01:00",62.582,54.99,0,0,4.582,357.8,0.00204724409448819,66.1819999999999,66.146,62.0779999999999,57.8659999999999,38,24.9,27.7
"BOOI4","2024-06-10 02:00",61.124,58.93,0,0,4.581,7.819,0.00169291338582677,65.5159999999999,66.164,62.1319999999999,57.8839999999999,38,24.8,27.7
"BOOI4","2024-06-10 03:00",58.64,65.7,0,0,3.258,5.183,0.000905511811023622,64.8859999999999,66.146,62.1319999999999,57.8839999999999,38,24.8,27.7
"BOOI4","2024-06-10 04:00",56.48,71.82,0,0,4.351,13.87,0.00094488188976378,64.3099999999999,66.0919999999999,62.1679999999999,57.8839999999999,38,24.7,27.7
"BOOI4","2024-06-10 05:00",55.3819999999999,76.83,0,0,3.102,0.519,0.000393700787401575,63.7519999999999,66.0199999999999,62.2039999999999,57.8659999999999,38,24.7,27.7
"BOOI4","2024-06-10 06:00",55.4179999999999,79.91,22572,0,3.216,6.607,0.000354330708661417,63.2659999999999,65.9119999999999,62.222,57.9019999999999,38,24.7,27.7
"BOOI4","2024-06-10 07:00",58.3339999999999,79.01,339840,0,5.115,12.16,0.00177165354330709,62.888,65.822,62.24,57.9019999999999,37.9,24.6,27.7
"BOOI4","2024-06-10 08:00",61.214,74.94,896040,0,5.47,31.38,0.00578740157480315,62.9419999999999,65.714,62.2759999999999,57.9019999999999,37.9,24.6,27.7
"BOOI4","2024-06-10 09:00",63.5899999999999,71.3,1524240,0,6.965,49.12,0.0105511811023622,63.68,65.5519999999999,62.3119999999999,57.938,37.9,24.6,27.7
"BOOI4","2024-06-10 10:00",64.598,63.76,2124000,0,5.698,37.14,0.0147637795275591,65.048,65.4259999999999,62.33,57.938,37.9,24.5,27.7
"BOOI4","2024-06-10 11:00",66.1279999999999,61.11,2662560,0,6.376,37.16,0.0190157480314961,66.74,65.282,62.348,57.956,37.8,24.5,27.7
"BOOI4","2024-06-10 12:00",68.09,48.06,3067200,0,6.52,37.46,0.0227952755905512,68.5939999999999,65.2099999999999,62.33,57.956,37.8,24.5,27.7
"BOOI4","2024-06-10 13:00",69.4039999999999,44.07,3326400,0,7.092,46.73,0.0259448818897638,70.4119999999999,65.1199999999999,62.348,57.956,37.8,24.5,27.7
"BOOI4","2024-06-10 14:00",71.0599999999999,38.75,3394800,0,6.053,73.61,0.027244094488189,72.1579999999999,65.1019999999999,62.33,57.9739999999999,37.8,24.5,27.7
"BOOI4","2024-06-10 15:00",71.9599999999999,35.11,3258000,0,5.505,56.76,0.0270866141732284,73.6519999999999,65.1199999999999,62.348,57.9919999999999,37.8,24.5,27.7
"BOOI4","2024-06-10 16:00",72.59,35.66,2916000,0,5.105,91.1,0.0248818897637795,74.7499999999999,65.264,62.3659999999999,57.9919999999999,37.8,24.5,27.7
"BOOI4","2024-06-10 17:00",75.1999999999999,33.2,2441880,0,3.192,99.8,0.0201574803149606,75.38,65.4259999999999,62.33,58.0099999999999,37.9,24.5,27.7
"BOOI4","2024-06-10 18:00",73.6339999999999,31.7,1827000,0,4.743,86.8,0.0179527559055118,75.2899999999999,65.6419999999999,62.348,58.0099999999999,37.9,24.5,27.7
"BOOI4","2024-06-10 19:00",73.58,34.33,1141200,0,4.344,101,0.0127165354330709,74.6779999999999,65.8939999999999,62.348,58.0099999999999,37.9,24.4,27.7
"BOOI4","2024-06-10 20:00",71.4199999999999,35.54,572400,0,5.869,119.4,0.0102755905511811,73.4359999999999,66.164,62.3659999999999,58.0279999999999,37.9,24.4,27.7
"BOOI4","2024-06-10 21:00",66.3439999999999,43.79,92196,0,4.285,141,0.00374015748031496,71.8339999999999,66.4159999999999,62.3659999999999,58.0279999999999,37.9,24.4,27.7
"BOOI4","2024-06-10 22:00",64.922,46.24,262.8,0,3.287,166.5,0.00141732283464567,70.3579999999999,66.6679999999999,62.3659999999999,58.046,37.9,24.4,27.7
"BOOI4","2024-06-10 23:00",63.9499999999999,48.34,0,0,4.178,147.4,0.00181102362204724,69.1339999999999,66.8659999999999,62.4019999999999,58.0279999999999,38,24.4,27.7
"BOOI4","2024-06-11 00:00",62.9419999999999,51.49,0,0,3.741,138.3,0.00145669291338583,68.1259999999999,67.0279999999999,62.4199999999999,58.0279999999999,38,24.3,27.7
"BOOI4","2024-06-11 01:00",61.5199999999999,55.54,0,0,3.18,155.4,0.00094488188976378,67.28,67.0999999999999,62.438,58.064,38,24.3,27.7
"BOOI4","2024-06-11 02:00",59.972,61.69,0,0,3.379,160.2,0.000826771653543307,66.5779999999999,67.1359999999999,62.4739999999999,58.082,38,24.3,27.7
"BOOI4","2024-06-11 03:00",57.8839999999999,69.08,0,0,3.485,172.6,0.000511811023622047,65.9119999999999,67.1359999999999,62.5099999999999,58.064,37.9,24.3,27.7
"BOOI4","2024-06-11 04:00",58.4419999999999,68.24,0,0,5.369,158.4,0.00102362204724409,65.4079999999999,67.0999999999999,62.564,58.082,37.9,24.2,27.7
"BOOI4","2024-06-11 05:00",58.0099999999999,67.66,0,0,5.073,165.9,0.000826771653543307,64.9039999999999,66.9919999999999,62.6179999999999,58.082,37.9,24.2,27.7
"BOOI4","2024-06-11 06:00",58.0279999999999,69.3,17056.8,0,5.568,160.6,0.000984251968503937,64.4179999999999,66.9019999999999,62.6539999999999,58.1179999999999,37.9,24.2,27.7
"BOOI4","2024-06-11 07:00",61.5019999999999,65.25,321120,0,5.968,165.1,0.00358267716535433,64.0939999999999,66.8119999999999,62.69,58.1179999999999,37.9,24.2,27.7
"BOOI4","2024-06-11 08:00",64.6339999999999,58.85,590760,0,11.07,179.5,0.01,64.1659999999999,66.6679999999999,62.7079999999999,58.1179999999999,37.8,24.2,27.7
"BOOI4","2024-06-11 09:00",65.8939999999999,61.96,279828,0,11.06,186.9,0.00948818897637795,64.364,66.5599999999999,62.7259999999999,58.1179999999999,37.8,24.2,27.7
"BOOI4","2024-06-11 10:00",66.614,67.62,355680,0,9.58,191,0.00881889763779528,64.5619999999999,66.4159999999999,62.7619999999999,58.1359999999999,37.8,24.2,27.7
"BOOI4","2024-06-11 11:00",68.99,71.79,891720,0,10.72,181.6,0.0106299212598425,64.8499999999999,66.2899999999999,62.798,58.1359999999999,37.8,24.2,27.6
"BOOI4","2024-06-11 12:00",77.3599999999999,53.5,2970000,0,15.34,214.2,0.0267322834645669,66.4519999999999,66.164,62.8339999999999,58.1359999999999,37.8,24.2,27.6
"BOOI4","2024-06-11 13:00",81.6439999999999,51.93,3268800,0,16.42,245,0.0337007874015748,68.6839999999999,66.056,62.816,58.1539999999999,37.7,24.1,27.6
"BOOI4","2024-06-11 14:00",83.948,47.75,3319200,0,13.06,264.4,0.0345275590551181,70.9699999999999,65.9659999999999,62.8339999999999,58.19,37.7,24.1,27.6
"BOOI4","2024-06-11 15:00",85.6579999999999,41.91,2873880,0,11.91,281.1,0.0338582677165354,72.806,65.8939999999999,62.8699999999999,58.19,37.7,24.1,27.6
"BOOI4","2024-06-11 16:00",86.6659999999999,35.79,2851560,0,13.05,291.9,0.0369685039370079,73.94,65.9119999999999,62.8339999999999,58.172,37.7,24.1,27.6
"BOOI4","2024-06-11 17:00",85.532,35.81,1971720,0,12.36,286.1,0.0324409448818898,74.624,66.0019999999999,62.8699999999999,58.19,37.7,24.1,27.6
"BOOI4","2024-06-11 18:00",88.088,31.82,1272600,0,10.11,298.6,0.0248818897637795,74.3359999999999,66.0919999999999,62.8519999999999,58.2259999999999,37.7,24,27.6
"BOOI4","2024-06-11 19:00",87.314,32.13,963000,0,10.68,286.4,0.0233858267716535,73.9039999999999,66.3079999999999,62.888,58.2079999999999,37.8,24,27.6
"BOOI4","2024-06-11 20:00",84.056,37.14,589680,0,8.46,304.1,0.0159842519685039,73.2739999999999,66.488,62.8699999999999,58.2439999999999,37.8,24,27.6
"BOOI4","2024-06-11 21:00",76.9099999999999,46.97,128484,0,4.72,288.9,0.00531496062992126,72.248,66.7039999999999,62.8699999999999,58.2439999999999,37.7,24,27.6
"BOOI4","2024-06-11 22:00",70.0339999999999,60.79,781.2,0,3.226,270.4,0.00149606299212598,71.0779999999999,66.9019999999999,62.8699999999999,58.2619999999999,37.8,23.9,27.6
"BOOI4","2024-06-11 23:00",75.1999999999999,47.91,0,0,3.812,284.3,0.00204724409448819,70.124,67.046,62.888,58.2619999999999,37.8,23.9,27.6
"BOOI4","2024-06-12 00:00",67.4419999999999,65.34,0,0,3.228,263.8,0.00125984251968504,69.206,67.19,62.906,58.298,37.8,23.9,27.6
"BOOI4","2024-06-12 01:00",67.4239999999999,66.31,0,0,3.775,251.2,0.00106299212598425,68.4319999999999,67.28,62.9239999999999,58.298,37.8,23.8,27.6
"BOOI4","2024-06-12 02:00",67.1179999999999,66.22,0,0,4.384,249,0.00110236220472441,67.7659999999999,67.3159999999999,62.9419999999999,58.298,37.8,23.8,27.7
"BOOI4","2024-06-12 03:00",65.282,71.29,0,0,3.926,255.3,0.00110236220472441,67.2079999999999,67.3159999999999,62.9599999999999,58.298,37.8,23.8,27.7
"BOOI4","2024-06-12 04:00",63.8599999999999,75.3,0,0,3.117,255.4,0.000708661417322835,66.74,67.3159999999999,62.9779999999999,58.298,37.8,23.8,27.7
"BOOI4","2024-06-12 05:00",66.1819999999999,69.2,0,0,3.335,226.3,0.000590551181102362,66.3079999999999,67.3159999999999,63.014,58.316,37.8,23.8,27.7
"BOOI4","2024-06-12 06:00",63.2659999999999,81.3,22024.8,0,3.814,209.9,0.00062992125984252,65.948,67.2259999999999,63.0499999999999,58.3519999999999,37.7,23.8,27.7
"BOOI4","2024-06-12 07:00",67.406,77.29,312120,0,3.748,197.3,0.00161417322834646,65.732,67.19,63.0859999999999,58.3519999999999,37.7,23.8,27.7
"BOOI4","2024-06-12 08:00",73.49,70.16,759960,0,6.483,198.8,0.00708661417322835,65.93,67.0999999999999,63.122,58.3699999999999,37.7,23.8,27.7
"BOOI4","2024-06-12 09:00",78.2239999999999,62.09,1423800,0,9.88,220.8,0.015,66.7939999999999,66.9919999999999,63.14,58.388,37.7,23.7,27.6
"BOOI4","2024-06-12 10:00",82.9939999999999,52.23,2026800,0,12.03,230.8,0.0231496062992126,68.2699999999999,66.8659999999999,63.1579999999999,58.388,37.7,23.7,27.6
"BOOI4","2024-06-12 11:00",85.5679999999999,48.44,2604960,0,12.96,221.8,0.0303543307086614,70.0699999999999,66.7939999999999,63.1939999999999,58.406,37.7,23.7,27.6
"BOOI4","2024-06-12 12:00",87.6739999999999,43.25,2833560,0,17.76,217.7,0.0385826771653543,71.8159999999999,66.7039999999999,63.2119999999999,58.388,37.7,23.7,27.6
"BOOI4","2024-06-12 13:00",87.746,39.66,2447280,0,19.51,213.6,0.0398818897637795,73.0399999999999,66.7039999999999,63.23,58.406,37.7,23.6,27.6
"BOOI4","2024-06-12 14:00",86.6659999999999,40.93,1564560,0,17.22,216.4,0.0329527559055118,73.364,66.74,63.248,58.4419999999999,37.7,23.6,27.6
"BOOI4","2024-06-12 15:00",84.6499999999999,46.4,957960,0,14.48,210.7,0.0259055118110236,73.3099999999999,66.7939999999999,63.248,58.4419999999999,37.7,23.6,27.6
"BOOI4","2024-06-12 16:00",85.19,50.04,771480,0,9.1,209.2,0.0178740157480315,73.022,66.8839999999999,63.2659999999999,58.4419999999999,37.7,23.6,27.6
"BOOI4","2024-06-12 17:00",87.1159999999999,46.14,1953000,0,10.03,193.9,0.0259842519685039,73.6699999999999,67.0279999999999,63.2659999999999,58.4599999999999,37.7,23.6,27.6
"BOOI4","2024-06-12 18:00",87.0439999999999,46.57,1582920,0,12.88,182.6,0.0260629921259843,74.2099999999999,67.172,63.2659999999999,58.4779999999999,37.8,23.6,27.6
"BOOI4","2024-06-12 19:00",86.6659999999999,47.63,1070280,0,13.42,181.4,0.0229527559055118,74.2099999999999,67.3159999999999,63.2839999999999,58.4779999999999,37.7,23.5,27.6
"BOOI4","2024-06-12 20:00",84.4519999999999,50.92,639000,0,12.63,185.5,0.017992125984252,73.9939999999999,67.4599999999999,63.3019999999999,58.496,37.7,23.5,27.6
"BOOI4","2024-06-12 21:00",80.7079999999999,56.55,127008,0,10.51,175.8,0.0104330708661417,73.2019999999999,67.6039999999999,63.3199999999999,58.496,37.7,23.5,27.6
"BOOI4","2024-06-12 22:00",79.772,58.19,1864.8,0,10.11,189.7,0.00409448818897638,72.482,67.7659999999999,63.3199999999999,58.496,37.8,23.5,27.6
"BOOI4","2024-06-12 23:00",77.972,62.78,0,0,9.13,194.8,0.0034251968503937,71.8339999999999,67.9099999999999,63.374,58.5319999999999,37.8,23.5,27.6
"BOOI4","2024-06-13 00:00",75.1099999999999,69.54,0,0,9.33,193.9,0.00283464566929134,71.24,68.0359999999999,63.374,58.5319999999999,37.8,23.5,27.6
"BOOI4","2024-06-13 01:00",73.0039999999999,75.04,0,0,5.976,179.8,0.00141732283464567,70.6999999999999,68.1259999999999,63.4099999999999,58.5499999999999,37.8,23.4,27.6
"BOOI4","2024-06-13 02:00",71.4919999999999,79.2,0,0,4.507,191.9,0.000748031496062992,70.196,68.198,63.464,58.5319999999999,37.8,23.4,27.6
"BOOI4","2024-06-13 03:00",71.9599999999999,78.26,0,0,5.72,210.8,0.00094488188976378,69.746,68.2339999999999,63.464,58.5679999999999,37.8,23.4,27.6
"BOOI4","2024-06-13 04:00",69.2599999999999,83.9,0,0,5.111,205.8,0.00062992125984252,69.332,68.2519999999999,63.5179999999999,58.5679999999999,37.8,23.4,27.6
"BOOI4","2024-06-13 05:00",67.298,89.2,0,0,4.276,191.8,0,68.8819999999999,68.2519999999999,63.5359999999999,58.5859999999999,37.8,23.3,27.6
"BOOI4","2024-06-13 06:00",68.1439999999999,87.9,20167.2,0,5.007,213.8,0.000118110236220472,68.4679999999999,68.2339999999999,63.572,58.6039999999999,37.7,23.4,27.6
"BOOI4","2024-06-13 07:00",71.1679999999999,83.3,324720,0,5.711,223.7,0.00204724409448819,68.2159999999999,68.198,63.6079999999999,58.622,37.7,23.3,27.6
"BOOI4","2024-06-13 08:00",75.3619999999999,76.81,879120,0,6.819,241.7,0.00736220472440945,68.396,68.1439999999999,63.6439999999999,58.622,37.7,23.3,27.6
"BOOI4","2024-06-13 09:00",79.088,72.84,1535400,0,5.192,260.8,0.0124803149606299,69.3679999999999,68.072,63.698,58.64,37.7,23.3,27.6
"BOOI4","2024-06-13 10:00",81.23,67.45,1695600,0,6.454,7.785,0.0157086614173228,70.5919999999999,68.0359999999999,63.7159999999999,58.6579999999999,37.7,23.3,27.6
"BOOI4","2024-06-13 11:00",83.624,58.95,1977120,0,9.17,27.95,0.0209842519685039,71.7619999999999,67.964,63.7339999999999,58.6579999999999,37.6,23.3,27.6
"BOOI4","2024-06-13 12:00",85.5499999999999,40.09,2467800,0,12.01,25.87,0.0316929133858268,72.6439999999999,67.9279999999999,63.7699999999999,58.6759999999999,37.6,23.3,27.7
"BOOI4","2024-06-13 13:00",84.0199999999999,37.46,3222000,0,17.9,27.38,0.0417716535433071,73.7599999999999,67.9279999999999,63.788,58.7119999999999,37.6,23.2,27.7
"BOOI4","2024-06-13 14:00",84.4159999999999,41.09,3229200,0,15.67,31.71,0.0401968503937008,74.9119999999999,67.982,63.806,58.6939999999999,37.6,23.2,27.7
"BOOI4","2024-06-13 15:00",85.4599999999999,39.22,3157200,0,13.11,40.39,0.0378740157480315,76.0279999999999,68.0179999999999,63.8419999999999,58.6939999999999,37.6,23.2,27.7
"BOOI4","2024-06-13 16:00",86.0179999999999,38.76,2785320,0,10.71,41.81,0.0336220472440945,76.9279999999999,68.1259999999999,63.8239999999999,58.7119999999999,37.7,23.2,27.7
"BOOI4","2024-06-13 17:00",85.19,36.58,1842480,0,7.232,40.13,0.0241338582677165,77.4859999999999,68.2699999999999,63.8599999999999,58.7119999999999,37.7,23.2,27.7
"BOOI4","2024-06-13 18:00",87.548,35.28,1561320,0,5.161,9.17,0.0193700787401575,77.3419999999999,68.4319999999999,63.8779999999999,58.73,37.7,23.1,27.7
"BOOI4","2024-06-13 19:00",87.5659999999999,33.49,1060200,0,4.332,357.8,0.014251968503937,77.0539999999999,68.6119999999999,63.914,58.748,37.7,23.1,27.7
"BOOI4","2024-06-13 20:00",85.838,40.56,568800,0,1.464,318.3,0.00464566929133858,76.4779999999999,68.846,63.914,58.748,37.7,23.1,27.7
"BOOI4","2024-06-13 21:00",79.6099999999999,47.95,133164,0,2.056,311.1,0.00125984251968504,75.2899999999999,69.0619999999999,63.9499999999999,58.7659999999999,37.8,23.1,27.7
"BOOI4","2024-06-13 22:00",76.856,55.91,946.8,0,2.703,348.3,0.00153543307086614,74.138,69.2779999999999,63.9859999999999,58.8019999999999,37.7,23.1,27.7
"BOOI4","2024-06-13 23:00",72.9679999999999,61.35,0,0,5.355,15.23,0.00232283464566929,73.13,69.44,64.0039999999999,58.8019999999999,37.7,23,27.7
"BOOI4","2024-06-14 00:00",70.8439999999999,66.14,0,0,4.901,14.37,0.00165354330708661,72.23,69.6019999999999,64.0399999999999,58.8019999999999,37.8,23,27.7
"BOOI4","2024-06-14 01:00",69.6199999999999,67.84,0,0,2.696,14.88,0.00047244094488189,71.4199999999999,69.6739999999999,64.0939999999999,58.8199999999999,37.8,23,27.7
"BOOI4","2024-06-14 02:00",67.8919999999999,72.2,0,0,3.542,6.733,0.00106299212598425,70.6999999999999,69.746,64.13,58.838,37.8,23,27.7
"BOOI4","2024-06-14 03:00",62.8339999999999,84.4,0,0,1.487,274,-0.00047244094488189,70.0159999999999,69.764,64.2019999999999,58.856,37.7,22.9,27.7
"BOOI4","2024-06-14 04:00",65.8939999999999,76.22,0,0,2.807,290.6,3.93700787401575e-05,69.332,69.764,64.238,58.874,37.7,22.9,27.7
"BOOI4","2024-06-14 05:00",64.8679999999999,78.06,0,0,2.874,286.3,0,68.6659999999999,69.7099999999999,64.2739999999999,58.8919999999999,37.7,22.9,27.7
"BOOI4","2024-06-14 06:00",62.8699999999999,82.4,24408,0,3.179,329,7.8740157480315e-05,68.1259999999999,69.638,64.3279999999999,58.8919999999999,37.7,22.9,27.7
"BOOI4","2024-06-14 07:00",66.848,74.39,355680,0,2.179,334.1,0.00118110236220473,67.73,69.5659999999999,64.3819999999999,58.8919999999999,37.7,22.9,27.8
"BOOI4","2024-06-14 08:00",71.24,59.36,921240,0,4.652,8.37,0.00779527559055118,67.6939999999999,69.4579999999999,64.4179999999999,58.9279999999999,37.7,22.9,27.8
"BOOI4","2024-06-14 09:00",75.1279999999999,53.59,1565640,0,6.631,11.76,0.0147244094488189,68.288,69.3679999999999,64.472,58.9279999999999,37.6,22.9,27.8
"BOOI4","2024-06-14 10:00",76.9999999999999,46.02,2174040,0,6.272,11.39,0.0200393700787402,69.548,69.2419999999999,64.49,58.946,37.6,22.9,27.8
"BOOI4","2024-06-14 11:00",80.006,38.17,2700000,0,6.596,13.1,0.025748031496063,71.1319999999999,69.098,64.5259999999999,58.964,37.6,22.9,27.8
"BOOI4","2024-06-14 12:00",81.14,34.36,3110400,0,6.493,4.886,0.0301181102362205,72.914,69.0259999999999,64.5619999999999,58.9819999999999,37.6,22.8,27.8
"BOOI4","2024-06-14 13:00",83.5159999999999,32.68,3348000,0,6.182,357.5,0.032244094488189,74.7499999999999,68.9539999999999,64.598,58.9819999999999,37.6,22.8,27.8
"BOOI4","2024-06-14 14:00",84.4159999999999,28.06,3391200,0,7.499,5.076,0.0349606299212599,76.3159999999999,68.9359999999999,64.6159999999999,59.0179999999999,37.6,22.8,27.7
"BOOI4","2024-06-14 15:00",86.18,29.33,3236400,0,7.221,2.355,0.0342913385826772,77.522,68.99,64.6159999999999,59.0359999999999,37.6,22.8,27.7
"BOOI4","2024-06-14 16:00",85.4419999999999,30.13,2538360,0,6.098,359.4,0.0284645669291339,78.3499999999999,69.08,64.6519999999999,59.0359999999999,37.6,22.8,27.7
"BOOI4","2024-06-14 17:00",85.9099999999999,26.86,2505600,0,6.548,9.78,0.0285433070866142,78.548,69.206,64.6519999999999,59.0539999999999,37.6,22.8,27.7
"BOOI4","2024-06-14 18:00",85.388,27.61,1216080,0,5.24,359.6,0.0181102362204724,78.206,69.44,64.6699999999999,59.0539999999999,37.6,22.7,27.7
"BOOI4","2024-06-14 19:00",84.7039999999999,32.53,884520,0,3.9,1.908,0.0128346456692913,77.4499999999999,69.6919999999999,64.6699999999999,59.0899999999999,37.7,22.7,27.7
"BOOI4","2024-06-14 20:00",78.9079999999999,38.84,501120,0,4.001,36.55,0.0087007874015748,76.514,69.89,64.7239999999999,59.1079999999999,37.6,22.7,27.7
"BOOI4","2024-06-14 21:00",74.8939999999999,45.93,40500,0,4.066,65.33,0.00555118110236221,75.2359999999999,70.124,64.7239999999999,59.1259999999999,37.7,22.7,27.7
"BOOI4","2024-06-14 22:00",73.148,47.85,223.2,0,4.715,106.4,0.00311023622047244,74.03,70.3759999999999,64.7779999999999,59.1259999999999,37.7,22.7,27.7
"BOOI4","2024-06-14 23:00",71.6539999999999,47.76,0,0,3.923,99,0.00232283464566929,72.9319999999999,70.4839999999999,64.814,59.1259999999999,37.7,22.7,27.7
"BOOI4","2024-06-15 00:00",68.8279999999999,55.88,0,0,2.807,92.5,0.0015748031496063,72.0679999999999,70.6099999999999,64.814,59.1619999999999,37.7,22.7,27.7
"BOOI4","2024-06-15 01:00",69.0079999999999,57.19,0,0,4.374,103.2,0.00192913385826772,71.2759999999999,70.6819999999999,64.8499999999999,59.198,37.7,22.6,27.7
"BOOI4","2024-06-15 02:00",68.0539999999999,61.64,0,0,2.285,79.35,0.00078740157480315,70.7359999999999,70.7179999999999,64.922,59.18,37.7,22.6,27.7
"BOOI4","2024-06-15 03:00",66.4699999999999,65.09,0,0,4.387,90.6,0.00145669291338583,70.2859999999999,70.7359999999999,64.94,59.18,37.7,22.6,27.7
"BOOI4","2024-06-15 04:00",67.082,64.61,0,0,4.204,107.3,0.00141732283464567,69.782,70.664,64.9759999999999,59.2159999999999,37.7,22.6,27.7
"BOOI4","2024-06-15 05:00",66.938,65.37,0,0,5.881,129.2,0.0018503937007874,69.3859999999999,70.6279999999999,65.03,59.2339999999999,37.7,22.6,27.7
"BOOI4","2024-06-15 06:00",67.946,63.55,2311.2,0,8.3,125.6,0.00228346456692913,69.0439999999999,70.538,65.0839999999999,59.2519999999999,37.7,22.6,27.7
"BOOI4","2024-06-15 07:00",66.938,68.33,111708,0,6.316,176.2,0.00511811023622047,68.756,70.4659999999999,65.138,59.2699999999999,37.6,22.5,27.7
"BOOI4","2024-06-15 08:00",67.964,68.3,304200,0,5.985,164.6,0.00574803149606299,68.6659999999999,70.3579999999999,65.1739999999999,59.288,37.6,22.5,27.7
"BOOI4","2024-06-15 09:00",68.7919999999999,64.99,280800,0,7.969,141.2,0.00716535433070866,68.6659999999999,70.2499999999999,65.1919999999999,59.306,37.6,22.5,27.7
"BOOI4","2024-06-15 10:00",65.264,81.7,268092,0,8.59,135,0.00622047244094488,68.5759999999999,70.1599999999999,65.246,59.3239999999999,37.6,22.5,27.7
"BOOI4","2024-06-15 11:00",64.4539999999999,85.9,242604,0.04,12.27,126.2,0.00433070866141732,68.3239999999999,70.0339999999999,65.246,59.3419999999999,37.6,22.5,27.6
"BOOI4","2024-06-15 12:00",67.298,82.7,722880,0.01,10.14,151.6,0.00688976377952756,68.2159999999999,69.9439999999999,65.3539999999999,59.3419999999999,37.5,22.5,27.6
"BOOI4","2024-06-15 13:00",70.7179999999999,76.58,996840,0,13.65,156.2,0.010511811023622,68.5039999999999,69.8179999999999,65.3179999999999,59.3779999999999,37.5,22.5,27.6
"BOOI4","2024-06-15 14:00",75.8119999999999,60.67,2486520,0,17.87,162,0.0233858267716535,69.422,69.6919999999999,65.3539999999999,59.3779999999999,37.5,22.5,27.6
"BOOI4","2024-06-15 15:00",75.3259999999999,58.91,2368080,0,19.5,161.5,0.0261811023622047,70.3579999999999,69.6019999999999,65.3359999999999,59.396,37.5,22.5,27.6
"BOOI4","2024-06-15 16:00",78.3679999999999,56.24,2236680,0,16.64,161.7,0.0256299212598425,71.114,69.5119999999999,65.372,59.414,37.5,22.5,27.6
"BOOI4","2024-06-15 17:00",81.68,55.14,1998000,0,17.67,165.2,0.0265354330708662,71.7439999999999,69.422,65.372,59.414,37.5,22.5,27.6
"BOOI4","2024-06-15 18:00",81.698,58.96,1480320,0,17.3,167.1,0.0236220472440945,71.996,69.3679999999999,65.372,59.432,37.5,22.5,27.6
"BOOI4","2024-06-15 19:00",80.906,62.97,858600,0,17.19,164.2,0.018740157480315,72.0499999999999,69.3499999999999,65.372,59.4679999999999,37.5,22.4,27.6
"BOOI4","2024-06-15 20:00",79.3939999999999,66.59,405360,0,14.71,163.4,0.0129527559055118,71.7439999999999,69.3499999999999,65.372,59.4679999999999,37.5,22.4,27.6
"BOOI4","2024-06-15 21:00",77.5399999999999,69.03,50112,0,9.36,166.3,0.00673228346456693,71.2939999999999,69.3679999999999,65.372,59.5039999999999,37.5,22.4,27.6
"BOOI4","2024-06-15 22:00",77.306,68.48,140.4,0,11.04,158.6,0.00303149606299213,70.8259999999999,69.3859999999999,65.372,59.522,37.5,22.4,27.6
"BOOI4","2024-06-15 23:00",71.78,76.38,0,0,18.04,185.3,0.00366141732283465,70.4119999999999,69.4579999999999,65.39,59.5039999999999,37.5,22.4,27.6
"BOOI4","2024-06-16 00:00",67.2259999999999,94.8,0,0,12.93,219.5,0.000590551181102362,69.9079999999999,69.4759999999999,65.4079999999999,59.54,37.5,22.3,27.6
"BOOI4","2024-06-16 01:00",66.938,97,0,0.05,10.89,186.9,3.93700787401575e-05,69.4939999999999,69.4579999999999,65.372,59.5579999999999,37.5,22.3,27.6
"BOOI4","2024-06-16 02:00",66.5239999999999,98,0,0.03,6.129,176.3,-0.000236220472440945,69.1339999999999,69.4939999999999,65.4079999999999,59.5759999999999,37.4,22.3,27.6
"BOOI4","2024-06-16 03:00",66.272,99.1,0,0.1,2.359,214.3,-0.000551181102362205,68.864,69.4579999999999,65.4079999999999,59.5939999999999,37.4,22.3,27.6
"BOOI4","2024-06-16 04:00",66.4519999999999,99.6,0,0.02,4.019,92.6,-0.000433070866141732,68.648,69.422,65.39,59.6119999999999,37.4,22.3,27.6
"BOOI4","2024-06-16 05:00",66.4159999999999,99.6,0,0,6.667,61.41,-0.000354330708661417,68.4319999999999,69.3679999999999,65.4079999999999,59.63,37.4,22.3,27.6
"BOOI4","2024-06-16 06:00",67.046,98.2,3204,0,6.161,64.09,-0.000275590551181102,68.2519999999999,69.2779999999999,65.4079999999999,59.648,37.4,22.2,27.6
"BOOI4","2024-06-16 07:00",68.99,96.8,204048,0,5.042,109.5,0.00062992125984252,68.1259999999999,69.2239999999999,65.4079999999999,59.6659999999999,37.4,22.2,27.6
"BOOI4","2024-06-16 08:00",71.2939999999999,96.6,657000,0,6.711,133.8,0.00366141732283465,68.3779999999999,69.1339999999999,65.4079999999999,59.6659999999999,37.4,22.2,27.6
"BOOI4","2024-06-16 09:00",75.4159999999999,85.1,1116000,0,9.24,188.3,0.00783464566929134,69.1159999999999,69.0439999999999,65.4439999999999,59.6839999999999,37.4,22.2,27.6
"BOOI4","2024-06-16 10:00",77.7019999999999,75.97,2053440,0,13.54,206.7,0.0163385826771654,70.3579999999999,68.99,65.4259999999999,59.6839999999999,37.4,22.2,27.6
"BOOI4","2024-06-16 11:00",80.9779999999999,67.43,2595600,0,13.94,207.3,0.0227165354330709,71.906,68.864,65.4259999999999,59.738,37.3,22.1,27.6
"BOOI4","2024-06-16 12:00",83.5159999999999,63.1,2722680,0,14.05,208.1,0.0269291338582677,73.49,68.8279999999999,65.4259999999999,59.738,37.3,22.1,27.6
"BOOI4","2024-06-16 13:00",87.098,58.15,3099600,0,16.55,214.3,0.0329527559055118,74.822,68.7919999999999,65.4079999999999,59.738,37.3,22.1,27.6
"BOOI4","2024-06-16 14:00",89.0599999999999,55.88,3146400,0,18.36,222.4,0.036496062992126,76.064,68.7739999999999,65.4259999999999,59.7739999999999,37.4,22.1,27.6
"BOOI4","2024-06-16 15:00",88.9339999999999,56.17,3106800,0,18.01,228,0.0367322834645669,76.9999999999999,68.8099999999999,65.4079999999999,59.7919999999999,37.4,22.1,27.6
"BOOI4","2024-06-16 16:00",90.3379999999999,54,2763360,0,16.76,228.4,0.0345669291338583,77.7739999999999,68.8999999999999,65.39,59.7919999999999,37.4,22.1,27.6
"BOOI4","2024-06-16 17:00",90.4279999999999,56.36,2209680,0,15.9,223,0.0309448818897638,78.098,69.0079999999999,65.39,59.7919999999999,37.4,22.1,27.6
"BOOI4","2024-06-16 18:00",88.4659999999999,59.82,1432440,0,14.27,210.8,0.0238188976377953,77.8999999999999,69.1519999999999,65.3539999999999,59.8279999999999,37.4,22.1,27.6
"BOOI4","2024-06-16 19:00",87.782,60.09,689040,0,13.25,198.3,0.0172834645669291,77.288,69.3499999999999,65.372,59.846,37.5,22.1,27.6
"BOOI4","2024-06-16 20:00",84.506,66.67,403560,0,10.8,197.1,0.0119291338582677,76.5499999999999,69.5659999999999,65.39,59.846,37.4,22.1,27.6
"BOOI4","2024-06-16 21:00",83.0839999999999,69.94,50184,0,8.75,202,0.0068503937007874,75.7759999999999,69.746,65.4079999999999,59.864,37.5,22.1,27.6
"BOOI4","2024-06-16 22:00",81.788,73.77,198,0,6.006,198.3,0.00232283464566929,75.1099999999999,69.9439999999999,65.39,59.8819999999999,37.5,22,27.6
"BOOI4","2024-06-16 23:00",78.8539999999999,82.5,0,0,3.506,187.5,0.00102362204724409,74.498,70.088,65.4079999999999,59.8819999999999,37.5,22,27.6
"BOOI4","2024-06-17 00:00",80.24,78.6,0,0,5.095,174.5,0.0012992125984252,74.048,70.232,65.4259999999999,59.8999999999999,37.5,22,27.6
"BOOI4","2024-06-17 01:00",79.88,79.7,0,0,8.12,173.7,0.00192913385826772,73.6699999999999,70.34,65.4619999999999,59.9179999999999,37.5,22,27.6
"BOOI4","2024-06-17 02:00",79.8439999999999,78.66,0,0,11.44,187.8,0.00220472440944882,73.3099999999999,70.4119999999999,65.4259999999999,59.9359999999999,37.5,22,27.6
"BOOI4","2024-06-17 03:00",78.1159999999999,81,0,0,12.07,192.7,0.0021259842519685,72.9679999999999,70.4839999999999,65.4619999999999,59.9539999999999,37.5,22,27.6
"BOOI4","2024-06-17 04:00",76.28,83.7,0,0,9.04,190.4,0.0015748031496063,72.59,70.5019999999999,65.5159999999999,59.972,37.5,22,27.6
"BOOI4","2024-06-17 05:00",74.9839999999999,86.1,0,0,7.719,190,0.00110236220472441,72.1759999999999,70.5199999999999,65.5519999999999,59.972,37.5,22,27.6
"BOOI4","2024-06-17 06:00",74.84,85.7,8370,0,8.07,193,0.00106299212598425,71.8339999999999,70.5199999999999,65.5699999999999,59.99,37.5,21.9,27.6
"BOOI4","2024-06-17 07:00",75.7579999999999,83.7,158292,0,8.52,185.4,0.00350393700787402,71.5999999999999,70.5019999999999,65.606,60.0079999999999,37.5,21.9,27.6
"BOOI4","2024-06-17 08:00",77.1079999999999,79.36,376200,0,10.43,192,0.00649606299212599,71.672,70.4659999999999,65.6599999999999,60.0259999999999,37.5,21.9,27.7
"BOOI4","2024-06-17 09:00",76.298,81.5,233244,0,11.3,217.7,0.00637795275590551,71.7439999999999,70.4119999999999,65.6779999999999,60.0259999999999,37.5,21.9,27.7
"BOOI4","2024-06-17 10:00",68.8999999999999,87,438840,0,8.46,345.2,0.00515748031496063,71.546,70.4119999999999,65.696,60.0439999999999,37.5,21.9,27.7
"BOOI4","2024-06-17 11:00",70.2859999999999,86.1,709200,0,6.693,17.28,0.00637795275590551,71.4919999999999,70.3579999999999,65.732,60.0439999999999,37.4,21.9,27.7
"BOOI4","2024-06-17 12:00",75.4519999999999,80.9,1881360,0,6.584,40.02,0.0138582677165354,72.0679999999999,70.322,65.7679999999999,60.08,37.4,21.9,27.7
"BOOI4","2024-06-17 13:00",82.6159999999999,72.11,2417760,0,4.426,82.6,0.0190944881889764,73.6699999999999,70.2679999999999,65.8039999999999,60.0619999999999,37.4,21.9,27.7
"BOOI4","2024-06-17 14:00",87.5119999999999,62.77,3099600,0,12.03,172,0.0290944881889764,75.6319999999999,70.2679999999999,65.822,60.08,37.4,21.9,27.6
"BOOI4","2024-06-17 15:00",87.98,56.61,2970000,0,15.83,171.2,0.0332283464566929,77.0539999999999,70.2679999999999,65.84,60.098,37.4,21.8,27.6
"BOOI4","2024-06-17 16:00",89.7079999999999,53.53,2453400,0,15.57,171.6,0.0317716535433071,77.8099999999999,70.2679999999999,65.84,60.098,37.4,21.8,27.6
"BOOI4","2024-06-17 17:00",89.348,55.74,2237040,0,16.12,170.1,0.0310629921259843,78.1519999999999,70.3579999999999,65.8579999999999,60.1339999999999,37.4,21.8,27.6
"BOOI4","2024-06-17 18:00",89.0239999999999,53.65,1262880,0,14.59,173.6,0.0233464566929134,77.99,70.5199999999999,65.9119999999999,60.1159999999999,37.5,21.8,27.6
"BOOI4","2024-06-17 19:00",87.4939999999999,54.54,1046880,0,13.75,167.6,0.0211811023622047,77.6119999999999,70.664,65.8939999999999,60.1159999999999,37.5,21.8,27.6
"BOOI4","2024-06-17 20:00",85.6939999999999,58.6,541800,0,11.78,166.9,0.0149212598425197,76.982,70.8619999999999,65.9119999999999,60.1699999999999,37.5,21.8,27.6
"BOOI4","2024-06-17 21:00",82.4539999999999,64.04,99072,0,9.94,161.4,0.00854330708661417,76.082,71.0419999999999,65.9659999999999,60.1519999999999,37.5,21.8,27.6
"BOOI4","2024-06-17 22:00",80.7079999999999,68.36,770.4,0,9.42,166.2,0.00326771653543307,75.2359999999999,71.222,65.9839999999999,60.188,37.5,21.8,27.6
"BOOI4","2024-06-17 23:00",79.9339999999999,71.2,0,0,8.93,159.9,0.00259842519685039,74.5339999999999,71.348,65.9839999999999,60.206,37.5,21.7,27.6
"BOOI4","2024-06-18 00:00",80.1679999999999,74.07,0,0,10.36,160.3,0.00267716535433071,74.048,71.4739999999999,66.056,60.206,37.5,21.7,27.6
"BOOI4","2024-06-18 01:00",79.196,78.02,0,0,11.62,163.2,0.00240157480314961,73.6519999999999,71.564,66.056,60.2239999999999,37.6,21.7,27.6
"BOOI4","2024-06-18 02:00",77.522,82.6,0,0,10.17,158.9,0.00169291338582677,73.346,71.6179999999999,66.0739999999999,60.2239999999999,37.6,21.7,27.6
"BOOI4","2024-06-18 03:00",76.9099999999999,85.1,0,0,10.38,158.6,0.00125984251968504,73.0399999999999,71.6359999999999,66.1099999999999,60.2419999999999,37.6,21.7,27.6
"BOOI4","2024-06-18 04:00",76.5679999999999,86,0,0,13.22,156.4,0.00122047244094488,72.788,71.6179999999999,66.164,60.2599999999999,37.5,21.7,27.6
"BOOI4","2024-06-18 05:00",76.8199999999999,85.4,0,0,13.82,161.3,0.00125984251968504,72.5539999999999,71.5999999999999,66.2179999999999,60.2419999999999,37.5,21.7,27.6
"BOOI4","2024-06-18 06:00",77.1439999999999,84.5,6613.2,0,12.99,173.4,0.00137795275590551,72.4279999999999,71.5999999999999,66.2539999999999,60.296,37.5,21.7,27.6
"BOOI4","2024-06-18 07:00",78.3499999999999,81.8,164808,0,14.87,175.6,0.00547244094488189,72.374,71.546,66.2539999999999,60.296,37.5,21.7,27.6
"BOOI4","2024-06-18 08:00",79.4659999999999,79.92,585000,0,16.79,178.2,0.00921259842519685,72.5179999999999,71.5279999999999,66.3079999999999,60.314,37.5,21.7,27.6
"BOOI4","2024-06-18 09:00",79.2499999999999,80.1,642240,0,17.97,184.3,0.0108661417322835,72.8599999999999,71.4739999999999,66.3259999999999,60.332,37.5,21.6,27.6
"BOOI4","2024-06-18 10:00",81.3919999999999,75.5,1426320,0,18.94,188,0.0163779527559055,73.3099999999999,71.438,66.4159999999999,60.3499999999999,37.5,21.6,27.6
"BOOI4","2024-06-18 11:00",81.3019999999999,74.96,867960,0,19.45,192.8,0.0146850393700787,73.796,71.3839999999999,66.4159999999999,60.3679999999999,37.5,21.6,27.7
"BOOI4","2024-06-18 12:00",81.3019999999999,73.85,742320,0,17.19,200.8,0.0141732283464567,74.0659999999999,71.33,66.38,60.3679999999999,37.5,21.6,27.7
"BOOI4","2024-06-18 13:00",78.5659999999999,86.9,195588,0.02,8.94,214.2,0.00433070866141732,73.8679999999999,71.33,66.4519999999999,60.3679999999999,37.5,21.6,27.7
"BOOI4","2024-06-18 14:00",81.464,79.56,837720,0,10.54,185.5,0.00976377952755906,73.9939999999999,71.3119999999999,66.506,60.4039999999999,37.5,21.6,27.7
"BOOI4","2024-06-18 15:00",84.614,73.66,1757520,0,14.36,182.4,0.0184645669291339,74.5339999999999,71.3119999999999,66.506,60.422,37.5,21.6,27.7
"BOOI4","2024-06-18 16:00",84.164,71.59,1301040,0,16.84,182.9,0.0181889763779528,75.1099999999999,71.33,66.5419999999999,60.422,37.5,21.5,27.7
"BOOI4","2024-06-18 17:00",84.164,72.29,439920,0,13.54,191.4,0.0117322834645669,75.1099999999999,71.348,66.5419999999999,60.422,37.5,21.5,27.7
"BOOI4","2024-06-18 18:00",84.398,69.48,520200,0,12.03,191.1,0.0121653543307087,75.0739999999999,71.3659999999999,66.5599999999999,60.44,37.5,21.5,27.7
"BOOI4","2024-06-18 19:00",82.346,73.8,109908,0,12.48,197.4,0.00992125984251969,74.7859999999999,71.4019999999999,66.596,60.4579999999999,37.5,21.5,27.7
"BOOI4","2024-06-18 20:00",83.0839999999999,68.58,66708,0,12.97,195.9,0.00948818897637795,74.39,71.456,66.596,60.4939999999999,37.5,21.5,27.7
"BOOI4","2024-06-18 21:00",67.874,95.4,19836,0,18.5,213.9,0.0117322834645669,73.8679999999999,71.456,66.596,60.5119999999999,37.4,21.5,27.8
"BOOI4","2024-06-18 22:00",67.172,99,0,0.09,10.6,241.9,0.00015748031496063,72.6259999999999,71.4919999999999,66.6319999999999,60.5119999999999,37.5,21.5,27.8
"BOOI4","2024-06-18 23:00",66.614,99.8,0,0.12,4.011,200.7,3.93700787401575e-05,71.7439999999999,71.564,66.6499999999999,60.53,39.9,21.9,27.7
"BOOI4","2024-06-19 00:00",66.4519999999999,100,0,0.17,4.007,126.4,3.93700787401575e-05,71.1679999999999,71.672,66.7579999999999,60.566,40.7,23.1,27.8
"BOOI4","2024-06-19 01:00",66.8659999999999,100,0,0.2,4.539,115.5,0,70.7539999999999,71.7079999999999,66.83,60.5839999999999,40.3,24.2,27.9
"BOOI4","2024-06-19 02:00",66.956,100,0,0.17,2.755,17.54,0,70.5199999999999,71.672,66.956,60.6199999999999,40.1,24.1,27.9
"BOOI4","2024-06-19 03:00",66.7939999999999,100,0,0.16,2.17,69.19,0,70.34,71.6179999999999,67.0279999999999,60.638,39.9,24.2,28
"BOOI4","2024-06-19 04:00",67.0279999999999,100,0,0.13,0.301,41.8,3.93700787401575e-05,70.214,71.5279999999999,67.082,60.656,39.5,24.2,28
"BOOI4","2024-06-19 05:00",67.4239999999999,100,0,0.1,0.015,251.6,3.93700787401575e-05,70.1419999999999,71.456,67.1359999999999,60.6739999999999,39.2,24.2,28.1
"BOOI4","2024-06-19 06:00",66.722,100,1350,0.06,1.906,323.3,3.93700787401575e-05,70.088,71.3119999999999,67.1179999999999,60.6739999999999,39,24.2,28.1
"BOOI4","2024-06-19 07:00",66.3619999999999,100,45612,0,6.184,341.5,0.00031496062992126,69.9259999999999,71.222,67.1359999999999,60.6919999999999,38.9,24.2,28.1
"BOOI4","2024-06-19 08:00",66.4519999999999,100,271260,0,6.375,355.9,0.0015748031496063,69.8179999999999,71.096,67.19,60.7279999999999,38.8,24.2,28.1
"BOOI4","2024-06-19 09:00",67.0279999999999,90.5,466560,0,6.393,18.44,0.00330708661417323,69.8359999999999,71.006,67.1359999999999,60.7279999999999,38.7,24.3,28.1
"BOOI4","2024-06-19 10:00",67.3699999999999,88.4,608040,0,5.338,6.031,0.00519685039370079,69.8539999999999,70.8439999999999,67.1539999999999,60.7819999999999,38.7,24.3,28.1
"BOOI4","2024-06-19 11:00",66.9199999999999,87.2,692640,0,6.831,11.81,0.00625984251968504,69.872,70.7359999999999,67.1179999999999,60.7999999999999,38.6,24.3,28.1
"BOOI4","2024-06-19 12:00",66.0919999999999,86,742320,0,6.252,0.147,0.00633858267716536,69.7999999999999,70.664,67.1179999999999,60.8179999999999,38.6,24.3,28.1
"BOOI4","2024-06-19 13:00",65.84,83.5,848880,0,7.092,9.38,0.00708661417322835,69.764,70.538,67.1539999999999,60.8359999999999,38.5,24.3,28
"BOOI4","2024-06-19 14:00",66.8119999999999,83.3,928080,0,7.694,8.26,0.00779527559055118,69.746,70.448,67.0999999999999,60.8539999999999,38.5,24.3,28
"BOOI4","2024-06-19 15:00",66.7759999999999,82.6,911160,0,8.02,15.31,0.00818897637795276,69.7099999999999,70.3759999999999,67.082,60.8539999999999,38.5,24.3,28
"BOOI4","2024-06-19 16:00",67.964,81,1040760,0,7.579,33.94,0.00885826771653543,69.746,70.2859999999999,67.0999999999999,60.872,38.4,24.3,28
"BOOI4","2024-06-19 17:00",69.548,78.99,1701720,0,9.16,49.58,0.0125984251968504,70.0339999999999,70.196,67.082,60.89,38.4,24.3,28
"BOOI4","2024-06-19 18:00",69.782,78.42,1451880,0,8.38,49.84,0.0112992125984252,70.5019999999999,70.106,67.046,60.9259999999999,38.4,24.3,28
"BOOI4","2024-06-19 19:00",69.296,75.88,1076400,0,8.4,53.39,0.00925196850393701,70.664,70.0159999999999,66.9739999999999,60.9259999999999,38.4,24.3,28
"BOOI4","2024-06-19 20:00",67.8199999999999,81.3,467280,0,6.733,60.75,0.00480314960629921,70.43,69.9619999999999,66.9919999999999,60.9619999999999,38.4,24.3,28
"BOOI4","2024-06-19 21:00",65.9839999999999,85.7,96552,0,3.895,46.57,0.000236220472440945,69.9439999999999,69.9439999999999,66.9919999999999,60.9619999999999,38.4,24.3,28.1
"BOOI4","2024-06-19 22:00",65.732,87.6,702,0,3.907,43.11,-3.93700787401575e-05,69.5119999999999,69.89,66.9739999999999,60.98,38.3,24.3,28.1
"BOOI4","2024-06-19 23:00",65.2099999999999,92.1,0,0,2.932,56.04,-0.000393700787401575,69.1519999999999,69.8539999999999,66.956,60.98,38.3,24.3,28.1
"BOOI4","2024-06-20 00:00",64.364,93.5,0,0,3.537,43.92,-0.000393700787401575,68.8099999999999,69.7999999999999,66.9019999999999,60.998,38.3,24.3,28.1
"BOOI4","2024-06-20 01:00",63.896,94.6,0,0,3.2,13.29,-0.000511811023622047,68.4319999999999,69.7279999999999,66.8839999999999,61.0159999999999,38.2,24.3,28.1
"BOOI4","2024-06-20 02:00",63.122,96.6,0,0,3.231,22.97,-0.000551181102362205,68.09,69.6739999999999,66.8659999999999,61.0339999999999,38.2,24.2,28.1
"BOOI4","2024-06-20 03:00",62.7619999999999,98.2,0,0,3.167,49.12,-0.00062992125984252,67.856,69.5659999999999,66.848,61.0699999999999,38.3,24.2,28.1
"BOOI4","2024-06-20 04:00",63.464,98.4,0,0,1.503,63.91,-0.000905511811023622,67.6759999999999,69.4579999999999,66.848,61.0699999999999,38.2,24.2,28.1
"BOOI4","2024-06-20 05:00",63.5539999999999,98.7,0,0,1.671,15.17,-0.000866141732283465,67.5859999999999,69.3679999999999,66.83,61.088,38.2,24.1,28.1
"BOOI4","2024-06-20 06:00",63.6079999999999,98.9,1544.4,0,3.316,15.84,-0.000669291338582677,67.496,69.2599999999999,66.7759999999999,61.124,38.1,24.1,28.1
"BOOI4","2024-06-20 07:00",63.2659999999999,98.7,27169.2,0,3.923,13.76,0.00031496062992126,67.406,69.1339999999999,66.7759999999999,61.124,38.2,24.1,28.1
"BOOI4","2024-06-20 08:00",64.2919999999999,97.6,228276,0,4.918,25.79,0.0015748031496063,67.3519999999999,69.0439999999999,66.74,61.124,38.1,24.1,28.1
"BOOI4","2024-06-20 09:00",66.38,95.1,748800,0,6.66,58.5,0.0044488188976378,67.5679999999999,68.8999999999999,66.722,61.1419999999999,38.1,24,28.1
"BOOI4","2024-06-20 10:00",67.964,94.2,861120,0,3.855,93.1,0.00586614173228346,68.1619999999999,68.8099999999999,66.722,61.1599999999999,38.1,24,28.1
"BOOI4","2024-06-20 11:00",70.34,92.3,1455840,0,5.506,110.2,0.00956692913385827,68.9179999999999,68.6839999999999,66.6679999999999,61.1599999999999,38.1,24,28.1
"BOOI4","2024-06-20 12:00",73.9579999999999,89.2,2171160,0,5.204,140.8,0.0143700787401575,70.3039999999999,68.5939999999999,66.6499999999999,61.1779999999999,38.1,24,28.1
"BOOI4","2024-06-20 13:00",76.172,86.2,2392560,0,3.478,156.5,0.0170866141732283,71.906,68.5399999999999,66.614,61.196,38.1,24,28.1
"BOOI4","2024-06-20 14:00",78.0259999999999,78.68,2629440,0,2.521,154.4,0.0194094488188976,73.9039999999999,68.522,66.5779999999999,61.196,38.1,24,28.1
"BOOI4","2024-06-20 15:00",76.964,82,1393560,0,2.358,165.3,0.0114566929133858,74.8939999999999,68.5399999999999,66.5239999999999,61.214,38.1,23.9,28.1
"BOOI4","2024-06-20 16:00",78.1159999999999,80.9,1857240,0,2.327,194.8,0.0148425196850394,75.488,68.5939999999999,66.506,61.214,38,23.9,28.1
"BOOI4","2024-06-20 17:00",80.8699999999999,76.5,1990800,0,3.908,144.8,0.0157874015748031,76.082,68.7019999999999,66.4699999999999,61.2319999999999,38,23.9,28
"BOOI4","2024-06-20 18:00",79.5199999999999,76.86,1263960,0,3.857,107.8,0.010748031496063,76.496,68.864,66.4519999999999,61.2499999999999,38,23.9,28
"BOOI4","2024-06-20 19:00",80.096,75.87,1036440,0,2.88,118.3,0.00850393700787402,76.4239999999999,69.0259999999999,66.398,61.2499999999999,38.1,23.8,28
"BOOI4","2024-06-20 20:00",78.3499999999999,78.37,283032,0,2.98,118.7,0.00338582677165354,75.9199999999999,69.206,66.38,61.2499999999999,38.1,23.8,28
"BOOI4","2024-06-20 21:00",76.2259999999999,86.8,53316,0,3.343,107,0.00110236220472441,75.272,69.4039999999999,66.3439999999999,61.2859999999999,38.1,23.8,28
"BOOI4","2024-06-20 22:00",73.3099999999999,94.6,399.6,0,4.006,80.8,-0.000118110236220472,74.48,69.5839999999999,66.3619999999999,61.2679999999999,38.2,23.8,28
"BOOI4","2024-06-20 23:00",72.1939999999999,95.4,0,0,2.787,94.1,-0.00047244094488189,73.7779999999999,69.746,66.3079999999999,61.2859999999999,38.1,23.7,28
"BOOI4","2024-06-21 00:00",71.906,96.7,0,0,1.392,83.3,-0.000826771653543307,73.1839999999999,69.872,66.3439999999999,61.2859999999999,38.1,23.7,28
"BOOI4","2024-06-21 01:00",71.7439999999999,97,0,0,4.731,87,-0.000393700787401575,72.68,69.9619999999999,66.3439999999999,61.2859999999999,38.1,23.8,28
"BOOI4","2024-06-21 02:00",71.6359999999999,97.7,0,0,4.483,106.6,-0.000433070866141732,72.3019999999999,70.0159999999999,66.3439999999999,61.3039999999999,38.1,23.8,28
"BOOI4","2024-06-21 03:00",71.8339999999999,98.7,0,0,3.52,116.9,-0.000590551181102362,72.032,70.0339999999999,66.38,61.322,38.1,23.8,28
"BOOI4","2024-06-21 04:00",71.8339999999999,99.5,0,0,2.177,128.2,-0.000748031496062992,71.8159999999999,70.0519999999999,66.3619999999999,61.322,38.1,23.7,28
"BOOI4","2024-06-21 05:00",72.23,100,0,0,4.383,155.1,-0.000590551181102362,71.69,70.0339999999999,66.3619999999999,61.322,38.1,23.7,28.1
"BOOI4","2024-06-21 06:00",72.482,99.3,11610,0,4.924,174,-0.000511811023622047,71.546,70.0339999999999,66.38,61.3399999999999,38.1,23.7,28.1
"BOOI4","2024-06-21 07:00",73.9579999999999,95.8,250596,0,5.906,196,0.000748031496062992,71.4919999999999,69.9619999999999,66.38,61.3399999999999,38.1,23.7,28.1
"BOOI4","2024-06-21 08:00",76.8019999999999,91.2,738360,0,6.564,200.6,0.00484251968503937,71.6179999999999,69.9259999999999,66.4159999999999,61.3399999999999,38.1,23.6,28.1
"BOOI4","2024-06-21 09:00",80.0599999999999,83,1402200,0,8.09,199.6,0.0108267716535433,72.23,69.89,66.4519999999999,61.3579999999999,38.1,23.6,28.1
"BOOI4","2024-06-21 10:00",82.7239999999999,76.69,2002320,0,9.18,196.8,0.0166929133858268,73.256,69.872,66.4699999999999,61.3579999999999,38.1,23.6,28.1
"BOOI4","2024-06-21 11:00",84.2539999999999,71.52,2515680,0,10.23,195.3,0.0221653543307087,74.48,69.8179999999999,66.4519999999999,61.3579999999999,38,23.5,28.1
"BOOI4","2024-06-21 12:00",86.18,67.48,2952000,0,11.02,209.3,0.0271259842519685,75.8119999999999,69.8179999999999,66.4699999999999,61.3759999999999,38,23.5,28.1
"BOOI4","2024-06-21 13:00",85.298,67.91,2456280,0,10.7,219.9,0.0250393700787402,76.9099999999999,69.8359999999999,66.4519999999999,61.3759999999999,38,23.5,28.1
"BOOI4","2024-06-21 14:00",88.6819999999999,60.15,2729880,0,10.45,221,0.0278346456692913,77.5039999999999,69.89,66.506,61.3939999999999,38,23.5,28.1
"BOOI4","2024-06-21 15:00",88.7899999999999,61.51,2802600,0,10.43,213,0.0290551181102362,78.4039999999999,70.0159999999999,66.4699999999999,61.3759999999999,38,23.5,28.1
"BOOI4","2024-06-21 16:00",89.8339999999999,58.97,2759040,0,11.42,205.2,0.0297637795275591,79.106,70.1599999999999,66.4699999999999,61.3939999999999,38,23.5,28
"BOOI4","2024-06-21 17:00",89.1499999999999,61.93,2111760,0,10.97,210.1,0.025,79.34,70.3039999999999,66.506,61.4119999999999,38,23.4,28
"BOOI4","2024-06-21 18:00",85.4599999999999,69.17,1555920,0,11.59,202,0.0196456692913386,79.214,70.538,66.5239999999999,61.3759999999999,38,23.4,28
"BOOI4","2024-06-21 19:00",85.532,68.32,959400,0,10.68,201.3,0.0140551181102362,78.8359999999999,70.7899999999999,66.506,61.4119999999999,38,23.4,28
"BOOI4","2024-06-21 20:00",83.822,76.23,522000,0,7.778,193.3,0.00791338582677165,78.2419999999999,71.0419999999999,66.5239999999999,61.448,38,23.4,28
"BOOI4","2024-06-21 21:00",80.69,83.7,60768,0,6.838,173.6,0.00307086614173228,77.4679999999999,71.33,66.5239999999999,61.4119999999999,38.1,23.4,28
"BOOI4","2024-06-21 22:00",80.114,82.7,136.8,0,7.421,171.8,0.00110236220472441,76.7659999999999,71.546,66.5419999999999,61.4119999999999,38.1,23.4,28
"BOOI4","2024-06-21 23:00",79.232,81.8,0,0,7.619,192.7,0.00145669291338583,76.2079999999999,71.7439999999999,66.5779999999999,61.43,38.1,23.4,28
"BOOI4","2024-06-22 00:00",79.3039999999999,83,0,0,7.481,186.1,0.00110236220472441,75.74,71.906,66.6319999999999,61.43,38.1,23.4,28
"BOOI4","2024-06-22 01:00",78.44,84.8,0,0,9.65,188.9,0.0012992125984252,75.3439999999999,72.0499999999999,66.6679999999999,61.43,38.1,23.4,28
"BOOI4","2024-06-22 02:00",78.1339999999999,85.6,0,0,9.23,188.9,0.00122047244094488,74.9839999999999,72.14,66.7039999999999,61.448,38.1,23.4,28
"BOOI4","2024-06-22 03:00",78.2419999999999,84.2,0,0,11.45,192.8,0.00133858267716536,74.714,72.1759999999999,66.7579999999999,61.448,38.1,23.4,28
"BOOI4","2024-06-22 04:00",77.3419999999999,85.5,0,0.02,12.78,201.5,0.0015748031496063,74.4259999999999,72.2119999999999,66.7939999999999,61.4659999999999,38.1,23.4,28
"BOOI4","2024-06-22 05:00",77.3419999999999,83.9,0,0,9.83,233.7,0.00106299212598425,74.156,72.23,66.83,61.4659999999999,38.1,23.3,28
"BOOI4","2024-06-22 06:00",75.4699999999999,90.2,2088,0,9.91,231,0.000984251968503937,73.8859999999999,72.23,66.9019999999999,61.4659999999999,38.1,23.3,28
"BOOI4","2024-06-22 07:00",72.5539999999999,96.3,41580,0,4.138,284.1,0.000866141732283465,73.6699999999999,72.2119999999999,66.9199999999999,61.4659999999999,38.1,23.3,28
"BOOI4","2024-06-22 08:00",74.39,94,368280,0.01,0,0,0.00251968503937008,73.6699999999999,72.1579999999999,66.9739999999999,61.5019999999999,38.1,23.3,28
"BOOI4","2024-06-22 09:00",75.0919999999999,91.4,500400,0,1.304,146.4,0.00393700787401575,73.9039999999999,72.14,67.0279999999999,61.5019999999999,38,23.3,28
"BOOI4","2024-06-22 10:00",76.406,90.5,869760,0,3.205,156.9,0.0068503937007874,74.372,72.1039999999999,67.082,61.4839999999999,38,23.2,28
"BOOI4","2024-06-22 11:00",80.2039999999999,81.6,1941840,0,6.533,168.4,0.0147637795275591,75.2359999999999,72.0499999999999,67.064,61.5019999999999,38.1,23.2,28
"BOOI4","2024-06-22 12:00",84.956,71.22,2941200,0,9.16,206.5,0.0243700787401575,76.6579999999999,72.032,67.1539999999999,61.5019999999999,38.1,23.2,28
"BOOI4","2024-06-22 13:00",84.3079999999999,74.21,1779840,0,10.07,214.5,0.0184645669291339,77.5579999999999,71.9779999999999,67.172,61.5199999999999,38.1,23.2,28
"BOOI4","2024-06-22 14:00",85.64,69.73,1944360,0,11.27,228.1,0.0210629921259843,77.972,71.996,67.19,61.5199999999999,38,23.2,28
"BOOI4","2024-06-22 15:00",84.146,75.42,915840,0,10.45,249.6,0.0130708661417323,77.9179999999999,72.0499999999999,67.2439999999999,61.538,38.1,23.2,28
"BOOI4","2024-06-22 16:00",85.2619999999999,76.09,1200600,0,9.86,246.7,0.0140157480314961,77.8099999999999,72.14,67.2439999999999,61.556,38,23.1,28
"BOOI4","2024-06-22 17:00",85.874,74.9,1459800,0,11.4,252.9,0.0162992125984252,78.0079999999999,72.248,67.298,61.538,38,23.1,28
"BOOI4","2024-06-22 18:00",85.1539999999999,75.9,1068120,0,11.63,277.4,0.0133464566929134,78.1519999999999,72.356,67.298,61.556,38,23.1,28
"BOOI4","2024-06-22 19:00",82.3819999999999,77.19,1135800,0,13.94,296.6,0.0132283464566929,77.99,72.482,67.3339999999999,61.5739999999999,38,23.1,28
"BOOI4","2024-06-22 20:00",81.374,79.69,686160,0,12.09,300.1,0.00877952755905512,77.648,72.6439999999999,67.3699999999999,61.6099999999999,38,23,27.9
"BOOI4","2024-06-22 21:00",78.44,80.9,137376,0,11.23,302,0.00468503937007874,76.9999999999999,72.7519999999999,67.388,61.5739999999999,38.1,23,27.9
"BOOI4","2024-06-22 22:00",75.74,83.6,1940.4,0,10.84,307.7,0.00133858267716536,76.2439999999999,72.8779999999999,67.4239999999999,61.6279999999999,38.1,23,27.9
"BOOI4","2024-06-22 23:00",72.1939999999999,90.7,0,0,7.047,318.1,0.000433070866141732,75.488,72.9859999999999,67.4419999999999,61.6279999999999,38.1,22.9,27.9
"BOOI4","2024-06-23 00:00",70.7359999999999,89.6,0,0,7.119,330.9,0.00015748031496063,74.8759999999999,73.0399999999999,67.496,61.6099999999999,38.1,22.9,27.9
"BOOI4","2024-06-23 01:00",68.846,92.1,0,0,7.58,343,0.000118110236220472,74.1919999999999,73.13,67.514,61.646,38,22.9,27.9
"BOOI4","2024-06-23 02:00",67.3519999999999,95.8,0,0,4.512,328.7,-0.000354330708661417,73.5619999999999,73.13,67.5679999999999,61.646,38.1,22.9,27.9
"BOOI4","2024-06-23 03:00",66.1999999999999,98.1,0,0,4,296.1,-0.000590551181102362,73.0399999999999,73.13,67.6039999999999,61.646,38.1,22.9,27.9
"BOOI4","2024-06-23 04:00",65.4439999999999,99.4,0,0,4.479,276.8,-0.00062992125984252,72.5359999999999,73.0759999999999,67.64,61.682,38.1,22.9,27.9
"BOOI4","2024-06-23 05:00",64.688,99.5,0,0,2.469,294.2,-0.000866141732283465,72.0679999999999,73.022,67.6939999999999,61.6999999999999,38,22.9,27.9
"BOOI4","2024-06-23 06:00",64.4359999999999,99.7,23616,0,4.221,281.7,-0.00062992125984252,71.6539999999999,72.9499999999999,67.748,61.6999999999999,38,22.9,27.9
"BOOI4","2024-06-23 07:00",66.3259999999999,97.8,362520,0,5.167,283.4,0.000551181102362205,71.348,72.8239999999999,67.7839999999999,61.682,37.9,22.9,27.9
"BOOI4","2024-06-23 08:00",68.6839999999999,92.5,891000,0,6.59,303.8,0.00456692913385827,71.222,72.698,67.7839999999999,61.7179999999999,38,22.8,28
"BOOI4","2024-06-23 09:00",71.456,87.5,1504800,0,4.974,328.3,0.00940944881889764,71.6179999999999,72.572,67.838,61.7359999999999,37.9,22.8,28
"BOOI4","2024-06-23 10:00",74.3359999999999,80.4,2084400,0,5.424,323.5,0.0144488188976378,72.482,72.446,67.838,61.7539999999999,37.9,22.8,28
"BOOI4","2024-06-23 11:00",77.306,74.2,2431800,0,5.533,317.7,0.0181102362204724,73.688,72.2839999999999,67.874,61.7539999999999,37.9,22.8,28
"BOOI4","2024-06-23 12:00",78.7279999999999,71.19,2684160,0,5.417,302.4,0.0208661417322835,74.9839999999999,72.1939999999999,67.856,61.7539999999999,37.9,22.7,28
"BOOI4","2024-06-23 13:00",80.906,66.35,3200400,0,5.394,282.5,0.0259055118110236,76.5859999999999,72.122,67.8919999999999,61.79,37.9,22.7,28
"BOOI4","2024-06-23 14:00",82.7239999999999,59.48,3128400,0,4.678,282.5,0.0261023622047244,78.1699999999999,72.1039999999999,67.9099999999999,61.8079999999999,37.9,22.7,28
"BOOI4","2024-06-23 15:00",84.398,55.79,3153600,0,5.66,280.5,0.0275590551181102,79.3579999999999,72.1579999999999,67.9099999999999,61.8079999999999,37.9,22.7,27.9
"BOOI4","2024-06-23 16:00",86.3239999999999,52.52,2597760,0,4.587,275.6,0.0241732283464567,80.2579999999999,72.2659999999999,67.9279999999999,61.8259999999999,37.8,22.6,27.9
"BOOI4","2024-06-23 17:00",86.4319999999999,52.26,2341080,0,4.635,261.1,0.0222047244094488,80.7619999999999,72.464,67.946,61.8439999999999,37.9,22.6,27.9
"BOOI4","2024-06-23 18:00",89.0419999999999,49.11,1762920,0,3.417,261.4,0.0167322834645669,80.906,72.68,67.9279999999999,61.8439999999999,37.9,22.6,27.9
"BOOI4","2024-06-23 19:00",88.5739999999999,48.13,1068480,0,2.269,229.3,0.0101574803149606,80.6179999999999,72.9319999999999,67.9279999999999,61.8619999999999,37.9,22.6,27.9
"BOOI4","2024-06-23 20:00",85.0099999999999,52.86,561960,0,1.735,185.1,0.00492125984251969,79.9519999999999,73.2019999999999,67.946,61.8619999999999,37.9,22.6,27.9
"BOOI4","2024-06-23 21:00",79.8439999999999,71.81,90540,0,0.923,95.3,-0.00015748031496063,78.7099999999999,73.49,67.964,61.88,38,22.6,27.9
"BOOI4","2024-06-23 22:00",77.7739999999999,75.92,1065.6,0,2.096,84.3,0.000275590551181102,77.7919999999999,73.7419999999999,67.964,61.898,38,22.6,27.9
"BOOI4","2024-06-23 23:00",75.146,81.9,0,0,4.724,97.1,0.00078740157480315,76.946,73.9939999999999,68.0179999999999,61.9159999999999,38,22.6,27.9
"BOOI4","2024-06-24 00:00",73.598,84.9,0,0,4.164,106.9,0.00031496062992126,76.2079999999999,74.156,68.0539999999999,61.9159999999999,38,22.5,27.9
"BOOI4","2024-06-24 01:00",72.3019999999999,86.6,0,0,4.515,107.6,0.000196850393700787,75.5419999999999,74.2999999999999,68.0539999999999,61.9519999999999,38,22.5,27.9
"BOOI4","2024-06-24 02:00",70.9339999999999,90.2,0,0,5.17,111.2,0.000196850393700787,74.93,74.372,68.1259999999999,61.9699999999999,38,22.5,27.9
"BOOI4","2024-06-24 03:00",70.3579999999999,92.7,0,0,4.645,109.9,-7.8740157480315e-05,74.4079999999999,74.4079999999999,68.18,61.988,38,22.5,27.9
"BOOI4","2024-06-24 04:00",71.4739999999999,91.4,0,0,5.194,134.3,-7.8740157480315e-05,74.03,74.4079999999999,68.2339999999999,61.988,38,22.5,27.9
"BOOI4","2024-06-24 05:00",70.7179999999999,93,0,0,4.427,140.7,-0.00015748031496063,73.688,74.4079999999999,68.288,62.006,38,22.5,27.9
"BOOI4","2024-06-24 06:00",70.232,94.7,43668,0.01,5.025,134.3,-3.93700787401575e-05,73.3819999999999,74.3539999999999,68.3419999999999,62.006,38,22.5,27.9
"BOOI4","2024-06-24 07:00",70.5739999999999,94.6,165924,0.01,5.2,128,0.00110236220472441,73.1839999999999,74.282,68.396,62.006,37.9,22.4,27.9
"BOOI4","2024-06-24 08:00",72.8779999999999,90.6,513000,0,6.016,136.7,0.00350393700787402,73.13,74.1919999999999,68.4319999999999,62.006,37.9,22.4,27.9
"BOOI4","2024-06-24 09:00",76.64,82.7,1082880,0,9.56,156.6,0.00862204724409449,73.346,74.0839999999999,68.4679999999999,62.0599999999999,37.9,22.4,27.9
"BOOI4","2024-06-24 10:00",81.2119999999999,74.32,1858320,0,12.2,167.3,0.0161811023622047,74.0119999999999,73.9939999999999,68.522,62.0419999999999,37.9,22.4,27.9
"BOOI4","2024-06-24 11:00",83.588,70.55,2523960,0,13.63,172,0.0231496062992126,74.948,73.8679999999999,68.5939999999999,62.0779999999999,37.9,22.4,27.9
"BOOI4","2024-06-24 12:00",86.8099999999999,69.09,2916000,0,13.32,168.7,0.0273228346456693,76.1539999999999,73.796,68.63,62.114,37.8,22.4,27.9
"BOOI4","2024-06-24 13:00",88.3039999999999,66.76,3160800,0,13.52,172.5,0.030511811023622,77.5759999999999,73.7239999999999,68.6119999999999,62.096,37.8,22.3,27.9
"BOOI4","2024-06-24 14:00",90.7159999999999,63.09,3279600,0,14.24,169.3,0.0333464566929134,78.89,73.688,68.6659999999999,62.1499999999999,37.8,22.3,27.9
"BOOI4","2024-06-24 15:00",90.8599999999999,65.09,2458080,0,12.91,169,0.0279133858267717,79.7539999999999,73.7239999999999,68.648,62.1499999999999,37.8,22.3,27.9
"BOOI4","2024-06-24 16:00",92.5159999999999,65.73,2433240,0,12.91,175.1,0.027992125984252,80.2759999999999,73.796,68.7019999999999,62.1679999999999,37.8,22.3,27.9
"BOOI4","2024-06-24 17:00",93.848,66.91,2181240,0,12.16,178.5,0.0257874015748032,80.8339999999999,73.9039999999999,68.7199999999999,62.1319999999999,37.8,22.3,27.8
"BOOI4","2024-06-24 18:00",93.3079999999999,64.11,1721160,0,13.45,190.9,0.0237795275590551,81.0679999999999,74.0659999999999,68.7199999999999,62.1859999999999,37.9,22.3,27.8
"BOOI4","2024-06-24 19:00",92.2999999999999,67.13,1080360,0,13.49,197.5,0.0186220472440945,80.8519999999999,74.264,68.738,62.2039999999999,37.9,22.2,27.8
"BOOI4","2024-06-24 20:00",89.8339999999999,72.77,576000,0,11.38,199.7,0.0119685039370079,80.3839999999999,74.4439999999999,68.756,62.2039999999999,37.9,22.2,27.8
"BOOI4","2024-06-24 21:00",86.0539999999999,79.31,93240,0,8.59,198.9,0.00507874015748032,79.5739999999999,74.714,68.7919999999999,62.24,37.9,22.2,27.8
"BOOI4","2024-06-24 22:00",84.8119999999999,81,882,0,8.04,196.2,0.00173228346456693,78.9079999999999,74.8939999999999,68.8279999999999,62.2579999999999,37.9,22.2,27.8
"BOOI4","2024-06-24 23:00",85.046,79.18,0,0,9.91,203.4,0.00196850393700787,78.3859999999999,75.056,68.8279999999999,62.24,38,22.2,27.8
"BOOI4","2024-06-25 00:00",84.056,79.73,0,0,9.43,211.6,0.00188976377952756,77.9539999999999,75.1999999999999,68.8819999999999,62.2759999999999,38,22.1,27.8
"BOOI4","2024-06-25 01:00",84.5419999999999,73.38,0,0,9.9,212.9,0.00236220472440945,77.5579999999999,75.3259999999999,68.9359999999999,62.2939999999999,38,22.1,27.8
"BOOI4","2024-06-25 02:00",84.8839999999999,68.21,0,0,11.22,218,0.0034251968503937,77.1439999999999,75.38,68.972,62.33,38,22.1,27.8
"BOOI4","2024-06-25 03:00",84.3079999999999,67.19,0,0,12.46,225,0.00381889763779528,76.748,75.4519999999999,69.0079999999999,62.33,38,22.1,27.8
"BOOI4","2024-06-25 04:00",81.7519999999999,71.63,0,0,10.49,245.1,0.00299212598425197,76.298,75.4699999999999,69.0619999999999,62.3659999999999,38,22.1,27.8
"BOOI4","2024-06-25 05:00",81.23,72.45,0,0,10.69,249.2,0.0028740157480315,75.938,75.4519999999999,69.098,62.33,38,22.1,27.8
"BOOI4","2024-06-25 06:00",77.9359999999999,80.8,9046.8,0,8.82,254.5,0.00196850393700787,75.5599999999999,75.4339999999999,69.1519999999999,62.3839999999999,38,22.1,27.9
"BOOI4","2024-06-25 07:00",79.196,80.1,277092,0,7.222,265.9,0.00381889763779528,75.2899999999999,75.398,69.1699999999999,62.4019999999999,38,22,27.9
"BOOI4","2024-06-25 08:00",82.256,83.2,773280,0,4.6,305.8,0.00677165354330709,75.272,75.3619999999999,69.2419999999999,62.3839999999999,38,22,27.9
"BOOI4","2024-06-25 09:00",83.0659999999999,81.9,1212840,0,5.718,43.79,0.0103543307086614,75.74,75.3079999999999,69.2779999999999,62.438,37.9,22,27.9
"BOOI4","2024-06-25 10:00",84.3259999999999,78.88,1266480,0,5.715,17.62,0.0119291338582677,76.4779999999999,75.2359999999999,69.332,62.438,37.9,22,27.9
"BOOI4","2024-06-25 11:00",85.2439999999999,74.26,2224440,0,7.587,41.12,0.0197637795275591,77.4859999999999,75.164,69.3679999999999,62.4739999999999,37.9,22,27.9
"BOOI4","2024-06-25 12:00",87.1699999999999,71.49,2811600,0,6.103,88.3,0.024251968503937,78.872,75.1279999999999,69.422,62.456,37.9,22,27.9
"BOOI4","2024-06-25 13:00",88.2859999999999,68.02,3121200,0,6.668,58.58,0.0279527559055118,80.438,75.1099999999999,69.44,62.4739999999999,37.9,21.9,27.9
"BOOI4","2024-06-25 14:00",90.464,60.62,3297600,0,5.555,38.74,0.0295669291338583,81.914,75.146,69.4579999999999,62.5279999999999,37.9,21.9,27.9
"BOOI4","2024-06-25 15:00",90.7339999999999,64.72,3006000,0,5.982,5.874,0.0283070866141732,83.1919999999999,75.2179999999999,69.4939999999999,62.4919999999999,37.9,21.9,27.9
"BOOI4","2024-06-25 16:00",91.472,61.66,2443320,0,6.265,23.78,0.0237795275590551,83.7499999999999,75.3619999999999,69.5119999999999,62.546,37.9,22,27.9
"BOOI4","2024-06-25 17:00",89.8879999999999,62.81,2223360,0,6.148,26.27,0.0226771653543307,84.0019999999999,75.5239999999999,69.548,62.564,37.9,21.9,27.9
"BOOI4","2024-06-25 18:00",89.5099999999999,63.53,1738080,0,7.054,20,0.0190551181102362,83.7859999999999,75.722,69.5659999999999,62.564,37.9,21.9,27.9
"BOOI4","2024-06-25 19:00",88.3759999999999,67.31,1077480,0,8.16,48.05,0.014251968503937,83.1919999999999,75.9919999999999,69.6019999999999,62.5999999999999,37.9,21.9,27.9
"BOOI4","2024-06-25 20:00",81.1579999999999,73.74,544680,0,5.986,100.5,0.00755905511811024,82.13,76.2079999999999,69.638,62.6179999999999,37.9,21.9,27.9
"BOOI4","2024-06-25 21:00",79.3759999999999,76.51,101736,0,1.519,132.3,-7.8740157480315e-05,81.0499999999999,76.4419999999999,69.6739999999999,62.6359999999999,37.9,21.9,27.9
"BOOI4","2024-06-25 22:00",78.8359999999999,75.1,748.8,0,2.563,115.7,0.000196850393700787,80.0599999999999,76.6759999999999,69.6919999999999,62.6359999999999,37.9,21.9,27.9
"BOOI4","2024-06-25 23:00",76.964,71.11,0,0,7.658,317,0.00196850393700787,79.2859999999999,76.856,69.7279999999999,62.69,38,21.8,28
"BOOI4","2024-06-26 00:00",70.9159999999999,89.5,0,0,8.07,234.7,0.00094488188976378,78.2419999999999,76.9999999999999,69.7999999999999,62.69,38,21.8,28
"BOOI4","2024-06-26 01:00",69.872,94.4,0,0,2.754,112,-0.00047244094488189,77.5039999999999,77.072,69.8539999999999,62.7079999999999,38,21.8,28
"BOOI4","2024-06-26 02:00",69.8359999999999,93.1,0,0,3.837,49.18,-0.000393700787401575,76.874,77.1259999999999,69.9079999999999,62.7259999999999,38,21.8,27.9
"BOOI4","2024-06-26 03:00",69.8179999999999,93.6,0,0,3.886,38.35,-0.000354330708661417,76.298,77.1259999999999,69.9619999999999,62.7259999999999,38,21.8,28
"BOOI4","2024-06-26 04:00",68.4499999999999,95.1,0,0,2.232,345.7,-0.00062992125984252,75.7939999999999,77.1079999999999,70.0339999999999,62.7439999999999,38,21.8,28
"BOOI4","2024-06-26 05:00",67.2619999999999,97.3,0,0,3.309,272.8,-0.000551181102362205,75.3259999999999,77.0179999999999,70.0699999999999,62.798,37.9,21.8,28
"BOOI4","2024-06-26 06:00",67.64,98.6,2491.2,0,4.005,271.2,-0.000590551181102362,74.8579999999999,76.982,70.1419999999999,62.78,37.9,21.8,28
"BOOI4","2024-06-26 07:00",68.864,96.9,121572,0,3.264,244.8,0.00062992125984252,74.5519999999999,76.8919999999999,70.196,62.816,37.9,21.8,28
"BOOI4","2024-06-26 08:00",72.68,81.2,748080,0,5.088,337,0.00476377952755906,74.4079999999999,76.7659999999999,70.2499999999999,62.8339999999999,37.9,21.7,28
"BOOI4","2024-06-26 09:00",77.4499999999999,61.71,1433520,0,6.665,349.8,0.0123622047244095,74.5519999999999,76.6579999999999,70.2859999999999,62.8339999999999,37.9,21.7,28
"BOOI4","2024-06-26 10:00",77.306,50.73,2079000,0,12.72,20.82,0.0236614173228346,74.7859999999999,76.514,70.34,62.8699999999999,37.8,21.7,28
"BOOI4","2024-06-26 11:00",80.4019999999999,45.1,2612160,0,8.72,23.46,0.0263779527559055,75.398,76.3699999999999,70.3579999999999,62.888,37.8,21.7,28
"BOOI4","2024-06-26 12:00",81.8239999999999,48.18,3016800,0,7.847,13.43,0.029251968503937,76.5679999999999,76.2439999999999,70.3939999999999,62.906,37.8,21.7,28
"BOOI4","2024-06-26 13:00",83.3539999999999,41.72,3261600,0,8.23,2.004,0.032007874015748,77.8999999999999,76.1539999999999,70.448,62.9419999999999,37.8,21.7,28
"BOOI4","2024-06-26 14:00",84.7759999999999,42.35,3319200,0,8.26,0.737,0.0335826771653543,79.088,76.0999999999999,70.4839999999999,62.9599999999999,37.7,21.6,28
"BOOI4","2024-06-26 15:00",85.5859999999999,39.18,3168000,0,8.53,357.7,0.0330314960629921,80.0239999999999,76.064,70.4839999999999,62.9599999999999,37.7,21.6,28.1
"BOOI4","2024-06-26 16:00",84.3259999999999,42.26,2840400,0,9.41,359.3,0.0317322834645669,80.564,76.0999999999999,70.5199999999999,62.9779999999999,37.7,21.6,28.1
"BOOI4","2024-06-26 17:00",85.0999999999999,44.65,2178720,0,8.32,356.8,0.0259842519685039,80.6539999999999,76.2079999999999,70.5199999999999,62.996,37.7,21.6,28.1
"BOOI4","2024-06-26 18:00",83.8939999999999,45.13,1812600,0,7.813,354.7,0.0221653543307087,80.456,76.298,70.556,63.014,37.7,21.6,28.1
"BOOI4","2024-06-26 19:00",82.346,46.75,1083960,0,7.088,359.6,0.0158267716535433,79.88,76.4779999999999,70.556,63.0319999999999,37.7,21.6,28.1
"BOOI4","2024-06-26 20:00",79.6279999999999,54.2,621360,0,5.316,7.827,0.0091732283464567,79.0519999999999,76.622,70.556,63.0679999999999,37.7,21.5,28.1
"BOOI4","2024-06-26 21:00",73.9759999999999,63.1,154260,0,4.456,13.29,0.00350393700787402,77.8999999999999,76.7839999999999,70.5739999999999,63.0859999999999,37.7,21.5,28.1
"BOOI4","2024-06-26 22:00",70.196,71.31,1026,0,3.513,14.36,0.000984251968503937,76.838,76.8919999999999,70.6099999999999,63.0859999999999,37.7,21.5,28.1
"BOOI4","2024-06-26 23:00",68.522,71.97,0,0,3.43,14.53,0.00062992125984252,75.9199999999999,76.9999999999999,70.6279999999999,63.14,37.8,21.5,28
"BOOI4","2024-06-27 00:00",65.264,79.05,0,0,3.081,9.43,0.000433070866141732,75.0919999999999,77.072,70.646,63.14,37.8,21.5,28
"BOOI4","2024-06-27 01:00",64.9039999999999,79.87,0,0,3.965,21.03,0.000433070866141732,74.372,77.09,70.664,63.1759999999999,37.8,21.5,28
"BOOI4","2024-06-27 02:00",62.888,85.4,0,0,2.689,14.29,-0.000118110236220472,73.688,77.0539999999999,70.7179999999999,63.1939999999999,37.7,21.4,28
"BOOI4","2024-06-27 03:00",63.4099999999999,84.2,0,0,3.109,338.1,-0.000118110236220472,73.148,76.982,70.7359999999999,63.23,37.7,21.4,28
"BOOI4","2024-06-27 04:00",62.906,85.8,0,0,2.824,342.5,-0.000196850393700787,72.68,76.8919999999999,70.772,63.248,37.7,21.4,28
"BOOI4","2024-06-27 05:00",63.0499999999999,85,0,0,1.881,355.4,-0.00047244094488189,72.2119999999999,76.7839999999999,70.8079999999999,63.248,37.7,21.4,28
"BOOI4","2024-06-27 06:00",62.096,88.3,20844,0,2.288,27.16,-0.00031496062992126,71.7619999999999,76.622,70.8439999999999,63.2659999999999,37.7,21.4,28
"BOOI4","2024-06-27 07:00",65.4259999999999,84.4,346680,0,3.842,74.22,0.00110236220472441,71.4199999999999,76.4779999999999,70.88,63.2659999999999,37.7,21.4,28
"BOOI4","2024-06-27 08:00",68.1439999999999,78.39,860760,0,6.326,119.1,0.00610236220472441,71.3119999999999,76.3159999999999,70.9339999999999,63.3019999999999,37.6,21.4,28
"BOOI4","2024-06-27 09:00",70.196,75.34,1356120,0,8.33,132.6,0.0110236220472441,71.582,76.1179999999999,70.898,63.3019999999999,37.6,21.4,27.9
"BOOI4","2024-06-27 10:00",73.922,70.72,2003040,0,7.963,143.7,0.0157086614173228,72.2119999999999,75.938,70.9339999999999,63.356,37.6,21.4,27.9
"BOOI4","2024-06-27 11:00",75.9199999999999,68.1,2739600,0,8.62,159.6,0.0219685039370079,73.3279999999999,75.7939999999999,70.9519999999999,63.3919999999999,37.5,21.4,28
"BOOI4","2024-06-27 12:00",75.9739999999999,62.51,1815480,0,8.12,169.1,0.0176771653543307,74.2279999999999,75.6319999999999,70.9519999999999,63.4099999999999,37.5,21.4,28
"BOOI4","2024-06-27 13:00",76.064,64.09,1350720,0,7.551,165.5,0.0150787401574803,74.498,75.506,70.9339999999999,63.3919999999999,37.5,21.4,28
"BOOI4","2024-06-27 14:00",74.6779999999999,68.44,659880,0,6.457,152.7,0.0094488188976378,74.4079999999999,75.4159999999999,70.9699999999999,63.4279999999999,37.5,21.3,28
"BOOI4","2024-06-27 15:00",74.5699999999999,69.7,571680,0,6.674,139.8,0.00874015748031496,74.1919999999999,75.4159999999999,70.9519999999999,63.464,37.5,21.3,28
"BOOI4","2024-06-27 16:00",74.3539999999999,75.42,496440,0,6.89,124.5,0.00783464566929134,73.9039999999999,75.38,70.9339999999999,63.4819999999999,37.5,21.3,28
"BOOI4","2024-06-27 17:00",74.2999999999999,74.96,517320,0,6.97,118.3,0.00755905511811024,73.7779999999999,75.398,70.9339999999999,63.464,37.5,21.3,28
"BOOI4","2024-06-27 18:00",75.7039999999999,73.28,855000,0,9.04,124.7,0.0104330708661417,73.7779999999999,75.398,70.9159999999999,63.4999999999999,37.4,21.3,28
"BOOI4","2024-06-27 19:00",75.3079999999999,75.48,556200,0,11.07,126.5,0.00940944881889764,73.7779999999999,75.398,70.9159999999999,63.5539999999999,37.4,21.2,28
"BOOI4","2024-06-27 20:00",74.4259999999999,76.62,291960,0,11.27,128,0.00720472440944882,73.58,75.398,70.88,63.5539999999999,37.4,21.2,28
"BOOI4","2024-06-27 21:00",72.806,81.6,46260,0,10.61,131.2,0.00488188976377953,73.2199999999999,75.3439999999999,70.898,63.5899999999999,37.4,21.2,28
"BOOI4","2024-06-27 22:00",72.23,85.2,338.4,0,9.18,141.7,0.0012992125984252,72.8599999999999,75.3439999999999,70.8619999999999,63.572,37.4,21.2,28
"BOOI4","2024-06-27 23:00",71.564,87.8,0,0,9.35,143.9,0.00102362204724409,72.5539999999999,75.3259999999999,70.8619999999999,63.6079999999999,37.4,21.2,28
"BOOI4","2024-06-28 00:00",69.3499999999999,93.7,0,0.03,7.562,140.2,0.000590551181102362,72.248,75.2899999999999,70.8619999999999,63.6259999999999,37.4,21.2,28
"BOOI4","2024-06-28 01:00",68.5939999999999,94.9,0,0.04,8.76,119,0.000275590551181102,71.996,75.2359999999999,70.8439999999999,63.6259999999999,37.5,21.2,28
"BOOI4","2024-06-28 02:00",68.1079999999999,94.7,0,0.05,11.4,124.4,0.000433070866141732,71.7079999999999,75.164,70.8619999999999,63.6619999999999,37.4,21.2,28
"BOOI4","2024-06-28 03:00",67.2259999999999,96.9,0,0.06,13.59,127.8,0.000196850393700787,71.3659999999999,75.0919999999999,70.8259999999999,63.68,37.4,21.2,28
"BOOI4","2024-06-28 04:00",67.5499999999999,95.6,0,0.06,14.36,128.5,0.000275590551181102,71.0419999999999,75.0019999999999,70.8259999999999,63.68,37.4,21.2,27.9
"BOOI4","2024-06-28 05:00",67.388,96.8,0,0.04,10.14,117.3,0.000196850393700787,70.7899999999999,74.8939999999999,70.8439999999999,63.7159999999999,37.4,21.2,28
"BOOI4","2024-06-28 06:00",66.8839999999999,97.4,39.6,0.04,14.21,113.6,0.000196850393700787,70.5739999999999,74.732,70.8259999999999,63.7339999999999,37.4,21.2,27.9
"BOOI4","2024-06-28 07:00",66.1999999999999,98.9,3736.8,0.04,14.92,120.5,0.000511811023622047,70.1419999999999,74.6419999999999,70.8079999999999,63.7519999999999,39.9,21.5,28
"BOOI4","2024-06-28 08:00",66.5599999999999,98.6,33804,0.04,14.7,137.3,0.000511811023622047,69.9439999999999,74.498,70.8079999999999,63.7699999999999,39.4,22.1,28
"BOOI4","2024-06-28 09:00",67.406,98.3,59256,0.04,9.23,139.3,0.00062992125984252,69.89,74.2999999999999,70.8259999999999,63.788,39,22.3,27.9
"BOOI4","2024-06-28 10:00",67.4419999999999,99,188712,0.03,10.3,145,0.00125984251968504,69.9079999999999,74.156,70.8439999999999,63.788,38.8,22.3,27.9
"BOOI4","2024-06-28 11:00",70.88,96.6,873000,0.03,10.45,144.6,0.00523622047244095,70.106,73.9759999999999,70.8259999999999,63.806,38.8,22.3,27.9
"BOOI4","2024-06-28 12:00",73.2739999999999,92.8,1206000,0.03,13.22,164.9,0.0078740157480315,70.664,73.7779999999999,70.8079999999999,63.806,38.7,22.3,27.9
"BOOI4","2024-06-28 13:00",72.8599999999999,92.1,313920,0.02,11.7,177.8,0.00354330708661417,71.006,73.6159999999999,70.8079999999999,63.8419999999999,38.6,22.2,27.9
"BOOI4","2024-06-28 14:00",72.896,92.6,504720,0.02,12.1,172.8,0.00484251968503937,71.096,73.49,70.7899999999999,63.8779999999999,38.5,22.2,27.9
"BOOI4","2024-06-28 15:00",74.4619999999999,92.4,746640,0.01,11.02,172.6,0.00610236220472441,71.24,73.3819999999999,70.7359999999999,63.896,38.4,22.2,27.9
"BOOI4","2024-06-28 16:00",74.048,92.2,758880,0.01,11.39,168.7,0.00633858267716536,71.546,73.256,70.7179999999999,63.914,38.4,22.1,28
"BOOI4","2024-06-28 17:00",74.4439999999999,93.2,559440,0.01,11.1,157.1,0.00503937007874016,71.798,73.1659999999999,70.664,63.932,38.3,22,28
"BOOI4","2024-06-28 18:00",74.4619999999999,94.7,731160,0,9.74,149.2,0.00559055118110236,72.032,73.1119999999999,70.6279999999999,63.9499999999999,38.2,22,28
"BOOI4","2024-06-28 19:00",75.938,93.2,588960,0.01,7.552,156.4,0.0044488188976378,72.2839999999999,73.022,70.5739999999999,63.9499999999999,38.2,21.9,28
"BOOI4","2024-06-28 20:00",75.8839999999999,93.8,551880,0,8.26,162.1,0.00362204724409449,72.5179999999999,72.9859999999999,70.5739999999999,63.9499999999999,38.1,22,28
"BOOI4","2024-06-28 21:00",75.398,96.9,179820,0,5.705,161.5,0.000236220472440945,72.4279999999999,72.9499999999999,70.538,63.9679999999999,38.1,22,28
"BOOI4","2024-06-28 22:00",74.5699999999999,98.5,3178.8,0.01,1.648,163.4,-0.000196850393700787,72.356,72.9319999999999,70.4659999999999,63.9679999999999,38.1,21.9,28
"BOOI4","2024-06-28 23:00",74.372,99,0,0,2.177,204,-0.000236220472440945,72.248,72.896,70.43,64.022,38.1,21.9,28
"BOOI4","2024-06-29 00:00",73.346,100,0,0,2.956,216.8,-0.000236220472440945,72.1039999999999,72.896,70.4119999999999,64.0399999999999,38,21.9,28
"BOOI4","2024-06-29 01:00",72.68,100,0,0,3.75,238.4,-0.000236220472440945,71.9419999999999,72.8599999999999,70.3579999999999,64.0399999999999,38,21.8,28.1
"BOOI4","2024-06-29 02:00",71.7259999999999,100,0,0.01,1.969,263.4,-0.000275590551181102,71.798,72.8239999999999,70.34,64.0759999999999,38,21.8,28.1
"BOOI4","2024-06-29 03:00",69.656,100,0,0,2.289,253.6,-0.000275590551181102,71.564,72.806,70.3039999999999,64.0759999999999,38,21.8,28.2
"BOOI4","2024-06-29 04:00",67.7659999999999,100,0,0,1.235,221,-0.00031496062992126,71.3119999999999,72.7519999999999,70.2679999999999,64.0579999999999,38,21.8,28.1
"BOOI4","2024-06-29 05:00",68.99,100,0,0,0,0,-0.000393700787401575,71.006,72.7159999999999,70.232,64.1119999999999,38,21.7,28.2
"BOOI4","2024-06-29 06:00",69.7999999999999,98.7,11905.2,0,3.941,303.2,-0.00015748031496063,70.8259999999999,72.6619999999999,70.196,64.1119999999999,37.9,21.8,28.1
"BOOI4","2024-06-29 07:00",70.0339999999999,97.4,105732,0,2.122,281.4,0.000551181102362205,70.7899999999999,72.572,70.1599999999999,64.0939999999999,37.9,21.8,28.1
"BOOI4","2024-06-29 08:00",70.214,95.7,142524,0.01,5.564,320.6,0.00145669291338583,70.7899999999999,72.4999999999999,70.124,64.13,37.9,21.7,28.1
"BOOI4","2024-06-29 09:00",71.096,89,448560,0,6.331,303.6,0.00381889763779528,70.88,72.4099999999999,70.106,64.148,37.9,21.7,28.2
"BOOI4","2024-06-29 10:00",74.93,73.28,1520280,0,7.577,319.6,0.0119291338582677,71.2039999999999,72.338,70.0699999999999,64.148,37.8,21.7,28.2
"BOOI4","2024-06-29 11:00",75.5599999999999,64.86,2102040,0,9.66,327.6,0.0192913385826772,71.906,72.248,70.0339999999999,64.148,37.8,21.7,28.2
"BOOI4","2024-06-29 12:00",74.8939999999999,63.3,1891440,0,9.61,311.7,0.0188582677165354,72.4279999999999,72.1759999999999,70.0159999999999,64.13,37.8,21.6,28.2
"BOOI4","2024-06-29 13:00",74.1919999999999,66.55,2757600,0,12.22,308.3,0.0240551181102362,73.0039999999999,72.122,69.98,64.1839999999999,37.8,21.6,28.2
"BOOI4","2024-06-29 14:00",75.1999999999999,64.69,3024000,0,13.69,313.4,0.0255118110236221,73.7419999999999,72.0679999999999,69.9259999999999,64.1839999999999,37.8,21.6,28.2
"BOOI4","2024-06-29 15:00",75.2899999999999,63.14,2874600,0,11.56,320.6,0.0246062992125984,74.4619999999999,72.0679999999999,69.9259999999999,64.2019999999999,37.7,21.6,28.2
"BOOI4","2024-06-29 16:00",75.9739999999999,63.46,2694960,0,10.78,319.7,0.0234645669291339,75.056,72.0859999999999,69.89,64.1839999999999,37.7,21.5,28.3
"BOOI4","2024-06-29 17:00",73.6519999999999,64.65,1899720,0.01,9.69,338.4,0.0187007874015748,75.3619999999999,72.1039999999999,69.872,64.2199999999999,37.7,21.5,28.3
"BOOI4","2024-06-29 18:00",72.6439999999999,63.7,1721880,0,10.56,354.8,0.0171653543307087,75.1999999999999,72.1939999999999,69.7999999999999,64.238,37.7,21.5,28.3
"BOOI4","2024-06-29 19:00",71.2759999999999,63.17,1039680,0,9.53,347.4,0.0124803149606299,74.732,72.23,69.8179999999999,64.2199999999999,37.6,21.5,28.3
"BOOI4","2024-06-29 20:00",68.2519999999999,69.14,615600,0,7.839,348.8,0.00755905511811024,74.0119999999999,72.3199999999999,69.746,64.256,37.6,21.5,28.3
"BOOI4","2024-06-29 21:00",63.6619999999999,77.97,162216,0,5.615,359.5,0.00224409448818898,73.0939999999999,72.374,69.764,64.238,37.6,21.5,28.3
"BOOI4","2024-06-29 22:00",61.0519999999999,85.1,1501.2,0,3.102,350.9,0,72.23,72.4099999999999,69.7279999999999,64.2199999999999,37.6,21.4,28.3
"BOOI4","2024-06-29 23:00",58.6759999999999,90.5,0,0,2.103,341.1,-0.000433070866141732,71.4919999999999,72.4099999999999,69.7099999999999,64.238,37.6,21.4,28.3
"BOOI4","2024-06-30 00:00",58.046,91.2,0,0,2.42,295.7,-0.000433070866141732,70.6279999999999,72.3919999999999,69.6919999999999,64.256,37.6,21.4,28.3
"BOOI4","2024-06-30 01:00",56.9659999999999,92.2,0,0,3.29,302.1,-0.00031496062992126,69.9619999999999,72.3019999999999,69.656,64.256,37.5,21.4,28.3
"BOOI4","2024-06-30 02:00",56.7319999999999,91.7,0,0,2.198,308.6,-0.000551181102362205,69.3859999999999,72.248,69.656,64.256,37.6,21.3,28.3
"BOOI4","2024-06-30 03:00",56.8399999999999,89.1,0,0,2.574,336.6,-0.000433070866141732,68.8819999999999,72.14,69.656,64.256,37.5,21.3,28.3
"BOOI4","2024-06-30 04:00",55.3099999999999,91.6,0,0,4.27,339.1,-0.00015748031496063,68.4499999999999,71.9779999999999,69.6199999999999,64.256,37.5,21.3,28.3
"BOOI4","2024-06-30 05:00",54.4099999999999,92.1,0,0,4.348,345.4,-0.000236220472440945,68.0359999999999,71.8339999999999,69.6199999999999,64.2919999999999,37.4,21.3,28.3
"BOOI4","2024-06-30 06:00",53.7079999999999,92.7,18165.6,0,2.683,3.421,-0.000393700787401575,67.64,71.6539999999999,69.6019999999999,64.2739999999999,37.5,21.2,28.3
"BOOI4","2024-06-30 07:00",56.7319999999999,87.6,283536,0,3.077,12.28,0.00031496062992126,67.2439999999999,71.438,69.5839999999999,64.2739999999999,37.4,21.3,28.4
"BOOI4","2024-06-30 08:00",60.314,83.5,591480,0,4.589,18.29,0.0037007874015748,67.064,71.24,69.5659999999999,64.256,37.4,21.2,28.4
"BOOI4","2024-06-30 09:00",63.4999999999999,75.83,1251360,0,5.439,52.34,0.0081496062992126,67.19,71.0239999999999,69.548,64.2919999999999,37.3,21.3,28.4
"BOOI4","2024-06-30 10:00",66.3439999999999,69.09,1826280,0,6.938,78.72,0.0131496062992126,67.7839999999999,70.8259999999999,69.5119999999999,64.2919999999999,37.3,21.2,28.4
"BOOI4","2024-06-30 11:00",67.0279999999999,63.77,1810800,0.01,6.08,64.54,0.0146456692913386,68.7199999999999,70.6099999999999,69.4939999999999,64.2919999999999,37.3,21.2,28.4
"BOOI4","2024-06-30 12:00",69.332,58.35,2604240,0,4.812,102.1,0.0194488188976378,69.8539999999999,70.43,69.44,64.2919999999999,37.2,21.2,28.4
"BOOI4","2024-06-30 13:00",70.898,57.53,2793960,0,4.135,100.4,0.0209842519685039,71.2759999999999,70.3039999999999,69.3859999999999,64.3099999999999,37.2,21.2,28.4
"BOOI4","2024-06-30 14:00",71.7439999999999,58.25,2752920,0,3.121,75.2,0.0207086614173228,72.788,70.232,69.332,64.2919999999999,37.2,21.1,28.4
"BOOI4","2024-06-30 15:00",72.806,54.53,2341440,0,3.093,93.2,0.018503937007874,73.814,70.214,69.296,64.3099999999999,37.2,21.1,28.4
"BOOI4","2024-06-30 16:00",73.472,56.29,2451240,0,3.24,23.02,0.0194094488188976,74.7679999999999,70.2679999999999,69.2419999999999,64.3099999999999,37.2,21.1,28.3
"BOOI4","2024-06-30 17:00",73.9939999999999,56.25,1997640,0,5.524,50.49,0.0177165354330709,75.3259999999999,70.3939999999999,69.188,64.3099999999999,37.2,21,28.3
"BOOI4","2024-06-30 18:00",73.256,54.16,1520280,0,7.393,61.29,0.0159842519685039,75.3619999999999,70.5739999999999,69.1699999999999,64.2919999999999,37.2,21,28.3
"BOOI4","2024-06-30 19:00",72.4279999999999,55.38,884880,0,8.88,66.39,0.0131496062992126,74.732,70.7899999999999,69.098,64.2739999999999,37.2,21,28.3
"BOOI4","2024-06-30 20:00",70.34,58.71,479520,0,8.17,86,0.00933070866141732,73.814,71.006,69.0619999999999,64.2919999999999,37.2,21,28.3
"BOOI4","2024-06-30 21:00",66.6319999999999,67.73,83808,0,4.903,103.6,0.0028740157480315,72.806,71.2039999999999,69.0079999999999,64.3099999999999,37.2,21.1,28.3
"BOOI4","2024-06-30 22:00",64.3999999999999,74.83,1051.2,0,3.91,107.9,0.000866141732283465,71.9779999999999,71.3839999999999,68.99,64.2919999999999,37.2,21,28.3
"BOOI4","2024-06-30 23:00",62.906,79.48,0,0,3.28,105.7,0.000511811023622047,71.24,71.564,68.9539999999999,64.3279999999999,37.3,21,28.3
"BOOI4","2024-07-01 00:00",62.798,78.38,0,0,3.063,124.1,0.000393700787401575,70.5919999999999,71.6539999999999,68.9539999999999,64.3099999999999,37.3,21,28.3
"BOOI4","2024-07-01 01:00",62.0419999999999,79.27,0,0,1.765,139.7,-7.8740157480315e-05,69.89,71.7439999999999,68.9359999999999,64.2919999999999,37.3,21,28.3
"BOOI4","2024-07-01 02:00",60.314,83.5,0,0,4.217,126.9,0.00047244094488189,69.314,71.7439999999999,68.9359999999999,64.3279999999999,37.3,21,28.3
"BOOI4","2024-07-01 03:00",58.8019999999999,88.5,0,0,5.013,122.7,0.000275590551181102,68.846,71.7439999999999,68.9359999999999,64.3099999999999,37.3,21,28.3
"BOOI4","2024-07-01 04:00",59.2699999999999,90.2,0,0,4.466,116.7,3.93700787401575e-05,68.4679999999999,71.7079999999999,68.9359999999999,64.3279999999999,37.2,20.9,28.3
"BOOI4","2024-07-01 05:00",59.396,87,0,0,7.226,119,0.00031496062992126,68.198,71.6179999999999,68.9359999999999,64.3279999999999,37.2,20.9,28.3
"BOOI4","2024-07-01 06:00",58.5499999999999,88.1,10026,0,7.144,121.6,0.000354330708661417,67.8199999999999,71.4919999999999,68.9179999999999,64.3099999999999,37.2,20.9,28.3
"BOOI4","2024-07-01 07:00",61.214,82.3,311760,0,7.584,139.7,0.00165354330708661,67.496,71.3839999999999,68.9359999999999,64.3099999999999,37.1,20.9,28.3
"BOOI4","2024-07-01 08:00",61.5019999999999,81.6,555840,0,9.63,136.5,0.00519685039370079,67.388,71.2759999999999,68.9359999999999,64.3099999999999,37.2,20.9,28.3
"BOOI4","2024-07-01 09:00",62.8699999999999,78.66,727200,0,11.99,142.3,0.00736220472440945,67.388,71.1319999999999,68.9539999999999,64.2919999999999,37.1,20.9,28.3
"BOOI4","2024-07-01 10:00",63.1939999999999,73.08,891360,0,11.67,144.5,0.00952755905511811,67.4419999999999,70.9699999999999,68.9539999999999,64.2919999999999,37.1,20.9,28.3
"BOOI4","2024-07-01 11:00",64.0579999999999,71.31,1078560,0,12.48,150.4,0.0114173228346457,67.514,70.8439999999999,68.9179999999999,64.2919999999999,37.1,20.9,28.3
"BOOI4","2024-07-01 12:00",64.8499999999999,68.85,1304280,0,13.27,146.2,0.0133858267716536,67.73,70.6999999999999,68.9359999999999,64.3099999999999,37.1,20.9,28.3
"BOOI4","2024-07-01 13:00",64.256,72.1,796680,0.02,14.7,128.1,0.0111417322834646,67.8019999999999,70.5919999999999,68.8999999999999,64.2919999999999,37,20.8,28.2
"BOOI4","2024-07-01 14:00",64.49,72.18,652320,0.02,13.19,128.3,0.00976377952755906,67.73,70.5199999999999,68.8819999999999,64.3099999999999,37,20.8,28.2
"BOOI4","2024-07-01 15:00",62.8699999999999,80.7,421200,0.06,10.53,125.3,0.00681102362204724,67.496,70.4119999999999,68.864,64.2919999999999,37,20.8,28.2
"BOOI4","2024-07-01 16:00",64.256,74.39,441000,0.02,9.43,105.4,0.00570866141732283,67.3699999999999,70.3579999999999,68.8279999999999,64.2739999999999,37,20.9,28.2
"BOOI4","2024-07-01 17:00",65.1919999999999,65.08,804960,0,12.18,120,0.0111023622047244,67.388,70.3039999999999,68.8099999999999,64.2739999999999,37,20.8,28.2
"BOOI4","2024-07-01 18:00",67.514,63.82,875880,0,12.01,123.8,0.012007874015748,67.406,70.232,68.7739999999999,64.3099999999999,37,20.8,28.2
"BOOI4","2024-07-01 19:00",69.7999999999999,57.05,878760,0,13.54,125.9,0.0135826771653543,67.4599999999999,70.1599999999999,68.738,64.2739999999999,37,20.8,28.1
"BOOI4","2024-07-01 20:00",67.622,60.85,475560,0,14.25,128.8,0.0120472440944882,67.3159999999999,70.124,68.7199999999999,64.2739999999999,36.9,20.8,28.1
"BOOI4","2024-07-01 21:00",66.9739999999999,65.31,24217.2,0,12.91,127.3,0.00901574803149606,66.9739999999999,70.0339999999999,68.7019999999999,64.256,36.9,20.8,28.1
"BOOI4","2024-07-01 22:00",67.0099999999999,64.59,201.6,0,12.15,130.2,0.00263779527559055,66.6859999999999,69.98,68.6659999999999,64.2919999999999,36.9,20.8,28.1
"BOOI4","2024-07-01 23:00",66.3259999999999,62,0,0,11.31,138.9,0.00263779527559055,66.38,69.9079999999999,68.63,64.2739999999999,36.9,20.8,28.1
"BOOI4","2024-07-02 00:00",67.3339999999999,53.72,0,0,15.01,154.3,0.00366141732283465,66.056,69.8539999999999,68.63,64.238,36.9,20.7,28.2
"BOOI4","2024-07-02 01:00",68.18,54.99,0,0,14.79,170.1,0.00393700787401575,65.714,69.782,68.5399999999999,64.256,36.9,20.7,28.2
"BOOI4","2024-07-02 02:00",64.6159999999999,72.41,0,0,6.724,246,0.00224409448818898,65.498,69.7099999999999,68.5399999999999,64.2739999999999,36.9,20.7,28.2
"BOOI4","2024-07-02 03:00",62.2039999999999,82.3,0,0.01,3.554,151.3,0.00047244094488189,65.4439999999999,69.6739999999999,68.522,64.2739999999999,36.9,20.7,28.2
"BOOI4","2024-07-02 04:00",60.206,93,0,0.03,7.218,151.2,0.000354330708661417,65.246,69.5839999999999,68.4859999999999,64.256,36.9,20.7,28.2
"BOOI4","2024-07-02 05:00",60.4039999999999,96.9,0,0.04,6.352,157.6,-7.8740157480315e-05,64.94,69.4939999999999,68.4499999999999,64.2739999999999,36.9,20.7,28.2
"BOOI4","2024-07-02 06:00",61.772,100,0,0.05,8.61,158.6,-0.000196850393700787,64.7239999999999,69.3859999999999,68.4319999999999,64.238,39,20.8,28.2
"BOOI4","2024-07-02 07:00",63.9679999999999,100,21117.6,0.06,7.301,150.3,0.00015748031496063,64.7239999999999,69.296,68.396,64.2919999999999,38.7,21,28.1
"BOOI4","2024-07-02 08:00",65.3179999999999,100,145260,0.06,9.7,155.6,0.00078740157480315,64.8679999999999,69.1699999999999,68.3779999999999,64.2739999999999,38.4,21.2,28.2
"BOOI4","2024-07-02 09:00",67.388,100,445680,0.07,9.7,157,0.00244094488188976,65.1739999999999,69.0439999999999,68.3239999999999,64.256,38.1,21.3,28.2
"BOOI4","2024-07-02 10:00",68.1259999999999,95.2,659880,0.05,11.76,159.8,0.00405511811023622,65.606,68.9179999999999,68.3239999999999,64.238,38,21.3,28.2
"BOOI4","2024-07-02 11:00",67.7659999999999,96.6,497520,0.03,9.02,158.9,0.00358267716535433,66.0019999999999,68.8279999999999,68.2339999999999,64.256,37.9,21.3,28.2
"BOOI4","2024-07-02 12:00",68.6119999999999,95.7,600120,0.02,6.877,165.4,0.00421259842519685,66.3619999999999,68.7199999999999,68.198,64.2739999999999,37.9,21.3,28.2
"BOOI4","2024-07-02 13:00",69.0259999999999,98.5,416520,0.02,6.525,156.9,0.00299212598425197,66.614,68.648,68.198,64.256,37.8,21.3,28.2
"BOOI4","2024-07-02 14:00",69.6919999999999,99.6,606960,0.01,6.411,152,0.00389763779527559,66.9739999999999,68.63,68.1619999999999,64.2739999999999,38,21.3,28.2
"BOOI4","2024-07-02 15:00",70.6819999999999,100,204372,0.01,3.78,207.1,0.00141732283464567,67.298,68.6119999999999,68.1259999999999,64.238,38,21.4,28.2
"BOOI4","2024-07-02 16:00",71.78,100,358560,0.01,0.647,178.3,0.00267716535433071,67.622,68.5399999999999,68.072,64.256,38.4,22,28.2
"BOOI4","2024-07-02 17:00",76.406,98,1010160,0.01,1.495,57.21,0.00716535433070866,67.9999999999999,68.5399999999999,68.0359999999999,64.2199999999999,38.5,22.4,28.2
"BOOI4","2024-07-02 18:00",77.4319999999999,90.3,1412640,0.01,7.487,266.3,0.0103149606299213,68.972,68.5759999999999,67.982,64.238,38.4,22.4,28.3
"BOOI4","2024-07-02 19:00",75.8839999999999,94.1,174780,0.01,3.487,291.8,0.00200787401574803,69.3679999999999,68.6119999999999,67.964,64.2199999999999,38.3,22.4,28.3
"BOOI4","2024-07-02 20:00",73.3099999999999,97.1,327600,0.01,4.891,326.8,0.00224409448818898,69.44,68.648,67.946,64.2739999999999,38.2,22.3,28.3
"BOOI4","2024-07-02 21:00",71.69,97.3,108036,0.01,3.467,345.5,-0.000669291338582677,69.3679999999999,68.7199999999999,67.8919999999999,64.2199999999999,38.1,22.2,28.3
"BOOI4","2024-07-02 22:00",69.9439999999999,99.6,5047.2,0.01,0.293,8.69,7.8740157480315e-05,69.1699999999999,68.7739999999999,67.8199999999999,64.238,38.1,22.1,28.3
"BOOI4","2024-07-02 23:00",68.5579999999999,100,0,0,0.243,305.1,3.93700787401575e-05,68.864,68.864,67.838,64.238,38.1,22.1,28.3
"BOOI4","2024-07-03 00:00",67.946,100,0,0.01,3.988,304.3,0,68.6119999999999,68.9359999999999,67.8199999999999,64.238,38.1,22.1,28.4
"BOOI4","2024-07-03 01:00",64.9579999999999,99.1,0,0,1.596,302.4,3.93700787401575e-05,68.414,69.0079999999999,67.748,64.2019999999999,38,22,28.4
"BOOI4","2024-07-03 02:00",63.4999999999999,100,0,0.01,0.216,258.7,3.93700787401575e-05,67.964,69.0439999999999,67.748,64.2199999999999,38,22,28.4
"BOOI4","2024-07-03 03:00",64.7239999999999,100,0,0,2.205,278.6,0,67.6039999999999,69.08,67.73,64.2019999999999,38,21.9,28.4
"BOOI4","2024-07-03 04:00",63.8599999999999,100,0,0.01,5.583,283.3,0,67.3699999999999,69.0619999999999,67.7119999999999,64.2199999999999,37.9,21.9,28.4
"BOOI4","2024-07-03 05:00",63.6259999999999,99.9,0,0,4.84,279.9,0,67.172,69.0439999999999,67.6759999999999,64.2019999999999,37.9,21.9,28.4
"BOOI4","2024-07-03 06:00",60.4039999999999,100,14151.6,0,3.733,255.6,3.93700787401575e-05,66.938,69.0079999999999,67.6939999999999,64.1839999999999,37.8,21.8,28.4
"BOOI4","2024-07-03 07:00",64.5439999999999,98.2,278748,0.01,4.895,265.8,-0.000118110236220472,66.7579999999999,68.9359999999999,67.6579999999999,64.1659999999999,37.8,21.8,28.4
"BOOI4","2024-07-03 08:00",68.8999999999999,88.9,750240,0,7.346,275.8,0.00421259842519685,66.722,68.846,67.6579999999999,64.2019999999999,37.8,21.8,28.3
"BOOI4","2024-07-03 09:00",73.598,80.3,1200960,0,8.91,284.9,0.00905511811023622,66.956,68.8099999999999,67.64,64.1839999999999,37.7,21.8,28.3
"BOOI4","2024-07-03 10:00",75.7579999999999,78.8,1589400,0.01,8.41,274.5,0.0132677165354331,67.5499999999999,68.7199999999999,67.622,64.1659999999999,37.8,21.8,28.4
"BOOI4","2024-07-03 11:00",77.4859999999999,79.31,1763280,0,8.38,252.4,0.0149606299212598,68.3419999999999,68.6119999999999,67.6039999999999,64.1839999999999,37.7,21.8,28.4
"BOOI4","2024-07-03 12:00",78.206,77,2025000,0.01,8.42,249.2,0.0173622047244095,69.2599999999999,68.5579999999999,67.5859999999999,64.13,37.7,21.8,28.4
"BOOI4","2024-07-03 13:00",80.0419999999999,71.74,2552040,0,7.986,244,0.0211023622047244,70.214,68.5399999999999,67.5679999999999,64.148,37.6,21.8,28.4
"BOOI4","2024-07-03 14:00",80.1859999999999,71.41,2413440,0,8.79,241,0.0212992125984252,71.2579999999999,68.5579999999999,67.5679999999999,64.148,37.6,21.7,28.4
"BOOI4","2024-07-03 15:00",82.7599999999999,64.41,2872080,0.01,9.64,253.8,0.0255511811023622,72.122,68.6119999999999,67.532,64.13,37.6,21.7,28.4
"BOOI4","2024-07-03 16:00",84.83,59.03,2818440,0,8.34,256.6,0.0261023622047244,73.1659999999999,68.7019999999999,67.496,64.148,37.6,21.7,28.4
"BOOI4","2024-07-03 17:00",82.6159999999999,59.86,1804680,0,8.21,258,0.0198031496062992,73.7779999999999,68.864,67.496,64.13,37.6,21.7,28.3
"BOOI4","2024-07-03 18:00",81.1579999999999,68.29,1183320,0,6.526,244.6,0.0140944881889764,73.814,69.0439999999999,67.4599999999999,64.1119999999999,37.6,21.7,28.3
"BOOI4","2024-07-03 19:00",81.9859999999999,66.77,939960,0.01,6.024,233.7,0.0105905511811024,73.706,69.2239999999999,67.4419999999999,64.1119999999999,37.6,21.7,28.3
"BOOI4","2024-07-03 20:00",79.8619999999999,77.14,568440,0,3.896,224.3,0.00555118110236221,73.5259999999999,69.422,67.4239999999999,64.0939999999999,37.6,21.6,28.3
"BOOI4","2024-07-03 21:00",74.6779999999999,90.6,124092,0,0.869,195.1,-0.000669291338582677,72.8239999999999,69.6199999999999,67.4239999999999,64.1119999999999,37.6,21.6,28.4
"BOOI4","2024-07-03 22:00",70.7539999999999,95.5,586.8,0,1.661,202.6,-0.000511811023622047,72.0499999999999,69.8539999999999,67.406,64.0939999999999,37.6,21.6,28.3
"BOOI4","2024-07-03 23:00",71.1499999999999,93.6,0,0.01,3.877,235.7,-0.000196850393700787,71.5099999999999,69.998,67.406,64.0939999999999,37.6,21.6,28.3
"BOOI4","2024-07-04 00:00",69.764,95,0,0,3.914,212.4,-0.000196850393700787,71.0419999999999,70.106,67.4419999999999,64.0939999999999,37.6,21.6,28.3
"BOOI4","2024-07-04 01:00",70.0519999999999,95.3,0,0,4.348,218.4,-0.000275590551181102,70.6999999999999,70.214,67.4239999999999,64.0579999999999,37.6,21.6,28.3
"BOOI4","2024-07-04 02:00",69.656,95.7,0,0,2.233,225.2,-0.000511811023622047,70.448,70.2679999999999,67.4239999999999,64.0399999999999,37.6,21.6,28.4
"BOOI4","2024-07-04 03:00",68.198,98.1,0,0,2.9,31.39,-0.000511811023622047,70.214,70.322,67.496,64.0759999999999,37.6,21.5,28.4
"BOOI4","2024-07-04 04:00",67.964,98.6,0,0,2.506,32.31,-0.00062992125984252,70.0519999999999,70.3039999999999,67.4779999999999,64.0579999999999,37.6,21.5,28.4
"BOOI4","2024-07-04 05:00",67.514,99.3,0,0,1.539,257,-0.000748031496062992,69.89,70.2679999999999,67.514,64.0759999999999,37.6,21.5,28.4
"BOOI4","2024-07-04 06:00",67.8919999999999,99.4,2127.6,0.01,1.127,78.58,-0.00078740157480315,69.6919999999999,70.232,67.532,64.0579999999999,37.5,21.5,28.4
"BOOI4","2024-07-04 07:00",68.1619999999999,99.1,52020,0,3.501,154.2,0.000433070866141732,69.548,70.1779999999999,67.5499999999999,64.022,37.5,21.5,28.4
"BOOI4","2024-07-04 08:00",69.0079999999999,98.2,106596,0,0.021,159,0.000826771653543307,69.4759999999999,70.124,67.64,64.0759999999999,37.5,21.5,28.4
"BOOI4","2024-07-04 09:00",70.196,96.1,307080,0,2.538,155.2,0.00236220472440945,69.5119999999999,70.088,67.5679999999999,64.0399999999999,37.5,21.5,28.4
"BOOI4","2024-07-04 10:00",73.2019999999999,88.8,1090440,0,8.27,178.9,0.00708661417322835,69.746,70.0339999999999,67.6039999999999,64.022,37.5,21.5,28.4
"BOOI4","2024-07-04 11:00",74.246,83,2473560,0,11.92,174.4,0.0173228346456693,70.4119999999999,69.9619999999999,67.6039999999999,64.0039999999999,37.5,21.5,28.4
"BOOI4","2024-07-04 12:00",76.514,72.49,2826000,0.01,10.88,184.4,0.0217716535433071,71.348,69.9079999999999,67.6039999999999,64.022,37.4,21.5,28.4
"BOOI4","2024-07-04 13:00",76.748,67,3060000,0,10.18,161.9,0.0252755905511811,72.2839999999999,69.8539999999999,67.622,64.0039999999999,37.4,21.5,28.4
"BOOI4","2024-07-04 14:00",77.4319999999999,69.18,2628360,0,8.94,164.8,0.022244094488189,73.256,69.8359999999999,67.622,64.022,37.3,21.5,28.4
"BOOI4","2024-07-04 15:00",77.99,72.1,2788200,0,7.266,190,0.0226771653543307,73.9759999999999,69.9079999999999,67.64,63.9859999999999,37.4,21.4,28.4
"BOOI4","2024-07-04 16:00",78.0439999999999,72.86,2266560,0,7.877,195.3,0.0191338582677165,74.5339999999999,69.998,67.6579999999999,63.9679999999999,37.3,21.4,28.4
"BOOI4","2024-07-04 17:00",80.0779999999999,67.91,2268000,0,8.54,207.6,0.0200787401574803,74.948,70.0699999999999,67.6579999999999,63.9859999999999,37.3,21.4,28.3
"BOOI4","2024-07-04 18:00",80.0239999999999,71.76,1748520,0,10.43,215,0.0170866141732283,75.038,70.2499999999999,67.622,63.9859999999999,37.3,21.4,28.3
"BOOI4","2024-07-04 19:00",77.4499999999999,78.58,640080,0.01,9.89,237.5,0.00964566929133858,74.714,70.3939999999999,67.622,63.9859999999999,37.3,21.4,28.3
"BOOI4","2024-07-04 20:00",76.532,69.38,689760,0,12,288.1,0.0106299212598425,74.246,70.5739999999999,67.64,63.9679999999999,37.3,21.3,28.3
"BOOI4","2024-07-04 21:00",72.7699999999999,73.02,144720,0,9.11,298.4,0.00484251968503937,73.5439999999999,70.7179999999999,67.64,63.9859999999999,37.4,21.3,28.3
"BOOI4","2024-07-04 22:00",69.7999999999999,76.66,792,0,6.152,291.7,0.00161417322834646,72.788,70.898,67.6579999999999,63.9859999999999,37.3,21.3,28.3
"BOOI4","2024-07-04 23:00",66.4339999999999,83.6,0,0,4.742,276.7,0.000866141732283465,72.0859999999999,71.0239999999999,67.6579999999999,63.9499999999999,37.3,21.3,28.3
"BOOI4","2024-07-05 00:00",66.4519999999999,83.7,0,0,5.729,270.3,0.000748031496062992,71.4919999999999,71.096,67.6759999999999,63.9679999999999,37.4,21.3,28.3
"BOOI4","2024-07-05 01:00",63.0499999999999,91.2,0,0,4.799,271.2,0.00047244094488189,70.9339999999999,71.1859999999999,67.6939999999999,63.9679999999999,37.4,21.3,28.3
"BOOI4","2024-07-05 02:00",62.3659999999999,95.1,0,0,4.158,257.9,-3.93700787401575e-05,70.43,71.1859999999999,67.73,63.9499999999999,37.3,21.3,28.3
"BOOI4","2024-07-05 03:00",63.3199999999999,85.8,0,0,7.757,283.6,0.000590551181102362,69.9439999999999,71.1859999999999,67.7659999999999,63.9679999999999,37.3,21.2,28.3
"BOOI4","2024-07-05 04:00",61.7179999999999,89.9,0,0,7.837,283.2,0.00062992125984252,69.4939999999999,71.1319999999999,67.7839999999999,63.9499999999999,37.3,21.2,28.3
"BOOI4","2024-07-05 05:00",61.1779999999999,91,0,0,6.32,281.8,0.00031496062992126,69.0439999999999,71.0779999999999,67.8199999999999,63.9679999999999,37.3,21.2,28.3
"BOOI4","2024-07-05 06:00",60.3679999999999,95.1,12700.8,0,7.302,280.3,0.000236220472440945,68.63,70.9339999999999,67.8019999999999,63.932,37.3,21.2,28.3
"BOOI4","2024-07-05 07:00",62.33,91.8,276192,0.01,9.95,286.3,0.00110236220472441,68.306,70.8259999999999,67.838,63.9499999999999,37.3,21.2,28.3
"BOOI4","2024-07-05 08:00",64.0399999999999,88.1,743040,0,12.23,288.6,0.00484251968503937,68.0539999999999,70.6999999999999,67.9099999999999,63.932,37.2,21.2,28.3
"BOOI4","2024-07-05 09:00",64.5259999999999,86.8,693720,0,14.53,296.9,0.0060236220472441,67.982,70.5739999999999,67.9099999999999,63.914,37.3,21.1,28.3
"BOOI4","2024-07-05 10:00",66.164,85.2,848880,0,14.24,299.3,0.00716535433070866,67.982,70.3939999999999,67.9099999999999,63.932,37.2,21.1,28.3
"BOOI4","2024-07-05 11:00",68.414,80,1810800,0,13.6,300.9,0.012992125984252,68.3419999999999,70.2679999999999,67.946,63.9499999999999,37.2,21.1,28.3
"BOOI4","2024-07-05 12:00",71.3659999999999,73.31,2274480,0,13,305.8,0.017244094488189,68.9359999999999,70.124,67.9279999999999,63.9499999999999,37.1,21.2,28.3
"BOOI4","2024-07-05 13:00",68.8999999999999,79.31,1470240,0,10.12,315.7,0.013503937007874,69.5839999999999,70.0339999999999,67.9279999999999,63.9499999999999,37.1,21.1,28.3
"BOOI4","2024-07-05 14:00",72.3199999999999,74.67,1705320,0,8.37,314.5,0.0130314960629921,69.872,69.9259999999999,67.9279999999999,63.9499999999999,37.1,21.1,28.3
"BOOI4","2024-07-05 15:00",75.0199999999999,61.98,2663280,0,10.7,313.8,0.0219291338582677,70.448,69.89,67.9279999999999,63.9499999999999,37.1,21.1,28.3
"BOOI4","2024-07-05 16:00",75.614,59.99,2754360,0,10.64,317.8,0.0239370078740157,71.3119999999999,69.89,67.9099999999999,63.9499999999999,37,21.1,28.3
"BOOI4","2024-07-05 17:00",76.28,62.18,1985400,0,8.31,315.7,0.0189763779527559,71.888,69.89,67.8919999999999,63.9499999999999,37,21,28.3
"BOOI4","2024-07-05 18:00",74.3359999999999,63.95,1342800,0,7.317,316.3,0.0143700787401575,72.1579999999999,69.9439999999999,67.874,63.932,37,21,28.3
"BOOI4","2024-07-05 19:00",71.7079999999999,78.76,622080,0,8.9,290.1,0.00751968503937008,71.7619999999999,69.998,67.874,63.932,37,21,28.3
"BOOI4","2024-07-05 20:00",69.0259999999999,81.5,491400,0,8.09,281.8,0.00559055118110236,71.3659999999999,70.106,67.856,63.9499999999999,37,21,28.3
"BOOI4","2024-07-05 21:00",66.7759999999999,85.7,41976,0,6.774,290.3,0.0021259842519685,70.772,70.214,67.838,63.932,37.1,20.9,28.3
"BOOI4","2024-07-05 22:00",64.6519999999999,91.5,486,0,4.937,301.4,0.000433070866141732,70.196,70.3039999999999,67.8019999999999,63.932,37.1,20.9,28.3
"BOOI4","2024-07-05 23:00",63.7159999999999,93.6,0,0,4.808,274.6,0.00015748031496063,69.6739999999999,70.3579999999999,67.856,63.9679999999999,37.1,20.9,28.3
"BOOI4","2024-07-06 00:00",62.33,95.7,0,0.01,5.46,268.3,3.93700787401575e-05,69.2239999999999,70.448,67.8199999999999,63.9499999999999,37.1,20.9,28.3
"BOOI4","2024-07-06 01:00",61.898,96.3,0,0,6.47,280.2,3.93700787401575e-05,68.8099999999999,70.43,67.7839999999999,63.932,37.1,20.9,28.3
"BOOI4","2024-07-06 02:00",61.5199999999999,96.6,0,0,5.568,274,0,68.4319999999999,70.43,67.838,63.9499999999999,37.1,21,28.3
"BOOI4","2024-07-06 03:00",60.998,96.2,0,0,6.042,287.9,0,68.09,70.3939999999999,67.8199999999999,63.9679999999999,37.1,20.9,28.3
"BOOI4","2024-07-06 04:00",60.5839999999999,97.1,0,0,4.997,298.9,-3.93700787401575e-05,67.7839999999999,70.322,67.838,63.9499999999999,37,20.9,28.3
"BOOI4","2024-07-06 05:00",58.73,98.5,0,0,3.292,267.7,-0.00015748031496063,67.496,70.196,67.838,63.9679999999999,37,20.9,28.3
"BOOI4","2024-07-06 06:00",59.4859999999999,98.7,9828,0,4.929,271.5,-0.000118110236220472,67.172,70.124,67.856,63.9679999999999,37,20.9,28.3
"BOOI4","2024-07-06 07:00",62.4919999999999,94.8,250200,0,4.01,292.1,-3.93700787401575e-05,66.956,70.0159999999999,67.856,63.9499999999999,37,20.9,28.3
"BOOI4","2024-07-06 08:00",67.874,88.3,721800,0,2.281,259.4,0.00366141732283465,66.9199999999999,69.89,67.8199999999999,63.9499999999999,37,20.9,28.3
"BOOI4","2024-07-06 09:00",73.5079999999999,81.5,1299240,0,1.589,320,0.00826771653543307,67.2439999999999,69.764,67.8199999999999,63.9499999999999,36.9,20.9,28.3
"BOOI4","2024-07-06 10:00",74.696,75.6,1867320,0,2.545,300.8,0.0132283464566929,67.964,69.6199999999999,67.856,63.9499999999999,36.9,20.8,28.3
"BOOI4","2024-07-06 11:00",76.172,70.59,2388960,0,1.946,284.7,0.0176771653543307,69.0619999999999,69.5119999999999,67.8199999999999,63.9679999999999,36.9,20.8,28.3
"BOOI4","2024-07-06 12:00",77.5759999999999,65.16,2822040,0,2.648,247.4,0.0215354330708661,70.3759999999999,69.422,67.8019999999999,63.9499999999999,36.9,20.8,28.3
"BOOI4","2024-07-06 13:00",80.0419999999999,61.05,3052800,0,3.3,227.3,0.0239370078740157,71.798,69.3499999999999,67.8019999999999,63.9499999999999,36.9,20.8,28.3
"BOOI4","2024-07-06 14:00",79.2859999999999,62.95,2948400,0,2.896,193.3,0.0236614173228346,73.1659999999999,69.422,67.7839999999999,63.9499999999999,36.8,20.7,28.3
"BOOI4","2024-07-06 15:00",79.6999999999999,58.65,2069280,0,3.462,177.4,0.0181889763779528,73.9579999999999,69.4759999999999,67.7839999999999,63.9499999999999,36.8,20.7,28.3
"BOOI4","2024-07-06 16:00",80.4739999999999,59.98,2266200,0,4.99,189.6,0.0204724409448819,74.5159999999999,69.638,67.748,63.9499999999999,36.8,20.7,28.3
"BOOI4","2024-07-06 17:00",79.322,63.03,1970280,0,6.442,175.9,0.0191732283464567,74.8039999999999,69.8539999999999,67.73,63.932,36.8,20.6,28.3
"BOOI4","2024-07-06 18:00",81.6259999999999,54.06,1571760,0,5.971,179.7,0.016259842519685,74.8759999999999,70.106,67.7119999999999,63.9679999999999,36.8,20.6,28.3
"BOOI4","2024-07-06 19:00",78.6919999999999,67.02,686160,0,5.787,164,0.0100393700787402,74.498,70.3759999999999,67.7119999999999,63.9499999999999,36.8,20.6,28.3
"BOOI4","2024-07-06 20:00",75.9199999999999,76.48,297720,0,4.777,147.1,0.00503937007874016,73.94,70.664,67.6939999999999,63.9499999999999,36.8,20.6,28.3
"BOOI4","2024-07-06 21:00",73.1659999999999,85.4,44568,0,3.232,165.6,0.00145669291338583,73.364,70.898,67.6939999999999,63.9679999999999,36.9,20.6,28.3
"BOOI4","2024-07-06 22:00",68.09,84,187.2,0,6.714,37.87,0.00110236220472441,72.7339999999999,71.114,67.6759999999999,63.9499999999999,36.9,20.5,28.3
"BOOI4","2024-07-06 23:00",67.1359999999999,87.9,0,0,5.121,51.67,0.000551181102362205,72.122,71.33,67.7119999999999,63.9859999999999,36.9,20.5,28.3
"BOOI4","2024-07-07 00:00",68.072,87.3,0,0,4.084,162.5,0.00047244094488189,71.6359999999999,71.4739999999999,67.7119999999999,63.9679999999999,36.9,20.5,28.3
"BOOI4","2024-07-07 01:00",68.6839999999999,82.2,0,0,3.118,223.4,0.000433070866141732,71.1859999999999,71.582,67.7119999999999,63.9859999999999,36.9,20.5,28.3
"BOOI4","2024-07-07 02:00",66.5779999999999,84.8,0,0,3.257,209.5,0.000433070866141732,70.772,71.6539999999999,67.7659999999999,63.9679999999999,36.9,20.5,28.3
"BOOI4","2024-07-07 03:00",65.7859999999999,86.1,0,0,2.259,149.1,0.00015748031496063,70.3939999999999,71.7079999999999,67.7839999999999,63.9859999999999,37,20.5,28.3
"BOOI4","2024-07-07 04:00",63.9859999999999,91.9,0,0,2.172,172.5,-3.93700787401575e-05,70.0159999999999,71.7259999999999,67.8199999999999,63.9679999999999,37,20.5,28.3
"BOOI4","2024-07-07 05:00",64.1659999999999,90.3,0,0,3.408,153.5,0.000118110236220472,69.6199999999999,71.672,67.9099999999999,63.9679999999999,36.9,20.5,28.3
"BOOI4","2024-07-07 06:00",63.4819999999999,92.6,4438.8,0,2.863,195.1,-7.8740157480315e-05,69.2599999999999,71.6539999999999,67.9279999999999,63.9499999999999,36.9,20.5,28.3
"BOOI4","2024-07-07 07:00",64.0399999999999,93.3,71280,0,2.915,205.7,0.00078740157480315,69.0079999999999,71.582,67.946,63.9679999999999,36.9,20.5,28.3
"BOOI4","2024-07-07 08:00",64.346,93.8,86436,0,4.254,217.5,0.00118110236220473,68.8279999999999,71.5279999999999,67.9999999999999,63.932,36.9,20.5,28.3
"BOOI4","2024-07-07 09:00",64.2919999999999,95,179208,0,6.951,203,0.0018503937007874,68.6839999999999,71.438,68.0179999999999,63.9679999999999,36.9,20.5,28.3
"BOOI4","2024-07-07 10:00",65.2279999999999,95.4,437040,0,9.05,176.5,0.00318897637795276,68.5579999999999,71.33,68.0179999999999,63.9499999999999,36.9,20.5,28.3
"BOOI4","2024-07-07 11:00",72.4099999999999,82.5,1810800,0,4.788,132.2,0.0121259842519685,68.9359999999999,71.222,68.09,63.9499999999999,36.9,20.5,28.3
"BOOI4","2024-07-07 12:00",74.372,80.4,2538360,0,6.286,179,0.0181102362204724,70.106,71.1319999999999,68.072,63.9679999999999,36.9,20.5,28.3
"BOOI4","2024-07-07 13:00",76.9999999999999,75.61,2749320,0,6.823,167.8,0.0206299212598425,71.4019999999999,71.0419999999999,68.09,63.9679999999999,36.9,20.5,28.3
"BOOI4","2024-07-07 14:00",78.1519999999999,65.57,3052800,0,7.533,163.7,0.0242125984251969,72.5359999999999,70.9699999999999,68.1259999999999,63.9499999999999,36.8,20.5,28.3
"BOOI4","2024-07-07 15:00",79.6099999999999,62.45,2998800,0,8.1,165.8,0.0257874015748032,73.6159999999999,70.9519999999999,68.1439999999999,63.9499999999999,36.8,20.5,28.3
"BOOI4","2024-07-07 16:00",81.0679999999999,64.39,2675160,0,5.831,170.6,0.022992125984252,74.5519999999999,71.006,68.1439999999999,63.9679999999999,36.8,20.5,28.3
"BOOI4","2024-07-07 17:00",81.14,58.54,2130480,0,5.086,201.9,0.0190157480314961,75.1099999999999,71.114,68.1439999999999,63.9859999999999,36.7,20.4,28.2
"BOOI4","2024-07-07 18:00",80.3119999999999,60.66,1680120,0,4.742,180.5,0.0155118110236221,75.272,71.24,68.1439999999999,63.9679999999999,36.8,20.4,28.2
"BOOI4","2024-07-07 19:00",80.564,62.46,984240,0,2.735,170.5,0.00897637795275591,75.2359999999999,71.4199999999999,68.1439999999999,63.9679999999999,36.8,20.4,28.2
"BOOI4","2024-07-07 20:00",77.0179999999999,73.04,330840,0,1.784,161.6,0.00338582677165354,74.6779999999999,71.6539999999999,68.1619999999999,63.9859999999999,36.8,20.4,28.2
"BOOI4","2024-07-07 21:00",74.6419999999999,80.5,19015.2,0,0.434,82.7,0.00047244094488189,73.94,71.8339999999999,68.1619999999999,63.9679999999999,36.7,20.3,28.2
"BOOI4","2024-07-07 22:00",70.1419999999999,82.8,147.6,0,3.63,47.44,0.00031496062992126,73.3279999999999,72.0679999999999,68.198,63.9499999999999,36.8,20.3,28.2
"BOOI4","2024-07-07 23:00",62.6539999999999,99.2,0,0.04,9,356.6,0.000118110236220472,69.8179999999999,72.3199999999999,68.198,63.9679999999999,40.2,26.4,28.7
"BOOI4","2024-07-08 00:00",62.7259999999999,96,0,0.05,9.55,25.85,-0.000196850393700787,69.53,72.572,68.3599999999999,64.0399999999999,39.9,25.1,28.6
"BOOI4","2024-07-08 01:00",62.1499999999999,98.1,0,0.06,3.987,41.99,-0.00047244094488189,69.422,72.6259999999999,68.4859999999999,64.022,39.3,24.7,28.6
"BOOI4","2024-07-08 02:00",62.3659999999999,97.3,0,0.06,1.77,95.7,-0.000708661417322835,69.296,72.6439999999999,68.5759999999999,64.0579999999999,39,24.5,28.6
"BOOI4","2024-07-08 03:00",61.898,98.2,0,0.08,1.328,164.4,-0.00078740157480315,69.1699999999999,72.5359999999999,68.63,64.0579999999999,38.8,24.4,28.6
"BOOI4","2024-07-08 04:00",60.44,100,0,0.08,4.846,246.9,-0.00047244094488189,68.8999999999999,72.4279999999999,68.7019999999999,64.0939999999999,38.7,24.5,28.6
"BOOI4","2024-07-08 05:00",59.9539999999999,100,0,0.06,4.636,250.8,-0.000511811023622047,68.63,72.3019999999999,68.7739999999999,64.0939999999999,38.6,24.4,28.6
"BOOI4","2024-07-08 06:00",59.738,100,9342,0.05,4.223,256.7,-0.000511811023622047,68.3419999999999,72.1579999999999,68.7739999999999,64.0579999999999,38.5,24.4,28.6
"BOOI4","2024-07-08 07:00",61.6099999999999,100,231804,0.04,3.437,261.4,-0.000275590551181102,68.1259999999999,72.032,68.8099999999999,64.1119999999999,38.4,24.3,28.7
"BOOI4","2024-07-08 08:00",65.2279999999999,97.1,745200,0.03,6.062,264.2,0.00307086614173228,68.072,71.8519999999999,68.8099999999999,64.0939999999999,38.4,24.3,28.7
"BOOI4","2024-07-08 09:00",68.396,86.6,1293840,0.03,7.629,279.2,0.00763779527559055,68.2519999999999,71.672,68.8279999999999,64.13,38.3,24.3,28.7
"BOOI4","2024-07-08 10:00",71.6359999999999,82,1843920,0.03,6.437,265.6,0.0124409448818898,68.7919999999999,71.5099999999999,68.864,64.13,38.3,24.2,28.7
"BOOI4","2024-07-08 11:00",73.922,76.36,2336760,0.02,5.222,273.7,0.0169685039370079,69.6019999999999,71.348,68.846,64.148,38.2,24.2,28.7
"BOOI4","2024-07-08 12:00",75.9739999999999,69.15,2733120,0.02,4.397,268.1,0.0206692913385827,70.7539999999999,71.1859999999999,68.864,64.1119999999999,38.1,24.2,28.7
"BOOI4","2024-07-08 13:00",77.396,62.87,2948400,0.02,3.668,259.4,0.0230708661417323,71.996,71.1499999999999,68.8279999999999,64.1119999999999,38.1,24.1,28.7
"BOOI4","2024-07-08 14:00",79.2859999999999,63.98,3204000,0.01,6.201,265.3,0.0259842519685039,73.2019999999999,71.096,68.8279999999999,64.148,38.1,24.1,28.7
"BOOI4","2024-07-08 15:00",79.5019999999999,62.35,3171600,0.02,8.22,274.5,0.0268110236220473,74.156,71.1319999999999,68.8099999999999,64.13,38.1,24.2,28.6
"BOOI4","2024-07-08 16:00",79.8259999999999,58.51,2462040,0.01,7.858,284.5,0.0227165354330709,74.8039999999999,71.222,68.7919999999999,64.148,38.1,24.1,28.6
"BOOI4","2024-07-08 17:00",80.4199999999999,63.67,1901160,0,7.751,279.6,0.0188976377952756,75.0739999999999,71.3659999999999,68.7739999999999,64.1839999999999,38.1,24.1,28.6
"BOOI4","2024-07-08 18:00",78.422,67.27,1359720,0.01,6.826,283.9,0.0147244094488189,75.1279999999999,71.546,68.756,64.1839999999999,38.1,24,28.6
"BOOI4","2024-07-08 19:00",79.9339999999999,62.4,970920,0.01,5.514,280.7,0.0107086614173228,74.8939999999999,71.7079999999999,68.738,64.1839999999999,38.1,24,28.6
"BOOI4","2024-07-08 20:00",76.3699999999999,74.73,549360,0,4.583,254.8,0.00618110236220473,74.498,71.8519999999999,68.756,64.1839999999999,38.1,23.9,28.6
"BOOI4","2024-07-08 21:00",74.3359999999999,86.7,39492,0.01,2.022,251.3,0.000826771653543307,73.9579999999999,72.014,68.7199999999999,64.2199999999999,38.1,23.9,28.6
"BOOI4","2024-07-08 22:00",71.8159999999999,91.4,234,0,1.213,255.6,-0.000590551181102362,73.4359999999999,72.1579999999999,68.7199999999999,64.1839999999999,38.1,23.9,28.6
"BOOI4","2024-07-08 23:00",69.9079999999999,86.7,0,0,3.179,279.4,-7.8740157480315e-05,72.8779999999999,72.248,68.738,64.2199999999999,38.1,23.9,28.6
"BOOI4","2024-07-09 00:00",66.5239999999999,94.9,0,0,3.093,253.7,-0.000236220472440945,72.2839999999999,72.356,68.7199999999999,64.2019999999999,38.1,23.9,28.6
"BOOI4","2024-07-09 01:00",66.614,91.4,0,0,3.909,276.7,-0.000118110236220472,71.8339999999999,72.4099999999999,68.738,64.238,38.1,23.9,28.6
"BOOI4","2024-07-09 02:00",64.256,96.7,0,0.01,3.697,261.5,-0.000393700787401575,71.3839999999999,72.4099999999999,68.756,64.238,38.1,23.9,28.6
"BOOI4","2024-07-09 03:00",63.6259999999999,97.7,0,0,3.464,254.6,-0.000433070866141732,70.9699999999999,72.3919999999999,68.756,64.238,38.1,23.8,28.6
"BOOI4","2024-07-09 04:00",63.7339999999999,98.4,0,0,2.605,258.1,-0.00062992125984252,70.5739999999999,72.3919999999999,68.8099999999999,64.256,38.1,23.8,28.6
"BOOI4","2024-07-09 05:00",64.598,96.6,0,0,2.534,288.7,-0.000590551181102362,70.232,72.2839999999999,68.8279999999999,64.238,38.1,23.8,28.6
"BOOI4","2024-07-09 06:00",65.8759999999999,92.2,5572.8,0,2.564,320.7,-0.00047244094488189,69.98,72.23,68.846,64.2739999999999,38.1,23.8,28.6
"BOOI4","2024-07-09 07:00",67.8019999999999,90.2,214776,0,3.326,337.5,0.000433070866141732,69.8179999999999,72.122,68.846,64.2739999999999,38,23.8,28.6
"BOOI4","2024-07-09 08:00",72.0679999999999,84.1,714240,0,3.017,2.953,0.00437007874015748,69.7999999999999,71.9779999999999,68.864,64.2739999999999,38,23.7,28.6
"BOOI4","2024-07-09 09:00",73.5619999999999,82.1,1045800,0,4.306,12.32,0.00791338582677165,69.9439999999999,71.888,68.864,64.2919999999999,38,23.7,28.6
"BOOI4","2024-07-09 10:00",75.6859999999999,75.33,1414080,0.01,4.828,12.62,0.0116535433070866,70.3579999999999,71.7619999999999,68.8819999999999,64.2739999999999,38,23.7,28.6
"BOOI4","2024-07-09 11:00",77.198,70.68,1816920,0,5.135,19.44,0.0151968503937008,70.9699999999999,71.6179999999999,68.8999999999999,64.2739999999999,37.9,23.6,28.6
"BOOI4","2024-07-09 12:00",79.088,65.3,2167920,0,5.286,24.04,0.0184645669291339,71.69,71.5099999999999,68.8819999999999,64.2919999999999,37.9,23.6,28.6
"BOOI4","2024-07-09 13:00",80.1319999999999,65.04,2097000,0,4.89,17.1,0.0187007874015748,72.6259999999999,71.4199999999999,68.8819999999999,64.2919999999999,37.9,23.6,28.6
"BOOI4","2024-07-09 14:00",80.006,63.59,2411280,0.01,5.251,10.72,0.0213385826771654,73.4179999999999,71.3839999999999,68.864,64.2919999999999,37.9,23.6,28.6
"BOOI4","2024-07-09 15:00",80.798,60.75,2219760,0,5.131,17.81,0.0200787401574803,74.0839999999999,71.3659999999999,68.8999999999999,64.3099999999999,37.8,23.6,28.6
"BOOI4","2024-07-09 16:00",82.2019999999999,58.68,2091240,0,4.401,17.69,0.0187795275590551,74.6419999999999,71.4019999999999,68.864,64.3099999999999,37.8,23.5,28.6
"BOOI4","2024-07-09 17:00",82.9039999999999,54.92,2196360,0,4.629,4.845,0.0197244094488189,75.164,71.456,68.864,64.3099999999999,37.8,23.4,28.6
"BOOI4","2024-07-09 18:00",81.8779999999999,57.23,1832400,0,4.723,21.26,0.0169291338582677,75.5419999999999,71.546,68.864,64.3099999999999,37.8,23.4,28.6
"BOOI4","2024-07-09 19:00",81.464,61.78,1035720,0.01,4.504,25.09,0.0109842519685039,75.5419999999999,71.6359999999999,68.864,64.3279999999999,37.8,23.3,28.6
"BOOI4","2024-07-09 20:00",80.5999999999999,61.24,559800,0,2.109,29.1,0.00452755905511811,75.3079999999999,71.7619999999999,68.8099999999999,64.3279999999999,37.8,23.3,28.6
"BOOI4","2024-07-09 21:00",74.822,76.18,111204,0,0.112,348.9,-0.00137795275590551,74.5699999999999,71.8519999999999,68.8099999999999,64.346,37.8,23.3,28.6
"BOOI4","2024-07-09 22:00",71.33,81.2,583.2,0,0.354,294.2,-0.00106299212598425,73.7239999999999,71.9779999999999,68.8279999999999,64.346,37.8,23.3,28.6
"BOOI4","2024-07-09 23:00",68.1259999999999,89.6,0,0,0.944,293.8,-0.000748031496062992,72.9319999999999,72.0679999999999,68.8279999999999,64.3099999999999,37.8,23.3,28.6
"BOOI4","2024-07-10 00:00",66.3439999999999,92.5,0,0,2.19,255.6,-0.000511811023622047,72.248,72.1579999999999,68.8099999999999,64.364,37.8,23.2,28.6
"BOOI4","2024-07-10 01:00",65.498,93.2,0,0,3.198,259.5,-0.000275590551181102,71.7259999999999,72.1579999999999,68.8279999999999,64.3819999999999,37.8,23.2,28.6
"BOOI4","2024-07-10 02:00",64.832,95.3,0,0,3.417,250.3,-0.000433070866141732,71.2939999999999,72.1579999999999,68.8099999999999,64.3819999999999,37.8,23.2,28.6
"BOOI4","2024-07-10 03:00",65.4079999999999,94.2,0,0,3.714,263.6,-0.000393700787401575,70.9519999999999,72.1579999999999,68.8099999999999,64.346,37.8,23.2,28.6
"BOOI4","2024-07-10 04:00",66.2179999999999,95.9,0,0,4.129,253.1,-0.000433070866141732,70.664,72.1039999999999,68.846,64.364,37.8,23.1,28.6
"BOOI4","2024-07-10 05:00",65.8939999999999,96.6,0,0,4.127,247.9,-0.00047244094488189,70.448,72.0499999999999,68.864,64.364,37.8,23.1,28.6
"BOOI4","2024-07-10 06:00",66.2899999999999,95.6,2505.6,0,4.032,256.7,-0.00047244094488189,70.2859999999999,71.9419999999999,68.8819999999999,64.3819999999999,37.8,23.1,28.6
"BOOI4","2024-07-10 07:00",66.938,96.2,118368,0,3.776,261,0.00047244094488189,70.1419999999999,71.8519999999999,68.8819999999999,64.3999999999999,37.8,23.1,28.6
"BOOI4","2024-07-10 08:00",72.4999999999999,82.4,619200,0,5.978,290,0.00397637795275591,70.196,71.7259999999999,68.8999999999999,64.364,37.7,23.1,28.6
"BOOI4","2024-07-10 09:00",71.4199999999999,83,937440,0,8.52,310.2,0.0081496062992126,70.3579999999999,71.6539999999999,68.8999999999999,64.3999999999999,37.7,23,28.6
"BOOI4","2024-07-10 10:00",66.0199999999999,91.6,293760,0.15,9.98,264.4,0.00437007874015748,70.1419999999999,71.546,68.9179999999999,64.3999999999999,37.7,23,28.6
"BOOI4","2024-07-10 11:00",73.238,79.56,2097720,0,5.041,32.44,0.0147637795275591,70.3579999999999,71.438,68.9179999999999,64.3999999999999,37.7,23,28.6
"BOOI4","2024-07-10 12:00",77.2339999999999,68.51,2383920,0,5.198,348.1,0.0185433070866142,71.114,71.348,68.8999999999999,64.4179999999999,37.6,22.9,28.6
"BOOI4","2024-07-10 13:00",76.7119999999999,74.31,2480400,0,7.251,285.2,0.0202755905511811,71.9239999999999,71.2939999999999,68.864,64.3819999999999,37.6,22.9,28.6
"BOOI4","2024-07-10 14:00",75.7039999999999,79.3,1762200,0,7.006,262.9,0.0152362204724409,72.59,71.24,68.8999999999999,64.3999999999999,37.6,22.8,28.6
"BOOI4","2024-07-10 15:00",76.874,81,1698840,0,7.066,263.4,0.0139370078740157,72.8239999999999,71.222,68.8819999999999,64.4359999999999,37.6,22.8,28.6
"BOOI4","2024-07-10 16:00",80.006,64.77,2638440,0,5.055,324.8,0.020748031496063,73.49,71.24,68.846,64.4179999999999,37.6,22.8,28.6
"BOOI4","2024-07-10 17:00",77.1619999999999,76.33,1655280,0,5.632,332.4,0.0151968503937008,74.0119999999999,71.2939999999999,68.846,64.4539999999999,37.5,22.8,28.6
"BOOI4","2024-07-10 18:00",77.6659999999999,68.63,1633320,0,7.872,33.2,0.0145275590551181,74.2099999999999,71.348,68.846,64.4179999999999,37.5,22.7,28.6
"BOOI4","2024-07-10 19:00",76.7119999999999,69.59,839160,0,5.567,13.45,0.00909448818897638,74.156,71.4199999999999,68.846,64.4359999999999,37.5,22.7,28.6
"BOOI4","2024-07-10 20:00",72.3919999999999,79.2,530640,0,6.787,37.29,0.00606299212598425,73.8499999999999,71.546,68.846,64.4359999999999,37.6,22.7,28.6
"BOOI4","2024-07-10 21:00",70.34,86.5,106056,0,1.904,33.38,-0.000551181102362205,73.238,71.6359999999999,68.8279999999999,64.4539999999999,37.5,22.7,28.6
"BOOI4","2024-07-10 22:00",69.4039999999999,82.5,522,0,3.233,12.42,0.000275590551181102,72.68,71.7259999999999,68.8099999999999,64.4539999999999,37.5,22.6,28.6
"BOOI4","2024-07-10 23:00",67.388,89.5,0,0,3.264,9.19,0.00015748031496063,72.2119999999999,71.78,68.8279999999999,64.49,37.5,22.6,28.6
"BOOI4","2024-07-11 00:00",67.7659999999999,87.6,0,0,3.296,358.1,0,71.8699999999999,71.798,68.8099999999999,64.472,37.5,22.6,28.6
"BOOI4","2024-07-11 01:00",65.4619999999999,91,0,0,2.725,4.122,-0.00015748031496063,71.546,71.798,68.8099999999999,64.4539999999999,37.5,22.5,28.6
"BOOI4","2024-07-11 02:00",64.922,89.9,0,0,1.953,345.3,-0.000275590551181102,71.222,71.798,68.8099999999999,64.49,37.5,22.5,28.6
"BOOI4","2024-07-11 03:00",63.1759999999999,94.3,0,0,1.45,314.8,-0.000433070866141732,70.7899999999999,71.7259999999999,68.7919999999999,64.49,37.5,22.5,28.6
"BOOI4","2024-07-11 04:00",63.374,94,0,0,2.881,294.7,-0.00031496062992126,70.34,71.672,68.8279999999999,64.472,37.5,22.4,28.6
"BOOI4","2024-07-11 05:00",63.0859999999999,94,0,0,2.838,325.7,-0.00031496062992126,70.0519999999999,71.5999999999999,68.8279999999999,64.472,37.5,22.4,28.6
"BOOI4","2024-07-11 06:00",62.672,94.2,4536,0,2.198,332.5,-0.000354330708661417,69.782,71.5099999999999,68.864,64.49,37.5,22.4,28.6
"BOOI4","2024-07-11 07:00",64.3999999999999,92.3,207324,0.01,3.508,341.9,0.00015748031496063,69.5659999999999,71.3839999999999,68.846,64.5079999999999,37.5,22.4,28.6
"BOOI4","2024-07-11 08:00",68.5399999999999,86.8,722880,0,3.323,9.68,0.00401574803149606,69.44,71.2759999999999,68.8279999999999,64.5079999999999,37.5,22.4,28.6
"BOOI4","2024-07-11 09:00",71.6539999999999,82.3,1325880,0,3.994,20,0.0087007874015748,69.5659999999999,71.1499999999999,68.846,64.5079999999999,37.4,22.4,28.6
"BOOI4","2024-07-11 10:00",76.2259999999999,74.46,1920600,0,2.636,30.94,0.0135433070866142,70.0699999999999,71.0239999999999,68.8279999999999,64.5079999999999,37.4,22.3,28.6
"BOOI4","2024-07-11 11:00",77.4859999999999,71.52,2438640,0,1.844,62.03,0.0181102362204724,70.9519999999999,70.88,68.8279999999999,64.5079999999999,37.4,22.3,28.6
"BOOI4","2024-07-11 12:00",78.08,66.9,2642040,0,4.907,62.42,0.0209448818897638,72.0859999999999,70.8439999999999,68.8099999999999,64.5259999999999,37.3,22.2,28.6
"BOOI4","2024-07-11 13:00",79.4839999999999,64.73,3146400,0,6.481,69.89,0.0256299212598425,73.2919999999999,70.7359999999999,68.8099999999999,64.5079999999999,37.3,22.2,28.6
"BOOI4","2024-07-11 14:00",80.69,64.4,3013200,0.01,6.953,115.3,0.0253543307086614,74.4259999999999,70.7539999999999,68.7919999999999,64.5259999999999,37.3,22.1,28.6
"BOOI4","2024-07-11 15:00",80.9239999999999,61.59,2618640,0,7.458,128,0.0240157480314961,75.3439999999999,70.8079999999999,68.7919999999999,64.5259999999999,37.2,22.1,28.6
"BOOI4","2024-07-11 16:00",81.3919999999999,60.72,2661840,0,7.078,131.7,0.0242125984251969,75.9919999999999,70.9159999999999,68.756,64.5259999999999,37.2,22.1,28.6
"BOOI4","2024-07-11 17:00",81.446,60.54,2309400,0,6.869,135.6,0.021496062992126,76.298,71.0419999999999,68.756,64.5439999999999,37.2,22.1,28.6
"BOOI4","2024-07-11 18:00",81.338,59.6,1603080,0,5.688,130.5,0.0161417322834646,76.3519999999999,71.222,68.7019999999999,64.5259999999999,37.2,22,28.6
"BOOI4","2024-07-11 19:00",80.3119999999999,64.02,988560,0,5.447,123.9,0.0112992125984252,76.1179999999999,71.4019999999999,68.738,64.5259999999999,37.2,22,28.6
"BOOI4","2024-07-11 20:00",77.648,73.19,531360,0,4.531,126.7,0.00590551181102362,75.6859999999999,71.6179999999999,68.6839999999999,64.5619999999999,37.3,22,28.6
"BOOI4","2024-07-11 21:00",74.4259999999999,79.64,73728,0,3.685,112.6,0.00122047244094488,74.9659999999999,71.798,68.7019999999999,64.5439999999999,37.2,21.9,28.6
"BOOI4","2024-07-11 22:00",71.1859999999999,85.3,522,0,4.135,123.1,0.000433070866141732,74.282,71.9599999999999,68.7019999999999,64.5439999999999,37.3,21.9,28.6
"BOOI4","2024-07-11 23:00",70.106,83.2,0,0,3.145,123.6,0,73.6519999999999,72.14,68.6839999999999,64.5439999999999,37.3,21.9,28.6
"BOOI4","2024-07-12 00:00",68.8099999999999,85,0,0,2.843,137.3,0,73.0399999999999,72.248,68.7019999999999,64.5439999999999,37.3,21.9,28.6
"BOOI4","2024-07-12 01:00",68.09,88.1,0,0.01,3.958,134.1,0.000118110236220472,72.5179999999999,72.338,68.7019999999999,64.5619999999999,37.4,21.8,28.6
"BOOI4","2024-07-12 02:00",66.848,91.6,0,0,3.606,131.6,-0.000196850393700787,72.0859999999999,72.374,68.7019999999999,64.5439999999999,37.3,21.8,28.6
"BOOI4","2024-07-12 03:00",65.4439999999999,92.7,0,0,4.24,119.4,-0.000196850393700787,71.672,72.3919999999999,68.7739999999999,64.5619999999999,37.3,21.8,28.6
"BOOI4","2024-07-12 04:00",64.832,93.8,0,0,3.615,121.9,-0.00031496062992126,71.2939999999999,72.374,68.756,64.5619999999999,37.3,21.8,28.6
"BOOI4","2024-07-12 05:00",63.8599999999999,97.4,0,0,2.067,76.03,-0.000669291338582677,70.88,72.3199999999999,68.7739999999999,64.5619999999999,37.4,21.8,28.6
"BOOI4","2024-07-12 06:00",62.5279999999999,97.9,4248,0,2.804,89.6,-0.000551181102362205,70.4839999999999,72.248,68.8279999999999,64.5619999999999,37.3,21.8,28.6
"BOOI4","2024-07-12 07:00",65.1739999999999,95,202068,0,3.004,96.1,-0.00015748031496063,70.1599999999999,72.1579999999999,68.864,64.58,37.3,21.8,28.6
"BOOI4","2024-07-12 08:00",68.5759999999999,92.3,676800,0,5.357,132,0.00362204724409449,70.0339999999999,72.0859999999999,68.846,64.5619999999999,37.3,21.8,28.6
"BOOI4","2024-07-12 09:00",72.1579999999999,87.3,1239840,0,6.782,139.7,0.00803149606299213,70.214,71.9599999999999,68.9179999999999,64.58,37.2,21.8,28.6
"BOOI4","2024-07-12 10:00",74.606,82.3,1861920,0,8.08,130.6,0.0131889763779528,70.6999999999999,71.8699999999999,68.9179999999999,64.5619999999999,37.2,21.7,28.6
"BOOI4","2024-07-12 11:00",77.5759999999999,75.49,2424240,0,9.62,130.8,0.018503937007874,71.4919999999999,71.7619999999999,68.9359999999999,64.58,37.2,21.7,28.6
"BOOI4","2024-07-12 12:00",78.9619999999999,74.87,2809080,0,10.71,146.5,0.0223228346456693,72.446,71.6539999999999,68.9179999999999,64.5619999999999,37.1,21.6,28.6
"BOOI4","2024-07-12 13:00",80.5279999999999,72.03,2984400,0.01,10.87,144.6,0.0244488188976378,73.472,71.582,68.9359999999999,64.5619999999999,37.1,21.6,28.6
"BOOI4","2024-07-12 14:00",81.5359999999999,68.03,3110400,0,10.88,143.4,0.0264173228346457,74.5339999999999,71.5999999999999,68.9359999999999,64.598,37,21.5,28.6
"BOOI4","2024-07-12 15:00",82.0939999999999,73.2,2817720,0,10.59,140.3,0.0247244094488189,75.4159999999999,71.6359999999999,68.9359999999999,64.58,37,21.5,28.6
"BOOI4","2024-07-12 16:00",83.03,71.07,2320200,0,10.68,140,0.0215354330708661,76.0099999999999,71.7439999999999,68.9359999999999,64.598,37,21.5,28.6
"BOOI4","2024-07-12 17:00",83.2999999999999,69.14,1669680,0,9.46,147.5,0.0175984251968504,76.2079999999999,71.8519999999999,68.9179999999999,64.598,37,21.5,28.6
"BOOI4","2024-07-12 18:00",82.922,73.41,802080,0,7.926,139,0.0104330708661417,76.064,71.996,68.9359999999999,64.6159999999999,36.9,21.5,28.6
"BOOI4","2024-07-12 19:00",82.2199999999999,76.23,948600,0,9.22,128.1,0.011259842519685,75.956,72.1939999999999,68.9539999999999,64.6159999999999,36.9,21.4,28.6
"BOOI4","2024-07-12 20:00",80.0419999999999,81.4,481680,0,7.095,124.3,0.0060236220472441,75.722,72.356,68.9179999999999,64.6159999999999,37,21.4,28.6
"BOOI4","2024-07-12 21:00",76.748,89.7,78552,0,4.729,118.2,0.000826771653543307,75.2359999999999,72.5539999999999,68.9539999999999,64.598,37,21.4,28.4
"BOOI4","2024-07-12 22:00",74.9659999999999,92.5,356.4,0,4.364,116.3,3.93700787401575e-05,74.8039999999999,72.698,68.9359999999999,64.598,37,21.3,28.4
"BOOI4","2024-07-12 23:00",74.3179999999999,94,0,0,6.014,125.1,3.93700787401575e-05,74.3539999999999,72.8239999999999,68.9539999999999,64.6339999999999,37,21.3,28.4
"BOOI4","2024-07-13 00:00",73.6519999999999,96.4,0,0,4.98,132.4,-0.000196850393700787,73.9759999999999,72.9319999999999,69.0259999999999,64.598,37,21.3,28.4
"BOOI4","2024-07-13 01:00",73.1659999999999,98.2,0,0,4.948,141.2,-0.00031496062992126,73.6699999999999,73.0039999999999,69.0079999999999,64.6159999999999,37.1,21.3,28.4
"BOOI4","2024-07-13 02:00",72.446,99.5,0,0,4.531,135.7,-0.00047244094488189,73.4179999999999,73.0759999999999,69.0259999999999,64.6159999999999,37.1,21.3,28.5
"BOOI4","2024-07-13 03:00",71.7259999999999,100,0,0,4.572,132.6,-0.000511811023622047,73.1659999999999,73.0939999999999,69.0259999999999,64.598,37.1,21.3,28.4
"BOOI4","2024-07-13 04:00",71.2579999999999,100,0,0,4.496,128.7,-0.000551181102362205,72.914,73.0939999999999,69.098,64.6339999999999,37.1,21.2,28.4
"BOOI4","2024-07-13 05:00",70.3039999999999,100,0,0,4.165,113.4,-0.000551181102362205,72.6619999999999,73.0939999999999,69.1159999999999,64.6339999999999,37.1,21.2,28.4
"BOOI4","2024-07-13 06:00",70.1419999999999,99.4,5443.2,0,5.021,125.7,-0.00047244094488189,72.4279999999999,73.0579999999999,69.1339999999999,64.6339999999999,37.1,21.2,28.4
"BOOI4","2024-07-13 07:00",71.3659999999999,96.9,204588,0,5.838,125.2,-3.93700787401575e-05,72.23,73.0039999999999,69.1699999999999,64.6519999999999,37.1,21.2,28.4
"BOOI4","2024-07-13 08:00",74.0119999999999,92.4,618840,0,5.431,139.9,0.0037007874015748,72.1939999999999,72.9859999999999,69.188,64.6159999999999,37.1,21.2,28.4
"BOOI4","2024-07-13 09:00",76.9099999999999,89,1102320,0,6.616,140.5,0.0078740157480315,72.4279999999999,72.896,69.2419999999999,64.6519999999999,37,21.2,28.4
"BOOI4","2024-07-13 10:00",79.2859999999999,84.1,1151280,0,7.381,158.8,0.00960629921259843,72.9499999999999,72.8419999999999,69.2239999999999,64.6699999999999,37,21.1,28.4
"BOOI4","2024-07-13 11:00",82.346,80.8,2232720,0,9.03,166.2,0.0178346456692913,73.796,72.788,69.2779999999999,64.6519999999999,37,21.1,28.4
"BOOI4","2024-07-13 12:00",84.2539999999999,79.51,2766960,0,10.76,173.5,0.0225196850393701,74.7679999999999,72.7339999999999,69.296,64.6699999999999,36.9,21,28.4
"BOOI4","2024-07-13 13:00",85.2079999999999,75.88,2919600,0,10.92,195,0.0247244094488189,75.83,72.698,69.2779999999999,64.6699999999999,36.9,21.1,28.4
"BOOI4","2024-07-13 14:00",86.414,73.55,2291760,0,11.1,195.5,0.0217322834645669,76.73,72.7339999999999,69.314,64.706,36.8,21,28.4
"BOOI4","2024-07-13 15:00",87.296,72.21,2930400,0,10.61,200.4,0.0263779527559055,77.5759999999999,72.8239999999999,69.332,64.688,36.8,21,28.4
"BOOI4","2024-07-13 16:00",88.0339999999999,72.3,2683080,0,11.09,193.6,0.0251968503937008,78.296,72.914,69.314,64.688,36.8,20.9,28.4
"BOOI4","2024-07-13 17:00",87.6739999999999,74.86,1990800,0,11.22,200.8,0.0205511811023622,78.6919999999999,73.0579999999999,69.3499999999999,64.688,36.8,20.9,28.4
"BOOI4","2024-07-13 18:00",87.746,74.82,1415880,0,10.21,206.7,0.0160236220472441,78.6919999999999,73.2199999999999,69.3499999999999,64.7239999999999,36.7,20.8,28.3
"BOOI4","2024-07-13 19:00",87.638,74.1,944640,0,8.39,214.4,0.0115748031496063,78.6199999999999,73.4179999999999,69.3859999999999,64.706,36.7,20.8,28.3
"BOOI4","2024-07-13 20:00",84.38,81.6,475920,0,5.918,223.4,0.00637795275590551,78.296,73.598,69.3859999999999,64.6699999999999,36.7,20.8,28.3
"BOOI4","2024-07-13 21:00",80.8159999999999,89.7,51120,0,2.287,184.9,0.000551181102362205,77.738,73.7779999999999,69.3859999999999,64.706,36.8,20.8,28.3
"BOOI4","2024-07-13 22:00",78.5119999999999,93.9,320.4,0,2.758,191.4,-0.00015748031496063,77.2159999999999,73.9579999999999,69.3859999999999,64.706,36.8,20.8,28.3
"BOOI4","2024-07-13 23:00",77.8279999999999,96.1,0,0,2.183,198.9,-0.000433070866141732,76.748,74.1019999999999,69.44,64.706,36.8,20.7,28.3
"BOOI4","2024-07-14 00:00",76.9999999999999,96.3,0,0,2.242,179.9,-0.00047244094488189,76.388,74.2099999999999,69.4579999999999,64.7239999999999,36.8,20.7,28.3
"BOOI4","2024-07-14 01:00",76.28,96.6,0,0,3.134,181,-0.000433070866141732,76.0279999999999,74.282,69.4939999999999,64.7239999999999,36.8,20.7,28.3
"BOOI4","2024-07-14 02:00",76.5499999999999,95.2,0,0,4.185,179.6,-0.00031496062992126,75.74,74.3539999999999,69.548,64.7419999999999,36.9,20.8,28.3
"BOOI4","2024-07-14 03:00",75.0019999999999,95.2,0,0,3.598,184.9,-0.000275590551181102,75.4339999999999,74.4079999999999,69.5659999999999,64.7599999999999,36.9,20.8,28.3
"BOOI4","2024-07-14 04:00",73.94,95.3,0,0,3.96,197.1,-0.000275590551181102,75.1099999999999,74.4439999999999,69.6019999999999,64.7599999999999,36.9,20.8,28.3
"BOOI4","2024-07-14 05:00",73.4539999999999,94.5,0,0,3.903,210.5,-0.000275590551181102,74.7859999999999,74.4439999999999,69.638,64.7239999999999,36.9,20.8,28.3
"BOOI4","2024-07-14 06:00",71.8519999999999,97,2365.2,0,1.266,191.8,-0.000708661417322835,74.4439999999999,74.4079999999999,69.6919999999999,64.7419999999999,36.9,20.8,28.4
"BOOI4","2024-07-14 07:00",74.0839999999999,93.3,170604,0,2.601,209.5,0.000118110236220472,74.1739999999999,74.39,69.7279999999999,64.7599999999999,36.9,20.8,28.3
"BOOI4","2024-07-14 08:00",77.5039999999999,85.4,687240,0,6.556,230.7,0.00515748031496063,74.1019999999999,74.3359999999999,69.746,64.7779999999999,36.9,20.8,28.3
"BOOI4","2024-07-14 09:00",79.772,79.46,1263600,0,7.531,230.4,0.0106692913385827,74.264,74.282,69.782,64.7779999999999,36.8,20.7,28.3
"BOOI4","2024-07-14 10:00",79.7899999999999,81,1654200,0,10.15,230.9,0.0144881889763779,74.6419999999999,74.2279999999999,69.8359999999999,64.796,36.8,20.7,28.3
"BOOI4","2024-07-14 11:00",82.0759999999999,80,2007720,0,11.97,246.4,0.0171259842519685,75.146,74.156,69.8539999999999,64.7779999999999,36.8,20.7,28.3
"BOOI4","2024-07-14 12:00",84.0199999999999,78.23,2774520,0,6.458,227.8,0.0223622047244094,76.2079999999999,74.1019999999999,69.9439999999999,64.796,36.7,20.6,28.3
"BOOI4","2024-07-14 13:00",85.9099999999999,78.08,2654280,0,5.91,216.7,0.0219685039370079,77.4319999999999,74.0839999999999,69.9259999999999,64.814,36.6,20.6,28.3
"BOOI4","2024-07-14 14:00",87.5839999999999,76,3164400,0,6.223,207.4,0.0263385826771654,78.8359999999999,74.1019999999999,69.9619999999999,64.832,36.6,20.5,28.3
"BOOI4","2024-07-14 15:00",88.898,75.18,3056400,0,8.9,212,0.0265748031496063,80.006,74.138,69.98,64.832,36.6,20.5,28.3
"BOOI4","2024-07-14 16:00",90.248,73.91,2611800,0,10.15,256.7,0.0244094488188976,80.888,74.2279999999999,69.998,64.832,36.5,20.4,28.3
"BOOI4","2024-07-14 17:00",91.13,68.05,2373480,0,9.88,260.6,0.0232677165354331,81.5179999999999,74.3539999999999,69.98,64.832,36.5,20.4,28.3
"BOOI4","2024-07-14 18:00",89.5099999999999,64.46,1550160,0,9.42,280.4,0.0183464566929134,81.68,74.5339999999999,70.0159999999999,64.832,36.5,20.4,28.3
"BOOI4","2024-07-14 19:00",87.5119999999999,66.76,828360,0,9.98,292.8,0.0142125984251968,81.3019999999999,74.696,70.0159999999999,64.8499999999999,36.5,20.4,28.3
"BOOI4","2024-07-14 20:00",84.5779999999999,74.75,353160,0,6.092,281.2,0.00661417322834646,80.5999999999999,74.8939999999999,70.0339999999999,64.832,36.5,20.4,28.3
"BOOI4","2024-07-14 21:00",79.9159999999999,84.9,109944,0,4.946,271.3,0.00204724409448819,79.7899999999999,75.056,70.088,64.8499999999999,36.5,20.3,28.3
"BOOI4","2024-07-14 22:00",79.448,85.7,612,0,4.057,271.4,0.00047244094488189,79.0699999999999,75.2359999999999,70.106,64.8499999999999,36.5,20.3,28.3
"BOOI4","2024-07-14 23:00",78.1699999999999,88.7,0,0,4.072,284.5,0.000433070866141732,78.422,75.398,70.124,64.8859999999999,36.5,20.3,28.3
"BOOI4","2024-07-15 00:00",76.1179999999999,94.8,0,0,2.097,294.7,-0.000236220472440945,77.846,75.488,70.1599999999999,64.8859999999999,36.5,20.3,28.3
"BOOI4","2024-07-15 01:00",75.038,96.5,0,0,2.062,269.9,-0.000393700787401575,77.288,75.5419999999999,70.214,64.922,36.6,20.3,28.3
"BOOI4","2024-07-15 02:00",74.0839999999999,96.7,0,0,1.112,326.2,-0.000551181102362205,76.838,75.6319999999999,70.232,64.8859999999999,36.6,20.3,28.3
"BOOI4","2024-07-15 03:00",72.806,99.6,0,0,0.908,63,-0.000669291338582677,76.3699999999999,75.6319999999999,70.2859999999999,64.922,36.5,20.3,28.3
"BOOI4","2024-07-15 04:00",73.814,100,0,0,0.802,109.2,-0.000708661417322835,75.8839999999999,75.614,70.34,64.94,36.6,20.3,28.3
"BOOI4","2024-07-15 05:00",73.472,98.9,0,0,2.713,117.5,-0.000511811023622047,75.5419999999999,75.614,70.3759999999999,64.922,36.6,20.3,28.3
"BOOI4","2024-07-15 06:00",71.5099999999999,100,3805.2,0,3.014,166.9,-0.00047244094488189,75.2179999999999,75.596,70.4119999999999,64.9579999999999,36.6,20.3,28.3
"BOOI4","2024-07-15 07:00",72.8779999999999,98.9,190512,0,2.162,133,-0.000236220472440945,74.948,75.506,70.4839999999999,64.9579999999999,36.6,20.4,28.3
"BOOI4","2024-07-15 08:00",76.9099999999999,92.7,673920,0,5.324,159.9,0.00385826771653543,74.8939999999999,75.4339999999999,70.4839999999999,64.9579999999999,36.6,20.4,28.3
"BOOI4","2024-07-15 09:00",80.456,84.8,1217520,0,5.928,173.1,0.00905511811023622,75.164,75.3619999999999,70.538,64.922,36.6,20.4,28.3
"BOOI4","2024-07-15 10:00",84.7579999999999,85.1,1866960,0,8.57,164.9,0.0147637795275591,75.7759999999999,75.2899999999999,70.5739999999999,64.9939999999999,36.5,20.3,28.3
"BOOI4","2024-07-15 11:00",86.4859999999999,79.44,1681200,0,4.471,148.9,0.0143700787401575,76.6759999999999,75.1999999999999,70.6099999999999,64.9939999999999,36.5,20.3,28.3
"BOOI4","2024-07-15 12:00",88.7899999999999,79.87,2687760,0,4.884,134.1,0.0227165354330709,78.1519999999999,75.1279999999999,70.6279999999999,64.9939999999999,36.4,20.3,28.3
"BOOI4","2024-07-15 13:00",89.3119999999999,73.84,3002400,0,6.238,168.6,0.0257874015748032,79.8079999999999,75.0919999999999,70.646,65.03,36.3,20.2,28.3
"BOOI4","2024-07-15 14:00",89.3839999999999,74.55,2787120,0,4.724,171.7,0.0243307086614173,81.3919999999999,75.0739999999999,70.664,65.048,36.3,20.2,28.3
"BOOI4","2024-07-15 15:00",89.1499999999999,75.57,1581840,0,2.989,202,0.0148031496062992,82.2019999999999,75.1099999999999,70.6999999999999,65.03,36.3,20.2,28.3
"BOOI4","2024-07-15 16:00",90.9679999999999,74.16,1279800,0,3.569,218.5,0.0122047244094488,82.0759999999999,75.2359999999999,70.6999999999999,65.0659999999999,36.3,20.2,28.3
"BOOI4","2024-07-15 17:00",79.556,78.32,466560,0,7.048,291.5,0.00704724409448819,81.9499999999999,75.3619999999999,70.7179999999999,65.0839999999999,36.3,20.2,28.3
"BOOI4","2024-07-15 18:00",73.0759999999999,94.5,16225.2,0.03,12.22,309.2,0.00346456692913386,80.546,75.488,70.7359999999999,65.1019999999999,36.2,20.1,28.3
"BOOI4","2024-07-15 19:00",71.8339999999999,97.2,72324,0.04,4.433,86.6,0.00102362204724409,79.2859999999999,75.6319999999999,70.7539999999999,65.1199999999999,36.3,20.1,28.3
"BOOI4","2024-07-15 20:00",73.6699999999999,94.8,342000,0.02,1.636,243,0.0018503937007874,78.638,75.7579999999999,70.7539999999999,65.0839999999999,36.3,20.1,28.3
"BOOI4","2024-07-15 21:00",72.59,97.6,163872,0.01,1.112,257.5,-0.00047244094488189,78.098,75.848,70.7899999999999,65.1199999999999,36.4,20.1,28.3
"BOOI4","2024-07-15 22:00",72.2119999999999,99.5,720,0.01,3.964,235.6,7.8740157480315e-05,77.5579999999999,75.938,70.8259999999999,65.1019999999999,36.4,20.1,28.3
"BOOI4","2024-07-15 23:00",72.2659999999999,100,0,0.01,4.539,238,3.93700787401575e-05,77.0359999999999,75.938,70.8259999999999,65.138,36.4,20.1,28.3
"BOOI4","2024-07-16 00:00",72.3919999999999,100,0,0.01,3.288,258.2,0,76.622,75.9199999999999,70.8619999999999,65.1739999999999,36.4,20.1,28.3
"BOOI4","2024-07-16 01:00",71.5279999999999,100,0,0,1.589,347.6,0,76.2619999999999,75.8659999999999,70.898,65.138,36.4,20.1,28.3
"BOOI4","2024-07-16 02:00",72.2659999999999,97.8,0,0,5.713,346.3,0.000118110236220472,75.9739999999999,75.848,70.898,65.1739999999999,36.4,20.1,28.3
"BOOI4","2024-07-16 03:00",71.3119999999999,95.4,0,0.01,5.01,350.6,0.000236220472440945,75.6499999999999,75.74,70.9699999999999,65.1739999999999,36.4,20.1,28.3
"BOOI4","2024-07-16 04:00",69.7099999999999,95.7,0,0,4.953,354.2,0.00031496062992126,75.3079999999999,75.6499999999999,70.9699999999999,65.1919999999999,36.4,20.1,28.3
"BOOI4","2024-07-16 05:00",67.8919999999999,96.3,0,0,3.694,359.1,0.000236220472440945,74.948,75.5419999999999,70.988,65.2099999999999,36.4,20.1,28.3
"BOOI4","2024-07-16 06:00",66.4339999999999,96.5,4089.6,0,3.022,359.4,0.000196850393700787,74.588,75.4519999999999,71.006,65.2099999999999,36.4,20.1,28.3
"BOOI4","2024-07-16 07:00",67.2619999999999,93.3,191196,0,4.673,344.2,3.93700787401575e-05,74.2279999999999,75.3079999999999,71.0599999999999,65.2279999999999,36.4,20.1,28.3
"BOOI4","2024-07-16 08:00",68.7919999999999,90.1,464760,0.01,4.121,355.2,0.00303149606299213,73.9579999999999,75.1999999999999,71.0599999999999,65.264,36.4,20.1,28.3
"BOOI4","2024-07-16 09:00",72.14,79.12,1201680,0,5.485,0,0.00846456692913386,73.9039999999999,75.038,71.0779999999999,65.246,36.3,20.1,28.3
"BOOI4","2024-07-16 10:00",73.7419999999999,75.78,1532880,0,6.066,0.697,0.0122047244094488,74.0659999999999,74.93,71.0779999999999,65.246,36.3,20,28.3
"BOOI4","2024-07-16 11:00",72.356,79.54,969840,0,5.187,342.2,0.00921259842519685,74.3179999999999,74.732,71.114,65.282,36.2,20,28.3
"BOOI4","2024-07-16 12:00",73.4359999999999,79.22,1031400,0,3.794,354.5,0.00889763779527559,74.372,74.624,71.0599999999999,65.282,36.2,20,28.3
"BOOI4","2024-07-16 13:00",71.9599999999999,85.3,576000,0,4.757,325.9,0.00590551181102362,74.498,74.498,71.0779999999999,65.2999999999999,36.2,20,28.3
"BOOI4","2024-07-16 14:00",72.8779999999999,83.7,830520,0,5.74,283.3,0.00767716535433071,74.48,74.39,71.114,65.2999999999999,36.2,19.9,28.3
"BOOI4","2024-07-16 15:00",74.5699999999999,77.65,1121040,0,5.269,304,0.00992125984251969,74.6599999999999,74.282,71.096,65.3539999999999,36.2,19.9,28.3
"BOOI4","2024-07-16 16:00",73.3279999999999,80.7,618480,0,3.563,326.9,0.00622047244094488,74.7859999999999,74.2279999999999,71.0779999999999,65.3359999999999,36.1,19.9,28.3
"BOOI4","2024-07-16 17:00",78.548,64.25,1946880,0,1.382,4.854,0.0146062992125984,75.3439999999999,74.156,71.0599999999999,65.372,36.1,19.9,28.3
"BOOI4","2024-07-16 18:00",77.1619999999999,69.82,1388880,0,0.952,355.7,0.0103937007874016,76.388,74.0839999999999,71.0599999999999,65.3539999999999,36,19.9,28.3
"BOOI4","2024-07-16 19:00",78.9439999999999,67.52,848520,0,1.199,291.1,0.00641732283464567,76.5679999999999,74.0119999999999,71.0419999999999,65.39,36,19.9,28.3
"BOOI4","2024-07-16 20:00",74.264,82,543960,0,3.946,265.5,0.00468503937007874,76.406,73.9579999999999,71.006,65.4079999999999,36,19.8,28.3
"BOOI4","2024-07-16 21:00",71.7439999999999,86.8,50652,0,3.615,269.8,0.000511811023622047,75.7579999999999,73.9579999999999,71.006,65.4079999999999,36,19.8,28.3
"BOOI4","2024-07-16 22:00",69.9619999999999,90.5,385.2,0,4.257,282.8,0.000196850393700787,75.164,73.94,70.9699999999999,65.4259999999999,36,19.8,28.3
"BOOI4","2024-07-16 23:00",68.648,93.7,0,0,4.597,293.2,0,74.5519999999999,73.9039999999999,70.9699999999999,65.4079999999999,36,19.8,28.3
"BOOI4","2024-07-17 00:00",67.64,94.9,0,0,3.502,303.1,-0.000236220472440945,74.048,73.8859999999999,70.9699999999999,65.4079999999999,36,19.8,28.3
"BOOI4","2024-07-17 01:00",66.938,93.1,0,0,3.561,305.6,-0.000196850393700787,73.598,73.832,70.898,65.4439999999999,36,19.8,28.3
"BOOI4","2024-07-17 02:00",66.6679999999999,88.5,0,0,2.491,334.2,-0.000236220472440945,73.2019999999999,73.7779999999999,70.9339999999999,65.4619999999999,36,19.8,28.3
"BOOI4","2024-07-17 03:00",64.7239999999999,91.8,0,0,1.086,330,-0.000590551181102362,72.7519999999999,73.706,70.8619999999999,65.4439999999999,36,19.7,28.3
"BOOI4","2024-07-17 04:00",62.6359999999999,95.9,0,0,0.251,119.3,-0.000866141732283465,72.1759999999999,73.6339999999999,70.88,65.48,36,19.7,28.4
"BOOI4","2024-07-17 05:00",63.2839999999999,96.4,0,0,0.07,5.504,-0.00094488188976378,71.582,73.5079999999999,70.8619999999999,65.498,36,19.7,28.4
"BOOI4","2024-07-17 06:00",63.0319999999999,94.4,3106.8,0.01,2.508,346.5,-0.000393700787401575,71.1319999999999,73.3999999999999,70.8439999999999,65.48,36,19.7,28.4
"BOOI4","2024-07-17 07:00",64.5439999999999,92.6,188640,0,3.05,353.7,-0.000275590551181102,70.9159999999999,73.2739999999999,70.8259999999999,65.498,36,19.7,28.4
"BOOI4","2024-07-17 08:00",67.3159999999999,87.1,693000,0,4.047,345.2,0.00374015748031496,70.772,73.13,70.8259999999999,65.5159999999999,35.9,19.7,28.4
"BOOI4","2024-07-17 09:00",69.548,75.09,1279440,0,4.27,352.1,0.00874015748031496,70.8259999999999,73.0399999999999,70.772,65.5159999999999,36,19.7,28.4
"BOOI4","2024-07-17 10:00",71.9779999999999,66.26,1885320,0,5.938,8.79,0.0144488188976378,71.2759999999999,72.896,70.7539999999999,65.5159999999999,35.9,19.6,28.4
"BOOI4","2024-07-17 11:00",72.572,63.47,2400840,0,6.141,3.062,0.0187795275590551,72.122,72.7699999999999,70.7539999999999,65.5519999999999,35.9,19.6,28.4
"BOOI4","2024-07-17 12:00",74.588,61.02,2826000,0,6.208,1.067,0.0225984251968504,73.3819999999999,72.6259999999999,70.7179999999999,65.5519999999999,35.8,19.6,28.4
"BOOI4","2024-07-17 13:00",76.0279999999999,57.84,2887200,0,6.381,336.9,0.0238976377952756,74.8039999999999,72.5359999999999,70.664,65.5519999999999,35.7,19.6,28.4
"BOOI4","2024-07-17 14:00",76.4419999999999,58.48,2509560,0,6.734,339.9,0.0218503937007874,75.8659999999999,72.446,70.664,65.5519999999999,35.6,19.5,28.4
"BOOI4","2024-07-17 15:00",76.622,53.57,2937600,0,7.672,342.7,0.0254330708661417,76.856,72.3919999999999,70.6099999999999,65.5699999999999,35.5,19.4,28.4
"BOOI4","2024-07-17 16:00",76.298,52.33,2268720,0,8.06,349.9,0.0222834645669291,77.5759999999999,72.4099999999999,70.5739999999999,65.588,35.5,19.4,28.4
"BOOI4","2024-07-17 17:00",76.73,51.62,1703880,0,7.511,350.9,0.018503937007874,77.5039999999999,72.464,70.5199999999999,65.606,35.5,19.4,28.4
"BOOI4","2024-07-17 18:00",76.4779999999999,51.76,1776600,0,6.475,4.794,0.0180314960629921,77.4319999999999,72.4999999999999,70.538,65.588,35.4,19.4,28.4
"BOOI4","2024-07-17 19:00",75.038,52.37,1060200,0,5.987,15.78,0.0125590551181102,77.09,72.59,70.4659999999999,65.606,35.4,19.3,28.4
"BOOI4","2024-07-17 20:00",72.338,61.82,521640,0,4.819,13.91,0.00665354330708662,76.3519999999999,72.6259999999999,70.448,65.624,35.4,19.3,28.4
"BOOI4","2024-07-17 21:00",67.0279999999999,76.15,98244,0,1.843,9.78,-0.00031496062992126,75.3259999999999,72.698,70.43,65.606,35.4,19.3,28.4
"BOOI4","2024-07-17 22:00",64.238,82.1,392.4,0,0.782,342.6,-0.000866141732283465,74.264,72.7339999999999,70.4119999999999,65.6779999999999,35.4,19.3,28.5
"BOOI4","2024-07-17 23:00",62.7259999999999,83.9,0,0,1.507,341.5,-0.00062992125984252,73.4179999999999,72.7339999999999,70.3759999999999,65.606,35.4,19.3,28.5
"BOOI4","2024-07-18 00:00",61.646,84.1,0,0,1.566,340.7,-0.000590551181102362,72.68,72.7339999999999,70.3579999999999,65.624,35.4,19.3,28.5
"BOOI4","2024-07-18 01:00",60.7099999999999,84.3,0,0,1.627,339.9,-0.000590551181102362,72.014,72.698,70.34,65.6599999999999,35.4,19.3,28.5
"BOOI4","2024-07-18 02:00",59.8819999999999,86,0,0,1.647,344,-0.000590551181102362,71.4019999999999,72.6619999999999,70.322,65.6599999999999,35.4,19.2,28.5
"BOOI4","2024-07-18 03:00",59.6839999999999,85.9,0,0,2.316,348.7,-0.000433070866141732,70.8439999999999,72.572,70.2859999999999,65.6419999999999,35.4,19.2,28.6
"BOOI4","2024-07-18 04:00",57.7939999999999,89.4,0,0,3.117,6.061,-0.000236220472440945,70.322,72.4279999999999,70.2859999999999,65.6599999999999,35.4,19.2,28.5
"BOOI4","2024-07-18 05:00",57.1279999999999,91,0,0,1.26,5.905,-0.000826771653543307,69.8179999999999,72.356,70.232,65.6599999999999,35.4,19.2,28.5
"BOOI4","2024-07-18 06:00",57.29,91.3,3790.8,0,1.054,16.41,-0.000905511811023622,69.3499999999999,72.23,70.2679999999999,65.696,35.4,19.2,28.5
"BOOI4","2024-07-18 07:00",59.7199999999999,87.1,218376,0,1.301,32.07,-0.00047244094488189,68.972,72.0859999999999,70.232,65.6779999999999,35.4,19.2,28.5
"BOOI4","2024-07-18 08:00",62.1319999999999,86.3,636120,0,2.261,30.31,0.0031496062992126,68.7739999999999,71.9779999999999,70.196,65.6599999999999,35.4,19.2,28.5
"BOOI4","2024-07-18 09:00",65.588,83.6,1328400,0,3.353,56.78,0.00779527559055118,68.9179999999999,71.798,70.232,65.6599999999999,35.3,19.2,28.5
"BOOI4","2024-07-18 10:00",69.5839999999999,66.79,1940400,0,3.127,116.6,0.0132677165354331,69.5659999999999,71.6179999999999,70.1779999999999,65.6599999999999,35.3,19.2,28.5
"BOOI4","2024-07-18 11:00",71.456,62.52,2494440,0,3.907,138.3,0.0181889763779528,70.772,71.456,70.1419999999999,65.6779999999999,35.2,19.2,28.5
"BOOI4","2024-07-18 12:00",73.6519999999999,52.74,3024000,0,2.736,81.9,0.022007874015748,72.338,71.348,70.124,65.6599999999999,35.2,19.1,28.4
"BOOI4","2024-07-18 13:00",73.9579999999999,54.24,2093400,0,1.077,330.8,0.0158267716535433,73.7239999999999,71.222,70.106,65.696,35.1,19.1,28.4
"BOOI4","2024-07-18 14:00",72.7699999999999,56.97,1907280,0,2.605,38.15,0.0158661417322835,74.5519999999999,71.1859999999999,70.0699999999999,65.714,35,19,28.4
"BOOI4","2024-07-18 15:00",76.3699999999999,51.52,2327040,0,2.692,73.46,0.0186220472440945,75.3439999999999,71.1859999999999,70.0159999999999,65.714,35,19,28.4
"BOOI4","2024-07-18 16:00",78.0079999999999,56.38,2764800,0,2.729,181.5,0.0215748031496063,76.622,71.2039999999999,69.98,65.714,35,19,28.4
"BOOI4","2024-07-18 17:00",75.4699999999999,54.67,1728360,0,2.546,166.8,0.0145669291338583,77.2699999999999,71.3119999999999,69.9439999999999,65.696,34.9,19,28.4
"BOOI4","2024-07-18 18:00",76.28,49.89,2254320,0,2.968,127,0.0177165354330709,77.7199999999999,71.3839999999999,69.9259999999999,65.696,34.9,18.9,28.4
"BOOI4","2024-07-18 19:00",74.7679999999999,54.81,1225800,0,5.065,95.2,0.0120866141732284,77.8279999999999,71.4739999999999,69.8539999999999,65.6779999999999,34.8,18.9,28.4
"BOOI4","2024-07-18 20:00",73.0939999999999,60.85,559440,0,3.88,116.7,0.00582677165354331,77.18,71.546,69.8359999999999,65.696,34.8,18.8,28.4
"BOOI4","2024-07-18 21:00",69.1339999999999,66.8,96048,0,3.263,113.4,0.000984251968503937,75.938,71.6359999999999,69.7999999999999,65.696,34.8,18.8,28.4
"BOOI4","2024-07-18 22:00",65.8939999999999,76.67,248.4,0,3.248,125.6,0.000275590551181102,74.7499999999999,71.78,69.764,65.714,34.9,18.8,28.4
"BOOI4","2024-07-18 23:00",64.472,78.43,0,0,3.077,124.2,-3.93700787401575e-05,73.688,71.8339999999999,69.746,65.696,34.9,18.8,28.4
"BOOI4","2024-07-19 00:00",63.14,81.7,0,0,3.284,146,-7.8740157480315e-05,72.788,71.888,69.746,65.714,34.9,18.8,28.4
"BOOI4","2024-07-19 01:00",60.6739999999999,86.7,0,0,2.822,165.6,-0.000393700787401575,72.014,71.9599999999999,69.7279999999999,65.714,34.9,18.8,28.4
"BOOI4","2024-07-19 02:00",59.7739999999999,87.4,0,0,1.734,186.3,-0.000866141732283465,71.2759999999999,71.9239999999999,69.7099999999999,65.714,34.9,18.8,28.4
"BOOI4","2024-07-19 03:00",60.0439999999999,89.3,0,0,0.932,194.2,-0.00118110236220473,70.7179999999999,71.906,69.7099999999999,65.696,34.9,18.8,28.4
"BOOI4","2024-07-19 04:00",59.288,92.3,0,0,0.767,204.3,-0.00125984251968504,70.2679999999999,71.8339999999999,69.7099999999999,65.6779999999999,34.9,18.8,28.3
"BOOI4","2024-07-19 05:00",57.8119999999999,94.1,0,0,0.685,205.8,-0.00133858267716536,69.7999999999999,71.7619999999999,69.7099999999999,65.714,34.9,18.8,28.3
"BOOI4","2024-07-19 06:00",57.0199999999999,94.4,2696.4,0,0.995,208.8,-0.00118110236220473,69.314,71.69,69.6919999999999,65.696,34.9,18.8,28.3
"BOOI4","2024-07-19 07:00",60.0439999999999,90.4,183528,0,0.477,146.7,-0.000905511811023622,68.846,71.582,69.6739999999999,65.6779999999999,34.9,18.8,28.3
"BOOI4","2024-07-19 08:00",64.0759999999999,86.2,696600,0,2.942,159.9,0.00346456692913386,68.648,71.456,69.6739999999999,65.6599999999999,34.9,18.8,28.3
"BOOI4","2024-07-19 09:00",68.4859999999999,78.75,1313640,0,5.467,179.9,0.00862204724409449,68.7739999999999,71.3659999999999,69.6739999999999,65.696,34.8,18.8,28.3
"BOOI4","2024-07-19 10:00",71.2039999999999,67.99,1931040,0,6.872,196.1,0.0146062992125984,69.314,71.24,69.656,65.6779999999999,34.8,18.7,28.3
"BOOI4","2024-07-19 11:00",73.58,69.28,2441160,0,7.06,198.6,0.0191732283464567,70.2859999999999,71.114,69.638,65.6779999999999,34.7,18.7,28.3
"BOOI4","2024-07-19 12:00",75.056,67.82,2847600,0,6.474,192.2,0.022244094488189,71.69,71.006,69.6019999999999,65.732,34.7,18.7,28.3
"BOOI4","2024-07-19 13:00",75.3439999999999,60.66,2801520,0,6.008,198.8,0.0229527559055118,73.256,70.9519999999999,69.6199999999999,65.696,34.6,18.6,28.3
"BOOI4","2024-07-19 14:00",78.206,59.61,3135600,0,5.426,193.3,0.0253543307086614,74.696,70.898,69.6199999999999,65.714,34.6,18.6,28.3
"BOOI4","2024-07-19 15:00",77.3239999999999,58.25,2171160,0,5.53,184.6,0.0197244094488189,75.7579999999999,70.9519999999999,69.5659999999999,65.6779999999999,34.5,18.5,28.3
"BOOI4","2024-07-19 16:00",76.6759999999999,59.53,1198080,0,4.512,180.6,0.012755905511811,75.8659999999999,71.006,69.548,65.6599999999999,34.5,18.5,28.3
"BOOI4","2024-07-19 17:00",77.0539999999999,63.04,996480,0,3.71,185.5,0.0105905511811024,75.596,71.096,69.4939999999999,65.6779999999999,34.4,18.4,28.2
"BOOI4","2024-07-19 18:00",76.3699999999999,63.32,783720,0,3.135,196.5,0.00838582677165354,75.3619999999999,71.222,69.4939999999999,65.6779999999999,34.4,18.4,28.2
"BOOI4","2024-07-19 19:00",74.48,71.55,500040,0,3.217,144.4,0.00598425196850394,75.056,71.348,69.4759999999999,65.6779999999999,34.4,18.4,28.3
"BOOI4","2024-07-19 20:00",72.7519999999999,74.2,138132,0,3.836,114.4,0.00366141732283465,74.6419999999999,71.4919999999999,69.44,65.696,34.5,18.4,28.3
"BOOI4","2024-07-19 21:00",70.538,79.51,30276,0,4.249,126.3,0.00200787401574803,74.0659999999999,71.582,69.4039999999999,65.6599999999999,34.4,18.4,28.3
"BOOI4","2024-07-19 22:00",69.53,83.6,0,0,4.122,119.5,0.000866141732283465,73.472,71.69,69.4039999999999,65.6779999999999,34.4,18.4,28.3
"BOOI4","2024-07-19 23:00",68.5939999999999,84.2,0,0,3.601,113.1,0.00062992125984252,73.0039999999999,71.7439999999999,69.3859999999999,65.6599999999999,34.4,18.4,28.3
"BOOI4","2024-07-20 00:00",67.3699999999999,86.7,0,0,3.345,132.7,0.000590551181102362,72.5359999999999,71.8159999999999,69.3859999999999,65.6779999999999,34.5,18.4,28.3
"BOOI4","2024-07-20 01:00",65.0119999999999,93,0,0.03,4.788,160.7,0.000393700787401575,72.0679999999999,71.8339999999999,69.3859999999999,65.6599999999999,34.5,18.4,28.3
"BOOI4","2024-07-20 02:00",64.6699999999999,95.1,0,0.01,4.67,147,0.000196850393700787,71.582,71.8339999999999,69.3859999999999,65.6779999999999,34.5,18.4,28.2
"BOOI4","2024-07-20 03:00",64.7779999999999,97.4,0,0.04,3.692,176.3,0,71.1859999999999,71.78,69.3859999999999,65.6599999999999,34.5,18.4,28.2
"BOOI4","2024-07-20 04:00",63.698,99,0,0.02,4.648,180.4,-3.93700787401575e-05,70.8439999999999,71.798,69.4039999999999,65.6779999999999,34.5,18.4,28.2
"BOOI4","2024-07-20 05:00",63.68,99.4,0,0.02,3.127,176.4,-0.00015748031496063,70.4659999999999,71.7079999999999,69.4039999999999,65.6599999999999,34.5,18.4,28.2
"BOOI4","2024-07-20 06:00",63.9859999999999,99.6,75.6,0.01,2.767,177.1,-0.00015748031496063,70.1779999999999,71.69,69.3679999999999,65.6599999999999,34.6,18.5,28.2
"BOOI4","2024-07-20 07:00",64.0579999999999,100,27237.6,0.01,3.565,217,0.000196850393700787,69.872,71.6359999999999,69.3679999999999,65.6779999999999,34.6,18.5,28.2
"BOOI4","2024-07-20 08:00",64.1659999999999,100,162900,0.01,5.51,229.1,0.000984251968503937,69.5839999999999,71.5279999999999,69.422,65.6419999999999,34.7,18.5,28.2
"BOOI4","2024-07-20 09:00",65.0659999999999,100,293400,0.01,4.822,232.1,0.00181102362204724,69.4759999999999,71.438,69.422,65.6599999999999,34.9,18.4,28.2
"BOOI4","2024-07-20 10:00",64.4539999999999,99.7,459360,0.01,6.378,227.3,0.00275590551181102,69.5119999999999,71.3659999999999,69.4039999999999,65.6419999999999,35.1,18.4,28.2
"BOOI4","2024-07-20 11:00",66.38,98.7,937800,0,5.182,216.9,0.00559055118110236,69.6019999999999,71.2579999999999,69.3859999999999,65.6419999999999,35.2,18.5,28.2
"BOOI4","2024-07-20 12:00",67.3699999999999,94.5,1195560,0.01,4.896,203.6,0.00775590551181103,70.0339999999999,71.1679999999999,69.3859999999999,65.6419999999999,35.2,18.5,28.2
"BOOI4","2024-07-20 13:00",68.8099999999999,88.5,1458360,0.01,5.584,180.7,0.00960629921259843,70.3939999999999,71.096,69.3679999999999,65.6779999999999,35.2,18.5,28.1
"BOOI4","2024-07-20 14:00",68.99,82.5,1418760,0,5.896,162.8,0.0104724409448819,70.88,70.988,69.3859999999999,65.624,35.2,18.5,28.1
"BOOI4","2024-07-20 15:00",71.3659999999999,80.7,2270160,0.01,5.193,150.9,0.0159055118110236,71.4739999999999,70.9159999999999,69.332,65.606,35.2,18.5,28.1
"BOOI4","2024-07-20 16:00",72.572,75.21,2510640,0,4.898,141.8,0.0179527559055118,72.896,70.9159999999999,69.332,65.624,35.2,18.5,28.1
"BOOI4","2024-07-20 17:00",73.6159999999999,74.3,2230200,0.01,4.33,143.5,0.0165354330708661,74.1199999999999,70.8619999999999,69.314,65.6599999999999,35.2,18.5,28.1
"BOOI4","2024-07-20 18:00",71.9239999999999,83.6,958680,0,5.035,155.8,0.00846456692913386,74.498,70.8619999999999,69.314,65.624,35.2,18.5,28.1
"BOOI4","2024-07-20 19:00",71.78,84.1,856440,0.01,5.702,141.4,0.00677165354330709,74.3359999999999,70.88,69.2779999999999,65.606,35.1,18.5,28.1
"BOOI4","2024-07-20 20:00",70.6999999999999,87.4,381960,0,3.997,159.1,0.00291338582677165,73.9579999999999,70.9519999999999,69.2779999999999,65.6419999999999,35.1,18.5,28
"BOOI4","2024-07-20 21:00",67.622,94,63108,0,0.568,160.4,-0.00133858267716536,73.238,70.9519999999999,69.2599999999999,65.6419999999999,35.2,18.5,27.9
"BOOI4","2024-07-20 22:00",67.19,95.9,61.2,0.01,0.024,154.2,-0.000984251968503937,72.4999999999999,71.006,69.2239999999999,65.588,35.1,18.5,27.9
"BOOI4","2024-07-20 23:00",66.272,98,0,0,0.191,240.3,-0.000905511811023622,72.032,71.0599999999999,69.188,65.606,35.1,18.5,27.9
"BOOI4","2024-07-21 00:00",65.9119999999999,97.9,0,0,0,0,-0.000984251968503937,71.672,71.0599999999999,69.2239999999999,65.588,35.1,18.5,27.9
"BOOI4","2024-07-21 01:00",65.048,98.8,0,0,1.252,255.3,-0.000708661417322835,71.3119999999999,71.0599999999999,69.206,65.588,35.1,18.6,27.9
"BOOI4","2024-07-21 02:00",64.2019999999999,99.7,0,0,0.996,203.4,-0.00078740157480315,70.8619999999999,71.0779999999999,69.188,65.606,35.1,18.6,27.9
"BOOI4","2024-07-21 03:00",62.4739999999999,100,0,0,0,0,-0.000984251968503937,70.3939999999999,71.0239999999999,69.1519999999999,65.588,35.1,18.6,27.9
"BOOI4","2024-07-21 04:00",62.9779999999999,100,0,0,0,0,-0.000984251968503937,69.9619999999999,70.988,69.1699999999999,65.588,35.1,18.6,27.9
"BOOI4","2024-07-21 05:00",61.9699999999999,100,0,0,0,0,-0.000984251968503937,69.6019999999999,70.9159999999999,69.1339999999999,65.606,35.1,18.6,27.9
"BOOI4","2024-07-21 06:00",60.332,100,1980,0,0.176,46.53,-0.00094488188976378,69.188,70.8619999999999,69.1339999999999,65.588,35.1,18.6,27.9
"BOOI4","2024-07-21 07:00",62.24,100,105228,0.01,0.004,254.5,-0.00031496062992126,68.8819999999999,70.7899999999999,69.1519999999999,65.588,35.1,18.6,27.9
"BOOI4","2024-07-21 08:00",67.9279999999999,96.6,631800,0,0.654,305.9,0.00295275590551181,68.8999999999999,70.6999999999999,69.1339999999999,65.5699999999999,35.1,18.6,27.9
"BOOI4","2024-07-21 09:00",71.7439999999999,88.9,1223640,0,1.268,347.1,0.00763779527559055,69.2419999999999,70.6099999999999,69.1159999999999,65.5699999999999,35.1,18.6,27.9
"BOOI4","2024-07-21 10:00",73.0399999999999,81,1837440,0,2.473,1.958,0.0126771653543307,69.98,70.4839999999999,69.098,65.5699999999999,35,18.6,27.9
"BOOI4","2024-07-21 11:00",73.3279999999999,77.19,2051280,0,1.781,2.661,0.0148818897637795,71.2579999999999,70.3939999999999,69.08,65.5519999999999,35,18.6,27.9
"BOOI4","2024-07-21 12:00",78.206,65.81,2518560,0,0.693,100.5,0.0184645669291339,72.4999999999999,70.34,69.08,65.5699999999999,35,18.5,27.9
"BOOI4","2024-07-21 13:00",77.0359999999999,64.51,2500920,0,1.331,54,0.0191338582677165,74.1019999999999,70.2859999999999,69.0439999999999,65.5699999999999,34.9,18.5,27.9
"BOOI4","2024-07-21 14:00",78.5839999999999,61.96,2764800,0.01,1.787,38.43,0.021496062992126,75.5599999999999,70.2499999999999,69.0259999999999,65.5159999999999,34.8,18.5,27.9
"BOOI4","2024-07-21 15:00",78.1519999999999,68.24,2980800,0,2.568,28.85,0.0236220472440945,77.3779999999999,70.2499999999999,69.0079999999999,65.5339999999999,34.8,18.5,27.8
"BOOI4","2024-07-21 16:00",78.098,63.96,1537920,0,2.482,42.62,0.0135826771653543,78.2419999999999,70.3039999999999,69.0259999999999,65.5699999999999,34.8,18.5,27.8
"BOOI4","2024-07-21 17:00",80.3119999999999,59,1945440,0,2.816,50.02,0.016496062992126,78.5659999999999,70.3579999999999,68.972,65.5519999999999,34.8,18.4,27.8
"BOOI4","2024-07-21 18:00",81.23,57.56,1643400,0,2.842,35.54,0.0138976377952756,78.98,70.4659999999999,68.9359999999999,65.5519999999999,34.7,18.4,27.8
"BOOI4","2024-07-21 19:00",79.6099999999999,62.8,979560,0,3.198,49.25,0.00909448818897638,78.9619999999999,70.5739999999999,68.9179999999999,65.5699999999999,34.7,18.4,27.8
"BOOI4","2024-07-21 20:00",74.9839999999999,79.09,389520,0.01,2.186,40.08,0.0034251968503937,78.332,70.6819999999999,68.9359999999999,65.5699999999999,34.7,18.3,27.8
"BOOI4","2024-07-21 21:00",71.9419999999999,84.8,41724,0,0.327,91.8,-0.000669291338582677,77.198,70.7899999999999,68.8999999999999,65.5159999999999,34.7,18.3,27.7
"BOOI4","2024-07-21 22:00",69.7279999999999,85.1,36,0,0.437,16.22,-0.00102362204724409,76.0999999999999,70.88,68.864,65.5519999999999,34.7,18.4,27.7
"BOOI4","2024-07-21 23:00",67.0279999999999,91.9,0,0,1.891,65.33,-0.000551181102362205,75.1279999999999,70.9519999999999,68.8999999999999,65.5519999999999,34.8,18.4,27.7
"BOOI4","2024-07-22 00:00",66.3619999999999,93.2,0,0,0.377,126.6,-0.00106299212598425,74.2999999999999,71.006,68.864,65.5519999999999,34.8,18.4,27.7
"BOOI4","2024-07-22 01:00",64.8679999999999,96.5,0,0,0.26,354.5,-0.00114173228346457,73.58,71.0419999999999,68.864,65.5339999999999,34.8,18.4,27.7
"BOOI4","2024-07-22 02:00",65.7859999999999,95.9,0,0,0.823,244.1,-0.000984251968503937,73.0759999999999,71.0419999999999,68.846,65.5339999999999,34.8,18.4,27.6
"BOOI4","2024-07-22 03:00",65.9839999999999,95.8,0,0,0.685,277.8,-0.000984251968503937,72.7519999999999,71.006,68.864,65.5159999999999,34.8,18.4,27.6
"BOOI4","2024-07-22 04:00",64.796,97.5,0,0,0,0,-0.00122047244094488,72.338,70.9699999999999,68.864,65.498,34.8,18.4,27.6
"BOOI4","2024-07-22 05:00",64.58,98.7,0,0,0.509,48.21,-0.00106299212598425,71.906,70.9699999999999,68.8819999999999,65.5339999999999,34.8,18.4,27.6
"BOOI4","2024-07-22 06:00",65.2099999999999,98.5,1476,0,0,0,-0.00118110236220473,71.582,70.88,68.8999999999999,65.5159999999999,34.8,18.4,27.5
"BOOI4","2024-07-22 07:00",65.84,98.4,114444,0.01,0.884,53.96,-0.000393700787401575,71.3659999999999,70.8259999999999,68.8819999999999,65.498,34.8,18.4,27.5
"BOOI4","2024-07-22 08:00",71.456,89.3,736560,0,0.466,65.91,0.00354330708661417,71.4739999999999,70.7539999999999,68.8819999999999,65.498,34.8,18.4,27.4
"BOOI4","2024-07-22 09:00",74.9659999999999,80.3,1186560,0,0.764,108.5,0.00771653543307087,71.906,70.6819999999999,68.864,65.48,34.8,18.4,27.4
"BOOI4","2024-07-22 10:00",78.7099999999999,68.83,1918800,0,1.129,311.3,0.0137007874015748,72.7339999999999,70.6099999999999,68.8819999999999,65.5159999999999,34.7,18.4,27.4
"BOOI4","2024-07-22 11:00",79.0699999999999,69.89,1973520,0,1.696,303.5,0.0151574803149606,73.7599999999999,70.538,68.846,65.5159999999999,34.7,18.3,27.3
"BOOI4","2024-07-22 12:00",80.0599999999999,65.06,3006000,0,3.588,356.8,0.0238188976377953,75.1819999999999,70.4839999999999,68.8819999999999,65.498,34.6,18.3,27.3
"BOOI4","2024-07-22 13:00",77.8099999999999,72.44,1711440,0,3.446,324.8,0.0149212598425197,76.28,70.43,68.846,65.48,34.6,18.3,27.3
"BOOI4","2024-07-22 14:00",73.814,87.3,1163880,0,4.658,192.5,0.0105905511811024,76.622,70.448,68.8279999999999,65.498,34.6,18.3,27.3
"BOOI4","2024-07-22 15:00",73.922,86.9,952920,0,7.218,224.4,0.00830708661417323,75.9919999999999,70.4659999999999,68.8099999999999,65.4619999999999,34.7,18.3,27.3
"BOOI4","2024-07-22 16:00",76.2439999999999,80.2,1728720,0.01,5.478,206.3,0.0138582677165354,76.064,70.538,68.7919999999999,65.48,34.8,18.3,27.2
"BOOI4","2024-07-22 17:00",71.996,92.7,698400,0,4.197,91,0.00551181102362205,75.848,70.5919999999999,68.846,65.48,34.9,18.3,27.2
"BOOI4","2024-07-22 18:00",78.6199999999999,76.49,1522080,0,1.599,180.1,0.0107874015748031,76.0999999999999,70.6999999999999,68.7919999999999,65.48,34.9,18.3,27.2
"BOOI4","2024-07-22 19:00",75.83,82.4,1042200,0,4.383,165.3,0.00807086614173229,76.4779999999999,70.7359999999999,68.7919999999999,65.4439999999999,34.9,18.3,27.2
"BOOI4","2024-07-22 20:00",74.372,88.3,460800,0,3.166,178.6,0.00307086614173228,76.2619999999999,70.8079999999999,68.7919999999999,65.4439999999999,34.9,18.3,27.2
"BOOI4","2024-07-22 21:00",71.6539999999999,94.4,64548,0,1.409,197.4,-0.00122047244094488,75.614,70.8439999999999,68.7739999999999,65.4619999999999,34.9,18.3,27.1
"BOOI4","2024-07-22 22:00",69.1519999999999,96.8,39.6,0,2.379,215.7,-0.000669291338582677,74.93,70.88,68.7919999999999,65.48,35,18.3,27.2
"BOOI4","2024-07-22 23:00",68.4499999999999,96.6,0,0,2.735,225.8,-0.000708661417322835,74.282,70.9339999999999,68.7739999999999,65.4439999999999,35,18.3,27.2
"BOOI4","2024-07-23 00:00",68.63,94.7,0,0,4.364,231.1,-0.000433070866141732,73.7599999999999,70.9699999999999,68.7919999999999,65.4619999999999,35,18.3,27.1
"BOOI4","2024-07-23 01:00",67.0999999999999,96,0,0,4.887,236.4,-0.000393700787401575,73.238,71.006,68.7919999999999,65.4439999999999,35,18.3,27.1
"BOOI4","2024-07-23 02:00",65.7859999999999,97.6,0,0,4.414,244.7,-0.000511811023622047,72.7519999999999,71.0239999999999,68.8099999999999,65.4259999999999,35,18.3,27.1
"BOOI4","2024-07-23 03:00",65.3539999999999,98.2,0,0,4.868,238.1,-0.00047244094488189,72.3019999999999,71.006,68.7919999999999,65.4079999999999,35,18.3,27.1
"BOOI4","2024-07-23 04:00",64.6699999999999,99.5,0,0,4.273,257.8,-0.00062992125984252,71.8519999999999,70.9699999999999,68.7919999999999,65.4439999999999,35,18.3,27.1
"BOOI4","2024-07-23 05:00",64.1119999999999,99.1,0,0,4.783,262.4,-0.000590551181102362,71.4739999999999,70.9339999999999,68.756,65.4439999999999,35,18.3,27.1
"BOOI4","2024-07-23 06:00",63.6259999999999,99.1,820.8,0.01,4.204,257.3,-0.00062992125984252,71.096,70.88,68.8099999999999,65.4439999999999,35,18.4,27.1
"BOOI4","2024-07-23 07:00",64.5619999999999,97.4,99612,0,4.242,257.4,-0.00015748031496063,70.8079999999999,70.7899999999999,68.8099999999999,65.4259999999999,35,18.4,27
"BOOI4","2024-07-23 08:00",68.9179999999999,94,461880,0,5.356,265,0.00255905511811024,70.646,70.7539999999999,68.756,65.4259999999999,35,18.4,27
"BOOI4","2024-07-23 09:00",72.23,88.7,988200,0,7.069,273.4,0.00665354330708662,70.7899999999999,70.664,68.8099999999999,65.4079999999999,35,18.4,26.9
"BOOI4","2024-07-23 10:00",75.596,83.3,1539720,0,6.933,268.9,0.0112204724409449,71.33,70.5739999999999,68.8099999999999,65.4079999999999,34.9,18.4,26.9
"BOOI4","2024-07-23 11:00",78.7099999999999,77.77,2057040,0,6.941,274.1,0.0161417322834646,72.338,70.5199999999999,68.7919999999999,65.4259999999999,34.9,18.3,26.9
"BOOI4","2024-07-23 12:00",80.0599999999999,74.99,2400120,0,6.066,271.9,0.0192125984251969,73.6699999999999,70.448,68.7919999999999,65.4259999999999,34.9,18.3,26.9
"BOOI4","2024-07-23 13:00",81.446,74.34,2813400,0,6.245,268.9,0.0228346456692913,75.2359999999999,70.4119999999999,68.8099999999999,65.4079999999999,34.8,18.2,26.9
"BOOI4","2024-07-23 14:00",82.1119999999999,69.81,2661840,0,5.437,262,0.0222834645669291,76.7839999999999,70.3579999999999,68.8099999999999,65.4259999999999,34.8,18.2,26.8
"BOOI4","2024-07-23 15:00",83.0119999999999,71.54,2298960,0,6.299,250.6,0.0203149606299213,77.8279999999999,70.3939999999999,68.7919999999999,65.39,34.7,18.2,26.8
"BOOI4","2024-07-23 16:00",82.7239999999999,69.83,2624040,0,7.612,245.4,0.0230708661417323,78.7279999999999,70.43,68.738,65.39,34.7,18.2,26.8
"BOOI4","2024-07-23 17:00",76.73,76.85,1662840,0,7.23,288.3,0.0156299212598425,79.0339999999999,70.5019999999999,68.7739999999999,65.4259999999999,34.6,18.1,26.7
"BOOI4","2024-07-23 18:00",75.6859999999999,82.3,933480,0.01,6.54,102.7,0.0084251968503937,78.8179999999999,70.6099999999999,68.7199999999999,65.4439999999999,34.6,18.1,26.7
"BOOI4","2024-07-23 19:00",78.656,80.5,846720,0,4.324,135,0.00696850393700787,78.5119999999999,70.7179999999999,68.738,65.39,34.7,18.1,26.7
"BOOI4","2024-07-23 20:00",76.982,86.4,520200,0,1.917,151.6,0.00307086614173228,78.1519999999999,70.8619999999999,68.7199999999999,65.4079999999999,34.7,18.1,26.7
"BOOI4","2024-07-23 21:00",74.1019999999999,93.7,40068,0,0,0,-0.00078740157480315,77.4319999999999,70.9699999999999,68.7199999999999,65.372,34.7,18.1,26.7
"BOOI4","2024-07-23 22:00",73.49,94.4,0,0,0.698,75.82,-0.000748031496062992,76.6579999999999,71.096,68.7019999999999,65.39,34.7,18.1,26.7
"BOOI4","2024-07-23 23:00",70.7539999999999,96.7,0,0,2.146,117.4,-0.000511811023622047,75.9919999999999,71.1679999999999,68.7199999999999,65.39,34.7,18.1,26.7
"BOOI4","2024-07-24 00:00",69.6199999999999,97.5,0,0,1.556,111.6,-0.00062992125984252,75.398,71.222,68.7019999999999,65.4079999999999,34.8,18.1,26.6
"BOOI4","2024-07-24 01:00",68.7919999999999,99.8,0,0,2.904,160.6,-0.000551181102362205,74.8039999999999,71.2579999999999,68.6839999999999,65.4259999999999,34.8,18.1,26.6
"BOOI4","2024-07-24 02:00",67.4599999999999,100,0,0,2.543,185.3,-0.00062992125984252,74.2999999999999,71.2759999999999,68.7199999999999,65.39,34.8,18.1,26.6
"BOOI4","2024-07-24 03:00",67.64,100,0,0,2.263,236.1,-0.00062992125984252,73.832,71.33,68.7199999999999,65.372,34.8,18.1,26.6
"BOOI4","2024-07-24 04:00",67.082,100,0,0,0.706,242.3,-0.000826771653543307,73.4359999999999,71.2939999999999,68.756,65.372,34.8,18.1,26.5
"BOOI4","2024-07-24 05:00",65.696,100,0,0,1.342,253.3,-0.000748031496062992,73.0579999999999,71.2759999999999,68.7739999999999,65.39,34.8,18.1,26.5
"BOOI4","2024-07-24 06:00",67.496,99.1,536.4,0,4.008,263.9,-0.000511811023622047,72.68,71.2579999999999,68.756,65.39,34.8,18.2,26.5
"BOOI4","2024-07-24 07:00",67.9279999999999,98.5,38340,0,1.584,303.4,0.00031496062992126,72.3919999999999,71.2039999999999,68.7739999999999,65.39,34.8,18.2,26.5
"BOOI4","2024-07-24 08:00",68.756,98.8,281808,0,2.128,38.25,0.00173228346456693,72.2839999999999,71.1499999999999,68.7919999999999,65.39,34.8,18.2,26.4
"BOOI4","2024-07-24 09:00",70.664,95.2,958320,0,4.536,57.84,0.00574803149606299,72.464,71.096,68.7919999999999,65.39,34.8,18.2,26.4
"BOOI4","2024-07-24 10:00",73.9039999999999,89.1,1585440,0.01,4.462,96.8,0.010511811023622,73.1119999999999,71.0239999999999,68.8099999999999,65.372,34.8,18.2,26.4
"BOOI4","2024-07-24 11:00",80.3839999999999,75.97,2139120,0,1.954,157,0.0156299212598425,74.3179999999999,70.9699999999999,68.846,65.39,34.7,18.1,26.4
"BOOI4","2024-07-24 12:00",79.556,79.74,2004480,0,1.576,27.6,0.015748031496063,75.614,70.9339999999999,68.8099999999999,65.4079999999999,34.8,18.1,26.4
"BOOI4","2024-07-24 13:00",80.4919999999999,82,2525400,0,4.782,61.73,0.0195275590551181,76.982,70.88,68.8099999999999,65.372,34.7,18,26.3
"BOOI4","2024-07-24 14:00",82.3279999999999,76.55,2163960,0,3.687,73.81,0.0174803149606299,78.5659999999999,70.88,68.8099999999999,65.3539999999999,34.6,18,26.3
"BOOI4","2024-07-24 15:00",81.338,80.8,1681920,0,3.949,72.26,0.0144488188976378,79.4659999999999,70.8619999999999,68.8279999999999,65.3359999999999,34.6,17.9,26.4
"BOOI4","2024-07-24 16:00",81.482,78.98,1778040,0,6.175,64.15,0.0148818897637795,79.9159999999999,70.898,68.8279999999999,65.372,34.6,17.9,26.3
"BOOI4","2024-07-24 17:00",80.3839999999999,80.6,1550160,0,7.966,60.35,0.0134645669291339,80.4199999999999,70.9519999999999,68.8099999999999,65.39,34.6,17.9,26.3
"BOOI4","2024-07-24 18:00",78.98,82,1464120,0,8.7,57.98,0.0124409448818898,80.672,71.0419999999999,68.8099999999999,65.372,34.6,17.9,26.3
"BOOI4","2024-07-24 19:00",77.522,84,831960,0,7.786,67.29,0.0078740157480315,80.4019999999999,71.114,68.8099999999999,65.372,34.5,17.9,26.3
"BOOI4","2024-07-24 20:00",75.1279999999999,88.2,305280,0,7.021,61.06,0.00374015748031496,79.646,71.2039999999999,68.8099999999999,65.3539999999999,34.5,17.9,26.3
"BOOI4","2024-07-24 21:00",73.922,90.9,32616,0,6.027,68.75,0.00102362204724409,78.764,71.33,68.8279999999999,65.372,34.5,17.9,26.2
"BOOI4","2024-07-24 22:00",73.256,91.5,0,0,5.485,78.38,0.00015748031496063,77.9179999999999,71.3659999999999,68.7919999999999,65.372,34.6,17.9,26.2
"BOOI4","2024-07-24 23:00",71.7619999999999,95.8,0,0,5.318,92.6,3.93700787401575e-05,77.1619999999999,71.456,68.8279999999999,65.372,34.6,17.9,26.2
"BOOI4","2024-07-25 00:00",70.6819999999999,96.5,0,0,2.181,108.4,-0.000511811023622047,76.496,71.5099999999999,68.8099999999999,65.3539999999999,34.6,17.9,26.2
"BOOI4","2024-07-25 01:00",69.6919999999999,97.4,0,0,3.831,96.3,-0.000354330708661417,75.8839999999999,71.5279999999999,68.8099999999999,65.3359999999999,34.7,17.9,26.2
"BOOI4","2024-07-25 02:00",69.3499999999999,98,0,0.01,3.589,83.2,-0.000433070866141732,75.38,71.564,68.8279999999999,65.372,34.6,17.9,26.1
"BOOI4","2024-07-25 03:00",68.5399999999999,99.6,0,0,0.489,73.38,-0.000866141732283465,74.93,71.546,68.846,65.3539999999999,34.6,17.9,26.1
"BOOI4","2024-07-25 04:00",67.0999999999999,100,0,0,3.17,67.19,-0.000551181102362205,74.5159999999999,71.546,68.846,65.372,34.6,17.9,26.1
"BOOI4","2024-07-25 05:00",67.748,100,0,0,3.872,83.2,-0.000511811023622047,74.1019999999999,71.5099999999999,68.8819999999999,65.3539999999999,34.6,17.9,26.1
"BOOI4","2024-07-25 06:00",67.5859999999999,100,813.6,0,5.699,88.2,-0.000433070866141732,73.688,71.456,68.8999999999999,65.3359999999999,34.6,17.9,26.1
"BOOI4","2024-07-25 07:00",67.4239999999999,100,96984,0,6.661,93.7,-0.000393700787401575,73.364,71.456,68.8999999999999,65.3539999999999,34.6,17.9,26.1
"BOOI4","2024-07-25 08:00",68.864,97.4,466200,0,7.304,89.7,0.0021259842519685,73.1659999999999,71.3839999999999,68.9359999999999,65.372,34.6,17.9,26.1
"BOOI4","2024-07-25 09:00",71.7259999999999,91.7,1083240,0,7.787,96.1,0.00645669291338583,73.2739999999999,71.33,68.9179999999999,65.3539999999999,34.6,17.9,26.1
"BOOI4","2024-07-25 10:00",73.2019999999999,89,1544400,0,9.65,108.9,0.0103149606299213,73.688,71.2759999999999,68.9359999999999,65.3539999999999,34.6,17.9,26.1
"BOOI4","2024-07-25 11:00",75.4159999999999,84.2,1825200,0,10.28,110.3,0.0132677165354331,74.3359999999999,71.2039999999999,68.9359999999999,65.3539999999999,34.6,17.9,26.1
"BOOI4","2024-07-25 12:00",75.848,84.5,1560600,0,9.87,111.8,0.0125196850393701,75.1099999999999,71.1319999999999,68.9539999999999,65.372,34.5,17.8,26.1
"BOOI4","2024-07-25 13:00",76.946,82.8,2034000,0,9.91,114.9,0.0157874015748031,75.848,71.114,68.9359999999999,65.3539999999999,34.5,17.8,26
"BOOI4","2024-07-25 14:00",79.5739999999999,78.51,2476080,0,9.51,112.2,0.0192913385826772,76.8199999999999,71.0599999999999,68.9359999999999,65.3539999999999,34.5,17.7,26
"BOOI4","2024-07-25 15:00",79.448,79.15,2342880,0,9.4,115.8,0.018740157480315,78.0259999999999,71.0419999999999,68.972,65.372,34.4,17.7,26
"BOOI4","2024-07-25 16:00",80.2939999999999,78.66,1762560,0,8.97,112.9,0.0156299212598425,78.7279999999999,71.0239999999999,68.9179999999999,65.3539999999999,34.4,17.6,26
"BOOI4","2024-07-25 17:00",80.0239999999999,79.34,1501200,0,8.49,116.8,0.0139763779527559,78.998,71.0599999999999,68.9179999999999,65.3359999999999,34.3,17.6,26
"BOOI4","2024-07-25 18:00",79.0519999999999,81.3,837360,0,7.98,112.7,0.00913385826771654,78.872,71.114,68.8999999999999,65.3539999999999,34.3,17.6,26
"BOOI4","2024-07-25 19:00",78.7999999999999,82.1,718920,0,7.872,108,0.00767716535433071,78.53,71.1319999999999,68.9179999999999,65.3539999999999,34.3,17.5,25.9
"BOOI4","2024-07-25 20:00",76.3699999999999,86.3,367200,0.01,6.895,109.3,0.00421259842519685,78.0079999999999,71.2039999999999,68.9359999999999,65.3539999999999,34.3,17.5,25.9
"BOOI4","2024-07-25 21:00",74.606,90.8,49788,0,4.958,106.1,7.8740157480315e-05,77.2699999999999,71.24,68.8999999999999,65.372,34.3,17.6,25.9
"BOOI4","2024-07-25 22:00",72.8599999999999,93.7,0,0,4.684,103.8,0.000196850393700787,76.6039999999999,71.2939999999999,68.9179999999999,65.3539999999999,34.4,17.6,25.9
"BOOI4","2024-07-25 23:00",71.9779999999999,95.8,0,0,4.766,108,-3.93700787401575e-05,76.0099999999999,71.348,68.8999999999999,65.3539999999999,34.4,17.6,25.9
"BOOI4","2024-07-26 00:00",71.1319999999999,96.4,0,0,5.343,108.8,-7.8740157480315e-05,75.4699999999999,71.3839999999999,68.9179999999999,65.3359999999999,34.4,17.6,25.8
"BOOI4","2024-07-26 01:00",70.538,97.2,0,0,6.36,121.3,-7.8740157480315e-05,74.9839999999999,71.4019999999999,68.9359999999999,65.3359999999999,34.4,17.6,25.8
"BOOI4","2024-07-26 02:00",70.34,97.7,0,0,6.823,128.2,-0.000118110236220472,74.5339999999999,71.438,68.9179999999999,65.372,34.4,17.6,25.8
"BOOI4","2024-07-26 03:00",69.7999999999999,98.9,0,0,5.398,119.7,-0.000236220472440945,74.1919999999999,71.3839999999999,68.9179999999999,65.372,34.4,17.6,25.8
"BOOI4","2024-07-26 04:00",69.4759999999999,98.8,0,0,5.396,117,-0.000236220472440945,73.9039999999999,71.3839999999999,68.9359999999999,65.3539999999999,34.4,17.6,25.8
"BOOI4","2024-07-26 05:00",69.0439999999999,99.7,0,0,6.195,124.4,-0.000275590551181102,73.5619999999999,71.348,68.9359999999999,65.372,34.4,17.6,25.8
"BOOI4","2024-07-26 06:00",69.098,99.8,162,0,7.75,129.1,-0.000275590551181102,73.2919999999999,71.33,68.9539999999999,65.39,34.4,17.6,25.7
"BOOI4","2024-07-26 07:00",69.296,99.8,39096,0,6.847,130.5,0.000196850393700787,73.0939999999999,71.2759999999999,68.8999999999999,65.3539999999999,34.4,17.6,25.7
"BOOI4","2024-07-26 08:00",69.9619999999999,99.4,164484,0,8.18,131.6,0.00106299212598425,72.9679999999999,71.24,68.8999999999999,65.3539999999999,34.5,17.6,25.7
"BOOI4","2024-07-26 09:00",71.3119999999999,98.2,380160,0,7.47,129,0.00251968503937008,72.9859999999999,71.1859999999999,68.9359999999999,65.3359999999999,34.5,17.6,25.7
"BOOI4","2024-07-26 10:00",72.9499999999999,95.9,675720,0,8.33,135.7,0.00452755905511811,73.2199999999999,71.1499999999999,68.972,65.3539999999999,34.4,17.6,25.7
"BOOI4","2024-07-26 11:00",75.272,91.5,1420920,0,9.07,142.3,0.00956692913385827,73.8679999999999,71.114,68.9539999999999,65.3539999999999,34.4,17.7,25.7
"BOOI4","2024-07-26 12:00",78.206,87.5,2154960,0,10.05,148.7,0.0153937007874016,74.948,71.0239999999999,68.9539999999999,65.372,34.3,17.6,25.7
"BOOI4","2024-07-26 13:00",80.8699999999999,82.3,2426040,0,9.78,146.2,0.0182283464566929,76.298,71.0239999999999,68.9179999999999,65.372,34.3,17.5,25.7
"BOOI4","2024-07-26 14:00",83.0659999999999,80.3,2802240,0,9.69,146.5,0.0218110236220472,77.7919999999999,71.006,68.972,65.372,34.2,17.5,25.7
"BOOI4","2024-07-26 15:00",84.1819999999999,78.16,2593800,0,9.3,148.1,0.0218110236220472,79.124,70.988,68.9359999999999,65.3539999999999,34.2,17.4,25.6
"BOOI4","2024-07-26 16:00",85.73,78.37,2477520,0,9.19,141.1,0.021259842519685,80.2039999999999,71.006,68.9179999999999,65.372,34.1,17.3,25.6
"BOOI4","2024-07-26 17:00",85.5679999999999,77.63,2102400,0,9.72,131.5,0.0188188976377953,81.032,71.0599999999999,68.8999999999999,65.372,34.1,17.3,25.6
"BOOI4","2024-07-26 18:00",84.5779999999999,81.2,1538640,0,9.64,127.6,0.0147244094488189,81.248,71.114,68.9179999999999,65.372,34.1,17.3,25.6
"BOOI4","2024-07-26 19:00",82.13,83.5,905760,0,10.54,128.3,0.0097244094488189,80.906,71.2039999999999,68.8999999999999,65.372,34,17.3,25.6
"BOOI4","2024-07-26 20:00",78.7279999999999,75.39,451800,0.01,9,138.2,0.00598425196850394,80.1679999999999,71.2939999999999,68.9179999999999,65.372,34.1,17.3,25.5
"BOOI4","2024-07-26 21:00",77.3239999999999,90.3,68652,0,7.136,131.5,0.00145669291338583,79.1419999999999,71.438,68.9179999999999,65.372,34.1,17.3,25.6
"BOOI4","2024-07-26 22:00",75.848,91.4,0,0,6.842,149.4,0.000118110236220472,78.2779999999999,71.5099999999999,68.9179999999999,65.372,34.1,17.3,25.6
"BOOI4","2024-07-26 23:00",74.696,93.8,0,0,7.361,161.8,0.000236220472440945,77.522,71.582,68.8999999999999,65.372,34,17.3,25.6
"BOOI4","2024-07-27 00:00",75.1819999999999,95.9,0,0,4.889,149.3,-0.000236220472440945,76.964,71.672,68.9179999999999,65.372,34.1,17.3,25.6
"BOOI4","2024-07-27 01:00",74.3359999999999,97.6,0,0,3.336,149.4,-0.00047244094488189,76.532,71.7079999999999,68.9359999999999,65.372,34.1,17.3,25.5
"BOOI4","2024-07-27 02:00",73.5259999999999,99,0,0,1.628,143.9,-0.000748031496062992,76.1539999999999,71.7259999999999,68.9179999999999,65.39,34.1,17.3,25.5
"BOOI4","2024-07-27 03:00",73.688,98.9,0,0,3.561,146,-0.000590551181102362,75.848,71.798,68.9359999999999,65.372,34.1,17.3,25.5
"BOOI4","2024-07-27 04:00",72.7339999999999,98.6,0,0,5.523,158.2,-0.000433070866141732,75.5779999999999,71.7619999999999,68.972,65.372,34.1,17.3,25.5
"BOOI4","2024-07-27 05:00",70.988,100,0,0,5.584,155.4,-0.00047244094488189,75.2179999999999,71.78,68.972,65.3539999999999,34.1,17.3,25.5
"BOOI4","2024-07-27 06:00",70.3579999999999,100,1054.8,0,3.561,159.7,-0.00062992125984252,74.7859999999999,71.7619999999999,68.972,65.39,34.1,17.3,25.4
"BOOI4","2024-07-27 07:00",70.3939999999999,100,111096,0,5.147,155.2,-0.00062992125984252,74.4259999999999,71.7619999999999,68.972,65.3539999999999,34.1,17.3,25.4
"BOOI4","2024-07-27 08:00",71.8699999999999,100,503640,0,5.883,152.6,0.00224409448818898,74.264,71.7439999999999,69.0259999999999,65.39,34.1,17.3,25.4
"BOOI4","2024-07-27 09:00",74.948,96.9,886680,0,6.456,163.9,0.00511811023622047,74.372,71.7259999999999,69.0259999999999,65.372,34.1,17.3,25.4
"BOOI4","2024-07-27 10:00",78.0619999999999,89.7,1699920,0,7.856,164,0.0115354330708661,75.0199999999999,71.672,69.0619999999999,65.39,34.1,17.2,25.4
"BOOI4","2024-07-27 11:00",80.3659999999999,82.3,2329920,0,8.11,158.6,0.0172047244094488,76.1539999999999,71.672,69.0259999999999,65.3539999999999,34.1,17.2,25.4
"BOOI4","2024-07-27 12:00",82.4179999999999,77.14,2770200,0,7.888,164.3,0.0216535433070866,77.6839999999999,71.6179999999999,69.08,65.39,34,17.2,25.4
"BOOI4","2024-07-27 13:00",83.6599999999999,72.35,2988000,0,9.85,157.7,0.025,79.214,71.5999999999999,69.0439999999999,65.39,33.9,17.1,25.3
"BOOI4","2024-07-27 14:00",84.83,67.85,2854800,0,10.34,160.4,0.0255118110236221,80.4739999999999,71.5999999999999,69.08,65.39,33.9,17,25.3
"BOOI4","2024-07-27 15:00",85.7839999999999,69.46,2822400,0,9.69,164,0.0255905511811024,81.4279999999999,71.5999999999999,69.0619999999999,65.39,33.8,16.9,25.3
"BOOI4","2024-07-27 16:00",85.19,69.16,1871640,0,9.38,163.9,0.0195275590551181,81.7699999999999,71.672,69.098,65.39,33.8,16.9,25.3
"BOOI4","2024-07-27 17:00",82.5079999999999,74.22,1870200,0,10.34,160.2,0.0190157480314961,81.788,71.7439999999999,69.098,65.4079999999999,33.7,16.9,25.3
"BOOI4","2024-07-27 18:00",83.3179999999999,73.91,978120,0,6.333,176.5,0.0103543307086614,81.374,71.8159999999999,69.08,65.3539999999999,33.7,16.9,25.3
"BOOI4","2024-07-27 19:00",82.0399999999999,77.64,965160,0,6.917,154.1,0.0103543307086614,80.9599999999999,71.9239999999999,69.1159999999999,65.4259999999999,33.7,16.8,25.2
"BOOI4","2024-07-27 20:00",78.6199999999999,80.8,395280,0,5.999,143.6,0.00488188976377953,80.4019999999999,71.996,69.098,65.4079999999999,33.7,16.8,25.2
"BOOI4","2024-07-27 21:00",75.1279999999999,86.9,51552,0,4.5,152.8,0.000236220472440945,79.448,72.0859999999999,69.098,65.4079999999999,33.7,16.8,25.2
"BOOI4","2024-07-27 22:00",72.7339999999999,89.8,0,0,4.881,155.5,0.000196850393700787,78.4759999999999,72.1579999999999,69.1159999999999,65.4079999999999,33.7,16.9,25.2
"BOOI4","2024-07-27 23:00",70.664,94.9,0,0,3.217,163.1,-0.000354330708661417,77.6119999999999,72.2119999999999,69.1159999999999,65.39,33.7,16.9,25.2
"BOOI4","2024-07-28 00:00",69.422,96.6,0,0,1.784,185.9,-0.00078740157480315,76.874,72.248,69.1339999999999,65.39,33.8,16.9,25.2
"BOOI4","2024-07-28 01:00",68.972,95.5,0,0,4.281,158.9,-0.000354330708661417,76.2079999999999,72.2839999999999,69.1699999999999,65.4079999999999,33.8,16.9,25.2
"BOOI4","2024-07-28 02:00",68.396,97.7,0,0,4.291,163.7,-0.00047244094488189,75.596,72.338,69.188,65.4259999999999,33.8,16.9,25.2
"BOOI4","2024-07-28 03:00",67.4239999999999,99.6,0,0,3.54,169.9,-0.000669291338582677,75.056,72.2839999999999,69.188,65.4079999999999,33.8,16.9,25.2
"BOOI4","2024-07-28 04:00",67.4599999999999,100,0,0,3.961,141.5,-0.000669291338582677,74.5519999999999,72.248,69.188,65.39,33.8,16.9,25.2
"BOOI4","2024-07-28 05:00",67.298,100,0,0,3.942,134,-0.000669291338582677,74.156,72.23,69.206,65.4079999999999,33.8,16.9,25.2
"BOOI4","2024-07-28 06:00",67.0999999999999,100,399.6,0,4.572,144.8,-0.00062992125984252,73.7779999999999,72.1759999999999,69.2419999999999,65.4259999999999,33.8,16.9,25.1
"BOOI4","2024-07-28 07:00",67.5679999999999,100,98676,0,4.636,148.5,-0.000669291338582677,73.4539999999999,72.122,69.2419999999999,65.4439999999999,33.7,16.9,25.1
"BOOI4","2024-07-28 08:00",69.2599999999999,100,259272,0,5.342,152.7,0.00141732283464567,73.3099999999999,72.0679999999999,69.2779999999999,65.4259999999999,33.7,16.9,25.1
"BOOI4","2024-07-28 09:00",71.5999999999999,98.3,590760,0,7.926,153.5,0.00326771653543307,73.346,71.9599999999999,69.2599999999999,65.4259999999999,33.7,16.9,25.1
"BOOI4","2024-07-28 10:00",75.5779999999999,89.2,1678320,0,9.05,159.9,0.0105905511811024,73.832,71.906,69.314,65.4259999999999,33.7,16.9,25.1
"BOOI4","2024-07-28 11:00",77.0179999999999,84.3,2230200,0,9.71,165.4,0.0160236220472441,74.8759999999999,71.798,69.296,65.4439999999999,33.7,16.9,25.1
"BOOI4","2024-07-28 12:00",79.772,80.9,2011320,0,8.83,155.9,0.0159055118110236,76.0279999999999,71.7619999999999,69.314,65.4439999999999,33.6,16.8,25.1
"BOOI4","2024-07-28 13:00",82.7239999999999,79.01,2729880,0,7.877,171.7,0.0219291338582677,77.4679999999999,71.672,69.314,65.4079999999999,33.5,16.7,25.1
"BOOI4","2024-07-28 14:00",83.6779999999999,73.53,2959200,0,8.93,175,0.0247244094488189,79.088,71.6539999999999,69.314,65.4259999999999,33.5,16.6,25
"BOOI4","2024-07-28 15:00",85.6939999999999,71.15,2955600,0,9.28,174.4,0.0259055118110236,80.4199999999999,71.6359999999999,69.314,65.4439999999999,33.4,16.6,25
"BOOI4","2024-07-28 16:00",86.2519999999999,66.5,2358000,0,9.48,166.6,0.0231102362204724,81.2659999999999,71.6179999999999,69.296,65.48,33.3,16.5,25
"BOOI4","2024-07-28 17:00",84.614,68.04,1750680,0,9.38,162.5,0.0195275590551181,81.6079999999999,71.7079999999999,69.296,65.4439999999999,33.3,16.4,25
"BOOI4","2024-07-28 18:00",80.006,84,334440,0,6.422,158.8,0.0065748031496063,80.9419999999999,71.7439999999999,69.2779999999999,65.4439999999999,33.2,16.4,25
"BOOI4","2024-07-28 19:00",75.7759999999999,78.11,63468,0,8.82,137.3,0.00389763779527559,79.9159999999999,71.8339999999999,69.296,65.4439999999999,33.2,16.4,25
"BOOI4","2024-07-28 20:00",75.5419999999999,87,52776,0,10.51,130.7,0.00413385826771654,78.8179999999999,71.906,69.296,65.4619999999999,33.3,16.4,24.9
"BOOI4","2024-07-28 21:00",67.8919999999999,97.4,320.4,0.09,12.34,326.4,0.00122047244094488,76.982,71.9779999999999,69.296,65.4619999999999,33.3,16.6,24.9
"BOOI4","2024-07-28 22:00",68.5039999999999,93.8,0,0.09,3.851,354.1,0.000433070866141732,75.9919999999999,72.0499999999999,69.2599999999999,65.4619999999999,33.8,17.2,25
"BOOI4","2024-07-28 23:00",70.0339999999999,93.2,0,0.06,2.409,311.2,0.000236220472440945,75.5239999999999,72.0859999999999,69.2599999999999,65.4619999999999,34.2,17.5,25
"BOOI4","2024-07-29 00:00",68.198,97.4,0,0.06,5.376,91.6,0.000275590551181102,75.1099999999999,72.0859999999999,69.314,65.4619999999999,34.5,17.6,25
"BOOI4","2024-07-29 01:00",68.09,98.8,0,0.04,3.238,53,0.000118110236220472,74.8039999999999,72.0679999999999,69.314,65.48,34.7,17.7,25
"BOOI4","2024-07-29 02:00",67.8199999999999,99.9,0,0.02,3.571,162.9,3.93700787401575e-05,74.48,72.032,69.332,65.48,34.8,17.7,25
"BOOI4","2024-07-29 03:00",68.5039999999999,99.8,0,0.02,2.791,165.3,0,74.1739999999999,71.996,69.332,65.498,34.9,17.8,25
"BOOI4","2024-07-29 04:00",68.1259999999999,100,0,0.01,2.277,53.41,3.93700787401575e-05,73.94,71.9599999999999,69.3499999999999,65.48,35,17.8,24.9
"BOOI4","2024-07-29 05:00",66.938,100,0,0.01,2.593,151.5,0,73.688,71.888,69.3499999999999,65.4619999999999,35,17.8,24.9
"BOOI4","2024-07-29 06:00",66.6499999999999,100,345.6,0.01,2.597,103.8,0,73.3279999999999,71.8159999999999,69.3499999999999,65.48,35,17.8,24.9
"BOOI4","2024-07-29 07:00",67.2439999999999,99.9,86940,0,1.279,48.55,-0.00062992125984252,73.0579999999999,71.798,69.3499999999999,65.4619999999999,35,17.8,24.9
"BOOI4","2024-07-29 08:00",74.4439999999999,90.1,592560,0.01,0.036,305.8,0.0028740157480315,73.0039999999999,71.7259999999999,69.3679999999999,65.48,35,17.8,24.9
"BOOI4","2024-07-29 09:00",75.398,86.8,1128600,0.01,1.215,314.7,0.00744094488188976,73.3819999999999,71.6539999999999,69.3679999999999,65.498,35,17.8,24.9
"BOOI4","2024-07-29 10:00",75.7939999999999,87.4,1428120,0,3.403,118.4,0.0107086614173228,74.3179999999999,71.582,69.3499999999999,65.48,34.9,17.7,24.9
"BOOI4","2024-07-29 11:00",79.2679999999999,85.3,1559160,0.01,3.483,173.9,0.0118503937007874,75.146,71.5099999999999,69.3859999999999,65.5159999999999,34.9,17.7,24.9
"BOOI4","2024-07-29 12:00",82.9579999999999,76.04,2764440,0,2.151,221.8,0.0210629921259843,77.0539999999999,71.438,69.3499999999999,65.498,34.9,17.7,24.9
"BOOI4","2024-07-29 13:00",83.0119999999999,74.9,2428920,0,1.296,222.3,0.0190944881889764,78.7999999999999,71.4019999999999,69.3499999999999,65.498,34.9,17.7,24.9
"BOOI4","2024-07-29 14:00",84.7579999999999,74.75,2991600,0,2.332,249.8,0.0239370078740157,80.9419999999999,71.3839999999999,69.3679999999999,65.5159999999999,34.8,17.6,24.9
"BOOI4","2024-07-29 15:00",85.9099999999999,67.97,3175200,0,3.334,201.6,0.0257874015748032,82.7419999999999,71.3839999999999,69.3499999999999,65.5159999999999,34.7,17.5,24.9
"BOOI4","2024-07-29 16:00",86.09,66.48,2683800,0,4.654,297,0.0233070866141732,84.0199999999999,71.4199999999999,69.332,65.48,34.7,17.4,24.9
"BOOI4","2024-07-29 17:00",86.2159999999999,69.21,2167200,0,4.04,289.2,0.0190944881889764,84.6499999999999,71.456,69.314,65.48,34.7,17.4,24.9
"BOOI4","2024-07-29 18:00",87.206,67.47,1568520,0,2.539,327.2,0.0135433070866142,84.83,71.546,69.332,65.5339999999999,34.6,17.4,24.9
"BOOI4","2024-07-29 19:00",84.506,76.91,919080,0,3.009,25.03,0.00850393700787402,84.5239999999999,71.6539999999999,69.296,65.5159999999999,34.6,17.4,24.9
"BOOI4","2024-07-29 20:00",81.9679999999999,85.1,398520,0,1.774,53.9,0.00275590551181102,83.696,71.78,69.2599999999999,65.5519999999999,34.7,17.4,24.9
"BOOI4","2024-07-29 21:00",78.2779999999999,90.3,43560,0,0.446,91,-0.0012992125984252,82.5259999999999,71.888,69.2779999999999,65.5519999999999,34.6,17.3,24.9
"BOOI4","2024-07-29 22:00",77.738,88.6,0,0,0.564,113.4,-0.000866141732283465,81.464,71.9779999999999,69.296,65.5339999999999,34.7,17.3,24.9
"BOOI4","2024-07-29 23:00",74.5159999999999,94.3,0,0,3.427,107.6,-0.000196850393700787,80.456,72.0859999999999,69.296,65.5339999999999,34.7,17.3,24.8
"BOOI4","2024-07-30 00:00",75.0739999999999,94,0,0,0.213,95.2,-0.00106299212598425,79.6099999999999,72.1579999999999,69.314,65.588,34.7,17.3,24.8
"BOOI4","2024-07-30 01:00",72.7519999999999,97.8,0,0,1.749,163.4,-0.000669291338582677,78.9079999999999,72.248,69.296,65.5339999999999,34.7,17.3,24.8
"BOOI4","2024-07-30 02:00",72.9679999999999,98.1,0,0,0.361,203.3,-0.00102362204724409,78.3679999999999,72.2839999999999,69.296,65.5519999999999,34.8,17.3,24.8
"BOOI4","2024-07-30 03:00",68.306,92.3,0,0.06,13.56,300.7,0.000196850393700787,77.756,72.3199999999999,69.332,65.5519999999999,34.7,17.3,24.8
"BOOI4","2024-07-30 04:00",67.856,96.6,0,0.02,5.791,181.7,-0.000275590551181102,76.6939999999999,72.356,69.3499999999999,65.5519999999999,34.9,17.3,24.8
"BOOI4","2024-07-30 05:00",69.4039999999999,86.9,0,0,7.699,150.6,0.00031496062992126,76.0099999999999,72.3199999999999,69.3499999999999,65.5519999999999,34.9,17.4,24.8
"BOOI4","2024-07-30 06:00",68.4859999999999,88.4,295.2,0,7.882,167.5,0.000551181102362205,75.3079999999999,72.3019999999999,69.3679999999999,65.5339999999999,35,17.4,24.8
"BOOI4","2024-07-30 07:00",68.18,93.8,90360,0,3.686,174.3,-0.000236220472440945,74.696,72.2659999999999,69.3679999999999,65.5519999999999,35.1,17.4,24.8
"BOOI4","2024-07-30 08:00",73.1659999999999,86.1,481320,0,1.458,151.5,0.00267716535433071,74.4619999999999,72.248,69.422,65.5339999999999,35.1,17.4,24.8
"BOOI4","2024-07-30 09:00",69.0259999999999,92.1,299520,0,5.92,14.03,0.0031496062992126,74.5699999999999,72.1579999999999,69.4039999999999,65.5519999999999,35,17.4,24.7
"BOOI4","2024-07-30 10:00",67.5679999999999,93.4,8002.8,0.1,12.14,282.4,0.00177165354330709,74.1199999999999,72.122,69.422,65.5699999999999,35,17.4,24.7
"BOOI4","2024-07-30 11:00",67.6939999999999,95.2,70092,0.09,6.828,11.61,0.00216535433070866,73.6519999999999,72.032,69.422,65.5519999999999,35,17.4,24.7
"BOOI4","2024-07-30 12:00",69.872,89.2,178092,0.01,8.29,196.4,0.00259842519685039,73.2919999999999,71.9419999999999,69.44,65.588,35.1,17.4,24.7
"BOOI4","2024-07-30 13:00",77.0359999999999,75.15,1398240,0,7.298,202.6,0.0118897637795276,73.6339999999999,71.888,69.44,65.5699999999999,35.2,17.4,24.7
"BOOI4","2024-07-30 14:00",70.6819999999999,88.9,725040,0.04,9.63,174.2,0.00822834645669291,74.03,71.8159999999999,69.4579999999999,65.5699999999999,35.2,17.4,24.7
"BOOI4","2024-07-30 15:00",78.5119999999999,76.16,2464560,0,10.83,193,0.0181102362204724,74.606,71.7259999999999,69.44,65.5699999999999,35.2,17.4,24.7
"BOOI4","2024-07-30 16:00",79.988,73.98,2225520,0,12.41,200.1,0.0196850393700787,75.74,71.6539999999999,69.44,65.606,35.2,17.4,24.7
"BOOI4","2024-07-30 17:00",82.8679999999999,67.85,2179800,0,10.84,200.4,0.0201968503937008,76.8019999999999,71.582,69.4579999999999,65.5699999999999,35.1,17.3,24.7
"BOOI4","2024-07-30 18:00",82.706,71.03,1601640,0,8.6,195.1,0.0162992125984252,77.4679999999999,71.546,69.4579999999999,65.588,35,17.3,24.7
"BOOI4","2024-07-30 19:00",83.48,68,920520,0,2.54,192.9,0.00803149606299213,77.9539999999999,71.4739999999999,69.44,65.5699999999999,35,17.3,24.6
"BOOI4","2024-07-30 20:00",79.0519999999999,77.23,373680,0,2.781,152.8,0.00366141732283465,77.846,71.5099999999999,69.422,65.588,35,17.3,24.6
"BOOI4","2024-07-30 21:00",75.9739999999999,83.7,31860,0,1.498,167.1,-0.000354330708661417,77.198,71.4739999999999,69.422,65.588,35,17.3,24.6
"BOOI4","2024-07-30 22:00",75.6679999999999,81.4,0,0,3.941,145.8,0.00031496062992126,76.5679999999999,71.5099999999999,69.422,65.606,35,17.3,24.6
"BOOI4","2024-07-30 23:00",73.832,85,0,0,3.47,123.9,0.000118110236220472,75.9739999999999,71.4919999999999,69.4039999999999,65.606,35,17.3,24.6
"BOOI4","2024-07-31 00:00",71.4199999999999,92.4,0,0,2.676,112.9,-0.000354330708661417,75.4159999999999,71.5099999999999,69.4039999999999,65.624,35,17.3,24.6
"BOOI4","2024-07-31 01:00",72.788,90.3,0,0,1.217,101.6,-0.000866141732283465,75.038,71.5099999999999,69.4039999999999,65.606,35,17.3,24.5
"BOOI4","2024-07-31 02:00",72.3199999999999,91.8,0,0,3.926,110.6,-0.000236220472440945,74.732,71.4919999999999,69.422,65.588,35,17.3,24.5
"BOOI4","2024-07-31 03:00",72.1039999999999,94.4,0,0.03,5.716,157.9,-0.000118110236220472,74.4619999999999,71.5099999999999,69.3859999999999,65.606,35,17.3,24.5
"BOOI4","2024-07-31 04:00",67.7839999999999,94.3,0,0,7.428,155.8,-0.000118110236220472,74.0839999999999,71.456,69.3499999999999,65.606,35,17.3,24.5
"BOOI4","2024-07-31 05:00",68.3599999999999,98.9,0,0.05,3.69,172.3,-0.000590551181102362,73.688,71.456,69.3679999999999,65.6419999999999,35,17.4,24.5
"BOOI4","2024-07-31 06:00",69.0619999999999,100,176.4,0.13,6.111,121.4,-0.000551181102362205,73.346,71.438,69.3499999999999,65.624,35,17.4,24.5
"BOOI4","2024-07-31 07:00",69.656,100,46368,0,4.436,163.5,-7.8740157480315e-05,73.1119999999999,71.4019999999999,69.3679999999999,65.624,35,17.4,24.5
"BOOI4","2024-07-31 08:00",71.3119999999999,92.3,581760,0,7.22,169.7,0.00279527559055118,73.0759999999999,71.348,69.3679999999999,65.624,35,17.4,24.5
"BOOI4","2024-07-31 09:00",74.3539999999999,84.3,1162440,0,8.17,177.2,0.00846456692913386,73.2919999999999,71.3119999999999,69.3499999999999,65.624,35,17.4,24.5
"BOOI4","2024-07-31 10:00",77.288,81,1761840,0,7.542,176,0.013503937007874,73.9939999999999,71.2579999999999,69.3499999999999,65.624,34.9,17.3,24.5
"BOOI4","2024-07-31 11:00",78.5119999999999,76.79,2305080,0,8.79,149.6,0.0179133858267717,75.2899999999999,71.2039999999999,69.332,65.6419999999999,34.9,17.2,24.5
"BOOI4","2024-07-31 12:00",81.3199999999999,74.24,2728080,0,10.13,157.5,0.0224803149606299,76.8019999999999,71.1499999999999,69.296,65.6419999999999,34.8,17.1,24.5
"BOOI4","2024-07-31 13:00",82.3279999999999,74.02,2995200,0,9.27,151.1,0.0249606299212599,78.4039999999999,71.1319999999999,69.332,65.624,34.8,17.1,24.4
"BOOI4","2024-07-31 14:00",83.7499999999999,72.92,3067200,0,8.5,144.9,0.0257086614173228,80.114,71.096,69.314,65.624,34.7,17.1,24.5
"BOOI4","2024-07-31 15:00",85.622,75.28,2923200,0,8.3,155.9,0.0250393700787402,81.7159999999999,71.114,69.2779999999999,65.6419999999999,34.7,17,24.4
"BOOI4","2024-07-31 16:00",85.388,77.28,2621520,0,8.99,146.7,0.0230314960629921,82.796,71.1319999999999,69.2599999999999,65.6419999999999,34.6,16.9,24.5
"BOOI4","2024-07-31 17:00",85.2439999999999,79.14,2093040,0,9.17,128.7,0.0185433070866142,83.3179999999999,71.1859999999999,69.2599999999999,65.624,34.5,16.9,24.5
"BOOI4","2024-07-31 18:00",84.3259999999999,83,1400400,0,7.906,119.7,0.0128346456692913,83.264,71.2579999999999,69.2419999999999,65.6419999999999,34.5,16.8,24.4
"BOOI4","2024-07-31 19:00",82.0039999999999,88.6,590400,0,6.154,125,0.00618110236220473,82.7599999999999,71.348,69.2419999999999,65.6599999999999,34.5,16.8,24.4
"BOOI4","2024-07-31 20:00",80.564,92.9,51804,0,0.5,112.5,0.000590551181102362,81.914,71.4739999999999,69.206,65.6779999999999,34.6,16.8,24.4
"BOOI4","2024-07-31 21:00",74.8039999999999,84.4,946.8,0.11,7.868,177.2,0.000551181102362205,81.014,71.564,69.188,65.6599999999999,34.6,16.8,24.4
"BOOI4","2024-07-31 22:00",72.2659999999999,83.8,0,0.08,18.03,236.8,0.00169291338582677,79.5199999999999,71.6539999999999,69.206,65.6419999999999,34.6,16.8,24.4
"BOOI4","2024-07-31 23:00",75.038,74.21,0,0,13.52,188.8,0.00153543307086614,78.188,71.7619999999999,69.2239999999999,65.6599999999999,34.6,16.9,24.4
"BOOI4","2024-08-01 00:00",73.7599999999999,76.73,0,0,4.559,170.7,0.00106299212598425,77.1079999999999,71.8339999999999,69.206,65.6779999999999,34.6,16.9,24.4
"BOOI4","2024-08-01 01:00",73.8859999999999,74.93,0,0,4.783,359.9,0.00106299212598425,76.4779999999999,71.906,69.206,65.6419999999999,34.6,16.9,24.4
"BOOI4","2024-08-01 02:00",71.9239999999999,87.3,0,0,8.7,353,0.0012992125984252,75.8659999999999,71.9239999999999,69.2239999999999,65.6779999999999,34.6,16.9,24.4
"BOOI4","2024-08-01 03:00",69.6019999999999,93.4,0,0,5.729,28.21,7.8740157480315e-05,75.3439999999999,71.906,69.2239999999999,65.6599999999999,34.6,16.9,24.4
"BOOI4","2024-08-01 04:00",68.5579999999999,96.2,0,0,4.73,26.84,-0.000236220472440945,74.8939999999999,71.9239999999999,69.296,65.6779999999999,34.6,16.9,24.4
"BOOI4","2024-08-01 05:00",67.496,97.9,0,0,0.66,34.72,-0.000984251968503937,74.48,71.888,69.2779999999999,65.6419999999999,34.6,16.9,24.4
"BOOI4","2024-08-01 06:00",67.1539999999999,98.2,126,0,3.339,178.7,-0.000551181102362205,74.0119999999999,71.8519999999999,69.2599999999999,65.6779999999999,34.6,16.9,24.3
"BOOI4","2024-08-01 07:00",66.938,99.6,32148,0,4.522,248.1,0.000196850393700787,73.598,71.78,69.2599999999999,65.6599999999999,34.6,16.9,24.3
"BOOI4","2024-08-01 08:00",70.0159999999999,95.6,591840,0,6.841,315.2,0.00251968503937008,73.364,71.78,69.314,65.6779999999999,34.6,17,24.3
"BOOI4","2024-08-01 09:00",73.1119999999999,90.9,1195200,0,7.028,319.7,0.00720472440944882,73.5439999999999,71.7079999999999,69.314,65.6599999999999,34.6,16.9,24.3
"BOOI4","2024-08-01 10:00",73.3279999999999,88,1705680,0,7.865,333.6,0.011496062992126,74.138,71.5999999999999,69.2779999999999,65.6779999999999,34.6,16.9,24.3
"BOOI4","2024-08-01 11:00",76.406,82.6,2319840,0.01,8.59,330.9,0.0161811023622047,75.164,71.5279999999999,69.314,65.6779999999999,34.5,16.8,24.3
"BOOI4","2024-08-01 12:00",78.08,74.67,2775960,0,8.76,332.2,0.0211023622047244,76.532,71.4739999999999,69.3499999999999,65.6599999999999,34.5,16.8,24.3
"BOOI4","2024-08-01 13:00",79.6099999999999,74.1,3034800,0,7.434,334.3,0.0237795275590551,78.1519999999999,71.438,69.3499999999999,65.6779999999999,34.4,16.7,24.2
"BOOI4","2024-08-01 14:00",81.0679999999999,72.35,3106800,0,7.983,315.1,0.0249212598425197,79.7539999999999,71.3839999999999,69.332,65.6779999999999,34.3,16.7,24.2
"BOOI4","2024-08-01 15:00",82.2739999999999,71.25,2952000,0,7.581,322,0.0247637795275591,81.0499999999999,71.348,69.314,65.6599999999999,34.3,16.5,24.2
"BOOI4","2024-08-01 16:00",81.68,68.87,2115720,0,8.27,312,0.0195275590551181,81.4999999999999,71.348,69.332,65.6599999999999,34.2,16.5,24.2
"BOOI4","2024-08-01 17:00",82.2739999999999,69.33,1978560,0,8.28,315.2,0.0184645669291339,81.7339999999999,71.3659999999999,69.296,65.6779999999999,34.2,16.5,24.2
"BOOI4","2024-08-01 18:00",79.988,75.34,1211400,0,7.404,317.9,0.0126377952755906,81.446,71.4019999999999,69.2779999999999,65.696,34.1,16.5,24.1
"BOOI4","2024-08-01 19:00",80.0599999999999,75.87,754920,0,4.753,336.4,0.00763779527559055,80.888,71.456,69.2779999999999,65.696,34.1,16.5,24.1
"BOOI4","2024-08-01 20:00",77.8099999999999,79.39,572400,0,4.203,345.6,0.005,80.4019999999999,71.5279999999999,69.2419999999999,65.6419999999999,34.2,16.5,24.1
"BOOI4","2024-08-01 21:00",73.58,89.8,66204,0,2.552,315.8,0.000433070866141732,79.448,71.582,69.296,65.6599999999999,34.2,16.5,24.1
"BOOI4","2024-08-01 22:00",71.8159999999999,92.3,0,0,1.498,348.8,-0.000393700787401575,78.4759999999999,71.6359999999999,69.2779999999999,65.6779999999999,34.2,16.5,24.1
"BOOI4","2024-08-01 23:00",69.764,92.7,0,0,1.604,354.4,-0.000433070866141732,77.63,71.6539999999999,69.2779999999999,65.6779999999999,34.1,16.5,24.1
"BOOI4","2024-08-02 00:00",69.188,96.4,0,0,1.522,289.4,-0.000551181102362205,76.8019999999999,71.69,69.2779999999999,65.6599999999999,34.1,16.5,24.1
"BOOI4","2024-08-02 01:00",67.856,97.5,0,0,1.529,286.1,-0.000590551181102362,76.1179999999999,71.7259999999999,69.2779999999999,65.696,34.2,16.5,24.1
"BOOI4","2024-08-02 02:00",68.09,96.7,0,0,4.147,285.8,-0.00031496062992126,75.5239999999999,71.69,69.2599999999999,65.696,34.2,16.5,24.1
"BOOI4","2024-08-02 03:00",68.4499999999999,96.9,0,0,5.537,306.2,-0.000196850393700787,75.0019999999999,71.7079999999999,69.296,65.6779999999999,34.2,16.5,24.1
"BOOI4","2024-08-02 04:00",68.522,97.8,0,0,5.065,299.9,-0.000275590551181102,74.5339999999999,71.672,69.2779999999999,65.6599999999999,34.2,16.5,24.1
"BOOI4","2024-08-02 05:00",68.1079999999999,97.3,0,0,6.19,304.9,-0.000196850393700787,74.138,71.6359999999999,69.2779999999999,65.6779999999999,34.2,16.5,24.1
"BOOI4","2024-08-02 06:00",66.7939999999999,96.8,273.6,0,4.245,315.8,-0.000275590551181102,73.7419999999999,71.5999999999999,69.2779999999999,65.696,34.1,16.5,24.1
"BOOI4","2024-08-02 07:00",67.856,94.5,104688,0,6.234,305.7,-0.000551181102362205,73.3279999999999,71.5279999999999,69.314,65.6779999999999,34.1,16.5,24.1
"BOOI4","2024-08-02 08:00",70.322,91.3,581400,0,6.746,304.3,0.00318897637795276,73.0939999999999,71.5099999999999,69.314,65.6779999999999,34.2,16.5,24.1
"BOOI4","2024-08-02 09:00",73.688,84.7,1229040,0,6.685,313.2,0.00818897637795276,73.256,71.4019999999999,69.296,65.696,34.2,16.5,24.1
"BOOI4","2024-08-02 10:00",77.3599999999999,73.71,1888200,0,6.572,329.5,0.014251968503937,74.0119999999999,71.3659999999999,69.296,65.696,34.1,16.4,24.1
"BOOI4","2024-08-02 11:00",79.9519999999999,67.97,2426040,0,7.61,337.7,0.020236220472441,75.2179999999999,71.2939999999999,69.314,65.6779999999999,34,16.4,24.1
"BOOI4","2024-08-02 12:00",80.996,62.36,2838960,0,8.15,339.5,0.0249212598425197,76.6579999999999,71.2579999999999,69.296,65.696,33.9,16.3,24
"BOOI4","2024-08-02 13:00",82.94,61.81,3110400,0,7.677,356.7,0.0277165354330709,78.332,71.1859999999999,69.2599999999999,65.6779999999999,33.8,16.2,24
"BOOI4","2024-08-02 14:00",83.6419999999999,60,3153600,0,6.742,345,0.0277952755905512,79.9699999999999,71.1499999999999,69.314,65.696,33.8,16.1,24
"BOOI4","2024-08-02 15:00",85.1359999999999,57.34,3006000,0,6.707,343.4,0.0273622047244095,81.374,71.0779999999999,69.2779999999999,65.696,33.7,16,24
"BOOI4","2024-08-02 16:00",85.856,57.89,2685960,0,6.258,339.1,0.0250393700787402,82.472,71.114,69.2599999999999,65.696,33.6,15.9,24
"BOOI4","2024-08-02 17:00",86.414,60.07,2227680,0,5.563,335.9,0.0212992125984252,83.0839999999999,71.114,69.2239999999999,65.6779999999999,33.5,15.8,24
"BOOI4","2024-08-02 18:00",87.2599999999999,61.83,1649520,0,5.16,341.1,0.0163385826771654,83.2099999999999,71.1499999999999,69.2599999999999,65.6779999999999,33.5,15.8,23.9
"BOOI4","2024-08-02 19:00",85.4599999999999,70.31,941400,0,3.885,329,0.00956692913385827,82.8499999999999,71.222,69.2239999999999,65.714,33.4,15.8,23.9
"BOOI4","2024-08-02 20:00",82.7419999999999,78.09,415080,0,2.944,300.1,0.0037007874015748,82.13,71.2939999999999,69.2239999999999,65.6779999999999,33.4,15.8,23.9
"BOOI4","2024-08-02 21:00",76.2439999999999,91.1,43272,0,0.626,277.1,-0.000748031496062992,80.9419999999999,71.3839999999999,69.206,65.714,33.5,15.8,23.9
"BOOI4","2024-08-02 22:00",74.3539999999999,94.3,0,0,0,0,-0.00133858267716536,79.8079999999999,71.438,69.2419999999999,65.714,33.5,15.9,23.9
"BOOI4","2024-08-02 23:00",72.0499999999999,97.6,0,0,0.055,245.1,-0.00133858267716536,78.8539999999999,71.5099999999999,69.2419999999999,65.696,33.5,15.9,23.9
"BOOI4","2024-08-03 00:00",71.1679999999999,99.1,0,0,1.951,252.1,-0.00094488188976378,78.0439999999999,71.564,69.2239999999999,65.696,33.6,15.9,23.9
"BOOI4","2024-08-03 01:00",71.6359999999999,99.6,0,0,3.577,256.8,-0.00078740157480315,77.3419999999999,71.6179999999999,69.206,65.714,33.5,15.9,23.9
"BOOI4","2024-08-03 02:00",72.6079999999999,99.3,0,0,3.731,266.5,-0.000748031496062992,76.73,71.6179999999999,69.2239999999999,65.6779999999999,33.5,15.9,23.9
"BOOI4","2024-08-03 03:00",73.0399999999999,98.4,0,0,5.117,280.2,-0.000590551181102362,76.28,71.6359999999999,69.2239999999999,65.714,33.5,15.9,23.9
"BOOI4","2024-08-03 04:00",71.3839999999999,99.1,0,0,4.167,283.4,-0.000669291338582677,75.8839999999999,71.6179999999999,69.2239999999999,65.696,33.5,15.8,23.9
"BOOI4","2024-08-03 05:00",70.6999999999999,97.9,0,0,1.241,302.5,-0.00106299212598425,75.488,71.582,69.2419999999999,65.696,33.6,15.9,23.9
"BOOI4","2024-08-03 06:00",69.3499999999999,99.3,356.4,0,2.646,288,-0.000826771653543307,75.0919999999999,71.582,69.2239999999999,65.696,33.6,15.9,23.8
"BOOI4","2024-08-03 07:00",71.2759999999999,96.5,138384,0,3.199,304.4,-0.000748031496062992,74.7499999999999,71.546,69.2419999999999,65.696,33.6,15.9,23.8
"BOOI4","2024-08-03 08:00",74.948,90.7,601920,0,2.747,348.3,0.00311023622047244,74.732,71.5279999999999,69.2419999999999,65.6779999999999,33.6,15.9,23.8
"BOOI4","2024-08-03 09:00",76.964,85.6,1194840,0,3.74,27.91,0.00830708661417323,75.056,71.4739999999999,69.2419999999999,65.714,33.6,15.9,23.8
"BOOI4","2024-08-03 10:00",79.9519999999999,72.8,1820520,0,4.637,61.43,0.0141732283464567,76.064,71.456,69.2599999999999,65.714,33.5,15.8,23.8
"BOOI4","2024-08-03 11:00",82.472,63.59,2322000,0,2.825,100.1,0.0188582677165354,77.7739999999999,71.438,69.2419999999999,65.696,33.4,15.8,23.8
"BOOI4","2024-08-03 12:00",84.0739999999999,61.59,2763360,0,2.603,136.2,0.0225984251968504,79.8619999999999,71.3839999999999,69.2599999999999,65.714,33.4,15.7,23.8
"BOOI4","2024-08-03 13:00",84.9019999999999,63.03,3042000,0,2.455,166.1,0.025,82.0579999999999,71.348,69.2419999999999,65.714,33.4,15.6,23.8
"BOOI4","2024-08-03 14:00",87.746,63.62,3124800,0,1.615,294,0.0252755905511811,84.1099999999999,71.348,69.2419999999999,65.696,33.2,15.5,23.8
"BOOI4","2024-08-03 15:00",88.5199999999999,59.7,2955600,0,1.083,267,0.0240551181102362,85.9279999999999,71.348,69.2419999999999,65.732,33.2,15.4,23.8
"BOOI4","2024-08-03 16:00",88.0699999999999,63.49,2566440,0,1.272,42.98,0.0212204724409449,87.08,71.3839999999999,69.2239999999999,65.714,33.1,15.3,23.8
"BOOI4","2024-08-03 17:00",88.988,64.91,2128320,0,0.994,62.01,0.0174409448818898,87.6919999999999,71.456,69.2419999999999,65.714,33.1,15.3,23.8
"BOOI4","2024-08-03 18:00",88.1779999999999,68.28,1529280,0,1.578,13.6,0.0129133858267717,87.746,71.5099999999999,69.2239999999999,65.714,33.1,15.2,23.7
"BOOI4","2024-08-03 19:00",86.2699999999999,74.13,837720,0,2.77,60.42,0.00783464566929134,87.098,71.6539999999999,69.2239999999999,65.696,33.1,15.2,23.7
"BOOI4","2024-08-03 20:00",82.1119999999999,79.44,377640,0,2.368,107.8,0.00307086614173228,85.982,71.7439999999999,69.2239999999999,65.696,33.1,15.2,23.7
"BOOI4","2024-08-03 21:00",78.98,79.21,44028,0,3.799,114.7,0.000826771653543307,84.4159999999999,71.8699999999999,69.2239999999999,65.732,33.1,15.2,23.7
"BOOI4","2024-08-03 22:00",76.6759999999999,89.2,0,0,1.603,132.8,-0.00047244094488189,82.9759999999999,71.9599999999999,69.2239999999999,65.732,33.1,15.3,23.7
"BOOI4","2024-08-03 23:00",75.1819999999999,91.1,0,0,0.283,150.6,-0.00114173228346457,81.8239999999999,72.0679999999999,69.2419999999999,65.696,33.1,15.3,23.7
"BOOI4","2024-08-04 00:00",73.4359999999999,92.1,0,0,1.27,149.6,-0.00078740157480315,80.8519999999999,72.1039999999999,69.2779999999999,65.732,33.2,15.3,23.7
"BOOI4","2024-08-04 01:00",72.3199999999999,89.2,0,0,2.486,151.6,-0.000433070866141732,79.988,72.1759999999999,69.2419999999999,65.732,33.2,15.3,23.7
"BOOI4","2024-08-04 02:00",70.8259999999999,93,0,0,3.073,157.4,-0.000393700787401575,79.124,72.23,69.2779999999999,65.714,33.1,15.3,23.7
"BOOI4","2024-08-04 03:00",70.8259999999999,92.4,0,0,3.58,140.6,-0.000354330708661417,78.3679999999999,72.23,69.2779999999999,65.714,33.1,15.3,23.7
"BOOI4","2024-08-04 04:00",70.2499999999999,94,0,0,4.973,149.1,-0.000236220472440945,77.6659999999999,72.2659999999999,69.2779999999999,65.732,33.1,15.4,23.6
"BOOI4","2024-08-04 05:00",68.8279999999999,95.6,0,0,4.423,167.6,-0.000393700787401575,77.0359999999999,72.248,69.332,65.714,33.1,15.4,23.6
"BOOI4","2024-08-04 06:00",67.496,97.6,108,0,3.311,182,-0.000590551181102362,76.4419999999999,72.1939999999999,69.332,65.714,33.1,15.4,23.6
"BOOI4","2024-08-04 07:00",69.9259999999999,98.8,105696,0,3.234,203.3,-0.00106299212598425,75.9919999999999,72.2119999999999,69.3499999999999,65.732,33.2,15.4,23.6
"BOOI4","2024-08-04 08:00",73.0939999999999,94.5,546840,0,4.961,192.7,0.00267716535433071,75.7939999999999,72.1579999999999,69.3499999999999,65.7499999999999,33.2,15.4,23.6
"BOOI4","2024-08-04 09:00",76.982,81.2,990000,0,7.354,224.9,0.00775590551181103,75.9199999999999,72.0859999999999,69.4039999999999,65.732,33.2,15.4,23.6
"BOOI4","2024-08-04 10:00",80.2579999999999,74.5,1679400,0,8.45,229.7,0.0145275590551181,76.4599999999999,72.032,69.4039999999999,65.7499999999999,33.1,15.3,23.6
"BOOI4","2024-08-04 11:00",83.3359999999999,73.05,2287800,0,9.46,230.9,0.0200787401574803,77.522,71.9779999999999,69.4039999999999,65.7499999999999,33.1,15.2,23.6
"BOOI4","2024-08-04 12:00",85.0099999999999,69.51,2736000,0,9.78,226.4,0.024488188976378,78.9259999999999,71.9239999999999,69.422,65.714,33,15.1,23.6
"BOOI4","2024-08-04 13:00",87.0439999999999,68.81,2937600,0,9.63,233.6,0.0267322834645669,80.564,71.888,69.422,65.732,32.8,15,23.6
"BOOI4","2024-08-04 14:00",88.3039999999999,70.42,3106800,0,7.491,252.3,0.0275590551181102,82.4359999999999,71.8699999999999,69.4039999999999,65.732,32.8,14.8,23.5
"BOOI4","2024-08-04 15:00",89.7439999999999,69.47,2998800,0,5.825,250.6,0.026496062992126,84.488,71.8699999999999,69.422,65.714,32.8,14.7,23.5
"BOOI4","2024-08-04 16:00",90.23,72.25,2640600,0,7.039,264,0.0241338582677165,85.874,71.8699999999999,69.44,65.7499999999999,32.7,14.6,23.5
"BOOI4","2024-08-04 17:00",90.2659999999999,73.67,2008440,0,7.665,277,0.0196456692913386,86.4859999999999,71.906,69.44,65.732,32.7,14.5,23.5
"BOOI4","2024-08-04 18:00",88.3939999999999,77.17,1273320,0,5.982,309.5,0.012992125984252,86.4679999999999,71.9779999999999,69.44,65.732,32.6,14.5,23.4
"BOOI4","2024-08-04 19:00",83.9659999999999,83.4,524520,0,3.609,329.7,0.00582677165354331,85.8019999999999,72.1039999999999,69.422,65.7499999999999,32.6,14.5,23.5
"BOOI4","2024-08-04 20:00",83.696,84.2,287460,0,1.22,343.6,0.00196850393700787,84.9199999999999,72.2119999999999,69.4579999999999,65.7499999999999,32.6,14.5,23.4
"BOOI4","2024-08-04 21:00",79.8439999999999,92.6,35100,0,0.16,344.2,-0.000551181102362205,83.8579999999999,72.3019999999999,69.4579999999999,65.732,32.7,14.5,23.5
"BOOI4","2024-08-04 22:00",77.756,97.1,0,0,3.596,11.41,-0.000236220472440945,82.8859999999999,72.3919999999999,69.4579999999999,65.732,32.7,14.5,23.5
"BOOI4","2024-08-04 23:00",76.8019999999999,98.4,0,0,3.477,13.43,-0.000393700787401575,82.13,72.482,69.4759999999999,65.7679999999999,32.7,14.5,23.4
"BOOI4","2024-08-05 00:00",75.848,99.6,0,0,3.326,33.98,-0.000511811023622047,81.4099999999999,72.572,69.4579999999999,65.732,32.7,14.5,23.5
"BOOI4","2024-08-05 01:00",75.38,100,0,0,2.736,63.01,-0.000590551181102362,80.78,72.6259999999999,69.4759999999999,65.7499999999999,32.7,14.5,23.4
"BOOI4","2024-08-05 02:00",73.9579999999999,100,0,0,0.041,109.8,-0.000905511811023622,80.1499999999999,72.68,69.4939999999999,65.7499999999999,32.7,14.6,23.5
"BOOI4","2024-08-05 03:00",73.706,100,0,0,0.389,203.4,-0.000866141732283465,79.5919999999999,72.698,69.5119999999999,65.7499999999999,32.7,14.6,23.5
"BOOI4","2024-08-05 04:00",74.7859999999999,100,0,0,2.923,205,-0.000590551181102362,79.124,72.7159999999999,69.5119999999999,65.7859999999999,32.7,14.6,23.5
"BOOI4","2024-08-05 05:00",74.7679999999999,97.4,0,0,4.455,228.6,-0.000433070866141732,78.7279999999999,72.7519999999999,69.5659999999999,65.7679999999999,32.7,14.6,23.5
"BOOI4","2024-08-05 06:00",72.9679999999999,97.1,39.6,0,3.114,245,-0.000433070866141732,78.3679999999999,72.7339999999999,69.5659999999999,65.7499999999999,32.7,14.6,23.4
"BOOI4","2024-08-05 07:00",74.246,95.4,78588,0,1.95,8.53,-0.000905511811023622,77.99,72.7339999999999,69.5839999999999,65.7859999999999,32.7,14.7,23.4
"BOOI4","2024-08-05 08:00",75.7579999999999,96.7,439560,0,2.682,56.96,0.00244094488188976,77.7919999999999,72.7159999999999,69.638,65.8039999999999,32.7,14.7,23.4
"BOOI4","2024-08-05 09:00",80.2939999999999,87.6,1090080,0,4.202,105.5,0.0075984251968504,78.08,72.698,69.656,65.7859999999999,32.7,14.7,23.4
"BOOI4","2024-08-05 10:00",83.03,72.51,1729080,0,5.017,145.9,0.0143700787401575,78.9619999999999,72.68,69.656,65.8039999999999,32.7,14.6,23.4
"BOOI4","2024-08-05 11:00",83.7679999999999,68.45,1934280,0,5.567,163.6,0.0171653543307087,80.0239999999999,72.6619999999999,69.656,65.8039999999999,32.7,14.5,23.4
"BOOI4","2024-08-05 12:00",84.722,69,2584080,0,5.717,173.6,0.0226771653543307,81.4279999999999,72.6259999999999,69.6919999999999,65.7859999999999,32.5,14.4,23.4
"BOOI4","2024-08-05 13:00",86.1079999999999,65.91,2870640,0,7.204,168.8,0.0259448818897638,82.9039999999999,72.59,69.6739999999999,65.7679999999999,32.4,14.2,23.3
"BOOI4","2024-08-05 14:00",87.872,67.82,2563200,0,7.601,168.3,0.0246850393700787,84.1999999999999,72.6079999999999,69.6919999999999,65.8039999999999,32.4,14.2,23.3
"BOOI4","2024-08-05 15:00",87.8539999999999,67.13,2565720,0,7.589,162.7,0.0248031496062992,85.2439999999999,72.6079999999999,69.7279999999999,65.8039999999999,32.4,14,23.3
"BOOI4","2024-08-05 16:00",89.7439999999999,69.65,2422800,0,7.498,167.1,0.0234251968503937,86.0359999999999,72.6619999999999,69.7279999999999,65.8039999999999,32.3,14,23.3
"BOOI4","2024-08-05 17:00",89.8699999999999,66.08,2088360,0,7.925,177.6,0.0215354330708661,86.5399999999999,72.68,69.7099999999999,65.7679999999999,32.2,13.8,23.2
"BOOI4","2024-08-05 18:00",89.2939999999999,66.06,1531800,0,7.97,186,0.0174409448818898,86.4319999999999,72.7339999999999,69.764,65.822,32.2,13.7,23.2
"BOOI4","2024-08-05 19:00",86.9179999999999,70.49,862920,0,6.617,191.8,0.0110236220472441,85.856,72.806,69.7279999999999,65.7859999999999,32.1,13.8,23.2
"BOOI4","2024-08-05 20:00",83.714,69.45,285192,0,6.924,198.4,0.00677165354330709,84.7759999999999,72.896,69.7279999999999,65.822,32.1,13.7,23.2
"BOOI4","2024-08-05 21:00",81.5359999999999,72.7,30096,0,6.508,210.7,0.00228346456692913,83.39,72.9319999999999,69.746,65.822,32.1,13.7,23.2
"BOOI4","2024-08-05 22:00",79.214,81.4,0,0,3.953,250,0.000511811023622047,82.3099999999999,73.0579999999999,69.782,65.8039999999999,32.2,13.8,23.2
"BOOI4","2024-08-05 23:00",78.4579999999999,87.7,0,0,5.896,255.2,0.00062992125984252,81.5539999999999,73.0939999999999,69.782,65.822,32.2,13.8,23.2
"BOOI4","2024-08-06 00:00",77.4499999999999,91.4,0,0,7.93,294.7,0.000708661417322835,80.9239999999999,73.13,69.7999999999999,65.8039999999999,32.2,13.8,23.2
"BOOI4","2024-08-06 01:00",68.6119999999999,94.3,0,0,9.25,330.6,0.000118110236220472,80.1859999999999,73.1659999999999,69.782,65.7859999999999,32.2,13.8,23.2
"BOOI4","2024-08-06 02:00",64.7599999999999,95.3,0,0,8.25,326.7,-7.8740157480315e-05,79.214,73.1839999999999,69.8359999999999,65.8039999999999,32.2,13.8,23.1
"BOOI4","2024-08-06 03:00",63.23,96.1,0,0,9.92,340.6,-7.8740157480315e-05,78.2239999999999,73.2019999999999,69.8359999999999,65.84,32.2,13.9,23.1
"BOOI4","2024-08-06 04:00",62.0419999999999,96.2,0,0,11.46,345.5,-0.000118110236220472,77.1259999999999,73.1839999999999,69.872,65.84,32.2,13.9,23.1
"BOOI4","2024-08-06 05:00",61.772,94.8,0,0,9.98,350.8,-3.93700787401575e-05,76.1539999999999,73.148,69.872,65.84,32.2,13.9,23.1
"BOOI4","2024-08-06 06:00",61.0339999999999,96,0,0,9.11,3.923,-0.000196850393700787,75.3619999999999,73.1119999999999,69.89,65.84,32.2,13.9,23.1
"BOOI4","2024-08-06 07:00",61.2319999999999,96.3,26946,0,9.03,12.47,0.000708661417322835,74.714,73.0579999999999,69.9259999999999,65.8579999999999,32.1,13.9,23.1
"BOOI4","2024-08-06 08:00",60.3679999999999,96.2,222516,0,10.06,8.41,0.00161417322834646,74.156,72.9499999999999,69.9259999999999,65.8579999999999,32.1,13.9,23.1
"BOOI4","2024-08-06 09:00",60.8539999999999,89.5,451080,0,10.9,12.79,0.00307086614173228,73.7419999999999,72.8599999999999,69.9619999999999,65.8579999999999,32.2,13.9,23.1
"BOOI4","2024-08-06 10:00",61.3039999999999,88,605520,0,10.63,15.7,0.00476377952755906,73.4179999999999,72.7159999999999,69.9619999999999,65.8579999999999,32.2,13.9,23.1
"BOOI4","2024-08-06 11:00",63.5539999999999,85.5,1000800,0,9.69,18.57,0.00736220472440945,73.3279999999999,72.6079999999999,69.98,65.84,32.1,13.8,23.2
"BOOI4","2024-08-06 12:00",65.3539999999999,81.2,1340640,0,9.4,8.37,0.00996062992125984,73.58,72.482,69.998,65.84,32.1,13.8,23.2
"BOOI4","2024-08-06 13:00",68.2699999999999,78.11,2015640,0,10.11,13.21,0.0141338582677165,74.1199999999999,72.356,69.98,65.8579999999999,32,13.7,23.2
"BOOI4","2024-08-06 14:00",69.3859999999999,75.59,2558880,0,11.04,18.99,0.0177165354330709,75.1819999999999,72.1939999999999,70.0159999999999,65.8759999999999,31.9,13.6,23.1
"BOOI4","2024-08-06 15:00",69.206,73.7,2048400,0,10.18,24.38,0.0160236220472441,76.082,72.1039999999999,69.9619999999999,65.84,31.9,13.5,23.1
"BOOI4","2024-08-06 16:00",70.43,72.33,1254600,0,7.435,25.17,0.0115354330708661,76.496,71.9779999999999,69.98,65.8759999999999,31.8,13.5,23.1
"BOOI4","2024-08-06 17:00",71.24,70.85,886320,0,4.877,26.02,0.00874015748031496,76.5859999999999,71.888,69.9439999999999,65.8939999999999,31.8,13.5,23.1
"BOOI4","2024-08-06 18:00",72.6439999999999,65.99,1004040,0,5.373,48.07,0.00956692913385827,76.6579999999999,71.798,69.9259999999999,65.9119999999999,31.7,13.5,23
"BOOI4","2024-08-06 19:00",70.6279999999999,72.73,657360,0,4.709,50.55,0.00692913385826772,76.6039999999999,71.7439999999999,69.9259999999999,65.93,31.7,13.4,23
"BOOI4","2024-08-06 20:00",69.89,73.01,399960,0,3.353,73.55,0.00279527559055118,76.2439999999999,71.672,69.9259999999999,65.8939999999999,31.7,13.5,23
"BOOI4","2024-08-06 21:00",65.4439999999999,88.4,25563.6,0,0.871,125.4,-0.000196850393700787,75.4339999999999,71.6179999999999,69.89,65.8939999999999,31.7,13.5,23
"BOOI4","2024-08-06 22:00",65.606,89.9,0,0,0,0,-0.000708661417322835,74.714,71.546,69.8539999999999,65.8759999999999,31.7,13.5,23
"BOOI4","2024-08-06 23:00",65.6599999999999,90.5,0,0,0.146,338.4,-0.000669291338582677,74.282,71.456,69.8359999999999,65.93,31.7,13.5,23
"BOOI4","2024-08-07 00:00",62.5099999999999,93.7,0,0,0,0,-0.000708661417322835,73.7599999999999,71.4199999999999,69.8539999999999,65.93,31.7,13.5,23
"BOOI4","2024-08-07 01:00",62.1499999999999,92.6,0,0,0,0,-0.000708661417322835,73.0939999999999,71.3839999999999,69.8179999999999,65.93,31.6,13.5,23
"BOOI4","2024-08-07 02:00",60.188,93.9,0,0,0.363,341.9,-0.000590551181102362,72.4279999999999,71.2939999999999,69.8179999999999,65.9119999999999,31.6,13.5,23
"BOOI4","2024-08-07 03:00",59.6659999999999,94.9,0,0,0.344,343.6,-0.00062992125984252,71.906,71.222,69.764,65.9119999999999,31.7,13.5,23
"BOOI4","2024-08-07 04:00",58.7839999999999,94.9,0,0,0.226,341.9,-0.00062992125984252,71.4019999999999,71.114,69.746,65.9119999999999,31.7,13.5,23
"BOOI4","2024-08-07 05:00",58.73,92.9,0,0,0,0,-0.000708661417322835,70.9159999999999,71.0419999999999,69.7099999999999,65.93,31.6,13.5,23
"BOOI4","2024-08-07 06:00",57.488,94.3,75.6,0,0,0,-0.000708661417322835,70.3939999999999,70.9519999999999,69.6919999999999,65.948,31.6,13.5,23
"BOOI4","2024-08-07 07:00",59.1259999999999,94.3,90144,0,0,0,-0.00161417322834646,69.872,70.8439999999999,69.6739999999999,65.9659999999999,31.6,13.5,23
"BOOI4","2024-08-07 08:00",62.2579999999999,90.3,563040,0,0,0,0.00192913385826772,69.656,70.7539999999999,69.656,65.9659999999999,31.6,13.6,23
"BOOI4","2024-08-07 09:00",67.388,79.3,1185480,0,1.077,134.1,0.00677165354330709,69.8359999999999,70.646,69.5839999999999,65.9839999999999,31.5,13.6,23
"BOOI4","2024-08-07 10:00",70.9159999999999,76.71,1718280,0,3.973,133.7,0.0118503937007874,70.5739999999999,70.5199999999999,69.5659999999999,65.9659999999999,31.6,13.5,23
"BOOI4","2024-08-07 11:00",72.446,71.38,2385720,0,5.002,163.2,0.0172834645669291,71.996,70.4119999999999,69.5659999999999,65.9839999999999,31.5,13.4,22.9
"BOOI4","2024-08-07 12:00",74.0119999999999,64.94,2694960,0,6.247,147.8,0.0205905511811024,73.7779999999999,70.2859999999999,69.5119999999999,65.948,31.4,13.3,22.9
"BOOI4","2024-08-07 13:00",75.2539999999999,67.09,3038400,0,5.504,147.7,0.0231496062992126,75.848,70.214,69.4579999999999,65.9659999999999,31.3,13.1,22.9
"BOOI4","2024-08-07 14:00",75.74,65.35,3099600,0,6.294,155.9,0.0241338582677165,77.8819999999999,70.1419999999999,69.4579999999999,65.948,31.3,13,22.9
"BOOI4","2024-08-07 15:00",76.964,64.71,2890800,0,6.56,168,0.0234645669291339,79.5019999999999,70.088,69.4039999999999,66.0019999999999,31.2,12.9,22.8
"BOOI4","2024-08-07 16:00",77.4499999999999,62.02,2524320,0,6.918,149.4,0.0217716535433071,80.5099999999999,70.088,69.3859999999999,65.9839999999999,31.1,12.7,22.8
"BOOI4","2024-08-07 17:00",78.0079999999999,61.76,2108160,0,5.707,149.7,0.0182283464566929,81.248,70.088,69.3679999999999,65.9839999999999,31.1,12.6,22.8
"BOOI4","2024-08-07 18:00",77.7199999999999,64.41,1501920,0,5.207,141.8,0.0138188976377953,81.4099999999999,70.124,69.296,65.9659999999999,31,12.6,22.8
"BOOI4","2024-08-07 19:00",76.7839999999999,66.08,860040,0,5.178,144.3,0.00893700787401575,80.9419999999999,70.1599999999999,69.2779999999999,65.9839999999999,31,12.6,22.7
"BOOI4","2024-08-07 20:00",73.3099999999999,77.84,345240,0,4.265,125.7,0.00366141732283465,79.9699999999999,70.214,69.2419999999999,65.9839999999999,31,12.7,22.7
"BOOI4","2024-08-07 21:00",69.44,86,28400.4,0,3.07,129.1,7.8740157480315e-05,78.638,70.2679999999999,69.2239999999999,65.9839999999999,31,12.6,22.7
"BOOI4","2024-08-07 22:00",68.1619999999999,88.8,0,0,3.651,124.5,-3.93700787401575e-05,77.5039999999999,70.34,69.206,65.9659999999999,31,12.6,22.8
"BOOI4","2024-08-07 23:00",67.2619999999999,90.1,0,0,0.319,122.7,-0.00122047244094488,76.5499999999999,70.34,69.1519999999999,66.0019999999999,31.1,12.7,22.8
"BOOI4","2024-08-08 00:00",66.848,89.7,0,0,0.004,136.7,-0.00141732283464567,75.7939999999999,70.3939999999999,69.1339999999999,65.9839999999999,31.1,12.7,22.8
"BOOI4","2024-08-08 01:00",64.7419999999999,93.8,0,0,0.021,177.7,-0.00137795275590551,75.146,70.3759999999999,69.098,66.038,31.1,12.7,22.8
"BOOI4","2024-08-08 02:00",64.7419999999999,94.6,0,0,0,0,-0.00137795275590551,74.5519999999999,70.3759999999999,69.098,66.0019999999999,31.1,12.7,22.8
"BOOI4","2024-08-08 03:00",64.3999999999999,95.8,0,0,0.037,196,-0.00137795275590551,74.048,70.3579999999999,69.08,66.0019999999999,31.1,12.7,22.8
"BOOI4","2024-08-08 04:00",65.282,95.4,0,0,0,0,-0.00137795275590551,73.6339999999999,70.34,69.0619999999999,65.9839999999999,31.1,12.8,22.8
"BOOI4","2024-08-08 05:00",65.3539999999999,96.5,0,0,0.009,233.1,-0.00137795275590551,73.3279999999999,70.3039999999999,69.0439999999999,66.0019999999999,31.1,12.8,22.8
"BOOI4","2024-08-08 06:00",65.3539999999999,96.9,0,0,0.032,240.6,-0.00133858267716536,73.13,70.2859999999999,69.0619999999999,66.0019999999999,31,12.8,22.8
"BOOI4","2024-08-08 07:00",65.4079999999999,97.1,47448,0,0.032,345.3,-0.00078740157480315,72.8779999999999,70.232,69.0079999999999,65.9839999999999,31,12.8,22.8
"BOOI4","2024-08-08 08:00",67.7119999999999,94.8,266508,0,3.296,352.2,0.0015748031496063,72.788,70.1599999999999,69.0079999999999,65.9839999999999,31,12.8,22.8
"BOOI4","2024-08-08 09:00",66.596,91.7,338040,0,7.786,346.7,0.0028740157480315,72.7339999999999,70.124,68.972,65.9839999999999,31,12.8,22.7
"BOOI4","2024-08-08 10:00",68.3239999999999,85.6,1243800,0,8.63,347.3,0.00850393700787402,72.788,70.0519999999999,68.9539999999999,66.0019999999999,31,12.7,22.7
"BOOI4","2024-08-08 11:00",69.0619999999999,79.74,1647000,0,9.54,344,0.0116929133858268,73.13,69.998,68.972,66.0019999999999,31,12.6,22.8
"BOOI4","2024-08-08 12:00",70.7539999999999,73.55,2261520,0,9.71,341,0.0168110236220472,73.814,69.9259999999999,68.972,65.9659999999999,30.8,12.5,22.7
"BOOI4","2024-08-08 13:00",71.564,70.86,1908720,0,10.13,342.4,0.0162204724409449,74.4619999999999,69.9259999999999,68.9179999999999,65.9839999999999,30.8,12.4,22.7
"BOOI4","2024-08-08 14:00",72.23,63.9,2394360,0,9.59,334.7,0.0198425196850394,75.0199999999999,69.872,68.9179999999999,65.9659999999999,30.7,12.3,22.7
"BOOI4","2024-08-08 15:00",74.6419999999999,58.97,2941200,0,8.79,326.9,0.0237795275590551,76.3159999999999,69.7999999999999,68.8999999999999,65.9659999999999,30.7,12.1,22.7
"BOOI4","2024-08-08 16:00",72.3919999999999,60.18,1972440,0,8.85,320.5,0.0192125984251969,77.2699999999999,69.7999999999999,68.864,65.9839999999999,30.6,12.1,22.6
"BOOI4","2024-08-08 17:00",74.3359999999999,56.77,2011320,0,8.96,317.7,0.0190944881889764,77.3779999999999,69.7999999999999,68.8279999999999,65.9659999999999,30.6,12,22.6
"BOOI4","2024-08-08 18:00",73.58,53.45,1422000,0,8.38,319.2,0.0153937007874016,77.4499999999999,69.782,68.8279999999999,65.9659999999999,30.5,11.8,22.6
"BOOI4","2024-08-08 19:00",71.7439999999999,52.39,906120,0,10.07,309.2,0.013503937007874,76.9279999999999,69.782,68.8279999999999,65.9659999999999,30.5,11.8,22.5
"BOOI4","2024-08-08 20:00",67.064,64.23,382680,0,7.023,310.5,0.00665354330708662,75.9739999999999,69.764,68.7919999999999,65.9659999999999,30.5,11.8,22.5
"BOOI4","2024-08-08 21:00",61.7359999999999,74.75,34092,0,3.421,318.9,0.000708661417322835,74.8579999999999,69.764,68.7739999999999,65.948,30.5,11.9,22.5
"BOOI4","2024-08-08 22:00",58.838,80.7,0,0,2.086,311.2,-0.000236220472440945,73.796,69.764,68.756,65.948,30.5,12,22.5
"BOOI4","2024-08-08 23:00",58.19,81.2,0,0,4.62,341.8,0.000393700787401575,72.8419999999999,69.746,68.738,65.9659999999999,30.5,12,22.5
"BOOI4","2024-08-09 00:00",57.056,83.9,0,0,5.11,343.7,0.00031496062992126,71.9599999999999,69.7099999999999,68.7199999999999,65.93,30.5,12,22.5
"BOOI4","2024-08-09 01:00",54.6439999999999,90.4,0,0,3.036,331.7,-0.000236220472440945,71.1319999999999,69.6739999999999,68.7019999999999,65.9119999999999,30.5,12,22.5
"BOOI4","2024-08-09 02:00",54.3019999999999,90.3,0,0,2.264,292.4,-0.000511811023622047,70.3939999999999,69.638,68.7019999999999,65.948,30.5,12.1,22.5
"BOOI4","2024-08-09 03:00",53.7619999999999,91.7,0,0,4.811,290.6,-0.00015748031496063,69.782,69.5659999999999,68.6839999999999,65.93,30.5,12.1,22.5
"BOOI4","2024-08-09 04:00",53.456,92.1,0,0,5.874,302.3,-7.8740157480315e-05,69.1699999999999,69.4759999999999,68.63,65.948,30.5,12.1,22.5
"BOOI4","2024-08-09 05:00",52.9159999999999,93.2,0,0,5.963,285.9,-0.000118110236220472,68.5759999999999,69.4039999999999,68.648,65.9119999999999,30.5,12.1,22.5
"BOOI4","2024-08-09 06:00",52.322,94.1,64.8,0,6.761,304,-0.000118110236220472,68.0179999999999,69.2779999999999,68.5939999999999,65.9119999999999,30.5,12.1,22.5
"BOOI4","2024-08-09 07:00",53.672,92.4,103104,0,6.351,295.2,-0.000590551181102362,67.514,69.1699999999999,68.648,65.9119999999999,30.5,12.1,22.5
"BOOI4","2024-08-09 08:00",56.6419999999999,86.2,562680,0,8.78,299.6,0.00271653543307087,67.1359999999999,69.0439999999999,68.5939999999999,65.8759999999999,30.4,12.1,22.5
"BOOI4","2024-08-09 09:00",59.8999999999999,81.7,1177560,0,9.19,311,0.00688976377952756,67.046,68.9359999999999,68.5759999999999,65.93,30.4,12.1,22.5
"BOOI4","2024-08-09 10:00",61.898,76.43,1806840,0,8.38,327.5,0.0112992125984252,67.4599999999999,68.8279999999999,68.5039999999999,65.8939999999999,30.4,12,22.5
"BOOI4","2024-08-09 11:00",63.896,72.57,2364120,0,8.9,318.8,0.0153149606299213,68.3779999999999,68.6839999999999,68.5039999999999,65.8939999999999,30.3,11.8,22.5
"BOOI4","2024-08-09 12:00",66.056,64.87,2614320,0,7.921,322,0.0183070866141732,69.8359999999999,68.5759999999999,68.4679999999999,65.8939999999999,30.3,11.8,22.5
"BOOI4","2024-08-09 13:00",67.0099999999999,63.41,2758680,0,8.72,324.7,0.0207874015748032,71.4019999999999,68.4859999999999,68.4499999999999,65.8759999999999,30.2,11.6,22.5
"BOOI4","2024-08-09 14:00",68.1619999999999,56.01,2444040,0,8.74,320.7,0.0205511811023622,72.6079999999999,68.3779999999999,68.414,65.8939999999999,30.1,11.5,22.4
"BOOI4","2024-08-09 15:00",68.072,54.91,2097360,0,9.78,309.2,0.0199606299212599,73.5079999999999,68.3239999999999,68.3779999999999,65.8939999999999,30.1,11.5,22.4
"BOOI4","2024-08-09 16:00",70.5919999999999,53.1,2047680,0,9.65,315.4,0.0198425196850394,73.9039999999999,68.2519999999999,68.306,65.8759999999999,30,11.4,22.4
"BOOI4","2024-08-09 17:00",70.3759999999999,50.31,1658160,0,9.71,315.8,0.0180708661417323,74.1919999999999,68.2339999999999,68.306,65.8759999999999,30,11.3,22.3
"BOOI4","2024-08-09 18:00",70.124,50.85,1388520,0,8.09,323.6,0.0153937007874016,74.0839999999999,68.2159999999999,68.2519999999999,65.8759999999999,30,11.3,22.3
"BOOI4","2024-08-09 19:00",69.188,55.65,761400,0,6.377,312.7,0.0097244094488189,73.8499999999999,68.198,68.2339999999999,65.84,29.9,11.3,22.3
"BOOI4","2024-08-09 20:00",65.2279999999999,65.96,397080,0,5.164,291.3,0.00480314960629921,73.1839999999999,68.2159999999999,68.198,65.84,29.9,11.3,22.3
"BOOI4","2024-08-09 21:00",60.7819999999999,76.46,27014.4,0,2.799,275,0.000275590551181102,72.248,68.198,68.1439999999999,65.822,30,11.2,22.3
"BOOI4","2024-08-09 22:00",59.2339999999999,78.13,0,0,4.219,283.3,0.000433070866141732,71.4019999999999,68.1619999999999,68.09,65.822,30,11.3,22.3
"BOOI4","2024-08-09 23:00",55.8499999999999,86.6,0,0,4.649,275.7,0.000196850393700787,70.646,68.1619999999999,68.1079999999999,65.84,30,11.3,22.3
"BOOI4","2024-08-10 00:00",54.122,90.3,0,0,2.416,277.1,-0.000393700787401575,69.9259999999999,68.1259999999999,68.0359999999999,65.822,30,11.3,22.3
"BOOI4","2024-08-10 01:00",51.548,95.8,0,0,1.72,257.2,-0.000669291338582677,69.2419999999999,68.1079999999999,68.0179999999999,65.822,30,11.3,22.3
"BOOI4","2024-08-10 02:00",52.214,96.6,0,0,3.65,264.5,-0.000433070866141732,68.5759999999999,68.0539999999999,67.982,65.822,29.9,11.4,22.3
"BOOI4","2024-08-10 03:00",52.2679999999999,92.5,0,0,5.513,278.5,-0.00015748031496063,68.0539999999999,67.982,67.964,65.8039999999999,29.9,11.4,22.3
"BOOI4","2024-08-10 04:00",50.7019999999999,95.3,0,0,4.206,274.5,-0.00031496062992126,67.514,67.946,67.946,65.7859999999999,29.9,11.5,22.3
"BOOI4","2024-08-10 05:00",51.2419999999999,95.1,0,0,4.711,265.5,-0.000354330708661417,66.9739999999999,67.838,67.8919999999999,65.8039999999999,29.9,11.5,22.3
"BOOI4","2024-08-10 06:00",51.08,93.9,61.2,0,5.453,279.3,-0.000196850393700787,66.506,67.7119999999999,67.856,65.7859999999999,29.9,11.5,22.3
"BOOI4","2024-08-10 07:00",51.98,93.4,120888,0,5.768,275,-0.000551181102362205,66.0919999999999,67.64,67.856,65.7859999999999,29.9,11.5,22.3
"BOOI4","2024-08-10 08:00",57.8119999999999,85.2,503640,0,5.524,291.6,0.00220472440944882,65.8579999999999,67.532,67.8199999999999,65.7679999999999,29.9,11.5,22.3
"BOOI4","2024-08-10 09:00",62.582,74.26,1137240,0,6.198,291.3,0.00732283464566929,65.9839999999999,67.4239999999999,67.7659999999999,65.7859999999999,29.9,11.5,22.3
"BOOI4","2024-08-10 10:00",66.5239999999999,64.33,1779480,0,5.98,293.7,0.0126771653543307,66.6499999999999,67.298,67.7839999999999,65.7499999999999,29.8,11.3,22.3
"BOOI4","2024-08-10 11:00",68.846,61.32,2296800,0,5.709,304.4,0.0171653543307087,67.964,67.2259999999999,67.7119999999999,65.7679999999999,29.8,11.3,22.2
"BOOI4","2024-08-10 12:00",70.4659999999999,57.66,2766960,0,8.34,292.4,0.0217716535433071,69.656,67.0999999999999,67.7119999999999,65.732,29.7,11.1,22.2
"BOOI4","2024-08-10 13:00",72.122,56.98,3157200,0,10.37,283.9,0.0254724409448819,71.456,67.0279999999999,67.6579999999999,65.7499999999999,29.7,11,22.2
"BOOI4","2024-08-10 14:00",73.1839999999999,55.45,2550600,0,10.05,290.8,0.0232677165354331,72.9319999999999,67.0099999999999,67.64,65.7499999999999,29.6,10.9,22.2
"BOOI4","2024-08-10 15:00",73.346,50.33,2632320,0,9.36,295.4,0.0244488188976378,74.2279999999999,66.938,67.5679999999999,65.7499999999999,29.5,10.8,22.2
"BOOI4","2024-08-10 16:00",74.84,50.61,2545200,0,9.62,295.6,0.0242913385826772,75.272,66.9199999999999,67.5679999999999,65.714,29.5,10.7,22.1
"BOOI4","2024-08-10 17:00",75.146,49.18,2059560,0,8.98,296.4,0.0209448818897638,75.7939999999999,66.956,67.496,65.696,29.4,10.6,22.1
"BOOI4","2024-08-10 18:00",74.93,53.59,1092240,0,6.629,297.8,0.0135826771653543,75.9019999999999,66.9919999999999,67.4599999999999,65.696,29.4,10.5,22.1
"BOOI4","2024-08-10 19:00",73.346,52.54,971640,0,4.735,313.7,0.0101181102362205,75.722,67.064,67.406,65.696,29.4,10.5,22.1
"BOOI4","2024-08-10 20:00",69.0619999999999,67.22,353160,0,2.133,286.4,0.0021259842519685,75.1099999999999,67.0999999999999,67.388,65.696,29.4,10.5,22.1
"BOOI4","2024-08-10 21:00",64.9759999999999,71.36,20926.8,0,0,0,-0.000866141732283465,74.0659999999999,67.1539999999999,67.3519999999999,65.6779999999999,29.4,10.6,22
"BOOI4","2024-08-10 22:00",60.9439999999999,83.1,0,0,0.845,285.8,-0.000275590551181102,73.0579999999999,67.19,67.3159999999999,65.6419999999999,29.4,10.6,22.1
"BOOI4","2024-08-10 23:00",61.5199999999999,79.69,0,0,1.832,263.3,-0.000118110236220472,72.1939999999999,67.2259999999999,67.3159999999999,65.6599999999999,29.4,10.6,22.1
"BOOI4","2024-08-11 00:00",58.0999999999999,89.3,0,0,2.054,256.8,-0.00015748031496063,71.3659999999999,67.2439999999999,67.2439999999999,65.606,29.4,10.6,22
"BOOI4","2024-08-11 01:00",59.5939999999999,86,0,0,0,0,-0.000905511811023622,70.6819999999999,67.2439999999999,67.2439999999999,65.624,29.4,10.7,22
"BOOI4","2024-08-11 02:00",57.182,92.9,0,0,1.408,251,-0.000393700787401575,70.0339999999999,67.2439999999999,67.19,65.606,29.4,10.7,22.1
"BOOI4","2024-08-11 03:00",56.4619999999999,92.7,0,0,0,0,-0.000866141732283465,69.4759999999999,67.2079999999999,67.172,65.624,29.4,10.7,22.1
"BOOI4","2024-08-11 04:00",57.182,93.8,0,0,0,0,-0.000866141732283465,68.9539999999999,67.19,67.172,65.606,29.4,10.7,22.1
"BOOI4","2024-08-11 05:00",55.4359999999999,95.6,0,0,0,0,-0.000866141732283465,68.4859999999999,67.1179999999999,67.172,65.5699999999999,29.4,10.7,22.1
"BOOI4","2024-08-11 06:00",54.6619999999999,95.7,0,0,0.25,213.3,-0.000748031496062992,68.1079999999999,67.064,67.1359999999999,65.588,29.4,10.8,22.1
"BOOI4","2024-08-11 07:00",54.698,98.7,42408,0,0,0,-0.00102362204724409,67.7839999999999,67.0099999999999,67.0999999999999,65.5699999999999,29.4,10.8,22.1
"BOOI4","2024-08-11 08:00",60.1699999999999,97.8,318240,0,0.243,277.7,0.00122047244094488,67.5679999999999,66.956,67.0999999999999,65.5699999999999,29.4,10.8,22.1
"BOOI4","2024-08-11 09:00",65.282,91.2,819720,0,1.014,245.8,0.00468503937007874,67.838,66.848,67.082,65.588,29.4,10.8,22
"BOOI4","2024-08-11 10:00",68.9179999999999,84.5,1224000,0,2.055,249.4,0.00799212598425197,68.5579999999999,66.7579999999999,67.0279999999999,65.5339999999999,29.4,10.8,22
"BOOI4","2024-08-11 11:00",74.0659999999999,70.41,1877040,0,0.978,250.9,0.012992125984252,69.7999999999999,66.6859999999999,67.046,65.5339999999999,29.4,10.7,22
"BOOI4","2024-08-11 12:00",74.9119999999999,56.65,2257200,0,2.289,289.9,0.0173228346456693,71.6179999999999,66.6499999999999,66.9919999999999,65.5519999999999,29.3,10.6,22
"BOOI4","2024-08-11 13:00",75.5239999999999,58.33,2341800,0,1.657,229.8,0.0180708661417323,73.2739999999999,66.5599999999999,66.9739999999999,65.5159999999999,29.3,10.4,22
"BOOI4","2024-08-11 14:00",75.38,61.51,2093760,0,2.577,175.7,0.0169291338582677,74.6599999999999,66.5239999999999,66.956,65.5339999999999,29.3,10.4,22
"BOOI4","2024-08-11 15:00",75.9019999999999,59.27,2185560,0,3.311,178.8,0.0180314960629921,75.7939999999999,66.5419999999999,66.9199999999999,65.48,29.3,10.3,22
"BOOI4","2024-08-11 16:00",77.522,56.22,2311200,0,3.341,183.2,0.018740157480315,76.964,66.5419999999999,66.9019999999999,65.498,29.2,10.2,21.9
"BOOI4","2024-08-11 17:00",75.2359999999999,63.8,1255320,0,3.511,192,0.0118503937007874,77.6659999999999,66.5599999999999,66.8839999999999,65.4619999999999,29.2,10.2,21.9
"BOOI4","2024-08-11 18:00",74.822,65.17,847080,0,3.468,129.7,0.00866141732283465,77.414,66.614,66.848,65.4439999999999,29.2,10.2,21.9
"BOOI4","2024-08-11 19:00",72.7159999999999,75.64,289440,0,3.016,136.8,0.00433070866141732,76.8919999999999,66.6679999999999,66.8119999999999,65.4079999999999,29.2,10.2,21.9
"BOOI4","2024-08-11 20:00",71.114,80.1,129564,0,2.226,135.2,0.0018503937007874,76.2259999999999,66.74,66.7759999999999,65.4439999999999,29.3,10.2,21.8
"BOOI4","2024-08-11 21:00",69.5119999999999,83.2,3535.2,0,1.754,143.9,0.000196850393700787,75.506,66.83,66.7759999999999,65.4259999999999,29.3,10.2,21.8
"BOOI4","2024-08-11 22:00",67.5499999999999,82.6,0,0,0.891,152,-0.000118110236220472,74.7499999999999,66.8839999999999,66.74,65.4259999999999,29.3,10.2,21.8
"BOOI4","2024-08-11 23:00",67.7839999999999,76.88,0,0,1.904,126.8,0.000393700787401575,74.1199999999999,66.9199999999999,66.7039999999999,65.4079999999999,29.3,10.2,21.8
"BOOI4","2024-08-12 00:00",67.2619999999999,78.51,0,0,2.84,112.1,0.000669291338582677,73.58,66.956,66.6859999999999,65.372,29.2,10.2,21.8
"BOOI4","2024-08-12 01:00",65.138,92.1,0,0,2.516,58.83,0.00015748031496063,73.0939999999999,66.9739999999999,66.7039999999999,65.39,29.2,10.2,21.8
"BOOI4","2024-08-12 02:00",65.696,87.7,0,0,0.559,212.2,-0.000354330708661417,72.698,67.0099999999999,66.7039999999999,65.4079999999999,29.2,10.3,21.8
"BOOI4","2024-08-12 03:00",63.6079999999999,93.7,0,0.07,1.422,300.7,-0.00015748031496063,72.2839999999999,67.046,66.6859999999999,65.3359999999999,29.3,10.3,21.8
"BOOI4","2024-08-12 04:00",61.1419999999999,93.7,0,0.13,1.724,153.9,-0.000196850393700787,71.7259999999999,67.0279999999999,66.6499999999999,65.3539999999999,29.3,10.3,21.8
"BOOI4","2024-08-12 05:00",60.7099999999999,95.7,0,0.08,5.723,95.2,7.8740157480315e-05,70.9159999999999,67.0279999999999,66.6319999999999,65.3359999999999,29.3,10.3,21.8
"BOOI4","2024-08-12 06:00",60.872,97,0,0.04,2.146,99.9,-0.000196850393700787,70.322,67.0279999999999,66.6499999999999,65.3539999999999,29.3,10.3,21.8
"BOOI4","2024-08-12 07:00",61.0699999999999,99.5,4010.4,0.04,3.473,36.54,0.00015748031496063,69.9259999999999,67.0099999999999,66.6499999999999,65.3359999999999,29.3,10.3,21.8
"BOOI4","2024-08-12 08:00",61.0699999999999,99.9,65052,0.04,6.028,62.75,0.000433070866141732,69.5659999999999,66.9739999999999,66.6499999999999,65.3179999999999,29.3,10.3,21.8
"BOOI4","2024-08-12 09:00",62.69,93,404280,0,7.104,83.2,0.00244094488188976,69.3859999999999,66.956,66.6319999999999,65.3179999999999,29.2,10.4,21.8
"BOOI4","2024-08-12 10:00",66.146,86.3,1190880,0,7.537,106,0.00755905511811024,69.5839999999999,66.9199999999999,66.6319999999999,65.282,29.2,10.3,21.8
"BOOI4","2024-08-12 11:00",67.73,85.8,1446120,0,8.22,117.6,0.01,70.3039999999999,66.8659999999999,66.614,65.2999999999999,29.2,10.3,21.8
"BOOI4","2024-08-12 12:00",67.4239999999999,85.3,968400,0,7.625,100.4,0.00799212598425197,70.8259999999999,66.7939999999999,66.614,65.2999999999999,29.2,10.3,21.8
"BOOI4","2024-08-12 13:00",66.1819999999999,91,752760,0.01,7.878,87.8,0.00653543307086614,70.9339999999999,66.7579999999999,66.5779999999999,65.264,29.3,10.3,21.7
"BOOI4","2024-08-12 14:00",65.8939999999999,92.9,840960,0,7.995,79.83,0.00637795275590551,71.0599999999999,66.74,66.614,65.264,29.3,10.3,21.7
"BOOI4","2024-08-12 15:00",66.5599999999999,92.5,854640,0,6.635,70.8,0.00610236220472441,71.2579999999999,66.74,66.5779999999999,65.264,29.3,10.3,21.7
"BOOI4","2024-08-12 16:00",65.7679999999999,93.2,556560,0,7.459,95.6,0.00496062992125984,71.24,66.7039999999999,66.5419999999999,65.246,29.2,10.3,21.8
"BOOI4","2024-08-12 17:00",66.2539999999999,94.9,683640,0,4.565,100.1,0.0047244094488189,71.33,66.6679999999999,66.5599999999999,65.2279999999999,29.3,10.3,21.8
"BOOI4","2024-08-12 18:00",66.38,96.6,432000,0,4.204,104.6,0.00326771653543307,71.438,66.6679999999999,66.5239999999999,65.1919999999999,29.3,10.3,21.8
"BOOI4","2024-08-12 19:00",65.5699999999999,98.4,285516,0,5.034,113.6,0.00200787401574803,71.3839999999999,66.6859999999999,66.5239999999999,65.2279999999999,29.3,10.3,21.8
"BOOI4","2024-08-12 20:00",65.0659999999999,97.4,89352,0,4.266,123,0.000708661417322835,71.1499999999999,66.6679999999999,66.5239999999999,65.1919999999999,29.4,10.3,21.8
"BOOI4","2024-08-12 21:00",64.3999999999999,98,4010.4,0,4.161,109.3,0.00015748031496063,70.8079999999999,66.6859999999999,66.506,65.1919999999999,29.4,10.3,21.8
"BOOI4","2024-08-12 22:00",63.9679999999999,97.5,0,0,4.504,100.9,0.000118110236220472,70.43,66.6859999999999,66.488,65.1739999999999,29.4,10.4,21.8
"BOOI4","2024-08-12 23:00",63.0499999999999,98.1,0,0,3.696,87.3,0.000118110236220472,70.0519999999999,66.6679999999999,66.488,65.1739999999999,29.5,10.4,21.8
"BOOI4","2024-08-13 00:00",63.1039999999999,99,0,0,2.726,125.8,7.8740157480315e-05,69.6919999999999,66.6499999999999,66.4519999999999,65.1199999999999,29.5,10.4,21.8
"BOOI4","2024-08-13 01:00",63.4819999999999,99.9,0,0,1.817,83.5,3.93700787401575e-05,69.4579999999999,66.6319999999999,66.4519999999999,65.138,29.4,10.4,21.8
"BOOI4","2024-08-13 02:00",63.0499999999999,100,0,0,2.282,54.26,0,69.332,66.6499999999999,66.4339999999999,65.1199999999999,29.4,10.4,21.8
"BOOI4","2024-08-13 03:00",63.2119999999999,100,0,0,3.391,65.79,0,69.206,66.6319999999999,66.4159999999999,65.138,29.5,10.4,21.8
"BOOI4","2024-08-13 04:00",63.6619999999999,100,0,0,3.08,79.94,0,69.08,66.6319999999999,66.4159999999999,65.138,29.5,10.4,21.8
"BOOI4","2024-08-13 05:00",63.7159999999999,100,0,0,4.197,93.9,0,68.9359999999999,66.596,66.38,65.1019999999999,29.5,10.4,21.8
"BOOI4","2024-08-13 06:00",63.572,100,0,0,3.295,114.2,0,68.8099999999999,66.5779999999999,66.38,65.1019999999999,29.5,10.4,21.8
"BOOI4","2024-08-13 07:00",63.3199999999999,100,5778,0,2.317,94.9,7.8740157480315e-05,68.7019999999999,66.5599999999999,66.38,65.0659999999999,29.5,10.4,21.8
"BOOI4","2024-08-13 08:00",63.4819999999999,100,59904,0,2.016,72.72,0.000433070866141732,68.648,66.5239999999999,66.38,65.0659999999999,29.5,10.4,21.8
"BOOI4","2024-08-13 09:00",64.0399999999999,100,171216,0,4.655,84.4,0.00106299212598425,68.648,66.488,66.3619999999999,65.0839999999999,29.5,10.4,21.8
"BOOI4","2024-08-13 10:00",64.5439999999999,100,318600,0,6.172,108.2,0.00188976377952756,68.7199999999999,66.4519999999999,66.3619999999999,65.0659999999999,29.5,10.4,21.8
"BOOI4","2024-08-13 11:00",64.5259999999999,100,360360,0,6.631,119,0.0021259842519685,68.8099999999999,66.4519999999999,66.3439999999999,65.0659999999999,29.6,10.4,21.8
"BOOI4","2024-08-13 12:00",67.622,94.4,1016280,0,6.453,124.5,0.00622047244094488,69.188,66.4339999999999,66.3259999999999,65.03,29.6,10.4,21.8
"BOOI4","2024-08-13 13:00",68.972,90.2,1024560,0,7.125,144.4,0.0075984251968504,69.8539999999999,66.4339999999999,66.3079999999999,65.048,29.6,10.4,21.7
"BOOI4","2024-08-13 14:00",71.1319999999999,85.4,1482120,0,6.544,137.1,0.0109842519685039,70.7899999999999,66.4159999999999,66.2899999999999,65.03,29.6,10.4,21.7
"BOOI4","2024-08-13 15:00",72.23,82,1336680,0,8.43,128.7,0.0111417322834646,71.4199999999999,66.398,66.272,65.03,29.5,10.4,21.7
"BOOI4","2024-08-13 16:00",71.3659999999999,84.5,880200,0,7.003,151.2,0.00826771653543307,71.798,66.38,66.2539999999999,65.03,29.5,10.3,21.7
"BOOI4","2024-08-13 17:00",71.8339999999999,83.7,748440,0,6.099,154.1,0.00692913385826772,71.9419999999999,66.4159999999999,66.2359999999999,64.9939999999999,29.6,10.3,21.7
"BOOI4","2024-08-13 18:00",72.374,83.6,855000,0,5.99,150.2,0.00736220472440945,72.14,66.4339999999999,66.2179999999999,65.0119999999999,29.6,10.3,21.6
"BOOI4","2024-08-13 19:00",71.7439999999999,85.6,482400,0,5.145,139.5,0.0044488188976378,72.248,66.4519999999999,66.2179999999999,64.9939999999999,29.6,10.4,21.6
"BOOI4","2024-08-13 20:00",70.34,91.4,179676,0,2.962,132.4,0.00122047244094488,72.032,66.4699999999999,66.1999999999999,64.9579999999999,29.6,10.3,21.6
"BOOI4","2024-08-13 21:00",67.9099999999999,96.2,3978,0,0.041,99.8,-0.000511811023622047,71.6359999999999,66.506,66.1819999999999,64.9759999999999,29.6,10.4,21.6
"BOOI4","2024-08-13 22:00",67.856,97.2,0,0,0,0,-0.000551181102362205,71.1859999999999,66.5599999999999,66.1999999999999,64.94,29.6,10.4,21.6
"BOOI4","2024-08-13 23:00",67.172,97.6,0,0,0.002,140.5,-0.000551181102362205,70.88,66.5779999999999,66.1819999999999,64.9579999999999,29.6,10.4,21.6
"BOOI4","2024-08-14 00:00",65.8039999999999,98.8,0,0,0.037,121.3,-0.000551181102362205,70.5019999999999,66.6319999999999,66.164,64.94,29.6,10.4,21.6
"BOOI4","2024-08-14 01:00",65.3179999999999,99.6,0,0,0.267,136.6,-0.000511811023622047,70.0519999999999,66.6319999999999,66.1819999999999,64.94,29.6,10.4,21.6
"BOOI4","2024-08-14 02:00",64.3819999999999,100,0,0,2.941,116.6,-0.00031496062992126,69.6199999999999,66.6499999999999,66.1819999999999,64.922,29.6,10.4,21.6
"BOOI4","2024-08-14 03:00",63.9499999999999,100,0,0,3.866,120.1,-0.000275590551181102,69.2419999999999,66.6859999999999,66.146,64.9039999999999,29.6,10.4,21.6
"BOOI4","2024-08-14 04:00",64.598,100,0,0,5.185,114.8,-0.000236220472440945,68.9359999999999,66.6679999999999,66.1279999999999,64.9039999999999,29.6,10.4,21.6
"BOOI4","2024-08-14 05:00",64.832,100,0,0,5.694,118.4,-0.000236220472440945,68.7199999999999,66.6679999999999,66.146,64.9039999999999,29.7,10.4,21.6
"BOOI4","2024-08-14 06:00",65.1019999999999,100,0,0,3.432,133.7,-0.00031496062992126,68.5939999999999,66.6679999999999,66.146,64.8859999999999,29.7,10.5,21.6
"BOOI4","2024-08-14 07:00",65.246,100,6199.2,0.01,3.172,161.4,7.8740157480315e-05,68.5039999999999,66.6319999999999,66.146,64.8679999999999,29.7,10.5,21.6
"BOOI4","2024-08-14 08:00",64.9939999999999,100,28515.6,0.07,6.675,120,0.000196850393700787,68.4319999999999,66.614,66.1279999999999,64.8499999999999,29.7,10.5,21.6
"BOOI4","2024-08-14 09:00",65.2999999999999,100,90828,0.03,11.22,108.5,0.000511811023622047,68.306,66.6319999999999,66.1279999999999,64.8679999999999,29.7,10.5,21.6
"BOOI4","2024-08-14 10:00",66.4339999999999,100,347400,0.01,10.8,134.3,0.0018503937007874,68.2699999999999,66.596,66.1279999999999,64.832,29.7,10.5,21.6
"BOOI4","2024-08-14 11:00",67.7119999999999,99.3,424800,0,9.31,133.3,0.00244094488188976,68.4859999999999,66.5779999999999,66.146,64.8499999999999,29.7,10.5,21.6
"BOOI4","2024-08-14 12:00",68.9359999999999,97.3,217692,0,6.673,137.5,0.0015748031496063,68.6659999999999,66.5599999999999,66.1099999999999,64.832,29.7,10.5,21.6
"BOOI4","2024-08-14 13:00",69.332,96.7,676800,0.01,10.57,129.6,0.00433070866141732,68.9359999999999,66.5239999999999,66.1279999999999,64.8499999999999,29.7,10.5,21.6
"BOOI4","2024-08-14 14:00",70.988,92.8,1209240,0,12.88,129.3,0.00779527559055118,69.53,66.5419999999999,66.1099999999999,64.832,29.7,10.5,21.6
"BOOI4","2024-08-14 15:00",72.59,90.6,1281960,0,11.82,130.2,0.00905511811023622,70.088,66.506,66.0919999999999,64.814,29.7,10.5,21.6
"BOOI4","2024-08-14 16:00",73.472,90.3,1150920,0,9.48,118.5,0.00874015748031496,70.7179999999999,66.5239999999999,66.0919999999999,64.814,29.7,10.5,21.5
"BOOI4","2024-08-14 17:00",73.3819999999999,90,956880,0,9.36,109.4,0.00755905511811024,71.2759999999999,66.5419999999999,66.1099999999999,64.7779999999999,29.7,10.4,21.6
"BOOI4","2024-08-14 18:00",73.1659999999999,91.5,621720,0,9.56,107,0.00547244094488189,71.5279999999999,66.5419999999999,66.038,64.814,29.7,10.4,21.6
"BOOI4","2024-08-14 19:00",72.1579999999999,92.8,223092,0,9.18,91.3,0.0028740157480315,71.546,66.5599999999999,66.0739999999999,64.7779999999999,29.7,10.4,21.6
"BOOI4","2024-08-14 20:00",70.3939999999999,93.8,52092,0,9.79,85.5,0.00165354330708661,71.33,66.596,66.056,64.796,29.7,10.4,21.6
"BOOI4","2024-08-14 21:00",68.396,98.9,219.6,0.01,8.36,88.8,0.000236220472440945,70.9519999999999,66.6319999999999,66.056,64.7599999999999,29.7,10.5,21.6
"BOOI4","2024-08-14 22:00",68.1619999999999,100,0,0,11.54,95.3,-3.93700787401575e-05,70.646,66.6499999999999,66.038,64.7779999999999,29.8,10.5,21.6
"BOOI4","2024-08-14 23:00",68.8279999999999,100,0,0,12.08,112.7,-7.8740157480315e-05,70.3759999999999,66.7039999999999,66.056,64.7419999999999,29.8,10.5,21.6
"BOOI4","2024-08-15 00:00",69.6739999999999,100,0,0.03,11.68,127.1,-7.8740157480315e-05,70.196,66.74,66.056,64.7419999999999,29.8,10.5,21.6
"BOOI4","2024-08-15 01:00",70.322,100,0,0.06,9.29,136.5,-7.8740157480315e-05,70.106,66.7939999999999,66.038,64.7599999999999,29.8,10.5,21.6
"BOOI4","2024-08-15 02:00",69.998,100,0,0.07,5.608,177.1,-0.000118110236220472,70.106,66.83,66.056,64.7239999999999,29.8,10.5,21.6
"BOOI4","2024-08-15 03:00",69.314,100,0,0,5.872,189.6,-0.000118110236220472,70.0699999999999,66.83,66.038,64.7239999999999,29.8,10.5,21.6
"BOOI4","2024-08-15 04:00",69.206,100,0,0,7.364,210.5,-7.8740157480315e-05,69.9439999999999,66.8119999999999,66.038,64.7239999999999,29.8,10.5,21.6
"BOOI4","2024-08-15 05:00",68.7919999999999,100,0,0.01,5.664,191.5,-0.000118110236220472,69.8359999999999,66.8659999999999,66.038,64.706,29.8,10.5,21.6
"BOOI4","2024-08-15 06:00",68.5399999999999,100,0,0,2.902,142.6,-0.00015748031496063,69.7279999999999,66.8839999999999,66.038,64.706,29.8,10.5,21.6
"BOOI4","2024-08-15 07:00",68.756,100,8150.4,0,3.682,118.4,7.8740157480315e-05,69.6919999999999,66.8839999999999,66.038,64.688,29.8,10.5,21.6
"BOOI4","2024-08-15 08:00",68.9539999999999,100,51120,0,4.344,149.1,0.000354330708661417,69.656,66.9199999999999,66.056,64.706,29.9,10.5,21.6
"BOOI4","2024-08-15 09:00",70.232,100,228168,0,4.108,184,0.00153543307086614,69.746,66.9199999999999,66.038,64.688,30,10.5,21.6
"BOOI4","2024-08-15 10:00",72.572,97.8,698040,0,5.574,223.9,0.0044488188976378,70.1419999999999,66.956,66.056,64.6699999999999,30,10.5,21.5
"BOOI4","2024-08-15 11:00",76.388,91.5,1323000,0,6.321,243.7,0.00897637795275591,70.9699999999999,66.938,66.056,64.688,30,10.5,21.5
"BOOI4","2024-08-15 12:00",78.7999999999999,86.4,2681640,0,6.989,259.1,0.0191338582677165,72.7159999999999,66.938,66.056,64.6699999999999,30.1,10.5,21.5
"BOOI4","2024-08-15 13:00",81.032,81,2611080,0,8.49,255.9,0.019488188976378,74.714,66.9739999999999,66.056,64.6699999999999,30.1,10.4,21.5
"BOOI4","2024-08-15 14:00",81.9319999999999,79.17,2521440,0,7.926,259.4,0.0201968503937008,76.2079999999999,66.9919999999999,66.0199999999999,64.6519999999999,30.1,10.3,21.4
"BOOI4","2024-08-15 15:00",81.572,80.1,2617200,0,8.42,252.4,0.0214173228346457,77.7739999999999,67.046,66.056,64.6519999999999,30.2,10.2,21.4
"BOOI4","2024-08-15 16:00",81.14,82.9,1457640,0,8.55,263.9,0.013740157480315,78.3679999999999,67.082,66.056,64.6339999999999,30.2,10.2,21.4
"BOOI4","2024-08-15 17:00",83.2099999999999,79.95,1300680,0,6.52,254.5,0.0116141732283465,78.296,67.1539999999999,66.038,64.6519999999999,30.2,10.2,21.3
"BOOI4","2024-08-15 18:00",82.7599999999999,73.87,1145520,0,7.078,278.8,0.0112992125984252,78.422,67.2619999999999,66.056,64.6159999999999,30.2,10.2,21.3
"BOOI4","2024-08-15 19:00",80.582,75.37,826200,0,7.647,284,0.00933070866141732,78.206,67.388,66.056,64.6159999999999,30.3,10.2,21.3
"BOOI4","2024-08-15 20:00",75.6859999999999,90.5,218340,0,4.049,267.1,0.00188976377952756,77.4499999999999,67.496,66.0739999999999,64.6339999999999,30.3,10.2,21.4
"BOOI4","2024-08-15 21:00",72.698,94,11628,0,4.044,269.4,0.000236220472440945,76.64,67.5679999999999,66.0739999999999,64.6159999999999,30.4,10.2,21.4
"BOOI4","2024-08-15 22:00",71.4019999999999,89.9,0,0,4.997,272.1,0.000236220472440945,75.7939999999999,67.6939999999999,66.1099999999999,64.598,30.4,10.3,21.4
"BOOI4","2024-08-15 23:00",70.988,92,0,0,4.493,268.6,-3.93700787401575e-05,74.9119999999999,67.7659999999999,66.0739999999999,64.58,30.4,10.3,21.4
"BOOI4","2024-08-16 00:00",70.3939999999999,90.6,0,0,6.16,277.1,0.000275590551181102,74.1739999999999,67.8199999999999,66.1099999999999,64.598,30.5,10.3,21.3
"BOOI4","2024-08-16 01:00",66.0199999999999,98.5,0,0,4.352,259.3,-0.00031496062992126,73.4359999999999,67.9099999999999,66.146,64.6159999999999,30.5,10.3,21.3
"BOOI4","2024-08-16 02:00",65.372,98.5,0,0,4.674,258.1,-0.000393700787401575,72.8239999999999,67.982,66.146,64.58,30.5,10.3,21.3
"BOOI4","2024-08-16 03:00",65.2279999999999,96.4,0,0,4.733,260.7,-0.000354330708661417,72.23,68.0179999999999,66.146,64.58,30.5,10.3,21.3
"BOOI4","2024-08-16 04:00",63.464,98.7,0,0,4.408,257.3,-0.000393700787401575,71.6539999999999,68.0179999999999,66.1819999999999,64.5619999999999,30.5,10.3,21.3
"BOOI4","2024-08-16 05:00",64.148,98.5,0,0,5.186,257.4,-0.000393700787401575,71.1319999999999,68.0359999999999,66.1999999999999,64.5439999999999,30.5,10.3,21.3
"BOOI4","2024-08-16 06:00",64.13,98.5,0,0,6.125,258.4,-0.00031496062992126,70.646,68.0359999999999,66.2359999999999,64.58,30.5,10.3,21.3
"BOOI4","2024-08-16 07:00",66.1279999999999,95.4,49680,0,7.933,269.8,-0.000984251968503937,70.214,68.0179999999999,66.2539999999999,64.5619999999999,30.6,10.3,21.3
"BOOI4","2024-08-16 08:00",68.3599999999999,92.7,462240,0,7.58,267,0.00208661417322835,69.998,67.9999999999999,66.272,64.58,30.6,10.3,21.3
"BOOI4","2024-08-16 09:00",70.9339999999999,87.8,1035360,0,8.05,272.2,0.00661417322834646,70.1779999999999,67.964,66.272,64.5619999999999,30.6,10.3,21.3
"BOOI4","2024-08-16 10:00",73.9939999999999,82,1636920,0,8.58,276.7,0.0118503937007874,70.88,67.9279999999999,66.2899999999999,64.5439999999999,30.5,10.3,21.3
"BOOI4","2024-08-16 11:00",77.414,77.34,2199960,0,9.16,275.1,0.0168897637795276,72.122,67.9099999999999,66.3079999999999,64.5439999999999,30.5,10.3,21.3
"BOOI4","2024-08-16 12:00",79.538,75.06,2628000,0,10.41,269.8,0.0210629921259843,73.6339999999999,67.838,66.3439999999999,64.5079999999999,30.5,10.2,21.3
"BOOI4","2024-08-16 13:00",80.6179999999999,72.35,2863080,0,13.47,272.6,0.0244488188976378,75.0919999999999,67.8019999999999,66.3259999999999,64.5259999999999,30.5,10.1,21.2
"BOOI4","2024-08-16 14:00",81.482,66.5,3056400,0,15.54,273.7,0.0271259842519685,76.298,67.7839999999999,66.3619999999999,64.5439999999999,30.5,10,21.2
"BOOI4","2024-08-16 15:00",81.9859999999999,60.27,2898000,0,15.65,278.6,0.0280314960629921,77.198,67.7839999999999,66.3619999999999,64.5439999999999,30.4,9.9,21.1
"BOOI4","2024-08-16 16:00",82.1659999999999,61.48,2415600,0,15.8,289.7,0.0264173228346457,77.5939999999999,67.8199999999999,66.38,64.5439999999999,30.4,9.9,21.1
"BOOI4","2024-08-16 17:00",81.896,63.92,1914120,0,14.55,286.9,0.0224803149606299,77.648,67.874,66.3619999999999,64.5079999999999,30.4,9.8,21.1
"BOOI4","2024-08-16 18:00",80.8159999999999,65.91,1530000,0,13.93,291.6,0.0190551181102362,77.4679999999999,67.8919999999999,66.3439999999999,64.5079999999999,30.4,9.8,21.1
"BOOI4","2024-08-16 19:00",77.6659999999999,74.97,732960,0,11.62,298.4,0.0118503937007874,76.946,67.964,66.398,64.5079999999999,30.4,9.8,21.1
"BOOI4","2024-08-16 20:00",74.948,77.4,303120,0,7.662,307.7,0.00507874015748032,76.2079999999999,68.0179999999999,66.398,64.5079999999999,30.4,9.8,21
"BOOI4","2024-08-16 21:00",71.798,85.2,9208.8,0,3.309,286.6,-3.93700787401575e-05,75.272,68.1259999999999,66.4159999999999,64.5079999999999,30.4,9.8,21
"BOOI4","2024-08-16 22:00",69.332,90.1,0,0,4.107,279.4,-7.8740157480315e-05,74.4619999999999,68.1439999999999,66.4519999999999,64.5259999999999,30.4,9.9,21
"BOOI4","2024-08-16 23:00",68.6659999999999,90.7,0,0,2.491,288.6,-0.00062992125984252,73.706,68.18,66.4339999999999,64.5079999999999,30.4,9.9,21
"BOOI4","2024-08-17 00:00",67.1179999999999,93.9,0,0,3.276,294.7,-0.000551181102362205,73.0399999999999,68.2339999999999,66.4339999999999,64.49,30.5,9.8,21
"BOOI4","2024-08-17 01:00",65.7859999999999,95.8,0,0,4.691,282,-0.00047244094488189,72.464,68.2519999999999,66.4699999999999,64.5079999999999,30.5,9.8,21
"BOOI4","2024-08-17 02:00",65.156,96.3,0,0,6.01,282.9,-0.000393700787401575,71.888,68.288,66.4519999999999,64.5259999999999,30.5,9.9,21
"BOOI4","2024-08-17 03:00",64.706,97.4,0,0,6.563,278.2,-0.000433070866141732,71.33,68.2699999999999,66.4699999999999,64.5079999999999,30.5,9.9,21
"BOOI4","2024-08-17 04:00",64.2919999999999,97.5,0,0,7.852,291.4,-0.000354330708661417,70.8259999999999,68.2699999999999,66.4699999999999,64.49,30.5,9.9,21
"BOOI4","2024-08-17 05:00",63.5359999999999,98.3,0,0,7.551,289.1,-0.000393700787401575,70.322,68.2699999999999,66.506,64.5079999999999,30.5,9.9,21
"BOOI4","2024-08-17 06:00",63.374,98.6,0,0,7.719,292.9,-0.00047244094488189,69.9259999999999,68.2339999999999,66.5239999999999,64.5079999999999,30.5,9.9,21
"BOOI4","2024-08-17 07:00",64.13,98.6,18252,0,8.59,296.1,-0.000393700787401575,69.5659999999999,68.198,66.5239999999999,64.49,30.5,10,21
"BOOI4","2024-08-17 08:00",65.588,96.8,238680,0,9.81,307,0.00125984251968504,69.422,68.1259999999999,66.5419999999999,64.49,30.4,10,21
"BOOI4","2024-08-17 09:00",69.1339999999999,89.9,1034280,0,7.687,328.6,0.00586614173228346,69.548,68.09,66.5599999999999,64.49,30.4,10,21
"BOOI4","2024-08-17 10:00",71.0779999999999,87.1,1505880,0,8.35,329.1,0.0100787401574803,70.124,68.0179999999999,66.5599999999999,64.49,30.4,9.9,21
"BOOI4","2024-08-17 11:00",73.2919999999999,85,1338120,0,6.765,330.6,0.00996062992125984,70.9159999999999,67.9999999999999,66.5599999999999,64.49,30.4,9.9,21
"BOOI4","2024-08-17 12:00",73.5619999999999,81.5,1450440,0,5.376,345.6,0.0114566929133858,72.032,67.9099999999999,66.5779999999999,64.472,30.4,9.8,20.9
"BOOI4","2024-08-17 13:00",74.4259999999999,79.92,1287360,0,5.251,341.7,0.0109055118110236,72.7519999999999,67.874,66.5779999999999,64.49,30.4,9.8,20.9
"BOOI4","2024-08-17 14:00",75.4159999999999,78.48,1646280,0,7.446,325.6,0.0139370078740157,73.472,67.856,66.596,64.49,30.4,9.8,20.9
"BOOI4","2024-08-17 15:00",76.3519999999999,73.31,2067480,0,8.47,322.9,0.017244094488189,74.2999999999999,67.8199999999999,66.5779999999999,64.49,30.3,9.8,20.9
"BOOI4","2024-08-17 16:00",77.2339999999999,72.07,2054880,0,8.04,324.7,0.0175984251968504,75.1819999999999,67.8199999999999,66.5779999999999,64.5079999999999,30.3,9.7,20.8
"BOOI4","2024-08-17 17:00",77.5579999999999,73.5,1492200,0,6.767,323.6,0.0136614173228346,75.722,67.8199999999999,66.5599999999999,64.49,30.3,9.6,20.8
"BOOI4","2024-08-17 18:00",76.514,72.47,778320,0,8.33,307.7,0.00996062992125984,75.722,67.838,66.5419999999999,64.472,30.2,9.6,20.8
"BOOI4","2024-08-17 19:00",75.9019999999999,74.7,572760,0,8.96,299.2,0.00807086614173229,75.3259999999999,67.856,66.596,64.49,30.2,9.6,20.8
"BOOI4","2024-08-17 20:00",72.9499999999999,81.9,241092,0,7.709,303.2,0.00374015748031496,74.624,67.8919999999999,66.5599999999999,64.49,30.3,9.6,20.8
"BOOI4","2024-08-17 21:00",69.9439999999999,87.6,8704.8,0,5.906,302.3,0.000866141732283465,73.7779999999999,67.946,66.5599999999999,64.472,30.3,9.7,20.8
"BOOI4","2024-08-17 22:00",69.782,87.7,0,0,6.579,299.3,0.000708661417322835,73.0399999999999,67.964,66.5599999999999,64.4539999999999,30.3,9.7,20.8
"BOOI4","2024-08-17 23:00",67.5859999999999,93.4,0,0,4.909,309.2,0.000354330708661417,72.374,67.982,66.5599999999999,64.5079999999999,30.3,9.7,20.8
"BOOI4","2024-08-18 00:00",66.272,95.6,0,0,4.087,307.5,3.93700787401575e-05,71.8159999999999,67.9999999999999,66.5599999999999,64.49,30.3,9.7,20.8
"BOOI4","2024-08-18 01:00",65.3359999999999,96.3,0,0,3.084,309.2,-7.8740157480315e-05,71.2579999999999,68.0179999999999,66.5419999999999,64.472,30.3,9.8,20.8
"BOOI4","2024-08-18 02:00",64.6699999999999,95.8,0,0,1.524,338.4,-0.000236220472440945,70.7539999999999,68.0359999999999,66.5599999999999,64.49,30.3,9.8,20.8
"BOOI4","2024-08-18 03:00",62.8699999999999,98.4,0,0,1.183,308.3,-0.00031496062992126,70.2499999999999,67.9999999999999,66.5779999999999,64.472,30.3,9.8,20.8
"BOOI4","2024-08-18 04:00",63.0319999999999,98.9,0,0,1.682,316,-0.00031496062992126,69.7999999999999,67.964,66.5599999999999,64.5079999999999,30.3,9.8,20.8
"BOOI4","2024-08-18 05:00",62.348,99.2,0,0,1.597,316.8,-0.00031496062992126,69.3499999999999,67.982,66.5599999999999,64.472,30.3,9.8,20.8
"BOOI4","2024-08-18 06:00",61.0519999999999,99.8,0,0,0.319,316.8,-0.00047244094488189,68.9539999999999,67.946,66.5419999999999,64.49,30.3,9.8,20.8
"BOOI4","2024-08-18 07:00",62.4919999999999,99.8,53424,0,1.027,351.3,-0.00015748031496063,68.5399999999999,67.8919999999999,66.5779999999999,64.49,30.3,9.8,20.8
"BOOI4","2024-08-18 08:00",65.5159999999999,94.6,473760,0,4.387,11.77,0.00141732283464567,68.306,67.856,66.5779999999999,64.49,30.2,9.8,20.8
"BOOI4","2024-08-18 09:00",69.4579999999999,88.6,1074960,0,4.304,24.18,0.00622047244094488,68.6119999999999,67.8019999999999,66.5779999999999,64.472,30.3,9.8,20.8
"BOOI4","2024-08-18 10:00",71.7439999999999,83.5,1691280,0,6.883,42.19,0.0112992125984252,69.4759999999999,67.748,66.596,64.49,30.3,9.8,20.8
"BOOI4","2024-08-18 11:00",75.1279999999999,77.42,2146680,0,7.232,56.81,0.0157086614173228,70.7539999999999,67.64,66.5779999999999,64.472,30.3,9.7,20.8
"BOOI4","2024-08-18 12:00",77.63,70.4,2597040,0,4.729,46.51,0.0197637795275591,72.6259999999999,67.6039999999999,66.5599999999999,64.472,30.2,9.6,20.7
"BOOI4","2024-08-18 13:00",79.6099999999999,68.21,2937600,0,2.374,153.6,0.0223228346456693,75.038,67.532,66.5599999999999,64.472,30.2,9.6,20.7
"BOOI4","2024-08-18 14:00",80.1679999999999,63.14,2955600,0,3.057,8.39,0.0233858267716535,77.306,67.532,66.5599999999999,64.49,30.1,9.5,20.6
"BOOI4","2024-08-18 15:00",80.8159999999999,63.12,2721240,0,3.932,3.205,0.0222834645669291,78.89,67.532,66.5419999999999,64.472,30.2,9.5,20.6
"BOOI4","2024-08-18 16:00",81.4099999999999,61.92,2369520,0,4.083,4.127,0.0201181102362205,79.772,67.5499999999999,66.5419999999999,64.472,30.1,9.4,20.6
"BOOI4","2024-08-18 17:00",81.3919999999999,65.85,1711440,0,4.002,16.46,0.0153543307086614,80.114,67.5859999999999,66.5239999999999,64.472,30.1,9.4,20.6
"BOOI4","2024-08-18 18:00",81.338,62.93,1149120,0,1.514,56.93,0.00925196850393701,80.0419999999999,67.64,66.5419999999999,64.49,30.1,9.4,20.6
"BOOI4","2024-08-18 19:00",81.14,65.44,695520,0,0.301,14.05,0.00433070866141732,79.6099999999999,67.73,66.5239999999999,64.49,30.1,9.4,20.5
"BOOI4","2024-08-18 20:00",76.532,79.44,174852,0,0.182,11.8,3.93700787401575e-05,78.7099999999999,67.8019999999999,66.506,64.472,30.2,9.4,20.5
"BOOI4","2024-08-18 21:00",72.9499999999999,82.2,6354,0,1.376,13.38,-0.000275590551181102,77.5399999999999,67.9099999999999,66.5239999999999,64.472,30.1,9.4,20.5
"BOOI4","2024-08-18 22:00",70.322,88.6,0,0,0.261,342.5,-0.00094488188976378,76.4419999999999,67.982,66.488,64.472,30.1,9.4,20.5
"BOOI4","2024-08-18 23:00",69.0619999999999,90.7,0,0,0.307,353.4,-0.000905511811023622,75.4699999999999,68.0359999999999,66.488,64.472,30.1,9.5,20.5
"BOOI4","2024-08-19 00:00",67.4419999999999,93.8,0,0,0.519,340.1,-0.000826771653543307,74.624,68.1079999999999,66.506,64.472,30.2,9.4,20.5
"BOOI4","2024-08-19 01:00",66.4519999999999,93.7,0,0,0.997,350.6,-0.000708661417322835,73.8679999999999,68.1439999999999,66.5239999999999,64.4539999999999,30.2,9.4,20.5
"BOOI4","2024-08-19 02:00",65.39,95.5,0,0,1.743,340,-0.000590551181102362,73.148,68.18,66.506,64.472,30.2,9.4,20.5
"BOOI4","2024-08-19 03:00",64.364,96.1,0,0,2.871,338.9,-0.000433070866141732,72.464,68.2159999999999,66.5239999999999,64.4539999999999,30.2,9.4,20.5
"BOOI4","2024-08-19 04:00",64.1119999999999,95.6,0,0,2.184,336,-0.000551181102362205,71.8519999999999,68.18,66.5419999999999,64.472,30.2,9.5,20.5
"BOOI4","2024-08-19 05:00",63.446,95.2,0,0,1.367,337,-0.000669291338582677,71.3119999999999,68.198,66.5779999999999,64.4539999999999,30.2,9.5,20.5
"BOOI4","2024-08-19 06:00",62.1499999999999,96,0,0,1.38,340,-0.000669291338582677,70.7359999999999,68.18,66.5599999999999,64.472,30.2,9.5,20.5
"BOOI4","2024-08-19 07:00",62.2579999999999,95.4,38340,0,2.352,343.8,-0.000393700787401575,70.214,68.1259999999999,66.5419999999999,64.4539999999999,30.1,9.5,20.5
"BOOI4","2024-08-19 08:00",65.93,90.6,404280,0,2.594,355.4,0.00149606299212598,69.9079999999999,68.09,66.5599999999999,64.4359999999999,30.1,9.5,20.5
"BOOI4","2024-08-19 09:00",68.6119999999999,86.2,1001520,0,4.605,12.57,0.00618110236220473,70.0159999999999,68.0179999999999,66.5779999999999,64.472,30.1,9.5,20.5
"BOOI4","2024-08-19 10:00",72.2659999999999,77.59,1625040,0,4.528,9.42,0.011259842519685,70.6999999999999,67.964,66.596,64.4539999999999,30.1,9.5,20.5
"BOOI4","2024-08-19 11:00",75.7579999999999,65.05,2184480,0,4.873,16.56,0.0168503937007874,71.9419999999999,67.9279999999999,66.5779999999999,64.472,30.1,9.4,20.5
"BOOI4","2024-08-19 12:00",77.3239999999999,54.94,2623320,0,6.232,5.418,0.0222047244094488,73.4359999999999,67.874,66.614,64.4359999999999,30.1,9.4,20.4
"BOOI4","2024-08-19 13:00",77.5759999999999,50.88,2887200,0,8.13,6.608,0.0260236220472441,74.7859999999999,67.838,66.5779999999999,64.4539999999999,30,9.2,20.4
"BOOI4","2024-08-19 14:00",76.982,57.77,2934000,0,8.87,18.43,0.0265748031496063,75.7759999999999,67.8019999999999,66.5779999999999,64.4539999999999,30,9.2,20.4
"BOOI4","2024-08-19 15:00",77.738,50.28,2797920,0,8.43,20.03,0.0253937007874016,76.7119999999999,67.7659999999999,66.5779999999999,64.49,30,9.2,20.4
"BOOI4","2024-08-19 16:00",78.0619999999999,53.55,2471400,0,8.05,26.96,0.0238976377952756,77.306,67.7659999999999,66.596,64.472,30,9.1,20.3
"BOOI4","2024-08-19 17:00",76.946,56.59,2005200,0,7.8,36.77,0.0197637795275591,77.6119999999999,67.7659999999999,66.596,64.4539999999999,29.9,9.1,20.3
"BOOI4","2024-08-19 18:00",76.388,60.86,1431360,0,6.991,30.05,0.0147637795275591,77.5039999999999,67.7839999999999,66.5419999999999,64.472,29.9,9.1,20.2
"BOOI4","2024-08-19 19:00",74.0659999999999,68.58,775080,0,5.826,45.32,0.00854330708661417,76.9999999999999,67.8019999999999,66.5599999999999,64.472,29.9,9.1,20.2
"BOOI4","2024-08-19 20:00",69.2239999999999,79.9,200304,0,1.403,48.3,0.000354330708661417,76.172,67.856,66.5419999999999,64.4359999999999,29.9,9.1,20.2
"BOOI4","2024-08-19 21:00",66.0019999999999,83.9,3567.6,0,0,0,-0.0015748031496063,75.1279999999999,67.856,66.5779999999999,64.472,29.9,9.1,20.2
"BOOI4","2024-08-19 22:00",64.706,85.9,0,0,0,0,-0.0015748031496063,74.0839999999999,67.9099999999999,66.5599999999999,64.472,29.9,9,20.2
"BOOI4","2024-08-19 23:00",63.2659999999999,90.4,0,0,0,0,-0.00153543307086614,73.1119999999999,67.9099999999999,66.5779999999999,64.4539999999999,29.9,9.1,20.2
"BOOI4","2024-08-20 00:00",62.816,90.4,0,0,0,0,-0.00153543307086614,72.3019999999999,67.946,66.5779999999999,64.4539999999999,29.9,9.1,20.2
"BOOI4","2024-08-20 01:00",61.3399999999999,92.5,0,0,0,0,-0.00153543307086614,71.582,67.9279999999999,66.5419999999999,64.4359999999999,29.9,9.1,20.2
"BOOI4","2024-08-20 02:00",59.414,96,0,0,0.516,53.69,-0.00125984251968504,70.88,67.9099999999999,66.5779999999999,64.4359999999999,29.9,9.1,20.2
"BOOI4","2024-08-20 03:00",59.63,96.9,0,0,0.749,44.33,-0.00118110236220473,70.2679999999999,67.838,66.5599999999999,64.4359999999999,29.9,9.1,20.2
"BOOI4","2024-08-20 04:00",58.6039999999999,97.1,0,0,0,0,-0.00149606299212598,69.7099999999999,67.7839999999999,66.5239999999999,64.4359999999999,29.9,9.1,20.2
"BOOI4","2024-08-20 05:00",58.1179999999999,96.9,0,0,0.096,23.94,-0.00145669291338583,69.206,67.73,66.5599999999999,64.4539999999999,29.9,9.2,20.2
"BOOI4","2024-08-20 06:00",57.8839999999999,98,0,0,0.239,39.53,-0.00137795275590551,68.6659999999999,67.6579999999999,66.5599999999999,64.4359999999999,29.9,9.2,20.2
"BOOI4","2024-08-20 07:00",59.072,97.6,60588,0,0,0,-0.00114173228346457,68.18,67.5679999999999,66.5779999999999,64.472,29.9,9.2,20.2
"BOOI4","2024-08-20 08:00",66.2359999999999,85.6,378000,0,0,0,0.00106299212598425,68.0179999999999,67.4779999999999,66.5599999999999,64.4539999999999,29.8,9.2,20.2
"BOOI4","2024-08-20 09:00",69.5839999999999,81.4,820080,0,0,0,0.00468503937007874,68.3779999999999,67.3699999999999,66.5599999999999,64.4359999999999,29.8,9.2,20.2
"BOOI4","2024-08-20 10:00",71.222,74.16,1787400,0,2.378,155.1,0.0120866141732284,69.6019999999999,67.28,66.5419999999999,64.4359999999999,29.8,9.2,20.2
"BOOI4","2024-08-20 11:00",72.5179999999999,71.05,1842840,0,3.597,152.8,0.0140157480314961,71.2039999999999,67.2259999999999,66.5419999999999,64.4359999999999,29.8,9.1,20.1
"BOOI4","2024-08-20 12:00",74.0119999999999,69.9,2201040,0,3.613,176.2,0.0167716535433071,72.7519999999999,67.1539999999999,66.5239999999999,64.4359999999999,29.8,9.1,20.1
"BOOI4","2024-08-20 13:00",73.13,68.32,1371240,0,3.988,164.2,0.0121653543307087,73.9579999999999,67.064,66.506,64.4359999999999,29.8,9.1,20.1
"BOOI4","2024-08-20 14:00",74.3179999999999,65.38,1762560,0,4.532,146,0.0150393700787402,74.606,67.0099999999999,66.488,64.4539999999999,29.7,9,20.1
"BOOI4","2024-08-20 15:00",73.238,68.62,1049040,0,3.422,149,0.01,75.1819999999999,66.956,66.4699999999999,64.4179999999999,29.7,9,20
"BOOI4","2024-08-20 16:00",73.148,71.3,722160,0,3.819,128.1,0.00783464566929134,75.056,66.9739999999999,66.4339999999999,64.4359999999999,29.7,9,20
"BOOI4","2024-08-20 17:00",72.3919999999999,77.37,522360,0,3.659,115.7,0.00606299212598425,74.696,66.9739999999999,66.4159999999999,64.4539999999999,29.7,9,20
"BOOI4","2024-08-20 18:00",73.688,68.01,939240,0,4.373,100.6,0.0087007874015748,74.6419999999999,67.0099999999999,66.4159999999999,64.4359999999999,29.7,9,20
"BOOI4","2024-08-20 19:00",71.888,74.92,426960,0,3.082,114.6,0.00460629921259843,74.4259999999999,67.0099999999999,66.38,64.4539999999999,29.7,9,20
"BOOI4","2024-08-20 20:00",69.5659999999999,84.4,81468,0,0.903,116,0.000669291338582677,73.9759999999999,67.046,66.38,64.4539999999999,29.7,9,20
"BOOI4","2024-08-20 21:00",67.748,88.8,482.4,0,1.458,97.8,-0.000275590551181102,73.4179999999999,67.064,66.38,64.4179999999999,29.7,9,20
"BOOI4","2024-08-20 22:00",66.5599999999999,92.7,0,0,2.004,108,-0.000196850393700787,72.788,67.082,66.3439999999999,64.4359999999999,29.7,9,20
"BOOI4","2024-08-20 23:00",65.48,95.7,0,0.04,4.334,102.8,-7.8740157480315e-05,72.23,67.0999999999999,66.3439999999999,64.472,29.7,9,20
"BOOI4","2024-08-21 00:00",64.9579999999999,94.2,0,0.01,4.636,119.6,-7.8740157480315e-05,71.672,67.0999999999999,66.3439999999999,64.4539999999999,29.7,9,20
"BOOI4","2024-08-21 01:00",64.0399999999999,95.4,0,0,4.657,134.7,-7.8740157480315e-05,71.1499999999999,67.1179999999999,66.3079999999999,64.4359999999999,29.7,9,20
"BOOI4","2024-08-21 02:00",63.2839999999999,98.3,0,0.05,1.823,148.8,-0.000433070866141732,70.7179999999999,67.0999999999999,66.2899999999999,64.4359999999999,29.7,9.1,20
"BOOI4","2024-08-21 03:00",62.9419999999999,98.2,0,0.01,3.681,133.4,-0.00031496062992126,70.3039999999999,67.082,66.2899999999999,64.4179999999999,29.7,9.1,20
"BOOI4","2024-08-21 04:00",62.438,98.6,0,0,3.998,144.7,-0.00031496062992126,69.9259999999999,67.064,66.3079999999999,64.4179999999999,29.7,9.1,20
"BOOI4","2024-08-21 05:00",62.3659999999999,97.1,0,0,5.506,141.6,-0.00015748031496063,69.5839999999999,67.064,66.272,64.4179999999999,29.7,9.1,20
"BOOI4","2024-08-21 06:00",61.556,99,0,0,4.36,106.8,-0.000275590551181102,69.188,67.0279999999999,66.272,64.4359999999999,29.7,9.1,20
"BOOI4","2024-08-21 07:00",60.2239999999999,99.5,33228,0,4.828,98.5,-0.000236220472440945,68.7199999999999,66.956,66.272,64.4359999999999,29.7,9.1,20
"BOOI4","2024-08-21 08:00",62.4199999999999,95.6,446040,0,5.019,147.7,0.00114173228346457,68.3599999999999,66.956,66.272,64.3999999999999,29.7,9.1,20
"BOOI4","2024-08-21 09:00",64.5079999999999,91.3,1011600,0,5.753,110.8,0.00543307086614173,68.5039999999999,66.9199999999999,66.2359999999999,64.4179999999999,29.7,9.1,20
"BOOI4","2024-08-21 10:00",67.1359999999999,82.7,1697400,0,6.958,125.5,0.0102362204724409,69.1699999999999,66.8839999999999,66.2359999999999,64.4359999999999,29.6,9.1,20
"BOOI4","2024-08-21 11:00",70.538,74.82,2253960,0,6.727,154,0.0156299212598425,70.4839999999999,66.83,66.2179999999999,64.3999999999999,29.7,9,20
"BOOI4","2024-08-21 12:00",72.446,70.63,2690640,0,6.9,148.1,0.0196850393700787,72.1579999999999,66.7759999999999,66.1999999999999,64.4359999999999,29.7,8.9,19.9
"BOOI4","2024-08-21 13:00",73.2919999999999,68.91,2679120,0,7.655,128.4,0.0207086614173228,73.796,66.722,66.2179999999999,64.3999999999999,29.6,8.9,19.9
"BOOI4","2024-08-21 14:00",72.896,68.03,2347920,0,7.686,127.6,0.0194094488188976,74.8579999999999,66.6859999999999,66.1999999999999,64.3999999999999,29.6,8.9,19.9
"BOOI4","2024-08-21 15:00",75.2899999999999,61.65,2459520,0,7.293,136,0.0201181102362205,75.5779999999999,66.7039999999999,66.1819999999999,64.3999999999999,29.6,8.8,19.8
"BOOI4","2024-08-21 16:00",75.1279999999999,62.66,2738520,0,7.743,139.5,0.0224409448818898,76.6759999999999,66.6859999999999,66.164,64.4179999999999,29.5,8.8,19.8
"BOOI4","2024-08-21 17:00",74.1739999999999,64.58,2009880,0,8.11,133.5,0.0179527559055118,77.1439999999999,66.722,66.146,64.3819999999999,29.5,8.7,19.8
"BOOI4","2024-08-21 18:00",73.814,67.41,1360080,0,7.906,127.6,0.0133858267716536,76.8199999999999,66.74,66.146,64.3819999999999,29.5,8.7,19.8
"BOOI4","2024-08-21 19:00",71.888,71.05,724680,0,7.242,123.8,0.00826771653543307,76.0099999999999,66.7759999999999,66.1279999999999,64.3999999999999,29.5,8.7,19.8
"BOOI4","2024-08-21 20:00",66.8119999999999,83.6,168768,0,4.84,120.6,0.00192913385826772,74.9119999999999,66.848,66.1279999999999,64.3999999999999,29.5,8.7,19.8
"BOOI4","2024-08-21 21:00",63.8599999999999,87.8,2167.2,0,4.633,115.1,7.8740157480315e-05,73.706,66.8839999999999,66.0919999999999,64.3819999999999,29.5,8.7,19.8
"BOOI4","2024-08-21 22:00",62.114,88.2,0,0,5.206,117.6,0,72.5359999999999,66.9199999999999,66.0919999999999,64.3999999999999,29.5,8.7,19.8
"BOOI4","2024-08-21 23:00",61.3039999999999,89.2,0,0,4.535,135.4,-0.00015748031496063,71.546,66.956,66.0919999999999,64.3999999999999,29.6,8.7,19.8
"BOOI4","2024-08-22 00:00",58.7839999999999,94.5,0,0,3.518,146.5,-0.00047244094488189,70.664,66.9739999999999,66.0739999999999,64.364,29.6,8.7,19.8
"BOOI4","2024-08-22 01:00",58.5499999999999,95,0,0,2.229,141.6,-0.000748031496062992,69.9259999999999,66.9739999999999,66.0739999999999,64.364,29.6,8.8,19.8
"BOOI4","2024-08-22 02:00",57.5779999999999,95.6,0,0,3.261,129.4,-0.000590551181102362,69.188,66.956,66.0739999999999,64.3819999999999,29.6,8.8,19.8
"BOOI4","2024-08-22 03:00",56.9119999999999,95.3,0,0,3,112.7,-0.00062992125984252,68.522,66.9199999999999,66.0739999999999,64.3819999999999,29.5,8.8,19.8
"BOOI4","2024-08-22 04:00",56.138,95.8,0,0,4.887,127.8,-0.000433070866141732,67.856,66.8839999999999,66.056,64.364,29.5,8.8,19.8
"BOOI4","2024-08-22 05:00",55.3099999999999,97.3,0,0,3.026,140,-0.000669291338582677,67.28,66.83,66.038,64.364,29.5,8.8,19.8
"BOOI4","2024-08-22 06:00",54.9499999999999,97.2,0,0,3.804,132.4,-0.000590551181102362,66.7759999999999,66.74,66.056,64.364,29.5,8.8,19.8
"BOOI4","2024-08-22 07:00",55.49,96.5,33984,0,5.177,135.6,-0.000393700787401575,66.272,66.6859999999999,66.056,64.364,29.5,8.8,19.8
"BOOI4","2024-08-22 08:00",56.1739999999999,96.7,226116,0,4.707,150.7,0.00094488188976378,65.8939999999999,66.5779999999999,66.038,64.3099999999999,29.5,8.8,19.8
"BOOI4","2024-08-22 09:00",61.556,88.2,1072440,0,6.975,161.9,0.00519685039370079,66.038,66.488,66.038,64.364,29.5,8.8,19.8
"BOOI4","2024-08-22 10:00",65.9119999999999,75.61,1528920,0,8.95,176.7,0.00992125984251969,66.6679999999999,66.398,66.038,64.3279999999999,29.5,8.8,19.8
"BOOI4","2024-08-22 11:00",68.648,70.23,2131920,0,11.48,172.2,0.0159055118110236,67.6939999999999,66.3259999999999,66.0199999999999,64.3099999999999,29.4,8.8,19.7
"BOOI4","2024-08-22 12:00",69.5839999999999,68.1,2438640,0,11.93,163.9,0.0188582677165354,68.9179999999999,66.2359999999999,66.0199999999999,64.3279999999999,29.4,8.7,19.7
"BOOI4","2024-08-22 13:00",71.9419999999999,64.3,2666880,0,10.02,166.6,0.0211023622047244,70.3759999999999,66.164,65.9839999999999,64.346,29.4,8.7,19.6
"BOOI4","2024-08-22 14:00",72.8599999999999,57.3,3049200,0,9.62,152.4,0.0242913385826772,72.122,66.0919999999999,65.9659999999999,64.3279999999999,29.4,8.6,19.6
"BOOI4","2024-08-22 15:00",74.4079999999999,59.06,2919600,0,10.18,145.7,0.0244094488188976,73.6519999999999,66.038,65.9659999999999,64.3279999999999,29.3,8.6,19.5
"BOOI4","2024-08-22 16:00",75.3259999999999,60.44,2545560,0,10.23,147.2,0.0225196850393701,74.714,65.9839999999999,65.948,64.2919999999999,29.3,8.5,19.6
"BOOI4","2024-08-22 17:00",76.046,57.24,2033280,0,8.78,163.1,0.0195669291338583,75.272,66.0019999999999,65.93,64.3099999999999,29.3,8.5,19.5
"BOOI4","2024-08-22 18:00",74.5519999999999,60.34,1418400,0,9.74,158.6,0.0159448818897638,75.2359999999999,66.0199999999999,65.8939999999999,64.3099999999999,29.3,8.5,19.5
"BOOI4","2024-08-22 19:00",72.0859999999999,66.31,681120,0,7.892,153,0.00921259842519685,74.588,66.038,65.8939999999999,64.2919999999999,29.3,8.5,19.4
"BOOI4","2024-08-22 20:00",66.83,79.65,154296,0,5.591,153.3,0.00271653543307087,73.598,66.1099999999999,65.822,64.3279999999999,29.3,8.5,19.4
"BOOI4","2024-08-22 21:00",63.4279999999999,85.9,2840.4,0,5.079,157.7,0.000275590551181102,72.4999999999999,66.1279999999999,65.8039999999999,64.3099999999999,29.3,8.5,19.4
"BOOI4","2024-08-22 22:00",62.3659999999999,86.1,0,0,3.604,151.9,-0.000236220472440945,71.4919999999999,66.164,65.8039999999999,64.2919999999999,29.3,8.5,19.4
"BOOI4","2024-08-22 23:00",61.124,87.9,0,0,3.798,145.1,-0.000236220472440945,70.6099999999999,66.1819999999999,65.7859999999999,64.2919999999999,29.3,8.5,19.4
"BOOI4","2024-08-23 00:00",59.8099999999999,90.6,0,0,2.53,144.3,-0.000590551181102362,69.7999999999999,66.2359999999999,65.7859999999999,64.2739999999999,29.3,8.5,19.4
"BOOI4","2024-08-23 01:00",58.856,91.6,0,0,3.869,141.6,-0.000354330708661417,69.098,66.2179999999999,65.7679999999999,NA,29.3,8.5,NA
"BOOI4","2024-08-23 02:00",57.8839999999999,93.2,0,0,4.36,156.3,-0.000393700787401575,68.4679999999999,66.1999999999999,65.732,NA,29.3,8.5,NA
"BOOI4","2024-08-23 03:00",57.2539999999999,94.6,0,0,4.673,160.1,-0.000393700787401575,67.856,66.164,65.7499999999999,NA,29.3,8.6,NA
"BOOI4","2024-08-23 04:00",57.182,95.5,0,0,3.308,158.9,-0.00062992125984252,67.3339999999999,66.146,65.732,NA,29.3,8.6,NA
"BOOI4","2024-08-23 05:00",56.696,95.8,0,0,3.006,163.3,-0.000669291338582677,66.8839999999999,66.1099999999999,65.714,NA,29.3,8.6,NA
"BOOI4","2024-08-23 06:00",55.9939999999999,96.5,0,0,2.442,149,-0.00078740157480315,66.4699999999999,66.038,65.696,NA,29.3,8.6,NA
"BOOI4","2024-08-23 07:00",56.048,97.4,47844,0,2.836,157.2,-0.00062992125984252,66.056,65.9659999999999,65.696,NA,29.3,8.5,NA
"BOOI4","2024-08-23 08:00",59.54,93.6,386640,0,3.749,159.7,0.00102362204724409,65.8939999999999,65.9119999999999,65.696,NA,29.3,8.5,NA
"BOOI4","2024-08-23 09:00",64.8679999999999,82.9,996840,0,5.041,174.5,0.00559055118110236,66.2539999999999,65.822,65.696,NA,29.2,8.5,NA
"BOOI4","2024-08-23 10:00",67.3699999999999,78.16,1349640,0,5.878,191.3,0.00948818897637795,67.0999999999999,65.7679999999999,65.6779999999999,NA,29.2,8.5,NA
"BOOI4","2024-08-23 11:00",71.1319999999999,72.66,1724040,0,6.612,176.5,0.0131496062992126,68.3419999999999,65.696,65.6419999999999,NA,29.2,8.6,NA
"BOOI4","2024-08-23 12:00",74.84,68.68,2428920,0,7.083,158.6,0.0188582677165354,70.0699999999999,65.6599999999999,65.6419999999999,NA,29.2,8.5,NA
"BOOI4","2024-08-23 13:00",76.964,66.15,2754000,0,7.782,141.9,0.0225984251968504,72.2659999999999,65.588,65.624,NA,29.2,8.4,NA
"BOOI4","2024-08-23 14:00",78.548,61.52,2690280,0,8.28,166.3,0.0234251968503937,73.94,65.5339999999999,65.588,NA,29.2,8.4,NA
"BOOI4","2024-08-23 15:00",77.972,59.9,2117880,0,7.921,173.7,0.0204330708661417,75.3079999999999,65.5339999999999,65.5699999999999,NA,29.1,8.3,NA
"BOOI4","2024-08-23 16:00",78.782,60.86,2130840,0,7.822,163.3,0.0196850393700787,75.956,65.5519999999999,65.5699999999999,NA,29.1,8.3,NA
"BOOI4","2024-08-23 17:00",78.08,64.18,1666080,0,7.42,162.6,0.0164566929133858,76.5679999999999,65.5699999999999,65.5519999999999,NA,29.1,8.3,NA
"BOOI4","2024-08-23 18:00",78.0619999999999,63.51,1409400,0,7.892,160.2,0.0148818897637795,76.622,65.624,65.5159999999999,NA,29.1,8.2,NA
"BOOI4","2024-08-23 19:00",76.1359999999999,68.03,708120,0,6.807,156.8,0.00889763779527559,76.1359999999999,65.6779999999999,65.498,NA,29.1,8.2,NA
"BOOI4","2024-08-23 20:00",71.7079999999999,80,160452,0,4.486,143.9,0.00204724409448819,75.2359999999999,65.7499999999999,65.48,NA,29.1,8.2,NA
"BOOI4","2024-08-23 21:00",68.8279999999999,85.7,2505.6,0,4.61,132.1,0.000196850393700787,74.1919999999999,65.822,65.48,NA,29.2,8.2,NA
"BOOI4","2024-08-23 22:00",68.1259999999999,88.4,0,0,6.08,127.9,0.00015748031496063,73.2199999999999,65.8939999999999,65.4439999999999,NA,29.2,8.2,NA
"BOOI4","2024-08-23 23:00",66.9739999999999,90.3,0,0,6.14,131.6,0,72.4099999999999,65.9839999999999,65.4259999999999,NA,29.2,8.2,NA
"BOOI4","2024-08-24 00:00",65.39,92.9,0,0,3.454,134.1,-0.000511811023622047,71.7259999999999,66.0199999999999,65.4259999999999,NA,29.2,8.3,NA
"BOOI4","2024-08-24 01:00",64.4359999999999,93,0,0,4.261,134.1,-0.000393700787401575,71.1319999999999,66.056,65.4259999999999,NA,29.2,8.3,NA
"BOOI4","2024-08-24 02:00",64.6339999999999,93.5,0,0,4.283,136,-0.00047244094488189,70.5739999999999,66.0739999999999,65.4259999999999,NA,29.2,8.3,NA
"BOOI4","2024-08-24 03:00",64.2199999999999,94.4,0,0,5.827,135,-0.000275590551181102,70.0699999999999,66.0919999999999,65.4079999999999,NA,29.2,8.3,NA
"BOOI4","2024-08-24 04:00",62.8699999999999,96.8,0,0,3.11,156.5,-0.000708661417322835,69.6199999999999,66.1099999999999,65.39,NA,29.2,8.3,NA
"BOOI4","2024-08-24 05:00",62.4919999999999,96.8,0,0,3.253,123.6,-0.000748031496062992,69.2419999999999,66.1099999999999,65.4079999999999,NA,29.2,8.3,NA
"BOOI4","2024-08-24 06:00",63.8419999999999,97.5,0,0.01,1.504,113.4,-0.00106299212598425,69.0079999999999,66.0919999999999,65.4079999999999,NA,29.2,8.3,NA
"BOOI4","2024-08-24 07:00",64.346,98.1,16812,0,3.733,93.7,-0.000669291338582677,68.8999999999999,66.038,65.4259999999999,NA,29.2,8.3,NA
"BOOI4","2024-08-24 08:00",66.3259999999999,96,186156,0,5.002,91.6,0.000984251968503937,68.8099999999999,66.056,65.4259999999999,NA,29.2,8.3,NA
"BOOI4","2024-08-24 09:00",70.538,89.9,563760,0,5.926,99.2,0.0037007874015748,69.0439999999999,66.0199999999999,65.39,NA,29.2,8.3,NA
"BOOI4","2024-08-24 10:00",73.6519999999999,84.7,1123920,0,6.63,123.2,0.0081496062992126,69.782,65.9839999999999,65.39,NA,29.2,8.3,NA
"BOOI4","2024-08-24 11:00",75.938,81,1926360,0,7.636,122.4,0.0143700787401575,71.2579999999999,65.9659999999999,65.39,NA,29.2,8.3,NA
"BOOI4","2024-08-24 12:00",79.5739999999999,77.45,2140200,0,9.43,136.4,0.0171653543307087,72.7699999999999,65.93,65.4259999999999,NA,29.2,8.2,NA
"BOOI4","2024-08-24 13:00",81.8779999999999,75.02,2077560,0,9.12,148.7,0.0181102362204724,74.282,65.93,65.39,NA,29.1,8.2,NA
"BOOI4","2024-08-24 14:00",82.598,75.04,2325600,0,9.17,145.3,0.0208661417322835,75.9739999999999,65.93,65.39,NA,29.1,8.2,NA
"BOOI4","2024-08-24 15:00",82.8859999999999,77.32,2323800,0,9.31,141,0.0203149606299213,77.3779999999999,65.948,65.3539999999999,NA,29.1,8.2,NA
"BOOI4","2024-08-24 16:00",82.4539999999999,77.96,1614960,0,8.9,134.4,0.0156692913385827,78.296,65.9839999999999,65.372,NA,29.1,8.1,NA
"BOOI4","2024-08-24 17:00",82.364,79.45,1483200,0,9.93,133,0.0145669291338583,78.548,66.0739999999999,65.372,NA,29.1,8.1,NA
"BOOI4","2024-08-24 18:00",82.832,79.35,1087200,0,9.86,128,0.0113779527559055,78.6019999999999,66.164,65.372,NA,29.1,8.1,NA
"BOOI4","2024-08-24 19:00",81.338,82.6,635040,0,9.06,133.1,0.00736220472440945,78.422,66.2539999999999,65.372,NA,29.1,8.1,NA
"BOOI4","2024-08-24 20:00",78.872,86,82548,0,7.442,151.2,0.00291338582677165,77.8279999999999,66.38,65.3539999999999,NA,29.2,8.1,NA
"BOOI4","2024-08-24 21:00",75.956,91.5,1195.2,0,6.253,149,0.000511811023622047,77.09,66.488,65.3539999999999,NA,29.2,8.1,NA
"BOOI4","2024-08-24 22:00",75.3619999999999,92.9,0,0,5.722,135.5,0.000118110236220472,76.3699999999999,66.5779999999999,65.3539999999999,NA,29.1,8.1,NA
"BOOI4","2024-08-24 23:00",74.6419999999999,94.8,0,0,6.187,134.6,3.93700787401575e-05,75.7579999999999,66.7039999999999,65.372,NA,29.2,8.1,NA
"BOOI4","2024-08-25 00:00",74.246,95.5,0,0,6.52,148.3,-3.93700787401575e-05,75.2899999999999,66.7939999999999,65.372,NA,29.2,8.1,NA
"BOOI4","2024-08-25 01:00",73.49,94.7,0,0,6.309,150.5,0,74.93,66.9199999999999,65.39,NA,29.2,8.1,NA
"BOOI4","2024-08-25 02:00",72.6619999999999,95.1,0,0,6.239,144.3,-3.93700787401575e-05,74.5339999999999,66.9919999999999,65.39,NA,29.2,8.1,NA
"BOOI4","2024-08-25 03:00",71.6179999999999,96.9,0,0,7.083,145.9,-0.000118110236220472,74.1919999999999,67.046,65.4079999999999,NA,29.2,8.2,NA
"BOOI4","2024-08-25 04:00",72.1039999999999,95.9,0,0,6.054,158.4,-0.000236220472440945,73.832,67.1179999999999,65.4439999999999,NA,29.3,8.2,NA
"BOOI4","2024-08-25 05:00",71.7259999999999,96.3,0,0,4.838,161.7,-0.000236220472440945,73.5619999999999,67.172,65.4619999999999,NA,29.3,8.2,NA
"BOOI4","2024-08-25 06:00",70.7899999999999,97.7,0,0,4.964,156.5,-0.00031496062992126,73.2199999999999,67.2079999999999,65.48,NA,29.3,8.2,NA
"BOOI4","2024-08-25 07:00",70.6999999999999,98.4,25099.2,0,5.032,157.8,-0.00031496062992126,72.8779999999999,67.2439999999999,65.5159999999999,NA,29.3,8.2,NA
"BOOI4","2024-08-25 08:00",74.0119999999999,94,377280,0,5.376,159.8,0.00137795275590551,72.7699999999999,67.28,65.5339999999999,NA,29.3,8.2,NA
"BOOI4","2024-08-25 09:00",77.1079999999999,88.1,968400,0,8.19,177.2,0.00688976377952756,73.2019999999999,67.3159999999999,65.5519999999999,NA,29.3,8.2,NA
"BOOI4","2024-08-25 10:00",79.5199999999999,85.5,1584360,0,8.78,179.6,0.012007874015748,74.138,67.298,65.5519999999999,NA,29.3,8.2,NA
"BOOI4","2024-08-25 11:00",82.022,81.6,2128320,0,8.32,189.8,0.0166141732283465,75.6859999999999,67.3519999999999,65.606,NA,29.3,8.1,NA
"BOOI4","2024-08-25 12:00",84.4159999999999,79.98,2551680,0,8.05,181.3,0.0205905511811024,77.6119999999999,67.3339999999999,65.588,NA,29.3,8.1,NA
"BOOI4","2024-08-25 13:00",86.1259999999999,77.53,2796840,0,7.575,174.2,0.0232283464566929,79.7359999999999,67.3519999999999,65.624,NA,29.2,8,NA
"BOOI4","2024-08-25 14:00",87.4939999999999,73.76,2859480,0,7.776,166.3,0.0246850393700787,81.6619999999999,67.388,65.6419999999999,NA,29.2,8,NA
"BOOI4","2024-08-25 15:00",88.124,72.36,2578320,0,8.11,161.5,0.0234645669291339,83.1739999999999,67.4419999999999,65.6419999999999,NA,29.2,8,NA
"BOOI4","2024-08-25 16:00",89.114,72.53,2143800,0,7.808,167.8,0.020748031496063,84.038,67.5499999999999,65.6779999999999,NA,29.2,7.9,NA
"BOOI4","2024-08-25 17:00",89.9419999999999,74.27,1733400,0,7.014,182.2,0.0174409448818898,84.4699999999999,67.6579999999999,65.6779999999999,NA,29.2,7.9,NA
"BOOI4","2024-08-25 18:00",90.1579999999999,71.35,1303200,0,7.142,194.9,0.0143307086614173,84.4339999999999,67.8199999999999,65.696,NA,29.2,7.9,NA
"BOOI4","2024-08-25 19:00",88.8259999999999,78.45,671400,0,4.409,186.2,0.00732283464566929,84.038,67.9099999999999,65.732,NA,29.2,7.9,NA
"BOOI4","2024-08-25 20:00",84.38,87.7,140220,0,1.377,156.3,0.000354330708661417,83.0119999999999,68.072,65.732,NA,29.2,7.9,NA
"BOOI4","2024-08-25 21:00",82.49,89.8,1022.4,0,0.093,138.7,-0.00106299212598425,82.0039999999999,68.198,65.7679999999999,NA,29.3,7.9,NA
"BOOI4","2024-08-25 22:00",80.906,91.7,0,0,1.237,133.1,-0.000669291338582677,81.1039999999999,68.3419999999999,65.8039999999999,NA,29.3,7.9,NA
"BOOI4","2024-08-25 23:00",79.232,95.8,0,0,1.132,135.8,-0.000826771653543307,80.2939999999999,68.4859999999999,65.84,NA,29.3,7.9,NA
"BOOI4","2024-08-26 00:00",78.314,97.1,0,0,3.52,135.6,-0.000511811023622047,79.646,68.6119999999999,65.8579999999999,NA,29.4,8,NA
"BOOI4","2024-08-26 01:00",76.4599999999999,99.3,0,0,3.663,155.6,-0.00062992125984252,79.0159999999999,68.7019999999999,65.8939999999999,NA,29.4,8,NA
"BOOI4","2024-08-26 02:00",75.722,99.6,0,0,1.461,196.9,-0.000984251968503937,78.3859999999999,68.8099999999999,65.9119999999999,NA,29.3,8,NA
"BOOI4","2024-08-26 03:00",74.3359999999999,99.3,0,0,2.722,222.7,-0.00078740157480315,77.8099999999999,68.864,65.9659999999999,NA,29.3,8,NA
"BOOI4","2024-08-26 04:00",73.796,99.7,0,0,1.877,191.9,-0.000905511811023622,77.2519999999999,68.9359999999999,66.0019999999999,NA,29.4,8,NA
"BOOI4","2024-08-26 05:00",73.022,100,0,0,3.103,168.7,-0.000826771653543307,76.7659999999999,69.0079999999999,66.0199999999999,NA,29.4,8,NA
"BOOI4","2024-08-26 06:00",71.7619999999999,99.9,0,0,2.844,162.1,-0.000866141732283465,76.298,69.0439999999999,66.0739999999999,NA,29.4,8,NA
"BOOI4","2024-08-26 07:00",73.0939999999999,100,31320,0,3.619,121.3,-0.000669291338582677,75.848,69.08,66.1279999999999,NA,29.4,8,NA
"BOOI4","2024-08-26 08:00",75.74,97.8,410040,0,4.395,160,0.0012992125984252,75.722,69.098,66.164,NA,29.4,8,NA
"BOOI4","2024-08-26 09:00",79.1419999999999,91.5,984600,0,4.933,180.4,0.00633858267716536,76.19,69.1159999999999,66.1819999999999,NA,29.4,8,NA
"BOOI4","2024-08-26 10:00",82.922,81.5,1603800,0,6.255,208.2,0.0123622047244095,77.2519999999999,69.1159999999999,66.2539999999999,NA,29.4,8,NA
"BOOI4","2024-08-26 11:00",85.6939999999999,75.01,2149560,0,9.19,221.2,0.0186614173228347,78.6739999999999,69.1339999999999,66.272,NA,29.4,8,NA
"BOOI4","2024-08-26 12:00",88.448,70.62,2565360,0,9.4,230.3,0.0233070866141732,80.4019999999999,69.1339999999999,66.3259999999999,NA,29.3,8,NA
"BOOI4","2024-08-26 13:00",89.906,70.42,2815200,0,7.112,229.8,0.0256692913385827,82.4359999999999,69.098,66.3439999999999,NA,29.3,7.9,NA
"BOOI4","2024-08-26 14:00",92.0659999999999,63.48,2883600,0,5.601,229.3,0.0265748031496063,84.6319999999999,69.1699999999999,66.3619999999999,NA,29.3,7.9,NA
"BOOI4","2024-08-26 15:00",93.5239999999999,64.34,2718720,0,6.661,227.4,0.0268503937007874,86.3419999999999,69.188,66.398,NA,29.4,7.8,NA
"BOOI4","2024-08-26 16:00",95.306,60.29,2374560,0,5.872,210.5,0.0240551181102362,87.53,69.2419999999999,66.4339999999999,NA,29.3,7.8,NA
"BOOI4","2024-08-26 17:00",94.6579999999999,66.31,1887480,0,6.011,211.4,0.0201968503937008,88.0339999999999,69.3499999999999,66.4339999999999,NA,29.3,7.8,NA
"BOOI4","2024-08-26 18:00",93.956,67.86,1303560,0,6.559,214.1,0.0155905511811024,87.8179999999999,69.4759999999999,66.4699999999999,NA,29.4,7.8,NA
"BOOI4","2024-08-26 19:00",91.256,73.59,689400,0,5.22,220.6,0.00889763779527559,87.098,69.5659999999999,66.506,NA,29.4,7.8,NA
"BOOI4","2024-08-26 20:00",84.4699999999999,87.9,126540,0,2.704,231.3,0.0012992125984252,85.6939999999999,69.7279999999999,66.506,NA,29.3,7.8,NA
"BOOI4","2024-08-26 21:00",81.6439999999999,90.9,604.8,0,0,0,-0.00114173228346457,84.4519999999999,69.8539999999999,66.5599999999999,NA,29.4,7.8,NA
"BOOI4","2024-08-26 22:00",80.1859999999999,93.9,0,0,0,0,-0.00118110236220473,83.282,70.0159999999999,66.614,NA,29.4,7.8,NA
"BOOI4","2024-08-26 23:00",78.0259999999999,95.3,0,0,1.02,232.1,-0.000905511811023622,82.346,70.124,66.6499999999999,NA,29.4,7.8,NA
"BOOI4","2024-08-27 00:00",77.3419999999999,97.6,0,0,0.784,229.1,-0.00102362204724409,81.4999999999999,70.2499999999999,66.6499999999999,NA,29.5,7.8,NA
"BOOI4","2024-08-27 01:00",78.872,95.3,0,0,1.233,240.4,-0.000905511811023622,80.798,70.3039999999999,66.722,NA,29.5,7.8,NA
"BOOI4","2024-08-27 02:00",75.2539999999999,98,0,0,2.44,237.4,-0.000708661417322835,80.1499999999999,70.3939999999999,66.7759999999999,NA,29.5,7.8,NA
"BOOI4","2024-08-27 03:00",75.6679999999999,99,0,0,2.689,264.5,-0.000826771653543307,79.556,70.448,66.7939999999999,NA,29.5,7.8,NA
"BOOI4","2024-08-27 04:00",73.3279999999999,100,0,0,3.235,257.5,-0.00078740157480315,79.0339999999999,70.4659999999999,66.83,NA,29.5,7.8,NA
"BOOI4","2024-08-27 05:00",76.19,100,0,0,5.186,270.6,-0.000669291338582677,78.6199999999999,70.5019999999999,66.8839999999999,NA,29.5,7.8,NA
"BOOI4","2024-08-27 06:00",77.6119999999999,100,0,0,8.49,283.4,-0.00047244094488189,78.44,70.5019999999999,66.9199999999999,NA,29.5,7.9,NA
"BOOI4","2024-08-27 07:00",74.9839999999999,92.6,40248,0,10.96,316.3,7.8740157480315e-05,78.2239999999999,70.5199999999999,66.956,NA,29.5,7.9,NA
"BOOI4","2024-08-27 08:00",74.6419999999999,90.9,376920,0,8.44,5.155,0.00275590551181102,77.7739999999999,70.5199999999999,66.9739999999999,NA,29.5,7.9,NA
"BOOI4","2024-08-27 09:00",75.74,87.5,540720,0,4.843,27.52,0.00433070866141732,77.5579999999999,70.4839999999999,67.064,NA,29.5,7.9,NA
"BOOI4","2024-08-27 10:00",78.9619999999999,78.44,1116000,0,3.143,65.64,0.00866141732283465,77.8819999999999,70.5199999999999,67.0999999999999,NA,29.5,7.9,NA
"BOOI4","2024-08-27 11:00",81.7159999999999,72.96,1792800,0,4.616,144.6,0.0147637795275591,79.2679999999999,70.5019999999999,67.1539999999999,NA,29.5,7.9,NA
"BOOI4","2024-08-27 12:00",83.156,69.7,2325960,0,4.727,206.3,0.02,81.014,70.5019999999999,67.1539999999999,NA,29.4,7.8,NA
"BOOI4","2024-08-27 13:00",85.5679999999999,67.69,2120040,0,5.402,236.8,0.0191732283464567,82.4359999999999,70.4839999999999,67.19,NA,29.4,7.8,NA
"BOOI4","2024-08-27 14:00",85.838,64.95,2545560,0,6.539,269.2,0.0239370078740157,84.056,70.448,67.2259999999999,NA,29.4,7.7,NA
"BOOI4","2024-08-27 15:00",84.5779999999999,67.26,2104200,0,8.74,277.1,0.0211023622047244,84.9019999999999,70.4839999999999,67.2439999999999,NA,29.4,7.8,NA
"BOOI4","2024-08-27 16:00",77.2159999999999,88.1,853920,0.06,6.536,290.7,0.0102755905511811,84.5239999999999,70.5019999999999,67.28,NA,29.3,7.7,NA
"BOOI4","2024-08-27 17:00",76.3339999999999,94.5,442440,0.03,5.957,308.1,0.00433070866141732,83.3179999999999,70.556,67.3339999999999,NA,29.3,7.7,NA
"BOOI4","2024-08-27 18:00",77.6119999999999,89.7,649080,0.01,3.698,330.1,0.00503937007874016,82.364,70.6099999999999,67.3699999999999,NA,29.4,7.7,NA
"BOOI4","2024-08-27 19:00",80.2759999999999,81.8,589320,0,3.83,324.5,0.0047244094488189,81.896,70.646,67.3519999999999,NA,29.4,7.7,NA
"BOOI4","2024-08-27 20:00",76.082,87.7,142560,0,2.485,324.8,0.000275590551181102,80.9779999999999,70.6999999999999,67.388,NA,29.4,7.7,NA
"BOOI4","2024-08-27 21:00",74.39,90.8,1267.2,0,0,0,-0.000393700787401575,79.9339999999999,70.7359999999999,67.406,NA,29.4,7.7,NA
"BOOI4","2024-08-27 22:00",71.456,95.9,0,0,0.584,289.6,-0.00031496062992126,78.98,70.7899999999999,67.4419999999999,NA,29.4,7.7,NA
"BOOI4","2024-08-27 23:00",69.314,97.8,0,0,1.82,255.3,-0.000196850393700787,78.098,70.8259999999999,67.4599999999999,NA,29.4,7.7,NA
"BOOI4","2024-08-28 00:00",69.7999999999999,98.9,0,0,3.336,218.8,-0.00015748031496063,77.3239999999999,70.8079999999999,67.4779999999999,NA,29.4,7.8,NA
"BOOI4","2024-08-28 01:00",70.7179999999999,99.6,0,0,1.226,204.4,-0.00031496062992126,76.7659999999999,70.8259999999999,67.514,NA,29.4,7.8,NA
"BOOI4","2024-08-28 02:00",71.1319999999999,97.4,0,0,2.094,281.9,-0.000236220472440945,76.4779999999999,70.8259999999999,67.5499999999999,NA,29.4,7.8,NA
"BOOI4","2024-08-28 03:00",69.4759999999999,97.3,0,0,0.441,325.7,-0.000354330708661417,76.046,70.772,67.5859999999999,NA,29.4,7.8,NA
"BOOI4","2024-08-28 04:00",68.414,98.7,0,0,2.031,325,-0.000236220472440945,75.5599999999999,70.772,67.6039999999999,NA,29.4,7.8,NA
"BOOI4","2024-08-28 05:00",68.18,97.1,0,0,2.233,338.4,-0.000196850393700787,75.0739999999999,70.6999999999999,67.64,NA,29.4,7.8,NA
"BOOI4","2024-08-28 06:00",66.614,97.5,0,0,1.283,342.1,-0.000275590551181102,74.5159999999999,70.6819999999999,67.6579999999999,NA,29.3,7.8,NA
"BOOI4","2024-08-28 07:00",64.9039999999999,99.4,18716.4,0,0.632,174.5,-0.000275590551181102,73.8859999999999,70.6099999999999,67.6939999999999,NA,29.3,7.9,NA
"BOOI4","2024-08-28 08:00",70.6819999999999,92.2,383400,0,1.196,359.7,0.000826771653543307,73.58,70.556,67.6939999999999,NA,29.3,7.9,NA
"BOOI4","2024-08-28 09:00",72.9679999999999,89.2,1010880,0,4.506,25.49,0.00622047244094488,73.9039999999999,70.5199999999999,67.7119999999999,NA,29.3,7.9,NA
"BOOI4","2024-08-28 10:00",75.938,82.1,1628280,0,4.122,98.9,0.011259842519685,74.9659999999999,70.43,67.73,NA,29.3,7.9,NA
"BOOI4","2024-08-28 11:00",77.198,82.4,2185560,0,5.635,149.8,0.015748031496063,76.5499999999999,70.3759999999999,67.7659999999999,NA,29.3,7.8,NA
"BOOI4","2024-08-28 12:00",80.9419999999999,75.58,2648160,0,5.708,154.1,0.0201574803149606,78.53,70.3039999999999,67.73,NA,29.3,7.8,NA
"BOOI4","2024-08-28 13:00",82.3819999999999,73.79,2747160,0,5.784,160.8,0.0224803149606299,80.4739999999999,70.2499999999999,67.73,NA,29.2,7.7,NA
"BOOI4","2024-08-28 14:00",83.7499999999999,70.77,2783880,0,5.992,162.3,0.023503937007874,82.148,70.1779999999999,67.748,NA,29.2,7.7,NA
"BOOI4","2024-08-28 15:00",84.6679999999999,66.43,2477880,0,5.499,162.9,0.0217322834645669,83.2999999999999,70.1599999999999,67.7119999999999,NA,29.2,7.7,NA
"BOOI4","2024-08-28 16:00",85.0279999999999,65.23,2294640,0,5.593,154.2,0.0208661417322835,84.1819999999999,70.196,67.748,NA,29.1,7.7,NA
"BOOI4","2024-08-28 17:00",83.9119999999999,70.3,1507320,0,5.27,155.9,0.0150393700787402,84.3619999999999,70.214,67.748,NA,29.1,7.7,NA
"BOOI4","2024-08-28 18:00",84.614,69.49,1288800,0,7.531,134.2,0.0137795275590551,83.84,70.2679999999999,67.7659999999999,NA,29.1,7.7,NA
"BOOI4","2024-08-28 19:00",82.4539999999999,76.13,635760,0,6.311,137.6,0.00775590551181103,82.9759999999999,70.3579999999999,67.73,NA,29.1,7.7,NA
"BOOI4","2024-08-28 20:00",78.7999999999999,84.8,88560,0,3.981,119,0.00145669291338583,81.914,70.3939999999999,67.748,NA,29.1,7.7,NA
"BOOI4","2024-08-28 21:00",76.6579999999999,89.7,896.4,0,4.571,110.5,0.000118110236220472,80.8339999999999,70.5019999999999,67.748,NA,29.2,7.7,NA
"BOOI4","2024-08-28 22:00",75.8839999999999,91.7,0,0,4.553,109.1,-0.000118110236220472,79.8619999999999,70.556,67.7839999999999,NA,29.2,7.7,NA
"BOOI4","2024-08-28 23:00",75.4519999999999,91.8,0,0,4.958,116.9,-0.000118110236220472,79.1599999999999,70.6279999999999,67.7839999999999,NA,29.2,7.7,NA
"BOOI4","2024-08-29 00:00",74.606,93.8,0,0,5.312,121.7,-0.00015748031496063,78.4759999999999,70.664,67.7839999999999,NA,29.2,7.7,NA
"BOOI4","2024-08-29 01:00",73.3099999999999,96.2,0,0,4.852,123.1,-0.000354330708661417,77.864,70.6999999999999,67.8019999999999,NA,29.2,7.7,NA
"BOOI4","2024-08-29 02:00",73.1839999999999,97.5,0,0,4.873,124.3,-0.000511811023622047,77.3779999999999,70.7359999999999,67.8199999999999,NA,29.2,7.7,NA
"BOOI4","2024-08-29 03:00",72.698,98.4,0,0,5.319,133.7,-0.000511811023622047,76.964,70.7539999999999,67.8019999999999,NA,29.2,7.7,NA
"BOOI4","2024-08-29 04:00",72.5179999999999,98.4,0,0,5.516,133.6,-0.000551181102362205,76.532,70.7359999999999,67.874,NA,29.2,7.7,NA
"BOOI4","2024-08-29 05:00",71.7439999999999,98.7,0,0,5.41,136.1,-0.000551181102362205,76.1539999999999,70.7359999999999,67.874,NA,29.2,7.7,NA
"BOOI4","2024-08-29 06:00",71.2759999999999,99.2,0,0,5.937,133.4,-0.000551181102362205,75.74,70.7359999999999,67.8919999999999,NA,29.2,7.7,NA
"BOOI4","2024-08-29 07:00",71.3119999999999,99.4,20077.2,0,5.935,131.4,-0.000511811023622047,75.3619999999999,70.6999999999999,67.8919999999999,NA,29.2,7.7,NA
"BOOI4","2024-08-29 08:00",73.0579999999999,97.8,348120,0,6.025,138.2,0.00094488188976378,75.2179999999999,70.6819999999999,67.946,NA,29.2,7.7,NA
"BOOI4","2024-08-29 09:00",76.9279999999999,92.3,947520,0,7.909,156.5,0.00566929133858268,75.5779999999999,70.664,67.946,NA,29.2,7.7,NA
"BOOI4","2024-08-29 10:00",81.1939999999999,83.6,1568160,0,9.22,163,0.0116535433070866,76.64,70.6279999999999,67.964,NA,29.2,7.7,NA
"BOOI4","2024-08-29 11:00",84.1099999999999,76.96,2109960,0,8.86,171.1,0.017755905511811,78.2419999999999,70.5919999999999,67.964,NA,29.1,7.7,NA
"BOOI4","2024-08-29 12:00",86.864,72,2491200,0,9.03,169.9,0.0222047244094488,80.114,70.5739999999999,67.9999999999999,NA,29.1,7.7,NA
"BOOI4","2024-08-29 13:00",89.1679999999999,67.18,2758320,0,9.06,168.5,0.0259842519685039,82.0939999999999,70.556,67.946,NA,29.1,7.7,NA
"BOOI4","2024-08-29 14:00",90.2659999999999,61.13,2464200,0,10.05,188.1,0.0264566929133858,83.5699999999999,70.5199999999999,67.964,NA,29.1,7.6,NA
"BOOI4","2024-08-29 15:00",89.1859999999999,60.7,2473920,0,11.16,184.5,0.027755905511811,84.38,70.5739999999999,67.982,NA,29.1,7.6,NA
"BOOI4","2024-08-29 16:00",89.8159999999999,62.38,2237400,0,11.98,169.5,0.025748031496063,84.8839999999999,70.5919999999999,67.964,NA,29.1,7.5,NA
"BOOI4","2024-08-29 17:00",87.782,63.97,1250280,0,10.09,178.1,0.0185433070866142,84.74,70.664,67.982,NA,29.1,7.5,NA
"BOOI4","2024-08-29 18:00",84.4519999999999,72.57,423360,0,6.201,186.6,0.00862204724409449,83.948,70.7539999999999,67.982,NA,29.1,7.5,NA
"BOOI4","2024-08-29 19:00",81.6439999999999,78.42,77148,0,4.715,177.1,0.00385826771653543,82.9579999999999,70.8259999999999,68.0179999999999,NA,29.1,7.5,NA
"BOOI4","2024-08-29 20:00",69.782,97.8,13453.2,0.2,9.38,226,0.0037007874015748,81.68,70.898,67.9999999999999,NA,29.1,7.5,NA
"BOOI4","2024-08-29 21:00",69.0619999999999,99.7,25.2,0.11,5.031,257.3,3.93700787401575e-05,79.7899999999999,70.988,67.9999999999999,NA,29.1,7.5,NA
"BOOI4","2024-08-29 22:00",68.9179999999999,100,0,0.08,4.993,119.3,-3.93700787401575e-05,78.6199999999999,71.0599999999999,68.0179999999999,NA,29,7.5,NA
"BOOI4","2024-08-29 23:00",68.9179999999999,100,0,0.16,5.9,201.6,-3.93700787401575e-05,77.648,71.114,68.0359999999999,NA,28.9,7.5,NA
"BOOI4","2024-08-30 00:00",68.2339999999999,100,0,0.13,3.858,225.4,-3.93700787401575e-05,76.7839999999999,71.1319999999999,68.072,NA,28.8,7.5,NA
"BOOI4","2024-08-30 01:00",67.982,100,0,0.05,5.881,259.8,-3.93700787401575e-05,76.1179999999999,71.1679999999999,68.072,NA,28.6,7.5,NA
"BOOI4","2024-08-30 02:00",67.982,100,0,0.01,6.709,258.8,-3.93700787401575e-05,75.6499999999999,71.1499999999999,68.1079999999999,NA,28.6,7.6,NA
"BOOI4","2024-08-30 03:00",67.73,100,0,0.03,4.478,255.7,-3.93700787401575e-05,75.2179999999999,71.1319999999999,68.1079999999999,NA,28.6,7.6,NA
"BOOI4","2024-08-30 04:00",67.7119999999999,100,0,0,4.913,263.6,-3.93700787401575e-05,74.84,71.1319999999999,68.1439999999999,NA,28.7,7.6,NA
"BOOI4","2024-08-30 05:00",67.5859999999999,100,0,0.01,5.571,276.1,-3.93700787401575e-05,74.5159999999999,71.0779999999999,68.1619999999999,NA,28.8,7.6,NA
"BOOI4","2024-08-30 06:00",66.0919999999999,100,0,0,2.987,264.4,-3.93700787401575e-05,74.0839999999999,71.0239999999999,68.198,NA,28.9,7.6,NA
"BOOI4","2024-08-30 07:00",67.0099999999999,100,7995.6,0,3.066,270.8,-3.93700787401575e-05,73.688,70.988,68.2159999999999,NA,29.1,7.6,NA
"BOOI4","2024-08-30 08:00",66.9019999999999,100,199656,0,3.615,313,0.000590551181102362,73.49,70.9339999999999,68.2339999999999,NA,29.2,7.6,NA
"BOOI4","2024-08-30 09:00",69.4759999999999,91,961920,0,4.897,345.2,0.00507874015748032,73.706,70.8439999999999,68.2339999999999,NA,29.3,7.6,NA
"BOOI4","2024-08-30 10:00",73.9579999999999,75.79,1513080,0,5.733,344.1,0.0103543307086614,74.1739999999999,70.772,68.288,NA,29.5,7.6,NA
"BOOI4","2024-08-30 11:00",74.2099999999999,67.98,2161080,0,6.162,2.678,0.0164566929133858,75.038,70.7179999999999,68.2159999999999,NA,29.6,7.6,NA
"BOOI4","2024-08-30 12:00",75.6319999999999,61,2336400,0,6.286,15.73,0.0194488188976378,76.064,70.6819999999999,68.2699999999999,NA,29.7,7.6,NA
"BOOI4","2024-08-30 13:00",76.532,63.68,2255040,0,5.59,356.6,0.019251968503937,76.7839999999999,70.6099999999999,68.2699999999999,NA,29.8,7.6,NA
"BOOI4","2024-08-30 14:00",75.9739999999999,61.32,1953360,0,5.435,343.1,0.0175196850393701,77.3599999999999,70.5739999999999,68.288,NA,29.9,7.6,NA
"BOOI4","2024-08-30 15:00",77.738,57.28,2162160,0,4.944,355.6,0.0186220472440945,77.63,70.5199999999999,68.2699999999999,NA,30,7.5,NA
"BOOI4","2024-08-30 16:00",78.5119999999999,56.79,2216520,0,4.615,339.8,0.0190157480314961,78.2419999999999,70.538,68.2699999999999,NA,30,7.5,NA
"BOOI4","2024-08-30 17:00",78.1339999999999,57,1979640,0,4.92,325.3,0.0173622047244095,78.53,70.5199999999999,68.2519999999999,NA,30,7.5,NA
"BOOI4","2024-08-30 18:00",77.63,59.12,1353600,0,5.896,324.5,0.0136220472440945,78.2239999999999,70.538,68.2339999999999,NA,30.1,7.5,NA
"BOOI4","2024-08-30 19:00",75.2539999999999,65.32,640800,0,4.37,315,0.00681102362204724,77.4679999999999,70.5199999999999,68.2699999999999,NA,30.2,7.5,NA
"BOOI4","2024-08-30 20:00",69.0259999999999,80.1,130176,0,2.548,303.8,0.00047244094488189,76.406,70.5199999999999,68.2699999999999,NA,30.2,7.5,NA
"BOOI4","2024-08-30 21:00",67.3519999999999,77.46,698.4,0,2.557,297.9,-0.000236220472440945,75.398,70.5199999999999,68.2519999999999,NA,30.3,7.5,NA
"BOOI4","2024-08-30 22:00",65.138,81.3,0,0,1.328,317.5,-0.000826771653543307,74.39,70.556,68.2699999999999,NA,30.3,7.5,NA
"BOOI4","2024-08-30 23:00",66.488,75.51,0,0,1.266,309.3,-0.00094488188976378,73.472,70.5199999999999,68.2519999999999,NA,30.4,7.5,NA
"BOOI4","2024-08-31 00:00",63.6619999999999,79.66,0,0,0.931,311.7,-0.00110236220472441,72.6439999999999,70.5199999999999,68.2519999999999,NA,30.4,7.5,NA
"BOOI4","2024-08-31 01:00",60.1699999999999,88.6,0,0,0.137,266.3,-0.00165354330708661,71.8519999999999,70.4839999999999,68.2519999999999,NA,30.4,7.5,NA
"BOOI4","2024-08-31 02:00",62.0779999999999,84.4,0,0,3.151,274.8,-0.000511811023622047,71.1679999999999,70.3939999999999,68.2339999999999,NA,30.4,7.5,NA
"BOOI4","2024-08-31 03:00",61.988,83.6,0,0,3.971,288.8,-0.000196850393700787,70.5199999999999,70.322,68.2159999999999,NA,30.4,7.6,NA
"BOOI4","2024-08-31 04:00",59.8999999999999,89.3,0,0,3.067,276.7,-0.000511811023622047,69.9259999999999,70.214,68.2519999999999,NA,30.4,7.6,NA
"BOOI4","2024-08-31 05:00",59.5579999999999,89.6,0,0,3.4,271.4,-0.000551181102362205,69.3499999999999,70.106,68.2339999999999,NA,30.4,7.6,NA
"BOOI4","2024-08-31 06:00",60.314,85.2,0,0,4.108,286.5,-0.000236220472440945,68.846,69.998,68.2339999999999,NA,30.4,7.6,NA
"BOOI4","2024-08-31 07:00",58.2619999999999,92.7,26575.2,0,3.436,264.1,-0.00047244094488189,68.3239999999999,69.89,68.2159999999999,NA,30.4,7.6,NA
"BOOI4","2024-08-31 08:00",62.4199999999999,90.9,416160,0,3.945,257.3,0.00133858267716536,68.1079999999999,69.746,68.2339999999999,NA,30.4,7.6,NA
"BOOI4","2024-08-31 09:00",67.172,81.9,1040760,0,3.488,250.1,0.00594488188976378,68.6119999999999,69.6199999999999,68.2159999999999,NA,30.4,7.6,NA
"BOOI4","2024-08-31 10:00",71.582,73.44,1684080,0,4.243,249.7,0.0115354330708661,69.8359999999999,69.5119999999999,68.198,NA,30.4,7.6,NA
"BOOI4","2024-08-31 11:00",74.3179999999999,67.26,2249640,0,5.793,248.6,0.0169685039370079,71.5099999999999,69.3499999999999,68.18,NA,30.4,7.6,NA
"BOOI4","2024-08-31 12:00",75.8839999999999,64.85,2684160,0,6.409,236.6,0.0214173228346457,73.364,69.2419999999999,68.18,NA,30.4,7.6,NA
"BOOI4","2024-08-31 13:00",77.738,60.21,2934000,0,6.299,246.9,0.0238976377952756,75.1819999999999,69.1519999999999,68.18,NA,30.4,7.5,NA
"BOOI4","2024-08-31 14:00",79.34,52.04,2977200,0,6.359,230,0.0252755905511811,76.8199999999999,69.0259999999999,68.09,NA,30.4,7.5,NA
"BOOI4","2024-08-31 15:00",80.5999999999999,54.18,2815560,0,7.038,237.9,0.0254330708661417,77.99,68.99,68.09,NA,30.3,7.5,NA
"BOOI4","2024-08-31 16:00",80.9419999999999,53.38,2458080,0,6.745,230,0.022992125984252,78.6739999999999,68.99,68.0539999999999,NA,30.3,7.5,NA
"BOOI4","2024-08-31 17:00",80.7619999999999,53.62,1846440,0,7.704,232.8,0.0197244094488189,78.7099999999999,69.0259999999999,68.0179999999999,NA,30.3,7.5,NA
"BOOI4","2024-08-31 18:00",80.2759999999999,57.2,1334160,0,8.19,233.5,0.0163385826771654,78.098,69.0619999999999,67.964,NA,30.3,7.5,NA
"BOOI4","2024-08-31 19:00",78.3499999999999,63.23,683280,0,5.748,233.3,0.00854330708661417,77.2519999999999,69.098,67.964,NA,30.3,7.5,NA
"BOOI4","2024-08-31 20:00",71.8159999999999,76.96,118152,0,4.246,221.4,0.00173228346456693,76.1359999999999,69.1519999999999,67.964,NA,30.3,7.5,NA
"BOOI4","2024-08-31 21:00",67.6579999999999,86.1,457.2,0,4.358,219.7,0.000236220472440945,75.056,69.2239999999999,67.9099999999999,NA,30.3,7.5,NA
"BOOI4","2024-08-31 22:00",66.038,89.4,0,0,5.536,236.9,7.8740157480315e-05,74.048,69.2779999999999,67.874,NA,30.3,7.5,NA
"BOOI4","2024-08-31 23:00",63.8779999999999,94.7,0,0,4.565,256.6,-0.000433070866141732,73.148,69.332,67.8919999999999,NA,30.3,7.5,NA
"BOOI4","2024-09-01 00:00",67.9279999999999,85.4,0,0,6.331,267.3,-3.93700787401575e-05,72.4999999999999,69.3499999999999,67.874,NA,30.3,7.5,NA
"BOOI4","2024-09-01 01:00",64.5619999999999,93.4,0,0,5.753,259.1,-0.000196850393700787,71.888,69.3679999999999,67.856,NA,30.3,7.5,NA
"BOOI4","2024-09-01 02:00",68.5579999999999,84.1,0,0,7.105,291,0.00031496062992126,71.456,69.3859999999999,67.856,NA,30.3,7.5,NA
"BOOI4","2024-09-01 03:00",66.9739999999999,83.9,0,0,6.917,353.4,0.000511811023622047,70.9699999999999,69.3679999999999,67.838,NA,30.3,7.5,NA
"BOOI4","2024-09-01 04:00",64.8499999999999,81.4,0,0,6.132,356.1,0.000433070866141732,70.3579999999999,69.332,67.8199999999999,NA,30.3,7.5,NA
"BOOI4","2024-09-01 05:00",62.5999999999999,84.6,0,0,6.241,6.908,0.000354330708661417,69.6739999999999,69.314,67.8019999999999,NA,30.3,7.5,NA
"BOOI4","2024-09-01 06:00",60.764,87.1,0,0,5.299,9.04,0,69.0079999999999,69.2419999999999,67.8019999999999,NA,30.3,7.5,NA
"BOOI4","2024-09-01 07:00",59.3419999999999,88.2,18680.4,0,4.788,352.6,-0.000118110236220472,68.3779999999999,69.188,67.8019999999999,NA,30.3,7.5,NA
"BOOI4","2024-09-01 08:00",61.988,80.5,374040,0,4.696,360,0.00165354330708661,67.9279999999999,69.1159999999999,67.8019999999999,NA,30.3,7.5,NA
"BOOI4","2024-09-01 09:00",64.3099999999999,76.43,1010520,0,7.953,10.93,0.00720472440944882,67.8199999999999,69.0259999999999,67.7839999999999,NA,30.3,7.5,NA
"BOOI4","2024-09-01 10:00",67.946,66.39,1643760,0,8.45,18.81,0.0122834645669291,68.198,68.9359999999999,67.7659999999999,NA,30.3,7.5,NA
"BOOI4","2024-09-01 11:00",69.9259999999999,60.75,2219040,0,7.989,13.23,0.0175196850393701,69.098,68.846,67.7659999999999,NA,30.3,7.5,NA
"BOOI4","2024-09-01 12:00",71.6359999999999,55.11,2662200,0,8.89,15.87,0.0225196850393701,70.1599999999999,68.7739999999999,67.748,NA,30.3,7.5,NA
"BOOI4","2024-09-01 13:00",72.5179999999999,46.14,2926800,0,9.97,11.26,0.0261811023622047,71.0599999999999,68.6839999999999,67.73,NA,30.2,7.4,NA
"BOOI4","2024-09-01 14:00",73.706,43.39,2984400,0,9.94,12.91,0.0277952755905512,71.9419999999999,68.63,67.7119999999999,NA,30.2,7.4,NA
"BOOI4","2024-09-01 15:00",73.7419999999999,44.03,2821320,0,9.56,12.08,0.027007874015748,72.5179999999999,68.5399999999999,67.6939999999999,NA,30.1,7.4,NA
"BOOI4","2024-09-01 16:00",74.1199999999999,44.95,2455560,0,8.65,13.98,0.0238976377952756,72.896,68.4679999999999,67.6759999999999,NA,30.1,7.4,NA
"BOOI4","2024-09-01 17:00",73.2919999999999,43.54,1950480,0,8.29,8.5,0.0204724409448819,72.9679999999999,68.4499999999999,67.6759999999999,NA,30.1,7.4,NA
"BOOI4","2024-09-01 18:00",73.1119999999999,47.57,1332720,0,7.998,13.14,0.0159448818897638,72.5179999999999,68.414,67.622,NA,30.1,7.4,NA
"BOOI4","2024-09-01 19:00",70.448,52.2,540360,0,5.503,14.12,0.0081496062992126,71.8699999999999,68.414,67.6039999999999,NA,30.1,7.4,NA
"BOOI4","2024-09-01 20:00",63.914,73.15,114768,0,2.808,7.188,0.00078740157480315,70.988,68.396,67.5679999999999,NA,30.1,7.4,NA
"BOOI4","2024-09-01 21:00",61.43,77.34,374.4,0,2.171,353.4,-0.000393700787401575,70.124,68.3779999999999,67.5499999999999,NA,30.1,7.4,NA
"BOOI4","2024-09-01 22:00",58.514,83.2,0,0,2.265,353.3,-0.00047244094488189,69.314,68.3419999999999,67.514,NA,30.1,7.4,NA
"BOOI4","2024-09-01 23:00",56.624,86.6,0,0,2.245,332.8,-0.00062992125984252,68.5399999999999,68.3419999999999,67.514,NA,30.1,7.4,NA
"BOOI4","2024-09-02 00:00",56.5699999999999,83.7,0,0,3.621,340.3,-0.000236220472440945,67.8019999999999,68.3239999999999,67.496,NA,30.1,7.5,NA
"BOOI4","2024-09-02 01:00",56.0839999999999,82.4,0,0,3.694,355.3,-0.000196850393700787,67.0999999999999,68.2159999999999,67.4779999999999,NA,30.1,7.4,NA
"BOOI4","2024-09-02 02:00",53.816,86,0,0,3.407,13.86,-0.00031496062992126,66.398,68.1259999999999,67.4419999999999,NA,30,7.4,NA
"BOOI4","2024-09-02 03:00",52.4839999999999,88.7,0,0,2.428,4.066,-0.000590551181102362,65.8039999999999,68.072,67.4239999999999,NA,30,7.4,NA
"BOOI4","2024-09-02 04:00",51.9439999999999,89.7,0,0,2.408,342.4,-0.000669291338582677,65.2279999999999,67.964,67.406,NA,30,7.4,NA
"BOOI4","2024-09-02 05:00",52.214,88.7,0,0,1.898,347.8,-0.00078740157480315,64.706,67.874,67.388,NA,30,7.4,NA
"BOOI4","2024-09-02 06:00",51.638,88.3,0,0,2.185,5.92,-0.000708661417322835,64.2019999999999,67.7659999999999,67.3519999999999,NA,30,7.4,NA
"BOOI4","2024-09-02 07:00",52.106,88.4,21214.8,0,2.675,13.05,-0.000511811023622047,63.7339999999999,67.622,67.3519999999999,NA,30,7.4,NA
"BOOI4","2024-09-02 08:00",55.0759999999999,85,400320,0,2.846,19.06,0.000984251968503937,63.4099999999999,67.496,67.3339999999999,NA,30,7.4,NA
"BOOI4","2024-09-02 09:00",60.6019999999999,81.8,1017360,0,3.698,77.33,0.00507874015748032,63.7699999999999,67.3699999999999,67.3159999999999,NA,29.9,7.4,NA
"BOOI4","2024-09-02 10:00",65.1739999999999,71.49,1653120,0,4.724,115.8,0.0105905511811024,64.8499999999999,67.2439999999999,67.28,NA,29.9,7.5,NA
"BOOI4","2024-09-02 11:00",67.73,62.24,2216160,0,7.485,152.1,0.0162204724409449,66.506,67.064,67.2439999999999,NA,29.8,7.4,NA
"BOOI4","2024-09-02 12:00",70.664,54.73,2651760,0,6.239,151,0.0204330708661417,68.414,66.956,67.2079999999999,NA,29.8,7.4,NA
"BOOI4","2024-09-02 13:00",71.7079999999999,48.68,2890800,0,5.484,142.2,0.0226771653543307,70.4119999999999,66.8659999999999,67.172,NA,29.8,7.4,NA
"BOOI4","2024-09-02 14:00",72.6259999999999,47.4,2934000,0,5.154,163.7,0.0234645669291339,72.2119999999999,66.7579999999999,67.1179999999999,NA,29.8,7.4,NA
"BOOI4","2024-09-02 15:00",73.4539999999999,44.2,2778840,0,5.815,146,0.0234645669291339,73.5259999999999,66.7039999999999,67.082,NA,29.8,7.3,NA
"BOOI4","2024-09-02 16:00",74.048,46.12,2376000,0,6.673,150.3,0.0216929133858268,74.2279999999999,66.6499999999999,67.046,NA,29.7,7.3,NA
"BOOI4","2024-09-02 17:00",73.922,44.85,1821600,0,6.963,144.6,0.0185433070866142,74.2099999999999,66.6499999999999,66.9919999999999,NA,29.7,7.3,NA
"BOOI4","2024-09-02 18:00",73.2919999999999,51.55,1187640,0,6.441,144.5,0.013503937007874,73.796,66.6679999999999,66.938,NA,29.7,7.3,NA
"BOOI4","2024-09-02 19:00",70.5739999999999,60.49,568800,0,6.009,131.8,0.00779527559055118,73.0039999999999,66.7759999999999,66.9199999999999,NA,29.7,7.3,NA
"BOOI4","2024-09-02 20:00",66.38,70.64,133956,0,3.55,127.4,0.00133858267716536,72.014,66.7579999999999,66.8839999999999,NA,29.7,7.3,NA
"BOOI4","2024-09-02 21:00",62.9599999999999,76.31,334.8,0,4.213,129.6,0.000590551181102362,70.9519999999999,66.8119999999999,66.848,NA,29.7,7.3,NA
"BOOI4","2024-09-02 22:00",60.0259999999999,83.6,0,0,2.972,152.1,-7.8740157480315e-05,69.998,66.848,66.7939999999999,NA,29.7,7.3,NA
"BOOI4","2024-09-02 23:00",59.0899999999999,84.6,0,0,3.547,151.8,0,69.1519999999999,66.848,66.7759999999999,NA,29.7,7.3,NA
"BOOI4","2024-09-03 00:00",58.622,86.1,0,0,3.982,154.6,-7.8740157480315e-05,68.396,66.9019999999999,66.722,NA,29.7,7.3,NA
"BOOI4","2024-09-03 01:00",56.588,90.5,0,0,3.463,160.3,-0.00031496062992126,67.6939999999999,66.8839999999999,66.722,NA,29.7,7.3,NA
"BOOI4","2024-09-03 02:00",55.022,92.9,0,0,2.873,168.6,-0.000511811023622047,67.064,66.848,66.6679999999999,NA,29.7,7.3,NA
"BOOI4","2024-09-03 03:00",55.364,92.5,0,0,3.482,162,-0.000433070866141732,66.4339999999999,66.7939999999999,66.6859999999999,NA,29.7,7.3,NA
"BOOI4","2024-09-03 04:00",53.4919999999999,94.2,0,0,3.926,157.7,-0.000393700787401575,65.8939999999999,66.74,66.6319999999999,NA,29.7,7.3,NA
"BOOI4","2024-09-03 05:00",52.5199999999999,94.9,0,0,2.428,172.8,-0.000708661417322835,65.3539999999999,66.6679999999999,66.614,NA,29.7,7.3,NA
"BOOI4","2024-09-03 06:00",51.422,96.6,0,0,2.645,183.8,-0.000669291338582677,64.814,66.596,66.596,NA,29.7,7.3,NA
"BOOI4","2024-09-03 07:00",51.8539999999999,97,23097.6,0,2.814,177.2,-0.000590551181102362,64.2919999999999,66.5239999999999,66.596,NA,29.6,7.3,NA
"BOOI4","2024-09-03 08:00",56.0119999999999,88.2,436320,0,3.056,151.9,0.00094488188976378,64.0579999999999,66.4159999999999,66.5599999999999,NA,29.6,7.3,NA
"BOOI4","2024-09-03 09:00",60.764,82.8,951480,0,4.19,160.2,0.00484251968503937,64.364,66.3079999999999,66.5239999999999,NA,29.7,7.3,NA
"BOOI4","2024-09-03 10:00",66.3439999999999,70.37,1656000,0,6.553,165.2,0.0110236220472441,65.4259999999999,66.2179999999999,66.5239999999999,NA,29.7,7.3,NA
"BOOI4","2024-09-03 11:00",69.1339999999999,59.2,2183400,0,7.265,177.5,0.0170472440944882,67.046,66.1279999999999,66.4699999999999,NA,29.6,7.3,NA
"BOOI4","2024-09-03 12:00",72.1759999999999,53.01,2549520,0,7.386,182,0.0209055118110236,68.8279999999999,66.0019999999999,66.4519999999999,NA,29.6,7.3,NA
"BOOI4","2024-09-03 13:00",74.156,52.16,2887200,0,6.893,187.5,0.0239370078740157,70.8259999999999,65.93,66.4159999999999,NA,29.5,7.3,NA
"BOOI4","2024-09-03 14:00",74.4079999999999,46.22,2937600,0,7.11,171.9,0.0251968503937008,72.572,65.8579999999999,66.38,NA,29.5,7.3,NA
"BOOI4","2024-09-03 15:00",76.298,47.3,2774160,0,8.06,155.2,0.0256299212598425,73.706,65.84,66.3259999999999,NA,29.5,7.2,NA
"BOOI4","2024-09-03 16:00",76.4599999999999,46.17,2407320,0,8.41,146.4,0.0238582677165354,74.264,65.8039999999999,66.3079999999999,NA,29.5,7.2,NA
"BOOI4","2024-09-03 17:00",76.3339999999999,47.65,1888560,0,9.34,146.3,0.0212992125984252,74.246,65.84,66.2899999999999,NA,29.5,7.2,NA
"BOOI4","2024-09-03 18:00",75.398,51.27,1247760,0,8.81,149.1,0.016259842519685,73.8499999999999,65.8579999999999,66.2359999999999,NA,29.5,7.2,NA
"BOOI4","2024-09-03 19:00",72.2839999999999,58.72,640800,0,6.443,138.9,0.00862204724409449,73.148,65.948,66.1999999999999,NA,29.5,7.2,NA
"BOOI4","2024-09-03 20:00",66.8119999999999,71.32,105192,0,4.75,123.7,0.00220472440944882,72.0859999999999,66.0019999999999,66.1819999999999,NA,29.5,7.2,NA
"BOOI4","2024-09-03 21:00",63.1939999999999,77.76,61.2,0,4.812,135.2,0.000669291338582677,71.006,66.0919999999999,66.1279999999999,NA,29.5,7.2,NA
"BOOI4","2024-09-03 22:00",60.764,82.9,0,0,2.952,144.1,-0.000236220472440945,70.0339999999999,66.146,66.1279999999999,NA,29.5,7.2,NA
"BOOI4","2024-09-03 23:00",59.0179999999999,87.3,0,0,4.583,146.6,-3.93700787401575e-05,69.1699999999999,66.1819999999999,66.1099999999999,NA,29.5,7.2,NA
"BOOI4","2024-09-04 00:00",56.7499999999999,91.7,0,0,5.601,156,-0.000118110236220472,68.3599999999999,66.1999999999999,66.0739999999999,NA,29.5,7.2,NA
"BOOI4","2024-09-04 01:00",56.9119999999999,90.3,0,0,3.705,171.4,-0.000433070866141732,67.64,66.2179999999999,66.056,NA,29.5,7.2,NA
"BOOI4","2024-09-04 02:00",56.4079999999999,89.6,0,0,4.245,161.2,-0.00031496062992126,67.0099999999999,66.2179999999999,66.038,NA,29.5,7.2,NA
"BOOI4","2024-09-04 03:00",54.5899999999999,91.5,0,0,3.077,142.8,-0.000551181102362205,66.38,66.1819999999999,66.056,NA,29.5,7.2,NA
"BOOI4","2024-09-04 04:00",53.1499999999999,93.6,0,0,2.514,142.5,-0.000708661417322835,65.7679999999999,66.146,66.0199999999999,NA,29.5,7.2,NA
"BOOI4","2024-09-04 05:00",52.2319999999999,94.4,0,0,2.267,138.4,-0.00078740157480315,65.1919999999999,66.0919999999999,66.0019999999999,NA,29.5,7.2,NA
"BOOI4","2024-09-04 06:00",51.8179999999999,94.4,0,0,2.92,164.9,-0.000669291338582677,64.6519999999999,66.038,65.9839999999999,NA,29.5,7.2,NA
"BOOI4","2024-09-04 07:00",52.2499999999999,93.9,15202.8,0,3.229,158.8,-0.000551181102362205,64.148,65.9659999999999,65.9839999999999,NA,29.5,7.2,NA
"BOOI4","2024-09-04 08:00",55.7599999999999,89.2,373680,0,4.438,155.3,0.000748031496062992,63.8599999999999,65.8939999999999,65.9659999999999,NA,29.5,7.2,NA
"BOOI4","2024-09-04 09:00",62.348,83.9,1001520,0,4.567,167.2,0.00503937007874016,64.256,65.8039999999999,65.93,NA,29.4,7.2,NA
"BOOI4","2024-09-04 10:00",67.19,70.73,1624680,0,6.456,189.3,0.0111811023622047,65.4619999999999,65.6779999999999,65.93,NA,29.4,7.2,NA
"BOOI4","2024-09-04 11:00",71.6539999999999,67.9,2183040,0,6.985,185.1,0.0164173228346457,67.2079999999999,65.588,65.8939999999999,NA,29.4,7.2,NA
"BOOI4","2024-09-04 12:00",75.848,60.89,2608920,0,7.485,178.8,0.0210629921259843,69.296,65.48,65.8939999999999,NA,29.3,7.2,NA
"BOOI4","2024-09-04 13:00",76.514,57.27,2855160,0,9.18,168.9,0.0248818897637795,71.2759999999999,65.4259999999999,65.8759999999999,NA,29.4,7.2,NA
"BOOI4","2024-09-04 14:00",78.1159999999999,57.1,2898000,0,9.36,172.2,0.0263779527559055,72.896,65.372,65.84,NA,29.4,7.2,NA
"BOOI4","2024-09-04 15:00",78.8179999999999,52.62,2707560,0,9.79,166.8,0.0259448818897638,74.1199999999999,65.372,65.8039999999999,NA,29.3,7.2,NA
"BOOI4","2024-09-04 16:00",79.9519999999999,53.19,2362680,0,9.95,173.5,0.0243307086614173,74.822,65.3539999999999,65.7679999999999,NA,29.3,7.2,NA
"BOOI4","2024-09-04 17:00",80.2579999999999,51.04,1815480,0,7.806,185.2,0.0197637795275591,75.1279999999999,65.4079999999999,65.7499999999999,NA,29.3,7.2,NA
"BOOI4","2024-09-04 18:00",79.1779999999999,55.11,1209240,0,7.328,193.6,0.0148031496062992,74.948,65.4439999999999,65.714,NA,29.3,7.2,NA
"BOOI4","2024-09-04 19:00",75.38,63.4,597240,0,6.38,174.3,0.00834645669291339,74.3359999999999,65.588,65.696,NA,29.3,7.1,NA
"BOOI4","2024-09-04 20:00",69.7279999999999,75.21,85428,0,5.161,163.4,0.00208661417322835,73.238,65.6599999999999,65.696,NA,29.3,7.1,NA
"BOOI4","2024-09-04 21:00",65.2999999999999,83.2,14.4,0,5.341,156.2,0.000433070866141732,72.1759999999999,65.7679999999999,65.6599999999999,NA,29.3,7.2,NA
"BOOI4","2024-09-04 22:00",63.3199999999999,86.3,0,0,5.904,155.9,0.000275590551181102,71.2039999999999,65.8579999999999,65.6419999999999,NA,29.3,7.2,NA
"BOOI4","2024-09-04 23:00",61.88,90.3,0,0,4.41,167.2,-0.00015748031496063,70.3579999999999,65.93,65.624,NA,29.3,7.2,NA
"BOOI4","2024-09-05 00:00",61.7539999999999,89.7,0,0,3.343,160.7,-0.00047244094488189,69.6919999999999,66.0199999999999,65.606,NA,29.3,7.2,NA
"BOOI4","2024-09-05 01:00",60.89,91.5,0,0,2.545,171.7,-0.000669291338582677,69.098,66.056,65.606,NA,29.4,7.2,NA
"BOOI4","2024-09-05 02:00",60.1519999999999,92.8,0,0,2.876,176.5,-0.000590551181102362,68.63,66.0919999999999,65.588,NA,29.4,7.2,NA
"BOOI4","2024-09-05 03:00",62.114,91.6,0,0,2.61,196.8,-0.000748031496062992,68.288,66.0919999999999,65.588,NA,29.4,7.2,NA
"BOOI4","2024-09-05 04:00",63.914,86.6,0,0,4.338,208,-0.00031496062992126,68.09,66.0919999999999,65.5699999999999,NA,29.4,7.2,NA
"BOOI4","2024-09-05 05:00",63.122,86.9,0,0,6.175,217,0.000236220472440945,67.874,66.0739999999999,65.588,NA,29.4,7.2,NA
"BOOI4","2024-09-05 06:00",61.682,91,0,0,5.93,219.7,-7.8740157480315e-05,67.514,66.038,65.588,NA,29.5,7.2,NA
"BOOI4","2024-09-05 07:00",63.248,87.5,5256,0,7.219,233.5,0.00015748031496063,67.19,66.0019999999999,65.588,NA,29.4,7.2,NA
"BOOI4","2024-09-05 08:00",64.58,86.4,153828,0,6.452,254.4,0.0021259842519685,67.1359999999999,65.9659999999999,65.606,NA,29.3,7.2,NA
"BOOI4","2024-09-05 09:00",68.2519999999999,84.1,694800,0,6.371,257.3,0.00507874015748032,67.4779999999999,65.93,65.5699999999999,NA,29.3,7.2,NA
"BOOI4","2024-09-05 10:00",72.464,81.4,1298520,0,6.734,299.6,0.00933070866141732,68.414,65.8939999999999,65.588,NA,29.3,7.2,NA
"BOOI4","2024-09-05 11:00",68.5939999999999,91.8,742680,0,8.5,312.6,0.00712598425196851,69.314,65.84,65.5519999999999,NA,29.2,7.2,NA
"BOOI4","2024-09-05 12:00",69.314,92.6,560520,0,6.948,343.5,0.00421259842519685,69.296,65.8039999999999,65.5519999999999,NA,29.2,7.2,NA
"BOOI4","2024-09-05 13:00",70.8259999999999,87.5,951840,0,8.07,344.4,0.0075984251968504,69.746,65.8039999999999,65.5519999999999,NA,29.3,7.2,NA
"BOOI4","2024-09-05 14:00",71.6539999999999,86,790200,0,7.111,352.2,0.00716535433070866,70.124,65.7679999999999,65.5519999999999,NA,29.3,7.2,NA
"BOOI4","2024-09-05 15:00",75.8839999999999,73.97,1953360,0,7.786,0.645,0.0153149606299213,70.8439999999999,65.7859999999999,65.5339999999999,NA,29.3,7.2,NA
"BOOI4","2024-09-05 16:00",77.8999999999999,69.11,2093400,0,7.6,353.8,0.0175590551181102,71.888,65.7859999999999,65.5339999999999,NA,29.3,7.2,NA
"BOOI4","2024-09-05 17:00",78.0619999999999,62.29,1583280,0,7.266,352.3,0.0155118110236221,72.6619999999999,65.822,65.498,NA,29.3,7.1,NA
"BOOI4","2024-09-05 18:00",78.296,57.57,1165680,0,6.976,351,0.0131496062992126,72.7159999999999,65.84,65.498,NA,29.3,7.1,NA
"BOOI4","2024-09-05 19:00",74.48,65.31,483480,0,6.076,342.1,0.00763779527559055,72.356,65.8759999999999,65.48,NA,29.3,7.1,NA
"BOOI4","2024-09-05 20:00",69.3499999999999,78.03,57528,0,3.615,338.3,0.000551181102362205,71.6359999999999,65.93,65.4619999999999,NA,29.3,7.1,NA
"BOOI4","2024-09-05 21:00",67.1539999999999,77.62,14.4,0,6.055,340.8,0.000905511811023622,70.88,65.9839999999999,65.48,NA,29.2,7.1,NA
"BOOI4","2024-09-05 22:00",64.0579999999999,82.7,0,0,3.669,342.2,-3.93700787401575e-05,70.106,66.038,65.4619999999999,NA,29.2,7.1,NA
"BOOI4","2024-09-05 23:00",62.2759999999999,81.9,0,0,4.366,341.7,7.8740157480315e-05,69.332,66.0919999999999,65.4439999999999,NA,29.2,7.1,NA
"BOOI4","2024-09-06 00:00",60.422,81.3,0,0,4.884,347.5,0.000275590551181102,68.5939999999999,66.1279999999999,65.4619999999999,NA,29.2,7.1,NA
"BOOI4","2024-09-06 01:00",58.4419999999999,83.5,0,0,5.221,348.2,0.000196850393700787,67.8199999999999,66.146,65.4439999999999,NA,29.2,7.1,NA
"BOOI4","2024-09-06 02:00",57.2539999999999,84.3,0,0,4.762,344.1,3.93700787401575e-05,67.1359999999999,66.146,65.4439999999999,NA,29.2,7.1,NA
"BOOI4","2024-09-06 03:00",57.056,84,0,0,5.871,341.2,0.00015748031496063,66.4699999999999,66.146,65.4259999999999,NA,29.2,7.2,NA
"BOOI4","2024-09-06 04:00",54.446,90,0,0,4.201,337.4,-0.000196850393700787,65.822,66.1099999999999,65.4619999999999,NA,29.2,7.2,NA
"BOOI4","2024-09-06 05:00",54.6259999999999,88.2,0,0,5.049,338.4,-0.00015748031496063,65.1919999999999,66.0739999999999,65.4619999999999,NA,29.2,7.2,NA
"BOOI4","2024-09-06 06:00",52.2679999999999,91.8,0,0,4.118,331.5,-0.000275590551181102,64.6699999999999,65.9839999999999,65.4619999999999,NA,29.2,7.2,NA
"BOOI4","2024-09-06 07:00",51.656,94.8,12153.6,0,4.114,308.1,-0.000433070866141732,64.148,65.93,65.4439999999999,NA,29.2,7.2,NA
"BOOI4","2024-09-06 08:00",55.4359999999999,90.7,365400,0,5.304,309.8,0.000708661417322835,63.806,65.9119999999999,65.4439999999999,NA,29.2,7.2,NA
"BOOI4","2024-09-06 09:00",59.0179999999999,83.8,977400,0,6.304,339.6,0.005,64.0039999999999,65.7679999999999,65.4619999999999,NA,29.2,7.2,NA
"BOOI4","2024-09-06 10:00",62.4919999999999,77.87,1616040,0,7.209,355,0.00980314960629921,64.706,65.714,65.4619999999999,NA,29.2,7.2,NA
"BOOI4","2024-09-06 11:00",66.6319999999999,67.54,2158560,0,7.4,352.2,0.0143307086614173,65.9119999999999,65.624,65.4439999999999,NA,29.1,7.2,NA
"BOOI4","2024-09-06 12:00",67.64,61.66,2215080,0,8.37,358.7,0.0170472440944882,67.2079999999999,65.498,65.4259999999999,NA,29.1,7.1,NA
"BOOI4","2024-09-06 13:00",68.7199999999999,50.3,2522520,0,8.77,355.6,0.0205511811023622,68.2159999999999,65.4259999999999,65.4079999999999,NA,29.1,7.1,NA
"BOOI4","2024-09-06 14:00",68.6839999999999,50.89,2447640,0,8.49,355.3,0.0216141732283465,69.314,65.3539999999999,65.39,NA,29.1,7.1,NA
"BOOI4","2024-09-06 15:00",67.8199999999999,48.45,1767240,0,7.701,349.5,0.0181496062992126,70.0699999999999,65.3359999999999,65.39,NA,29.1,7.1,NA
"BOOI4","2024-09-06 16:00",70.988,45.57,2150640,0,8.25,341.1,0.0203543307086614,70.088,65.282,65.372,NA,29.1,7.1,NA
"BOOI4","2024-09-06 17:00",70.988,43.71,1621800,0,7.837,355.4,0.0175196850393701,70.4119999999999,65.282,65.3359999999999,NA,29.1,7,NA
"BOOI4","2024-09-06 18:00",67.2619999999999,60.86,686160,0,8.03,17.63,0.0108267716535433,70.088,65.282,65.3359999999999,NA,29,7,NA
"BOOI4","2024-09-06 19:00",65.2999999999999,60.48,347400,0,5.561,27.61,0.00566929133858268,69.422,65.282,65.3179999999999,NA,29,7,NA
"BOOI4","2024-09-06 20:00",59.99,74.18,93168,0,2.272,359.3,-7.8740157480315e-05,68.6839999999999,65.3179999999999,65.3179999999999,NA,29,7,NA
"BOOI4","2024-09-06 21:00",57.9739999999999,76.69,0,0,1.829,2.586,0.000275590551181102,67.7839999999999,65.3359999999999,65.2999999999999,NA,29,7,NA
"BOOI4","2024-09-06 22:00",57.0739999999999,77.27,0,0,2.312,0.149,0.00031496062992126,66.956,65.3359999999999,65.282,NA,29,7,NA
"BOOI4","2024-09-06 23:00",55.9039999999999,79.94,0,0,1.9,346.7,0.000118110236220472,66.1819999999999,65.3359999999999,65.282,NA,29,7.1,NA
"BOOI4","2024-09-07 00:00",53.564,85.8,0,0,2.728,336.8,0.000196850393700787,65.498,65.3179999999999,65.2279999999999,NA,29,7,NA
"BOOI4","2024-09-07 01:00",52.6279999999999,87,0,0,3.115,330.8,0.000196850393700787,64.8679999999999,65.2999999999999,65.2279999999999,NA,29,7,NA
"BOOI4","2024-09-07 02:00",50.864,89.9,0,0,1.821,318.1,-0.00015748031496063,64.2919999999999,65.246,65.2099999999999,NA,29,7,NA
"BOOI4","2024-09-07 03:00",51.566,91.8,0,0,2.301,318.9,-0.00015748031496063,63.7339999999999,65.156,65.1919999999999,NA,29,7,NA
"BOOI4","2024-09-07 04:00",50.396,93.1,0,0,3.176,346.7,-3.93700787401575e-05,63.248,65.1199999999999,65.1739999999999,NA,29,7.1,NA
"BOOI4","2024-09-07 05:00",49.946,94.7,0,0,2.554,351,-0.000196850393700787,62.78,65.03,65.138,NA,28.9,7.1,NA
"BOOI4","2024-09-07 06:00",49.19,95.5,0,0,2.777,355.7,-0.000196850393700787,62.3659999999999,64.922,65.156,NA,28.9,7.1,NA
"BOOI4","2024-09-07 07:00",47.948,96.9,9403.2,0,3.152,352.3,-0.00015748031496063,61.9339999999999,64.832,65.138,NA,28.9,7.1,NA
"BOOI4","2024-09-07 08:00",51.7819999999999,91.5,357120,0,3.09,0.197,0.00031496062992126,61.6099999999999,64.7239999999999,65.1199999999999,NA,29,7.1,NA
"BOOI4","2024-09-07 09:00",54.6619999999999,87.7,960120,0,4.498,49.45,0.00413385826771654,61.8619999999999,64.6159999999999,65.1019999999999,NA,28.9,7.1,NA
"BOOI4","2024-09-07 10:00",59.0539999999999,69.96,1600920,0,4.268,101.1,0.00909448818897638,62.8519999999999,64.5259999999999,65.0839999999999,NA,28.9,7.1,NA
"BOOI4","2024-09-07 11:00",63.23,62.68,2170080,0,4.076,132.3,0.0138976377952756,64.4359999999999,64.4359999999999,65.048,NA,28.9,7.1,NA
"BOOI4","2024-09-07 12:00",64.5619999999999,60,2599200,0,3.066,106,0.0172047244094488,66.4339999999999,64.2919999999999,65.048,NA,28.8,7.1,NA
"BOOI4","2024-09-07 13:00",67.19,53.51,2845080,0,3.962,103.3,0.0198425196850394,68.288,64.2019999999999,64.9939999999999,NA,28.8,7.1,NA
"BOOI4","2024-09-07 14:00",68.0179999999999,50.27,2859120,0,4.189,56.72,0.0208267716535433,69.872,64.148,64.9759999999999,NA,28.8,7.1,NA
"BOOI4","2024-09-07 15:00",69.08,48.15,2761920,0,3.947,45.08,0.0206299212598425,70.988,64.0939999999999,64.94,NA,28.8,7.1,NA
"BOOI4","2024-09-07 16:00",67.496,52.28,1902240,0,4.094,51.91,0.0159842519685039,71.6539999999999,64.1119999999999,64.9039999999999,NA,28.8,7,NA
"BOOI4","2024-09-07 17:00",70.106,45.9,1739520,0,4.487,71.84,0.0146456692913386,71.672,64.0759999999999,64.8679999999999,NA,28.8,7,NA
"BOOI4","2024-09-07 18:00",69.8359999999999,48.13,1113120,0,2.424,27.49,0.0087007874015748,71.438,64.148,64.832,NA,28.8,7,NA
"BOOI4","2024-09-07 19:00",66.9739999999999,54.2,641520,0,3.831,59,0.00598425196850394,70.8439999999999,64.2019999999999,64.814,NA,28.8,7,NA
"BOOI4","2024-09-07 20:00",62.0419999999999,63.61,74052,0,3.053,122.6,0.00114173228346457,69.7999999999999,64.256,64.7599999999999,NA,28.8,7,NA
"BOOI4","2024-09-07 21:00",59.8279999999999,68.49,0,0,2.387,146,7.8740157480315e-05,68.7019999999999,64.3279999999999,64.7419999999999,NA,28.8,7,NA
"BOOI4","2024-09-07 22:00",56.138,78.69,0,0,2.464,164.7,-0.000118110236220472,67.6759999999999,64.3999999999999,64.7239999999999,NA,28.8,7,NA
"BOOI4","2024-09-07 23:00",54.0859999999999,82,0,0,2.495,188.6,-0.00031496062992126,66.7759999999999,64.4359999999999,64.688,NA,28.8,7,NA
"BOOI4","2024-09-08 00:00",52.6999999999999,85,0,0,2.528,198.3,-0.000354330708661417,65.9659999999999,64.4539999999999,64.6699999999999,NA,28.8,7,NA
"BOOI4","2024-09-08 01:00",53.33,85.8,0,0,2.494,206,-0.00047244094488189,65.2099999999999,64.4539999999999,64.6699999999999,NA,28.8,7,NA
"BOOI4","2024-09-08 02:00",52.6999999999999,86.7,0,0,2.7,218.7,-0.000393700787401575,64.5439999999999,64.4179999999999,64.6519999999999,NA,28.8,7,NA
"BOOI4","2024-09-08 03:00",51.2239999999999,89.1,0,0,3.399,226.4,-0.00031496062992126,63.9679999999999,64.364,64.6339999999999,NA,28.8,7,NA
"BOOI4","2024-09-08 04:00",50.7919999999999,89.7,0,0,3.931,228.8,-0.000236220472440945,63.446,64.3099999999999,64.6159999999999,NA,28.8,7,NA
"BOOI4","2024-09-08 05:00",49.5859999999999,90.8,0,0,3.802,237.3,-0.000354330708661417,62.9779999999999,64.256,64.598,NA,28.8,7,NA
"BOOI4","2024-09-08 06:00",48.6319999999999,93.1,0,0,3.704,239.8,-0.000433070866141732,62.5099999999999,64.1839999999999,64.58,NA,28.7,7,NA
"BOOI4","2024-09-08 07:00",48.29,94.4,6181.2,0,4.052,232.6,-0.000354330708661417,62.0419999999999,64.0939999999999,64.5619999999999,NA,28.7,7,NA
"BOOI4","2024-09-08 08:00",51.6739999999999,90.7,299880,0,4.091,229.8,0.000196850393700787,61.79,63.9859999999999,64.5619999999999,NA,28.7,7,NA
"BOOI4","2024-09-08 09:00",56.8939999999999,82.5,768240,0,5.535,233.2,0.00397637795275591,62.0779999999999,63.8779999999999,64.5439999999999,NA,28.7,7,NA
"BOOI4","2024-09-08 10:00",62.6359999999999,68.12,1491840,0,7.272,232.3,0.00996062992125984,62.9419999999999,63.7699999999999,64.5259999999999,NA,28.6,7,NA
"BOOI4","2024-09-08 11:00",66.5779999999999,63.3,2058840,0,8.92,235.8,0.0156299212598425,64.346,63.698,64.5079999999999,NA,28.7,7,NA
"BOOI4","2024-09-08 12:00",69.9619999999999,56.8,2465640,0,8.57,237.5,0.0197244094488189,66.1279999999999,63.5899999999999,64.472,NA,28.7,7,NA
"BOOI4","2024-09-08 13:00",72.7339999999999,49.64,2800080,0,8.48,235.7,0.023503937007874,67.9279999999999,63.4999999999999,64.472,NA,28.6,7,NA
"BOOI4","2024-09-08 14:00",73.6339999999999,47.28,2803320,0,8.41,226.4,0.0250393700787402,69.6739999999999,63.446,64.4359999999999,NA,28.6,7,NA
"BOOI4","2024-09-08 15:00",74.282,46.11,2584440,0,7.215,222.8,0.0236220472440945,70.9699999999999,63.4279999999999,64.4179999999999,NA,28.6,6.9,NA
"BOOI4","2024-09-08 16:00",74.9119999999999,45.7,2264400,0,6.721,229.2,0.0213779527559055,71.798,63.4279999999999,64.364,NA,28.6,7,NA
"BOOI4","2024-09-08 17:00",74.4079999999999,46.94,1726920,0,7.276,243.5,0.0181496062992126,72.0499999999999,63.464,64.346,NA,28.6,7,NA
"BOOI4","2024-09-08 18:00",72.8419999999999,50.69,1119960,0,6.508,218.3,0.0131496062992126,71.798,63.5179999999999,64.3099999999999,NA,28.6,7,NA
"BOOI4","2024-09-08 19:00",68.4859999999999,62.71,459360,0,3.883,204.1,0.00519685039370079,71.1319999999999,63.6079999999999,64.256,NA,28.6,7,NA
"BOOI4","2024-09-08 20:00",61.5199999999999,77.76,49752,0,2.498,199.3,0.000236220472440945,70.088,63.7159999999999,64.238,NA,28.6,7,NA
"BOOI4","2024-09-08 21:00",59.3239999999999,79.12,0,0,2.966,209.9,-7.8740157480315e-05,69.0079999999999,63.8239999999999,64.2199999999999,NA,28.6,7,NA
"BOOI4","2024-09-08 22:00",58.3699999999999,80.3,0,0,3.156,217.9,-7.8740157480315e-05,67.9999999999999,63.896,64.2019999999999,NA,28.6,7,NA
"BOOI4","2024-09-08 23:00",54.6619999999999,86.8,0,0,2.875,227.6,-0.000275590551181102,67.1179999999999,63.9679999999999,64.1839999999999,NA,28.6,7,NA
"BOOI4","2024-09-09 00:00",56.2999999999999,84.3,0,0,3.258,224.6,-0.000275590551181102,66.3079999999999,64.0039999999999,64.1839999999999,NA,28.6,7,NA
"BOOI4","2024-09-09 01:00",55.364,86.1,0,0,3.671,219,-0.000196850393700787,65.6599999999999,64.0399999999999,64.1659999999999,NA,28.6,7,NA
"BOOI4","2024-09-09 02:00",54.014,88.8,0,0,3.65,214.6,-0.000275590551181102,65.0839999999999,64.022,64.13,NA,28.6,7,NA
"BOOI4","2024-09-09 03:00",53.1679999999999,89.4,0,0,3.683,216.3,-0.00031496062992126,64.5439999999999,64.0039999999999,64.148,NA,28.6,7,NA
"BOOI4","2024-09-09 04:00",52.9699999999999,89.3,0,0,3.82,216.7,-0.00031496062992126,64.0579999999999,63.9679999999999,64.148,NA,28.6,7,NA
"BOOI4","2024-09-09 05:00",51.7099999999999,91.2,0,0,3.497,210.2,-0.000393700787401575,63.572,63.9679999999999,64.13,NA,28.6,7,NA
"BOOI4","2024-09-09 06:00",50.5579999999999,92.1,0,0,3.297,205.8,-0.00047244094488189,63.122,63.914,64.13,NA,28.6,7,NA
"BOOI4","2024-09-09 07:00",48.9019999999999,94.8,5504.4,0,2.273,198.1,-0.000669291338582677,62.6539999999999,63.8419999999999,64.1119999999999,NA,28.6,7,NA
"BOOI4","2024-09-09 08:00",52.43,91.2,208800,0,2.171,195,0,62.348,63.7699999999999,64.1119999999999,NA,28.6,7,NA
"BOOI4","2024-09-09 09:00",58.1359999999999,80.8,710640,0,3.922,198.3,0.00374015748031496,62.5999999999999,63.68,64.1119999999999,NA,28.6,7,NA
"BOOI4","2024-09-09 10:00",66.056,60.6,1337040,0,4.368,197.3,0.00909448818897638,63.5899999999999,63.6079999999999,64.0579999999999,NA,28.5,7,NA
"BOOI4","2024-09-09 11:00",72.6079999999999,52.72,1915560,0,6.218,207.5,0.0165748031496063,65.1199999999999,63.5359999999999,64.0759999999999,NA,28.5,7,NA
"BOOI4","2024-09-09 12:00",76.7659999999999,46.99,2401200,0,6.828,198.9,0.022007874015748,66.9739999999999,63.4279999999999,64.0399999999999,NA,28.5,7,NA
"BOOI4","2024-09-09 13:00",78.9619999999999,45.88,2737080,0,8.48,168.8,0.026496062992126,68.972,63.3919999999999,64.0399999999999,NA,28.5,7,NA
"BOOI4","2024-09-09 14:00",78.9259999999999,45.56,2662200,0,10.3,179.5,0.0282283464566929,70.556,63.338,64.022,NA,28.4,6.9,NA
"BOOI4","2024-09-09 15:00",80.2939999999999,45.77,2580480,0,10.06,169.7,0.0274803149606299,71.78,63.338,64.022,NA,28.4,6.9,NA
"BOOI4","2024-09-09 16:00",80.4739999999999,46.5,2235600,0,9.68,169.2,0.0253149606299213,72.6259999999999,63.3919999999999,63.9859999999999,NA,28.4,6.9,NA
"BOOI4","2024-09-09 17:00",80.798,44.3,1730880,0,10.11,163.2,0.0222834645669291,72.896,63.3919999999999,63.9499999999999,NA,28.4,6.9,NA
"BOOI4","2024-09-09 18:00",79.4839999999999,46.53,1105560,0,9.55,161.5,0.0176771653543307,72.698,63.4999999999999,63.9679999999999,NA,28.4,6.9,NA
"BOOI4","2024-09-09 19:00",75.488,55.28,466560,0,6.772,159.9,0.00937007874015748,72.0859999999999,63.6259999999999,63.914,NA,28.4,6.9,NA
"BOOI4","2024-09-09 20:00",68.1259999999999,69.8,36036,0,4.418,147.2,0.00141732283464567,71.1319999999999,63.7159999999999,63.896,NA,28.5,6.9,NA
"BOOI4","2024-09-09 21:00",65.6419999999999,73.86,0,0,4.849,146.4,0.000826771653543307,70.196,63.8779999999999,63.8779999999999,NA,28.5,6.9,NA
"BOOI4","2024-09-09 22:00",62.5999999999999,81.7,0,0,4.501,156.7,0.000275590551181102,69.332,63.9859999999999,63.8599999999999,NA,28.5,6.9,NA
"BOOI4","2024-09-09 23:00",61.9519999999999,81.7,0,0,4.956,159.4,0.00015748031496063,68.5759999999999,64.0759999999999,63.8779999999999,NA,28.5,6.9,NA
"BOOI4","2024-09-10 00:00",61.322,80.3,0,0,4.386,162.5,0.00015748031496063,67.964,64.1659999999999,63.8599999999999,NA,28.6,6.9,NA
"BOOI4","2024-09-10 01:00",61.0339999999999,78.26,0,0,4.838,158.8,0.000275590551181102,67.3699999999999,64.2019999999999,63.8779999999999,NA,28.6,6.9,NA
"BOOI4","2024-09-10 02:00",59.8819999999999,77.03,0,0,5.448,157.9,0.000511811023622047,66.7759999999999,64.238,63.8779999999999,NA,28.6,6.9,NA
"BOOI4","2024-09-10 03:00",57.7579999999999,80.8,0,0,3.234,174.4,-7.8740157480315e-05,66.2179999999999,64.2739999999999,63.8779999999999,NA,28.6,6.9,NA
"BOOI4","2024-09-10 04:00",59.6119999999999,74.67,0,0,3.502,159.5,0.000118110236220472,65.7679999999999,64.256,63.8599999999999,NA,28.6,6.9,NA
"BOOI4","2024-09-10 05:00",59.306,73.9,0,0,4.861,146.7,0.000551181102362205,65.39,64.2739999999999,63.8779999999999,NA,28.6,6.9,NA
"BOOI4","2024-09-10 06:00",57.182,79.87,0,0,5.958,174.4,0.000551181102362205,64.9759999999999,64.256,63.896,NA,28.5,6.9,NA
"BOOI4","2024-09-10 07:00",58.874,73.97,3452.4,0,4.498,202.5,0.000393700787401575,64.706,64.1839999999999,63.896,NA,28.5,6.9,NA
"BOOI4","2024-09-10 08:00",60.1699999999999,71.42,128844,0,6.649,179.8,0.00358267716535433,64.4359999999999,64.148,63.896,NA,28.5,6.9,NA
"BOOI4","2024-09-10 09:00",68.8279999999999,54.03,1051560,0,8.68,181,0.0102755905511811,64.706,64.0939999999999,63.896,NA,28.5,6.9,NA
"BOOI4","2024-09-10 10:00",71.3659999999999,52.83,1460880,0,8.64,206.5,0.0155118110236221,65.822,64.0939999999999,63.914,NA,28.5,6.9,NA
"BOOI4","2024-09-10 11:00",73.5079999999999,48.95,1712520,0,8.19,198.9,0.0183464566929134,67.2259999999999,64.0039999999999,63.932,NA,28.4,6.9,NA
"BOOI4","2024-09-10 12:00",78.998,44.17,2187360,0,10.27,188.2,0.024488188976378,68.7739999999999,63.9679999999999,63.914,NA,28.4,6.9,NA
"BOOI4","2024-09-10 13:00",77.09,47.98,1330200,0,10.08,175.8,0.0205118110236221,69.872,63.932,63.896,NA,28.4,6.9,NA
"BOOI4","2024-09-10 14:00",77.5759999999999,48.56,902520,0,8.96,175.7,0.0166141732283465,70.1419999999999,63.896,63.896,NA,28.4,6.9,NA
"BOOI4","2024-09-10 15:00",79.9159999999999,44.71,2148120,0,10.72,170.6,0.0261811023622047,71.0779999999999,63.914,63.914,NA,28.4,6.8,NA
"BOOI4","2024-09-10 16:00",77.7739999999999,46.61,716400,0,9.73,171.9,0.0170472440944882,71.438,63.9499999999999,63.914,NA,28.4,6.8,NA
"BOOI4","2024-09-10 17:00",77.8099999999999,43.68,490680,0,9.32,174.3,0.015,71.1859999999999,63.9859999999999,63.896,NA,28.4,6.8,NA
"BOOI4","2024-09-10 18:00",76.8199999999999,47.3,427320,0,7.694,166.7,0.012755905511811,70.88,64.0579999999999,63.8779999999999,NA,28.4,6.8,NA
"BOOI4","2024-09-10 19:00",75.038,51.92,337680,0,5.289,165.2,0.00724409448818898,70.664,64.148,63.896,NA,28.4,6.8,NA
"BOOI4","2024-09-10 20:00",69.98,57.58,56304,0,3.8,143.8,0.00279527559055118,69.998,64.1839999999999,63.8599999999999,NA,28.4,6.8,NA
"BOOI4","2024-09-10 21:00",67.3699999999999,63.93,0,0,3.359,138.1,0.00208661417322835,69.206,64.2739999999999,63.8779999999999,NA,28.4,6.8,NA
"BOOI4","2024-09-10 22:00",63.8599999999999,70.29,0,0,4.217,160.6,0.00177165354330709,68.4679999999999,64.3279999999999,63.896,NA,28.4,6.8,NA
"BOOI4","2024-09-10 23:00",62.5099999999999,74.56,0,0,4.425,161,0.00149606299212598,67.7659999999999,64.3999999999999,63.8779999999999,NA,28.4,6.8,NA
"BOOI4","2024-09-11 00:00",62.7079999999999,74.43,0,0,2.559,166.5,0.000984251968503937,67.2259999999999,64.4539999999999,63.8599999999999,NA,28.4,6.8,NA
"BOOI4","2024-09-11 01:00",61.2679999999999,77.94,0,0,3.212,160.9,0.00106299212598425,66.722,64.472,63.896,NA,28.4,6.8,NA
"BOOI4","2024-09-11 02:00",58.388,84.6,0,0,3.036,177.3,0.000748031496062992,66.164,64.472,63.896,NA,28.4,6.8,NA
"BOOI4","2024-09-11 03:00",58.4779999999999,83.4,0,0,2.628,177.9,0.00062992125984252,65.6419999999999,64.4359999999999,63.896,NA,28.4,6.8,NA
"BOOI4","2024-09-11 04:00",58.1359999999999,82.9,0,0,2.55,175.1,0.000590551181102362,65.156,64.4359999999999,63.896,NA,28.4,6.9,NA
"BOOI4","2024-09-11 05:00",57.614,84.3,0,0,2.343,183.5,0.000551181102362205,64.796,64.4179999999999,63.932,NA,28.4,6.9,NA
"BOOI4","2024-09-11 06:00",56.4439999999999,85,0,0,2.74,181.8,0.000590551181102362,64.4179999999999,64.3819999999999,63.914,NA,28.4,6.9,NA
"BOOI4","2024-09-11 07:00",55.3279999999999,86.3,4255.2,0,3.411,178.5,0.000551181102362205,63.9859999999999,64.364,63.932,NA,28.4,6.9,NA
"BOOI4","2024-09-11 08:00",58.4779999999999,83.5,238500,0,3.046,188.3,0.000196850393700787,63.698,64.2739999999999,63.914,NA,28.4,6.9,NA
"BOOI4","2024-09-11 09:00",65.7679999999999,70.89,811440,0,3.185,199.2,0.00484251968503937,64.1119999999999,64.256,63.9499999999999,NA,28.4,6.9,NA
"BOOI4","2024-09-11 10:00",73.598,56.11,1453680,0,5.036,185.3,0.0118897637795276,65.1739999999999,64.1659999999999,63.932,NA,28.4,6.9,NA
"BOOI4","2024-09-11 11:00",78.1519999999999,45.91,2026440,0,5.949,185.3,0.0191338582677165,66.848,64.0939999999999,63.914,NA,28.4,6.9,NA
"BOOI4","2024-09-11 12:00",80.9779999999999,42.23,2436480,0,6.679,195.2,0.0243307086614173,68.756,64.0399999999999,63.9499999999999,NA,28.4,6.8,NA
"BOOI4","2024-09-11 13:00",83.624,39.33,2691360,0,7.294,190.6,0.0279527559055118,70.646,63.9859999999999,63.932,NA,28.3,6.8,NA
"BOOI4","2024-09-11 14:00",84.5239999999999,33.67,2730240,0,7.356,186.9,0.029488188976378,72.2839999999999,63.9499999999999,63.932,NA,28.3,6.8,NA
"BOOI4","2024-09-11 15:00",84.488,36.02,2547000,0,7.868,186.2,0.0291338582677165,73.49,63.9499999999999,63.896,NA,28.3,6.8,NA
"BOOI4","2024-09-11 16:00",83.498,34.94,2164320,0,8.52,164.4,0.0268897637795276,74.1199999999999,64.0039999999999,63.932,NA,28.3,6.8,NA
"BOOI4","2024-09-11 17:00",83.606,36.53,1632600,0,7.98,164.6,0.0224015748031496,74.246,64.0939999999999,63.914,NA,28.3,6.8,NA
"BOOI4","2024-09-11 18:00",82.022,37.58,1017720,0,7.06,171.4,0.0166929133858268,73.8859999999999,64.2199999999999,63.8779999999999,NA,28.4,6.8,NA
"BOOI4","2024-09-11 19:00",76.7119999999999,49.42,418320,0,3.799,172,0.00625984251968504,73.2019999999999,64.3279999999999,63.8779999999999,NA,28.4,6.8,NA
"BOOI4","2024-09-11 20:00",72.3199999999999,57.91,37044,0,1.834,176.3,0.00047244094488189,72.14,64.472,63.8599999999999,NA,28.4,6.8,NA
"BOOI4","2024-09-11 21:00",70.43,60.86,0,0,2.995,141.6,0.00094488188976378,71.1319999999999,64.598,63.8779999999999,NA,28.4,6.8,NA
"BOOI4","2024-09-11 22:00",68.1439999999999,70.04,0,0,3.74,134.8,0.000866141732283465,70.2499999999999,64.7599999999999,63.896,NA,28.4,6.8,NA
"BOOI4","2024-09-11 23:00",65.3539999999999,79.44,0,0,2.891,138.7,7.8740157480315e-05,69.548,64.8499999999999,63.8779999999999,NA,28.4,6.8,NA
"BOOI4","2024-09-12 00:00",64.7599999999999,81.8,0,0,2.796,141.7,-0.00015748031496063,68.8999999999999,64.922,63.896,NA,28.4,6.8,NA
"BOOI4","2024-09-12 01:00",62.582,86,0,0,2.854,119.5,-0.000236220472440945,68.306,64.9759999999999,63.896,NA,28.5,6.8,NA
"BOOI4","2024-09-12 02:00",62.7439999999999,85.6,0,0,3.082,105.4,-0.00031496062992126,67.7659999999999,65.0119999999999,63.914,NA,28.5,6.8,NA
"BOOI4","2024-09-12 03:00",62.114,86.8,0,0,4.407,118.3,-3.93700787401575e-05,67.28,65.03,63.914,NA,28.5,6.8,NA
"BOOI4","2024-09-12 04:00",61.1779999999999,89.5,0,0,3.252,134.2,-0.000354330708661417,66.8659999999999,65.03,63.932,NA,28.5,6.8,NA
"BOOI4","2024-09-12 05:00",60.296,92,0,0,3.87,151.3,-0.000354330708661417,66.488,65.0119999999999,63.9499999999999,NA,28.4,6.8,NA
"BOOI4","2024-09-12 06:00",60.5839999999999,92.3,0,0,2.898,138.4,-0.000590551181102362,66.146,64.9759999999999,63.9679999999999,NA,28.4,6.8,NA
"BOOI4","2024-09-12 07:00",58.8199999999999,95.9,3340.8,0,2.981,108.9,-0.000590551181102362,65.8039999999999,64.9579999999999,64.0039999999999,NA,28.4,6.8,NA
"BOOI4","2024-09-12 08:00",60.764,94.8,184896,0,3.509,109.1,0,65.5699999999999,64.922,64.0039999999999,NA,28.4,6.8,NA
"BOOI4","2024-09-12 09:00",66.488,84.3,738360,0,3.465,110.9,0.00397637795275591,65.8039999999999,64.8859999999999,64.0399999999999,NA,28.4,6.8,NA
"BOOI4","2024-09-12 10:00",71.4919999999999,73.97,1294560,0,4.746,134.1,0.0094488188976378,66.722,64.8499999999999,64.0399999999999,NA,28.4,6.8,NA
"BOOI4","2024-09-12 11:00",74.84,62.74,1618200,0,6.227,144,0.0143307086614173,67.982,64.7599999999999,64.0399999999999,NA,28.4,6.8,NA
"BOOI4","2024-09-12 12:00",78.872,57.19,1946880,0,6.446,136.5,0.0179527559055118,69.2419999999999,64.7419999999999,64.0579999999999,NA,28.4,6.8,NA
"BOOI4","2024-09-12 13:00",81.0499999999999,49.85,2130480,0,7.708,135.4,0.0224409448818898,70.664,64.7239999999999,64.0579999999999,NA,28.4,6.8,NA
"BOOI4","2024-09-12 14:00",82.0039999999999,43.86,2026800,0,9.99,130.6,0.025,71.6539999999999,64.688,64.0579999999999,NA,28.4,6.8,NA
"BOOI4","2024-09-12 15:00",83.1199999999999,43.6,2270160,0,11.24,129.9,0.0289370078740157,72.5539999999999,64.6699999999999,64.0759999999999,NA,28.4,6.8,NA
"BOOI4","2024-09-12 16:00",83.606,41.69,1829520,0,10.63,135.3,0.0258267716535433,73.148,64.7239999999999,64.0759999999999,NA,28.4,6.8,NA
"BOOI4","2024-09-12 17:00",82.0759999999999,40.88,1231200,0,10.95,138.1,0.0224409448818898,73.346,64.814,64.0759999999999,NA,28.4,6.8,NA
"BOOI4","2024-09-12 18:00",82.5619999999999,42.81,869760,0,7.31,133.8,0.0150787401574803,73.256,64.9039999999999,64.0759999999999,NA,28.4,6.8,NA
"BOOI4","2024-09-12 19:00",75.6499999999999,54.69,275688,0,5.303,115.2,0.00795275590551181,72.7519999999999,64.9939999999999,64.0939999999999,NA,28.4,6.8,NA
"BOOI4","2024-09-12 20:00",70.34,64.76,32796,0,3.447,94,0.00165354330708661,71.9419999999999,65.1199999999999,64.0579999999999,NA,28.4,6.8,NA
"BOOI4","2024-09-12 21:00",67.8019999999999,71.54,0,0,4.612,92.2,0.00141732283464567,71.0779999999999,65.2099999999999,64.0939999999999,NA,28.4,6.8,NA
"BOOI4","2024-09-12 22:00",65.138,77.68,0,0,4.979,92,0.00106299212598425,70.3039999999999,65.3359999999999,64.1119999999999,NA,28.5,6.8,NA
"BOOI4","2024-09-12 23:00",65.4259999999999,76.44,0,0,3.73,82.5,0.00047244094488189,69.5839999999999,65.4439999999999,64.0939999999999,NA,28.5,6.8,NA
"BOOI4","2024-09-13 00:00",63.446,79.51,0,0,5.112,93.2,0.00078740157480315,68.9359999999999,65.5159999999999,64.1119999999999,NA,28.5,6.8,NA
"BOOI4","2024-09-13 01:00",61.9159999999999,84,0,0,3.146,78.53,0.00015748031496063,68.414,65.5699999999999,64.13,NA,28.5,6.8,NA
"BOOI4","2024-09-13 02:00",62.348,82.7,0,0,1.6,61.51,-0.000275590551181102,67.9099999999999,65.588,64.148,NA,28.5,6.8,NA
"BOOI4","2024-09-13 03:00",60.6019999999999,86.8,0,0,2.745,57.71,-3.93700787401575e-05,67.4599999999999,65.588,64.1659999999999,NA,28.5,6.8,NA
"BOOI4","2024-09-13 04:00",61.0159999999999,85.5,0,0,1.756,48.92,-0.00031496062992126,67.0099999999999,65.5699999999999,64.2019999999999,NA,28.5,6.8,NA
"BOOI4","2024-09-13 05:00",59.99,88.4,0,0,2.306,25.86,-0.00015748031496063,66.6319999999999,65.5519999999999,64.2019999999999,NA,28.5,6.8,NA
"BOOI4","2024-09-13 06:00",59.1619999999999,89.5,0,0,3.242,13.49,-7.8740157480315e-05,66.2899999999999,65.5159999999999,64.2199999999999,NA,28.5,6.8,NA
"BOOI4","2024-09-13 07:00",58.2619999999999,92,1310.4,0,3.943,18.84,-3.93700787401575e-05,65.9659999999999,65.4619999999999,64.256,NA,28.5,6.8,NA
"BOOI4","2024-09-13 08:00",59.3239999999999,91.2,124632,0,4.392,32.97,0.000708661417322835,65.714,65.39,64.238,NA,28.4,6.8,NA
"BOOI4","2024-09-13 09:00",65.1739999999999,82.7,678600,0,4.579,45.3,0.00385826771653543,65.7679999999999,65.3359999999999,64.256,NA,28.4,6.8,NA
"BOOI4","2024-09-13 10:00",70.5919999999999,70.57,1361880,0,6.691,83.5,0.0103543307086614,66.614,65.3179999999999,64.2919999999999,NA,28.4,6.8,NA
"BOOI4","2024-09-13 11:00",75.5239999999999,63.93,1940040,0,6.352,89.5,0.0158267716535433,67.874,65.246,64.2919999999999,NA,28.4,6.8,NA
"BOOI4","2024-09-13 12:00",77.396,59.92,2716560,0,11.22,109.6,0.0237795275590551,69.4939999999999,65.1739999999999,64.2919999999999,NA,28.4,6.8,NA
"BOOI4","2024-09-13 13:00",79.8079999999999,50.71,2739600,0,11.74,110.2,0.0271259842519685,71.006,65.138,64.3279999999999,NA,28.3,6.8,NA
"BOOI4","2024-09-13 14:00",79.106,53.29,2473200,0,12.97,115.9,0.0269291338582677,72.0499999999999,65.138,64.3279999999999,NA,28.3,6.8,NA
"BOOI4","2024-09-13 15:00",76.2619999999999,57.41,1754640,0,11.37,119.1,0.0211417322834646,72.806,65.138,64.3099999999999,NA,28.3,6.8,NA
"BOOI4","2024-09-13 16:00",76.5859999999999,55.56,964800,0,9.65,116.6,0.0148031496062992,72.8419999999999,65.2099999999999,64.3099999999999,NA,28.3,6.8,NA
"BOOI4","2024-09-13 17:00",75.7579999999999,59.81,935640,0,9.32,109.4,0.0141732283464567,72.7159999999999,65.282,64.3099999999999,NA,28.3,6.8,NA
"BOOI4","2024-09-13 18:00",75.6319999999999,62.79,736200,0,5.945,112.7,0.00933070866141732,72.6619999999999,65.372,64.3099999999999,NA,28.4,6.8,NA
"BOOI4","2024-09-13 19:00",73.5079999999999,67.26,284220,0,5.231,105.1,0.00511811023622047,72.4279999999999,65.498,64.3279999999999,NA,28.4,6.8,NA
"BOOI4","2024-09-13 20:00",70.646,75.79,41148,0,3.494,104.2,0.00133858267716536,71.9599999999999,65.606,64.3099999999999,NA,28.4,6.8,NA
"BOOI4","2024-09-13 21:00",69.8359999999999,77.8,0,0,2.481,81.8,0.000551181102362205,71.4919999999999,65.6779999999999,64.3099999999999,NA,28.5,6.8,NA
"BOOI4","2024-09-13 22:00",69.782,78.46,0,0,0.203,44.97,-0.000511811023622047,71.096,65.8039999999999,64.346,NA,28.5,6.8,NA
"BOOI4","2024-09-13 23:00",68.9539999999999,83.2,0,0,0.934,57.81,-0.00015748031496063,70.7899999999999,65.8939999999999,64.346,NA,28.5,6.8,NA
"BOOI4","2024-09-14 00:00",69.4939999999999,84.6,0,0,3.702,104.4,0.000511811023622047,70.538,65.93,64.346,NA,28.5,6.8,NA
"BOOI4","2024-09-14 01:00",68.3599999999999,89.3,0,0,3.714,136,0.000354330708661417,70.2859999999999,65.9659999999999,64.3819999999999,NA,28.5,6.8,NA
"BOOI4","2024-09-14 02:00",67.64,92,0,0,2.68,110.1,3.93700787401575e-05,70.0699999999999,66.0199999999999,64.3819999999999,NA,28.5,6.8,NA
"BOOI4","2024-09-14 03:00",67.2619999999999,94.5,0,0,3.175,111,0,69.89,66.038,64.4179999999999,NA,28.4,6.8,NA
"BOOI4","2024-09-14 04:00",66.8659999999999,96.2,0,0,2.636,112,-0.000196850393700787,69.7099999999999,66.0739999999999,64.4179999999999,NA,28.4,6.8,NA
"BOOI4","2024-09-14 05:00",66.5779999999999,96.9,0,0,2.345,101.2,-0.000236220472440945,69.548,66.038,64.4539999999999,NA,28.4,6.8,NA
"BOOI4","2024-09-14 06:00",66.5599999999999,97,0,0,3.207,102.6,-0.000196850393700787,69.3679999999999,66.0739999999999,64.4539999999999,NA,28.4,6.8,NA
"BOOI4","2024-09-14 07:00",66.488,97.4,460.8,0,3.475,116.4,-0.000196850393700787,69.2419999999999,66.056,64.472,NA,28.4,6.8,NA
"BOOI4","2024-09-14 08:00",66.9919999999999,97.2,60408,0,3.66,120.7,0.000551181102362205,69.1339999999999,66.0739999999999,64.5079999999999,NA,28.4,6.8,NA
"BOOI4","2024-09-14 09:00",68.756,95.5,291600,0,4.338,132.2,0.00204724409448819,69.188,66.056,64.5079999999999,NA,28.4,6.8,NA
"BOOI4","2024-09-14 10:00",70.088,92.4,543960,0,4.881,148.2,0.00401574803149606,69.548,66.0199999999999,64.5259999999999,NA,28.4,6.9,NA
"BOOI4","2024-09-14 11:00",71.0419999999999,91,505800,0,3.676,156.4,0.00413385826771654,69.9619999999999,66.038,64.5439999999999,NA,28.4,6.9,NA
"BOOI4","2024-09-14 12:00",71.9239999999999,88.4,694080,0,3.989,132.9,0.00590551181102362,70.556,66.038,64.5439999999999,NA,28.4,6.9,NA
"BOOI4","2024-09-14 13:00",74.8039999999999,85.1,1113840,0,5.544,108.6,0.00862204724409449,70.9519999999999,66.0019999999999,64.5619999999999,NA,28.5,6.9,NA
"BOOI4","2024-09-14 14:00",77.522,74.79,1932480,0,5.203,149.7,0.0155118110236221,72.248,66.038,64.598,NA,28.5,6.9,NA
"BOOI4","2024-09-14 15:00",79.6279999999999,70.18,1699920,0,5.919,181.1,0.0157086614173228,73.4359999999999,66.056,64.58,NA,28.5,6.8,NA
"BOOI4","2024-09-14 16:00",78.89,70.92,1073520,0,5.213,155.2,0.0111417322834646,74.138,66.056,64.598,NA,28.5,6.8,NA
"BOOI4","2024-09-14 17:00",78.998,70.91,820800,0,4.858,164,0.00933070866141732,74.4079999999999,66.1279999999999,64.6339999999999,NA,28.5,6.8,NA
"BOOI4","2024-09-14 18:00",78.53,70.75,673200,0,5.33,162.6,0.00818897637795276,74.3179999999999,66.1999999999999,64.6519999999999,NA,28.4,6.8,NA
"BOOI4","2024-09-14 19:00",77.414,72.43,378360,0,4.351,152,0.00405511811023622,73.94,66.2899999999999,64.6339999999999,NA,28.4,6.8,NA
"BOOI4","2024-09-14 20:00",72.374,84,26431.2,0,1.59,146.1,0.00047244094488189,73.1839999999999,66.38,64.6519999999999,NA,28.5,6.8,NA
"BOOI4","2024-09-14 21:00",72.0499999999999,85.9,0,0,1.199,159.8,-3.93700787401575e-05,72.3919999999999,66.506,64.6519999999999,NA,28.5,6.8,NA
"BOOI4","2024-09-14 22:00",70.088,90.9,0,0,2.933,152.1,0.000236220472440945,71.7619999999999,66.596,64.6699999999999,NA,28.5,6.8,NA
"BOOI4","2024-09-14 23:00",69.1519999999999,91.6,0,0,2.866,143.6,0.000118110236220472,71.2579999999999,66.6499999999999,64.688,NA,28.5,6.9,NA
"BOOI4","2024-09-15 00:00",68.8819999999999,93.1,0,0,3.494,123.2,0.00015748031496063,70.8079999999999,66.722,64.706,NA,28.5,6.9,NA
"BOOI4","2024-09-15 01:00",66.056,95.7,0,0,3.109,147,0,70.4659999999999,66.7579999999999,64.7419999999999,NA,28.5,6.9,NA
"BOOI4","2024-09-15 02:00",66.506,97.2,0,0,2.762,159.7,-0.00015748031496063,70.0159999999999,66.8119999999999,64.7599999999999,NA,28.5,6.9,NA
"BOOI4","2024-09-15 03:00",65.3539999999999,98.5,0,0,0.737,154.6,-0.000393700787401575,69.6199999999999,66.7939999999999,64.7779999999999,NA,28.5,6.9,NA
"BOOI4","2024-09-15 04:00",64.7599999999999,99.1,0,0,0,0,-0.00047244094488189,69.2239999999999,66.7939999999999,64.796,NA,28.5,6.9,NA
"BOOI4","2024-09-15 05:00",62.9779999999999,99.9,0,0,0,0,-0.00047244094488189,68.846,66.7939999999999,64.832,NA,28.5,6.9,NA
"BOOI4","2024-09-15 06:00",64.3279999999999,100,0,0,0.002,79.39,-0.00047244094488189,68.63,66.7579999999999,64.8499999999999,NA,28.5,6.9,NA
"BOOI4","2024-09-15 07:00",65.372,100,1908,0,0.879,114,-0.000393700787401575,68.3239999999999,66.74,64.8859999999999,NA,28.5,6.9,NA
"BOOI4","2024-09-15 08:00",66.7939999999999,100,220680,0,3.157,138,-0.000433070866141732,68.18,66.7039999999999,64.922,NA,28.5,6.9,NA
"BOOI4","2024-09-15 09:00",71.8699999999999,93.1,834840,0,4.851,159.1,0.00401574803149606,68.5579999999999,66.6859999999999,64.922,NA,28.5,6.9,NA
"BOOI4","2024-09-15 10:00",77.8819999999999,77.34,1427400,0,4.573,197.6,0.0102362204724409,69.6019999999999,66.6319999999999,64.922,NA,28.5,6.9,NA
"BOOI4","2024-09-15 11:00",81.1759999999999,69.56,1971360,0,6.062,189.1,0.0166929133858268,71.0779999999999,66.5599999999999,64.94,NA,28.5,6.9,NA
"BOOI4","2024-09-15 12:00",82.0939999999999,65.18,2405880,0,7.424,183.6,0.0220866141732283,72.6259999999999,66.5239999999999,64.9579999999999,NA,28.4,6.9,NA
"BOOI4","2024-09-15 13:00",84.4519999999999,59.02,2600280,0,6.274,192.4,0.0240551181102362,74.246,66.5419999999999,64.9759999999999,NA,28.4,6.9,NA
"BOOI4","2024-09-15 14:00",86.396,52.37,2481120,0,6.526,181.4,0.0243700787401575,75.7039999999999,66.506,64.9759999999999,NA,28.4,6.9,NA
"BOOI4","2024-09-15 15:00",85.6039999999999,55.15,2030760,0,6.726,173.6,0.0222047244094488,76.7119999999999,66.5779999999999,64.9759999999999,NA,28.4,6.9,NA
"BOOI4","2024-09-15 16:00",85.4599999999999,55.73,1949760,0,7.99,171.5,0.0216141732283465,77.2339999999999,66.6499999999999,65.0119999999999,NA,28.5,6.9,NA
"BOOI4","2024-09-15 17:00",87.422,52.08,1681920,0,6.422,171.7,0.0188976377952756,77.5939999999999,66.7759999999999,64.9939999999999,NA,28.5,6.9,NA
"BOOI4","2024-09-15 18:00",86.288,54.99,1063800,0,5.918,152.1,0.012992125984252,77.4679999999999,66.9199999999999,65.03,NA,28.5,6.9,NA
"BOOI4","2024-09-15 19:00",81.7519999999999,60.86,422280,0,6.264,152.6,0.00811023622047244,76.946,67.082,65.03,NA,28.5,6.9,NA
"BOOI4","2024-09-15 20:00",77.396,69.34,32508,0,2.775,139.7,0.00078740157480315,76.1539999999999,67.2619999999999,65.03,NA,28.6,6.9,NA
"BOOI4","2024-09-15 21:00",75.7939999999999,74.55,0,0,4.038,131.2,0.000866141732283465,75.2899999999999,67.4779999999999,65.048,NA,28.5,6.9,NA
"BOOI4","2024-09-15 22:00",74.3179999999999,77.62,0,0,4.749,124.1,0.000708661417322835,74.5519999999999,67.6039999999999,65.0659999999999,NA,28.6,6.9,NA
"BOOI4","2024-09-15 23:00",72.14,82.2,0,0,2.94,139.5,-0.000118110236220472,73.8859999999999,67.7659999999999,65.1019999999999,NA,28.6,6.9,NA
